sample_id,scenario,source_index,target_index,distance_T0,point_to_plane_residual,normal_dot_abs,fpfh_distance,log_normalized_density_ratio,is_mutual_nn,label_distance,target_weight
box_sphere_added_outliers_medium_3,added_outliers,3,1031,0.10760561388191185,0.10390185267622824,0.9950751097678575,55.60780996347174,0.2758937851784005,0,0.0789653782251962,1
box_sphere_added_outliers_medium_3,added_outliers,6,2249,0.20554882537703414,0.20515658234647904,0.8233683572250919,251.84653845732373,-2.123886260803951,0,0.23592706229454766,0
box_sphere_added_outliers_medium_3,added_outliers,10,2336,0.157612005701745,0.1562502524570659,0.9992368521301844,136.26953705801535,-2.4848956498595,0,0.18812198269255176,0
box_sphere_added_outliers_medium_3,added_outliers,21,1265,0.44499220431359565,0.3612803044288639,0.8289429172172604,251.2445991042487,-3.0827207508310113,0,0.4202356660261849,0
box_sphere_added_outliers_medium_3,added_outliers,26,1939,0.4068904843150139,0.4052156147407248,0.056646589984945955,215.09076963430786,-2.166445835367712,0,0.3760003089500429,0
box_sphere_added_outliers_medium_3,added_outliers,49,3160,0.1984072826532436,0.1959017248341727,0.036947514315050056,141.90629651690816,-2.38958557005507,0,0.24521208316983797,0
box_sphere_added_outliers_medium_3,added_outliers,61,3198,0.08594251045308673,0.08455594972216401,0.6315947915222418,225.6027694193854,-1.0252793054407305,0,0.1548350916785065,0
box_sphere_added_outliers_medium_3,added_outliers,65,1924,0.1513296022818657,0.15131424746611136,0.036947514315048384,161.93479082318106,-3.0314275143381324,0,0.19984433890885742,0
box_sphere_added_outliers_medium_3,added_outliers,68,654,0.47608782302471203,0.47503344362928235,0.03694751431504728,222.31738520881757,-2.9773603573952654,0,0.5078470234149641,0
box_sphere_added_outliers_medium_3,added_outliers,82,2279,0.38057544179977,0.34197445398244203,0.47825619266309854,185.26895388488356,-3.0827207508310113,0,0.41592270041847784,0
box_sphere_added_outliers_medium_3,added_outliers,96,1606,0.28474788852922794,0.2809009731525409,0.012672589747205799,236.28775200269592,-3.0827207508310113,0,0.2073944670124967,0
box_sphere_added_outliers_medium_3,added_outliers,107,2119,0.1878131319559695,0.15973355935464112,0.8587679250764528,91.14934611178182,-2.726057492390865,0,0.2277781318035905,0
box_sphere_added_outliers_medium_3,added_outliers,120,1916,0.16960708830275592,0.13284049551979757,0.7098713171926563,109.58142795557671,-1.1368311729221514,0,0.12368549477441057,0
box_sphere_added_outliers_medium_3,added_outliers,132,2653,0.2567732485613301,0.25230693458535636,0.26381284712519,118.36801602707317,-1.932831225414027,0,0.2847675274013548,0
box_sphere_added_outliers_medium_3,added_outliers,150,1619,0.49697927919104434,0.49434851479141784,0.589969976097903,244.71635308900068,-2.726057492390865,0,0.4585354211853881,0
box_sphere_added_outliers_medium_3,added_outliers,151,1172,0.4099651056787149,0.3428312522907201,0.709189997668071,154.746102384121,-2.4383756818436058,0,0.5217785694416562,0
box_sphere_added_outliers_medium_3,added_outliers,171,2389,0.11951737745235766,0.09560066447664242,0.4219363938522886,95.25198099817163,-1.3679416446846895,0,0.12223636579479692,0
box_sphere_added_outliers_medium_3,added_outliers,173,1541,0.29624989215972813,0.2031429435527016,0.022766685759272383,139.08249063102795,-3.265042124291817,0,0.2511023144197865,0
box_sphere_added_outliers_medium_3,added_outliers,185,2222,0.37826342541319563,0.3762443548486073,0.9992368521301835,245.8330730288654,-3.0314275143381324,0,0.4236522773327516,0
box_sphere_added_outliers_medium_3,added_outliers,192,1067,0.19454119461503863,0.1854035740944723,0.21078980476912107,136.55352378707056,-1.3191525463829574,0,0.13410492243242056,0
box_sphere_added_outliers_medium_3,added_outliers,203,180,0.2321817321737617,0.22793747668511133,0.9992368521301832,145.07551094527258,-3.178030830635441,0,0.2175612424857262,0
box_sphere_added_outliers_medium_3,added_outliers,204,3101,0.11761463181896172,0.1149202445387987,0.9845618911109806,108.01522401257469,-0.26136450127753047,0,0.13835147178853976,0
box_sphere_added_outliers_medium_3,added_outliers,206,1123,0.22634207564225067,0.2261080623386898,0.9992368521301835,226.61821857360718,-2.571906943515876,0,0.2519285001718054,0
box_sphere_added_outliers_medium_3,added_outliers,207,672,0.4561350009472032,0.4381574829196335,0.7637988555635884,250.44580584118316,-2.123886260803951,0,0.5491054189948613,0
box_sphere_added_outliers_medium_3,added_outliers,209,344,0.1534826966783,0.15218699791993076,0.6949920706485986,172.42902452908945,-0.9624786310126562,0,0.17528984500815603,0
box_sphere_added_outliers_medium_3,added_outliers,214,2196,0.47886727222281955,0.47793311326449034,0.16064400017216687,277.0514308317047,-2.123886260803951,0,0.5137836940925313,0
box_sphere_added_outliers_medium_3,added_outliers,218,340,0.07139335934953008,0.06169887515567898,0.9928407670722212,69.86267649477008,-0.18709462000801433,0,0.07508688481362887,1
box_sphere_added_outliers_medium_3,added_outliers,224,2512,0.4552802739996261,0.4295351301565789,0.7703536249792995,140.26420978510663,-2.6127289013694974,0,0.4583653637012386,0
box_sphere_added_outliers_medium_3,added_outliers,226,2919,0.3850707303114206,0.2872240353201007,0.7587712204863117,127.12904856843511,-2.38958557005507,0,0.36166770590217245,0
box_sphere_added_outliers_medium_3,added_outliers,233,2816,0.125990734841261,0.06506059274022155,0.8467927741965804,149.2330837058372,-1.9841244619069058,0,0.2496328578750367,0
box_sphere_added_outliers_medium_3,added_outliers,234,261,0.17725811195410338,0.17363237846974178,0.11021501701454327,239.54849687777855,-1.932831225414027,0,0.2496899351816811,0
box_sphere_added_outliers_medium_3,added_outliers,245,2332,0.2654298891222892,0.2638955864274734,0.9992368521301831,388.2141628424844,-3.131510862619547,0,0.32814100950865416,0
box_sphere_added_outliers_medium_3,added_outliers,259,2433,0.4357026758622347,0.4309668082193404,0.03694751431503852,155.40067808986458,-2.0329110975442792,0,0.40613949121749693,0
box_sphere_added_outliers_medium_3,added_outliers,261,3022,0.3845228775189702,0.3774930122901422,0.020216008367975997,240.61267933025954,-3.131510862619547,0,0.3219086467199125,0
box_sphere_added_outliers_medium_3,added_outliers,262,411,0.349756801510077,0.3488338372947705,0.23909488947439725,132.94955326967315,-2.24648847252849,0,0.33702429654856936,0
box_sphere_added_outliers_medium_3,added_outliers,271,648,0.13342499297843402,0.13319233058963068,0.03694751431505361,237.9152848920246,-3.0314275143381324,0,0.21935181185919583,0
box_sphere_added_outliers_medium_3,added_outliers,287,1972,0.43697891229303115,0.42598797020033435,0.16055559132366332,133.08955877860592,-2.6127289013694974,0,0.4570376217101885,0
box_sphere_added_outliers_medium_3,added_outliers,289,1175,0.23601209891359384,0.23387316471949515,0.9992368521301834,170.1399138786314,-3.178030830635441,0,0.21566797084994313,0
box_sphere_added_outliers_medium_3,added_outliers,304,2032,0.29007823464774246,0.1945996269914533,0.44764736615971495,246.49147300215068,-3.0314275143381324,0,0.3429949452708947,0
box_sphere_added_outliers_medium_3,added_outliers,343,1205,0.1198316748706753,0.11657521963515194,0.2457227977039847,78.31696199043783,-1.430743080220006,0,0.1482432152061818,0
box_sphere_added_outliers_medium_3,added_outliers,344,1090,0.14790752891603434,0.11936443938574687,0.12300857364771052,103.45198232212006,-3.382825058096437,0,0.22102050656319036,0
box_sphere_added_outliers_medium_3,added_outliers,351,3102,0.116380016398075,0.11313525582615083,0.17758404926326138,207.76958568748924,-1.2909812813229609,0,0.13236713827724314,0
box_sphere_added_outliers_medium_3,added_outliers,370,939,0.4349898141476547,0.4238701023157346,0.47954005049617965,243.43780621766135,-2.4848956498595,0,0.44739199263473534,0
box_sphere_added_outliers_medium_3,added_outliers,377,740,0.25715832556856,0.24779244075021747,0.5796212523103896,132.31871187250417,-3.345084761452595,0,0.31448698706189837,0
box_sphere_added_outliers_medium_3,added_outliers,393,502,0.40997423689288204,0.40916625973750465,0.01267258974721941,176.4042298731603,-2.2842251766193242,0,0.5142003900515181,0
box_sphere_added_outliers_medium_3,added_outliers,402,25,0.35459254931304734,0.34973859621403897,0.24281721493666153,174.54306144268526,-2.9773603573952654,0,0.3122220684432219,0
box_sphere_added_outliers_medium_3,added_outliers,406,1000,0.42394360969661277,0.29791247324255615,0.25422883729957585,113.31308895279217,-1.8787657629019312,0,0.5015074094706731,0
box_sphere_added_outliers_medium_3,added_outliers,415,1372,0.17734127078863235,0.1656554276137689,0.15395598391502446,103.07201454915143,-1.9841244619069058,0,0.1823694143086733,0
box_sphere_added_outliers_medium_3,added_outliers,423,225,0.3362010822983195,0.3273192234583445,0.6838561719715965,164.9150871742111,-2.9202020154506507,0,0.37323275105251513,0
box_sphere_added_outliers_medium_3,added_outliers,434,2861,0.3117218391701088,0.31109622891889427,0.0369475143150502,261.68844216559836,-2.9202020154506507,0,0.2941410651032758,0
box_sphere_added_outliers_medium_3,added_outliers,435,533,0.4500046710437437,0.39190472185993813,0.7354694322144918,197.9250740005558,-2.529347368952115,0,0.45182691579611894,0
box_sphere_added_outliers_medium_3,added_outliers,452,1211,0.4028588538349327,0.3667134514869787,0.4391447468303984,150.2705268057248,-3.2224825497280567,0,0.3974719278722012,0
box_sphere_added_outliers_medium_3,added_outliers,453,1176,0.039794549980946795,0.038459623197258014,0.9875558844734509,154.21864319118416,-0.08701127172659937,1,0.08846060891115008,0
box_sphere_added_outliers_medium_3,added_outliers,459,2797,0.16646348955565043,0.16016464692985363,0.03694751431505609,104.99642380494186,-3.0827207508310113,0,0.21269823595633786,0
box_sphere_added_outliers_medium_3,added_outliers,461,626,0.19379941103390702,0.19105678929967346,0.03694751431506912,142.942785702343,-2.9202020154506507,0,0.20412478457998753,0
box_sphere_added_outliers_medium_3,added_outliers,474,579,0.3312728930053895,0.3271389489393954,0.9595589445448428,217.11129128613675,-2.651949580676654,0,0.3248223324460772,0
box_sphere_added_outliers_medium_3,added_outliers,475,663,0.06767381630036688,0.06388659996286455,0.9959056921876406,125.23593110813508,-0.4924757073212694,0,0.12743020389444798,0
box_sphere_added_outliers_medium_3,added_outliers,483,2821,0.2787535494031726,0.26333175265834063,0.5889490709682704,267.6438409113365,-3.178030830635441,0,0.3100506160063857,0
box_sphere_added_outliers_medium_3,added_outliers,497,2204,0.16846444900659635,0.12059868128316317,0.8484531162119552,67.61163440049025,-2.079434541711336,0,0.20212378965660738,0
box_sphere_added_outliers_medium_3,added_outliers,499,3221,0.45761411835081695,0.45759234931675197,0.03694751431504594,266.74594797082864,-3.3058640821454386,0,0.41830505448952104,0
box_sphere_added_outliers_medium_3,added_outliers,507,1551,0.4134264572334779,0.40135020971113017,0.26516198646876554,248.3550169121286,-2.4383756818436058,0,0.35719441372743926,0
box_sphere_added_outliers_medium_3,added_outliers,528,270,0.06446650034482097,0.05949257277897657,0.9945494754727301,109.12627922415673,0.16430289256127106,1,0.04862904417792863,1
box_sphere_added_outliers_medium_3,added_outliers,531,2192,0.060188226549776964,0.040654576853532624,0.9981169071890991,161.1935784371058,0.08734192253618818,0,0.13532547938719652,0
box_sphere_added_outliers_medium_3,added_outliers,532,1895,0.04258560780912779,0.012619955294311869,0.9463592804611851,29.270737946180354,-0.11875998861072506,0,0.06878903172287712,1
box_sphere_added_outliers_medium_3,added_outliers,541,2301,0.08628302659643836,0.08456580721494031,0.9963407015508087,142.62474497537693,0.0,0,0.10219762531322334,0
box_sphere_added_outliers_medium_3,added_outliers,543,2111,0.2548397934034141,0.24718512167619616,0.9015795829536689,255.6931063373083,-3.178030830635441,0,0.2795063435038393,0
box_sphere_added_outliers_medium_3,added_outliers,545,726,0.08328728610124078,0.07982499694980635,0.970525120174228,81.8164384664633,0.28768182245199975,0,0.07956861961319803,1
box_sphere_added_outliers_medium_3,added_outliers,548,1174,0.06035514348076614,0.06024056334211153,0.9804320407622936,96.23990605548236,-0.04618933913608186,0,0.11840035099987917,0
box_sphere_added_outliers_medium_3,added_outliers,549,388,0.021849693849947355,0.0036968739208575008,0.9807870770811943,75.85618264950493,-0.08701130291561884,0,0.06554028760492552,1
box_sphere_added_outliers_medium_3,added_outliers,554,2335,0.20477654535242118,0.20151396009920106,0.03694751431505276,230.21337479819073,-2.4383756818436058,0,0.21829190803227244,0
box_sphere_added_outliers_medium_3,added_outliers,555,2135,0.07659817285072909,0.07037440693315856,0.9931138305100488,166.64563696438302,-0.04049131806474003,0,0.11966391186053939,0
box_sphere_added_outliers_medium_3,added_outliers,557,3207,0.029787277079734498,0.004844230204429864,0.9432817355228448,78.09795166704035,-0.047790620759464414,1,0.08451485536439723,0
box_sphere_added_outliers_medium_3,added_outliers,558,3211,0.07236443875491094,0.06267108277475053,0.9569757000128489,94.3094290614138,-0.047790620759464414,0,0.08042722370434227,0
box_sphere_added_outliers_medium_3,added_outliers,561,349,0.17263709721074913,0.17255496917237573,0.04337316320608545,114.00793952237207,-2.166445835367712,0,0.15553278145954103,0
box_sphere_added_outliers_medium_3,added_outliers,563,887,0.28078580482544785,0.2207058539792393,0.0815980997489808,237.55488831246583,-2.571906943515876,0,0.37521949137015403,0
box_sphere_added_outliers_medium_3,added_outliers,565,781,0.015535140396783905,0.014609124499902362,0.9997007577953826,80.33265491696667,0.030771630889001002,1,0.07324336054700187,1
box_sphere_added_outliers_medium_3,added_outliers,568,2292,0.04254926348780573,0.006487765648223676,0.995632218703845,149.859354975752,0.17081752910415615,1,0.12587560244898038,0
box_sphere_added_outliers_medium_3,added_outliers,569,2425,0.0538442714941677,0.024184273253938016,0.9982740396073231,84.24846073518411,0.1466033162973087,0,0.033281853599420166,1
box_sphere_added_outliers_medium_3,added_outliers,571,2622,0.02860371850622256,0.0008194899849186732,0.9765529307114325,44.140248231830796,0.2643863753454038,1,0.0713023455968208,1
box_sphere_added_outliers_medium_3,added_outliers,574,791,0.029624182545320156,0.02200549504966872,0.9952137382501801,50.40073259113366,0.40253646462825815,1,0.08081679085697285,0
box_sphere_added_outliers_medium_3,added_outliers,577,410,0.096711611430115,0.09598131947773453,0.9992934425865833,103.4956605005732,0.11365918715954185,0,0.08362456107679557,0
box_sphere_added_outliers_medium_3,added_outliers,580,1707,0.06439116286583983,0.059387335740462316,0.9909644358815478,69.80830811306555,-0.13580138877828066,1,0.116056828659563,0
box_sphere_added_outliers_medium_3,added_outliers,584,2440,0.04792197745350382,0.03189613938289813,0.9997060290203872,98.70415034471392,0.11778292454537738,0,0.08491856893608558,0
box_sphere_added_outliers_medium_3,added_outliers,586,2683,0.09222328757874164,0.08486884747668087,0.9982739367815835,126.9968150522953,-0.14107842282152755,0,0.09112633513236211,0
box_sphere_added_outliers_medium_3,added_outliers,588,2203,0.03753058824478815,0.022411714455367555,0.9583262097688812,52.7878118475903,0.03974030548350432,0,0.0865333501369766,0
box_sphere_added_outliers_medium_3,added_outliers,592,2972,0.025721993826874474,0.005294852215522567,0.9870813511851899,36.729802844437366,-0.02449100241300054,1,0.0881413778051867,0
box_sphere_added_outliers_medium_3,added_outliers,593,229,0.054308725343033847,0.04907735555826297,0.9978760781497187,68.50735533482249,0.11778292454537738,1,0.03609579257059869,1
box_sphere_added_outliers_medium_3,added_outliers,597,1247,0.10650839984406715,0.09750834745990201,0.9957178099394134,39.55130315201494,0.08734192253618818,0,0.03612214766274698,1
box_sphere_added_outliers_medium_3,added_outliers,598,2100,0.03933658070221667,0.008034621038937765,0.9969988393439544,157.94048699038422,-0.08701128175163891,1,0.1469330291228395,0
box_sphere_added_outliers_medium_3,added_outliers,606,2620,0.0647201924141112,0.05113402384100569,0.9971993716680404,151.27307659557843,-0.2495299947230902,1,0.1311663387427685,0
box_sphere_added_outliers_medium_3,added_outliers,608,310,0.03861427612777938,0.007897848980056962,0.9373458057611713,28.533023278421435,0.15139952757434294,0,0.10257671582587399,0
box_sphere_added_outliers_medium_3,added_outliers,612,2600,0.03251259644877956,0.004987778322831593,0.9947843382934594,64.24277946433588,0.05959203021667493,0,0.04248661443673387,1
box_sphere_added_outliers_medium_3,added_outliers,613,68,0.047365443642137184,0.016067129862323407,0.9986225413726149,89.84328505460878,-0.32062588168028433,0,0.03315101418268988,1
box_sphere_added_outliers_medium_3,added_outliers,615,1431,0.4541157293069305,0.44227976890126386,0.7631482744525151,214.90728366991806,-2.338292333562191,0,0.3862269508763782,0
box_sphere_added_outliers_medium_3,added_outliers,617,1430,0.07512664730767242,0.0722528713492808,0.9898786396838644,153.39642668260345,-0.13580138877828066,0,0.10440413974461099,0
box_sphere_added_outliers_medium_3,added_outliers,624,3046,0.07604052301416897,0.07194353363025603,0.9845358542298858,30.834216184388637,0.17081752910415615,0,0.01918529450963504,1
box_sphere_added_outliers_medium_3,added_outliers,630,1194,0.06979898082648942,0.06883612692573018,0.7641357323619715,119.59169838129941,0.07729161586013224,0,0.11576302130696345,0
box_sphere_added_outliers_medium_3,added_outliers,631,1220,0.04424880514667606,0.022663361558925947,0.9975518154313426,105.27016761965734,0.28071310399070915,0,0.061993595337120996,1
box_sphere_added_outliers_medium_3,added_outliers,638,1282,0.03968194434087064,0.0015734336175591338,0.9962724844530761,103.13830214696992,0.17535271055496313,0,0.12372830136631408,0
box_sphere_added_outliers_medium_3,added_outliers,640,2195,0.23744370020926842,0.23702943296818024,0.9992368521301833,256.1268678686832,-2.338292333562191,0,0.275347295453278,0
box_sphere_added_outliers_medium_3,added_outliers,643,2703,0.0372004931928597,0.025499413782873168,0.9996128551316501,98.38060610492556,0.21309300434980707,1,0.13460975375297857,0
box_sphere_added_outliers_medium_3,added_outliers,647,1107,0.043467802883848244,0.015537375371428689,0.8673913359907625,90.99297904304419,0.16430289256127106,0,0.12917798999095217,0
box_sphere_added_outliers_medium_3,added_outliers,650,2279,0.17469642502627916,0.15991339571192184,0.47825619266309854,102.00749780610799,-2.38958557005507,0,0.20134345744377227,0
box_sphere_added_outliers_medium_3,added_outliers,651,1763,0.057269369256640695,0.034095305701565326,0.9981598588817158,65.13095262072142,0.2414924277604701,0,0.08583094910266724,0
box_sphere_added_outliers_medium_3,added_outliers,652,1394,0.080217518479645,0.07119201375444242,0.9944908666783127,82.43325618910212,0.13613203432472423,1,0.1208533840527929,0
box_sphere_added_outliers_medium_3,added_outliers,655,3276,0.03101224600449157,0.024368599763440215,0.9999838209064271,104.51677261575628,0.4650567746888063,1,0.10844309567258477,0
box_sphere_added_outliers_medium_3,added_outliers,657,814,0.2036849337600798,0.2030298511031721,0.9992368521301834,109.99870635020478,-3.131510862619547,0,0.20271190055818977,0
box_sphere_added_outliers_medium_3,added_outliers,658,2391,0.05350748783775301,0.05034027845594202,0.9310885373153073,82.51601648709853,0.0039603970753144535,0,0.1257488160793747,0
box_sphere_added_outliers_medium_3,added_outliers,665,2422,0.06532836369873017,0.06380777090666588,0.9891418219420214,53.1892307060562,0.08288759499100361,0,0.14472579708173594,0
box_sphere_added_outliers_medium_3,added_outliers,670,1384,0.06976379547195641,0.06737030455388288,0.8432231316619515,45.71979256767248,-0.08701129003319481,0,0.10744273779961981,0
box_sphere_added_outliers_medium_3,added_outliers,671,1801,0.08235301207239928,0.07631835818042945,0.9872371072078364,63.337200620802015,0.12921163952604883,0,0.023722664799709917,1
box_sphere_added_outliers_medium_3,added_outliers,675,2239,0.044076496200835674,0.03905460468782204,0.9975205046593062,40.60180076576573,0.14479010813227725,1,0.10235016828528797,0
box_sphere_added_outliers_medium_3,added_outliers,677,64,0.023851383926666254,0.005367752263562065,0.9969718422467028,91.876108723463,-0.18709462000801433,1,0.07002762425045084,1
box_sphere_added_outliers_medium_3,added_outliers,680,622,0.049541399682427545,0.02753415839300147,0.999245935658347,167.71483771397,0.24946066534602088,0,0.05958196259442188,1
box_sphere_added_outliers_medium_3,added_outliers,681,159,0.03466070971806537,0.009219349907504584,0.9981604619637213,47.93362240086327,0.2114814292383339,1,0.06660372682847018,1
box_sphere_added_outliers_medium_3,added_outliers,683,3195,0.042004803762351495,0.040307713459528355,0.9998820022892756,75.30665234184241,-0.08701128608063385,0,0.09265475918559703,0
box_sphere_added_outliers_medium_3,added_outliers,685,168,0.04469530109760094,0.004209579183220977,0.9957584830055486,76.59458770917371,-0.04445171909261546,1,0.06624098231323818,1
box_sphere_added_outliers_medium_3,added_outliers,690,280,0.0328948841248578,0.028498649099901206,0.8601442898422749,39.15793061048463,-0.029852943541850897,0,0.052015719586285904,1
box_sphere_added_outliers_medium_3,added_outliers,693,2493,0.061546660837982006,0.05186775458020477,0.8647478233081565,119.50015023138685,-0.1670539308171544,0,0.12950089324147848,0
box_sphere_added_outliers_medium_3,added_outliers,696,542,0.04890828787413539,0.04666182919957182,0.9899599989121834,39.1292258709546,0.11884060678266717,0,0.020752545979653373,1
box_sphere_added_outliers_medium_3,added_outliers,697,144,0.03453602599706417,0.010264223892016805,0.9992557168840153,100.98671027678799,0.2758937851784005,1,0.1106426021952122,0
box_sphere_added_outliers_medium_3,added_outliers,708,659,0.029566248375893778,0.006699920819785346,0.9997479860169561,105.2701251108467,0.22664594704784222,0,0.06895383825458248,1
box_sphere_added_outliers_medium_3,added_outliers,711,1747,0.08989635854033477,0.07925120052760841,0.9948938364088632,55.833282194161676,0.23576179524078658,0,0.0452052675684536,1
box_sphere_added_outliers_medium_3,added_outliers,721,1372,0.10546840173741619,0.08113912691866881,0.9795607418313088,130.3198866018598,0.00829879372379597,0,0.05442789363993668,1
box_sphere_added_outliers_medium_3,added_outliers,726,2617,0.06291512945501133,0.05993687378783855,0.9954449035720324,44.12623747221217,-0.047790620759464414,1,0.031362814596866566,1
box_sphere_added_outliers_medium_3,added_outliers,727,2322,0.06435386532847047,0.0535796215913529,0.9503648572423894,66.62340737499649,0.0,1,0.11781552099645799,0
box_sphere_added_outliers_medium_3,added_outliers,732,2531,0.08502377043198829,0.08325952764126848,0.8564453656281577,114.84756426597995,-0.047790620759464414,0,0.1356542054316688,0
box_sphere_added_outliers_medium_3,added_outliers,737,2588,0.025790541576931423,0.014687093230222693,0.9950613034827245,82.15472866346249,0.14479010813227725,1,0.12013494836074666,0
box_sphere_added_outliers_medium_3,added_outliers,739,773,0.04887976540226768,0.01990644115416477,0.9964270024461533,61.34703679083481,0.24946053582248198,1,0.050841291471161745,1
box_sphere_added_outliers_medium_3,added_outliers,742,2587,0.23225107574007622,0.23221603225340953,0.03694751431506131,157.91698458098142,-2.689689877320496,0,0.25212251427178084,0
box_sphere_added_outliers_medium_3,added_outliers,743,228,0.07224850558620542,0.04920994310974953,0.974015796278353,49.85127974390046,0.13613205765801345,0,0.05507109664179716,1
box_sphere_added_outliers_medium_3,added_outliers,745,1231,0.03348892275336537,0.020563870464461134,0.42631684951232507,40.55009878779809,0.16430289256127106,1,0.1680914543338231,0
box_sphere_added_outliers_medium_3,added_outliers,748,3285,0.06588555448477197,0.06253889898304849,0.9628691452371968,42.743663868300104,0.14183011232238343,0,0.05120919219571107,1
box_sphere_added_outliers_medium_3,added_outliers,749,2173,0.04813843003651996,0.04100163092079083,0.9997371329969011,74.89421106256698,0.13613203432472423,1,0.11281261693724287,0
box_sphere_added_outliers_medium_3,added_outliers,753,2722,0.039841064405222455,0.03680221372652986,0.9986066129076373,69.40445196892313,0.1265625987664272,1,0.08367614029756969,0
box_sphere_added_outliers_medium_3,added_outliers,759,402,0.26434993145782526,0.26122181160952845,0.9992368521301833,206.65406935208105,-2.4848956498595,0,0.3078236160910541,0
box_sphere_added_outliers_medium_3,added_outliers,763,3135,0.04867530900611075,0.017041759984809557,0.9867263010946187,66.4223702700043,0.249460616774678,0,0.0974619020125441,0
box_sphere_added_outliers_medium_3,added_outliers,764,367,0.0722162785531883,0.07122371352068227,0.31242779126300996,81.09933457915692,-0.018018491216975387,0,0.17560511063291975,0
box_sphere_added_outliers_medium_3,added_outliers,770,2333,0.049417573835834075,0.0024826749036617863,0.9983975253948602,103.26086960562452,0.03815171106249456,1,0.04062070445947991,1
box_sphere_added_outliers_medium_3,added_outliers,772,1284,0.017753553751223495,0.0006229452992562714,0.9692385223152866,34.4241377749957,0.08288759499100361,1,0.04815361965524374,1
box_sphere_added_outliers_medium_3,added_outliers,775,1729,0.06603632009020118,0.06247649961123779,0.9969120939554531,36.711019774838526,0.030771630889001002,1,0.0208278457780087,1
box_sphere_added_outliers_medium_3,added_outliers,776,2073,0.043089080115283916,0.042103563191256355,0.9948974644908956,100.12845062027431,0.11365918715954185,0,0.077226616721369,1
box_sphere_added_outliers_medium_3,added_outliers,777,1405,0.027336170904571286,0.026765022862906745,0.9870604872192439,29.784152584582255,0.11143950514887163,1,0.08602024239493782,0
box_sphere_added_outliers_medium_3,added_outliers,781,2078,0.0308633028824333,0.028126260006025902,0.9945286839054899,157.65577641917815,0.30075385326755694,1,0.03778770847659698,1
box_sphere_added_outliers_medium_3,added_outliers,782,2190,0.04499119111016191,0.044224438470910975,0.9957801625521822,105.61069581673964,-0.12623197629686,1,0.10628006663578227,0
box_sphere_added_outliers_medium_3,added_outliers,798,251,0.020313321531136092,0.019354793426137665,0.9977737539117356,122.45448625739635,0.3925611538224859,1,0.10112527718133324,0
box_sphere_added_outliers_medium_3,added_outliers,799,80,0.0366655998067431,0.02839160078423893,0.9990299867283683,87.99353609746073,0.0,1,0.0939488212485748,0
box_sphere_added_outliers_medium_3,added_outliers,811,2690,0.09707121206056928,0.03644888503901189,0.6673746543140678,54.542418619835686,-0.42348306123062157,0,0.10117925081291138,0
box_sphere_added_outliers_medium_3,added_outliers,815,2250,0.07851475150716468,0.07368166804017148,0.9961047462904731,90.66709410988516,0.2114814292383339,0,0.05724674151010264,1
box_sphere_added_outliers_medium_3,added_outliers,825,2805,0.1693276855802524,0.16721846266806753,0.962665620570401,126.7772848997244,-3.2224825497280567,0,0.20677018027341826,0
box_sphere_added_outliers_medium_3,added_outliers,826,2325,0.07006051710275411,0.05162058293369362,0.9976135259753509,98.57833949043422,-0.04049131806474003,0,0.0933658127871165,0
box_sphere_added_outliers_medium_3,added_outliers,831,902,0.043240690249781985,0.01435829642858444,0.33711089352388895,44.159488643965055,-0.006968662905842768,0,0.14837070430892088,0
box_sphere_added_outliers_medium_3,added_outliers,833,1365,0.03861575231530347,0.016229858559161835,0.9938449489646299,114.52096210010217,0.13613203432472423,0,0.013414869001237463,1
box_sphere_added_outliers_medium_3,added_outliers,838,1539,0.07688288851548783,0.07481911410047419,0.9991898108322224,110.91754177176168,0.05959203021667493,1,0.11305921789750144,0
box_sphere_added_outliers_medium_3,added_outliers,840,784,0.03401545472454127,0.02931263806083998,0.9876414162017475,33.78185041960962,0.1456108472998234,1,0.03379270516639168,1
box_sphere_added_outliers_medium_3,added_outliers,842,2531,0.10098122003710314,0.07121080879929931,0.9996511668077862,95.59095294794453,-0.0100503269646205,0,0.1409250511551685,0
box_sphere_added_outliers_medium_3,added_outliers,854,2138,0.07049456893934408,0.06911234577927465,0.9969469920033629,42.416124240445484,0.2114814292383339,1,0.04901935395672285,1
box_sphere_added_outliers_medium_3,added_outliers,859,579,0.023840323081121377,0.00866510768504472,0.9818266763928033,67.26356357736461,-0.3005851805846871,1,0.046088670615820185,1
box_sphere_added_outliers_medium_3,added_outliers,860,2003,0.0341389433291302,0.007020644660436375,0.9967136859058466,65.62449411463531,0.26966331933028354,0,0.08152359221279715,0
box_sphere_added_outliers_medium_3,added_outliers,861,2355,0.028902402428894674,0.007408678065307603,0.9812021917428165,105.86374783960497,0.03559091165791788,1,0.09543589046763933,0
box_sphere_added_outliers_medium_3,added_outliers,866,3172,0.07649607498487836,0.07066680851121747,0.9981534005545579,33.75913942696454,-0.08701129003319481,0,0.01664168873138134,1
box_sphere_added_outliers_medium_3,added_outliers,868,1712,0.06797082806062858,0.0561750696834468,0.999860378553581,99.76818872666176,0.28455190702932254,0,0.0820083449027587,0
box_sphere_added_outliers_medium_3,added_outliers,870,3320,0.05294694748114224,0.049816010915694466,0.9852839323586968,54.285422938362984,0.37252066730131184,1,0.01711180089656829,1
box_sphere_added_outliers_medium_3,added_outliers,871,1372,0.04582937967762208,0.02927969325425666,0.6439011857785362,71.98879791766645,0.052750508863850534,0,0.1279208517990276,0
box_sphere_added_outliers_medium_3,added_outliers,873,2954,0.01794589999229249,0.005936209079782169,0.9914386176336355,34.63322409763098,-0.04049131806474003,1,0.061014707706390184,1
box_sphere_added_outliers_medium_3,added_outliers,878,1793,0.07554102501114789,0.07162515288013925,0.9970939944549616,125.31076501935472,0.04651996801589379,0,0.1012894069256676,0
box_sphere_added_outliers_medium_3,added_outliers,879,387,0.010163746262758597,0.007412407609195864,0.9977408537334093,92.8307411402275,0.08004263075053333,1,0.04440969159267547,1
box_sphere_added_outliers_medium_3,added_outliers,881,1844,0.36615346950565886,0.3599682870708011,0.7679284120640755,217.24522331116066,-3.454283965884501,0,0.31690614894089025,0
box_sphere_added_outliers_medium_3,added_outliers,882,495,0.034325734792307404,0.0047916079670787684,0.9963482706828616,62.79668781079404,0.249460616774678,0,0.07908059957279265,1
box_sphere_added_outliers_medium_3,added_outliers,884,66,0.020747558463870292,0.011729960902614084,0.9991090742854631,121.54814553867574,0.030771630889001002,0,0.0650744294038965,1
box_sphere_added_outliers_medium_3,added_outliers,891,1693,0.22666396862094917,0.21799636937298805,0.9569902105426532,160.70320941265203,-2.6127289013694974,0,0.2282948322046241,0
box_sphere_added_outliers_medium_3,added_outliers,892,2064,0.03632906622770061,0.023104302507388066,0.9968474619276609,132.77097061630926,0.23144207003834605,1,0.11148008583474726,0
box_sphere_added_outliers_medium_3,added_outliers,901,1902,0.06548084877021758,0.05722409046642277,0.995003227009178,149.2545564241494,0.17081752910415615,1,0.09244622911776582,0
box_sphere_added_outliers_medium_3,added_outliers,904,445,0.019688832160932646,0.00839705075734644,0.14714197748449118,80.3987783229527,0.25926468647348444,1,0.07857958851036696,1
box_sphere_added_outliers_medium_3,added_outliers,905,1655,0.06542336753714154,0.0584761485352704,0.8869850123830161,55.21408813900126,0.040821954520294364,1,0.020748834214468548,1
box_sphere_added_outliers_medium_3,added_outliers,908,227,0.061769059138900594,0.05711390224707717,0.998670767784216,27.48345244792635,0.09531012266150213,0,0.054144311900529395,1
box_sphere_added_outliers_medium_3,added_outliers,909,2046,0.027807914496419152,0.0037741953987000315,0.9978772883016178,100.18617000250963,0.14479010813227725,0,0.06565467400633178,1
box_sphere_added_outliers_medium_3,added_outliers,913,2768,0.04829917887689836,0.047390829859207374,0.9965487948543693,64.4944629877148,0.16430289256127106,0,0.05778281320839353,1
box_sphere_added_outliers_medium_3,added_outliers,915,2281,0.0392764903257687,0.021773687908663904,0.9811902639797123,87.5573149006496,0.04651996801589379,0,0.0778627983272082,1
box_sphere_added_outliers_medium_3,added_outliers,918,2436,0.4435550008646199,0.43065507066702413,0.7040113049936965,184.88675509095222,-2.651949580676654,0,0.4142527736180689,0
box_sphere_added_outliers_medium_3,added_outliers,919,576,0.03935506090089713,0.037705029435483595,0.9374466874631044,65.45483781364815,-0.03294413525153056,1,0.0739420537369382,1
box_sphere_added_outliers_medium_3,added_outliers,922,2628,0.00685118463406673,7.701454637267999e-05,0.8779866539278189,47.066566535316326,0.09531011313770504,1,0.05066217847523678,1
box_sphere_added_outliers_medium_3,added_outliers,924,2454,0.0326520748150005,0.0233357230027049,0.9975701099311416,115.5603276652707,0.34043221464943535,1,0.09232840211148331,0
box_sphere_added_outliers_medium_3,added_outliers,925,1128,0.0652276398576573,0.06369343731261676,0.9479427070833003,62.13711816129019,0.2204731486408218,0,0.102111882834196,0
box_sphere_added_outliers_medium_3,added_outliers,926,2854,0.08742442449116604,0.08104102424176314,0.974049607601467,61.60641643028661,-0.2267730758867899,0,0.0627519298359372,1
box_sphere_added_outliers_medium_3,added_outliers,929,2758,0.04930012620581965,0.044339121359331546,0.9945795422315897,83.34818727194462,0.18742527081760316,0,0.11543516785502352,0
box_sphere_added_outliers_medium_3,added_outliers,932,2071,0.38467898248830584,0.38418996038423686,0.3341125616838872,189.84098011837068,-2.079434541711336,0,0.4066668988452081,0
box_sphere_added_outliers_medium_3,added_outliers,944,541,0.12799985960359656,0.12698883482461026,0.9778914545986119,60.19860796270465,-0.05064369049074789,0,0.05400832790595729,1
box_sphere_added_outliers_medium_3,added_outliers,949,1556,0.037481064342269166,0.013080233956015007,0.9822001401292852,37.94547940888927,0.16430289256127106,0,0.0057306683685787885,1
box_sphere_added_outliers_medium_3,added_outliers,951,349,0.03552310793181995,0.035100495301181034,0.9461562458526278,101.85868599761716,0.13613205765801345,1,0.07654891976171467,1
box_sphere_added_outliers_medium_3,added_outliers,959,1907,0.036413320418096085,0.03362199483847078,0.9997408493455681,95.75417019464788,0.21309300434980707,1,0.11607849057734314,0
box_sphere_added_outliers_medium_3,added_outliers,962,1302,0.09461471403726864,0.08938695366855871,0.9957582979560283,64.40690416378145,-0.08701128608063385,0,0.04078338841535641,1
box_sphere_added_outliers_medium_3,added_outliers,966,2266,0.07915105179563188,0.06788706873438141,0.9993825140220572,39.335908551358656,0.05959203021667493,0,0.014997283636460216,1
box_sphere_added_outliers_medium_3,added_outliers,969,2744,0.03319592755390163,0.022153746969732522,0.9790637371176996,46.6048869600189,-0.17402257973701005,1,0.054652351613618,1
box_sphere_added_outliers_medium_3,added_outliers,977,950,0.044803902982717615,0.04104188800893945,0.9753749147640101,140.52709948167688,0.26438624084268614,0,0.13252271039031052,0
box_sphere_added_outliers_medium_3,added_outliers,980,2227,0.042037317491309234,0.0358668535818357,0.99141521156594,34.28604423924376,-0.042559570940579286,0,0.13466801183368848,0
box_sphere_added_outliers_medium_3,added_outliers,983,447,0.0678200453286567,0.06684078791704358,0.997724412589498,51.32570049427061,0.08004263075053333,0,0.0435829956500431,1
box_sphere_added_outliers_medium_3,added_outliers,990,3385,0.06303946108843189,0.056064118647273745,0.9807729069188995,74.20556332450971,0.18125246933366515,1,0.09530667359080182,0
box_sphere_added_outliers_medium_3,added_outliers,994,2644,0.014592823463508806,0.012928087150025979,0.994072427476043,68.58668101783218,0.040821954520294364,1,0.12019230999353626,0
box_sphere_added_outliers_medium_3,added_outliers,996,1353,0.03690251630432823,0.02101006971513235,0.8441295717228917,48.290769553650804,-0.0542215133064545,0,0.08336754834819703,0
box_sphere_added_outliers_medium_3,added_outliers,998,2471,0.03105399969729765,0.023279804874036934,0.9329471476031201,89.79385560462197,0.04651996801589379,0,0.09723897201943674,0
box_sphere_added_outliers_medium_3,added_outliers,1005,2218,0.07787057884768606,0.06584414261381237,0.9780918368252501,40.25154416514647,0.040821954520294364,0,0.15211625332244064,0
box_sphere_added_outliers_medium_3,added_outliers,1006,969,0.037883995163503575,0.03763026184423396,0.9889343244909639,41.590800063106684,-0.34652231215745155,0,0.07217079157033288,1
box_sphere_added_outliers_medium_3,added_outliers,1009,2219,0.06176705504887175,0.05718847620043675,0.9955154545280767,84.44126058392214,0.08004263075053333,1,0.02467875289529133,1
box_sphere_added_outliers_medium_3,added_outliers,1011,903,0.04228340548564352,0.033107519107689505,0.9935603812372236,82.3249119834135,-0.003629764572321029,1,0.05193718744958781,1
box_sphere_added_outliers_medium_3,added_outliers,1012,102,0.01788255348143437,0.007693105082440079,0.9995055547336722,126.50198865586819,0.2006704732401757,1,0.1126157055142345,0
box_sphere_added_outliers_medium_3,added_outliers,1026,761,0.036884764892174154,0.0045403050939759465,0.9972357268738291,103.05343386179904,-0.03571804049686563,1,0.05333876499661414,1
box_sphere_added_outliers_medium_3,added_outliers,1029,2165,0.046845116634991274,0.042750534467147695,0.9849719189550217,89.84046906915496,0.15811090229959635,0,0.05157304004929269,1
box_sphere_added_outliers_medium_3,added_outliers,1031,338,0.056210400698419975,0.0497463990910991,0.9987877216832765,63.33184987272611,0.0733312054527619,0,0.0219933625187656,1
box_sphere_added_outliers_medium_3,added_outliers,1032,3012,0.0336905736368606,0.0301335500725882,0.9835257633485469,77.15143910333455,0.030771630889001002,1,0.058891929856927684,1
box_sphere_added_outliers_medium_3,added_outliers,1033,1914,0.03177666627410791,0.02862105515762633,0.9975321288197623,50.660589280357094,-0.16397227294070169,1,0.04459225844323011,1
box_sphere_added_outliers_medium_3,added_outliers,1042,1795,0.09226139244835359,0.08343889389046485,0.29307056591979486,45.45874907588051,-0.1335312497675327,0,0.16470946761747216,0
box_sphere_added_outliers_medium_3,added_outliers,1043,1681,0.102558751011301,0.09954086591769748,0.9967869732553655,170.6175065872346,-0.04049131806474003,0,0.10145287797494217,0
box_sphere_added_outliers_medium_3,added_outliers,1045,1499,0.01991685417489322,0.008429043928548338,0.9995860589763691,128.83134718965673,0.39482636816671357,1,0.09846718305712934,0
box_sphere_added_outliers_medium_3,added_outliers,1046,1676,0.038178280116759104,0.019203019523454667,0.9996985147327319,92.23718097416084,0.040821954520294364,0,0.08779939013114191,0
box_sphere_added_outliers_medium_3,added_outliers,1047,25,0.06241676597585843,0.04673339151646716,0.9296958677225817,121.73872926584338,0.2006704732401757,1,0.06400477481945188,1
box_sphere_added_outliers_medium_3,added_outliers,1048,1063,0.24293207727248087,0.23479381581846717,0.9992368521301837,232.6076745644781,-2.38958557005507,0,0.26151793037549215,0
box_sphere_added_outliers_medium_3,added_outliers,1051,1863,0.05346096655367036,0.03706288559379984,0.4818408580863782,90.9317273150502,0.06713924331387189,0,0.12685097897299014,0
box_sphere_added_outliers_medium_3,added_outliers,1052,2405,0.03841542428404961,0.008878114359867122,0.9967701297390779,77.35860664109433,0.052750508863850534,0,0.07030700492344484,1
box_sphere_added_outliers_medium_3,added_outliers,1053,1807,0.02847030401306733,0.0010581477557740993,0.9546514235042357,45.79580598916231,-0.006968662905842768,1,0.051340297208461796,1
box_sphere_added_outliers_medium_3,added_outliers,1054,3152,0.04937392036293607,0.04216928875042087,0.9600269272057397,131.60784340139662,-0.08701127698974474,1,0.08825673102938829,0
box_sphere_added_outliers_medium_3,added_outliers,1055,3375,0.021139620664300664,0.01530712438839067,0.9998159560425348,106.03655970588625,-0.18232135679417452,1,0.06503366835985924,1
box_sphere_added_outliers_medium_3,added_outliers,1058,520,0.013722922186364481,0.0005596523107408531,0.9874189532645082,113.88690545617273,0.06713922347264303,1,0.049169320996779876,1
box_sphere_added_outliers_medium_3,added_outliers,1071,390,0.03218145276246299,0.018409566909681874,0.9964127987357856,29.78749905836253,-0.16397227294070169,1,0.10221065062525646,0
box_sphere_added_outliers_medium_3,added_outliers,1073,2008,0.047442692860684484,0.03994747118695664,0.9971133829328673,84.07954973341651,0.18742527081760316,1,0.03845575413071399,1
box_sphere_added_outliers_medium_3,added_outliers,1079,2956,0.01557259987477344,0.0111001762180788,0.9639362433155085,49.07845164549159,-0.19621050449852667,1,0.05528182427777521,1
box_sphere_added_outliers_medium_3,added_outliers,1086,375,0.019554497074961995,0.007298504182237851,0.9912636047106755,166.96374469609037,-0.20961350175773377,1,0.12202034109683962,0
box_sphere_added_outliers_medium_3,added_outliers,1087,2313,0.020365242942486646,0.017164027285529224,0.9654791362923749,47.51719172325045,-0.12783325150999786,1,0.07707762805443773,1
box_sphere_added_outliers_medium_3,added_outliers,1096,2647,0.05451253059879092,0.05438782909641326,0.9994612242214228,58.28071425038288,0.2006705287956235,1,0.11547348815139531,0
box_sphere_added_outliers_medium_3,added_outliers,1098,1670,0.055089550747105503,0.04197728566083872,0.9967577749782249,67.97983724295388,0.00829879372379597,0,0.08073044094651052,0
box_sphere_added_outliers_medium_3,added_outliers,1107,662,0.052029021384542025,0.05039834918805393,0.9977569313385765,90.80795398831279,-0.22054254342390892,0,0.058023836034791866,1
box_sphere_added_outliers_medium_3,added_outliers,1108,1011,0.05140688399962684,0.048143981800367434,0.9985409632281903,68.44697097641196,-0.0100503269646205,1,0.13340647942111636,0
box_sphere_added_outliers_medium_3,added_outliers,1110,2843,0.041543628407330654,0.03923361711554448,0.9991440398152082,102.82197355391237,0.00829879372379597,1,0.12603850232521097,0
box_sphere_added_outliers_medium_3,added_outliers,1112,377,0.07555025371543149,0.03792010238331855,0.9986208533853718,54.126102027206485,0.15811090229959635,0,0.024185095876919784,1
box_sphere_added_outliers_medium_3,added_outliers,1113,1732,0.05207406205251727,0.04561437654492648,0.16787396511584884,88.36428651712848,0.19062020688149967,1,0.12066707872890843,0
box_sphere_added_outliers_medium_3,added_outliers,1115,2042,0.06327082105359262,0.06089458850626307,0.9936924619401553,100.70962906802154,-0.003629764572321029,1,0.1218501703308409,0
box_sphere_added_outliers_medium_3,added_outliers,1120,2146,0.05832520420189163,0.05075702954250788,0.5453426579603486,75.3024167983716,0.2345720885172508,0,0.1068714435263439,0
box_sphere_added_outliers_medium_3,added_outliers,1124,2226,0.03591247614614822,0.013481427732631127,0.9982961847037833,110.86878663981223,0.1466033162973087,0,0.14008322826275546,0
box_sphere_added_outliers_medium_3,added_outliers,1126,923,0.01234000671118998,0.007424345152544969,0.9661568314720833,70.5100582277818,0.09531007980442975,1,0.07186542608533428,1
box_sphere_added_outliers_medium_3,added_outliers,1132,1031,0.07319812362025353,0.05567772605104722,0.995552431454254,51.12402733179312,0.35927531063927415,0,0.10866430417103032,0
box_sphere_added_outliers_medium_3,added_outliers,1135,2088,0.03137826460973263,0.020308353536961747,0.9994374011638264,28.915219594788038,0.1361320868246364,1,0.10523790513555842,0
box_sphere_added_outliers_medium_3,added_outliers,1136,3131,0.04346793846362356,0.0008202855844246307,0.9999117262041054,28.401212777144572,0.2758939509389694,0,0.01646995981621405,1
box_sphere_added_outliers_medium_3,added_outliers,1142,1084,0.0348326591794747,0.024576090509545276,0.9984837148899287,109.02979727500497,0.13613203432472423,1,0.07004883479525631,1
box_sphere_added_outliers_medium_3,added_outliers,1147,2223,0.31779143538367677,0.3157623080906817,0.2264075912357403,306.9599856320115,-2.123886260803951,0,0.3682661860843556,0
box_sphere_added_outliers_medium_3,added_outliers,1149,1794,0.037747673011372766,0.03417739679701752,0.9959294685020841,101.98428531468043,-0.1779829688601481,1,0.049726088991107094,1
box_sphere_added_outliers_medium_3,added_outliers,1152,3084,0.030056276609325784,0.013906895821576767,0.9971696114319021,21.698977717984892,0.04651996801589379,1,0.08984604165381149,0
box_sphere_added_outliers_medium_3,added_outliers,1153,907,0.028760570247122454,0.018854450600526994,0.9959225760786071,129.80590342180187,0.17535271055496313,1,0.10142084488739052,0
box_sphere_added_outliers_medium_3,added_outliers,1155,303,0.037799355797696624,0.0010420623781935549,0.504883790817498,82.79483348174594,-0.24607589109206685,0,0.0653931297402685,1
box_sphere_added_outliers_medium_3,added_outliers,1160,498,0.039576499381242684,0.002944143699420482,0.9989039809616332,68.61001148134739,-0.08701127698974474,0,0.053991413906080706,1
box_sphere_added_outliers_medium_3,added_outliers,1161,2121,0.059427469804420714,0.04723787069800636,0.9218379918819203,149.19691382320073,0.08004263075053333,0,0.1106291764899691,0
box_sphere_added_outliers_medium_3,added_outliers,1162,1896,0.049778825346399776,0.03985893941557783,0.9992696993507925,145.8760238496202,0.3038546810582041,0,0.09841618536531527,0
box_sphere_added_outliers_medium_3,added_outliers,1166,80,0.051579360979848055,0.022737812410600942,0.9986256307524006,143.162363600563,-0.08701128608063385,0,0.13395496096686194,0
box_sphere_added_outliers_medium_3,added_outliers,1170,3365,0.04959499160535968,0.03406137609728797,0.7154505369195618,81.44350490290459,-0.08701129365637626,0,0.09697128019992446,0
box_sphere_added_outliers_medium_3,added_outliers,1171,1367,0.04953176980671587,0.04422410585944414,0.9244771433395361,67.02025822151323,0.23576179524078658,0,0.09367395835351104,0
box_sphere_added_outliers_medium_3,added_outliers,1172,399,0.105473291481,0.09064417577222425,0.9758310229142134,44.318719713172534,-0.13830450821947837,0,0.061398349296911015,1
box_sphere_added_outliers_medium_3,added_outliers,1184,314,0.07525933205592086,0.07020979906877729,0.9991802145471551,24.803263628650186,0.0039603970753144535,0,0.033824655662126966,1
box_sphere_added_outliers_medium_3,added_outliers,1186,777,0.05009430404992912,0.04405732868185106,0.9972890826861316,73.0840472566604,0.08004263075053333,0,0.11887848797197079,0
box_sphere_added_outliers_medium_3,added_outliers,1187,831,0.0489461520826351,0.03898503378348417,0.9959806928545561,67.48063360631063,0.2758937851784005,1,0.027713700507733394,1
box_sphere_added_outliers_medium_3,added_outliers,1192,2743,0.04080804090957154,0.03214558693259219,0.9786229271755258,92.10516764240259,0.05959203021667493,1,0.13069900217147498,0
box_sphere_added_outliers_medium_3,added_outliers,1196,2159,0.07606481688991103,0.07481057245476973,0.9967980116203171,89.75298064194465,0.04651996801589379,0,0.09842857166573706,0
box_sphere_added_outliers_medium_3,added_outliers,1201,876,0.023584098408819146,0.004052337524897555,0.978733142752266,108.6735515726475,0.0039603970753144535,0,0.08742186578226396,0
box_sphere_added_outliers_medium_3,added_outliers,1204,1416,0.015799737864765125,0.0030475155231012964,0.9942016985319437,137.19213899111813,0.024214227160881834,1,0.06644538490358246,1
box_sphere_added_outliers_medium_3,added_outliers,1205,369,0.0773470106111584,0.06242329639586579,0.994247060980446,94.02230639753249,0.17869163222177434,0,0.053611819973227996,1
box_sphere_added_outliers_medium_3,added_outliers,1207,1540,0.032306985294825584,0.029575441466178035,0.6814415820826852,33.699206522436945,0.2784482392420197,1,0.06534460516349674,1
box_sphere_added_outliers_medium_3,added_outliers,1211,1945,0.02718407521415634,0.01895368667206784,0.9977911249339915,49.808326443289836,0.1265625987664272,0,0.07715218999057434,1
box_sphere_added_outliers_medium_3,added_outliers,1212,2900,0.3907360528280547,0.3036800654269272,0.04287330211918023,244.77117035896865,-3.2224825497280567,0,0.5032540589442512,0
box_sphere_added_outliers_medium_3,added_outliers,1214,719,0.04244447486866989,0.020694704807682502,0.9916750045232906,30.240245777829657,0.11884060678266717,0,0.0709690139584451,1
box_sphere_added_outliers_medium_3,added_outliers,1216,3313,0.08218169165790967,0.07666199094699377,0.9982761007641712,108.71254706372882,-0.003629764572321029,0,0.06736622381981447,1
box_sphere_added_outliers_medium_3,added_outliers,1220,2638,0.07711860055817923,0.07684639799066452,0.9934376876053972,50.370038097810024,0.03815173851341573,0,0.041988904799095644,1
box_sphere_added_outliers_medium_3,added_outliers,1225,2069,0.02640047863927041,0.016401870906472747,0.9984336027189685,80.46645054631537,-0.04618933913608186,0,0.054883499538353364,1
box_sphere_added_outliers_medium_3,added_outliers,1227,2125,0.06834958761658558,0.061429778724133396,0.996677382706357,114.84374846047594,-0.08701127172659937,1,0.0643781149293192,1
box_sphere_added_outliers_medium_3,added_outliers,1236,760,0.06916150482224527,0.06742008426515939,0.9887207729281773,87.17559284431913,0.04651996801589379,1,0.04137450079237328,1
box_sphere_added_outliers_medium_3,added_outliers,1240,2847,0.16671184695894717,0.16153248995267838,0.44793296352835504,98.40138129881042,-2.6127289013694974,0,0.21008642621100543,0
box_sphere_added_outliers_medium_3,added_outliers,1246,651,0.07992307953211328,0.07268696519627206,0.9979930725790636,59.795244830101986,0.3984959868695132,0,0.0817368961340578,0
box_sphere_added_outliers_medium_3,added_outliers,1249,6,0.036333404124918825,0.03191252288358685,0.9881814592466303,39.391820741168125,0.16892185467457307,1,0.10324947506957871,0
box_sphere_added_outliers_medium_3,added_outliers,1265,895,0.16538711213039245,0.16435553944601278,0.9979127152449996,138.3580468549484,-0.08701126587866065,0,0.12766804234750678,0
box_sphere_added_outliers_medium_3,added_outliers,1273,2755,0.053978149246688215,0.03947464140108825,0.9984525869157621,88.47946324446765,0.2959804995093808,0,0.059908333858445406,1
box_sphere_added_outliers_medium_3,added_outliers,1274,158,0.0553404702309019,0.03627773590952482,0.997509862461933,56.93693788762505,-0.04445171909261546,0,0.021290832698208192,1
box_sphere_added_outliers_medium_3,added_outliers,1278,2989,0.049315314307375194,0.03938691824485926,0.998299214167327,160.58137039072477,0.1265625987664272,0,0.11017381002100941,0
box_sphere_added_outliers_medium_3,added_outliers,1282,3332,0.05198582526444257,0.0032885478506124066,0.9936520082836799,92.04603425278174,0.23841066447118228,0,0.006044932839853928,1
box_sphere_added_outliers_medium_3,added_outliers,1284,887,0.48405971286813715,0.45810275435345693,0.0815980997489808,134.29425034003341,-3.265042124291817,0,0.5887393173320518,0
box_sphere_added_outliers_medium_3,added_outliers,1286,1720,0.0479009061322193,0.04018657175985778,0.9972636516102821,134.77056843216596,-0.03571804049686563,0,0.12128989693704824,0
box_sphere_added_outliers_medium_3,added_outliers,1289,199,0.04074297421917142,0.035850926943507305,0.999470452583825,77.64783968954715,0.35927531063927415,0,0.058776058129247945,1
box_sphere_added_outliers_medium_3,added_outliers,1290,2435,0.05240321922408956,0.04146230967121354,0.8678220641144414,92.34901763963474,-0.15847021070368272,0,0.0906261907791542,0
box_sphere_added_outliers_medium_3,added_outliers,1291,1787,0.0575056893599858,0.02695137216296405,0.9914871546431674,99.22428258678201,0.14479010813227725,0,0.1270085259291732,0
box_sphere_added_outliers_medium_3,added_outliers,1296,1692,0.07345540470596462,0.07110236031373782,0.9923367172863283,85.16295285654284,-0.003629764572321029,0,0.025175474298168393,1
box_sphere_added_outliers_medium_3,added_outliers,1297,1954,0.05765922251927806,0.050223163993104995,0.9940610696141701,46.0782595853649,0.18924182722489283,0,0.035376040159978916,1
box_sphere_added_outliers_medium_3,added_outliers,1299,1062,0.044322031168697346,0.017338837284486174,0.9646712074779169,49.24075263148599,0.15139952757434294,0,0.1360905712213311,0
box_sphere_added_outliers_medium_3,added_outliers,1301,2079,0.05185884178325591,0.04605350248846225,0.9979689563065507,90.26867778359716,0.3378714459353234,0,0.1317137674954023,0
box_sphere_added_outliers_medium_3,added_outliers,1302,1409,0.03244544347835007,0.028589073984575667,0.9150681297523444,37.01576310461851,0.0336165921509767,1,0.06692184826504094,1
box_sphere_added_outliers_medium_3,added_outliers,1308,742,0.02227593028689805,0.020951018417179668,0.9940423323093746,92.8241296781509,-0.04445171909261546,1,0.04449448455762287,1
box_sphere_added_outliers_medium_3,added_outliers,1311,1431,0.0816728770012665,0.05370270120862883,0.8811691805346988,113.04005734194992,0.1466033162973087,0,0.1517627151189598,0
box_sphere_added_outliers_medium_3,added_outliers,1312,3299,0.05553208333304036,0.02995635054350084,0.9975341034766521,92.15132282520277,0.1466033162973087,0,0.07841656612677277,1
box_sphere_added_outliers_medium_3,added_outliers,1320,1203,0.020712534923133474,0.002809826816685462,0.9987562201765627,48.92117941948828,-0.08701128608063385,1,0.08050178069389302,0
box_sphere_added_outliers_medium_3,added_outliers,1321,2579,0.01974156848915546,0.017016538809029348,0.9980100087923338,71.8216338225601,0.26438624084268614,1,0.06859555937841902,1
box_sphere_added_outliers_medium_3,added_outliers,1328,1835,0.02330159500635352,0.0056194780756661225,0.9996756057383691,98.81646075798716,-0.24116177110294254,1,0.09853583995379439,0
box_sphere_added_outliers_medium_3,added_outliers,1334,1472,0.0783008474877748,0.07766338017159073,0.9963576797911148,132.84099709571674,0.030771630889001002,0,0.04764590213454483,1
box_sphere_added_outliers_medium_3,added_outliers,1337,272,0.03136458080538527,0.01906114868823923,0.9068955645953003,77.69022859096971,-0.003629764572321029,1,0.13715999533671122,0
box_sphere_added_outliers_medium_3,added_outliers,1350,1851,0.037230236711284885,0.03711701248886743,0.9986550104672619,123.38449680325542,-0.08701129003319481,1,0.09984539922485572,0
box_sphere_added_outliers_medium_3,added_outliers,1352,1229,0.02314015478850725,0.02208612359708148,0.9963188908097006,96.18448268397246,0.04651996801589379,1,0.08082859000877182,0
box_sphere_added_outliers_medium_3,added_outliers,1358,2117,0.05357758393984071,0.036648225566120414,0.9523520167472457,108.23497373646472,-0.04445171909261546,0,0.10967642332404837,0
box_sphere_added_outliers_medium_3,added_outliers,1363,1372,0.2042598835472244,0.17513763477475724,0.6319892993808811,106.84519991593855,-2.38958557005507,0,0.22205135134953932,0
box_sphere_added_outliers_medium_3,added_outliers,1364,3044,0.054360864737246835,0.03351771646239514,0.9988121177656599,148.95435001251894,0.20067050498614195,0,0.06626752358167977,1
box_sphere_added_outliers_medium_3,added_outliers,1369,3248,0.08919816431438786,0.08271958272098558,0.9966426165511582,126.75105789276623,0.3184534311188196,0,0.0819939080537064,0
box_sphere_added_outliers_medium_3,added_outliers,1374,1306,0.047429472755796655,0.0048259279403858844,0.999687799404931,146.28419117716183,-0.03294411478373251,0,0.10935248932263368,0
box_sphere_added_outliers_medium_3,added_outliers,1376,2050,0.41985544611896536,0.38713691658436944,0.6608461892626092,211.1579905806019,-3.131510862619547,0,0.4071588215700364,0
box_sphere_added_outliers_medium_3,added_outliers,1378,863,0.011496267975057128,0.009937653794705228,0.9987080283969352,47.561546846435455,-0.33213345821145185,1,0.10948945311533398,0
box_sphere_added_outliers_medium_3,added_outliers,1379,3210,0.03052816649229923,0.009858941640213933,0.6244406469730086,36.808063047751496,-0.08701127698974474,1,0.12005927137044918,0
box_sphere_added_outliers_medium_3,added_outliers,1380,3070,0.04265707614171232,0.0366524653541437,0.9988139971191197,64.24157577763577,0.5489768733909953,0,0.11370185466880234,0
box_sphere_added_outliers_medium_3,added_outliers,1381,417,0.06286520859514891,0.0533824825698149,0.9969134732136093,83.27606599087484,0.16430289256127106,0,0.08477252449829759,0
box_sphere_added_outliers_medium_3,added_outliers,1383,2565,0.035096886503137636,0.031425015814943946,0.9928876512673042,45.13442563192445,-0.04049131806474003,1,0.08367879944789215,0
box_sphere_added_outliers_medium_3,added_outliers,1384,2481,0.018510779012834256,0.01843669666866933,0.9815087138045174,90.5428495402446,0.0733312054527619,1,0.0771020226693132,1
box_sphere_added_outliers_medium_3,added_outliers,1385,1125,0.16769157194257417,0.15005149388582528,0.9555983702977779,49.86576095433834,-0.2983201065116262,0,0.10559637785401049,0
box_sphere_added_outliers_medium_3,added_outliers,1386,3256,0.03944762435183758,0.012899792697681487,0.9994036318227292,148.29282925086142,0.02631728546025041,1,0.12618129530933658,0
box_sphere_added_outliers_medium_3,added_outliers,1387,2053,0.026587199081759206,0.013565631048077018,0.3868715755833559,63.81470561747053,0.274001739298882,0,0.10458114725922496,0
box_sphere_added_outliers_medium_3,added_outliers,1388,2798,0.08431437129906987,0.08374629063118068,0.9807892905191254,93.99472878303968,0.3024531163468433,1,0.10428680455370602,0
box_sphere_added_outliers_medium_3,added_outliers,1389,2773,0.048708019242082276,0.043403877391602466,0.9975439937944544,71.18847000282751,0.05959203021667493,1,0.05870052571886917,1
box_sphere_added_outliers_medium_3,added_outliers,1391,1830,0.019681041699711244,0.016747894122283002,0.9931655433530678,131.68267886284733,-0.08701127698974474,1,0.0973626687635709,0
box_sphere_added_outliers_medium_3,added_outliers,1394,1345,0.0625005523502508,0.04783418986429114,0.9652518628503904,91.23971680528358,-0.18232135679417452,1,0.07054277266213878,1
box_sphere_added_outliers_medium_3,added_outliers,1395,628,0.04309752320059716,0.0385021191970582,0.9970681708593496,92.96052220497388,0.10404374535672949,1,0.048091936459075925,1
box_sphere_added_outliers_medium_3,added_outliers,1398,2446,0.049189687817449486,5.979175654905605e-05,0.9675737119527257,35.68957894280284,-0.03144150575761161,0,0.0642310768229052,1
box_sphere_added_outliers_medium_3,added_outliers,1401,2215,0.08084995467196365,0.06333719050262845,0.9967268607206151,71.8136052256336,0.013072066529776083,0,0.015482415894596726,1
box_sphere_added_outliers_medium_3,added_outliers,1403,2857,0.01656674569894593,0.00722749143667023,0.9466878245664943,63.11409035056686,0.02218789640773839,1,0.11133824901204271,0
box_sphere_added_outliers_medium_3,added_outliers,1406,1284,0.02527566524970471,0.006668627314442453,0.958605340628321,45.26699731173705,0.051138920869953246,0,0.08280451726321306,0
box_sphere_added_outliers_medium_3,added_outliers,1407,3131,0.01667740937464754,0.010324580421715187,0.951425468241381,38.80805685925413,0.31845354361864603,1,0.06346036670273236,1
box_sphere_added_outliers_medium_3,added_outliers,1412,3288,0.05080161487763926,0.046340107527323024,0.998060208837662,76.92998758888929,-0.08701128608063385,1,0.04059290781382353,1
box_sphere_added_outliers_medium_3,added_outliers,1415,2950,0.07542860404778856,0.07500959013175088,0.9969483155314867,73.4539231364692,0.18742527081760316,1,0.08532074137192186,0
box_sphere_added_outliers_medium_3,added_outliers,1416,1968,0.05344732167930898,0.05037920587298654,0.9938353969126204,33.08338062057289,0.28455190702932254,1,0.1154691748613284,0
box_sphere_added_outliers_medium_3,added_outliers,1417,2169,0.05586699014133457,0.05366882318382504,0.9929869858348133,41.487847650338196,0.14479010813227725,1,0.12120667281470544,0
box_sphere_added_outliers_medium_3,added_outliers,1418,1397,0.044535807230135664,0.04268331545509987,0.9970625953175891,70.68386083525077,0.2006705287956235,1,0.10858677685253353,0
box_sphere_added_outliers_medium_3,added_outliers,1420,927,0.05352410401961672,0.03966144032408431,0.9986102604888211,145.71715691286528,-0.14107842282152755,0,0.13290242915680822,0
box_sphere_added_outliers_medium_3,added_outliers,1421,886,0.031814348758443106,0.027308619067533402,0.9995790594628176,166.01582995658305,0.15811090229959635,0,0.12203956458059352,0
box_sphere_added_outliers_medium_3,added_outliers,1425,1620,0.059082068010361755,0.055344851835966435,0.996434341255089,158.447666332481,0.0039603970753144535,0,0.11055528441229964,0
box_sphere_added_outliers_medium_3,added_outliers,1427,1267,0.022272032730768547,0.02140128694269736,0.9976943980158401,86.70190003939764,0.16430289256127106,1,0.09157956474277691,0
box_sphere_added_outliers_medium_3,added_outliers,1429,1150,0.07487998836428159,0.07309408699364581,0.999775317214485,63.95498010408084,-0.08701128175163891,1,0.10323161287929082,0
box_sphere_added_outliers_medium_3,added_outliers,1436,2166,0.05169236624442171,0.030892834930505788,0.9962611115479356,102.48898680451038,-0.08701127698974474,0,0.05979469282675754,1
box_sphere_added_outliers_medium_3,added_outliers,1437,373,0.029874302769366694,0.0038130120505681865,0.9971722113588224,85.30113015922846,0.018349116446001158,0,0.09223678467330262,0
box_sphere_added_outliers_medium_3,added_outliers,1438,587,0.048913804358646944,0.011845265009642501,0.9943234930141006,69.30204445728641,0.19170188841385205,0,0.006196655754268383,1
box_sphere_added_outliers_medium_3,added_outliers,1440,833,0.07091493193202003,0.06705273068586794,0.9997807976679861,58.43209347470218,0.04651996801589379,1,0.055294444683667905,1
box_sphere_added_outliers_medium_3,added_outliers,1442,1048,0.056270684630947386,0.052307588808872416,0.3274291830805689,90.56208425083543,0.39849613751025065,0,0.16777906314207436,0
box_sphere_added_outliers_medium_3,added_outliers,1444,1241,0.05760797360480539,0.03915916536174232,0.9730190206367387,121.77560603384468,0.1022305335685165,0,0.1487676579234872,0
box_sphere_added_outliers_medium_3,added_outliers,1448,3245,0.048036927225109494,0.037885111681393094,0.9863810459804995,54.046384298182964,0.12062789163484515,0,0.07334414885299202,1
box_sphere_added_outliers_medium_3,added_outliers,1449,2981,0.028936940181520456,0.012185275595404233,0.99811742162496,40.97327731346225,0.2006704732401757,0,0.07399642117954544,1
box_sphere_added_outliers_medium_3,added_outliers,1454,39,0.06214668068592737,0.024754450708580938,0.8738749630591505,49.30333401551882,0.2902826231996425,0,0.08722009144918733,0
box_sphere_added_outliers_medium_3,added_outliers,1457,749,0.048105058622059875,0.012600532819877051,0.9981065592676257,135.19199201420705,0.08483876809507168,0,0.113081260996116,0
box_sphere_added_outliers_medium_3,added_outliers,1462,2672,0.04846163337600018,0.04350623418727512,0.9905701256981939,88.37132991325173,-0.13830450821947837,1,0.0640069219502167,1
box_sphere_added_outliers_medium_3,added_outliers,1464,648,0.06591970379728224,0.06474868169221594,0.9981811033493134,89.47954838213262,0.013072066529776083,0,0.11339643729423439,0
box_sphere_added_outliers_medium_3,added_outliers,1465,3161,0.02660360906559874,0.01351869460926067,0.9737081282078989,52.86689078787422,-0.08701129365637626,1,0.061551759708873506,1
box_sphere_added_outliers_medium_3,added_outliers,1480,954,0.028969997653507867,0.015744358586859533,0.9925286840063261,120.24677678769913,0.29865076970508436,1,0.09656887474826235,0
box_sphere_added_outliers_medium_3,added_outliers,1482,1164,0.07481394557058889,0.07240850629153128,0.9849646485647106,190.79371611288423,0.0039603970753144535,0,0.12876569084393483,0
box_sphere_added_outliers_medium_3,added_outliers,1487,2087,0.022311637799271353,0.021018457832185738,0.9998483111124846,137.05463256407504,0.06713922347264303,1,0.0870335679168124,0
box_sphere_added_outliers_medium_3,added_outliers,1490,1588,0.4699812544276568,0.3516726074638423,0.37895765857917857,189.44792829277392,-3.131510862619547,0,0.5240750666337105,0
box_sphere_added_outliers_medium_3,added_outliers,1493,68,0.4927450063991576,0.4888243569081465,0.9072798731146456,196.38206170587307,-2.571906943515876,0,0.4931336866441275,0
box_sphere_added_outliers_medium_3,added_outliers,1498,2585,0.06284749535213024,0.043205667497634055,0.33284803583419037,65.59528088720582,-0.08701127698974474,0,0.14977366494715388,0
box_sphere_added_outliers_medium_3,added_outliers,1502,1079,0.028671432939300884,0.007476767796997128,0.9877617563074864,101.6585608536779,0.04651996801589379,0,0.08602077304726398,0
box_sphere_added_outliers_medium_3,added_outliers,1503,1280,0.06683229474874706,0.056234211968743786,0.9890112595033371,27.042238595814908,0.18492222242265643,0,0.07888063741088247,1
box_sphere_added_outliers_medium_3,added_outliers,1506,648,0.0657764767660511,0.06225390896583524,0.9977696457251999,70.7882319544739,-0.1982367582302113,1,0.1232986406036975,0
box_sphere_added_outliers_medium_3,added_outliers,1512,3335,0.0757529437764674,0.0697023127065728,0.9963364231462168,28.138955631635127,-0.04445171909261546,0,0.009125498537446203,1
box_sphere_added_outliers_medium_3,added_outliers,1524,1426,0.04283186767811531,0.02268177330831391,0.968184293215177,101.79582139274746,0.1265625987664272,0,0.14727475168473447,0
box_sphere_added_outliers_medium_3,added_outliers,1525,3282,0.09518976133869714,0.08608996401533263,0.9969723628778402,124.18773157618521,0.15415053697024822,0,0.09167812018122755,0
box_sphere_added_outliers_medium_3,added_outliers,1526,815,0.034131739650377524,0.005331216308321436,0.9960044103978787,62.72326944695803,-0.18709462000801433,0,0.03291382488864086,1
box_sphere_added_outliers_medium_3,added_outliers,1527,3220,0.02012913685587972,0.012040553353554376,0.9974212651661131,139.94541753427166,-0.1779829688601481,1,0.10020741224754516,0
box_sphere_added_outliers_medium_3,added_outliers,1530,1781,0.007843968171288351,0.0008997194209101908,0.9961097700191026,92.91945981569006,0.11365918715954185,1,0.04616767821946985,1
box_sphere_added_outliers_medium_3,added_outliers,1534,3014,0.02690680898206944,0.004706955125076431,0.9464739438883963,54.16302954355255,0.3404324262432398,1,0.0645726291160106,1
box_sphere_added_outliers_medium_3,added_outliers,1539,647,0.0289769837702334,0.003462472154741032,0.9974088150399899,40.13343389610617,0.17081752910415615,1,0.025875623784800482,1
box_sphere_added_outliers_medium_3,added_outliers,1540,139,0.031798495976191485,0.0035634042936103453,0.9962307027756432,72.30033383849856,-0.28768185022973153,1,0.07042697613010108,1
box_sphere_added_outliers_medium_3,added_outliers,1547,1235,0.01960276638734335,0.013974556579740435,0.9973354898223585,109.06736126130383,0.1022305335685165,1,0.06667657434234525,1
box_sphere_added_outliers_medium_3,added_outliers,1549,1884,0.047528927213633373,0.02647350119417298,0.9976673908947808,70.56608966274781,0.052750508863850534,0,0.039790871278634725,1
box_sphere_added_outliers_medium_3,added_outliers,1565,2293,0.027261606355742873,0.020855595868142115,0.9954023717078544,107.94574264866334,0.5238972331533275,1,0.08416798769709644,0
box_sphere_added_outliers_medium_3,added_outliers,1566,1483,0.04973728237345697,0.047070955721841945,0.990290581705684,49.160689214084236,0.09531009980439203,0,0.03820494632544701,1
box_sphere_added_outliers_medium_3,added_outliers,1572,1048,0.04679645425798733,0.00029382539022318986,0.39325421603638394,99.78678624092662,0.44850652806616825,0,0.17336619458356672,0
box_sphere_added_outliers_medium_3,added_outliers,1573,1512,0.03240119974798069,0.0011493762798639624,0.9575539906319438,52.31244827687336,0.218370118426323,1,0.022573743492185515,1
box_sphere_added_outliers_medium_3,added_outliers,1580,2601,0.037417261499813385,0.013877240989611548,0.9261169648416405,74.83591612531986,0.1265625987664272,0,0.092914075998062,0
box_sphere_added_outliers_medium_3,added_outliers,1581,902,0.0894902765473995,0.0839330449477149,0.29941241280255676,34.399021987119646,0.030771630889001002,0,0.2093010940036043,0
box_sphere_added_outliers_medium_3,added_outliers,1585,561,0.053264688876004204,0.022937834270515052,0.9993273976276935,125.54918079767779,0.12429756541725735,0,0.08664840213305634,0
box_sphere_added_outliers_medium_3,added_outliers,1590,2663,0.19047003727676187,0.18554026836836424,0.06741321022442959,137.89083670167727,-1.265664219489264,0,0.15418166090935534,0
box_sphere_added_outliers_medium_3,added_outliers,1597,2742,0.03690098231299554,0.03062252533146936,0.9799701834541815,93.79353382485553,-0.17039282245057719,1,0.051638403760662865,1
box_sphere_added_outliers_medium_3,added_outliers,1601,1168,0.02838990942287325,0.023173099974039612,0.9743381134333758,30.731380063177166,0.14479017259995727,0,0.037425055592172955,1
box_sphere_added_outliers_medium_3,added_outliers,1608,2765,0.04157234219318025,0.018070949684771246,0.7453324836204578,50.86819282996964,0.14479010813227725,0,0.08216962303127995,0
box_sphere_added_outliers_medium_3,added_outliers,1609,618,0.04863714427420746,0.037213469786142886,0.9853582569142619,61.92637358177425,-0.08701130006662104,1,0.12421136219133923,0
box_sphere_added_outliers_medium_3,added_outliers,1612,1337,0.07315607629491727,0.06984198362214296,0.999540190526364,57.743880341682626,0.1265625987664272,0,0.017077116718552512,1
box_sphere_added_outliers_medium_3,added_outliers,1619,1950,0.03508702064629705,0.025347586852955465,0.9977924587043778,97.99290225494848,0.2006704732401757,1,0.07546755130672837,1
box_sphere_added_outliers_medium_3,added_outliers,1624,259,0.030808011875872395,0.009691194949044591,0.7492602992298643,42.421799748486826,0.09957452512654494,0,0.06550880058487915,1
box_sphere_added_outliers_medium_3,added_outliers,1627,3053,0.06974480913249023,0.05896143943502803,0.9867046907355642,32.726723674126504,-0.08701129365637626,0,0.012708998466669648,1
box_sphere_added_outliers_medium_3,added_outliers,1629,1456,0.030920960966136203,0.018603332592420873,0.9997429065144372,96.83777994399938,0.030771630889001002,1,0.09517075646532244,0
box_sphere_added_outliers_medium_3,added_outliers,1636,1135,0.037230212983768406,0.0057214741447168165,0.9672917411405505,88.10115123959072,0.014771305799584387,1,0.10722866405005743,0
box_sphere_added_outliers_medium_3,added_outliers,1644,2243,0.021796379538108368,0.021546955253214452,0.9694314250271747,92.2435650534164,0.030771630889001002,1,0.10323230900261537,0
box_sphere_added_outliers_medium_3,added_outliers,1647,3250,0.044560401204065285,0.03223950890636464,0.9916908548428327,37.240096874379375,0.3024531163468433,0,0.029048428317206172,1
box_sphere_added_outliers_medium_3,added_outliers,1648,917,0.041597382458686785,0.0382085526300046,0.972349702655602,59.04109249108922,-0.21484453759063157,1,0.10597655392822714,0
box_sphere_added_outliers_medium_3,added_outliers,1650,2300,0.024994414837106734,0.020431505412355236,0.9989455779388653,39.56656214590302,-0.08701129365637626,1,0.062007542244594795,1
box_sphere_added_outliers_medium_3,added_outliers,1663,96,0.01876619081843016,0.013211763297925333,0.9997703174698417,95.08966943824088,-0.02985292393404641,1,0.11777604504588787,0
box_sphere_added_outliers_medium_3,added_outliers,1665,394,0.03833304542065392,0.005650413459980799,0.9995152961789207,89.235208932043,0.09531007980442975,1,0.050894591352271853,1
box_sphere_added_outliers_medium_3,added_outliers,1667,3366,0.04506816111172901,0.029613791560736926,0.9951704347389091,28.11776340654024,0.06713924331387189,1,0.01606932337909566,1
box_sphere_added_outliers_medium_3,added_outliers,1668,699,0.3648092881090591,0.3622495256461738,0.026550275969853283,181.380868600786,-3.178030830635441,0,0.2883219692882025,0
box_sphere_added_outliers_medium_3,added_outliers,1671,1281,0.0383581097906751,0.03310824757456179,0.9749055804014998,43.05320348011821,0.006079042824351527,0,0.0895392990350906,0
box_sphere_added_outliers_medium_3,added_outliers,1675,211,0.04237173725592338,0.03355638277903617,0.9976253937659646,73.02824877775066,0.09531009980439203,0,0.08347620529879268,0
box_sphere_added_outliers_medium_3,added_outliers,1681,71,0.024996028685189912,0.01995455183244972,0.9941546163571391,41.62530581364064,0.03559091165791788,1,0.05317145993074548,1
box_sphere_added_outliers_medium_3,added_outliers,1683,2437,0.0391108506350642,0.024918779809281606,0.9367882687479825,91.58775570898133,-0.003629764572321029,1,0.10120146210966462,0
box_sphere_added_outliers_medium_3,added_outliers,1689,381,0.04948086603209018,0.03620026718129588,0.9944539861950803,107.32726116511671,0.013072066529776083,0,0.1450215264103313,0
box_sphere_added_outliers_medium_3,added_outliers,1691,208,0.027874851016680132,0.008964683885012141,0.9999164242194043,114.67023697421904,0.23144207003834605,1,0.07310547085837149,1
box_sphere_added_outliers_medium_3,added_outliers,1699,166,0.0366666834708912,0.03374002311828505,0.9851045491619819,86.59066515306559,0.08288759499100361,1,0.05744948421212827,1
box_sphere_added_outliers_medium_3,added_outliers,1701,3035,0.041159696543157855,0.003839017421837102,0.9709636957801137,91.35838151851347,-0.04049131806474003,1,0.12307629143244488,0
box_sphere_added_outliers_medium_3,added_outliers,1704,1247,0.09570289015068778,0.07786110834182478,0.9889789528797381,48.13790337876466,-0.04049131806474003,1,0.06987151973994428,1
box_sphere_added_outliers_medium_3,added_outliers,1705,3292,0.08123678169895468,0.07984296590928108,0.9997808661964521,59.48140628564533,-0.14107842282152755,0,0.03750221092205361,1
box_sphere_added_outliers_medium_3,added_outliers,1706,1948,0.03138890029404828,0.022219262952044423,0.9825148562457174,124.50238883315737,-0.17402257973701005,1,0.11117823692752771,0
box_sphere_added_outliers_medium_3,added_outliers,1709,3335,0.08745592230960213,0.08120490365940936,0.9975962070184681,36.474726921792374,-0.003629764572321029,0,0.0118256526378214,1
box_sphere_added_outliers_medium_3,added_outliers,1714,2228,0.054321210991960855,0.019634293598827558,0.9909707916398528,188.35353924312844,0.21309300434980707,0,0.07017988870290892,1
box_sphere_added_outliers_medium_3,added_outliers,1721,340,0.01892628775325747,0.004705856684793631,0.9966756847171688,47.419431268233886,0.04651996801589379,1,0.04426967625243697,1
box_sphere_added_outliers_medium_3,added_outliers,1726,603,0.042797497215229345,0.0033873567504063944,0.9947341362267292,24.853366084843945,-0.1335312497675327,0,0.1278143314094278,0
box_sphere_added_outliers_medium_3,added_outliers,1729,2490,0.04862042033496047,0.03864944436307599,0.9989060414580886,74.24390892055749,0.04651996801589379,0,0.09558980581066584,0
box_sphere_added_outliers_medium_3,added_outliers,1731,3106,0.023361305668884776,0.015302810997517624,0.9614149839591803,61.909391089004195,-0.08701127698974474,1,0.09917879767765796,0
box_sphere_added_outliers_medium_3,added_outliers,1733,1447,0.06804945284123325,0.05855996693551544,0.9995322522330445,35.02730489889759,-0.0580238014609411,0,0.01414667519891449,1
box_sphere_added_outliers_medium_3,added_outliers,1745,1913,0.04883173419552182,0.04574066717112331,0.9981717875063333,109.37550680926122,0.052750508863850534,0,0.048959324930580875,1
box_sphere_added_outliers_medium_3,added_outliers,1746,420,0.05176921837554791,0.04263036378116726,0.9876003797869316,140.74896580322385,0.25782881518479,0,0.08168286431441633,0
box_sphere_added_outliers_medium_3,added_outliers,1751,1475,0.020683211421607846,0.011283125787188254,0.8485128405022675,79.58945962978247,-0.19237173709202657,0,0.0794709274131985,1
box_sphere_added_outliers_medium_3,added_outliers,1753,2146,0.021900384244960318,0.010107650982999945,0.9386575532780501,56.90577496466549,0.39584014675172047,1,0.10178593640541982,0
box_sphere_added_outliers_medium_3,added_outliers,1754,744,0.08145678707175487,0.08131302824713378,0.9953026492838282,61.895248175470016,0.040821954520294364,0,0.04388558581028816,1
box_sphere_added_outliers_medium_3,added_outliers,1759,2882,0.05448577501194392,0.05428288568707557,0.8056625637851389,40.56874475881386,0.18924182722489283,0,0.11534120152527637,0
box_sphere_added_outliers_medium_3,added_outliers,1761,3091,0.028678658991713984,0.015507054681580534,0.9471609028200807,78.39997088444237,0.16430289256127106,1,0.0825386268773648,0
box_sphere_added_outliers_medium_3,added_outliers,1764,1835,0.03524398744048749,0.015253863263575336,0.9996756057383692,103.90557628299413,-0.24116177110294254,0,0.09280709451565129,0
box_sphere_added_outliers_medium_3,added_outliers,1765,376,0.030812664232535248,0.026493450264137675,0.6238121940401968,32.27853596883204,0.2559331483309493,1,0.1265602904694148,0
box_sphere_added_outliers_medium_3,added_outliers,1767,474,0.05437489621494203,0.014574306304077127,0.9986187269019707,107.226737750146,0.1096988178776327,0,0.0437571994842912,1
box_sphere_added_outliers_medium_3,added_outliers,1768,717,0.05211317829454153,0.04809045703959864,0.9514280517973824,31.638125490945136,0.00260077991434432,1,0.03490018079892036,1
box_sphere_added_outliers_medium_3,added_outliers,1773,721,0.05284101943514739,0.052111333008353675,0.9913365243308069,21.757071151583144,-0.11054181459919184,0,0.020908445381809547,1
box_sphere_added_outliers_medium_3,added_outliers,1774,16,0.019259713767200804,0.002603901261680057,0.9833233569577807,85.96429195421707,0.16430289256127106,1,0.02731266810057,1
box_sphere_added_outliers_medium_3,added_outliers,1775,2480,0.049663492105708994,0.048018460351399624,0.6907436544416835,50.07855961416995,-0.164972819810752,0,0.1080908135372912,0
box_sphere_added_outliers_medium_3,added_outliers,1778,2893,0.0366389146579131,0.02725384514084708,0.997774184017436,102.4968719542945,-0.2780663071165236,0,0.11733565344425032,0
box_sphere_added_outliers_medium_3,added_outliers,1780,1836,0.03446477252297566,0.03215965984503454,0.9915993945586099,56.41229873810169,0.29865076970508436,1,0.055374643221096205,1
box_sphere_added_outliers_medium_3,added_outliers,1788,920,0.05590711876448354,0.04056492786568735,0.9864173591955566,32.439388098515664,0.0039603970753144535,1,0.07062383482570726,1
box_sphere_added_outliers_medium_3,added_outliers,1789,1210,0.045329718564471856,0.017825017923638577,0.9962628151387386,80.99984442834638,-0.003629764572321029,0,0.15012307344729414,0
box_sphere_added_outliers_medium_3,added_outliers,1791,818,0.07308504305678312,0.06797300797829293,0.9856080982138531,33.26316224301531,0.36497342640739133,0,0.016165070768039504,1
box_sphere_added_outliers_medium_3,added_outliers,1792,2181,0.02125109331015796,0.008765569949556488,0.9964952235680709,45.41171513449786,0.061408575714894935,1,0.09836648891153454,0
box_sphere_added_outliers_medium_3,added_outliers,1796,3350,0.01615246400090281,0.013372861727704723,0.9950981056251007,55.10199157886484,-0.02985292393404641,1,0.07186198929975356,1
box_sphere_added_outliers_medium_3,added_outliers,1798,1219,0.03289740054928519,0.010071566452961134,0.9896786038109068,69.9660007414269,0.05608942049723534,0,0.08058288429504774,0
box_sphere_added_outliers_medium_3,added_outliers,1803,1048,0.049992154625064913,0.03743118859193762,0.30616341348320514,84.70426527596729,0.39849613751025065,0,0.16073584600631047,0
box_sphere_added_outliers_medium_3,added_outliers,1812,868,0.0765191743786875,0.07491121958136211,0.9312618828863308,71.8096189122966,0.14479010813227725,0,0.06299800774130346,1
box_sphere_added_outliers_medium_3,added_outliers,1814,2193,0.05826943892958991,0.053858058702089436,0.9990646445245508,30.888217504509445,0.06713926882404035,0,0.005507721337942323,1
box_sphere_added_outliers_medium_3,added_outliers,1816,170,0.04811199558461265,0.030363800095806182,0.9999153242230511,148.7879023947655,-0.5288435816502015,0,0.13088549121831775,0
box_sphere_added_outliers_medium_3,added_outliers,1817,945,0.11321248786683911,0.08689006326817085,0.9330493541503558,37.5047085866896,-0.2267730758867899,0,0.08323939669613618,0
box_sphere_added_outliers_medium_3,added_outliers,1820,2736,0.044583217009193044,0.02617858798529276,0.7736014433380614,50.616179654878046,-0.4142240256325734,0,0.07509336696191242,1
box_sphere_added_outliers_medium_3,added_outliers,1824,3069,0.04438210037698298,0.03526885771184385,0.992574733635476,74.76819138438778,0.15415053697024822,1,0.03264926847397712,1
box_sphere_added_outliers_medium_3,added_outliers,1826,1222,0.039849972722058674,0.03686091478695662,0.997101335389632,71.76255547244554,0.26966331933028354,1,0.11800376004262761,0
box_sphere_added_outliers_medium_3,added_outliers,1827,1472,0.07265399581298589,0.05671151571252593,0.995786964021396,86.22909816447395,-0.04618933913608186,0,0.01323269718843592,1
box_sphere_added_outliers_medium_3,added_outliers,1828,2350,0.05444435689123583,0.037156720441462496,0.9401399548241544,40.95175915412668,0.1466033162973087,1,0.05621626235293191,1
box_sphere_added_outliers_medium_3,added_outliers,1832,429,0.01108810451074447,0.0011464497626225002,0.9835212520300616,90.58221592063185,0.21309300434980707,1,0.08397054910264222,0
box_sphere_added_outliers_medium_3,added_outliers,1835,2372,0.03562839409699882,0.010408537355215974,0.9980240458417649,123.30446291754832,0.17081752910415615,0,0.0825701990573922,0
box_sphere_added_outliers_medium_3,added_outliers,1836,2636,0.03068355291673441,0.018068675131264034,0.9752605924822225,58.83913334120961,0.506051928973582,1,0.09149623003833784,0
box_sphere_added_outliers_medium_3,added_outliers,1842,3274,0.05408406396065569,0.042045833510547186,0.9985992239744917,70.33766166262131,-0.003629764572321029,1,0.1088484006058783,0
box_sphere_added_outliers_medium_3,added_outliers,1843,1854,0.06919427484693687,0.06867185996815618,0.9801614234577979,63.0874250474889,0.22314335131438975,1,0.021585726280348504,1
box_sphere_added_outliers_medium_3,added_outliers,1855,1533,0.030243257260223984,0.018492823898862178,0.9956407492374523,122.68140618780457,0.06713922347264303,1,0.03644310811198789,1
box_sphere_added_outliers_medium_3,added_outliers,1856,848,0.07033318627947871,0.06174252525642725,0.946307374012175,79.1256982584712,0.040821954520294364,0,0.04245809022644137,1
box_sphere_added_outliers_medium_3,added_outliers,1860,822,0.05619226946325219,0.042496197363067256,0.9717547247889111,80.77787938476979,0.11658750015319012,0,0.14447671458665873,0
box_sphere_added_outliers_medium_3,added_outliers,1863,1300,0.028874526100212187,0.026862076631916233,0.9993951951108571,57.69053972635637,0.249460616774678,1,0.10627770339128026,0
box_sphere_added_outliers_medium_3,added_outliers,1864,2266,0.07477452342409642,0.07132634957338091,0.9994839246054095,40.222259769601465,0.1466033162973087,0,0.021138461638418888,1
box_sphere_added_outliers_medium_3,added_outliers,1872,449,0.03994547146832922,0.0388778379407272,0.9618021465791005,43.87905942697911,0.09531009980439203,1,0.04609100424908672,1
box_sphere_added_outliers_medium_3,added_outliers,1874,1642,0.031150275902243302,0.026484473369764394,0.963976603655637,77.4311189100625,-0.08701130006662104,0,0.10386681717452169,0
box_sphere_added_outliers_medium_3,added_outliers,1881,2399,0.05922989797412503,0.05661137011370252,0.9351917745320734,52.089510448435554,0.2943559791911794,0,0.03924318249988125,1
box_sphere_added_outliers_medium_3,added_outliers,1883,31,0.011500996044806403,0.0011280706095791368,0.9710249229136988,53.977650278327076,-0.04445171909261546,1,0.08419730849133662,0
box_sphere_added_outliers_medium_3,added_outliers,1896,2148,0.04525834252786432,0.01809516400691365,0.9976219694297419,72.81053214653213,0.1466033162973087,1,0.044031947938098885,1
box_sphere_added_outliers_medium_3,added_outliers,1897,1997,0.05521832840921179,0.035127924876249675,0.9994407241956025,150.60253552230824,-0.08701129365637626,0,0.14721261003619585,0
box_sphere_added_outliers_medium_3,added_outliers,1898,2417,0.08082161883299953,0.0782004733607105,0.9986942855178609,87.53358566753273,0.14937719756610657,1,0.1071604469375284,0
box_sphere_added_outliers_medium_3,added_outliers,1899,2357,0.0468421183408478,0.022363329993589816,0.9987592342607275,89.46408661935662,0.04651996801589379,1,0.04724360333661383,1
box_sphere_added_outliers_medium_3,added_outliers,1903,2424,0.07442642425879632,0.07309798558044299,0.9999434835900968,142.97673699011256,0.09531007980442975,0,0.06474856723685465,1
box_sphere_added_outliers_medium_3,added_outliers,1907,500,0.04035022856394889,0.03371517168085564,0.9994912621751765,108.63639833418542,-0.12957086459695555,1,0.09477571650200313,0
box_sphere_added_outliers_medium_3,added_outliers,1912,240,0.015854761899514968,0.007975499925889818,0.9888599916381042,55.79771330981687,0.13613203432472423,1,0.08193847932993939,0
box_sphere_added_outliers_medium_3,added_outliers,1918,2499,0.06215344645242095,0.04227399942275393,0.9641299062171892,60.09438561851631,0.14351217268982353,0,0.15562690665884124,0
box_sphere_added_outliers_medium_3,added_outliers,1920,3085,0.035118204336231154,0.014471157832680687,0.929501972440152,46.09257878765063,0.08734192253618818,1,0.05148139438552624,1
box_sphere_added_outliers_medium_3,added_outliers,1924,1053,0.029143968964359484,0.012673880721569062,0.999604558273153,38.125645567167126,0.061408575714894935,0,0.03242578140709739,1
box_sphere_added_outliers_medium_3,added_outliers,1927,2284,0.03282052426112678,0.013095370061586906,0.8876305039827914,67.46389526681477,0.17081752910415615,1,0.06927449428225135,1
box_sphere_added_outliers_medium_3,added_outliers,1929,208,0.03940536272832296,0.0244238547368637,0.9998273204483044,91.5160325484268,0.18492210635144704,0,0.07109485550438943,1
box_sphere_added_outliers_medium_3,added_outliers,1930,3409,0.07094711270107365,0.059926285126482765,0.9959689085708197,73.67512065759627,0.2414924277604701,1,0.05969415457750112,1
box_sphere_added_outliers_medium_3,added_outliers,1931,1496,0.057559654052743915,0.052120441720731985,0.9986249225875258,85.05466538379756,0.23576179524078658,0,0.12392220067676657,0
box_sphere_added_outliers_medium_3,added_outliers,1932,3323,0.01866264547075458,0.008607047533804776,0.9941174765891213,98.10434992644426,0.2758937851784005,1,0.054984791799273125,1
box_sphere_added_outliers_medium_3,added_outliers,1933,2069,0.03299681236724896,0.03252346822873255,0.9989129307969741,103.86848458261183,-0.08701129365637626,0,0.07648398688761807,1
box_sphere_added_outliers_medium_3,added_outliers,1935,2696,0.05441187485992418,0.021782162786593146,0.999008208662927,49.181610510030616,0.22314335131438975,0,0.1067880037097465,0
box_sphere_added_outliers_medium_3,added_outliers,1936,3160,0.0474730025943388,0.016183201099996086,0.9986817215977863,106.43141808842046,-0.19237165931440658,0,0.1416693014700908,0
box_sphere_added_outliers_medium_3,added_outliers,1943,1269,0.08890042888457139,0.08431546841582989,0.9929578403883316,107.9966737862057,0.3512432281353791,0,0.08005014744307258,0
box_sphere_added_outliers_medium_3,added_outliers,1948,3242,0.060949660198315186,0.058897586708337224,0.9980325748830627,94.6397349653885,0.5320271830657537,1,0.09831920955157637,0
box_sphere_added_outliers_medium_3,added_outliers,1951,1309,0.07309051881471924,0.07285434376749157,0.9977834373492634,88.869786256096,0.3378714459353234,1,0.09006737660533706,0
box_sphere_added_outliers_medium_3,added_outliers,1953,683,0.05175192249914641,0.04828074962963604,0.9996705096989312,101.56179282475065,-0.04049131806474003,1,0.10698734541092743,0
box_sphere_added_outliers_medium_3,added_outliers,1955,1233,0.01632125149122834,0.012185386161282149,0.9951765002351266,145.13292686960017,0.4470706424096828,1,0.09147242596607112,0
box_sphere_added_outliers_medium_3,added_outliers,1957,268,0.020188723531739734,0.019079022906575614,0.9987641229275266,118.00899927984942,0.08483876809507168,1,0.10667039698437611,0
box_sphere_added_outliers_medium_3,added_outliers,1959,256,0.07635868024477782,0.051862458517807214,0.8356517375367402,42.728726268328835,-0.19621050449852667,0,0.08156870853278453,0
box_sphere_added_outliers_medium_3,added_outliers,1960,1706,0.07792600947034359,0.07560463394483331,0.996156205632344,142.18594311537845,0.0,0,0.07430036890368828,1
box_sphere_added_outliers_medium_3,added_outliers,1965,317,0.053334781992962745,0.03151430439806949,0.9991823683562491,96.4536706966395,-0.12783325150999786,0,0.11326005833875989,0
box_sphere_added_outliers_medium_3,added_outliers,1967,2360,0.06428068322582062,0.06312512502582124,0.9544814408608041,32.073047812308836,0.14660339524454963,0,0.08217939610989859,0
box_sphere_added_outliers_medium_3,added_outliers,1970,91,0.04095585413401427,0.034074781797580236,0.9290697549841073,71.06902520893418,-0.13146300517324933,1,0.09525417849358393,0
box_sphere_added_outliers_medium_3,added_outliers,1972,1633,0.02244636741703707,0.012050595136293894,0.9597387045319484,74.20985744052193,-0.17938456998601027,0,0.11562814699924229,0
box_sphere_added_outliers_medium_3,added_outliers,1977,1597,0.01869674028335487,0.010530949629893758,0.8165618007760426,41.76350639466624,0.08734196634564621,1,0.061149116244141016,1
box_sphere_added_outliers_medium_3,added_outliers,1984,431,0.0561921472851271,0.052625579013839616,0.9974671629552806,75.05428435908676,-0.04618933913608186,0,0.09000348868849077,0
box_sphere_added_outliers_medium_3,added_outliers,1988,781,0.4333830712710917,0.43250357566256614,0.9992368521301839,264.61145252995226,-3.265042124291817,0,0.42745070533416296,0
box_sphere_added_outliers_medium_3,added_outliers,1993,362,0.04644749501331816,0.0352108879866854,0.9930999056192845,47.42931943811858,-0.17402257973701005,1,0.06754561506826426,1
box_sphere_added_outliers_medium_3,added_outliers,1995,1828,0.04950270156907592,0.045891235830092685,0.9851353517226921,63.66232901840413,-0.05064369049074789,0,0.10448339247113907,0
box_sphere_added_outliers_medium_3,added_outliers,1998,1705,0.028330225412906484,0.021846665380443032,0.9014539424767066,66.48296188024338,0.08887921751379496,1,0.03228852878216454,1
box_sphere_added_outliers_medium_3,added_outliers,2012,1947,0.027157284200747173,0.025463109573054064,0.9609738587211288,32.54628469964322,0.10404380256487289,1,0.031674942420342314,1
box_sphere_added_outliers_medium_3,added_outliers,2013,3111,0.06378423710889611,0.05750428287306242,0.9970905226329909,37.53126168731857,0.12809989682095158,1,0.09502017530776734,0
box_sphere_added_outliers_medium_3,added_outliers,2018,2185,0.020968528073406833,0.018640590634328782,0.9966291036230741,55.707141048457714,-0.042559570940579286,1,0.038322994849502134,1
box_sphere_added_outliers_medium_3,added_outliers,2030,2415,0.030684633158111374,0.011744895665551902,0.9943070618069755,69.82537661955176,0.05959203021667493,1,0.07030139398819374,1
box_sphere_added_outliers_medium_3,added_outliers,2033,1900,0.04570868384322856,0.04463758507569958,0.9996763490094096,96.0118108231228,0.06713924331387189,0,0.09710739604781539,0
box_sphere_added_outliers_medium_3,added_outliers,2034,564,0.06170489695389632,0.05323383721637682,0.9991589883305989,108.15385163491727,0.04651996801589379,1,0.07535297662370577,1
box_sphere_added_outliers_medium_3,added_outliers,2038,2367,0.011681292254234069,0.008512673951787847,0.9889966718952202,71.83518876382954,-0.042559570940579286,1,0.09466734345466785,0
box_sphere_added_outliers_medium_3,added_outliers,2040,3145,0.03697997563039728,0.0247153528501837,0.9949656271554045,95.13631121562483,0.08004263075053333,1,0.08030734948968898,0
box_sphere_added_outliers_medium_3,added_outliers,2045,2989,0.0471092597851368,0.03002732418957659,0.9995202803685301,136.67420583880033,0.20067050498614195,1,0.12971711487317245,0
box_sphere_added_outliers_medium_3,added_outliers,2049,3142,0.047005139344577195,0.04587320195900357,0.9988728030180679,64.2658421772069,-0.08701130006662104,1,0.10501675168626842,0
box_sphere_added_outliers_medium_3,added_outliers,2051,3119,0.06210555936703527,0.06058825457390231,0.9961111117750762,117.59578888674217,-0.04618933913608186,1,0.10919334021227911,0
box_sphere_added_outliers_medium_3,added_outliers,2052,3248,0.0564322725259565,0.0498610647287658,0.961617576045404,152.19135828901838,0.4436164799552494,1,0.11269880564453096,0
box_sphere_added_outliers_medium_3,added_outliers,2059,2960,0.023024183964727468,0.022977816598495633,0.9999995330628432,92.0247354264844,-0.042559570940579286,1,0.10936623150966168,0
box_sphere_added_outliers_medium_3,added_outliers,2060,1916,0.05859315871112829,0.05241613632360183,0.8814031777530875,55.099903522446006,-0.19237165931440658,0,0.03823882210689588,1
box_sphere_added_outliers_medium_3,added_outliers,2063,2383,0.04609421222169153,0.01663359297413295,0.9922100747649965,38.39420248714497,0.18924182722489283,0,0.06507604667120957,1
box_sphere_added_outliers_medium_3,added_outliers,2070,1907,0.06521908090206212,0.031036133634691883,0.997709287792884,132.45158246057693,0.09531007980442975,0,0.14692571774960456,0
box_sphere_added_outliers_medium_3,added_outliers,2071,228,0.05611204670950425,0.049337250086718104,0.9076786689203378,49.62944315814692,0.1022305335685165,0,0.07637683017426641,1
box_sphere_added_outliers_medium_3,added_outliers,2078,1825,0.04611111770728402,0.02461552828534092,0.9993842199358047,110.11422447497773,0.11365918715954185,0,0.08406879523519918,0
box_sphere_added_outliers_medium_3,added_outliers,2082,1163,0.03760731150819354,0.03181949208537327,0.9989855445392426,177.14766063720916,-0.08701127172659937,1,0.06788924963321274,1
box_sphere_added_outliers_medium_3,added_outliers,2094,679,0.04374081033799851,0.031022590954790104,0.9763688929443635,41.456108150104164,-0.12623197629686,0,0.11096206735737549,0
box_sphere_added_outliers_medium_3,added_outliers,2095,1535,0.025200979899896017,0.017793524279259447,0.9978174856155396,100.74005609180408,-0.047790620759464414,1,0.07962468357343305,1
box_sphere_added_outliers_medium_3,added_outliers,2096,2667,0.10658896485034931,0.10081130243933908,0.8796518118375244,128.0376118599633,-0.12783325150999786,0,0.056854128593375144,1
box_sphere_added_outliers_medium_3,added_outliers,2102,1220,0.050115850588755194,0.03369770864971699,0.9975075703568297,132.6152387978439,0.28071310399070915,0,0.08635020905880549,0
box_sphere_added_outliers_medium_3,added_outliers,2103,351,0.029164957558909493,0.015049029169207733,0.9910537305959721,33.2154394783583,0.19389090367815298,0,0.08525643360861189,0
box_sphere_added_outliers_medium_3,added_outliers,2113,1554,0.03497023671134532,0.029262228989526413,0.9984111051649192,63.4652199701286,-0.21484453759063157,1,0.13025143115404456,0
box_sphere_added_outliers_medium_3,added_outliers,2115,295,0.041252271515065594,0.0040508433269506,0.7356331573931683,109.2955344448779,0.23576179524078658,1,0.07847811967930166,1
box_sphere_added_outliers_medium_3,added_outliers,2118,1353,0.03172244542819345,0.0024660312473871425,0.9017677482168298,46.83543889778398,0.008298796754093549,1,0.07215426681613582,1
box_sphere_added_outliers_medium_3,added_outliers,2120,2325,0.044164422876984154,0.04213548783171677,0.9975788756673555,83.46726959856008,0.0039603970753144535,1,0.11865114140163821,0
box_sphere_added_outliers_medium_3,added_outliers,2122,2927,0.013741806073570713,0.0038695239495233806,0.996358515946318,33.10039833606098,0.08004263075053333,1,0.07296199532895752,1
box_sphere_added_outliers_medium_3,added_outliers,2126,1541,0.06189174447831007,0.06131009055149858,0.8768232283525771,115.97982972481249,-0.08701129365637626,0,0.01663456772651397,1
box_sphere_added_outliers_medium_3,added_outliers,2127,2187,0.08442662329367884,0.07933866370761489,0.9811252277946223,40.867341103778756,0.14479010813227725,0,0.033757331014633914,1
box_sphere_added_outliers_medium_3,added_outliers,2130,1430,0.07228900263192634,0.07087487758163498,0.9970836903842129,117.89203963580304,-0.13580138877828066,1,0.0745028406808348,1
box_sphere_added_outliers_medium_3,added_outliers,2132,910,0.025306976402291258,0.016076728201200822,0.9969138929237826,50.81541830170099,0.08887921751379496,1,0.0696606044315878,1
box_sphere_added_outliers_medium_3,added_outliers,2139,1562,0.03271449763393968,0.020046269901669272,0.9950512580136265,111.23555226894858,0.22664594704784222,0,0.07492053905294407,1
box_sphere_added_outliers_medium_3,added_outliers,2146,693,0.06554834842224491,0.06433392691317492,0.9971693971979252,61.3789959432744,0.09531007980442975,1,0.0727095867469378,1
box_sphere_added_outliers_medium_3,added_outliers,2147,217,0.04741413548059967,0.0415203524489567,0.8777360353780608,75.43058885072823,0.25926468647348444,0,0.045265273889782964,1
box_sphere_added_outliers_medium_3,added_outliers,2159,1722,0.0869195741115315,0.08528069397490019,0.41597307720309773,87.70243380890453,-0.42348319932553957,0,0.1722671026982579,0
box_sphere_added_outliers_medium_3,added_outliers,2162,1015,0.07193261785810133,0.06372071827665182,0.9959857928923173,97.6083118843641,-0.08701128608063385,0,0.03252976793815769,1
box_sphere_added_outliers_medium_3,added_outliers,2176,2869,0.4238639028181651,0.4156617995638803,0.0705478545880337,199.25702849785466,-3.131510862619547,0,0.4159082297283947,0
box_sphere_added_outliers_medium_3,added_outliers,2177,692,0.0864068574093371,0.08178312483896359,0.9946199123021059,126.3776384109596,0.579467047242526,0,0.12055029665998902,0
box_sphere_added_outliers_medium_3,added_outliers,2179,3260,0.037918275959861046,0.015489620513407052,0.9799274565179426,61.99030868095923,-0.26136450127753047,1,0.09454056427882314,0
box_sphere_added_outliers_medium_3,added_outliers,2181,55,0.03473098054975986,0.02133067030431282,0.9983758235886037,137.9863115170832,0.052750508863850534,0,0.07351548811295193,1
box_sphere_added_outliers_medium_3,added_outliers,2183,2272,0.05375052970984464,0.05059589251642341,0.9974384029971065,44.07917199571627,0.03559091165791788,1,0.023909025078664523,1
box_sphere_added_outliers_medium_3,added_outliers,2187,493,0.48714879514102605,0.4208535580552452,0.37573774246704855,266.2867957068023,-2.2270668346747096,0,0.4986996968716748,0
box_sphere_added_outliers_medium_3,added_outliers,2188,1384,0.03863567993426204,0.011176933580770564,0.7912777220706584,41.04788368038633,0.24323010335938425,0,0.14981924025734183,0
box_sphere_added_outliers_medium_3,added_outliers,2192,3144,0.03195308939349337,0.021262530451484407,0.9946128733999293,163.08762880776789,0.11365918715954185,1,0.08170284460580717,0
box_sphere_added_outliers_medium_3,added_outliers,2198,2681,0.11380953079429777,0.11080043981481484,0.9631764551364805,40.153007326616155,-0.35894464009289545,0,0.06781825899501846,1
box_sphere_added_outliers_medium_3,added_outliers,2203,2680,0.01772160421846357,0.0010362731181508518,0.9686312507059536,41.48483062556892,-0.17039282245057719,0,0.046438933130231584,1
box_sphere_added_outliers_medium_3,added_outliers,2204,3324,0.052794008589841825,0.03461286600413446,0.9870931265794548,47.34701082796769,-0.2646923991884139,0,0.07896869517776042,1
box_sphere_added_outliers_medium_3,added_outliers,2205,1045,0.028986284421881347,0.02616086974232297,0.9998578594108359,135.58660332639778,0.3184534311188196,1,0.09781283273288398,0
box_sphere_added_outliers_medium_3,added_outliers,2207,3240,0.043473001168290906,0.0369855616411545,0.9958430252431505,63.867333153794725,-0.04618933913608186,1,0.06399902162345564,1
box_sphere_added_outliers_medium_3,added_outliers,2209,786,0.07371562331398329,0.06570924162798439,0.9747558204519166,86.67056615211779,0.2314421647351213,0,0.05650910034920461,1
box_sphere_added_outliers_medium_3,added_outliers,2210,1432,0.040421851134693806,0.012394026703575055,0.9968825257885131,99.29810749364914,-0.08701128608063385,0,0.05352445443317906,1
box_sphere_added_outliers_medium_3,added_outliers,2211,1831,0.005753914164739468,0.005110430823763553,0.999468587623754,36.55421510917246,-0.042559570940579286,1,0.10420907933178215,0
box_sphere_added_outliers_medium_3,added_outliers,2217,943,0.019253793682291655,0.0037643587920501436,0.9994065813315941,153.8005663868378,-0.08701129365637626,1,0.07245962938220932,1
box_sphere_added_outliers_medium_3,added_outliers,2220,1036,0.045025041899514055,0.03464975346111541,0.9996893856596148,87.25514352346914,0.09531007980442975,0,0.08564792216602339,0
box_sphere_added_outliers_medium_3,added_outliers,2223,2683,0.02533034407427542,0.020130769692865657,0.9902228282503919,134.10517262998846,0.1466033162973087,1,0.10159249835484152,0
box_sphere_added_outliers_medium_3,added_outliers,2225,3384,0.026953353014341562,0.011138857267147174,0.8676108541189631,66.35554315366413,-0.13146300517324933,1,0.09868683358873528,0
box_sphere_added_outliers_medium_3,added_outliers,2229,2160,0.06144209789986916,0.05680738335154404,0.9973875354681869,31.425455029012237,-0.13830450821947837,1,0.013333089235857597,1
box_sphere_added_outliers_medium_3,added_outliers,2230,68,0.04165611511907175,0.013253775754504772,0.9955747734309552,83.9419637735796,-0.22054254342390892,0,0.05921222965475581,1
box_sphere_added_outliers_medium_3,added_outliers,2233,955,0.09365425108485845,0.09135268044725141,0.9994760700664166,40.776711351575024,0.34830640015081965,1,0.044541741491713936,1
box_sphere_added_outliers_medium_3,added_outliers,2237,827,0.09647822189953999,0.08450580619280272,0.9995999718675883,152.47396639449374,-0.04049131806474003,0,0.13079883941517043,0
box_sphere_added_outliers_medium_3,added_outliers,2238,2490,0.032768618086397264,0.026392993903293804,0.9998482832830814,75.55191277795232,0.08734192253618818,0,0.10902455238703804,0
box_sphere_added_outliers_medium_3,added_outliers,2239,2728,0.07475806120698589,0.07212452958658037,0.9943921273722915,140.12594901197457,0.03559091165791788,1,0.04269080626085183,1
box_sphere_added_outliers_medium_3,added_outliers,2246,798,0.03884306475828061,0.0321116144764163,0.9987025109333942,98.01553694056574,0.2414924277604701,1,0.04691023677733612,1
box_sphere_added_outliers_medium_3,added_outliers,2247,2123,0.01036042642444624,0.0030524813181711293,0.936706409774447,75.87209343401997,-0.23361458802390814,1,0.057318494051987835,1
box_sphere_added_outliers_medium_3,added_outliers,2250,1638,0.04280425221863375,0.037577884368312706,0.9982180396987395,39.50028687834906,-0.17402257973701005,1,0.056949712301345226,1
box_sphere_added_outliers_medium_3,added_outliers,2252,1050,0.05097644018574704,0.05022303320514842,0.8348998470344358,105.41805522951667,0.1265625987664272,0,0.0719028099154854,1
box_sphere_added_outliers_medium_3,added_outliers,2255,1747,0.09186453702467628,0.08984026554793145,0.9893051407863888,62.31266640342684,0.1265625987664272,0,0.05266918711421475,1
box_sphere_added_outliers_medium_3,added_outliers,2260,2719,0.0824032358556321,0.07892781481115797,0.9948456737853857,127.1629291374433,0.03559091165791788,0,0.07027045656680515,1
box_sphere_added_outliers_medium_3,added_outliers,2263,2157,0.04440700375815329,0.03567735273161097,0.9988956045459704,99.28216795257237,-0.042559570940579286,0,0.06643811343968622,1
box_sphere_added_outliers_medium_3,added_outliers,2264,2795,0.04076684336918166,0.03322769681372963,0.9974446654755448,127.21049001002335,-0.003629764572321029,1,0.11050581399213129,0
box_sphere_added_outliers_medium_3,added_outliers,2267,423,0.035075934807805575,0.014164108625799662,0.9935337025003086,91.67562340093644,0.0,0,0.07447545627007955,1
box_sphere_added_outliers_medium_3,added_outliers,2272,1148,0.02075879893308629,0.008031984934939519,0.4537769643997118,58.349198178822625,0.027398956170108287,1,0.035310464619092236,1
box_sphere_added_outliers_medium_3,added_outliers,2273,1436,0.030899896628791963,0.0037745722844483376,0.9965361252946945,154.65949903260835,0.09531007980442975,1,0.07435599568611223,1
box_sphere_added_outliers_medium_3,added_outliers,2274,1726,0.09175650149646644,0.08826126139025192,0.9995825255059422,91.61947753855414,0.28071310399070915,0,0.10510214004146133,0
box_sphere_added_outliers_medium_3,added_outliers,2281,2216,0.05362507879163825,0.05144633227641891,0.9791238086674603,123.05891925876426,0.28455190702932254,0,0.09641370536235178,0
box_sphere_added_outliers_medium_3,added_outliers,2282,2974,0.0616215688053197,0.05109473209678415,0.9699335757433628,93.03939633568274,0.02631728546025041,0,0.08737000143591993,0
box_sphere_added_outliers_medium_3,added_outliers,2290,2535,0.03614980534538444,0.028038851317393382,0.9868122825515384,85.0171234031421,-0.047790620759464414,1,0.08783640779524843,0
box_sphere_added_outliers_medium_3,added_outliers,2296,1507,0.04834620769905619,0.02395432993314671,0.9990667472431013,120.22692211942697,0.0,0,0.09129878967604915,0
box_sphere_added_outliers_medium_3,added_outliers,2299,2535,0.04496490419937391,0.03606460844855636,0.9821270397602625,91.43188552431384,-0.0100503269646205,0,0.08720863621531236,0
box_sphere_added_outliers_medium_3,added_outliers,2300,164,0.0802445984134959,0.07177493936100754,0.9980140864780466,68.26426394414568,0.1265625987664272,1,0.10536812948442556,0
box_sphere_added_outliers_medium_3,added_outliers,2307,1185,0.0679474003533443,0.05952398705420202,0.9599495672755927,63.3844029230196,0.17535271055496313,0,0.0557509768849223,1
box_sphere_added_outliers_medium_3,added_outliers,2312,1004,0.04182355946000655,0.034420677185816095,0.9827261436915173,64.51124984653102,-0.08701127698974474,1,0.0982147980202374,0
box_sphere_added_outliers_medium_3,added_outliers,2315,2911,0.05254263948779941,0.024935080922095267,0.9827608428878567,100.75311177041188,0.06713924331387189,0,0.08184105993954821,0
box_sphere_added_outliers_medium_3,added_outliers,2320,2896,0.07682149409324325,0.07047981752891141,0.997785403132798,93.32846388832328,0.15811090229959635,1,0.10342472004593056,0
box_sphere_added_outliers_medium_3,added_outliers,2321,1612,0.0305680645575556,0.02980432019274136,0.9941974126938211,93.2232195183355,0.15415053697024822,1,0.05689083087404981,1
box_sphere_added_outliers_medium_3,added_outliers,2322,2548,0.022755920627285143,0.0036498010473695617,0.9287339665191996,63.656545011604265,0.03559091165791788,0,0.054501401116045775,1
box_sphere_added_outliers_medium_3,added_outliers,2327,1175,0.06156299265547377,0.03800447726229907,0.9994858433978296,136.01106802745184,0.34830640015081965,1,0.13095580084521602,0
box_sphere_added_outliers_medium_3,added_outliers,2328,97,0.059145417801996204,0.05653121511517631,0.9972188407808482,71.5537058669986,0.10404374535672949,0,0.09381257308399822,0
box_sphere_added_outliers_medium_3,added_outliers,2331,1673,0.061511931816706424,0.05542639334718073,0.9945509584288098,75.89825048188403,-0.08701128608063385,1,0.01641867209837244,1
box_sphere_added_outliers_medium_3,added_outliers,2332,3038,0.05488380983026456,0.05058399892955641,0.9994569175358434,57.338868346274154,0.2547377334966919,1,0.01376743659595031,1
box_sphere_added_outliers_medium_3,added_outliers,2334,1003,0.04445736451272604,0.03245306232666845,0.9965832824686978,37.57067136344304,-0.21484453759063157,0,0.054103935541214156,1
box_sphere_added_outliers_medium_3,added_outliers,2339,1245,0.0626516472582811,0.05416072692773452,0.993571232995045,68.02583350483214,0.052750508863850534,0,0.07733714656224686,1
box_sphere_added_outliers_medium_3,added_outliers,2347,70,0.09951766130897759,0.08976120342406949,0.9925781497570121,28.362951309932804,-0.08701128175163891,0,0.04341390999350714,1
box_sphere_added_outliers_medium_3,added_outliers,2348,276,0.020995533894318425,0.020055625852821078,0.9787896458690173,65.30699677396191,0.030771630889001002,1,0.08628078068744907,0
box_sphere_added_outliers_medium_3,added_outliers,2352,1504,0.031176006116544978,0.026644438668609768,0.99822126764559,123.30464937483565,0.47938369896111105,1,0.06723532596341819,1
box_sphere_added_outliers_medium_3,added_outliers,2353,2053,0.09233903988752779,0.09140505255729155,0.7329069630274316,51.374518664942315,-0.44991632720140473,0,0.07988307725844555,1
box_sphere_added_outliers_medium_3,added_outliers,2354,2740,0.06468539718837345,0.049807898406784096,0.9963401853475268,61.71474569408613,-0.03294411478373251,1,0.006246588148672824,1
box_sphere_added_outliers_medium_3,added_outliers,2359,1343,0.029426702250665623,0.016591268966353257,0.9978213102628635,116.5746694101742,0.28455190702932254,1,0.04014035647246559,1
box_sphere_added_outliers_medium_3,added_outliers,2360,128,0.05818876844082265,0.04457035735848764,0.9955624985688126,77.0646887828666,0.10404374535672949,0,0.0841621703563362,0
box_sphere_added_outliers_medium_3,added_outliers,2365,868,0.07568964289217754,0.07077804400561621,0.9498390428672251,60.67753167043679,-0.13146300517324933,1,0.02090109275355525,1
box_sphere_added_outliers_medium_3,added_outliers,2368,1113,0.06743248454689134,0.05867354286796277,0.9905675305601395,71.76500474591043,0.5779643900961944,1,0.03970046218613485,1
box_sphere_added_outliers_medium_3,added_outliers,2372,987,0.06459652750652431,0.056560721641305794,0.992531421648021,43.74473032630549,0.24323010335938425,1,0.07403487026792682,1
box_sphere_added_outliers_medium_3,added_outliers,2378,2708,0.0342795032863486,2.0290746588112795e-05,0.9946624671562132,25.664501645250734,0.12062789163484515,0,0.07002863542023922,1
box_sphere_added_outliers_medium_3,added_outliers,2381,2943,0.02344234652331709,0.005542763468156053,0.9896710664223621,32.22799675050396,-0.0870113144896748,0,0.05738528109601754,1
box_sphere_added_outliers_medium_3,added_outliers,2388,291,0.04476233390233125,0.0355712743631182,0.9386494499440915,93.2939883968627,0.31845350034947245,0,0.14470658622728758,0
box_sphere_added_outliers_medium_3,added_outliers,2392,2813,0.03808041050822025,0.004678412343897384,0.9871790318071335,45.96037333827162,-0.26933265045055066,0,0.08064256807398981,0
box_sphere_added_outliers_medium_3,added_outliers,2401,2050,0.045949661722732425,0.012941223761433196,0.8628172790343343,93.76179353565806,0.08734192253618818,1,0.14003931405329606,0
box_sphere_added_outliers_medium_3,added_outliers,2408,2892,0.018765835749484667,0.00227366809891324,0.96335754627886,91.50804701135971,0.36497342640739133,1,0.08147820676312444,0
box_sphere_added_outliers_medium_3,added_outliers,2409,1977,0.029950684718653964,0.019820793344957927,0.8076241792375758,101.16266757345029,0.17869163222177434,0,0.14521685121684225,0
box_sphere_added_outliers_medium_3,added_outliers,2411,146,0.04601798972360047,0.042943766784919485,0.9971459942830261,33.191549155434764,0.1053604489912019,0,0.08622569456044227,0
box_sphere_added_outliers_medium_3,added_outliers,2412,2704,0.03423186605780024,0.018468849401356464,0.9966489966707559,53.36690273624542,-0.12957086459695555,1,0.08309555880201505,0
box_sphere_added_outliers_medium_3,added_outliers,2414,1676,0.045302916455110476,0.02896987657981144,0.9997508455414852,62.74124059692201,-0.042559570940579286,0,0.11476446465088926,0
box_sphere_added_outliers_medium_3,added_outliers,2416,2097,0.02916910738678206,0.002457194532259547,0.9986719141064654,109.75197205409138,-0.04445171909261546,0,0.13543445585331548,0
box_sphere_added_outliers_medium_3,added_outliers,2424,3003,0.022979394179245646,0.012055304741570782,0.9725668005225004,72.6795177219753,0.030771630889001002,1,0.03136956256554208,1
box_sphere_added_outliers_medium_3,added_outliers,2426,1824,0.04261806466151594,0.03909076314103439,0.9916552017471614,42.662557416735595,0.011428687202939554,1,0.13184957340088457,0
box_sphere_added_outliers_medium_3,added_outliers,2435,3255,0.06415025403697226,0.045792279553077866,0.9974451412586974,88.15080718110075,-0.22054254342390892,1,0.09580459848790658,0
box_sphere_added_outliers_medium_3,added_outliers,2438,262,0.03863253983303648,0.03704673358295354,0.999288486896,66.07683181446127,0.11365918715954185,1,0.08688488847965425,0
box_sphere_added_outliers_medium_3,added_outliers,2451,2215,0.04658490266045729,0.04643486127267286,0.9932151110958541,91.85526790880668,-0.03571804049686563,1,0.049821464555945126,1
box_sphere_added_outliers_medium_3,added_outliers,2452,1793,0.07027427487713536,0.0608104120936884,0.9986627388237658,168.91202473429377,0.0039603970753144535,1,0.13998189293363203,0
box_sphere_added_outliers_medium_3,added_outliers,2455,2756,0.01790509993805121,0.015267742145942655,0.9737121680803447,119.61980455253094,-0.042559570940579286,1,0.06635635070657661,1
box_sphere_added_outliers_medium_3,added_outliers,2456,3180,0.027888618361985817,0.010954090960234732,0.961375956590786,104.28326778642825,0.23576179524078658,0,0.10211348410016521,0
box_sphere_added_outliers_medium_3,added_outliers,2458,847,0.021982259747769663,0.004827190990703874,0.9615547026684796,37.654766889708476,0.2130931099052054,1,0.08038210724402617,0
box_sphere_added_outliers_medium_3,added_outliers,2463,2785,0.09030635566606166,0.056109767472551475,0.9864374444370437,45.70577099906939,0.11778292454537738,0,0.06161523478036761,1
box_sphere_added_outliers_medium_3,added_outliers,2464,1223,0.019306635483284405,0.0003520709236377725,0.9826489789808679,44.10497820819537,0.15415053697024822,1,0.12023826947585484,0
box_sphere_added_outliers_medium_3,added_outliers,2466,2710,0.06719391890158238,0.0638768011195233,0.9999450178273764,58.448861187145134,0.33584514352220163,1,0.1399624134981724,0
box_sphere_added_outliers_medium_3,added_outliers,2467,2904,0.05869822527356061,0.05269475460814687,0.9923443344890631,120.81691366702623,0.49490971644812837,1,0.1012144541061481,0
box_sphere_added_outliers_medium_3,added_outliers,2468,1247,0.09725778495409541,0.09714712627517963,0.9978486141696423,29.51625818159179,-0.08701128175163891,0,0.044919718983702256,1
box_sphere_added_outliers_medium_3,added_outliers,2470,2787,0.042428491314055704,0.02823961861166693,0.9825836037250161,184.23234388532822,0.13613199932480535,0,0.13745721858562776,0
box_sphere_added_outliers_medium_3,added_outliers,2474,1773,0.021022744689740996,0.008843577560785786,0.9256980892891113,88.55820981749237,-0.17039282245057719,1,0.11579298436155427,0
box_sphere_added_outliers_medium_3,added_outliers,2476,1279,0.06709834432914338,0.06446649503997892,0.9975728534958395,150.40448708851596,-0.003629764572321029,1,0.10003447545215942,0
box_sphere_added_outliers_medium_3,added_outliers,2482,2126,0.04578240142572078,0.040393032288810554,0.9800805099230301,69.08653210563229,0.13613205765801345,1,0.08857657035339887,0
box_sphere_added_outliers_medium_3,added_outliers,2483,1819,0.07995408284321143,0.06912955137104006,0.9995534653955432,48.496967029318355,-0.04445171909261546,0,0.025357161616301267,1
box_sphere_added_outliers_medium_3,added_outliers,2485,3371,0.09840338449855808,0.09631154578327962,0.9965002209849497,31.000497283922012,-0.14763589586496012,0,0.03268975296949397,1
box_sphere_added_outliers_medium_3,added_outliers,2488,1016,0.048388623072173335,0.04736898778502063,0.9987156577216064,52.16818979938532,0.2902826231996425,1,0.10303339860972272,0
box_sphere_added_outliers_medium_3,added_outliers,2498,112,0.037518692900524155,0.031185496005373056,0.8549656554733777,44.6786048282586,0.008298798269242996,1,0.0975749598840185,0
box_sphere_added_outliers_medium_3,added_outliers,2499,3147,0.06773812878491665,0.026893597310567653,0.8837276368096278,94.471109524286,0.018349116446001158,0,0.09461269821516109,0
box_sphere_added_outliers_medium_3,added_outliers,2508,1786,0.10212256504694424,0.09792838500371968,0.9808034286465833,38.39326507488205,0.008298796754093549,0,0.06383035366172347,1
box_sphere_added_outliers_medium_3,added_outliers,2510,2472,0.04586592998337166,0.01796878409828722,0.9966812286331128,43.57067340691476,0.0733312054527619,1,0.09509003064675894,0
box_sphere_added_outliers_medium_3,added_outliers,2511,2076,0.08431959306443007,0.08326453927605215,0.9745114366529344,50.57992599699457,0.11081429422495243,0,0.04047199912621042,1
box_sphere_added_outliers_medium_3,added_outliers,2512,2467,0.032501961608182764,0.03241364712783707,0.9986254582525856,46.72352556317935,0.04651996801589379,1,0.09094778982068563,0
box_sphere_added_outliers_medium_3,added_outliers,2517,423,0.024517838086389764,0.009455749271885942,0.9995829123935889,69.94825574747559,0.18924182722489283,0,0.046807454008384826,1
box_sphere_added_outliers_medium_3,added_outliers,2519,2937,0.03648343868327874,0.029597527866682176,0.9992861204210494,87.52103444033533,0.040821954520294364,0,0.08390633564641614,0
box_sphere_added_outliers_medium_3,added_outliers,2520,1029,0.07624788109948061,0.07498896529010052,0.993265401509006,44.64390934098518,-0.08701128608063385,1,0.009361489157254585,1
box_sphere_added_outliers_medium_3,added_outliers,2527,3132,0.05532401634930693,0.04204939204078592,0.9786059319294979,87.40072918510373,-0.04618933913608186,0,0.09289424989459301,0
box_sphere_added_outliers_medium_3,added_outliers,2528,1236,0.03784135624053483,0.024324583472323476,0.986785153515767,49.45134278780305,0.09957452512654494,1,0.04877711934382365,1
box_sphere_added_outliers_medium_3,added_outliers,2531,525,0.053962571285046244,0.048335640588117734,0.9805428629842096,35.87384974553415,-0.0870113144896748,1,0.027312529961182233,1
box_sphere_added_outliers_medium_3,added_outliers,2535,2320,0.05179940651901693,0.04560339643848579,0.7292750192000494,220.58952270055786,-0.8855175065436853,1,0.13390116672804125,0
box_sphere_added_outliers_medium_3,added_outliers,2541,3292,0.060331034612233374,0.05516645916035425,0.9768299982110427,77.2554000492659,0.05959203021667493,1,0.03311596893939956,1
box_sphere_added_outliers_medium_3,added_outliers,2544,2615,0.0716853765174749,0.06552214623257942,0.9965101084414012,147.4202131123483,0.04651996801589379,1,0.08085455558620148,0
box_sphere_added_outliers_medium_3,added_outliers,2546,2640,0.06623149286143341,0.05943281726298103,0.9928228663747432,160.72892295645278,0.12429756541725735,0,0.11485503483787408,0
box_sphere_added_outliers_medium_3,added_outliers,2551,3362,0.07351352626395932,0.06312204287685375,0.8834727700419093,88.06939561539119,0.05608942049723534,0,0.09391046185255365,0
box_sphere_added_outliers_medium_3,added_outliers,2557,2903,0.04634220971016692,0.03081086063872391,0.9534101818860715,24.785046546192294,0.15415053697024822,0,0.03805314863252973,1
box_sphere_added_outliers_medium_3,added_outliers,2561,2188,0.03894918601881629,0.03084508440290339,0.9763634983390833,68.67704752359353,0.1265625987664272,1,0.1305668345663959,0
box_sphere_added_outliers_medium_3,added_outliers,2564,1248,0.07106194942115163,0.06384366915479511,0.8990416087035572,88.96942601707153,-0.0100503269646205,0,0.08248336225044883,0
box_sphere_added_outliers_medium_3,added_outliers,2567,181,0.0314814267401847,0.022130420950726388,0.9970595965885445,129.06733681777902,-0.02985292393404641,1,0.0685848980128432,1
box_sphere_added_outliers_medium_3,added_outliers,2568,1098,0.020438607329293007,0.019313248735096062,0.9997760298626162,55.16643837618795,-0.04445171909261546,1,0.07007436449989413,1
box_sphere_added_outliers_medium_3,added_outliers,2575,2596,0.03635292601707084,0.0044712241955240295,0.998947252423192,53.14792908402728,0.12921163952604883,0,0.007490415440416359,1
box_sphere_added_outliers_medium_3,added_outliers,2579,2008,0.05368956335841461,0.033422908410769316,0.9958860175073555,69.70838653672178,0.22664594704784222,0,0.025721707093053606,1
box_sphere_added_outliers_medium_3,added_outliers,2581,1192,0.05650808140888724,0.053393134552929586,0.9925734118494484,89.32233156622773,-0.12623197629686,0,0.07365847668331411,1
box_sphere_added_outliers_medium_3,added_outliers,2582,1312,0.042217721781466995,0.039978980727128965,0.9593898674385718,47.50817156114518,-0.08701130291561884,0,0.07134158454758546,1
box_sphere_added_outliers_medium_3,added_outliers,2584,709,0.0769696751142335,0.07448322695611338,0.9456248519704258,47.728988098876584,-0.08701128608063385,0,0.05571115663715672,1
box_sphere_added_outliers_medium_3,added_outliers,2585,1032,0.03865167396665348,0.01018135541971067,0.9587383718151881,61.45816961933269,0.05959203021667493,0,0.10826222308863376,0
box_sphere_added_outliers_medium_3,added_outliers,2590,1239,0.07996974493058549,0.07665890990814592,0.9975611134002409,83.70267655741108,0.0,1,0.05143317277212116,1
box_sphere_added_outliers_medium_3,added_outliers,2591,37,0.021754883705463298,0.006019965177336977,0.5037118276170853,54.034141979454425,0.08288759499100361,1,0.11760240828351151,0
box_sphere_added_outliers_medium_3,added_outliers,2593,1333,0.043143809335990664,0.03258187344714721,0.9992236900125011,71.32917305814266,0.08004263075053333,0,0.11581309404800949,0
box_sphere_added_outliers_medium_3,added_outliers,2599,2573,0.05150778986151221,0.04633328779945169,0.9826140269397963,44.234930806442414,0.05608942049723534,0,0.06870131943614666,1
box_sphere_added_outliers_medium_3,added_outliers,2606,442,0.010743877441021059,0.0006943549290488245,0.999762426625308,70.51856703447032,0.013072066529776083,1,0.1102178690594128,0
box_sphere_added_outliers_medium_3,added_outliers,2607,874,0.024344537967367765,0.0067501613787691464,0.9957321876019413,77.38860186613032,0.31845339778555304,0,0.13284867409611928,0
box_sphere_added_outliers_medium_3,added_outliers,2611,3341,0.1113347288529296,0.10491196307755091,0.9599055966195826,38.06654157287642,-0.4585744920432346,0,0.02659971331603363,1
box_sphere_added_outliers_medium_3,added_outliers,2615,1126,0.024637355368963616,0.023652070246068586,0.9974377547012253,80.09859804493813,0.11778292454537738,1,0.04910165951468304,1
box_sphere_added_outliers_medium_3,added_outliers,2616,1719,0.051395750372609274,0.051247097507468364,0.993520907669025,119.37017001544989,-0.04049131806474003,1,0.10139572627462619,0
box_sphere_added_outliers_medium_3,added_outliers,2625,3070,0.03796745072318353,0.029634279017224572,0.9988287002432267,70.14391687860076,0.3899123004650684,1,0.08880161101851762,0
box_sphere_added_outliers_medium_3,added_outliers,2629,2152,0.057033565040026296,0.051030277731483775,0.9859656565777842,37.632363755641045,0.18492210635144704,0,0.015245351134130896,1
box_sphere_added_outliers_medium_3,added_outliers,2630,1256,0.06158483444927586,0.05399329011470789,0.9985600537843624,44.00831921195878,-0.08701128608063385,1,0.04248277791835913,1
box_sphere_added_outliers_medium_3,added_outliers,2631,2447,0.0937546171496785,0.06427750905246285,0.9958937963749922,99.57930325230053,0.09531007980442975,0,0.0442017823455392,1
box_sphere_added_outliers_medium_3,added_outliers,2634,3177,0.052479870899459574,0.04729103177900588,0.9753409950387109,114.95686795455099,0.3184534311188196,1,0.1105507635583338,0
box_sphere_added_outliers_medium_3,added_outliers,2636,3411,0.09845490244923925,0.09181628634579853,0.9920701750313298,52.908382308096186,0.2414924277604701,0,0.13678204599262245,0
box_sphere_added_outliers_medium_3,added_outliers,2642,2162,0.04220015516900029,0.024618898989901494,0.9981147391343116,57.536452868586835,0.1466033162973087,0,0.056334184386201955,1
box_sphere_added_outliers_medium_3,added_outliers,2643,1865,0.09040755427959456,0.08445982880860255,0.9992967781482615,29.3038305687766,0.12921163952604883,0,0.006731794452568868,1
box_sphere_added_outliers_medium_3,added_outliers,2645,516,0.022754692790294788,0.005683296741905113,0.9343645274014496,76.76194805831256,0.040821954520294364,1,0.12057739916726755,0
box_sphere_added_outliers_medium_3,added_outliers,2648,3238,0.05466530212461078,0.04952093505321147,0.9988461142467127,75.40588075564219,-0.012903393846906194,1,0.09721822320848354,0
box_sphere_added_outliers_medium_3,added_outliers,2650,823,0.09014772704985526,0.08930630159043657,0.9852573612044713,26.302893397900895,0.13613207432465346,0,0.018212947613224506,1
box_sphere_added_outliers_medium_3,added_outliers,2651,1319,0.037019321691808535,0.034708294573261515,0.9989519513709268,52.65399533356623,0.08734192253618818,1,0.1001291894773736,0
box_sphere_added_outliers_medium_3,added_outliers,2658,1556,0.24757057527089413,0.2196356735713956,0.8759503551847808,172.4745193164666,-2.4383756818436058,0,0.2413281841353111,0
box_sphere_added_outliers_medium_3,added_outliers,2667,1263,0.06141920296934474,0.05212928737701802,0.9962334434210427,81.13327522757402,0.2006705287956235,0,0.09514111098748178,0
box_sphere_added_outliers_medium_3,added_outliers,2668,1645,0.05182508297210989,0.02181226557517168,0.9972219706705044,100.37082550427016,0.3184534311188196,0,0.12310379142469925,0
box_sphere_added_outliers_medium_3,added_outliers,2675,646,0.04319413145057802,0.04145315144316271,0.985094996188571,47.39437880478039,0.1096988178776327,0,0.04587822321075803,1
box_sphere_added_outliers_medium_3,added_outliers,2676,2184,0.08158286101050415,0.07778611550862202,0.9968433685310472,131.21199061503884,0.10404374535672949,1,0.1083748037551737,0
box_sphere_added_outliers_medium_3,added_outliers,2677,2178,0.0294668726074008,0.014755220557932078,0.9818702433495624,82.86135857730723,0.5808175109710566,1,0.06260187573440965,1
box_sphere_added_outliers_medium_3,added_outliers,2680,3336,0.08630063852956703,0.08120669738909811,0.9961058167965908,39.77313215098746,0.06713922347264303,0,0.03251133836508687,1
box_sphere_added_outliers_medium_3,added_outliers,2683,1280,0.08056493008515206,0.06591084841596656,0.9554941436692599,35.24964656831854,0.05817059400354282,0,0.045594864341966315,1
box_sphere_added_outliers_medium_3,added_outliers,2685,166,0.04460313241600203,0.002711844449846872,0.9372815179710714,100.5569979051263,-0.12475159671046267,0,0.11479641993267575,0
box_sphere_added_outliers_medium_3,added_outliers,2690,727,0.050005279712928036,0.024453279647479106,0.9976194379913367,99.4079449620285,-0.2983201065116262,0,0.15581135850022518,0
box_sphere_added_outliers_medium_3,added_outliers,2695,2595,0.011842303183181186,0.007648691478862805,0.9256708654504681,74.42410708669257,0.1265625987664272,1,0.10854850722736167,0
box_sphere_added_outliers_medium_3,added_outliers,2701,51,0.03914213279779068,0.036931073700344944,0.9932942010975188,32.92673996922498,-0.20479422746099615,1,0.12021567299502665,0
box_sphere_added_outliers_medium_3,added_outliers,2703,1859,0.016593981919168267,0.0027781785416032267,0.9964767618156609,67.17286154531651,0.12429756541725735,1,0.06129266188363023,1
box_sphere_added_outliers_medium_3,added_outliers,2707,689,0.041480622230513596,0.01992833067845897,0.8222800271555664,78.8596662295692,-0.12957086459695555,0,0.0915851318496996,0
box_sphere_added_outliers_medium_3,added_outliers,2715,2755,0.04922470817873841,0.034528655525457266,0.9983268801832592,83.77697546326407,0.3829917855900146,1,0.06073811531544947,1
box_sphere_added_outliers_medium_3,added_outliers,2718,837,0.06828978658392584,0.0629592615572333,0.9939638393346415,50.81281167264299,-0.13580138877828066,1,0.012887679066477824,1
box_sphere_added_outliers_medium_3,added_outliers,2719,2367,0.028021490984569044,0.013648970925248898,0.924579492855546,81.67591992639846,-0.1335312497675327,0,0.10576787456922267,0
box_sphere_added_outliers_medium_3,added_outliers,2720,2683,0.03503545559359105,0.01007710146407326,0.9970711501428642,128.23573213874343,0.1466033162973087,0,0.1211906612362731,0
box_sphere_added_outliers_medium_3,added_outliers,2722,3148,0.0611230223512628,0.05522393972273909,0.9932670963397806,60.58041248018103,-0.003629764572321029,1,0.09909906961161544,0
box_sphere_added_outliers_medium_3,added_outliers,2723,253,0.06353564816144276,0.05568067299685371,0.9953743385612777,97.36520887014882,-0.18232135679417452,0,0.03760696266299604,1
box_sphere_added_outliers_medium_3,added_outliers,2728,1510,0.02550368143323517,0.02275848849134172,0.9967906589973458,119.90570657285575,0.0039603970753144535,1,0.04452314048322773,1
box_sphere_added_outliers_medium_3,added_outliers,2730,2756,0.02471548441909006,0.017663514442689997,0.965175169309568,119.945271701835,-0.08701128608063385,0,0.07866146578141638,1
box_sphere_added_outliers_medium_3,added_outliers,2733,3153,0.036099486144859666,0.033936629409537865,0.9989479366564243,124.86284048248774,0.1466033162973087,1,0.07016621068375072,1
box_sphere_added_outliers_medium_3,added_outliers,2739,3383,0.049794537240199575,0.028885864814874016,0.9998911349613246,86.64118491666491,0.34043221464943535,0,0.06070236825769893,1
box_sphere_added_outliers_medium_3,added_outliers,2741,2744,0.050742184740149014,0.031108068200401115,0.9706884613124198,54.014567265006946,-0.22054254342390892,0,0.07342222399692488,1
box_sphere_added_outliers_medium_3,added_outliers,2742,369,0.06847643619042713,0.06234731534641051,0.5120696099548542,65.73335219236635,0.4663735046736953,0,0.14159669876878112,0
box_sphere_added_outliers_medium_3,added_outliers,2745,2619,0.020831360121646617,0.001544685426806428,0.9915975406866119,41.04001525732011,-0.13146300517324933,1,0.07562317447270973,1
box_sphere_added_outliers_medium_3,added_outliers,2747,1942,0.02385222230402122,0.012270153043272631,0.9826833494283933,54.560406020426264,0.19062020688149967,0,0.08607585850214981,0
box_sphere_added_outliers_medium_3,added_outliers,2753,2229,0.052585181258368745,0.03341213195891403,0.9959289748161086,67.22619686035671,-0.08701127698974474,1,0.15331447713229387,0
box_sphere_added_outliers_medium_3,added_outliers,2755,187,0.0602657485068361,0.059752887437774106,0.9950040711902878,83.19331083679671,0.08004263075053333,1,0.04293380250126475,1
box_sphere_added_outliers_medium_3,added_outliers,2758,3290,0.052684744966827055,0.04024977561474646,0.9969535749933296,79.36952344545459,0.04651996801589379,0,0.1045885827791661,0
box_sphere_added_outliers_medium_3,added_outliers,2759,692,0.38508423386612123,0.38403575159599224,0.03694751431504997,165.46661804509176,-3.0314275143381324,0,0.32729611349906296,0
box_sphere_added_outliers_medium_3,added_outliers,2762,649,0.04570583843647984,0.04262009868468467,0.7932851860809064,55.130533139606705,0.11884060678266717,0,0.06811476410486993,1
box_sphere_added_outliers_medium_3,added_outliers,2764,3388,0.031299066042936134,0.02705372099261578,0.9972711022510782,51.545779097308625,0.16892185467457307,1,0.0942445375185103,0
box_sphere_added_outliers_medium_3,added_outliers,2767,497,0.018167447768093398,0.011986377433473038,0.9773540073299489,61.71878854208127,-0.44368591140493663,1,0.0879045131340565,0
box_sphere_added_outliers_medium_3,added_outliers,2773,811,0.03719887643648772,0.0341644593121923,0.9997581109187788,133.2379609978293,-0.038221169963102895,1,0.1187674609568634,0
box_sphere_added_outliers_medium_3,added_outliers,2774,1659,0.009013698964769794,0.0006091878616865567,0.3091297448367367,67.59710651602828,0.024214242640728332,1,0.07665820133559856,1
box_sphere_added_outliers_medium_3,added_outliers,2776,1491,0.036457887973146315,0.02210819922008534,0.9963908381547278,122.16304889345126,0.21526924424421062,1,0.11538899732677149,0
box_sphere_added_outliers_medium_3,added_outliers,2778,3160,0.06667260589400516,0.004931167354167142,0.998620084492604,95.22644440601674,-0.3101545283043596,0,0.15746986293883455,0
box_sphere_added_outliers_medium_3,added_outliers,2780,2522,0.04714275644563118,0.027895819394084424,0.9021747351977029,67.60753460844268,0.10404374535672949,1,0.0704217573447372,1
box_sphere_added_outliers_medium_3,added_outliers,2784,1807,0.03385088673306779,0.00834699738182602,0.9243908148977831,37.77824676785858,0.2314421647351213,0,0.01168385002358879,1
box_sphere_added_outliers_medium_3,added_outliers,2785,2234,0.07664054156259051,0.05957559490533,0.9910004097271002,20.943404747687087,0.11081429422495243,0,0.011673989864207727,1
box_sphere_added_outliers_medium_3,added_outliers,2798,1185,0.05495997806973334,0.030799311240891965,0.9622949272870482,43.26497552268837,0.17535271055496313,0,0.024373867333417672,1
box_sphere_added_outliers_medium_3,added_outliers,2801,1544,0.03177651609715592,0.008416261412343327,0.9522134468068442,100.05328306547797,-0.03294411478373251,1,0.026616011804254925,1
box_sphere_added_outliers_medium_3,added_outliers,2805,1416,0.030764500487917845,0.011879625763803903,0.9935816934582256,115.35546948890158,0.07550745839061548,0,0.09089923299840451,0
box_sphere_added_outliers_medium_3,added_outliers,2808,2085,0.0318869678352924,0.022114996124674297,0.9922978678155379,51.02136118946339,-0.19621050449852667,0,0.05690324345474292,1
box_sphere_added_outliers_medium_3,added_outliers,2809,2750,0.09020708708031538,0.08716674336498963,0.9438811427389343,119.90942036732895,0.14479010813227725,0,0.11713078599721068,0
box_sphere_added_outliers_medium_3,added_outliers,2813,3222,0.02590060626323275,0.024530646467536887,0.9990221122556038,58.22619144686688,-0.08701129365637626,1,0.0553878040155242,1
box_sphere_added_outliers_medium_3,added_outliers,2821,560,0.0256423087330998,0.011389720961878558,0.9882186804075656,99.03454106612809,-0.04049131806474003,1,0.10480272787998134,0
box_sphere_added_outliers_medium_3,added_outliers,2822,2039,0.0272786635679061,0.01947799706440793,0.8590890288218603,41.29625659684193,0.018349129779312037,1,0.11279083581675096,0
box_sphere_added_outliers_medium_3,added_outliers,2823,1844,0.055253322574874475,0.05412243816277733,0.9970291509210387,27.936040899225414,0.18327882570862805,0,0.050548134725862975,1
box_sphere_added_outliers_medium_3,added_outliers,2829,383,0.028028765168904478,0.004876458575798518,0.9946151484401131,89.50212662351446,0.4390811175093847,0,0.05329306298153683,1
box_sphere_added_outliers_medium_3,added_outliers,2834,1140,0.09294219048081925,0.0914358892497863,0.977458606433739,50.29926264416581,0.20067050498614195,0,0.05108197514653167,1
box_sphere_added_outliers_medium_3,added_outliers,2835,3365,0.0889067041188308,0.06867399893987033,0.986999649154871,78.05861142227464,-0.006968662905842768,0,0.06054713740571534,1
box_sphere_added_outliers_medium_3,added_outliers,2837,2207,0.2712026431575645,0.2703757580590469,0.036947514315046774,238.6737493062391,-3.0827207508310113,0,0.3055257448628275,0
box_sphere_added_outliers_medium_3,added_outliers,2846,1370,0.04135256147128225,0.036400746408861456,0.992806167513982,104.21674482118028,0.0,1,0.10170019678251266,0
box_sphere_added_outliers_medium_3,added_outliers,2849,1448,0.0417004977531156,0.03204845639578947,0.9992874210024842,58.296187915839,0.18742527081760316,1,0.11157911496468075,0
box_sphere_added_outliers_medium_3,added_outliers,2850,2512,0.04769819857938447,0.03777226598137841,0.8139759859260876,54.33684765386971,0.382991972256313,0,0.12346417909060162,0
box_sphere_added_outliers_medium_3,added_outliers,2851,3087,0.07100408091891776,0.07088116477939434,0.9980579610423267,44.80050454868478,-0.08701129365637626,1,0.04240432616675535,1
box_sphere_added_outliers_medium_3,added_outliers,2854,3064,0.02458927629219037,0.0011062728641022656,0.9865018629192324,54.946418858036296,-0.19621050449852667,0,0.12712952349041112,0
box_sphere_added_outliers_medium_3,added_outliers,2868,379,0.04753407343770511,0.04214663914234472,0.6945354006283537,72.1100230209707,0.06713924331387189,0,0.09754578199770311,0
box_sphere_added_outliers_medium_3,added_outliers,2871,605,0.01604071366265883,0.003599220975868016,0.983699420673781,57.31451261468696,-0.18709462000801433,1,0.07531356189227902,1
box_sphere_added_outliers_medium_3,added_outliers,2873,2631,0.08884710107471766,0.08682172961545977,0.9969160082951808,83.94353945824687,0.17535271055496313,0,0.05099805717583903,1
box_sphere_added_outliers_medium_3,added_outliers,2879,3078,0.04717935403383721,0.021968557323136705,0.9968110675566673,122.89803496507652,0.10404374535672949,1,0.12031108997861295,0
box_sphere_added_outliers_medium_3,added_outliers,2880,2167,0.0543290524553465,0.05318239390662975,0.9865419577532432,51.80143313544987,-0.08701130556111689,0,0.0328504615640288,1
box_sphere_added_outliers_medium_3,added_outliers,2886,1351,0.023426158288749777,0.007523771709203882,0.8857775207136299,63.50456105775277,0.2696633812349456,1,0.05062645649397696,1
box_sphere_added_outliers_medium_3,added_outliers,2888,670,0.08404024287206152,0.06606131752841825,0.9980928859396873,140.1135937337577,0.04651996801589379,0,0.10399783207882295,0
box_sphere_added_outliers_medium_3,added_outliers,2890,1388,0.04192810170630839,0.02180650290960438,0.9886676503035968,27.466653178924712,-0.034367622714199624,1,0.06644743820252313,1
box_sphere_added_outliers_medium_3,added_outliers,2891,3278,0.03279312387168825,0.02327512201451446,0.986443552529241,39.06255688196878,0.08288759499100361,1,0.060369181102467494,1
box_sphere_added_outliers_medium_3,added_outliers,2893,2891,0.03566571330670845,0.027012303328059595,0.930570225798448,75.64772617604508,-0.003629764572321029,1,0.05886008244842847,1
box_sphere_added_outliers_medium_3,added_outliers,2895,3381,0.03799028863272477,0.02734549302769997,0.9978275681485862,66.1779378805945,0.31845330254768767,0,0.12220396223078146,0
box_sphere_added_outliers_medium_3,added_outliers,2904,1359,0.013589514256645285,0.006737582139793403,0.9986923678846157,42.15044069056275,0.18742527081760316,1,0.06274529107855298,1
box_sphere_added_outliers_medium_3,added_outliers,2907,1376,0.019007124851059265,0.014941241567519267,0.9955007960854839,34.37306458946991,0.20067050498614195,1,0.11544012604060375,0
box_sphere_added_outliers_medium_3,added_outliers,2908,334,0.02767806002674165,0.0025639262677990627,0.9948662899063088,30.6506792387316,-0.08701129365637626,0,0.09331838177866424,0
box_sphere_added_outliers_medium_3,added_outliers,2909,3031,0.029514695596372396,0.001199083625418782,0.9998827851459022,43.28882158502978,-0.2983201065116262,1,0.045249487390382426,1
box_sphere_added_outliers_medium_3,added_outliers,2911,2838,0.05100513183970508,0.045046788485223144,0.9584004568652856,86.62707849680203,0.17535276952922293,0,0.011412482976665366,1
box_sphere_added_outliers_medium_3,added_outliers,2926,2656,0.07334116494194785,0.06448535412422746,0.9588946217837755,35.14073017626767,0.24512231310553498,0,0.06109668106162228,1
box_sphere_added_outliers_medium_3,added_outliers,2930,432,0.015455606981712076,0.013900519095430948,0.9881123496626087,99.67356422403873,0.11778292454537738,1,0.07463525798834263,1
box_sphere_added_outliers_medium_3,added_outliers,2935,2533,0.03243723121332986,0.005425755095164859,0.9994764985013326,52.985689917819734,-0.04445171909261546,0,0.062030866919368224,1
box_sphere_added_outliers_medium_3,added_outliers,2939,1048,0.08064095482495297,0.07382370697460065,0.7434821756470495,105.38794173275933,0.16892185467457307,0,0.1496396629763185,0
box_sphere_added_outliers_medium_3,added_outliers,2941,3384,0.035584178091754105,0.013348889609455811,0.9410576506252393,57.49844194035846,0.03559091165791788,0,0.07758018454606365,1
box_sphere_added_outliers_medium_3,added_outliers,2942,1431,0.31148483314031783,0.30558682063872783,0.7631482744525151,174.75235762834035,-2.338292333562191,0,0.25375431932187553,0
box_sphere_added_outliers_medium_3,added_outliers,2943,699,0.03357395313600887,0.00881942085689386,0.3821676510222851,55.9039028542725,0.15415053697024822,0,0.10954439366639505,0
box_sphere_added_outliers_medium_3,added_outliers,2944,1645,0.035766456530773864,0.020749772488367187,0.9939688597889653,118.66977879473464,0.3184534311188196,1,0.06013816581722957,1
box_sphere_added_outliers_medium_3,added_outliers,2952,567,0.042531159712844914,0.025047739864265492,0.579801417104963,58.418917769033825,0.21667089855983288,0,0.020258850138738137,1
box_sphere_added_outliers_medium_3,added_outliers,2953,836,0.027175918011697834,0.010926082136107643,0.8814438209633968,42.534087729110624,0.19389090367815298,0,0.045279108558020725,1
box_sphere_added_outliers_medium_3,added_outliers,2956,1530,0.053404451371790986,0.012026350944253977,0.9915219447560866,42.666904341025216,0.05959203021667493,0,0.03862611524281721,1
box_sphere_added_outliers_medium_3,added_outliers,2958,2009,0.042880185252455724,0.006361497160850904,0.9961834769867266,51.19748268632639,-0.1779829688601481,0,0.09787954497612039,0
box_sphere_added_outliers_medium_3,added_outliers,2963,1169,0.04790826140193718,0.01944079751755114,0.9634984088671084,57.29535167146872,0.22806950348422106,1,0.008823226755025605,1
box_sphere_added_outliers_medium_3,added_outliers,2964,1986,0.07473141871595386,0.07362881445172932,0.9970708210291976,86.90038027759749,0.26966331933028354,0,0.03633761128728076,1
box_sphere_added_outliers_medium_3,added_outliers,2971,1399,0.042169250861081566,0.015987829110308462,0.9994662737943519,134.53569431796268,0.28768182245199975,0,0.07909506713991801,1
box_sphere_added_outliers_medium_3,added_outliers,2972,758,0.03945977277822454,0.027567027976492343,0.9968736895401069,60.856900657080686,0.024214242640728332,1,0.10077072053895154,0
box_sphere_added_outliers_medium_3,added_outliers,2975,2231,0.07157796187254577,0.06821845867226231,0.559051613504836,59.224495939670284,-0.038221169963102895,0,0.09817234567586816,0
box_sphere_added_outliers_medium_3,added_outliers,2983,1991,0.037763979472955865,0.031041176951409254,0.9967314949380667,69.09287533344548,0.15811090229959635,1,0.12644898679872418,0
box_sphere_added_outliers_medium_3,added_outliers,2984,1607,0.2602732242558408,0.26000407243405754,0.08402000079887913,176.36490164553854,-1.9841244619069058,0,0.241921664314301,0
box_sphere_added_outliers_medium_3,added_outliers,2985,385,0.04438028298798879,0.035319754772106665,0.9996483843704739,116.72097559721243,0.26438624084268614,1,0.10430979292003911,0
box_sphere_added_outliers_medium_3,added_outliers,2987,3297,0.11257400376218607,0.1105350494463905,0.7965194120026828,89.27510502601447,-0.08701130291561884,0,0.05816076441485808,1
box_sphere_added_outliers_medium_3,added_outliers,2988,2974,0.020010513262201227,0.01740287555020094,0.8142192474113189,91.49566612462839,0.02631728546025041,1,0.11078760420388617,0
box_sphere_added_outliers_medium_3,added_outliers,2989,129,0.05941542787702664,0.05877395191351922,0.9683198046681186,38.936471222467496,0.24946069772692703,1,0.06102862675731597,1
box_sphere_added_outliers_medium_3,added_outliers,2990,3387,0.08130178024370627,0.07578578363953264,0.998861302950647,75.58965497382846,0.13613203432472423,0,0.06212636103840484,1
box_sphere_added_outliers_medium_3,added_outliers,2996,476,0.03463831820264399,0.024289296266593242,0.9759757667353193,122.79535893926257,-0.13146300517324933,1,0.08387647820946584,0
box_sphere_added_outliers_medium_3,added_outliers,2998,390,0.05163046411187903,6.853087984850983e-05,0.9938856771656062,61.555154764834896,-0.2918055135416299,0,0.09831759184492649,0
box_sphere_added_outliers_medium_3,added_outliers,3000,3262,0.07759563273097458,0.05743404589372005,0.9969956492395103,95.63650335051035,0.03559091165791788,0,0.08764252291461921,0
box_sphere_added_outliers_medium_3,added_outliers,3005,2247,0.05723357266084967,0.03335463091670275,0.8857655308484191,78.10955874769797,0.13613203432472423,0,0.14512198296050224,0
box_sphere_added_outliers_medium_3,added_outliers,3008,2600,0.0232149328569377,0.007253499131098488,0.9967293936156879,78.51360313711253,0.22664594704784222,1,0.06066168714387891,1
box_sphere_added_outliers_medium_3,added_outliers,3012,2479,0.03458455233590708,0.00783294944325396,0.9945050963559187,87.77325747297392,0.16430289256127106,0,0.08482121186616165,0
box_sphere_added_outliers_medium_3,added_outliers,3015,1184,0.03114843956649931,0.006618785540522974,0.9955470493257105,105.35536354617432,0.26966331933028354,0,0.12537210610847035,0
box_sphere_added_outliers_medium_3,added_outliers,3031,986,0.01595466527889368,0.0024109640324144147,0.9706633892994727,34.58804158515024,0.04651996801589379,1,0.05352809539707437,1
box_sphere_added_outliers_medium_3,added_outliers,3033,2996,0.043428585160008845,0.016458585882719787,0.9974443684330953,30.212210490907175,0.04651998706348184,1,0.06295555122913178,1
box_sphere_added_outliers_medium_3,added_outliers,3034,2687,0.04424251642636607,0.0393016890005706,0.6975453188055296,46.359657682171544,-0.04049131806474003,0,0.10050177408087643,0
box_sphere_added_outliers_medium_3,added_outliers,3035,196,0.04890754967559433,0.03196082406719287,0.9934715540266583,54.74662118361654,0.0,0,0.07861556843975126,1
box_sphere_added_outliers_medium_3,added_outliers,3038,188,0.4723563691183689,0.4707047623935115,0.2390948894743956,194.7120452536195,-2.079434541711336,0,0.4472221601596395,0
box_sphere_added_outliers_medium_3,added_outliers,3042,1099,0.03545891650293028,0.03244047681549784,0.9988450732661985,121.2313710149301,-0.003629764572321029,0,0.07072341521401772,1
box_sphere_added_outliers_medium_3,added_outliers,3045,238,0.03987108083939554,0.020041417590094236,0.9819564800724216,71.31644928862701,-0.20961350175773377,0,0.09161908665011627,0
box_sphere_added_outliers_medium_3,added_outliers,3048,739,0.04179566404396022,0.025064638818915724,0.9998624975343333,138.69580104467525,0.0039603970753144535,0,0.056421942550998444,1
box_sphere_added_outliers_medium_3,added_outliers,3052,355,0.04828079660635371,0.025426732292930708,0.9569889087760443,89.67961476901432,-0.17039282245057719,0,0.09487554542606771,0
box_sphere_added_outliers_medium_3,added_outliers,3056,503,0.03543940059647583,0.00241849364064446,0.9961634437671137,63.472964191428616,0.2345720885172508,0,0.08869068099656857,0
box_sphere_added_outliers_medium_3,added_outliers,3057,2526,0.059055544517963576,0.05179079312916889,0.9883466108220099,30.05996026940912,-0.020319986918110666,0,0.021977678758785348,1
box_sphere_added_outliers_medium_3,added_outliers,3063,2801,0.02500248945180706,0.019020883970508478,0.948880833305999,28.77138959429644,-0.15445257790653846,1,0.10761970980192019,0
box_sphere_added_outliers_medium_3,added_outliers,3070,1644,0.07434732705747521,0.06675371613756353,0.9999652288083999,63.36909566206086,-0.12957086459695555,1,0.03551406653894811,1
box_sphere_added_outliers_medium_3,added_outliers,3071,2779,0.0355106430148866,0.03234481161438896,0.9953130995460752,55.30726445289242,0.23576179524078658,1,0.09315852580620392,0
box_sphere_added_outliers_medium_3,added_outliers,3074,3407,0.017216253567101002,0.014106071492174407,0.9668383115127972,49.25777633509053,0.13613203432472423,1,0.061583238869925915,1
box_sphere_added_outliers_medium_3,added_outliers,3075,1372,0.029088264962787286,0.008720926728323641,0.7657605991082428,115.59350533541044,0.3184534311188196,1,0.1234831301442861,0
box_sphere_added_outliers_medium_3,added_outliers,3076,420,0.035222529117021555,0.03185334843254406,0.995446707082802,122.00347651422858,0.5137619635157394,1,0.09319960237701125,0
box_sphere_added_outliers_medium_3,added_outliers,3078,2075,0.07463143169492821,0.06770790205051089,0.9982212233924586,64.25144705830787,0.052750508863850534,0,0.056478732095342876,1
box_sphere_added_outliers_medium_3,added_outliers,3079,3114,0.06111348597298036,0.05050190059334432,0.9957604164729993,47.252233438526694,-0.12337891798598781,0,0.08760275551286584,0
box_sphere_added_outliers_medium_3,added_outliers,3082,2225,0.031902052214029676,0.025647176002494998,0.9990021756651767,90.37851687496146,0.21309300434980707,0,0.08570508892296509,0
box_sphere_added_outliers_medium_3,added_outliers,3084,2955,0.051304162964748164,0.051036003612633454,0.965741312011549,94.50693451398934,0.13613203432472423,0,0.034346744338847775,1
box_sphere_added_outliers_medium_3,added_outliers,3091,2358,0.03364510945966352,0.02657264556379076,0.9827235446324175,61.2750435852033,-0.18232135679417452,1,0.09566204899956508,0
box_sphere_added_outliers_medium_3,added_outliers,3103,2681,0.06807650025322746,0.04894314494258748,0.8878564153166612,93.36080582555772,0.08734192253618818,0,0.023649692343316594,1
box_sphere_added_outliers_medium_3,added_outliers,3105,1200,0.05901936009481577,0.055273032883097775,0.9969010126538018,80.68784819372507,0.08734192253618818,0,0.0702164521579416,1
box_sphere_added_outliers_medium_3,added_outliers,3106,2402,0.025069581254124496,0.0009519383911658586,0.9926360394716207,48.83285167263973,-0.1670539308171544,1,0.04215049458566434,1
box_sphere_added_outliers_medium_3,added_outliers,3107,3,0.1784161022078902,0.16125275370904818,0.35717317656485287,236.40346733307803,-3.2224825497280567,0,0.2686105047465794,0
box_sphere_added_outliers_medium_3,added_outliers,3121,1955,0.04003322733508471,0.03597665229904363,0.9999976957783243,44.63080563938986,0.14256297036212884,1,0.056408798849273585,1
box_sphere_added_outliers_medium_3,added_outliers,3125,1546,0.03858231210594431,0.03329693729995484,0.7396002361883485,69.75084370618644,-0.05884046192771995,1,0.08811447518034875,0
box_sphere_added_outliers_medium_3,added_outliers,3129,602,0.003364490066311821,0.0008169010479010213,0.990231858273244,28.41395344822195,0.12062789163484515,1,0.04990747163263721,1
box_sphere_added_outliers_medium_3,added_outliers,3131,335,0.10886957648561792,0.08054652323111956,0.9641644880239011,42.814908458772166,0.11778292454537738,0,0.03930532540259653,1
box_sphere_added_outliers_medium_3,added_outliers,3132,3048,0.03960102587592311,0.010520574316882338,0.9824597563629285,72.90287579336324,-0.047790620759464414,0,0.05363859378159606,1
box_sphere_added_outliers_medium_3,added_outliers,3134,3159,0.04601071805676821,0.029746163769909958,0.9950230004662519,89.27860417948365,0.17535271055496313,1,0.09548655786138333,0
box_sphere_added_outliers_medium_3,added_outliers,3145,2866,0.017997358678705774,0.005369986246207299,0.9815551235195565,39.907593205008624,0.16430289256127106,1,0.06945316431078136,1
box_sphere_added_outliers_medium_3,added_outliers,3147,3009,0.03243533921933863,0.017139041839282897,0.8228639988986137,58.08520960592006,-0.2137629577897219,1,0.0569562653597945,1
box_sphere_added_outliers_medium_3,added_outliers,3151,2696,0.025542104883410296,0.02290863721994267,0.9967860583982766,62.658570117144414,0.15415053697024822,1,0.09644905722987096,0
box_sphere_added_outliers_medium_3,added_outliers,3157,1552,0.055841279762136986,0.04648670646987207,0.9669019517754535,44.32203061593499,0.19257336091804642,0,0.10207294252470188,0
box_sphere_added_outliers_medium_3,added_outliers,3163,3155,0.06452612295746923,0.06152888813680417,0.9979440751980253,97.44010026221594,0.0,0,0.08803501990347402,0
box_sphere_added_outliers_medium_3,added_outliers,3164,2813,0.04602222398939029,0.0008219339587128872,0.992246181406592,45.16003453379204,-0.08701129365637626,0,0.03786277869948797,1
box_sphere_added_outliers_medium_3,added_outliers,3168,2263,0.032970172021611364,0.020993258907147885,0.37297497584807454,44.59757903089384,-0.25406521689778827,1,0.15618776687580865,0
box_sphere_added_outliers_medium_3,added_outliers,3169,1220,0.02991224111683448,0.019150042087104618,0.9974344593418597,99.70353291703522,0.31845339778555304,1,0.08287920712847785,0
box_sphere_added_outliers_medium_3,added_outliers,3174,1911,0.0635294795244459,0.0625830002261821,0.9961476644777993,99.84762582401541,0.052750508863850534,1,0.04510978257230621,1
box_sphere_added_outliers_medium_3,added_outliers,3181,3086,0.043318428822774244,0.036486185210231614,0.971055581449342,78.17410935212811,-0.08701127698974474,0,0.08476283228037115,0
box_sphere_added_outliers_medium_3,added_outliers,3184,1881,0.027427966427164045,0.01585912306782578,0.9678112779129744,32.18373003794387,0.13613205765801345,1,0.02719606161775966,1
box_sphere_added_outliers_medium_3,added_outliers,3186,169,0.04878530105942731,0.03180494846350473,0.8041246774515389,90.2710164092348,0.030771630889001002,0,0.1471800731261674,0
box_sphere_added_outliers_medium_3,added_outliers,3188,2260,0.021003640109212768,0.01151136677089398,0.9922829874091377,75.02084492992417,0.06713924331387189,1,0.08416860131595257,0
box_sphere_added_outliers_medium_3,added_outliers,3194,2271,0.07563671485169332,0.07096630528591061,0.9043731228437728,132.12310014937023,0.4238138848719125,0,0.10672188275533993,0
box_sphere_added_outliers_medium_3,added_outliers,3197,2997,0.47716856800685337,0.44753881905907844,0.306503208096314,225.8659394765922,-2.726057492390865,0,0.48629702524448876,0
box_sphere_added_outliers_medium_3,added_outliers,3198,941,0.04379117851020525,0.03338183723061698,0.9953209460975041,26.87399329587389,0.12270906930781333,1,0.026491991899268062,1
box_sphere_added_outliers_medium_3,added_outliers,3199,938,0.05127199804614147,0.024391898229412377,0.8881364395580675,49.71346746238852,-0.23011203088687054,0,0.09918996915170228,0
box_sphere_added_outliers_medium_3,added_outliers,3201,292,0.030524456568178596,0.0002536607945238655,0.9129035562734064,47.3297988174161,-0.16924936845975216,0,0.12471885400655307,0
box_sphere_added_outliers_medium_3,added_outliers,3203,2800,0.043795959009166885,0.03172013838732581,0.9233193104059938,51.4661355392133,-0.04049131806474003,0,0.14522660848724703,0
box_sphere_added_outliers_medium_3,added_outliers,3204,138,0.06384395962714991,0.03734475630567307,0.9995449197046452,92.48620546641696,0.04651996801589379,0,0.04921073325636111,1
box_sphere_added_outliers_medium_3,added_outliers,3209,3272,0.03796346821898344,0.03102185610239646,0.9940271767814667,66.0414216684256,-0.009049830114515767,1,0.07921883751662678,1
box_sphere_added_outliers_medium_3,added_outliers,3221,993,0.021552602697086715,0.015257235360413013,0.9948531171338243,104.697484247879,-0.006968662905842768,0,0.08775183620088801,0
box_sphere_added_outliers_medium_3,added_outliers,3222,3140,0.01871512122220697,0.0001728156077905503,0.1246250648952772,59.125259475242686,0.28768182245199975,1,0.0452657130537304,1
box_sphere_added_outliers_medium_3,added_outliers,3223,1841,0.03163477460052687,0.019741875581534788,0.9658245485501792,64.06598182882394,0.28768182245199975,1,0.09485053140907852,0
box_sphere_added_outliers_medium_3,added_outliers,3228,2931,0.0360763851109746,0.013070940013426948,0.9994231789462736,52.411422178365804,0.04651996801589379,0,0.01863845528755276,1
box_sphere_added_outliers_medium_3,added_outliers,3229,231,0.042653572342165574,0.035229869151061646,0.9946491874537774,84.8386068056349,-0.042559570940579286,1,0.02918219100558575,1
box_sphere_added_outliers_medium_3,added_outliers,3232,2517,0.018950204659541257,0.01030273626404314,0.6215702068755468,33.166963206884716,0.05608942049723534,1,0.13616129356665826,0
box_sphere_added_outliers_medium_3,added_outliers,3233,2504,0.02726933799966865,0.016054655196243207,0.996331631829388,147.1768863648619,0.10404374535672949,0,0.04028944687239778,1
box_sphere_added_outliers_medium_3,added_outliers,3235,3215,0.02252180483521812,0.00020205333837320424,0.6026822823550881,94.12493941408563,0.26580980012806277,1,0.11199801669243047,0
box_sphere_added_outliers_medium_3,added_outliers,3254,566,0.04914287028805418,0.039596290053167504,0.9856140062506434,111.89152518296764,0.1096988178776327,1,0.1197434881525047,0
box_sphere_added_outliers_medium_3,added_outliers,3257,3144,0.04533874629318718,0.03144296684032354,0.9935167647898113,170.06240279439922,0.06713922347264303,0,0.07165258973920424,1
box_sphere_added_outliers_medium_3,added_outliers,3263,2466,0.02872969603501716,0.012163138342996989,0.9599908011864466,88.88904385336423,0.2114814292383339,1,0.13009065225456276,0
box_sphere_added_outliers_medium_3,added_outliers,3266,982,0.015278931497749348,4.183573503176033e-05,0.9316590663656809,57.56096935854207,-0.1537026335796052,1,0.10509021231747774,0
box_sphere_added_outliers_medium_3,added_outliers,3269,1281,0.03788594683941261,0.020053132650469357,0.9980143180361656,25.40807172056672,-0.08701132820916926,1,0.07465160582642955,1
box_sphere_added_outliers_medium_3,added_outliers,3277,3104,0.020347848758897683,0.010120363365165247,0.9981147391343105,54.52159704890392,0.09531007980442975,1,0.048118960757157034,1
box_sphere_added_outliers_medium_3,added_outliers,3278,610,0.030313233083473515,0.015697009657820424,0.9567324796029628,61.705662489915966,0.13005304694743575,1,0.05829993750372093,1
box_sphere_added_outliers_medium_3,added_outliers,3279,1578,0.07533744152311701,0.07314321096216873,0.9925187635390438,26.829382881919454,-0.12337891798598781,0,0.01991696998127775,1
box_sphere_added_outliers_medium_3,added_outliers,3284,467,0.04090194292551094,0.02536180375300925,0.992402683562944,52.675605555573185,0.0733312054527619,1,0.08453244217038731,0
box_sphere_added_outliers_medium_3,added_outliers,3292,3214,0.02942609661890622,0.0008208058864851367,0.9983529051786174,46.61498513377599,0.18742527081760316,0,0.09932625102829823,0
box_sphere_added_outliers_medium_3,added_outliers,3300,2933,0.07338240742986239,0.06835156479543207,0.9994999961859896,33.880678262480416,0.20067050498614195,1,0.01980907293860067,1
box_sphere_added_outliers_medium_3,added_outliers,3301,3291,0.03583079248763799,0.02490771296536359,0.9987203738234544,137.91354215499146,0.05959203021667493,0,0.09728075878032542,0
box_sphere_added_outliers_medium_3,added_outliers,3307,3157,0.04512872520390824,0.03751517135830276,0.9985227929280861,65.11108854828947,-0.08701129365637626,1,0.1364384784514765,0
box_sphere_added_outliers_medium_3,added_outliers,3308,2534,0.031266588437599774,0.027419811832535366,0.9999842414187391,61.086990948857235,0.26966331933028354,1,0.11358013251296913,0
box_sphere_added_outliers_medium_3,added_outliers,3309,3362,0.06048212867991352,0.060353969735087214,0.8709819171959436,97.78108580894869,0.02218789640773839,0,0.1228711320616002,0
box_sphere_added_outliers_medium_3,added_outliers,3314,2444,0.03405188733038871,0.030329765869908855,0.9998286701902146,98.47680678041384,0.2006704732401757,0,0.07076445139387622,1
box_sphere_added_outliers_medium_3,added_outliers,3316,2308,0.053495672608351814,0.040830767682128025,0.9412331268743993,51.97271528390815,0.38841201185260177,0,0.05826652681460235,1
box_sphere_added_outliers_medium_3,added_outliers,3326,972,0.05726422773265038,0.04603143974413883,0.9906628471302876,78.20281855526795,-0.08701129698970342,0,0.10773048456476025,0
box_sphere_added_outliers_medium_3,added_outliers,3327,3165,0.24924157903243194,0.24514139537082985,0.03694751431504518,174.97632672664014,-2.338292333562191,0,0.2799434233674952,0
box_sphere_added_outliers_medium_3,added_outliers,3329,2331,0.05369610178505291,0.05355208444074107,0.9866448728927057,101.72483302970436,0.3024531163468433,1,0.0779118866958048,1
box_sphere_added_outliers_medium_3,added_outliers,3331,120,0.0675204635007876,0.06264950211623481,0.9976439592162939,73.92041500404963,0.0039603970753144535,1,0.04610960304124898,1
box_sphere_added_outliers_medium_3,added_outliers,3334,1683,0.02079470569366526,0.0049300528521553375,0.4788665628231172,88.19738475929111,0.17081763070825254,1,0.09852747447174977,0
box_sphere_added_outliers_medium_3,added_outliers,3348,492,0.06253398596454154,0.042830371243654415,0.9985431606984877,124.42535521097393,0.17535271055496313,0,0.14495173057606117,0
box_sphere_added_outliers_medium_3,added_outliers,3355,2429,0.06260201746056875,0.0437843867592349,0.9717770287300153,59.05101186744787,0.0039603970753144535,0,0.08822156455896803,0
box_sphere_added_outliers_medium_3,added_outliers,3361,1402,0.07677748463609463,0.04683243874357425,0.8891997851859208,75.97036228837526,0.12809989682095158,0,0.07566996782901689,1
box_sphere_added_outliers_medium_3,added_outliers,3363,271,0.0819227818046512,0.07464664283906766,0.9735082329529793,104.75515951162983,-0.04049131806474003,0,0.06573318928150025,1
box_sphere_added_outliers_medium_3,added_outliers,3364,273,0.07814366532135326,0.0768755753484202,0.9913630162906466,239.786051645663,-0.3281728234180531,0,0.12720357875484498,0
box_sphere_added_outliers_medium_3,added_outliers,3366,3117,0.05125605501412243,0.024243795988507028,0.747995447100875,75.41040268030716,-0.14258113702480787,0,0.08053165961163145,0
box_sphere_added_outliers_medium_3,added_outliers,3370,1682,0.02465552312225103,0.012264110487257014,0.9969143209020466,63.52170477465069,0.0,0,0.031901513551296105,1
box_sphere_added_outliers_medium_3,added_outliers,3374,2995,0.03840256453715635,0.029363557774882802,0.7951390727190117,80.02740074445501,-0.14107851054066192,0,0.08304524026225071,0
box_sphere_added_outliers_medium_3,added_outliers,3380,1519,0.048919823996477575,0.032302512101589784,0.6863663522602592,109.18217407100684,0.528173810749647,1,0.15353840144625686,0
box_sphere_added_outliers_medium_3,added_outliers,3387,2811,0.07088073027760687,0.0686223700891566,0.9958709122879481,98.75856194624905,-0.20961350175773377,1,0.09826416717515662,0
box_sphere_added_outliers_medium_3,added_outliers,3388,1527,0.03565630102180106,0.03188058390022111,0.6873434985320123,75.63337218171836,0.1022305335685165,0,0.11261505707302899,0
box_sphere_added_outliers_medium_3,added_outliers,3391,2230,0.07586545156196083,0.07409738570021811,0.9886169381621361,81.62046989843097,0.3512432281353791,0,0.04781439550296574,1
box_sphere_added_outliers_medium_3,added_outliers,3394,2871,0.047414268219496014,0.0370618199664286,0.997580076671708,33.69376693254744,-0.25131423780486073,1,0.06701194351662292,1
box_sphere_added_outliers_medium_3,added_outliers,3401,2275,0.029257738191892438,0.013404385349639789,0.060573691373458693,82.31102703571933,0.2006705473141128,1,0.09166371662410065,0
box_sphere_added_outliers_medium_3,added_outliers,3412,1051,0.3494242854628859,0.32610804809388805,0.7499133800541424,156.54077830379737,-3.131510862619547,0,0.3161708203616522,0
box_sphere_added_outliers_medium_3,added_outliers,3414,1950,0.04313550745740189,0.0033403525940133814,0.9963461127481387,109.66924823568009,-0.03294411478373251,0,0.10994703550555561,0
box_sphere_added_outliers_medium_3,added_outliers,3417,1005,0.05420980551241609,0.022102852072390655,0.8876371869351146,64.1175731292104,0.1053604489912019,0,0.10695378019691887,0
box_sphere_added_outliers_medium_3,added_outliers,3418,1615,0.04362519395190442,0.033732676087725504,0.9945731213025277,78.98918973347851,0.23576179524078658,1,0.13132628834337612,0
box_sphere_added_outliers_medium_3,added_outliers,3420,2194,0.05077304344701959,0.018835817051663113,0.9957785982317235,33.58146216966726,-0.05192001530647227,0,0.032878719905306296,1
box_sphere_added_outliers_medium_3,added_outliers,3429,968,0.05064869148557597,0.031749549385105484,0.9934949058921956,116.25140978425979,-0.1335312497675327,1,0.030116106082434257,1
box_sphere_added_outliers_medium_3,added_outliers,3431,370,0.04238754403248845,0.03180199310065436,0.9909436971295188,36.82366026591461,0.027398956170108287,0,0.05589808440698942,1
box_sphere_added_outliers_medium_3,added_outliers,3433,1507,0.3874929356761306,0.38693065881318306,0.03694751431504209,187.56327561655186,-3.178030830635441,0,0.4037634969737113,0
box_sphere_added_outliers_medium_3,added_outliers,3434,776,0.03550167907136483,0.011810487168473606,0.879060549970448,50.102958116936975,-0.26136450127753047,0,0.05987848152427488,1
box_sphere_added_outliers_medium_3,added_outliers,3444,2528,0.01762717758768348,0.0143537045809991,0.9617509024529939,111.78216078606486,-0.003629764572321029,1,0.12093633089141186,0
box_sphere_added_outliers_medium_3,added_outliers,3445,2653,0.026568959043695897,0.013506732634976355,0.9985644480417852,40.86728151528824,-0.08701127172659937,1,0.058080041845423626,1
box_sphere_added_outliers_medium_3,added_outliers,3447,1769,0.052218407767638086,0.04453948934906269,0.9839808003828008,88.15622443907412,-0.1670539308171544,0,0.09611941704703794,0
box_sphere_added_outliers_medium_3,added_outliers,3449,1426,0.4624210322420232,0.4101095000283001,0.8337693053701095,254.1680455020041,-2.4383756818436058,0,0.4701522413719256,0
box_sphere_added_outliers_medium_3,added_outliers,3451,1766,0.07270204350844746,0.06307203107015628,0.9991858421871909,63.15926120457199,-0.038221169963102895,0,0.030051221808150397,1
box_sphere_added_outliers_medium_3,added_outliers,3453,3067,0.03599526596525302,0.002764851384754444,0.9743480762878441,57.04815986769066,-0.04445171909261546,0,0.05029608531495718,1
box_sphere_added_outliers_medium_3,added_outliers,3462,2154,0.09457552086515025,0.09191900270701646,0.9911878694650721,56.834679601158,0.22314335131438975,0,0.05606912346574532,1
box_sphere_added_outliers_medium_3,added_outliers,3468,3218,0.07773161072771737,0.07466122997384124,0.9856172933689754,89.06686420202406,0.15415053697024822,1,0.07148754352804926,1
box_sphere_added_outliers_medium_3,added_outliers,3476,306,0.03645577486954082,0.031063095825906176,0.9987730949379597,50.16286253404294,-0.0100503269646205,1,0.05348953802072565,1
box_sphere_added_outliers_medium_3,added_outliers,3477,1826,0.029396419602188237,0.021132249104229273,0.9788247257977232,35.47964468076224,-0.038221169963102895,1,0.03978525850002133,1
box_sphere_added_outliers_medium_3,added_outliers,3480,3123,0.04357340660984194,0.0292314778204913,0.9909878874636311,43.99698525640552,0.12809989682095158,1,0.09256983108878925,0
box_sphere_added_outliers_medium_3,added_outliers,3483,2177,0.018713277396940627,0.014491938647336567,0.4164467496040619,55.10409521380534,-0.014690707270473252,1,0.09790157388037157,0
box_sphere_added_outliers_medium_3,added_outliers,3484,1048,0.05969648185256966,0.05632754658567349,0.6971233194739488,89.60603079715149,0.39849613751025065,0,0.1332028332232947,0
box_sphere_added_outliers_medium_3,added_outliers,3487,3346,0.031937763214910396,0.0313605117255023,0.9982520576992697,136.46504190799573,0.06713922347264303,1,0.0829914704853061,0
box_sphere_added_outliers_medium_3,added_outliers,3497,2533,0.04916457330394404,0.01068391563900295,0.970551852391258,66.20506954469283,-0.13146300517324933,0,0.08694981549347928,0
box_sphere_added_outliers_medium_3,added_outliers,3501,3095,0.003816421892097814,0.00020784980641384723,0.9280352290127618,43.912772097268196,0.17961718579156188,1,0.04555792741991172,1
box_sphere_added_outliers_medium_3,added_outliers,3505,2657,0.03044525557957731,0.027966184564026816,0.9980243603874748,169.59681654265947,0.21309300434980707,1,0.10326322827631004,0
box_sphere_added_outliers_medium_3,added_outliers,3506,1771,0.04495820429865482,0.030506986537364496,0.6769540510891562,111.00172784188477,-0.44991632720140473,1,0.1044215956949554,0
box_sphere_added_outliers_medium_3,added_outliers,3512,1772,0.0519566425175392,0.04008355993185022,0.9998543743125419,60.270510531009194,0.040821954520294364,0,0.12846038092813844,0
box_sphere_added_outliers_medium_3,added_outliers,3522,3257,0.0435224368958779,0.02901039018093316,0.9973268722811379,153.3137720227266,0.1466033162973087,1,0.035544163762429026,1
box_sphere_added_outliers_medium_3,added_outliers,3524,96,0.1476141002371509,0.14369819009553142,0.03694751431505194,188.04862385325117,-2.9202020154506507,0,0.187773889342802,0
box_sphere_added_outliers_medium_3,added_outliers,3527,8,0.04203844078102151,0.04032951417750426,0.839534887201733,50.34169979979846,0.2204731486408218,1,0.1189191850426079,0
box_sphere_added_outliers_medium_3,added_outliers,3528,3081,0.04156834662140276,0.03533852602818714,0.9796133146958241,40.37916109078159,0.06327078960466942,0,0.04554059571823738,1
box_sphere_added_outliers_medium_3,added_outliers,3531,1661,0.05851554370315629,0.05771457786036222,0.9922313364227022,31.200561541781152,0.14351217268982353,0,0.014367829276911442,1
box_sphere_added_outliers_medium_3,added_outliers,3537,595,0.028407560021706437,0.02827741700686812,0.9121813452232963,42.680232635934395,-0.08701131032301411,1,0.02762604304935659,1
box_sphere_added_outliers_medium_3,added_outliers,3540,1306,0.016886780227942492,0.012990722719227039,0.9992483167263478,90.56224569917782,0.018349116446001158,1,0.0740140167980849,1
box_sphere_added_outliers_medium_3,added_outliers,3543,2224,0.0695930475665866,0.06720313309005987,0.9948651366235404,88.80298626529388,0.2006704732401757,1,0.08641709174756404,0
box_sphere_added_outliers_medium_3,added_outliers,3547,3070,0.05141929600193257,0.04105694641451469,0.9988287002432267,56.596799475432285,0.3899123004650684,0,0.08253416865644346,0
box_sphere_added_outliers_medium_3,added_outliers,3552,1043,0.048961067600502325,0.003477101740682595,0.9981790319675478,107.35232417897625,-0.03571804049686563,1,0.11854851726863719,0
box_sphere_added_outliers_medium_3,added_outliers,3558,3247,0.03963127800856218,0.01987604925189776,0.992881041247039,156.91868067218948,0.08004263075053333,0,0.08142770611414453,0
box_sphere_added_outliers_medium_3,added_outliers,3560,2208,0.03445061790889863,0.026280878195312662,0.982517187425381,66.7733818991918,0.13613205765801345,0,0.06860012586801119,1
box_sphere_added_outliers_medium_3,added_outliers,3570,2396,0.014377101574933004,0.014073811725049944,0.9991575256614628,114.74399587496312,0.2006705287956235,1,0.07893941562513064,1
box_sphere_added_outliers_medium_3,added_outliers,3582,512,0.04266501512752827,0.03699111407429845,0.9840517437871042,38.7291776499392,0.040821954520294364,1,0.07126619097048344,1
box_sphere_added_outliers_medium_3,added_outliers,3590,1278,0.03284906372561544,0.015732439708917308,0.9911789552065231,74.24561695787533,-0.49247601843157846,1,0.0958728644129563,0
box_sphere_added_outliers_medium_3,added_outliers,3596,1795,0.02584702158241087,0.013955387828195756,0.5271826370263836,78.58381640541653,-0.042559570940579286,1,0.12887101925247446,0
box_sphere_added_outliers_medium_3,added_outliers,3601,1688,0.059571293925094596,0.05283609998549725,0.9972692102399378,69.94319693254928,-0.08701129698970342,0,0.13709122361456247,0
box_sphere_added_outliers_medium_3,added_outliers,3602,2072,0.023356134590463942,0.005724803386834053,0.9979746974050988,35.55502275544089,0.024214227160881834,1,0.06349438047250473,1
box_sphere_added_outliers_medium_3,added_outliers,3603,1677,0.010505309706722797,0.0027946033712353494,0.9907666095883972,78.8909774702179,-0.006968662905842768,1,0.10809026931371714,0
box_sphere_added_outliers_medium_3,added_outliers,3606,3155,0.05090717893780301,0.03951106996323188,0.9989280629501446,65.20107368686448,-0.042559570940579286,1,0.12161357490741695,0
box_sphere_added_outliers_medium_3,added_outliers,3612,2106,0.06438964614724332,0.05711218260054558,0.9963919171503468,72.57505180470216,-0.0100503269646205,0,0.10806732849574412,0
box_sphere_added_outliers_medium_3,added_outliers,3614,1065,0.026698083308554783,0.016401517192705477,0.9939609524180678,99.94822171444339,0.013072066529776083,1,0.06663697988089012,1
box_sphere_added_outliers_medium_3,added_outliers,3615,2259,0.048779326917405455,0.036551767695337224,0.6321376332974309,60.25767562437629,-0.042559570940579286,0,0.10742952871586746,0
box_sphere_added_outliers_medium_3,added_outliers,3616,2998,0.03235359900630248,0.025900060049342616,0.9983064232220179,107.74393718851607,-0.04049131806474003,1,0.02870857166350093,1
box_sphere_added_outliers_medium_3,added_outliers,3619,705,0.03456985832856018,0.026161787373443466,0.984501655285851,55.83723977202509,-0.049271006271777176,1,0.06596894691777097,1
box_sphere_added_outliers_medium_3,added_outliers,3622,2129,0.10930198659274204,0.1069569002560609,0.9984502372195274,107.99886364679847,0.29247781556611047,0,0.09806417289827594,0
box_sphere_added_outliers_medium_3,added_outliers,3623,2411,0.026434558720788693,0.020286719502647453,0.9993027754247216,76.13728853244298,-0.08701130006662104,1,0.0817233266795044,0
box_sphere_added_outliers_medium_3,added_outliers,3625,1132,0.05282838191175845,0.0366535776856756,0.9850933548138368,60.309272819251916,-0.08701128175163891,0,0.07313407029492996,1
box_sphere_added_outliers_medium_3,added_outliers,3626,669,0.06462032734172574,0.05933980875819723,0.8846813987737712,98.70459275171017,0.39482636816671357,0,0.0752428646020678,1
box_sphere_added_outliers_medium_3,added_outliers,3633,1093,0.014421354014048527,0.0016497081104360895,0.996506364407067,113.48703810960008,0.13613203432472423,1,0.12365026825738876,0
box_sphere_added_outliers_medium_3,added_outliers,3645,2079,0.033708341392602266,0.029444437308798675,0.9980930022700867,109.86410333506824,0.25782881518479,1,0.09684164948752319,0
box_sphere_added_outliers_medium_3,added_outliers,3650,3018,0.046607848166946006,0.046059523154849374,0.9974442670350098,151.32624363370323,0.22664594704784222,0,0.08510432489634084,0
box_sphere_added_outliers_medium_3,added_outliers,3651,951,0.0897592019073757,0.08964581177045057,0.9977899347125545,27.000668383823648,0.13613203432472423,1,0.04151818656916866,1
box_sphere_added_outliers_medium_3,added_outliers,3657,2831,0.0409686737039401,0.0032081619573353917,0.978276741940732,57.74271509419263,0.2729911818480921,1,0.019100760452542075,1
box_sphere_added_outliers_medium_3,added_outliers,3659,556,0.023359599564834167,0.018973952250860383,0.9483587610152033,35.23800548469785,0.08004265639151804,1,0.07280043816469603,1
box_sphere_added_outliers_medium_3,added_outliers,3660,2187,0.11293597805336811,0.11282361760401502,0.9666274290876018,52.36654749644631,0.0733312054527619,0,0.07262725214685618,1
box_sphere_added_outliers_medium_3,added_outliers,3666,2837,0.03689264101047054,0.014605066752079328,0.9999666263929837,88.39749835438111,0.5320271830657537,1,0.11296798691111437,0
box_sphere_added_outliers_medium_3,added_outliers,3669,2332,0.05913097398882605,0.03224104304394815,0.9994620856778477,111.64305831817902,0.04651996801589379,0,0.15631785965357897,0
box_sphere_added_outliers_medium_3,added_outliers,3670,573,0.03451436842459596,0.010152424891787927,0.9064182753616068,61.086184868856826,0.14660339524454963,1,0.07286244911021957,1
box_sphere_added_outliers_medium_3,added_outliers,3671,318,0.03846494934623145,0.02308495785192887,0.9952909449630514,158.13092962578295,0.22664594704784222,1,0.025190834623067558,1
box_sphere_added_outliers_medium_3,added_outliers,3672,2746,0.04435149835686805,0.007513962074754122,0.9363130033090123,49.4804694385403,0.2758939509389694,0,0.09941864930350523,0
box_sphere_added_outliers_medium_3,added_outliers,3674,2064,0.06064097704377308,0.013618897014398071,0.9987797370814386,98.77384367480599,0.23144207003834605,0,0.07320265432344837,1
box_sphere_added_outliers_medium_3,added_outliers,3675,3124,0.07750214652818804,0.03935492603988724,0.9313395504344366,81.40426588053461,-0.2780663071165236,0,0.07952296616942754,1
box_sphere_added_outliers_medium_3,added_outliers,3684,2132,0.06823859648433006,0.06546329655128513,0.9900589658515899,121.81865468092326,-0.12783325150999786,1,0.13214696695403427,0
box_sphere_added_outliers_medium_3,added_outliers,3685,2167,0.0526258830548192,0.04773482230763319,0.9474033574443927,70.77346945883521,-0.12337891798598781,1,0.05790348239897017,1
box_sphere_added_outliers_medium_3,added_outliers,3687,1787,0.04125212822918097,0.02218244662281132,0.9943647176835677,94.73156515665661,0.2114814292383339,1,0.12639626453597583,0
box_sphere_added_outliers_medium_3,added_outliers,3692,1665,0.02372111909792132,0.014712115507158863,0.9995266227020055,110.02085108403716,-0.17402257973701005,1,0.0768979131916731,1
box_sphere_added_outliers_medium_3,added_outliers,3695,2601,0.01994832113041451,0.017799202864735235,0.9708377343557072,37.83695962048471,0.08734192253618818,1,0.10587220232783616,0
box_sphere_added_outliers_medium_3,added_outliers,3703,622,0.041322240435095164,0.02849583376389159,0.9988252071248775,122.27350272164621,0.19062020688149967,1,0.05135305763472246,1
box_sphere_added_outliers_medium_3,added_outliers,3704,895,0.10114881713894255,0.09929340162960287,0.9987572110820806,113.89587683421774,0.2414924277604701,0,0.11007245193167176,0
box_sphere_added_outliers_medium_3,added_outliers,3706,33,0.05518360371668377,0.04653745806182381,0.9343194693599054,76.5938071534415,-0.08701130556111689,1,0.13153352786611514,0
box_sphere_added_outliers_medium_3,added_outliers,3709,1440,0.06093657227837555,0.0547763045881854,0.9696522204952543,47.106549031527585,-0.042559570940579286,1,0.12133082155031533,0
box_sphere_added_outliers_medium_3,added_outliers,3720,2724,0.033587804802809484,0.026818920071232558,0.997746963337398,56.50847263856705,0.0039603970753144535,0,0.069468024429867,1
box_sphere_added_outliers_medium_3,added_outliers,3723,2692,0.01948190231338414,0.015295288441191322,0.8606557934529643,71.47747434416114,-0.30212250628420356,1,0.08056260317537542,0
box_sphere_added_outliers_medium_3,added_outliers,3724,2823,0.08726206116220425,0.07134577979818717,0.9839340193982152,36.25389632944571,-0.04618933913608186,0,0.07679620591765882,1
box_sphere_added_outliers_medium_3,added_outliers,3731,222,0.011267085529282269,0.0008104432278399135,0.9969474211514467,53.94405529923636,0.0,1,0.055827664123807644,1
box_sphere_added_outliers_medium_3,added_outliers,3735,1591,0.024093046020987306,0.00670482521407504,0.9170474757124094,58.626473067223735,0.3076426270761457,1,0.08030989826236644,0
box_sphere_added_outliers_medium_3,added_outliers,3739,2682,0.04670178429913728,0.03435397723223624,0.9849874322600712,102.80424361874887,0.06713924331387189,0,0.06042182558936765,1
box_sphere_added_outliers_medium_3,added_outliers,3740,2296,0.03365791388886292,0.0013764220188298008,0.9974109106210076,182.59315720839086,0.24946053582248198,0,0.1320656459766349,0
box_sphere_added_outliers_medium_3,added_outliers,3745,241,0.050775697285001434,0.025789696561901776,0.998737465888482,104.62027941679642,0.22664594704784222,0,0.1001019584708198,0
box_sphere_added_outliers_medium_3,added_outliers,3755,1285,0.10175486711724555,0.10097757387538003,0.938799049838529,81.33446320836171,-0.1779829688601481,0,0.1432561802584108,0
box_sphere_added_outliers_medium_3,added_outliers,3761,246,0.21920686160360284,0.21515023479423329,0.5370699123831572,281.6958878315125,-3.131510862619547,0,0.26759907676331285,0
box_sphere_added_outliers_medium_3,added_outliers,3762,1194,0.046458676191661115,0.012839806958143728,0.45484068030368635,59.970384276020546,0.04651997992063451,0,0.16332229534342338,0
box_sphere_added_outliers_medium_3,added_outliers,3763,1215,0.03618818387523564,0.03140786729958935,0.9960607172503002,129.92782373374976,0.16430289256127106,0,0.058754849347547336,1
box_sphere_added_outliers_medium_3,added_outliers,3767,1772,0.04423808531541347,0.03159423005520488,0.9960823465686995,69.2621537301906,0.040821954520294364,1,0.0932492980658217,0
box_sphere_added_outliers_medium_3,added_outliers,3776,776,0.01864552060466474,0.011239720764876402,0.9026862081908054,49.30841711585209,0.2204731486408218,1,0.049693926327831386,1
box_sphere_added_outliers_medium_3,added_outliers,3779,84,0.015555049104003514,0.009941147507417189,0.9812831322070616,31.839163886652134,-0.05192001530647227,1,0.034728852558411225,1
box_sphere_added_outliers_medium_3,added_outliers,3785,2555,0.4838544217280206,0.46949645740045914,0.886677732895849,257.4240296278664,-3.2224825497280567,0,0.47678765646105437,0
box_sphere_added_outliers_medium_3,added_outliers,3790,2592,0.02138047681258976,0.021362166816359496,0.9992144695652444,117.6633647661046,0.31845335611897974,1,0.07634806780564876,1
box_sphere_added_outliers_medium_3,added_outliers,3792,155,0.033976171611472414,0.0339557258260949,0.9823424662283009,44.60016411490291,0.4650567746888063,1,0.07905812027239449,1
box_sphere_added_outliers_medium_3,added_outliers,3798,3403,0.040939339296169795,0.03991318900532334,0.9373754586009225,91.78577274568526,0.21309300434980707,1,0.12153264635285423,0
box_sphere_added_outliers_medium_3,added_outliers,3800,2569,0.25735130266704653,0.2562567144600836,0.2883155372375169,201.12258160566412,-2.123886260803951,0,0.26214320326248297,0
box_sphere_added_outliers_medium_3,added_outliers,3811,2660,0.0428133701421834,0.03578433436977276,0.991641194697642,67.18300731317902,-0.38550403174507736,0,0.073204668081627,1
box_sphere_added_outliers_medium_3,added_outliers,3822,1228,0.033297725339505146,0.009527881476162785,0.9921242739368569,36.893818539013026,-0.21484453759063157,0,0.07077496902742701,1
box_sphere_added_outliers_medium_3,added_outliers,3823,2536,0.030683724770145738,0.026880919435968053,0.9879465389199806,34.958428153244036,-0.2411618425313652,1,0.08013870133242916,0
box_sphere_added_outliers_medium_3,added_outliers,3827,3189,0.03736681220123758,0.03530650137240798,0.9866805211013431,95.19137424720974,0.052750508863850534,1,0.060572945302113414,1
box_sphere_added_outliers_medium_3,added_outliers,3834,3054,0.036142007962572976,0.036096967312960776,0.9894546212406784,71.38297169452945,0.18125246933366515,1,0.11521667256887351,0
box_sphere_added_outliers_medium_3,added_outliers,3837,810,0.03338303956697284,0.013075663024082354,0.9682321716428514,122.17954191421839,0.249460616774678,0,0.10508770507473097,0
box_sphere_added_outliers_medium_3,added_outliers,3840,3143,0.02074839779417838,0.005890468311258629,0.9677318377767453,68.99713777293243,-0.22054254342390892,1,0.07909053678021893,1
box_sphere_added_outliers_medium_3,added_outliers,3842,844,0.06156414207013719,0.05688665645889766,0.9952626974146994,79.79284560091209,0.11365923093050136,0,0.11782974049358004,0
box_sphere_added_outliers_medium_3,added_outliers,3845,115,0.02696322825509,0.005685814055895784,0.9981089059522671,42.780786793600384,0.19062020688149967,1,0.08036909478493658,0
box_sphere_added_outliers_medium_3,added_outliers,3846,1291,0.04032702189874133,0.031172717356729145,0.986985965053337,38.15749712677825,-0.08701129365637626,1,0.07012955545246077,1
box_sphere_added_outliers_medium_3,added_outliers,3847,1368,0.027743195985700055,0.01386162384703546,0.8396973126227844,98.57002180931788,-0.4318513681838963,1,0.10619459352446302,0
box_sphere_added_outliers_medium_3,added_outliers,3849,910,0.03238005682721259,0.007064133534382497,0.9980093875976311,53.20556039811165,0.05608942049723534,0,0.02633556439114754,1
box_sphere_added_outliers_medium_3,added_outliers,3854,2735,0.023199970460522457,0.0011122419336238546,0.9985244466742533,112.89650960420641,0.20067042879584007,1,0.02617835732849128,1
box_sphere_added_outliers_medium_3,added_outliers,3859,1107,0.06413620360070839,0.017571209217112842,0.8777880033253812,112.94612198838132,-0.08701128175163891,0,0.10810043557517042,0
box_sphere_added_outliers_medium_3,added_outliers,3861,3262,0.07648005307932736,0.06017567026500508,0.9986883976281061,102.04698866014604,-0.04445171909261546,0,0.12437470101986083,0
box_sphere_added_outliers_medium_3,added_outliers,3865,1947,0.05314596696225253,0.03724021846057356,0.9963472412033312,27.056490220695746,0.03660255816972519,0,0.030997143825030382,1
box_sphere_added_outliers_medium_3,added_outliers,3867,3355,0.05540758547240645,0.04694056452053487,0.997141755879183,128.10873060627148,0.31845339778555304,1,0.1324846916127958,0
box_sphere_added_outliers_medium_3,added_outliers,3868,2907,0.06415646485980393,0.05040973060591387,0.9980592613679181,118.57004145201476,-0.12957086459695555,1,0.06427552860782251,1
box_sphere_added_outliers_medium_3,added_outliers,3869,421,0.018421952395862643,0.0026647714532767592,0.9989830392365874,96.88472340268407,0.11365918715954185,1,0.09143338137319389,0
box_sphere_added_outliers_medium_3,added_outliers,3871,2263,0.05348261429489573,0.0487210013632928,0.735333733574098,90.63536853405897,-0.4547356699359908,0,0.14186969695708476,0
box_sphere_added_outliers_medium_3,added_outliers,3877,797,0.03344962706468152,0.03007657354904368,0.9315109579561229,110.97870842776732,0.1466033162973087,1,0.06259539931819265,1
box_sphere_added_outliers_medium_3,added_outliers,3878,473,0.05165393720732185,0.0420486113043789,0.9941746072287498,63.09352033375573,-0.08701129365637626,1,0.08536423452725107,0
box_sphere_added_outliers_medium_3,added_outliers,3882,720,0.023506085327849875,0.014176579223773243,0.9983808440964482,65.85374785998688,0.0039603970753144535,1,0.08843924542098325,0
box_sphere_added_outliers_medium_3,added_outliers,3884,1136,0.04446478686875828,0.025298808399380646,0.9916271652937538,88.19759505984736,0.2414924277604701,0,0.06978113894050039,1
box_sphere_added_outliers_medium_3,added_outliers,3885,2419,0.05153364361443922,0.01412041653312046,0.9861174144712535,23.28538099627331,0.2006705287956235,0,0.012493269528146523,1
box_sphere_added_outliers_medium_3,added_outliers,3886,2775,0.050611149872233266,0.03992292245830034,0.9516108996388303,51.87476800170539,0.052750508863850534,1,0.1168929216116098,0
box_sphere_added_outliers_medium_3,added_outliers,3889,433,0.2021837590860634,0.20013875768502123,0.9992368521301844,128.19686488104955,-3.0314275143381324,0,0.21560823832361775,0
box_sphere_added_outliers_medium_3,added_outliers,3904,3177,0.05358783746992524,0.044388873885631626,0.9910781032260078,82.21416520885955,0.13613203432472423,0,0.08859590955495117,0
box_sphere_added_outliers_medium_3,added_outliers,3909,1782,0.028419186048626963,0.02753778992553052,0.9965097468944704,62.59384844229744,-0.17039282245057719,1,0.11884834208299709,0
box_sphere_added_outliers_medium_3,added_outliers,3915,2391,0.03206009772835798,0.025293856235852688,0.9968590504666686,45.57067491262416,0.08734192253618818,0,0.12044506099148924,0
box_sphere_added_outliers_medium_3,added_outliers,3916,1738,0.028066262113803815,0.006712139552585594,0.9960642210218118,64.3021984490098,-0.13830450821947837,1,0.07598058044814432,1
box_sphere_added_outliers_medium_3,added_outliers,3918,1106,0.06569309119989686,0.061280988039470234,0.9938550766420355,61.26660963516023,-0.04445171909261546,1,0.043093676074218636,1
box_sphere_added_outliers_medium_3,added_outliers,3919,2921,0.021775639028129172,0.007428742699096649,0.9994929681858115,61.95332219144148,0.15415053697024822,1,0.04594023461603371,1
box_sphere_added_outliers_medium_3,added_outliers,3923,693,0.07115533476318436,0.06650623251778534,0.998067291770469,67.2167228801129,-0.038221169963102895,0,0.05766481743786948,1
box_sphere_added_outliers_medium_3,added_outliers,3924,268,0.040239771923176335,0.02162312297000391,0.998618951616799,112.09280908103186,0.18492210635144704,0,0.11098350833900314,0
box_sphere_added_outliers_medium_3,added_outliers,3926,1659,0.06925918083818385,0.06840572533278054,0.9993056656888458,18.06651648954726,0.05018971284966715,0,0.020013158322145005,1
box_sphere_added_outliers_medium_3,added_outliers,3933,2459,0.07904276439511917,0.0779732453169223,0.9969339063483346,38.586105262624834,0.040821954520294364,0,0.017107617720752758,1
box_sphere_added_outliers_medium_3,added_outliers,3935,2044,0.04438039760686829,0.03250422238047137,0.9991231452305942,156.7118527196204,0.05959203021667493,0,0.07700775348020623,1
box_sphere_added_outliers_medium_3,added_outliers,3945,1300,0.034963717299937004,0.0205375970844382,0.99895958829972,58.940252659746115,0.21309300434980707,0,0.0748800494193572,1
box_sphere_added_outliers_medium_3,added_outliers,3960,1845,0.06506318541598304,0.06378431800878227,0.9985844997491463,55.81078471666641,0.1466033162973087,0,0.03986357519589915,1
box_sphere_added_outliers_medium_3,added_outliers,3963,1535,0.03722827066311298,0.015977308757597196,0.9992558457055658,103.0209464253004,-0.0100503269646205,0,0.07211522975923618,1
box_sphere_added_outliers_medium_3,added_outliers,3967,3381,0.031063807258949503,0.030619759106552617,0.9983865056639781,70.57377208552428,0.2183699642913122,1,0.1014926608611059,0
box_sphere_added_outliers_medium_3,added_outliers,3968,910,0.027642365855630336,0.010016908314487195,0.9848046560196986,57.86033722702348,0.02218789640773839,0,0.07120634681259533,1
box_sphere_added_outliers_medium_3,added_outliers,3979,2150,0.07285346099074842,0.046643419920681085,0.9223847863334563,70.944700363133,-0.042559570940579286,0,0.09262470616849604,0
box_sphere_added_outliers_medium_3,added_outliers,3980,3045,0.07960056221841857,0.07148592996832845,0.9941654147253229,134.1505960751885,-0.042559570940579286,0,0.12007949738368941,0
box_sphere_added_outliers_medium_3,added_outliers,3983,1463,0.045087179767049,0.03677864124019519,0.9967067424757504,129.16293023411225,0.04651996801589379,0,0.0950938374550528,0
box_sphere_added_outliers_medium_3,added_outliers,3992,1869,0.06905793513046986,0.025140324538373955,0.9873753096831231,68.90200844230876,-0.17402257973701005,0,0.09439777000401821,0
box_sphere_added_outliers_medium_3,added_outliers,3993,2652,0.04721419627949218,0.0326646989694352,0.9986515323446105,87.03379930538613,0.11778292454537738,0,0.06798146410668816,1
box_sphere_added_outliers_medium_3,added_outliers,4001,878,0.056240786551673506,0.036865973813006214,0.9990334444544335,103.14370198334113,-0.13146300517324933,0,0.06088772591619719,1
box_sphere_added_outliers_medium_3,added_outliers,4003,3259,0.04998229365277378,0.046154827247324316,0.8697054261863121,44.55676885184083,-0.08701133153510827,0,0.07262669169898316,1
box_sphere_added_outliers_medium_3,added_outliers,4007,45,0.06349057321447503,0.05948521529415969,0.9945160337189649,96.30590527118778,0.15415053697024822,0,0.05769260311105113,1
box_sphere_added_outliers_medium_3,added_outliers,4008,2164,0.04743035808941307,0.04392786701222367,0.9987169435334358,188.95444917317064,-0.08701125934273009,1,0.11302340789210687,0
box_sphere_added_outliers_medium_3,added_outliers,4010,407,0.11323710342525127,0.10918999195044776,0.9957270159747545,80.33834864679018,0.11365918715954185,0,0.06674560222217568,1
box_sphere_added_outliers_medium_3,added_outliers,4013,692,0.0709300027545454,0.06989273343423076,0.9904042037694436,130.46560567731697,0.40253646462825815,1,0.10497102375631845,0
box_sphere_added_outliers_medium_3,added_outliers,4016,1338,0.07200172054101386,0.06836046638199078,0.9977733256465228,145.0818440991917,0.04651996801589379,0,0.09229159118517981,0
box_sphere_added_outliers_medium_3,added_outliers,4020,3343,0.038679848006981175,0.024261825588045023,0.9973016001964986,75.38341328172335,0.04651996801589379,0,0.08090406227115204,0
box_sphere_added_outliers_medium_3,added_outliers,4023,4,0.44962316240075956,0.43207559434336706,0.43997120744763385,145.5287006860614,-3.382825058096437,0,0.3950208822267894,0
box_sphere_added_outliers_medium_3,added_outliers,4028,2887,0.06714799756612658,0.06645250487658379,0.9977939764399398,52.880459753042125,0.02631728546025041,0,0.01533352897722643,1
box_sphere_added_outliers_medium_3,added_outliers,4029,2155,0.043949817263679435,0.018868693418463953,0.9979683363746598,60.694874604989906,0.1265625987664272,0,0.04118822420374775,1
box_sphere_added_outliers_medium_3,added_outliers,4035,1410,0.07199325713959172,0.0674943390554675,0.9963575976216565,23.415776156088672,0.08483882401601371,0,0.05668125102465522,1
box_sphere_added_outliers_medium_3,added_outliers,4037,1186,0.2577876298569228,0.2537982085417761,0.03694751431505118,253.96960836079177,-2.338292333562191,0,0.25813676593251617,0
box_sphere_added_outliers_medium_3,added_outliers,4039,490,0.029534876480285507,0.017753318348472366,0.41762485072194444,45.64659222487469,-0.1994892570729088,1,0.09128435763521615,0
box_sphere_added_outliers_medium_3,added_outliers,4040,2457,0.023772209216759474,0.01002396093461574,0.9614531675652199,39.82400059135399,0.027398956170108287,0,0.06817112571179217,1
box_sphere_added_outliers_medium_3,added_outliers,4042,892,0.0354923199272988,0.027698656629908794,0.7770610931779518,50.364542882683665,-0.038221191391638265,0,0.12119277388683482,0
box_sphere_added_outliers_medium_3,added_outliers,4044,133,0.059876032112638526,0.044176266576604006,0.9453130145058319,76.05686262812598,-0.12783325150999786,0,0.06606813702107692,1
box_sphere_added_outliers_medium_3,added_outliers,4045,2243,0.02710236577350709,0.021216819012893594,0.9882831816240446,88.81250318976345,-0.12957086459695555,0,0.11963880158219528,0
box_sphere_added_outliers_medium_3,added_outliers,4046,1702,0.08923917027829763,0.08557325070353196,0.9993664071340498,58.99244181392469,0.00829879372379597,1,0.052519271273611744,1
box_sphere_added_outliers_medium_3,added_outliers,4052,2798,0.09313330934179073,0.08930710549495116,0.9924205943937625,90.31301686424314,0.23576179524078658,0,0.09155301590761261,0
box_sphere_added_outliers_medium_3,added_outliers,4057,854,0.04702359998674417,0.034027026408263834,0.9872165517975298,37.79577632416596,0.027398956170108287,1,0.023977127537717826,1
box_sphere_added_outliers_medium_3,added_outliers,4058,443,0.32067438121224995,0.31415247224873727,0.000734109736610436,114.8284421087966,-1.5220921499089712,0,0.4070680396579059,0
box_sphere_added_outliers_medium_3,added_outliers,4064,1450,0.029194913768036942,0.023520633709102734,0.9999987383900659,168.57283086394366,0.3512432281353791,1,0.10365264360155872,0
box_sphere_added_outliers_medium_3,added_outliers,4066,1264,0.07557175740912421,0.07324556111102959,0.999801827784153,46.50062070452551,0.21309300434980707,0,0.023791300536776132,1
box_sphere_added_outliers_medium_3,added_outliers,4070,142,0.03956144539223809,0.028834828332026993,0.9973385808702704,132.48836728458613,0.0039603970753144535,0,0.06959138704046446,1
box_sphere_added_outliers_medium_3,added_outliers,4072,61,0.04020522250629516,0.018868309676613636,0.9991849430398865,60.014476148162046,-0.006968662905842768,1,0.07598568832652812,1
box_sphere_added_outliers_medium_3,added_outliers,4077,1084,0.050008920271802114,0.0389336218375994,0.9899199269629173,160.22781470351583,0.38299190225642943,0,0.1095540233538057,0
box_sphere_added_outliers_medium_3,added_outliers,4082,2231,0.03282625478857514,0.01206805456123015,0.935586140601876,53.941293300264924,-0.13830450821947837,1,0.07733185408089417,1
box_sphere_added_outliers_medium_3,added_outliers,4083,2302,0.060443785550283,0.054381840452206884,0.99995648040761,42.695660485247934,0.07121258501971563,0,0.04682772931505322,1
box_sphere_added_outliers_medium_3,added_outliers,4087,715,0.022184980819535134,0.010234395007013949,0.9635857670981821,51.366123202777004,-0.1335312497675327,1,0.11461426987100537,0
box_sphere_added_outliers_medium_3,added_outliers,4088,2467,0.05915929750273094,0.04797864055689724,0.9998072108195524,60.362957866314794,0.0039603970753144535,0,0.07851230388785367,1
box_sphere_added_outliers_medium_3,added_outliers,4095,2632,0.05900988835805566,0.044248360661584246,0.9980648692443979,133.55165222767707,0.024214227160881834,1,0.05608204546115379,1
box_sphere_added_outliers_medium_3,added_outliers,4096,40,0.045998677548966256,0.04034103209046929,0.9994564606532865,55.9150503017751,0.3024531163468433,0,0.13696885603073902,0
box_sphere_added_outliers_medium_3,added_outliers,4100,2502,0.038306649959995755,0.00774601856298072,0.9971803462536634,32.06603807549248,-0.003629764572321029,1,0.023992179286808708,1
box_sphere_added_outliers_medium_3,added_outliers,4101,682,0.03518132310067249,0.030668846856551486,0.9931291181998757,127.18079923256293,0.31845335611897974,1,0.09787145622787129,0
box_sphere_added_outliers_medium_3,added_outliers,4102,824,0.04436639825180679,0.03520295266231345,0.9637883814290247,71.89340396016901,0.14479010813227725,0,0.08478197377321435,0
box_sphere_added_outliers_medium_3,added_outliers,4107,1492,0.05748708995720777,0.05546842435388463,0.9169393401923152,101.60092115961282,-0.049271006271777176,0,0.12061666671595006,0
box_sphere_added_outliers_medium_3,added_outliers,4111,3201,0.03726963981426149,0.023308483356304747,0.9983848524314961,108.46951130235935,0.08483876809507168,0,0.1138826576790444,0
box_sphere_added_outliers_medium_3,added_outliers,4115,2720,0.013157228596351796,0.00019449772105021028,0.8406213302573042,68.3813823989146,-0.16924936845975216,1,0.06273240897391334,1
box_sphere_added_outliers_medium_3,added_outliers,4124,1542,0.03121829164989716,0.028038341168828893,0.998911055299775,51.26314629617983,0.3378714459353234,1,0.09451687929606653,0
box_sphere_added_outliers_medium_3,added_outliers,4125,2759,0.028869745160052893,0.024956638930540304,0.9865611906753122,32.17293076236055,-0.08701129003319481,1,0.038474962833138136,1
box_sphere_added_outliers_medium_3,added_outliers,4128,403,0.04043815237740209,0.03313563682842623,0.9974460021778062,126.2273165940885,0.34830640015081965,0,0.06988543134191329,1
box_sphere_added_outliers_medium_3,added_outliers,4130,3299,0.031695525966582844,0.022911080919518483,0.9891009427889306,117.85353849763582,0.18742527081760316,1,0.10908447177029952,0
box_sphere_added_outliers_medium_3,added_outliers,4134,259,0.030768437863279215,0.030460952987549802,0.6365329999426674,44.46794408759848,0.09957452512654494,0,0.0799344088433984,1
box_sphere_added_outliers_medium_3,added_outliers,4136,649,0.030167550503478788,0.007273783754290275,0.9960692008760461,30.230604343903025,0.09531012266150213,0,0.05698744775215535,1
box_sphere_added_outliers_medium_3,added_outliers,4138,1279,0.09157780780846597,0.09084739475315672,0.9976745718900135,164.80140765251093,-0.003629764572321029,0,0.10916090448919051,0
box_sphere_added_outliers_medium_3,added_outliers,4139,1022,0.08815980064319023,0.08383411043275354,0.7967372234488728,53.07998666308384,-0.5177939200054358,0,0.07419556613642955,1
box_sphere_added_outliers_medium_3,added_outliers,4142,355,0.030807706279414652,0.012665251497546087,0.9670241548689482,106.46902056521712,-0.08701129698970342,1,0.11110487388612662,0
box_sphere_added_outliers_medium_3,added_outliers,4143,2420,0.08237617907597158,0.07807524432550286,0.9821915284613665,38.50712480622299,0.052750508863850534,0,0.08353986251976171,0
box_sphere_added_outliers_medium_3,added_outliers,4148,1468,0.026473442634886598,0.017568174747559055,0.998400590190071,93.9177051289286,-0.13580138877828066,1,0.08055547106389925,0
box_sphere_added_outliers_medium_3,added_outliers,4149,220,0.040262177331838046,0.022098535725942357,0.9998170722841011,89.0372044653618,0.21526924424421062,0,0.11050216225648714,0
box_sphere_added_outliers_medium_3,added_outliers,4156,2180,0.027641092075712352,0.0011510180730215595,0.9996945176295955,77.99826078327118,-0.0100503269646205,0,0.03306782506770488,1
box_sphere_added_outliers_medium_3,added_outliers,4160,160,0.34587345190367097,0.28103486821236523,0.5574068107664448,135.6323525199177,-1.5339256540607649,0,0.42399775370239035,0
box_sphere_added_outliers_medium_3,added_outliers,4163,502,0.11076755762015851,0.10569786201544075,0.9978195740807024,101.9029500012699,0.11365918715954185,0,0.09745814618415957,0
box_sphere_added_outliers_medium_3,added_outliers,4167,85,0.02711366184469492,0.00807413849691879,0.9842965699522077,93.75459143870204,0.018349116446001158,1,0.11088476946154437,0
box_sphere_added_outliers_medium_3,added_outliers,4170,924,0.036352662219159344,0.035439964112117445,0.9687039374674239,63.848526670130795,0.13613203432472423,1,0.07279954167085244,1
box_sphere_added_outliers_medium_3,added_outliers,4175,731,0.029408139501953836,0.0062532365460240295,0.9997877685861752,90.14586254698571,0.15811090229959635,0,0.07231901304947685,1
box_sphere_added_outliers_medium_3,added_outliers,4179,1003,0.02498956430332183,0.008248749300838593,0.9776086086790559,56.259133901549404,0.09531009980439203,1,0.08846257825540137,0
box_sphere_added_outliers_medium_3,added_outliers,4180,442,0.030690069492899173,0.008145342219565421,0.9999750347107077,59.27776605764085,-0.03571804049686563,0,0.08546608336914345,0
box_sphere_added_outliers_medium_3,added_outliers,4182,3302,0.06319345325874852,0.05854722341678239,0.9879027609137988,38.87817559241361,-0.05715837462428916,1,0.03481455376069773,1
box_sphere_added_outliers_medium_3,added_outliers,4183,1068,0.04831743288470603,0.041015785403789015,0.9959492424481274,50.141471440849664,0.06713924331387189,0,0.09181438443829083,0
box_sphere_added_outliers_medium_3,added_outliers,4194,1526,0.0559317225857329,0.05176724674279349,0.9858187322306743,39.15167084051829,0.36101305568249337,0,0.10101758346631565,0
box_sphere_added_outliers_medium_3,added_outliers,4198,1736,0.058341460162572564,0.05475951593693001,0.9624206960222349,151.5013362311871,-0.13580138877828066,0,0.08885626675479208,0
box_sphere_added_outliers_medium_3,added_outliers,4201,3308,0.05475154289408264,0.01971999548951819,0.979834602820661,80.71533176167036,-0.08701127698974474,0,0.04156991551193702,1
box_sphere_added_outliers_medium_3,added_outliers,4207,1364,0.03246812661502985,0.020018676594169296,0.9959922000218978,93.03389995366244,-0.08701129698970342,1,0.06371128933728973,1
box_sphere_added_outliers_medium_3,added_outliers,4209,3081,0.021039730500280067,0.011992472383329896,0.906482373207211,35.12570410486981,0.06327078960466942,1,0.07319729966617189,1
box_sphere_added_outliers_medium_3,added_outliers,4212,2341,0.0617195580104451,0.061129330047925395,0.9980902522743139,124.63913008176897,0.2414924277604701,1,0.08905740101790181,0
box_sphere_added_outliers_medium_3,added_outliers,4224,3233,0.04737404540641558,0.04482863467904415,0.9940632570692585,122.97146141883253,0.05959203021667493,1,0.12702513433272147,0
box_sphere_added_outliers_medium_3,added_outliers,4228,3265,0.06581957760618709,0.0426507139258989,0.998736899520047,131.6932387510172,0.16430289256127106,0,0.1133275628497744,0
box_sphere_added_outliers_medium_3,added_outliers,4229,2453,0.07647914393369426,0.06404563121561443,0.9669243797851155,54.24369416625638,0.1010407816069585,0,0.07712187168981029,1
box_sphere_added_outliers_medium_3,added_outliers,4233,3004,0.05007105125449254,0.015880058453336888,0.9993358816128028,85.21045227843034,0.13613203432472423,0,0.10957705508643095,0
box_sphere_added_outliers_medium_3,added_outliers,4234,3219,0.042179972309218834,0.019665141296051562,0.9764794180120638,38.01421027133397,-0.19621050449852667,1,0.11029098807228813,0
box_sphere_added_outliers_medium_3,added_outliers,4239,1683,0.03230860860257604,0.008350096662880571,0.5518634988434574,80.32636399551397,0.17081763070825254,0,0.10420217916178692,0
box_sphere_added_outliers_medium_3,added_outliers,4240,3279,0.06575155311023713,0.0004416445892738534,0.9564781423494397,133.16533821106202,0.17535271055496313,0,0.05053793347685267,1
box_sphere_added_outliers_medium_3,added_outliers,4241,356,0.04675459209735987,0.038021801119167496,0.9914450188316262,84.05202718022414,-0.03571804049686563,1,0.056148228892051316,1
box_sphere_added_outliers_medium_3,added_outliers,4251,3112,0.06147476152441805,0.03680799045428482,0.9982951872579341,106.77327960134085,0.018349116446001158,0,0.14521609585664544,0
box_sphere_added_outliers_medium_3,added_outliers,4252,2152,0.04237969944137745,0.018021972546738683,0.8786690099745408,65.39902719657586,0.47260389308922796,0,0.03513654905263431,1
box_sphere_added_outliers_medium_3,added_outliers,4254,2410,0.02756117876704372,0.006152520912754027,0.9339383554093449,107.40063984040333,0.11778292454537738,1,0.0933794590916705,0
box_sphere_added_outliers_medium_3,added_outliers,4259,590,0.05370368734560587,0.04115176921717848,0.9935483892093601,126.5578374146815,0.04651996801589379,1,0.1360157694467758,0
box_sphere_added_outliers_medium_3,added_outliers,4261,3268,0.05744331284511205,0.016975120603765683,0.6235264100317581,73.78808835819576,0.382991972256313,0,0.12056869313966743,0
box_sphere_added_outliers_medium_3,added_outliers,4264,2157,0.05760107295995545,0.03704147665376384,0.9984370723918038,94.37850199942415,-0.1335312497675327,0,0.03726895293530124,1
box_sphere_added_outliers_medium_3,added_outliers,4265,1972,0.029775726820876536,0.0017800469323522245,0.9985837217085811,96.78295925789969,-0.047790620759464414,0,0.1351457488870005,0
box_sphere_added_outliers_medium_3,added_outliers,4270,2318,0.026644077200823,0.022298779629978234,0.9983674295578053,71.66298150532342,-0.2495299947230902,0,0.11927573133496355,0
box_sphere_added_outliers_medium_3,added_outliers,4275,3245,0.04721039553299737,0.045602196173725705,0.9231145904860291,64.66621960516761,0.12062789163484515,1,0.10834953685418394,0
box_sphere_added_outliers_medium_3,added_outliers,4277,176,0.01781382555787695,0.012235852126880924,0.8993810576333489,82.37566711455521,-0.08701129003319481,1,0.09712382705702603,0
box_sphere_added_outliers_medium_3,added_outliers,4282,1983,0.3451970475376866,0.28903294639397414,0.5253483241284188,257.992421253379,-2.9773603573952654,0,0.3981076124400229,0
box_sphere_added_outliers_medium_3,added_outliers,4283,2588,0.03664689406584425,0.025232384655219178,0.999359078568696,67.0907120780341,0.2114814292383339,0,0.07827400003597028,1
box_sphere_added_outliers_medium_3,added_outliers,4288,389,0.027526072165542467,0.01868040664177381,0.9822242217103243,62.24836554077356,-0.24116177110294254,0,0.09158296720081802,0
box_sphere_added_outliers_medium_3,added_outliers,4289,2492,0.028941463168344873,0.02683808953822694,0.9990509792704947,44.19939871011671,-0.13146300517324933,0,0.06193099728041737,1
box_sphere_added_outliers_medium_3,added_outliers,4291,122,0.09286457029483489,0.08703973983584452,0.9971137012582212,47.15054453404385,-0.08701125934273009,0,0.08759736790838282,0
box_sphere_added_outliers_medium_3,added_outliers,4294,289,0.04012770452703723,0.028156699722694373,0.9966381139432895,78.19836604432626,0.18492210635144704,0,0.14258309668066899,0
box_sphere_added_outliers_medium_3,added_outliers,4297,1221,0.04772466777871909,0.044808129294965436,0.9368825691466468,57.10164630578252,0.37252066730131184,1,0.029643517504080518,1
box_sphere_added_outliers_medium_3,added_outliers,4299,2762,0.06898383694471608,0.0644068136939497,0.6631596332008401,112.92754296234023,0.02631728546025041,0,0.09817164373008257,0
box_sphere_added_outliers_medium_3,added_outliers,4302,1171,0.048693062988420674,0.04506188043010547,0.9562155375435333,101.145939541537,0.4436164799552494,1,0.05043717933842775,1
box_sphere_added_outliers_medium_3,added_outliers,4305,2140,0.1308600766482442,0.12614711176844254,0.9954058628154648,79.19714144297103,-0.17402257973701005,0,0.09209330443538208,0
box_sphere_added_outliers_medium_3,added_outliers,4306,1270,0.025963561689037212,0.008239662613607238,0.7929373987001005,83.05092260540543,0.10714455761945459,1,0.08291711676381791,0
box_sphere_added_outliers_medium_3,added_outliers,4309,371,0.0600321399338214,0.059176861972375566,0.9911600289774911,142.58255261324388,0.18742527081760316,0,0.10357625680502537,0
box_sphere_added_outliers_medium_3,added_outliers,4316,246,0.05303197308957021,0.050057122373803976,0.9905297489546445,79.0029572882517,0.0039603970753144535,1,0.0461811873875949,1
box_sphere_added_outliers_medium_3,added_outliers,4319,1148,0.03776122863062402,0.015174273219810335,0.8340123905686068,30.7349938579037,0.13005304694743575,0,0.06328254817966651,1
box_sphere_added_outliers_medium_3,added_outliers,4321,37,0.08657710260394605,0.0839528535170332,0.2518049275146363,57.670247036797704,-0.5496343019885161,0,0.19755432444995724,0
box_sphere_added_outliers_medium_3,added_outliers,4334,1355,0.05497995575906067,0.0063746126332664636,0.999595956967738,53.15606008068451,-0.08701125198980955,0,0.048053630072617995,1
box_sphere_added_outliers_medium_3,added_outliers,4339,1274,0.03725585486897582,0.006095242749715,0.9466295149988109,89.27823981484696,-0.23361458802390814,1,0.15456840646424105,0
box_sphere_added_outliers_medium_3,added_outliers,4341,2190,0.04881084160424454,0.03589618271061858,0.9878868890141163,112.08800786455767,-0.3493752876113288,0,0.14328705253381366,0
box_sphere_added_outliers_medium_3,added_outliers,4344,2487,0.027244084472639256,0.011611351876921328,0.8629525436482706,54.837900018090295,0.39584014675172047,1,0.04587530936453663,1
box_sphere_added_outliers_medium_3,added_outliers,4349,3164,0.023055575478986415,0.005774696860965378,0.9913923828811225,47.34930306871454,0.040821954520294364,1,0.06901148110142125,1
box_sphere_added_outliers_medium_3,added_outliers,4350,2765,0.07083988354380308,0.06572208310006866,0.9892586795037133,32.64471984596493,-0.003629764572321029,0,0.021957719303395212,1
box_sphere_added_outliers_medium_3,added_outliers,4354,1807,0.23117430713123896,0.21521475001191231,0.2944630074908091,66.66493242027305,-3.265042124291817,0,0.22851025854989435,0
box_sphere_added_outliers_medium_3,added_outliers,4356,2233,0.05724508696069215,0.049693123149905795,0.642138735267167,73.93906434055339,0.061408575714894935,0,0.1318825808502534,0
box_sphere_added_outliers_medium_3,added_outliers,4357,39,0.10303314237602106,0.052230977312747597,0.9414474333830902,84.41453680463908,0.06713924331387189,0,0.14014787228009548,0
box_sphere_added_outliers_medium_3,added_outliers,4358,2697,0.023447438231818305,0.02208634053020414,0.9889686815442953,69.00102095141756,-0.04618933913608186,1,0.06677818312897073,1
box_sphere_added_outliers_medium_3,added_outliers,4366,1668,0.0790729188420141,0.06643866451620625,0.9678669685603772,78.35440134783909,0.1466033162973087,0,0.09098586463734083,0
box_sphere_added_outliers_medium_3,added_outliers,4368,3285,0.04104432618584231,0.038529211179612166,0.5510852518934101,62.74316204483679,0.186281851177815,0,0.09088924037948848,0
box_sphere_added_outliers_medium_3,added_outliers,4386,104,0.031097645970804336,0.00888225375529864,0.9957288503074833,36.11158919940866,0.15984857094200192,0,0.07784486558679198,1
box_sphere_added_outliers_medium_3,added_outliers,4387,2621,0.028290366092549753,0.024356253499679303,0.49869864329972885,64.08484917663681,-0.30212250628420356,1,0.13504481780737992,0
box_sphere_added_outliers_medium_3,added_outliers,4394,3303,0.36789962033283485,0.3510293890046012,0.48820843254785873,249.57006151243692,-2.38958557005507,0,0.43791861688674677,0
box_sphere_added_outliers_medium_3,added_outliers,4396,3017,0.019239922129992905,0.017676466797289,0.9666610606727554,38.771529227846294,-0.1887939238342499,0,0.06696301478231376,1
box_sphere_added_outliers_medium_3,added_outliers,4398,55,0.008038813645287156,0.0008224804160456517,0.9992604752800565,75.16378816278662,0.09531007980442975,1,0.0857424541996918,0
box_sphere_added_outliers_medium_3,added_outliers,4406,1776,0.018112986437230333,0.006878102389377742,0.9894507982430377,62.348217593747556,-0.0100503269646205,1,0.04781768179507139,1
box_sphere_added_outliers_medium_3,added_outliers,4413,565,0.06008180449700278,0.06003905378039125,0.9985792562393777,94.43414693940319,-0.04445171909261546,1,0.10718948801259591,0
box_sphere_added_outliers_medium_3,added_outliers,4415,252,0.05708467314191567,0.04802197017936442,0.9965239114516593,45.28261835801845,0.0,0,0.025269072576870496,1
box_sphere_added_outliers_medium_3,added_outliers,4416,2003,0.023972103850329954,0.005989028442175903,0.9933087226849764,86.07291193742958,0.26966331933028354,1,0.10794868853750712,0
box_sphere_added_outliers_medium_3,added_outliers,4419,1248,0.0600216258714701,0.05984564021432014,0.9394244512973249,60.39383991037595,-0.08701129698970342,1,0.05091732140641453,1
box_sphere_added_outliers_medium_3,added_outliers,4421,160,0.48126501225276297,0.41752936796970636,0.37586504703270657,158.09849986682167,-2.2270668346747096,0,0.5480548722580355,0
box_sphere_added_outliers_medium_3,added_outliers,4423,385,0.07016803960214442,0.05298203109305915,0.9997250716282451,140.23998623961234,0.22664594704784222,0,0.086754850790089,0
box_sphere_added_outliers_medium_3,added_outliers,4432,158,0.029379528792892372,0.014912160821655189,0.995374137843637,43.15812769926813,-0.13146300517324933,1,0.029782060699552693,1
box_sphere_added_outliers_medium_3,added_outliers,4433,2420,0.0643251252002123,0.05186962065329995,0.8486526904363806,107.17775880927243,0.249460616774678,1,0.12242625126404862,0
box_sphere_added_outliers_medium_3,added_outliers,4434,45,0.036132621236466114,0.03310099616216386,0.9971522852365424,139.4793920286067,-0.042559570940579286,1,0.04485497977911611,1
box_sphere_added_outliers_medium_3,added_outliers,4435,3250,0.05763070350601823,0.02792422283214028,0.9355978588936543,52.42224837684717,0.45198474279100276,0,0.03797671746791229,1
box_sphere_added_outliers_medium_3,added_outliers,4438,339,0.01616913838493928,0.00815826320667277,0.9977254281995052,82.93426929796128,0.13613203432472423,1,0.060523249828105946,1
box_sphere_added_outliers_medium_3,added_outliers,4441,1633,0.01988001593698695,0.006607560562508294,0.9428019401182648,75.8787473930953,-0.14763589586496012,1,0.09447186239434051,0
box_sphere_added_outliers_medium_3,added_outliers,4446,1344,0.041741244903604854,0.032614616073350096,0.9908353889512623,74.0678590551558,-0.17938456998601027,0,0.08888778012853703,0
box_sphere_added_outliers_medium_3,added_outliers,4449,2419,0.03573561622643523,0.009927205150417256,0.9697643449884417,58.110368574592904,0.16892185467457307,0,0.06715931952600802,1
box_sphere_added_outliers_medium_3,added_outliers,4450,2315,0.030606762198435514,0.023037785206868625,0.9973140209174518,116.22713283584196,0.18742527081760316,0,0.06735644118103297,1
box_sphere_added_outliers_medium_3,added_outliers,4455,2583,0.07108565765538404,0.06521594818702102,0.988074841800209,69.97045240726386,0.013072066529776083,1,0.009309782094905291,1
box_sphere_added_outliers_medium_3,added_outliers,4457,2438,0.11639209534547948,0.11288935698955065,0.9945023415011899,143.57567460032,-0.2495299947230902,0,0.1569474870277512,0
box_sphere_added_outliers_medium_3,added_outliers,4473,1197,0.04118709668772714,0.027699985969650398,0.9824691454605134,131.86179273090534,0.17081752910415615,1,0.04427569181895535,1
box_sphere_added_outliers_medium_3,added_outliers,4474,2315,0.02437755590861051,0.023648809656621205,0.9987963441873452,105.79950464349878,0.26438624084268614,1,0.09130161894747467,0
box_sphere_added_outliers_medium_3,added_outliers,4482,1645,0.04227765246180131,0.040172338233117826,0.993094048509289,141.7838289986318,0.3184534311188196,0,0.09888804266938757,0
box_sphere_added_outliers_medium_3,added_outliers,4485,1442,0.028813216989627122,0.013480483924572288,0.9892800486837656,152.15212536238215,0.23144207003834605,1,0.0787998540463429,1
box_sphere_added_outliers_medium_3,added_outliers,4488,1565,0.05561380379406491,0.05046027702401329,0.9988985750715456,146.23633906444076,0.35927531063927415,0,0.08220999087966539,0
box_sphere_added_outliers_medium_3,added_outliers,4492,580,0.030069911119316582,0.02551052718192702,0.9989526249096763,103.49113005298632,-0.08701128608063385,1,0.07090895294227709,1
box_sphere_added_outliers_medium_3,added_outliers,4495,1561,0.07374776432271292,0.04995388999854833,0.9699470227236276,93.48092013172369,0.23576179524078658,0,0.09724587866697011,0
box_sphere_added_outliers_medium_3,added_outliers,4496,3358,0.03530955131483036,0.027534578405496623,0.9986064654284224,122.5288551725492,0.5489768733909953,0,0.09218674419526902,0
box_sphere_added_outliers_medium_3,added_outliers,4497,370,0.03635027907735572,0.023946842350798227,0.9322084693357238,56.14352571715239,0.1053604489912019,0,0.06428372421637008,1
box_sphere_added_outliers_medium_3,added_outliers,4503,4,0.019897953418011323,0.01608320407767573,0.6522969172720162,48.60379464294648,0.3783516160244999,1,0.0994394446516204,0
box_sphere_added_outliers_medium_3,added_outliers,4522,3316,0.058592489559415734,0.05428431204872618,0.988622039583993,105.14754513103881,0.274001739298882,1,0.06284609698721244,1
box_sphere_added_outliers_medium_3,added_outliers,4538,2565,0.04571951282396057,0.033900647089032315,0.978598233009232,62.15638350967131,-0.08701128175163891,0,0.06377655466680734,1
box_sphere_added_outliers_medium_3,added_outliers,4541,251,0.07841347791961341,0.02263671189121206,0.9998014439933866,141.64880997059768,0.5260924035900186,0,0.1564780495528123,0
box_sphere_added_outliers_medium_3,added_outliers,4544,1778,0.02745728958245062,0.0012988903512277036,0.7029098230534797,54.44060522180668,0.0053619393463216584,1,0.08025107832856833,0
box_sphere_added_outliers_medium_3,added_outliers,4546,1777,0.019624876706085235,0.015565226895925332,0.9962941384347479,151.21225586079467,0.10404374535672949,1,0.08139686131939389,0
box_sphere_added_outliers_medium_3,added_outliers,4548,2754,0.04333455463137775,0.036676940973515634,0.9662933917279435,46.177143516181964,0.16722267224320872,0,0.07849227540771381,1
box_sphere_added_outliers_medium_3,added_outliers,4550,2419,0.019748136328385586,0.012750635533210689,0.9871005138998008,56.632106340636575,0.2006705287956235,1,0.04022579168072614,1
box_sphere_added_outliers_medium_3,added_outliers,4556,384,0.05327675378604617,0.014560142837885825,0.9984583023010577,32.874004644739685,-0.047790620759464414,0,0.01182595496728976,1
box_sphere_added_outliers_medium_3,added_outliers,4560,3143,0.03425608007804769,0.010101314748079779,0.9536631264968755,57.695465936469425,-0.22054254342390892,0,0.08562596091670269,0
box_sphere_added_outliers_medium_3,added_outliers,4561,3295,0.03078620096582623,0.004083850705308725,0.9962995041273695,127.27889211816385,0.06713922347264303,1,0.030964124564358608,1
box_sphere_added_outliers_medium_3,added_outliers,4562,3017,0.01878238490664428,0.0034188752102047464,0.9724426118141765,41.57990105319007,-0.22516153625912078,1,0.053054742880577425,1
box_sphere_added_outliers_medium_3,added_outliers,4563,3132,0.048162276275234124,0.04573875083384113,0.9853861421236381,88.63083567575454,-0.08701129365637626,1,0.12733781847493036,0
box_sphere_added_outliers_medium_3,added_outliers,4565,598,0.08358457085396945,0.07623143324196992,0.9953364722804839,170.62581718530586,-0.1335312497675327,0,0.11402593668334451,0
box_sphere_added_outliers_medium_3,added_outliers,4566,2924,0.038924409111985046,0.03348645469879406,0.8750119239229467,114.71396064302604,-0.006968662905842768,1,0.09373664412247124,0
box_sphere_added_outliers_medium_3,added_outliers,4569,2706,0.023298476599552354,0.00921765818122662,0.963806212769945,64.53713774287263,0.014771305799584387,1,0.06381459271132574,1
box_sphere_added_outliers_medium_3,added_outliers,4572,1714,0.04093226653619447,0.03403774513151022,0.9965467604075884,34.34559450633921,0.17869163222177434,1,0.0294476213652051,1
box_sphere_added_outliers_medium_3,added_outliers,4573,1789,0.027488650268034074,0.021739068898792565,0.9906994384066623,75.78405686228517,0.15415053697024822,1,0.06934113293340681,1
box_sphere_added_outliers_medium_3,added_outliers,4574,901,0.06769560509717533,0.06483579857808913,0.9991789260637651,133.88424924668638,-0.1335312497675327,0,0.12978215059510473,0
box_sphere_added_outliers_medium_3,added_outliers,4580,1530,0.36924281524503333,0.3670269020788296,0.5804125773479445,192.85400798526618,-1.932831225414027,0,0.35363579964746406,0
box_sphere_added_outliers_medium_3,added_outliers,4582,2830,0.030378708758700478,0.0032367311401441386,0.5698925833791006,45.50675780727756,0.1053604489912019,0,0.07541763022061211,1
box_sphere_added_outliers_medium_3,added_outliers,4584,1445,0.08629260375123611,0.08590748625952299,0.9977327024714364,136.58455888017446,0.061408575714894935,0,0.054260723087494626,1
box_sphere_added_outliers_medium_3,added_outliers,4587,2197,0.017013300135626717,0.010175496755307836,0.9980227489769676,107.1677372425063,0.1096988178776327,1,0.08162321668308681,0
box_sphere_added_outliers_medium_3,added_outliers,4589,3395,0.020250553171642035,0.009785614897962924,0.9883652681006307,109.6067714637613,-0.03571804049686563,1,0.08819783054883493,0
box_sphere_added_outliers_medium_3,added_outliers,4591,1661,0.05590820246044281,0.04695264495681634,0.9771512287455342,32.99999185615912,0.018349123853393667,1,0.016090974920238182,1
box_sphere_added_outliers_medium_3,added_outliers,4592,169,0.02824739606089923,0.010268484014608132,0.7673576552027874,78.37364964621784,0.2006705287956235,1,0.13777577426701887,0
box_sphere_added_outliers_medium_3,added_outliers,4595,940,0.019966193525446707,0.017162935737939693,0.9983459053486375,92.3568480544817,-0.04049131806474003,1,0.07942905359165417,1
box_sphere_added_outliers_medium_3,added_outliers,4597,2570,0.03532555869665863,0.02919875747511317,0.5911933876000222,71.66881798077245,-0.049271006271777176,1,0.13310980612975648,0
box_sphere_added_outliers_medium_3,added_outliers,4600,2145,0.05917642292212375,0.0349178746738484,0.9650937270506189,72.64799318713315,0.03559091165791788,1,0.10687508768050719,0
box_sphere_added_outliers_medium_3,added_outliers,4603,839,0.034956202749480705,0.024879728398086325,0.9953429872738799,142.9851209986063,0.06713922347264303,0,0.12343281498599247,0
box_sphere_added_outliers_medium_3,added_outliers,4605,3195,0.03628892862449184,0.03496994249644416,0.9985014151957895,77.5674592644211,-0.042559570940579286,1,0.10839454911199628,0
box_sphere_added_outliers_medium_3,added_outliers,4607,1687,0.07845831927653792,0.07490239291500395,0.9976885504030318,26.912557684235274,-0.020319986918110666,0,0.04321523357442208,1
box_sphere_added_outliers_medium_3,added_outliers,4612,1308,0.03410645536450026,0.009962630247949947,0.5421353466701893,56.54857301632895,0.05275053712467456,0,0.07603313057664897,1
box_sphere_added_outliers_medium_3,added_outliers,4614,2313,0.0232737987050337,0.009592063382767137,0.9633449538377217,50.47718395276968,-0.08701129698970342,0,0.07307715863062045,1
box_sphere_added_outliers_medium_3,added_outliers,4619,2416,0.01806070147728079,0.002038049169178089,0.7541299129231807,79.02842214057962,0.04651997992063451,1,0.08753518611948703,0
box_sphere_added_outliers_medium_3,added_outliers,4624,536,0.06614714769561074,0.059852315509399484,0.9622383623691007,41.476058250428274,0.08004265639151804,0,0.08525495548861134,0
box_sphere_added_outliers_medium_3,added_outliers,4631,471,0.04655530764614437,0.028645926338380652,0.9801085729047176,45.68221166949476,-0.18545130971678161,0,0.09740541839720306,0
box_sphere_added_outliers_medium_3,added_outliers,4632,157,0.061881222111817326,0.05855314545766029,0.9285677014324971,126.50528269412094,-0.08701130291561884,0,0.08180574911675416,0
box_sphere_added_outliers_medium_3,added_outliers,4635,810,0.025425724764963565,0.017802378497716806,0.9828743349314323,109.79774579875259,0.28455190702932254,1,0.07935224119773436,1
box_sphere_added_outliers_medium_3,added_outliers,4637,2846,0.06428402920566328,0.05340160476438025,0.9963775272979758,143.8549003481937,0.05959203021667493,0,0.11028677021319214,0
box_sphere_added_outliers_medium_3,added_outliers,4638,1898,0.02206875231891952,0.01461298035390176,0.7808650093300746,56.17398698134064,0.09531011313770504,1,0.060160540117667166,1
box_sphere_added_outliers_medium_3,added_outliers,4641,2440,0.040104844915407924,0.03675546481027811,0.9999674535275499,54.209709042120686,0.22314335131438975,1,0.12191651623798813,0
box_sphere_added_outliers_medium_3,added_outliers,4643,2640,0.04261063730825103,0.04203803558472759,0.9919517407322218,141.97815019536966,0.21526924424421062,1,0.09392535493586517,0
box_sphere_added_outliers_medium_3,added_outliers,4645,2440,0.0517688387791953,0.041368477784537026,0.9983334231033761,51.82462049024572,0.22314335131438975,0,0.14666749069076845,0
box_sphere_added_outliers_medium_3,added_outliers,4658,2435,0.024703005622874148,0.0031653603781192268,0.4749420293721965,55.17201330369647,-0.020319986918110666,1,0.11494870922644576,0
box_sphere_added_outliers_medium_3,added_outliers,4663,2669,0.04968191653938305,0.04768374475762465,0.9783537964333555,25.199626771560272,-0.00185356774229391,1,0.016428552236646105,1
box_sphere_added_outliers_medium_3,added_outliers,4670,661,0.04934628402341618,0.01895747875031601,0.9985535926844612,78.52652010364757,0.06713922347264303,1,0.13489683514984752,0
box_sphere_added_outliers_medium_3,added_outliers,4672,1871,0.024340685084897118,0.014394602261410443,0.9998664342629768,147.7809582920866,0.23576179524078658,0,0.0989973118404808,0
box_sphere_added_outliers_medium_3,added_outliers,4673,2921,0.04463419717736014,0.03051588675685143,0.9994509875573654,66.05470910963247,0.0,0,0.07433429048264548,1
box_sphere_added_outliers_medium_3,added_outliers,4675,1299,0.05890447583449252,0.05559889388753048,0.9654710904984212,69.52149121417236,0.030771637833434402,0,0.08503013478298146,0
box_sphere_added_outliers_medium_3,added_outliers,4676,509,0.040098346577996165,0.018577452473880075,0.9819195559962861,49.82057341469499,0.1466033162973087,0,0.14167108000953646,0
box_sphere_added_outliers_medium_3,added_outliers,4678,350,0.046869579971954456,0.005886304731138569,0.9903291236724096,117.74924402706196,-0.02985292393404641,1,0.11532819774116047,0
box_sphere_added_outliers_medium_3,added_outliers,4680,640,0.03420019357814761,0.01989026224285385,0.9987591056621348,105.34178177647344,0.5007747101353919,1,0.058463943336167626,1
box_sphere_added_outliers_medium_3,added_outliers,4683,2745,0.03860807996097021,0.02638832180614006,0.9960876370676122,80.81308618614196,0.09531007980442975,0,0.10610882653153271,0
box_sphere_added_outliers_medium_3,added_outliers,4685,1489,0.018826092535848042,0.0033918996895592893,0.9958577602414872,60.78681397262883,-0.13146300517324933,1,0.041053510183125426,1
box_sphere_added_outliers_medium_3,added_outliers,4691,3243,0.04411969154769805,0.018500343381530795,0.9421139451343334,46.259829441978965,-0.06291379056738297,1,0.10769918580502018,0
box_sphere_added_outliers_medium_3,added_outliers,4693,466,0.07584575876010702,0.05250723481058869,0.9829725355070742,51.40843309958708,0.0733312054527619,0,0.06387437780043587,1
box_sphere_added_outliers_medium_3,added_outliers,4698,1823,0.04509816922163137,0.013718039818930071,0.9995678850236339,43.6764700336342,-0.08701130291561884,0,0.023642785128444622,1
box_sphere_added_outliers_medium_3,added_outliers,4700,680,0.050977300725330875,0.03492069467304385,0.9975193653686951,71.63885816946512,0.13613203432472423,0,0.09433812557590551,0
box_sphere_added_outliers_medium_3,added_outliers,4703,2461,0.07869042304430597,0.07070324617394949,0.9969041166222062,105.68435908237359,0.28071310399070915,0,0.08543962487035266,0
box_sphere_added_outliers_medium_3,added_outliers,4706,1032,0.04625934207786228,0.0029963538235966286,0.9684802493901956,55.38154829069695,0.013072066529776083,0,0.08643055652857633,0
box_sphere_added_outliers_medium_3,added_outliers,4708,3225,0.020189824151798347,0.011286607009786509,0.9986411737165002,43.97144232451119,0.15811090229959635,1,0.07427572128125422,1
box_sphere_added_outliers_medium_3,added_outliers,4710,2812,0.05605149029690004,0.05251620397771081,0.9920585716951293,93.97518765658837,-0.0100503269646205,0,0.1207120100651431,0
box_sphere_added_outliers_medium_3,added_outliers,4717,1182,0.040364187677276446,0.031260703882085475,0.9980057316447366,77.80170114188022,0.15415053697024822,0,0.11277755879326336,0
box_sphere_added_outliers_medium_3,added_outliers,4719,599,0.022840653762041804,0.015195523885484858,0.9998712282305834,69.49951645195817,-0.19237165931440658,1,0.06409656924672394,1
box_sphere_added_outliers_medium_3,added_outliers,4721,2250,0.07681397411437324,0.07149502930172222,0.9984303997392253,90.87657150556466,0.03559091165791788,0,0.06301286666297737,1
box_sphere_added_outliers_medium_3,added_outliers,4724,1358,0.03897222151764791,0.005132903331480155,0.9978174008896927,41.76151561898881,0.07729161586013224,0,0.1248517005435668,0
box_sphere_added_outliers_medium_3,added_outliers,4726,1002,0.047266083077095296,0.03732329813754114,0.9995560950089535,44.01721402955167,0.2006704732401757,0,0.08662504609980685,0
box_sphere_added_outliers_medium_3,added_outliers,4728,1066,0.043979468481564934,0.010744036418382187,0.9772233789306791,45.91999674333384,0.040821954520294364,0,0.0772381015392843,1
box_sphere_added_outliers_medium_3,added_outliers,4731,1565,0.052116895159598685,0.04619318564630143,0.9989990002578701,175.36032043829667,0.2758937851784005,0,0.10794610741995068,0
box_sphere_added_outliers_medium_3,added_outliers,4732,2007,0.0455526548788391,0.019892402554001983,0.6019437549392401,141.32677773998938,0.18924182722489283,1,0.14287023788779718,0
box_sphere_added_outliers_medium_3,added_outliers,4734,1501,0.035206317235409755,0.02058351294553889,0.9535541300533391,43.62961087428465,-0.1670539308171544,1,0.06702759537301775,1
box_sphere_added_outliers_medium_3,added_outliers,4738,1426,0.4616293981405413,0.3835624969333665,0.8337693053701095,250.54867350699274,-2.4383756818436058,0,0.47493313754426425,0
box_sphere_added_outliers_medium_3,added_outliers,4742,1237,0.005117854081844963,0.004221267521287614,0.9492669717065727,41.062697235865784,0.10404380256487289,1,0.08543899686865469,0
box_sphere_added_outliers_medium_3,added_outliers,4743,156,0.040824826104112935,0.03406045597317629,0.9855587712596094,92.01496101291639,-0.08701129365637626,1,0.06221574965241097,1
box_sphere_added_outliers_medium_3,added_outliers,4756,2233,0.03619205033658333,0.010976979235704457,0.6337633116047825,73.41694753701455,0.15984857094200192,1,0.11890560986851906,0
box_sphere_added_outliers_medium_3,added_outliers,4758,2246,0.02146577013029433,0.020984574321943388,0.9994626135556819,104.24172732900277,0.25782881518479,1,0.06654775686514551,1
box_sphere_added_outliers_medium_3,added_outliers,4760,1270,0.03731586742554525,0.01542236074454066,0.7196810183866629,69.51957910852724,0.014771305799584387,0,0.025558732684713148,1
box_sphere_added_outliers_medium_3,added_outliers,4762,851,0.030680507626182324,0.022283195233084176,0.9946184151665551,29.739054324198825,0.17869163222177434,0,0.06452189423082168,1
box_sphere_added_outliers_medium_3,added_outliers,4767,1703,0.022258854381157496,0.02191612367703838,0.9993454924301446,94.92207141247188,0.2006704732401757,1,0.07986353478359104,1
box_sphere_added_outliers_medium_3,added_outliers,4770,2,0.05856676435041672,0.03983112229733008,0.8436911037772535,91.93873789160997,0.20067050498614195,1,0.13310731105740223,0
box_sphere_added_outliers_medium_3,added_outliers,4774,872,0.04675202811320576,0.024519789471121815,0.9984240934283071,66.14538097642055,0.40253646462825815,1,0.039691118158495256,1
box_sphere_added_outliers_medium_3,added_outliers,4780,2202,0.02259546208348258,0.014626278011998468,0.7295388490170835,33.257719467022284,-0.06231872903342465,1,0.05032580969938404,1
box_sphere_added_outliers_medium_3,added_outliers,4785,1275,0.03391357680737835,0.016632547152404115,0.9983247559665835,91.75938767804774,0.10404374535672949,0,0.10007714514495268,0
box_sphere_added_outliers_medium_3,added_outliers,4791,2050,0.05075774506063104,0.043141205201842364,0.9543918654395298,54.97065280576517,-0.04049131806474003,0,0.0896724987392655,0
box_sphere_added_outliers_medium_3,added_outliers,4802,1949,0.04736276673413493,0.047207089180524166,0.9963593097893952,80.2396705276662,0.11365918715954185,1,0.05109937601294053,1
box_sphere_added_outliers_medium_3,added_outliers,4803,625,0.01558621959925245,0.01408805114254287,0.9859115244436947,80.1444430175096,-0.012903393846906194,1,0.07457208263125942,1
box_sphere_added_outliers_medium_3,added_outliers,4807,2578,0.02000860305641281,0.010435018381452426,0.467464004114804,52.49018161320371,-0.05064369049074789,1,0.13421366647952146,0
box_sphere_added_outliers_medium_3,added_outliers,4808,1766,0.06094223397777318,0.05526708384060886,0.9518240444198722,120.13427478902,0.052750508863850534,1,0.05144437856446926,1
box_sphere_added_outliers_medium_3,added_outliers,4815,494,0.028321171711183646,0.0023203660043331687,0.8565461857720955,67.73680470456175,-0.006968665042591716,1,0.024232148129142664,1
box_sphere_added_outliers_medium_3,added_outliers,4816,2949,0.07091313730177497,0.07025420980104945,0.9951856151489444,112.77893745169645,0.06713924331387189,1,0.05917346234059172,1
box_sphere_added_outliers_medium_3,added_outliers,4824,638,0.0075052559987254935,0.004218584700290866,0.9979284100078254,38.26003825551377,0.030771630889001002,1,0.11420840422919008,0
box_sphere_added_outliers_medium_3,added_outliers,4829,2749,0.037675622758531715,0.007938225648163322,0.9995473519010645,38.92673587965232,0.12062789163484515,0,0.01951428722790062,1
box_sphere_added_outliers_medium_3,added_outliers,4830,657,0.04759288613285409,0.003953885413348054,0.9969846428584596,88.06672222423236,0.2006704732401757,0,0.07299084533910258,1
box_sphere_added_outliers_medium_3,added_outliers,4847,460,0.023288260338254957,0.01119259484379816,0.9868515324732205,140.1073749921446,-0.12623197629686,1,0.13859324826587577,0
box_sphere_added_outliers_medium_3,added_outliers,4848,22,0.036843838721419664,0.0343899094674613,0.9924964427744611,97.81402826411198,-0.02638671840854027,0,0.05674474329411195,1
box_sphere_added_outliers_medium_3,added_outliers,4852,368,0.08350214180014905,0.07761459364240665,0.9907129113514224,27.03547551408419,0.2006705287956235,0,0.0145224633825363,1
box_sphere_added_outliers_medium_3,added_outliers,4861,3374,0.057205121036266376,0.007822016877764798,0.9940128701232668,148.5590365646106,-0.08701127698974474,0,0.1613631576705,0
box_sphere_added_outliers_medium_3,added_outliers,4870,1224,0.014935474960758175,0.005433973997332031,0.9982571347127028,75.08105229325689,0.00829879372379597,1,0.0900372106654032,0
box_sphere_added_outliers_medium_3,added_outliers,4876,1953,0.01813048229571982,0.006999165980134661,0.21558088248911556,82.86232283234061,-0.34484028040950077,1,0.08848491328288095,0
box_sphere_added_outliers_medium_3,added_outliers,4878,1838,0.07677460766730106,0.0694355043464948,0.998838390595788,104.79254942145096,-0.16397227294070169,0,0.11728211531742279,0
box_sphere_added_outliers_medium_3,added_outliers,4879,2150,0.08144874153367797,0.04335737357706049,0.9219714697869331,70.49436820497634,0.0,0,0.07606008453471055,1
box_sphere_added_outliers_medium_3,added_outliers,4880,3012,0.05106781458260626,0.04868664246709069,0.9684280308890367,63.20355640245877,-0.12957086459695555,0,0.08857642949829715,0
box_sphere_added_outliers_medium_3,added_outliers,4885,3051,0.05376307998996955,0.05057860500934529,0.9649965794551354,38.91822661407727,-0.08701132570760874,0,0.09825051379215989,0
box_sphere_added_outliers_medium_3,added_outliers,4891,3285,0.03674716846163048,0.03138118103469961,0.33662478606650975,67.69364813337123,0.16430295605323642,1,0.07842395090574365,1
box_sphere_added_outliers_medium_3,added_outliers,4897,2975,0.4068278576083366,0.3264251729767503,0.6598410558035608,254.7933962236814,-3.2224825497280567,0,0.451077908020343,0
box_sphere_added_outliers_medium_3,added_outliers,4901,649,0.016499221003852618,0.00020845300509964742,0.9386130051622297,44.14792173699763,0.14183011232238343,1,0.05835088959417711,1
box_sphere_added_outliers_medium_3,added_outliers,4906,2273,0.042653176163380054,0.006715628087631773,0.9985029024669729,45.47113902336479,0.00829879372379597,1,0.032932746244599694,1
box_sphere_added_outliers_medium_3,added_outliers,4914,1429,0.021085589327927666,0.0011629740155435072,0.9949178222947119,71.05015538878271,0.21309300434980707,1,0.09963505848625384,0
box_sphere_added_outliers_medium_3,added_outliers,4915,714,0.09374896137713827,0.09167858146009127,0.9975566640876625,36.267257098540334,0.05959203021667493,0,0.04979961073366305,1
box_sphere_added_outliers_medium_3,added_outliers,4916,546,0.05060892622316252,0.0499181526774288,0.9830540587514818,114.73669896182803,0.040821954520294364,1,0.10167040185453619,0
box_sphere_added_outliers_medium_3,added_outliers,4917,3086,0.02469787796318734,0.022432655510131613,0.9756928641899135,78.76101645073634,-0.19237165931440658,1,0.06893072277684613,1
box_sphere_added_outliers_medium_3,added_outliers,4918,2760,0.029516619827550293,0.02345737564730826,0.997611913596198,119.74841591275909,0.33584514352220163,1,0.07491174816288536,1
box_sphere_added_outliers_medium_3,added_outliers,4920,333,0.03975784548494218,0.006872934424442107,0.9840043267808903,34.273870604214885,-0.08701126587866065,0,0.010136454871600814,1
box_sphere_added_outliers_medium_3,added_outliers,4924,1843,0.020346971636105576,0.017729994221843126,0.9648841079946074,91.92887238100352,0.04651996801589379,1,0.07390653050087673,1
box_sphere_added_outliers_medium_3,added_outliers,4928,3036,0.044195236552396856,0.04387746552849662,0.9443156578413427,35.65585967891641,0.18327882570862805,0,0.08389943387586389,0
box_sphere_added_outliers_medium_3,added_outliers,4930,2027,0.04649095891681095,0.03446914675755127,0.9996503631013013,58.21122179431462,0.13613203432472423,0,0.06634562145330132,1
box_sphere_added_outliers_medium_3,added_outliers,4946,1701,0.04229645250211166,0.011880693688328003,0.9508279537676049,43.63765352457955,0.021202194463798042,1,0.0828433512849884,0
box_sphere_added_outliers_medium_3,added_outliers,4948,2310,0.046645764787965074,0.04171744648295674,0.9933589454146088,51.20720512122365,0.0733312054527619,1,0.03763548930281869,1
box_sphere_added_outliers_medium_3,added_outliers,4951,2841,0.3218626569040555,0.2978209835770902,0.8456916829097797,225.34984427036326,-3.2224825497280567,0,0.31479846360999886,0
box_sphere_added_outliers_medium_3,added_outliers,4953,2130,0.08021812884735317,0.07795764284253762,0.9955136746072264,56.1463799793108,0.05959203021667493,1,0.02677162316931889,1
box_sphere_added_outliers_medium_3,added_outliers,4958,804,0.06614530479691969,0.06016858195335488,0.3858829473280215,94.25324046580008,0.17535276952922293,0,0.12619637962925703,0
box_sphere_added_outliers_medium_3,added_outliers,4967,2438,0.06889487610156739,0.023353519500215938,0.9761941995480382,144.21954784028168,0.00829879372379597,0,0.046323192384400295,1
box_sphere_added_outliers_medium_3,added_outliers,4970,1305,0.04693109207985959,0.041922814715194046,0.9863115894918381,113.72944735264225,0.11778292454537738,0,0.1255707655458134,0
box_sphere_added_outliers_medium_3,added_outliers,4972,873,0.036420709551542634,0.02876137799527511,0.9946028578404987,80.88090941710759,0.02631728546025041,1,0.08306208754373583,0
box_sphere_added_outliers_medium_3,added_outliers,4982,314,0.06026667312019748,0.05637416073082321,0.8856956262374478,91.13743765618408,0.1265625987664272,1,0.06728042536342659,1
box_sphere_added_outliers_medium_3,added_outliers,4984,2063,0.03759472336378593,0.0313273772108162,0.998492775552995,125.4420166835906,0.00829879372379597,1,0.04025965537295899,1
box_sphere_added_outliers_medium_3,added_outliers,4985,3005,0.07895236310124294,0.06302009418827503,0.9941008183508808,80.67286549693782,0.08734192253618818,0,0.11289039716805509,0
box_sphere_added_outliers_medium_3,added_outliers,4991,2257,0.06558875171342692,0.05142434059191488,0.9991261008801234,66.79367508635043,-0.03294411478373251,0,0.0715378080849121,1
box_sphere_added_outliers_medium_3,added_outliers,4994,2387,0.4261184626681253,0.3970132700567131,0.7493967008155848,258.19483824838477,-2.9773603573952654,0,0.42953928569072014,0
box_sphere_added_outliers_medium_3,added_outliers,5003,2197,0.03309283850029213,0.03167699924754112,0.9985134819717434,162.93379585402099,0.0733312054527619,0,0.09837446695109581,0
box_sphere_added_outliers_medium_3,added_outliers,5004,663,0.04713308102529504,0.017005761793535468,0.9953190681356708,97.11848382215386,-0.03294411478373251,1,0.1131626236072224,0
box_sphere_added_outliers_medium_3,added_outliers,5006,2696,0.05683032762457825,0.0384992109693452,0.9988592259513699,50.811586644636066,0.18924182722489283,0,0.12134231073579764,0
box_sphere_added_outliers_medium_3,added_outliers,5007,2461,0.07367433689396753,0.07242108199699945,0.9952245230519555,113.14924883958903,0.28071310399070915,1,0.049692825525569015,1
box_sphere_added_outliers_medium_3,added_outliers,5011,2228,0.0252438418485921,0.01916088171673828,0.999623496789983,132.96163873349556,0.17535271055496313,1,0.04644428422422559,1
box_sphere_added_outliers_medium_3,added_outliers,5013,1258,0.05718351304629609,0.049818415830226025,0.9820740698689591,44.52850634613189,0.28455190702932254,0,0.05841335461641565,1
box_sphere_added_outliers_medium_3,added_outliers,5020,3225,0.042364780777939565,0.00540770073118596,0.9993669764172457,48.071549686035915,0.28071310399070915,0,0.08900533176046482,0
box_sphere_added_outliers_medium_3,added_outliers,5022,1464,0.06734750057081447,0.0513504864932267,0.8373712458562037,103.01390995848838,-0.006968662905842768,0,0.10185460968752257,0
box_sphere_added_outliers_medium_3,added_outliers,5034,718,0.013925357270409415,0.012024501169068611,0.9996735442576353,83.06655519891332,0.18492210635144704,1,0.08021217734335302,0
box_sphere_added_outliers_medium_3,added_outliers,5035,1082,0.05986229860282024,0.05871415780302565,0.851764951995145,94.17810638331895,0.04651996801589379,0,0.1347138173106869,0
box_sphere_added_outliers_medium_3,added_outliers,5040,2375,0.029988380257070433,0.02487961398104128,0.9974642564082361,39.596717287879486,-0.08701129003319481,1,0.04571646082571292,1
box_sphere_added_outliers_medium_3,added_outliers,5041,645,0.03211153864842197,0.028682499815139945,0.9871175677565668,49.386835738876684,0.0733312054527619,1,0.055118090319264366,1
box_sphere_added_outliers_medium_3,added_outliers,5042,375,0.05174179731639928,0.044821961452805384,0.9987175558435082,97.05156055756444,-0.3005851805846871,0,0.092572560753159,0
box_sphere_added_outliers_medium_3,added_outliers,5045,54,0.08186863978141476,0.07170674773097505,0.9660434976171646,72.0102219361642,0.15984857094200192,0,0.04822582764021173,1
box_sphere_added_outliers_medium_3,added_outliers,5055,2368,0.05169991915146651,0.050302968156787496,0.9972759421243539,78.79535183569449,0.18742527081760316,1,0.10363510596747945,0
box_sphere_added_outliers_medium_3,added_outliers,5059,3089,0.048826970562508815,0.03727694679046833,0.9148477569034644,47.25374222860128,0.4650567746888063,1,0.11443905772046122,0
box_sphere_added_outliers_medium_3,added_outliers,5061,732,0.09158196724670979,0.09013457833862953,0.9743571784943245,101.5607686542956,0.11778292454537738,0,0.0821096472166347,0
box_sphere_added_outliers_medium_3,added_outliers,5063,1767,0.022586410051866256,0.00034285589027761485,0.958405978215029,56.731127120396785,-0.08701128175163891,1,0.059825263723253114,1
