sample_id,scenario,source_index,target_index,distance_T0,point_to_plane_residual,normal_dot_abs,fpfh_distance,log_normalized_density_ratio,is_mutual_nn,label_distance,target_weight
box_sphere_scene_change_medium_3,scene_change,0,2759,0.03782863081474037,0.015832511410924056,0.1600166402967126,146.26283684126048,0.5041138104343331,1,0.127774911130936,0
box_sphere_scene_change_medium_3,scene_change,1,696,0.11132611836615411,0.10923620927312086,0.19177826226505096,123.72683373698362,0.8075049459014871,0,0.19491298568037108,0
box_sphere_scene_change_medium_3,scene_change,3,1501,0.30658108280729196,0.3026427798700537,0.6546379226934705,51.3738847220193,-0.2062746039704764,0,0.40654234845969445,0
box_sphere_scene_change_medium_3,scene_change,5,722,0.26753536027727676,0.2671785307495021,0.9814797345088291,116.20818681524226,0.007299294862571895,0,0.36829112783686696,0
box_sphere_scene_change_medium_3,scene_change,6,2028,0.17858912116297204,0.14384480952801668,0.674480940413073,116.31996455710077,0.12062788362203827,0,0.28205419411808463,0
box_sphere_scene_change_medium_3,scene_change,8,1501,0.31854310576282846,0.30448928734363273,0.764436806016513,69.64860343760633,-0.2062746039704764,0,0.4199589205872425,0
box_sphere_scene_change_medium_3,scene_change,9,2102,0.20892208221680747,0.20844311148466177,0.2900004959878886,290.69985318759734,0.34377118354764,0,0.30730432289848064,0
box_sphere_scene_change_medium_3,scene_change,10,3032,0.18673348073531407,0.1510114009651574,0.3146118238833092,114.12283013887391,0.11057755981397795,0,0.29227079141062007,0
box_sphere_scene_change_medium_3,scene_change,12,688,0.2403898379968573,0.24022548956490636,0.33715089499672674,326.7786099621071,0.15139945327379714,0,0.33704996034807594,0
box_sphere_scene_change_medium_3,scene_change,14,2943,0.32367933774275237,0.30663559127082624,0.8776681598619334,79.62482525885927,-0.30058523621645516,0,0.4273407996497362,0
box_sphere_scene_change_medium_3,scene_change,16,406,0.04174066490514578,0.040990729216128216,0.20466544969404768,250.4606328787029,0.3635738311051992,0,0.14124643033077286,0
box_sphere_scene_change_medium_3,scene_change,17,3306,0.018368576306156254,0.00023174900038614495,0.5439184550220267,61.982200343414235,0.6170643917012384,1,0.10869409940004,0
box_sphere_scene_change_medium_3,scene_change,19,3023,0.25620565247505,0.25281039540693395,0.39379387891761314,192.5569634493033,0.056089416651088124,0,0.35515912267023675,0
box_sphere_scene_change_medium_3,scene_change,23,3286,0.17519121818140784,0.12622278558815972,0.5206784000182684,92.03061566355642,-0.2411618425313652,0,0.2797477996838564,0
box_sphere_scene_change_medium_3,scene_change,25,1436,0.2773747811122793,0.2758433648309908,0.9675940215703557,244.59008917091828,0.20450926832124405,0,0.3740867607198405,0
box_sphere_scene_change_medium_3,scene_change,27,1626,0.19240045493726554,0.19204167947975348,0.2242370151118898,262.9368695655931,0.09531007980442975,0,0.28916383125260453,0
box_sphere_scene_change_medium_3,scene_change,28,1153,0.1288754894004212,0.12386339722876351,0.6893313493317089,290.9554022523989,0.8137745850156677,0,0.04826721171369007,1
box_sphere_scene_change_medium_3,scene_change,29,1881,0.13307573035177567,0.12016527953406227,0.07754215504095953,62.18028291811692,0.26580978366932206,0,0.23690610751979232,0
box_sphere_scene_change_medium_3,scene_change,30,2626,0.18514613048838394,0.1824034493151143,0.22641682127915644,170.4066815491745,0.28493077933986954,0,0.286619202912078,0
box_sphere_scene_change_medium_3,scene_change,33,1864,0.26829577806307625,0.2674147837779592,0.6525867275455772,52.997299005672104,0.04805725366349204,0,0.3691129456060383,0
box_sphere_scene_change_medium_3,scene_change,35,1153,0.13134079362673637,0.13098384930971568,0.5783207444971631,291.4864453874727,0.7774069580405519,0,0.03536613172339604,1
box_sphere_scene_change_medium_3,scene_change,37,1874,0.10796244393773274,0.09836155363319167,0.33545574011332324,186.83683672324256,0.6214027666106252,0,0.19770937133045696,0
box_sphere_scene_change_medium_3,scene_change,40,524,0.024797410262734434,0.005664539723656118,0.4724087957872973,114.56753480643627,0.5058900391917509,1,0.0869392124202513,0
box_sphere_scene_change_medium_3,scene_change,43,1580,0.257464776429054,0.25584784960569945,0.8735525157511655,167.03410230206651,0.12062786874111314,0,0.3567464850529363,0
box_sphere_scene_change_medium_3,scene_change,44,94,0.2799826676783323,0.26957313742630973,0.6789121072498324,71.27767235798551,-0.012903395312105215,0,0.38279875441817385,0
box_sphere_scene_change_medium_3,scene_change,50,2415,0.29493600951470933,0.29341672146828796,0.9684162253199653,155.27126290927018,0.02400112463962012,0,0.3948688286770726,0
box_sphere_scene_change_medium_3,scene_change,53,3032,0.05685279233536386,0.0032686028680217255,0.26011500324903003,73.06365018530805,0.07980592576841672,0,0.1451818107427934,0
box_sphere_scene_change_medium_3,scene_change,55,2166,0.2891044863381752,0.28910419556175426,0.8847373056399818,285.3612040390805,0.09531007980442975,0,0.3869058179893555,0
box_sphere_scene_change_medium_3,scene_change,57,2028,0.22868741308499077,0.1828575373981832,0.7730487605039105,103.80668027161246,0.15139951766759943,0,0.3321351053475663,0
box_sphere_scene_change_medium_3,scene_change,60,3032,0.05902748185052955,0.057977923998891526,0.11693883791900185,48.931543757815156,0.42073227801695084,0,0.07823414632519288,1
box_sphere_scene_change_medium_3,scene_change,64,1895,0.3218729068348753,0.31222432805062683,0.8628690949492508,119.74772167974366,-0.541747039786857,0,0.4261927473456598,0
box_sphere_scene_change_medium_3,scene_change,67,11,0.027228448511963897,0.025926692540563335,0.009161460646766319,302.9376656778388,0.5773858823900518,1,0.07198622687455378,1
box_sphere_scene_change_medium_3,scene_change,68,2890,0.20471833189152056,0.20090663132962844,0.2401798468285271,119.70409877830886,0.2006704732401757,0,0.30500782859213044,0
box_sphere_scene_change_medium_3,scene_change,69,3327,0.2549392992012888,0.13698755185261136,0.9515145593952239,90.9787591615331,-0.19984375049703365,0,0.3596506449065687,0
box_sphere_scene_change_medium_3,scene_change,71,1501,0.22152009117730695,0.21967748537165183,0.5227231201610145,55.49867737890412,0.07135688050682114,0,0.32023457374105674,0
box_sphere_scene_change_medium_3,scene_change,72,94,0.03482649134908796,0.03239002390555616,0.18159168515418278,72.82018602163186,-0.23604676091218457,0,0.13960781069516698,0
box_sphere_scene_change_medium_3,scene_change,82,1626,0.18076831373116486,0.17725402933859102,0.7617782145700537,279.5615465687887,0.5507852426338959,0,0.09315273281337469,0
box_sphere_scene_change_medium_3,scene_change,86,2830,0.05118899165103998,0.03368741164731311,0.06766795284784358,45.063396397277465,0.361789842224665,0,0.0789883919148096,1
box_sphere_scene_change_medium_3,scene_change,88,3253,0.18026725985301015,0.1780472876472223,0.11496986934678748,284.1894666529166,0.28493077933986954,0,0.2770628678952578,0
box_sphere_scene_change_medium_3,scene_change,91,269,0.27739342869741557,0.2750660671967421,0.9842915701760591,121.45787468329416,-0.16705391075030407,0,0.37677882937359486,0
box_sphere_scene_change_medium_3,scene_change,92,210,0.32033518594055094,0.3171232257141313,0.9216190303264961,103.87468384704397,-0.006711428146769066,0,0.4197019228884778,0
box_sphere_scene_change_medium_3,scene_change,93,1842,0.31318166154408544,0.3044681638023639,0.9887689271169657,113.97138940602555,0.04916898740802938,0,0.41799788323158943,0
box_sphere_scene_change_medium_3,scene_change,94,659,0.2791347454375667,0.27647403764212025,0.982569445036985,202.44033251369098,0.06656069195701915,0,0.3787339306595682,0
box_sphere_scene_change_medium_3,scene_change,95,688,0.15138520229084368,0.15120771811480113,0.049718316864154316,315.7709406679523,0.2792326829656578,0,0.2478471112745322,0
box_sphere_scene_change_medium_3,scene_change,96,2166,0.12127857116752513,0.1131002506736217,0.0001302266505303565,256.3777718695183,0.056089406651107905,0,0.21310323256606428,0
box_sphere_scene_change_medium_3,scene_change,98,1807,0.27969279792659124,0.2467298928799213,0.6212602762221486,101.98358821440155,0.26580978366932206,0,0.3830049641471687,0
box_sphere_scene_change_medium_3,scene_change,99,2166,0.22272374485161595,0.21904349265572298,0.2406812346497831,275.5395771270622,0.16941798052964901,0,0.31836999191582205,0
box_sphere_scene_change_medium_3,scene_change,100,1663,0.2675919705243163,0.26685606852263233,0.4556922360940193,164.8824805694049,0.28493077933986954,0,0.36671253887348926,0
box_sphere_scene_change_medium_3,scene_change,102,3259,0.011405464428410702,0.011043579017078288,0.4953091825018051,55.697127990554954,0.19189092050855783,1,0.09559893057267115,0
box_sphere_scene_change_medium_3,scene_change,104,1533,0.24317684137128603,0.2415535867154369,0.48443155178715097,308.5378295293379,0.07806828158248696,0,0.3380340618047495,0
box_sphere_scene_change_medium_3,scene_change,105,3327,0.16641622978177875,0.10152421064992288,0.8433484191051641,92.69285247090453,-0.2688365600792787,0,0.2705586767772613,0
box_sphere_scene_change_medium_3,scene_change,108,2021,0.1021801296723161,0.0958146058754712,0.031203149907171962,300.5456497659248,-0.1157606481705271,0,0.19811552932683232,0
box_sphere_scene_change_medium_3,scene_change,109,3253,0.20547856470208928,0.20523673300057124,0.39411908603481083,297.3772900747581,0.18962067832335827,0,0.3036073263939275,0
box_sphere_scene_change_medium_3,scene_change,110,596,0.08246820662554531,0.06358514888364626,0.707319372800873,84.78684746327606,0.6873606966848427,0,0.07949958773986476,1
box_sphere_scene_change_medium_3,scene_change,112,585,0.20097974697419158,0.11448972490545592,0.9054090006623865,73.06634570806975,-0.03352266525295062,0,0.3063211615819559,0
box_sphere_scene_change_medium_3,scene_change,113,1541,0.04966279504588994,0.016193274786886407,0.7905882725991612,106.54903119483065,0.08887921151711367,0,0.1486340816262196,0
box_sphere_scene_change_medium_3,scene_change,115,742,0.2114414833839847,0.21080187010732265,0.36158122969700957,224.40705443997703,0.13143878608087448,0,0.3119460616769044,0
box_sphere_scene_change_medium_3,scene_change,117,1190,0.13894023179390505,0.13850175699710843,0.9788142582281586,114.72119054116916,0.5920506168804129,0,0.040088465404370145,1
box_sphere_scene_change_medium_3,scene_change,118,1781,0.1971328772383054,0.1950621985865567,0.3049156500756321,306.49219737016324,0.30986966175699,0,0.2944727999389781,0
box_sphere_scene_change_medium_3,scene_change,121,1533,0.14331862213804802,0.13974561102156544,0.729272082138835,291.5775033798984,0.7927210901205887,0,0.05305350054647388,1
box_sphere_scene_change_medium_3,scene_change,123,210,0.32514960732907355,0.32462790051591645,0.934140972445131,114.96101517266986,0.09864899121484887,0,0.42445444803052806,0
box_sphere_scene_change_medium_3,scene_change,125,1669,0.14843153532074393,0.14192240590479555,0.9132704402674642,200.78711262371684,0.4054647747751088,0,0.06586041848357461,1
box_sphere_scene_change_medium_3,scene_change,126,1881,0.06674890547016554,0.058994108689617866,0.16066213450775055,60.18079517247327,0.022187894860438023,0,0.17030261028492816,0
box_sphere_scene_change_medium_3,scene_change,127,2890,0.18811993332473223,0.18267593286331693,0.22997916799522167,135.88671157352204,0.2384107641860222,0,0.2894915209099179,0
box_sphere_scene_change_medium_3,scene_change,131,3023,0.14766809610990378,0.1459555879258104,0.005405794734283752,166.04621074176336,0.056089416651088124,0,0.24547913513109257,0
box_sphere_scene_change_medium_3,scene_change,132,3032,0.14403974755879873,0.1133509696869898,0.22981588101364622,107.21654178814013,0.04805725366349204,0,0.2496365794650864,0
box_sphere_scene_change_medium_3,scene_change,134,3032,0.26875222449551717,0.2347229707912077,0.5745692058075107,113.48013553343539,0.07980592576841672,0,0.37292832137466075,0
box_sphere_scene_change_medium_3,scene_change,136,1933,0.10233081887412462,0.07483456596935763,0.6875313501358579,113.49353150348584,-0.06527133735787516,0,0.20628724504837617,0
box_sphere_scene_change_medium_3,scene_change,138,3306,0.06495475747371945,0.03655513691669098,0.8192802050182902,80.52962730265892,0.5950854975428426,0,0.12315066909910115,0
box_sphere_scene_change_medium_3,scene_change,142,688,0.05334339225042437,0.04983137862257269,0.0004740517790298703,317.5716124086307,0.392561256844199,0,0.14836699149532773,0
box_sphere_scene_change_medium_3,scene_change,145,535,0.12779456323397537,0.1210554726142268,0.3526725768232365,96.08914775248967,0.16318745818579894,0,0.21917786655794474,0
box_sphere_scene_change_medium_3,scene_change,149,2102,0.06766392975821693,0.06443960408704064,0.2071376980084817,265.9045945818406,0.3765609784136656,0,0.16201768765410196,0
box_sphere_scene_change_medium_3,scene_change,152,2548,0.27827046738155214,0.2690598008804074,0.9562441842679501,100.21765874861114,-0.006711428146769066,0,0.38055823463091326,0
box_sphere_scene_change_medium_3,scene_change,155,1315,0.244963363737272,0.18950193910340887,0.2769383323312854,105.21619867208469,0.008836574356335485,0,0.3492082907106105,0
box_sphere_scene_change_medium_3,scene_change,160,586,0.061055531423649397,0.05995429981337442,0.023965364690820543,59.84054768047145,0.8261970698290879,0,0.1307745669279915,0
box_sphere_scene_change_medium_3,scene_change,161,2021,0.18226042071618162,0.1805353521025438,0.8202331855250798,299.34498967370206,0.41486706759807807,0,0.09079561787902633,0
box_sphere_scene_change_medium_3,scene_change,162,1926,0.05531516459367972,0.04507686659764141,0.30507948788266986,107.15571062618328,0.4491317599460327,0,0.10276488781171084,0
box_sphere_scene_change_medium_3,scene_change,163,2330,0.14448438303398473,0.14380333988016192,0.3958855547990239,91.86171855159297,-0.13196265401455087,0,0.24016794810708217,0
box_sphere_scene_change_medium_3,scene_change,164,1541,0.020275691508816137,0.003340039228535838,0.7831037070430243,103.19162550256286,0.3437712724363669,0,0.11473494517418101,0
box_sphere_scene_change_medium_3,scene_change,167,16,0.28194392226454357,0.28090479223837045,0.9682129101914554,92.48842782019946,-0.03352265632439591,0,0.3823965934144301,0
box_sphere_scene_change_medium_3,scene_change,168,2959,0.26301066902048875,0.2623451292639405,0.9367695550793432,252.58717802691774,0.2541591452943083,0,0.3621766267231534,0
box_sphere_scene_change_medium_3,scene_change,171,245,0.1484078691758828,0.12870305426086906,0.6846117361737548,73.03496711701982,0.07980592576841672,0,0.24753271144953773,0
box_sphere_scene_change_medium_3,scene_change,174,3140,0.023182156850852582,0.0042228966823344965,0.48703580820995207,64.38696595953533,0.613104014553429,1,0.08306944103365214,0
box_sphere_scene_change_medium_3,scene_change,178,3286,0.04644234548945332,0.04257738448432316,0.6108892461026662,75.41914792031702,-0.0027510312073894413,0,0.1272915974352301,0
box_sphere_scene_change_medium_3,scene_change,179,3286,0.057033631696036445,0.03193897687017888,0.3288325877685568,44.06652207684522,-0.2411618425313652,0,0.1501619185837645,0
box_sphere_scene_change_medium_3,scene_change,181,1621,0.05453565984620333,0.006798554233021337,0.5722608488642297,123.1205077326984,0.3765609784136656,0,0.1517599157318492,0
box_sphere_scene_change_medium_3,scene_change,182,1626,0.23759812111872017,0.23752314174359482,0.34442077766668056,275.36896229705724,0.09531007980442975,0,0.3345143247919509,0
box_sphere_scene_change_medium_3,scene_change,183,3327,0.1937266397586866,0.10154852318241386,0.8638617719259611,93.01851873724243,-0.342944460804498,0,0.29837871434224195,0
box_sphere_scene_change_medium_3,scene_change,184,639,0.23392875073379665,0.23306303612140106,0.49797936317567765,342.3139685110493,0.04425495298170266,0,0.3298262441436252,0
box_sphere_scene_change_medium_3,scene_change,186,1705,0.3032638888618532,0.23427464949539015,0.791341238765323,97.18549186390327,-0.1670539308171544,0,0.4058063923244163,0
box_sphere_scene_change_medium_3,scene_change,187,1626,0.039017641854281825,0.02761590529788833,0.010216684968707859,276.5823516115223,0.44813115713012797,0,0.07101333013712798,1
box_sphere_scene_change_medium_3,scene_change,189,2166,0.26398389009700607,0.2619491036848694,0.39204359514847315,278.7277616753343,0.16941798052964901,0,0.3604402768806807,0
box_sphere_scene_change_medium_3,scene_change,195,38,0.0338081735699076,0.02587390324002064,0.9160654005874522,37.15938178753432,0.625183572440681,1,0.07195175738761607,1
box_sphere_scene_change_medium_3,scene_change,196,3032,0.3091041891168286,0.24936961241628375,0.7590233490982903,117.85071923820536,-0.018634062993183553,0,0.41464676381842613,0
box_sphere_scene_change_medium_3,scene_change,197,1580,0.02279466727692223,0.01971180957284288,0.155818138531167,141.13878683044547,0.45198474279100276,1,0.12278120241916503,0
box_sphere_scene_change_medium_3,scene_change,200,742,0.11027153143919241,0.10920347952546426,0.20664923877141114,170.82069408347127,0.2527995472326831,0,0.20974219082253043,0
box_sphere_scene_change_medium_3,scene_change,202,1,0.2981892782551381,0.29040708664225123,0.9400643726953146,115.5996800878647,0.22598833863174703,0,0.4029691965535571,0
box_sphere_scene_change_medium_3,scene_change,203,396,0.07728343673552363,0.03866751229643674,0.7981461513951211,160.0605931536857,0.30294925708284437,0,0.1761957048480291,0
box_sphere_scene_change_medium_3,scene_change,204,1012,0.01758684550576432,0.004451915198090499,0.9553953576056395,83.19265496028787,0.1643029322437438,1,0.11199805691075518,0
box_sphere_scene_change_medium_3,scene_change,205,326,0.3257208322232362,0.31957874509805556,0.8023620088787491,137.62593077701916,-0.05785474230034016,0,0.4249800138682386,0
box_sphere_scene_change_medium_3,scene_change,206,3146,0.04887127183978585,0.022578231634000506,0.7123831397944668,53.91113880367929,0.08078202588779179,0,0.06065738742385447,1
box_sphere_scene_change_medium_3,scene_change,209,1895,0.030789360480051084,0.018876762592452027,0.16761379958786662,47.7274235775504,-0.049271014284585045,1,0.13008213639941352,0
box_sphere_scene_change_medium_3,scene_change,210,1626,0.2760162121368875,0.275223933892523,0.8887256451706217,273.87754860368545,-0.027292111853258822,0,0.37301510782862235,0
box_sphere_scene_change_medium_3,scene_change,211,2808,0.08509903277988994,0.0847220782695419,0.21930522382535492,141.46739122201842,0.2541591452943083,0,0.18583602091706672,0
box_sphere_scene_change_medium_3,scene_change,212,535,0.188474863610327,0.18693919536050355,0.3629515138866478,81.41589737111741,-0.04445171909261546,0,0.2854960932569844,0
box_sphere_scene_change_medium_3,scene_change,215,1621,0.022394294668302513,0.0007256247702269291,0.7858831341689372,88.75840752138556,0.5260925958972651,1,0.11700875411226193,0
box_sphere_scene_change_medium_3,scene_change,216,1881,0.11510959654981653,0.11284753855043805,0.11783772092306358,66.79999839860623,0.12062788362203827,0,0.21535133584088398,0
box_sphere_scene_change_medium_3,scene_change,217,2759,0.03934739637573424,0.03808203373730241,0.05628807489381479,150.57683714991825,0.526092704592729,0,0.1266882859113322,0
box_sphere_scene_change_medium_3,scene_change,218,1895,0.19376881131187385,0.18916684081115961,0.34532873418628396,80.4656228384009,-0.2315924266342101,0,0.29735394372048074,0
box_sphere_scene_change_medium_3,scene_change,229,1626,0.0799975291098676,0.07448595621451799,0.00800163444412647,253.69624156599681,-0.16705388466340604,0,0.17212938823717439,0
box_sphere_scene_change_medium_3,scene_change,233,406,0.05226170232796818,0.04437237158735841,0.20262128969127782,250.65732915808385,0.39256134612972843,0,0.14701753834161063,0
box_sphere_scene_change_medium_3,scene_change,234,2808,0.049712352689033346,0.04801642708066277,0.19936000048181002,142.1295809243124,0.4260092739315897,0,0.14904872285612622,0
box_sphere_scene_change_medium_3,scene_change,240,1493,0.28197851018739123,0.28096908043707225,0.9755524867414612,117.16741477747237,-0.0045351492830458745,0,0.381303540193733,0
box_sphere_scene_change_medium_3,scene_change,244,2072,0.10504630512840614,0.07547004455379684,0.15540822766538637,86.12067789966945,0.29556910613063647,0,0.20416633150534555,0
box_sphere_scene_change_medium_3,scene_change,252,1196,0.07137838469182708,0.029261623415228925,0.5792913089573949,139.02269570379434,0.50199513084536,0,0.1687334607781767,0
box_sphere_scene_change_medium_3,scene_change,253,1947,0.03157236362417094,0.005424077156745602,0.7866168778735401,54.19663449883705,0.14660339524454963,1,0.13108138614093257,0
box_sphere_scene_change_medium_3,scene_change,254,1137,0.04460427691162482,0.0397711727597941,0.5526975474246482,90.48072022158499,0.7672546169997738,1,0.08215351153521411,0
box_sphere_scene_change_medium_3,scene_change,256,3023,0.23359666542818103,0.23181945203327153,0.23176791565393337,173.12643884288445,0.18125245764439313,0,0.3303197277930718,0
box_sphere_scene_change_medium_3,scene_change,259,1881,0.046040683155339095,0.03516752347143565,0.09670146813226259,57.09804156164539,0.12062788362203827,0,0.13980521543545538,0
box_sphere_scene_change_medium_3,scene_change,260,3280,0.3288459521291878,0.32692556894118935,0.721642333710233,144.57271342120947,-0.20479422746099615,0,0.4274361066568346,0
box_sphere_scene_change_medium_3,scene_change,263,352,0.023499939463414266,0.005555607331554449,0.9980939381521607,100.82391608191752,-0.35810890952704055,1,0.06791099072065077,1
box_sphere_scene_change_medium_3,scene_change,264,2914,0.03360108252329625,0.0024638014399617925,0.9997486890997863,110.13560411806729,0.08426025896174034,0,0.12207871529355185,0
box_sphere_scene_change_medium_3,scene_change,267,2968,0.05973785640882469,0.04543071725054397,0.4683366591844693,88.77626523211384,-0.11826378239865744,0,0.13466436445550115,0
box_sphere_scene_change_medium_3,scene_change,268,3175,0.01360884496312233,0.01267008541367392,0.9901964343110364,46.739724211527815,0.0,1,0.10005390477638397,0
box_sphere_scene_change_medium_3,scene_change,272,687,0.09771265889407565,0.09718607724882773,0.9902503503753884,70.78694589961754,-0.26236396446783583,0,0.02005608181589842,1
box_sphere_scene_change_medium_3,scene_change,273,2180,0.04860249301639499,0.044958279486614405,0.16018510628041552,171.02801311962824,0.5058900391917509,0,0.06377559682952262,1
box_sphere_scene_change_medium_3,scene_change,274,2102,0.09573035788862044,0.09472471636065888,0.8608372972441994,298.9230570030291,0.8137744877936045,0,0.02178590434919366,1
box_sphere_scene_change_medium_3,scene_change,277,1444,0.03129615126656075,0.026218824786118776,0.999497114454974,133.51708014674034,-0.33890387448521214,1,0.09350265607195356,0
box_sphere_scene_change_medium_3,scene_change,280,2592,0.028463330444148668,0.016804101589972587,0.9987432506246625,145.85938962418064,0.23841073177869007,0,0.07276852441444653,1
box_sphere_scene_change_medium_3,scene_change,281,1726,0.03951636931593506,0.0333748103829767,0.9987477802199473,105.10352132515378,0.07806828158248696,1,0.08515510856698118,0
box_sphere_scene_change_medium_3,scene_change,283,1254,0.08018630058318202,0.07931250382438475,0.9871071875967291,37.77744455661415,-0.13196265401455087,0,0.017212677280824845,1
box_sphere_scene_change_medium_3,scene_change,284,1037,0.08204143489614968,0.08123541308894004,0.8817582243081945,95.18438252443389,0.20450926832124405,0,0.08848403624564335,0
box_sphere_scene_change_medium_3,scene_change,286,19,0.09461938169471927,0.09372203204224033,0.9998462313763873,55.6627713850425,0.02965618163260386,1,0.009046367761658632,1
box_sphere_scene_change_medium_3,scene_change,288,2166,0.03975180454788253,0.009629413267370941,0.07486830159317352,273.64491983673327,0.09531007980442975,1,0.1125671345319822,0
box_sphere_scene_change_medium_3,scene_change,293,1887,0.049171472029884915,0.032361527701886064,0.9996486181443337,112.58366567896462,0.02965618163260386,0,0.0707706662799753,1
box_sphere_scene_change_medium_3,scene_change,296,1235,0.03487071046299883,0.022340107405304215,0.9997923256946784,106.88439873351022,-0.08701129365637626,0,0.09837894727398627,0
box_sphere_scene_change_medium_3,scene_change,297,630,0.09954167102882708,0.09916557549076349,0.9990892771939527,88.52274508486185,-0.16705389418719344,0,0.020391982733467585,1
box_sphere_scene_change_medium_3,scene_change,298,1874,0.1320423686756179,0.1171200553244809,0.1963113303253497,187.55887560344357,0.5984132621279902,0,0.21457682029460473,0
box_sphere_scene_change_medium_3,scene_change,300,2405,0.1290696188752834,0.12487954236839312,0.05756097954681442,281.425949215672,0.056089406651107905,0,0.22431933845972404,0
box_sphere_scene_change_medium_3,scene_change,301,1401,0.02594951400060433,0.004815450467165788,0.9838842986236188,38.101679410408615,-0.07174382304075282,1,0.08430191774290434,0
box_sphere_scene_change_medium_3,scene_change,302,2326,0.014898225102000106,0.010734214757548188,0.9321691028976951,117.79216394285092,0.04651996801589379,1,0.08501162854774115,0
box_sphere_scene_change_medium_3,scene_change,304,956,0.037093394407772956,0.0138255509233015,0.9681558226877125,106.08029721388472,-0.04927100271052982,0,0.09475971696493811,0
box_sphere_scene_change_medium_3,scene_change,305,910,0.08791805526615026,0.08007376161689307,0.43265448547693464,33.03566457064571,-0.1670539308171544,0,0.1220437527731455,0
box_sphere_scene_change_medium_3,scene_change,308,2034,0.016598494166432297,0.002774545569314083,0.9998695120978817,102.92594199226798,-0.0929460300919351,1,0.07481423670192407,1
box_sphere_scene_change_medium_3,scene_change,311,3023,0.30254996962443476,0.2995966173661134,0.6323983052843206,190.01858104997882,-0.04927100271052982,0,0.4016897405818177,0
box_sphere_scene_change_medium_3,scene_change,313,1512,0.07939683367364675,0.06904834188668084,0.4159383208345277,79.91416420012477,0.41276414487566376,0,0.137398453209737,0
box_sphere_scene_change_medium_3,scene_change,314,208,0.03963071128189793,0.015990466086657093,0.997857725781395,136.3809332666375,0.2792326829656578,0,0.07419888513879785,1
box_sphere_scene_change_medium_3,scene_change,315,2626,0.02482298447632761,0.02238337981924787,0.1820117592235576,145.93455519014518,0.3719420906729833,1,0.12449949365442174,0
box_sphere_scene_change_medium_3,scene_change,316,2068,0.03278530625509546,0.010005968595990145,0.9996754323646346,76.07588289407796,0.13305037075027626,1,0.11698903571986322,0
box_sphere_scene_change_medium_3,scene_change,318,1772,0.035110967371558575,0.02723634139246663,0.9999779188667008,97.30335172446154,0.10919918851681429,0,0.10294291291108494,0
box_sphere_scene_change_medium_3,scene_change,323,1394,0.047122319558772226,0.004302607253561993,0.9998840227691963,81.94609699304169,0.13305037075027626,0,0.12907211348943262,0
box_sphere_scene_change_medium_3,scene_change,325,1580,0.24742130751167535,0.2462068564916729,0.7730129949618386,177.635109295099,0.22241047318938376,0,0.3484451784774397,0
box_sphere_scene_change_medium_3,scene_change,329,3390,0.018726716088204358,0.01606264951004323,0.998823524559321,82.01434039008439,0.08426025896174034,1,0.09750204713098545,0
box_sphere_scene_change_medium_3,scene_change,332,2572,0.03044167432617528,0.009528251994066919,0.9984211241131921,87.35388936576202,-0.12053393482928876,1,0.10849366547563259,0
box_sphere_scene_change_medium_3,scene_change,335,1872,0.09478776142727877,0.09364558434707125,0.9999178591082519,48.078978883291775,-0.1157606481705271,0,0.028913437953798835,1
box_sphere_scene_change_medium_3,scene_change,336,2159,0.03055368924273811,0.0006699603684894005,0.9996802344866598,88.30049992306424,-0.03352265632439591,1,0.12077778421332651,0
box_sphere_scene_change_medium_3,scene_change,340,214,0.01719883191082958,0.004968445323450286,0.9997273928927857,60.025816698059735,0.05608939165114389,1,0.06929196104635575,1
box_sphere_scene_change_medium_3,scene_change,341,643,0.08845381827211128,0.079407366733585,0.9980781671771419,152.90662524771227,-0.7170995344040952,1,0.05600728118919951,1
box_sphere_scene_change_medium_3,scene_change,343,384,0.08057152688481065,0.04914518426247947,0.4039708574534836,74.83268655035037,-0.053725350784778504,0,0.12090242440159127,0
box_sphere_scene_change_medium_3,scene_change,344,3044,0.041637937332792675,0.01947160642840065,0.9985241971461486,109.16458544226313,-0.07608222364179483,0,0.06878729678231997,1
box_sphere_scene_change_medium_3,scene_change,345,1099,0.028956453217648642,0.0005089476182856415,0.9996641143880894,107.44377284011975,-0.25802558129570274,1,0.07196732592570175,1
box_sphere_scene_change_medium_3,scene_change,348,2914,0.02864168810581261,0.02578900659082195,0.9996832119235382,101.73137862355469,0.18962067832335827,0,0.08890385841161055,0
box_sphere_scene_change_medium_3,scene_change,350,3247,0.07389113747947745,0.07241018674002525,0.9999920542219684,106.91303158660608,-0.16705390284518268,1,0.02773962852409732,1
box_sphere_scene_change_medium_3,scene_change,352,360,0.04955761609657584,0.0383526285107534,0.930051198910471,115.47187951123682,0.20763917727841455,0,0.045481328976620404,1
box_sphere_scene_change_medium_3,scene_change,353,2166,0.10809639007870527,0.10394717749720976,0.6541049725225191,288.9617500916634,0.7084140943578587,0,0.036834936898608,1
box_sphere_scene_change_medium_3,scene_change,355,2383,0.026857664213529288,0.007542128477992674,0.770939268423233,92.68599716440373,-0.367724335681416,1,0.09188962246759456,0
box_sphere_scene_change_medium_3,scene_change,356,1738,0.055180559947380706,0.021671039192594166,0.9538978962505817,142.83950544584127,0.2384107901118941,0,0.1279884826673722,0
box_sphere_scene_change_medium_3,scene_change,357,2038,0.07393701581266776,0.073816250092898,0.9998633643032712,74.20099598495531,0.04651996801589379,1,0.021488289302594193,1
box_sphere_scene_change_medium_3,scene_change,359,3062,0.023866638891353393,0.012143189219106966,0.99975512363609,85.24788131680184,0.007299294862571895,1,0.10885063441160038,0
box_sphere_scene_change_medium_3,scene_change,362,2028,0.10197515617271762,0.0794153477586373,0.6733593900656872,135.44368413485338,-0.012903392931156962,0,0.20204306909545147,0
box_sphere_scene_change_medium_3,scene_change,368,2816,0.07565846033701171,0.060635319965172255,0.9623698580460838,37.067856138014506,0.13305037075027626,0,0.009779120757644472,1
box_sphere_scene_change_medium_3,scene_change,371,1923,0.036837811022959806,0.008194395767047976,0.9993845016155656,75.46037669804335,-0.0045351492830458745,1,0.0962233212902811,0
box_sphere_scene_change_medium_3,scene_change,372,1512,0.05611640056128197,0.008848612264442697,0.5496415432684713,75.32131488266064,0.37194217202206376,0,0.13067293841379363,0
box_sphere_scene_change_medium_3,scene_change,376,2021,0.08805711469897595,0.08522723823223097,0.18541214775055448,309.15151203105495,0.8005293037043376,0,0.020041891179789554,1
box_sphere_scene_change_medium_3,scene_change,378,1573,0.015867781556645706,0.005805657993567012,0.9997441335037006,66.60212740626568,-0.28965612247484307,1,0.09900087356709707,0
box_sphere_scene_change_medium_3,scene_change,380,1375,0.04419728380214158,0.025362928892476867,0.9841221354377927,61.83967419141382,-0.5725186261052397,0,0.06892657286178304,1
box_sphere_scene_change_medium_3,scene_change,382,2228,0.09390895618598054,0.09249112355750189,0.9982350380148618,77.40133382635614,0.056089406651107905,0,0.019619253347519492,1
box_sphere_scene_change_medium_3,scene_change,384,1001,0.07003211112982143,0.06928011776083544,0.9553892946230977,67.36271570891795,0.056089416651088124,1,0.07412845512154988,1
box_sphere_scene_change_medium_3,scene_change,386,3083,0.025471730444372936,0.010280063254301199,0.9979155187979669,94.70991145560397,-0.0045351492830458745,1,0.09481086407790362,0
box_sphere_scene_change_medium_3,scene_change,387,2019,0.009951370509751891,0.0007196525332963499,0.9997478849930154,94.86229033015188,-0.07174382304075282,1,0.08857713574021321,0
box_sphere_scene_change_medium_3,scene_change,390,309,0.016750004947503165,0.013756900916764743,0.9980447619575912,110.42901421230691,0.1048794939158926,1,0.0840029174769371,0
box_sphere_scene_change_medium_3,scene_change,396,2855,0.039216656496642736,0.01837052508664845,0.9995906939555588,141.78094198198056,-0.06697054590577842,1,0.09808273144425947,0
box_sphere_scene_change_medium_3,scene_change,400,2597,0.05529890987766582,0.041061690384090715,0.4867752087717859,114.88607259336527,0.255802504814123,0,0.1350458638121751,0
box_sphere_scene_change_medium_3,scene_change,401,1981,0.10525040099664432,0.03239675098955484,0.903011685984205,58.80699763229452,0.3437711124366926,0,0.02334147010072343,1
box_sphere_scene_change_medium_3,scene_change,402,1685,0.033414987839996094,0.03134476859589461,0.9948212820123368,46.82799173354948,-0.13965501888352036,0,0.08703150446223039,0
box_sphere_scene_change_medium_3,scene_change,404,2232,0.03384072932672669,0.014542457945094667,0.9984105562148841,97.0457327706614,0.45709968631523384,0,0.07301978639374386,1
box_sphere_scene_change_medium_3,scene_change,405,977,0.07804353883070957,0.07695966041872904,0.9633028712158354,105.44341223950343,-0.3068156835604513,1,0.019175597581887437,1
box_sphere_scene_change_medium_3,scene_change,406,3260,0.046207936352517034,0.037393089993028476,0.9488972306830429,98.07450695531743,-0.25043544316768634,1,0.13575064384431304,0
box_sphere_scene_change_medium_3,scene_change,407,455,0.028390583393143043,0.012543755843375541,0.9913727082838899,130.9963095863519,-0.1262319668096982,0,0.10190072589223005,0
box_sphere_scene_change_medium_3,scene_change,409,2064,0.031045621748900683,0.007361433956022376,0.9990968761479735,108.04554056738937,0.15139945327379714,0,0.07427403955600956,1
box_sphere_scene_change_medium_3,scene_change,410,138,0.060380003004157454,0.044812479125312894,0.8950149996187947,53.570836582482656,-0.572518383248697,0,0.06824472075895312,1
box_sphere_scene_change_medium_3,scene_change,412,79,0.0176301561011722,0.01071053494794116,0.9529788607983503,50.05554486456865,-1.2656649374356808,1,0.11584453702929966,0
box_sphere_scene_change_medium_3,scene_change,417,199,0.03687790957077246,0.018067858927895735,0.9972035024815382,81.10333951256668,0.19585116446129122,0,0.0956645214777134,0
box_sphere_scene_change_medium_3,scene_change,420,1466,0.029342745197074135,0.022345619022824264,0.9995771566200699,82.99001595251322,0.13305037075027626,1,0.08633604212352113,0
box_sphere_scene_change_medium_3,scene_change,421,2830,0.04475298737707944,0.0334657107067268,0.7404676171762264,37.63315232464442,0.2876819057852116,0,0.07283113387979297,1
box_sphere_scene_change_medium_3,scene_change,422,2125,0.0956446265382724,0.09246397694981481,0.9999792558620864,55.77041203600996,0.10738264314398677,0,0.01963631987454369,1
box_sphere_scene_change_medium_3,scene_change,423,2745,0.02844510537309614,0.02323275036240507,0.9981380656381279,88.61454023072882,0.09531007980442975,1,0.10265859790178986,0
box_sphere_scene_change_medium_3,scene_change,426,296,0.026174801862741404,0.007408589439227845,0.9055190742462458,80.24591859081146,0.5050393232240368,1,0.11214025312146833,0
box_sphere_scene_change_medium_3,scene_change,428,406,0.09579093611316755,0.08650782006335775,0.6833607352496798,283.7560890123982,0.8625646968042037,0,0.03375360912317125,1
box_sphere_scene_change_medium_3,scene_change,430,1277,0.09011512166356532,0.08987024832403558,0.9996288031393543,57.5336642473506,-0.12260219165768865,1,0.011944723790481091,1
box_sphere_scene_change_medium_3,scene_change,431,991,0.023329759875945284,0.01737265755265861,0.8979028290444484,91.90449807880262,0.02965618163260386,0,0.081392600140492,0
box_sphere_scene_change_medium_3,scene_change,432,1619,0.05815580743678565,0.04854524931570099,0.944461818360709,88.20979644183858,0.11165923479433315,0,0.1348237872733924,0
box_sphere_scene_change_medium_3,scene_change,433,2198,0.06722665882571181,0.037821365885402414,0.8390468542076193,51.7757360056238,0.3574701554526887,0,0.1594197973704564,0
box_sphere_scene_change_medium_3,scene_change,434,120,0.09835000028544749,0.0949201538165458,0.9997143051448207,44.45184507296774,0.04651996801589379,1,0.012434441075040834,1
box_sphere_scene_change_medium_3,scene_change,437,318,0.10298000992680408,0.10267278141369705,0.9994870160831829,223.67702467180257,-0.16705387413711645,0,0.01823627346316129,1
box_sphere_scene_change_medium_3,scene_change,439,1425,0.021621254717085526,0.012397688875222846,0.9965581272989285,140.2472721854127,0.022187894860438023,1,0.09201866571056166,0
box_sphere_scene_change_medium_3,scene_change,441,2084,0.08093749693550872,0.07821639451383801,0.9949849031316703,46.96688376633454,0.09864899121484887,1,0.0258357348299585,1
box_sphere_scene_change_medium_3,scene_change,442,422,0.01854619080729594,0.010253724658343575,0.9995906740329951,84.10879880548154,0.1466033162973087,1,0.09166116575229484,0
box_sphere_scene_change_medium_3,scene_change,444,179,0.03541856351404123,0.010861758919637362,0.8887042517267518,68.77810365520388,0.22071121702252808,1,0.05554916789647245,1
box_sphere_scene_change_medium_3,scene_change,447,1198,0.02859804540561,0.0001958598069696886,0.8390848973320673,48.33043065259547,-0.054576071854526176,1,0.13176529031186662,0
box_sphere_scene_change_medium_3,scene_change,451,2021,0.12166695735445464,0.1175643486729722,0.09966675455954821,300.2029042674499,0.10738264314398677,0,0.21828531058209863,0
box_sphere_scene_change_medium_3,scene_change,453,401,0.02102139411466426,0.009085306870700619,0.9777016658474766,63.04540597070862,0.015267455464140146,1,0.09529514178494299,0
box_sphere_scene_change_medium_3,scene_change,458,95,0.06016881768629416,0.058924663991388654,0.8550253495155373,65.67245845715614,-0.2566660594244143,1,0.09958852954421907,0
box_sphere_scene_change_medium_3,scene_change,460,1658,0.07914837492145801,0.07676925364390084,0.9990430177074127,89.39080640592591,0.056089406651107905,0,0.023944785721611045,1
box_sphere_scene_change_medium_3,scene_change,462,2492,0.10514113469653023,0.10139475306356686,0.9996444821666125,121.08348358222426,-0.12449434343290522,0,0.042432187503779716,1
box_sphere_scene_change_medium_3,scene_change,465,1912,0.02853223920027503,0.020102061568847435,0.9973210539362329,92.293224859422,-0.0045351492830458745,1,0.11270724155994613,0
box_sphere_scene_change_medium_3,scene_change,466,746,0.1032373198284057,0.10190454697147289,0.9981799407509913,106.32486425409263,-0.16705388466340604,0,0.03452116635660494,1
box_sphere_scene_change_medium_3,scene_change,469,1391,0.03597180870267601,0.01007419996530989,0.989395543853883,152.82757269060843,-0.23851284430321368,0,0.11635829107044379,0
box_sphere_scene_change_medium_3,scene_change,470,599,0.029790596198897228,0.003356253276636652,0.9587212841981299,107.66913368967737,0.20450926832124405,1,0.0831646060070027,0
box_sphere_scene_change_medium_3,scene_change,472,245,0.11694225767325503,0.10187495528043303,0.49664284538221937,72.59571408468094,-0.053725350784778504,0,0.21299539913015372,0
box_sphere_scene_change_medium_3,scene_change,474,3335,0.01486258120414142,0.008335729223786108,0.9651752141890183,47.403300579600575,0.02965618163260386,1,0.11620851953223248,0
box_sphere_scene_change_medium_3,scene_change,475,144,0.04315297996292067,0.0034374687327237323,0.9975957219044559,150.4776240974753,-0.0492709795624362,0,0.051643671724598855,1
box_sphere_scene_change_medium_3,scene_change,479,1783,0.03560957377678808,0.005020649000898587,0.9532742203469324,56.97420980441069,-0.2540651965015589,1,0.07996810426776531,1
box_sphere_scene_change_medium_3,scene_change,480,2123,0.047842289482750135,0.036052670093933384,0.5577840365901228,90.93918128340611,-0.08004262434028976,0,0.10418852426362492,0
box_sphere_scene_change_medium_3,scene_change,481,1067,0.0364335137734918,0.030495672745625462,0.864636449862078,89.02071620491604,0.21023997266892247,1,0.09370955543076474,0
box_sphere_scene_change_medium_3,scene_change,488,422,0.03978790863852853,0.033978827672672435,0.9993924491180256,127.63090384753102,0.18434360724315527,0,0.08193309696827515,0
box_sphere_scene_change_medium_3,scene_change,490,1908,0.014847790674848435,0.008558394020347035,0.9844508379810752,56.71166085889028,0.0842602801257243,1,0.09932826368882648,0
box_sphere_scene_change_medium_3,scene_change,493,1768,0.033948570906594144,0.030216587878781016,0.056574934640407804,112.26239539125427,0.7084140943578587,1,0.06833933036089684,1
box_sphere_scene_change_medium_3,scene_change,495,1728,0.03348599118947143,0.01883884471230396,0.7015275504133595,68.83464918156999,0.02015744451250652,0,0.09490749958820269,0
box_sphere_scene_change_medium_3,scene_change,497,1565,0.018977759957691565,0.010940478594333334,0.9984691005390097,86.19367817129273,0.1048794939158926,1,0.11265459715938515,0
box_sphere_scene_change_medium_3,scene_change,500,1868,0.10836060891492007,0.10699934709812935,0.9803123247715128,33.82935144854963,0.3692504052925593,0,0.01058080875085744,1
box_sphere_scene_change_medium_3,scene_change,502,2008,0.07887610736122572,0.07647376758625034,0.9994251431047779,67.8145528520728,0.1466033162973087,1,0.03812679421458254,1
box_sphere_scene_change_medium_3,scene_change,506,3062,0.027838777206033057,0.002886649368011797,0.999415109233424,93.77961036094182,0.15571915653270804,0,0.06208805242542957,1
box_sphere_scene_change_medium_3,scene_change,510,3135,0.05087054143177395,0.04296367067717352,0.5784731129079654,65.24563485076777,-0.16705388466340604,0,0.09486062985099739,0
box_sphere_scene_change_medium_3,scene_change,511,248,0.03054608009281448,0.016594957072752433,0.8988679153622418,52.75337329074052,0.033616570394992974,0,0.07832108873059125,1
box_sphere_scene_change_medium_3,scene_change,513,1303,0.3123744486981979,0.29441475866390443,0.9704765279961233,103.56305497228905,-0.0929460300919351,0,0.4126987276181055,0
box_sphere_scene_change_medium_3,scene_change,514,320,0.07399715259085551,0.06743272864303597,0.9989710909932966,18.980625109521554,-0.09559503894418181,0,0.012632013691943651,1
box_sphere_scene_change_medium_3,scene_change,517,3049,0.03953224604290109,0.013353564373137755,0.9276297314858182,55.92447481617433,0.1431007103074644,0,0.06775432523753717,1
box_sphere_scene_change_medium_3,scene_change,519,763,0.030228733740092297,0.009555261868857771,0.9975882901987224,54.4399794346643,-0.08004262434028976,1,0.11523685060029998,0
box_sphere_scene_change_medium_3,scene_change,522,2134,0.04632142193275315,0.01721763758658922,0.9999865707846343,64.89455857081482,0.015267455464140146,0,0.058813485735081876,1
box_sphere_scene_change_medium_3,scene_change,524,2808,0.12097824564486256,0.11870021403576397,0.25248709565953575,147.39413527993247,0.3719420906729833,0,0.22101804607930048,0
box_sphere_scene_change_medium_3,scene_change,528,936,0.042019769502654375,9.125552260801821e-05,0.8487885841589802,86.31056697757083,0.022187894860438023,0,0.11893636348329922,0
box_sphere_scene_change_medium_3,scene_change,529,1145,0.01569944352616815,0.014293732071972345,0.999110434947595,81.09643068214584,-0.03352265632439591,1,0.09186104672106649,0
box_sphere_scene_change_medium_3,scene_change,533,1229,0.03846141099453737,0.020772721678568987,0.9796373412010502,149.88198264366025,0.2541591452943083,0,0.1279111597575731,0
box_sphere_scene_change_medium_3,scene_change,538,674,0.09143098697157852,0.08658899637592321,0.9525802282060561,99.43396881783718,0.625183572440681,1,0.0272085218624549,1
box_sphere_scene_change_medium_3,scene_change,539,493,0.045357651344502176,0.00858769856448391,0.8921584564604631,67.92699014091588,0.3319367159100093,0,0.09096397618191492,0
box_sphere_scene_change_medium_3,scene_change,541,166,0.017649249066170537,0.003986359152227578,0.9872417237747942,118.43749290434182,-0.16705393651514971,1,0.08928333131827165,0
box_sphere_scene_change_medium_3,scene_change,543,1510,0.07691465022427679,0.07651760929786085,0.9996925688337498,60.82214397126844,-0.03352265632439591,1,0.021994503464240235,1
box_sphere_scene_change_medium_3,scene_change,546,2151,0.018012907765916956,0.00913467229159779,0.8841362321132388,93.26640030672505,0.2884212320123117,1,0.09416665360348236,0
box_sphere_scene_change_medium_3,scene_change,548,1313,0.026889084778424704,0.025331046084569896,0.9991214639189344,73.84150483251425,-0.28965612247484307,0,0.1019353982483111,0
box_sphere_scene_change_medium_3,scene_change,549,94,0.09377766067595257,0.08961175522319771,0.17812502054697638,84.10847231265979,-0.23604676091218457,0,0.19865189308145573,0
box_sphere_scene_change_medium_3,scene_change,550,3302,0.033635311088623596,0.017647193205697576,0.8977923823289488,44.717740479139444,0.1865858421053041,1,0.1159675355362799,0
box_sphere_scene_change_medium_3,scene_change,551,222,0.10350993708520928,0.10059950277888921,0.9992214524931546,68.45823515969694,-0.03922067315332197,0,0.01301504588554684,1
box_sphere_scene_change_medium_3,scene_change,554,3195,0.035529335329150966,0.03390617155225119,0.9998949985932408,160.39869378153276,-0.26236396446783583,0,0.07853624984577934,1
box_sphere_scene_change_medium_3,scene_change,556,1471,0.10116240089317649,0.10039227582658507,0.9993363223522057,82.0203975753852,0.30294916124972493,0,0.029723848817292908,1
box_sphere_scene_change_medium_3,scene_change,557,544,0.03294185959787734,0.019228743006934123,0.9984708766309965,92.50795478401,0.10738264314398677,1,0.07880142004276237,1
box_sphere_scene_change_medium_3,scene_change,559,3009,0.05771096476105104,0.05618646626542723,0.6902859831676093,60.636767706930094,-0.09806115920799048,0,0.14931040375985088,0
box_sphere_scene_change_medium_3,scene_change,560,1194,0.07817938219185037,0.07533260181283674,0.9961331060831333,37.43953752480645,0.11165923479433315,0,0.041969878248068686,1
box_sphere_scene_change_medium_3,scene_change,561,1801,0.05673812828672463,0.055615575106914644,0.9769127067910162,77.97763838573675,-0.06861395797064551,1,0.09735265013108242,0
box_sphere_scene_change_medium_3,scene_change,562,599,0.03392746391134092,0.0027598473009663293,0.9545353615600864,100.45046985417758,0.20450926832124405,0,0.06033577590896033,1
box_sphere_scene_change_medium_3,scene_change,563,64,0.16539160955995133,0.1646184998083656,0.8142275523044151,286.30664480130633,0.47730253410863693,0,0.06860579130983954,1
box_sphere_scene_change_medium_3,scene_change,569,3074,0.06662531679282833,0.06375467159756547,0.9919644400082813,137.12301206227738,0.04651996801589379,1,0.06362242296819888,1
box_sphere_scene_change_medium_3,scene_change,572,1338,0.0889923441657185,0.08715942359871683,0.9963007426419027,143.55005602723008,-0.6466262125455513,1,0.008958198512856801,1
box_sphere_scene_change_medium_3,scene_change,575,844,0.030229526957674554,0.019081122505310532,0.9801077736562346,78.735315331793,-0.3718481303061787,1,0.09701984016473314,0
box_sphere_scene_change_medium_3,scene_change,576,3252,0.08123258944492757,0.07622669567366241,0.984553902387657,31.360922034861836,0.10919918851681429,0,0.053348139442429006,1
box_sphere_scene_change_medium_3,scene_change,578,2117,0.05866484289946899,0.0557910034795122,0.7969832226786555,105.12127459881091,-0.08367239224593737,0,0.11388639434966857,0
box_sphere_scene_change_medium_3,scene_change,579,2436,0.06295729679595628,0.04961799728302135,0.939206605764396,90.34709311461901,-0.1670539308171544,0,0.14246275614927895,0
box_sphere_scene_change_medium_3,scene_change,583,2834,0.029362175911182915,0.0118752825460637,0.9993546300578338,114.52794820192287,0.09531007980442975,0,0.12084703913455003,0
box_sphere_scene_change_medium_3,scene_change,584,1514,0.036841155305181734,0.020450123035456496,0.9977803086278401,164.16745717460785,0.04651996801589379,0,0.11366128952354446,0
box_sphere_scene_change_medium_3,scene_change,585,2058,0.024794922483261424,0.02379565264885114,0.9999881633261429,111.263584715335,0.03774029094584644,1,0.08736050342150121,0
box_sphere_scene_change_medium_3,scene_change,586,1126,0.09625686561293119,0.09594599525076164,0.9992400457459261,56.19696838800089,0.10919918851681429,0,0.021284332227458045,1
box_sphere_scene_change_medium_3,scene_change,587,2811,0.09139244727107855,0.09088078726542305,0.9991494411495949,114.87955831608497,-0.3806277930202417,0,0.030237886708121105,1
box_sphere_scene_change_medium_3,scene_change,590,2363,0.03453188067712637,0.011240992268982926,0.9902971697798748,125.6786588718386,-0.45473562933779216,1,0.07789723506665486,1
box_sphere_scene_change_medium_3,scene_change,591,588,0.02270697476949067,0.008325923989179893,0.999717607671453,96.4731413869128,0.3590385007448359,1,0.0836939456309133,0
box_sphere_scene_change_medium_3,scene_change,592,1650,0.05989865261785533,0.052727676059783186,0.904487541834278,82.57096439245947,0.36846386917309,1,0.1313301568222613,0
box_sphere_scene_change_medium_3,scene_change,593,1451,0.019103440747013825,0.012583873590686107,0.7820161938448091,99.82807486609647,-0.2540651965015589,1,0.10770014512324405,0
box_sphere_scene_change_medium_3,scene_change,595,396,0.03161918836887811,0.002348916555140301,0.7450976844192488,150.27565926253604,0.39256134612972843,0,0.11566811204828817,0
box_sphere_scene_change_medium_3,scene_change,597,812,0.034287842057566006,0.02638970204866421,0.840605467781006,85.62544340125183,-0.2158439964519421,0,0.09120625390045012,0
box_sphere_scene_change_medium_3,scene_change,598,1311,0.10375815295825394,0.10141265307268879,0.9978923506369157,77.56924561153552,0.056089406651107905,0,0.013398365022693915,1
box_sphere_scene_change_medium_3,scene_change,599,2206,0.0409127124760661,0.02763219619863438,0.9972078484908334,165.4779173197523,0.015267455464140146,0,0.11488609474243068,0
box_sphere_scene_change_medium_3,scene_change,600,1533,0.25933474817712177,0.25822457835828294,0.6621743096306255,306.6579878860332,0.1206278488998859,0,0.35452779082271185,0
box_sphere_scene_change_medium_3,scene_change,601,1661,0.07164896806029028,0.06657439092486957,0.9974986851690587,42.09261890405041,0.2983089548625642,0,0.11118504035540472,0
box_sphere_scene_change_medium_3,scene_change,602,2047,0.09711038699397384,0.0961420427980615,0.9885331470181318,285.30136456346423,0.3850141276212844,1,0.0029434848863241826,1
box_sphere_scene_change_medium_3,scene_change,604,3252,0.10517229986740638,0.09153187484019697,0.9413796046527385,55.30400934946272,-0.03922067315332197,0,0.017910833405558445,1
box_sphere_scene_change_medium_3,scene_change,605,261,0.0958107003640371,0.09061452329826579,0.9995888168355274,121.410810859591,-0.33890387448521214,0,0.016181819369557513,1
box_sphere_scene_change_medium_3,scene_change,606,547,0.02645419095403814,0.021427837230915587,0.9467119012583827,196.8997633794971,-0.5527159160641685,1,0.11765941241121568,0
box_sphere_scene_change_medium_3,scene_change,607,498,0.02391809775590268,0.008095668358279124,0.9667911350623882,113.08901130165745,0.09531007980442975,1,0.10629423658985108,0
box_sphere_scene_change_medium_3,scene_change,613,2266,0.03876719697127681,0.0016482922076477393,0.7013784475350797,102.52319462496061,0.06656069195701915,0,0.13710985177549628,0
box_sphere_scene_change_medium_3,scene_change,617,2737,0.05392948991441319,0.023907488865440335,0.956967273627703,39.4986771194869,-0.19880263176818447,0,0.13091767785123917,0
box_sphere_scene_change_medium_3,scene_change,618,2332,0.05502153429352975,0.030685311802227423,0.9986353353901904,103.26492453310783,0.08426025896174034,0,0.14201879678847426,0
box_sphere_scene_change_medium_3,scene_change,621,1882,0.030770532549488364,0.01822081947576243,0.9950301595702892,50.52764303741991,0.14043049979077152,0,0.08159943807960776,0
box_sphere_scene_change_medium_3,scene_change,622,2207,0.09127518153819868,0.09023277917604156,0.999671202769693,63.070800802981196,-0.27241425587698626,1,0.01075437496048915,1
box_sphere_scene_change_medium_3,scene_change,625,356,0.021817869213198705,0.02075105593040657,0.9540636140869629,117.05362330600428,-0.1157606481705271,1,0.10805342439066669,0
box_sphere_scene_change_medium_3,scene_change,629,363,0.025093823754994832,0.015335843096675458,0.9830547599733254,51.68965187308708,-0.16705387413711645,0,0.09417355997551669,0
box_sphere_scene_change_medium_3,scene_change,630,2904,0.02205475511752699,0.0056225881645711375,0.985466266565333,128.99470347447343,0.255802504814123,1,0.10001773025146492,0
box_sphere_scene_change_medium_3,scene_change,631,331,0.10732398883097631,0.10228899224366539,0.9989770752392614,107.34937202299712,-0.07608222364179483,0,0.03567404463747929,1
box_sphere_scene_change_medium_3,scene_change,632,1145,0.03483321293611192,0.020467396013094868,0.9983310471682951,82.98009062952988,-0.03352265632439591,0,0.12068149037641997,0
box_sphere_scene_change_medium_3,scene_change,635,55,0.03658823078440996,0.01009442603277276,0.9998438281663024,92.82795862021385,-0.16705388466340604,1,0.09795164562305271,0
box_sphere_scene_change_medium_3,scene_change,640,299,0.08429970004170613,0.08400026210042319,0.999939499085263,56.18784252089361,0.17589050517348995,1,0.012380273916799293,1
box_sphere_scene_change_medium_3,scene_change,641,1798,0.023710278923487718,0.0017969276021256165,0.9774761230769654,37.449509582157475,0.10919918851681429,1,0.11253689327828244,0
box_sphere_scene_change_medium_3,scene_change,642,440,0.004602622358684377,0.004095892742353611,0.9990729824204713,77.65226358185545,-0.16705389418719344,1,0.08520146149767822,0
box_sphere_scene_change_medium_3,scene_change,646,2613,0.030507626148897772,0.009020529841651454,0.9998488059680672,77.98893555906649,-0.018634062993183553,1,0.060905689677194765,1
box_sphere_scene_change_medium_3,scene_change,647,364,0.0967000655854541,0.09146439001902731,0.9993505913041386,86.04512683276322,-0.1157606481705271,1,0.017998057552475286,1
box_sphere_scene_change_medium_3,scene_change,648,2072,0.04516507119816086,0.012504835838319586,0.41920736129083,74.00639666820389,0.3670280037016042,1,0.11537569472148904,0
box_sphere_scene_change_medium_3,scene_change,649,2159,0.03282768296552418,0.016418459804715936,0.9996802344866597,84.88920694072866,-0.03352265632439591,0,0.11816511827332866,0
box_sphere_scene_change_medium_3,scene_change,653,1669,0.20446474357458064,0.20096466583676825,0.19316765317034992,208.12096268355748,0.1431007103074644,0,0.30070084555667326,0
box_sphere_scene_change_medium_3,scene_change,654,1998,0.03976611694312957,0.018171271607179698,0.8419070502112037,99.50545645573123,0.2384107641860222,0,0.07430731712973351,1
box_sphere_scene_change_medium_3,scene_change,655,2769,0.10966783689104302,0.10852993824979702,0.882829974680133,49.056683576734784,0.5485655295269487,0,0.028038222221647775,1
box_sphere_scene_change_medium_3,scene_change,656,2726,0.01048031619163648,0.009421541868200486,0.9997720618281595,47.19123690867563,0.18434360724315527,1,0.09589246957562242,0
box_sphere_scene_change_medium_3,scene_change,657,176,0.018919901323808202,9.930376889819882e-05,0.9949329898151292,118.84504220714469,-0.25802558129570274,0,0.08665012962755972,0
box_sphere_scene_change_medium_3,scene_change,660,2597,0.027458277885043632,0.02601722592476549,0.8123378261869704,120.01335280574507,-0.06697054590577842,1,0.09988001979809072,0
box_sphere_scene_change_medium_3,scene_change,661,320,0.06435636485255837,0.038288379873796824,0.7123079408358366,44.81732614668588,-0.20479422746099615,1,0.09543152745461013,0
box_sphere_scene_change_medium_3,scene_change,663,870,0.02299033416199929,0.00646289802147737,0.9971711352500999,114.59722955071744,-0.2158439964519421,1,0.114203882764062,0
box_sphere_scene_change_medium_3,scene_change,665,1332,0.01594931860168792,0.01433536855675194,0.964992908958187,98.40894626263659,-0.10251548435898945,1,0.07586451685624812,1
box_sphere_scene_change_medium_3,scene_change,667,1472,0.10023550220066108,0.09801237000526675,0.9995925065512595,84.59155541691305,-0.04927100271052982,0,0.012280635232829788,1
box_sphere_scene_change_medium_3,scene_change,668,2165,0.044429410570692406,0.03927535055745346,0.958092286091996,94.61674118971032,-0.1129867171942495,1,0.07662659863825684,1
box_sphere_scene_change_medium_3,scene_change,671,327,0.06528234378693978,0.058407194263117634,0.9655955570253721,98.32712295294074,-0.12053393482928876,0,0.11645313808383374,0
box_sphere_scene_change_medium_3,scene_change,676,1220,0.03272246440435182,0.004433955555138366,0.9979813229522029,170.62357117717988,-0.22421219131399495,0,0.07328579375280572,1
box_sphere_scene_change_medium_3,scene_change,677,1920,0.02072786773501538,0.011167564220775989,0.9992221048894591,95.07467344470997,-0.22112101938410722,1,0.09989879211137649,0
box_sphere_scene_change_medium_3,scene_change,678,1484,0.0947495887236644,0.09248364397860008,0.9989656687847543,40.810882166044784,0.056089406651107905,0,0.010861866696600952,1
box_sphere_scene_change_medium_3,scene_change,683,2766,0.030237982731030816,0.007859619952062726,0.83082704928507,78.21092368926338,0.08887921151711367,0,0.07381758482780798,1
box_sphere_scene_change_medium_3,scene_change,687,1417,0.034753522103649556,0.007121676431295715,0.966085493869446,30.555807350254394,0.2384107901118941,1,0.11490231993696763,0
box_sphere_scene_change_medium_3,scene_change,688,2599,0.08371374691948182,0.0819298257807935,0.9999894944829307,93.88012729235176,-0.08004262434028976,1,0.008078201155570324,1
box_sphere_scene_change_medium_3,scene_change,689,2842,0.02230157444536611,0.0026885486728006726,0.9797669429805332,78.09470532093664,-0.06697054590577842,1,0.08908171276277432,0
box_sphere_scene_change_medium_3,scene_change,690,2405,0.09307177516747588,0.08936431108730396,0.9773976416174344,243.87882153716419,0.47479938572012576,0,0.02226712239293557,1
box_sphere_scene_change_medium_3,scene_change,691,1757,0.03319749303022802,0.009547441916185617,0.9995697086954126,78.30147818271534,0.29556910613063647,1,0.09004183488446946,0
box_sphere_scene_change_medium_3,scene_change,692,1643,0.10527465580147174,0.1037726057877139,0.9991062030297289,72.29236282416134,0.1466033162973087,0,0.014646613278164364,1
box_sphere_scene_change_medium_3,scene_change,693,768,0.06008778924365369,0.04508071627148179,0.9841831684012614,42.46408991351415,-0.06439989105136033,0,0.1069427868308744,0
box_sphere_scene_change_medium_3,scene_change,697,811,0.01750775637600359,0.00311186614001823,0.9993528722306013,87.56435511976971,0.056089406651107905,1,0.0978014351101397,0
box_sphere_scene_change_medium_3,scene_change,698,993,0.054872967311449285,0.004581911679865108,0.9998406282383753,175.33650172389918,-0.1262319668096982,0,0.14441768010330636,0
box_sphere_scene_change_medium_3,scene_change,700,1143,0.0545608627694525,0.05108578559475242,0.9561822271727247,100.5337571919517,-0.5725184844388971,1,0.10057323282039371,0
box_sphere_scene_change_medium_3,scene_change,701,1618,0.10221247940115236,0.09901114535219617,0.9975143879204212,30.09845286487074,0.18576714650854378,0,0.026033712287708694,1
box_sphere_scene_change_medium_3,scene_change,703,1882,0.036500375023132026,0.019587772975872237,0.9788632014965084,88.3223211408203,0.3029493145827453,0,0.13502116777258108,0
box_sphere_scene_change_medium_3,scene_change,704,751,0.09727822821082761,0.09701725651423974,0.9995109885329629,76.20532354247888,0.04651996801589379,0,0.025489809348279123,1
box_sphere_scene_change_medium_3,scene_change,705,1024,0.02186659092771402,0.018488634294378477,0.9995893906160559,62.89303458567451,0.0741079007252193,1,0.09821571335801321,0
box_sphere_scene_change_medium_3,scene_change,706,1615,0.023260112676045847,0.011091037801102778,0.9995617402804509,38.92048455930995,0.04651996801589379,1,0.09589341884436228,0
box_sphere_scene_change_medium_3,scene_change,709,2993,0.019338689155126893,0.01292181677902213,0.978799448111717,50.73176437854904,-0.06861395797064551,1,0.09561586570319518,0
box_sphere_scene_change_medium_3,scene_change,711,629,0.011999204630096965,0.0037290104003036436,0.9603013608297549,35.166108260418845,-0.06697058600595705,1,0.11756081196437837,0
box_sphere_scene_change_medium_3,scene_change,715,1203,0.029617213860715936,0.01750008789295633,0.9658870029283864,100.213670680083,-0.03922067315332197,1,0.07638650738210029,1
box_sphere_scene_change_medium_3,scene_change,719,1641,0.02630399114339468,0.009660263319806515,0.9752962689541108,48.99340101631793,-0.40066848409080136,1,0.06640639158049216,1
box_sphere_scene_change_medium_3,scene_change,720,2697,0.06132371753933606,0.058920015879726714,0.9733308600005448,60.92606608916585,-0.34937525812421216,1,0.0739893977958624,1
box_sphere_scene_change_medium_3,scene_change,724,3236,0.037808792177646024,0.031033531353519994,0.7352676555220347,44.84476655146943,0.526092762563662,1,0.13675741545200434,0
box_sphere_scene_change_medium_3,scene_change,727,3208,0.022801368048709244,0.012525436659319622,0.9630164134929372,156.46173661057608,-0.5299589098751363,1,0.11330320529344472,0
box_sphere_scene_change_medium_3,scene_change,729,1404,0.017352145231409277,0.011262588024982102,0.999413656434711,71.6219347930317,0.04651996801589379,1,0.10667145122228541,0
box_sphere_scene_change_medium_3,scene_change,732,2630,0.07965941903546492,0.07938346970513696,0.9942279721445502,179.69287674144084,0.2682637513007694,1,0.024020559278678553,1
box_sphere_scene_change_medium_3,scene_change,733,968,0.0945971917408215,0.09370197506218278,0.9999314267917571,68.14632572512691,-0.08004262434028976,1,0.007328719168874136,1
box_sphere_scene_change_medium_3,scene_change,737,239,0.023882075214696784,0.0010238981415710583,0.998947516036293,128.26307170676398,-0.2782793482568618,0,0.11893086919115227,0
box_sphere_scene_change_medium_3,scene_change,739,2102,0.2039956365422932,0.2014520306820572,0.282289908085438,287.7643214529801,0.3765609784136656,0,0.3021895857576429,0
box_sphere_scene_change_medium_3,scene_change,741,3388,0.03869635431362957,0.011604348597189111,0.9565398558990976,82.43367911380687,0.15139951766759943,0,0.10475014041051987,0
box_sphere_scene_change_medium_3,scene_change,742,961,0.08725365501698104,0.08512019610592388,0.9987873365056184,45.09218394644981,0.02965618163260386,0,0.013906363663732966,1
box_sphere_scene_change_medium_3,scene_change,745,2459,0.031855941072333534,0.016978514548699288,0.9705104451649154,57.58250938323658,0.0,1,0.09759174197025532,0
box_sphere_scene_change_medium_3,scene_change,747,1826,0.0840344033458661,0.08213279377039254,0.5942824656933297,92.80761987685044,0.47479938572012576,0,0.1661146960840775,0
box_sphere_scene_change_medium_3,scene_change,749,1958,0.1136445695154395,0.11194059261265513,0.9997451830693032,137.67396594435291,-0.24709655515744408,0,0.030200788938941188,1
box_sphere_scene_change_medium_3,scene_change,750,1765,0.09221474517529975,0.09061063421796878,0.9992763990400637,52.742041786415804,-0.06697054590577842,0,0.019387924909033308,1
box_sphere_scene_change_medium_3,scene_change,752,2496,0.08524523582533095,0.08519445248425632,0.9994647630370901,66.31604659275926,-0.04927100271052982,1,0.01487084775142986,1
box_sphere_scene_change_medium_3,scene_change,754,1738,0.03410399193180415,0.016791332305016282,0.9173451260016903,143.67802381689614,0.09531007980442975,1,0.13141455160792215,0
box_sphere_scene_change_medium_3,scene_change,755,2748,0.039892989320070286,0.02500752832205558,0.825401562112109,63.740562045331004,-0.167053917996666,1,0.05244567326444049,1
box_sphere_scene_change_medium_3,scene_change,758,2555,0.03430187443369797,0.033085052900161595,0.9961692132871522,38.21086641194287,-0.35810890952704055,0,0.08951171591522748,0
box_sphere_scene_change_medium_3,scene_change,759,2,0.024807596690283387,0.013139412735053785,0.8960651680237721,128.70694840479902,0.08426025896174034,0,0.08956624907837953,0
box_sphere_scene_change_medium_3,scene_change,761,1277,0.09919978459793838,0.09537449285657405,0.9999938873134204,59.79374702316633,-0.12260219165768865,0,0.012358447206258949,1
box_sphere_scene_change_medium_3,scene_change,764,1599,0.01629830219883805,0.01081543629892494,0.9991936269671006,165.6330515652287,-0.1262319668096982,1,0.07955512226344194,1
box_sphere_scene_change_medium_3,scene_change,766,2821,0.022219194306760413,0.01380545117540116,0.9918709016192336,36.44014701966869,-0.26236396446783583,1,0.06921919743397531,1
box_sphere_scene_change_medium_3,scene_change,779,2356,0.04138996884768732,0.00010492650136220519,0.9996126581590724,116.42602650951977,-0.16705388466340604,1,0.1279575797162456,0
box_sphere_scene_change_medium_3,scene_change,785,2109,0.06027586987650433,0.04994003128772031,0.9611175722132685,75.68600717595997,-0.08367239224593737,1,0.12665976104913457,0
box_sphere_scene_change_medium_3,scene_change,786,1090,0.05866207975777386,0.05003663546208081,0.868258914146595,78.04708111195744,-0.09559503894418181,0,0.044055627720326535,1
box_sphere_scene_change_medium_3,scene_change,787,2811,0.0883613847536539,0.08687374952226255,0.9974561487232844,121.26975929637723,-0.334107833662337,0,0.0244191350550178,1
box_sphere_scene_change_medium_3,scene_change,788,129,0.04128138988250154,0.03878005352687574,0.9182610695662865,54.824357092627,0.12062790445533925,1,0.10904331343022543,0
box_sphere_scene_change_medium_3,scene_change,790,2890,0.09903684247979924,0.08697668867713448,0.916498735218858,88.38572745501774,0.4979217395654744,0,0.04138980827205708,1
box_sphere_scene_change_medium_3,scene_change,793,1048,0.07179327123899396,0.0626894455468267,0.5886988949241362,87.18679838003307,-0.34937525812421216,0,0.08055162858687402,0
box_sphere_scene_change_medium_3,scene_change,797,500,0.033424429208050305,0.011521172323791393,0.9999932381848975,57.37290125458986,-0.04927100271052982,0,0.06560774006424344,1
box_sphere_scene_change_medium_3,scene_change,801,1118,0.014638439554385511,0.0123683212708,0.9970673469270229,122.48814158333022,-0.12783325150999786,1,0.09458934512145063,0
box_sphere_scene_change_medium_3,scene_change,802,784,0.026161636704834002,0.011051307108687725,0.9165152910773227,44.65343723831145,-0.3783629374341699,1,0.10182725682412143,0
box_sphere_scene_change_medium_3,scene_change,803,1663,0.0807822410754934,0.08002563177515541,0.00588924047614819,150.29750875823606,0.04651996801589379,0,0.17879187683982564,0
box_sphere_scene_change_medium_3,scene_change,806,2964,0.029280712884699776,0.004713354456469855,0.9997778773073939,61.4526299958555,-0.07174382304075282,1,0.1311303292340064,0
box_sphere_scene_change_medium_3,scene_change,807,1638,0.05236280894627237,0.044109825517517125,0.7915898392198255,56.27446767460623,-0.167053917996666,0,0.06811400530959523,1
box_sphere_scene_change_medium_3,scene_change,808,2388,0.03654146241390647,0.026658550160988927,0.9776567620852128,68.62978701172052,0.007299294862571895,1,0.11559184016716738,0
box_sphere_scene_change_medium_3,scene_change,809,768,0.017704671234173356,0.015467157977671512,0.9930428385396771,39.20180221095376,-0.08909248778808337,1,0.1077242929509349,0
box_sphere_scene_change_medium_3,scene_change,810,50,0.041604722052258514,0.03703981204269791,0.9174721780141918,32.6897583697625,0.030771637833434402,0,0.0963064985849393,0
box_sphere_scene_change_medium_3,scene_change,811,1793,0.09041692843368786,0.08733736749053872,0.9984058945818806,112.63064934397282,-0.12053393482928876,0,0.030823665445245743,1
box_sphere_scene_change_medium_3,scene_change,812,3140,0.04647886024352857,0.041425135756161094,0.7217804921665493,56.55146203581006,0.4554751628294661,0,0.1399303689089295,0
box_sphere_scene_change_medium_3,scene_change,813,452,0.05254226402299373,0.020742307067910783,0.999201118955626,129.81763312461524,-0.1262319668096982,0,0.10264783579043654,0
box_sphere_scene_change_medium_3,scene_change,816,336,0.029359912572529064,0.009771902668222783,0.9989136897481332,109.12610637402771,-0.25043544316768634,1,0.08925537697207657,0
box_sphere_scene_change_medium_3,scene_change,818,1187,0.273543804742005,0.2585750894060424,0.911871871997944,104.1908631645601,-0.04445171909261546,0,0.3749801913696089,0
box_sphere_scene_change_medium_3,scene_change,819,2631,0.09723763241054151,0.0970032496675254,0.9988660064551839,122.62555064538226,-0.16705388466340604,0,0.011500632622412327,1
box_sphere_scene_change_medium_3,scene_change,825,1860,0.2751865738424344,0.27489765578294756,0.9814180122467242,154.92765856982803,-0.06697054590577842,0,0.3745670871887169,0
box_sphere_scene_change_medium_3,scene_change,829,2602,0.05678322934774715,0.03774434652878831,0.1796779622711791,220.40561091009843,0.12062788362203827,0,0.13980557486931997,0
box_sphere_scene_change_medium_3,scene_change,834,652,0.02953761565191848,0.013469058696374147,0.9442432116994192,78.02161809820745,-0.16705390284518268,1,0.12173429962521423,0
box_sphere_scene_change_medium_3,scene_change,836,891,0.02667020713567352,0.020883995769147554,0.9673708765557525,173.37584630979683,-0.5299589098751363,1,0.11860170907658651,0
box_sphere_scene_change_medium_3,scene_change,839,2304,0.030981323265062415,0.014552072784172811,0.9501617501115741,127.51233945146554,0.29556910613063647,0,0.10638491261270384,0
box_sphere_scene_change_medium_3,scene_change,840,1096,0.08134728515034703,0.0762292948367697,0.9967816676175217,60.94145170763051,0.27477837396539495,1,0.02161196081889807,1
box_sphere_scene_change_medium_3,scene_change,841,726,0.08148443858262723,0.07822170863901448,0.9977962214686361,41.99831322482843,-0.12260219165768865,1,0.013138498035206461,1
box_sphere_scene_change_medium_3,scene_change,842,1592,0.09251384761536179,0.09186532792343058,0.9986357394275203,97.5040439426351,-0.10989552049662601,1,0.013068674053452665,1
box_sphere_scene_change_medium_3,scene_change,845,256,0.025914638469699092,0.01850364812213147,0.47209073080413266,36.63485274406547,0.43594173084799726,1,0.1057659673091974,0
box_sphere_scene_change_medium_3,scene_change,846,1434,0.03487905663815258,0.010979760390617266,0.9981936240181598,98.33172655349951,-0.211505621937798,0,0.1207742198304065,0
box_sphere_scene_change_medium_3,scene_change,854,573,0.03886226132916836,0.02886151067366853,0.9137051626328216,84.68878763293942,-0.860200475750196,0,0.12653074555563978,0
box_sphere_scene_change_medium_3,scene_change,861,1774,0.026375999990388185,0.02286520091459971,0.999409637530205,143.5182206991545,-0.12053393482928876,0,0.0817644975191542,0
box_sphere_scene_change_medium_3,scene_change,862,353,0.09335966870613421,0.05370418566560192,0.9879479238598667,32.23631612592182,0.10919918851681429,0,0.010996465649651439,1
box_sphere_scene_change_medium_3,scene_change,863,235,0.006956839621192741,0.005937977651597084,0.9999015785777113,59.15570939307629,0.28493077933986954,1,0.1058956971806735,0
box_sphere_scene_change_medium_3,scene_change,864,1350,0.04202870077843467,0.007666884620672699,0.9988729667018791,68.22195402743615,-0.12449434343290522,0,0.11514761173774245,0
box_sphere_scene_change_medium_3,scene_change,865,2873,0.03433594554578037,0.026239308739915174,0.9993833808212306,115.65181172737134,-0.3212043676655222,0,0.08842827154063082,0
box_sphere_scene_change_medium_3,scene_change,867,3149,0.03581180607995489,0.007514474473279029,0.9602465723205942,52.41084068759708,-0.06439989105136033,0,0.07007285631127191,1
box_sphere_scene_change_medium_3,scene_change,868,1436,0.26461093318757534,0.26292484609371713,0.9683823972933249,253.70388849912288,0.2384107901118941,0,0.36335160130673405,0
box_sphere_scene_change_medium_3,scene_change,869,3140,0.027911543594067768,0.02334016964868038,0.5149191174521681,52.77455125695341,0.6539259874070289,0,0.10381165922452482,0
box_sphere_scene_change_medium_3,scene_change,877,2914,0.028436434783765917,0.0030165557843166964,0.9997535776533526,94.6826778965747,0.08426025896174034,1,0.09797789156435256,0
box_sphere_scene_change_medium_3,scene_change,878,3103,0.1050391255242329,0.10389289750868874,0.9997012965568424,80.45007712335159,-0.07174382304075282,0,0.004899505204547332,1
box_sphere_scene_change_medium_3,scene_change,880,2683,0.029510594432777353,0.010495598237015083,0.9892023672553005,132.88881568458365,0.1466033162973087,0,0.09306272525553992,0
box_sphere_scene_change_medium_3,scene_change,881,2747,0.1232146895013558,0.11994989230494092,0.9993824652739982,124.6724128208972,-0.16705388466340604,0,0.047404828981445934,1
box_sphere_scene_change_medium_3,scene_change,885,2384,0.030621027276338586,0.006240978713668267,0.9999791699570114,84.6715473815759,0.08426025896174034,1,0.10563992810357502,0
box_sphere_scene_change_medium_3,scene_change,886,817,0.029334210752220747,0.007165837544304098,0.9965893185729849,91.73279661208205,0.04651996801589379,0,0.10361461503183432,0
box_sphere_scene_change_medium_3,scene_change,887,2420,0.08242004378392327,0.07302681619515333,0.929510747978574,93.26239980365605,0.015267455464140146,0,0.03114207604714198,1
box_sphere_scene_change_medium_3,scene_change,888,2077,0.01182426273237417,0.0025526208124084884,0.9978464052412895,110.78612498923984,-0.26713722241853133,1,0.10100600805375973,0
box_sphere_scene_change_medium_3,scene_change,889,1370,0.04536954678323222,0.027487196952010916,0.9996965812947141,48.115510607186906,-0.16705390284518268,1,0.07942696048756888,1
box_sphere_scene_change_medium_3,scene_change,891,3088,0.034537020065131534,0.006130657315402728,0.9972283305073609,45.38712856947049,0.30986966175699,0,0.06769456201428006,1
box_sphere_scene_change_medium_3,scene_change,895,3145,0.022736116919870663,0.008904781942454342,0.998117368390628,96.2319799595634,-0.03922067315332197,1,0.08014376944511502,0
box_sphere_scene_change_medium_3,scene_change,898,1808,0.038480883893489824,0.033308128882708656,0.7934412301586626,77.65992507795106,-0.30813247399179516,1,0.11198861031165044,0
box_sphere_scene_change_medium_3,scene_change,899,3413,0.032055873493872594,0.0064623356451828425,0.9191502121912183,38.27986760684078,-0.19237177598086036,0,0.07519542310871732,1
box_sphere_scene_change_medium_3,scene_change,901,2222,0.031111558569362326,0.011106342281344913,0.9989977843474945,64.3593024897089,0.10738264314398677,0,0.12609925853932458,0
box_sphere_scene_change_medium_3,scene_change,908,214,0.028297844566486933,0.023300628778550093,0.9997273928927867,62.48110129739835,0.05608939165114389,0,0.07048414970455846,1
box_sphere_scene_change_medium_3,scene_change,910,576,0.027586834205459355,0.015204481305616312,0.8954979384600191,80.47193259588788,-0.9173587607633893,1,0.08090994875259175,0
box_sphere_scene_change_medium_3,scene_change,912,2304,0.024786798287432663,0.013651303833485357,0.9926763217114207,95.37327131067431,0.1777861908445003,1,0.07375372386929595,1
box_sphere_scene_change_medium_3,scene_change,913,2583,0.016028257045955147,0.010277569063827713,0.9422882910237799,62.086519022663026,0.22071121702252808,0,0.11899434789803752,0
box_sphere_scene_change_medium_3,scene_change,914,2885,0.032317445003246854,0.01376607260877736,0.9548692664916602,82.49307874913917,-0.16705389418719344,1,0.09906073724252135,0
box_sphere_scene_change_medium_3,scene_change,915,1634,0.03317363760220849,0.009923858888769357,0.998864036781623,145.29443815563494,-0.3068156835604513,1,0.06381253742619464,1
box_sphere_scene_change_medium_3,scene_change,916,431,0.03955048203490932,0.0337502104437408,0.9977104778067154,153.8568616983214,-0.012903392931156962,0,0.12337173751355235,0
box_sphere_scene_change_medium_3,scene_change,918,3291,0.016459795743424956,0.005000133632613879,0.9995224131433031,124.40530865909469,-0.020450586547873833,1,0.10418497584373457,0
box_sphere_scene_change_medium_3,scene_change,919,2574,0.04619831182876133,0.036736019981063364,0.9706547701294923,65.19872985413072,-0.26236396446783583,1,0.10044765830472865,0
box_sphere_scene_change_medium_3,scene_change,921,1669,0.04320282575731044,0.006729869345549217,0.0038456260914335764,202.26451256178876,0.23841081132397574,1,0.11420125936280671,0
box_sphere_scene_change_medium_3,scene_change,922,3136,0.027657292329397825,0.00527448254447441,0.985800810108773,45.47901908216299,-0.35810890952704055,1,0.07747535026256641,1
box_sphere_scene_change_medium_3,scene_change,925,1648,0.03260809580440624,0.008010027624967126,0.9398131192490888,54.085027193787724,0.0842602801257243,0,0.12975680165072376,0
box_sphere_scene_change_medium_3,scene_change,929,1724,0.016843195158611116,0.0026564099726334835,0.9689040594203473,52.32864477231983,-0.09009296056415132,1,0.09523599769162978,0
box_sphere_scene_change_medium_3,scene_change,931,114,0.015326635122434873,0.004740489007996269,0.7317245331658345,84.11250578245658,0.3765609784136656,1,0.11091480380057893,0
box_sphere_scene_change_medium_3,scene_change,932,2621,0.026567136952761097,0.011081291647768932,0.9897918964223241,62.00787083382227,-0.19984375049703365,1,0.10691328881982343,0
box_sphere_scene_change_medium_3,scene_change,939,1534,0.03309368632703479,0.01740936131492883,0.9995010233486431,54.555634044285256,-0.26713722241853133,1,0.06630834209021698,1
box_sphere_scene_change_medium_3,scene_change,940,651,0.032598808876405955,0.028754826293242965,0.9974381051824076,85.52253552268773,0.1048794939158926,1,0.07474227292319997,1
box_sphere_scene_change_medium_3,scene_change,941,3023,0.026333101644293123,0.015533259117729162,0.057805789565285495,175.60370014025852,0.29247801225931974,1,0.08397836321622221,0
box_sphere_scene_change_medium_3,scene_change,942,114,0.10017543556417964,0.06461785930969441,0.9431272063260417,70.92837467340843,0.07806828158248696,0,0.032058193724545596,1
box_sphere_scene_change_medium_3,scene_change,945,488,0.044675439932464873,0.03919645430276283,0.9397804360956259,79.18851278408692,-0.07174382304075282,1,0.08890015368129481,0
box_sphere_scene_change_medium_3,scene_change,949,2556,0.0257234469960417,0.006811588832644419,0.9992465404981606,86.73948228531833,0.13522662352710135,1,0.08381616358922354,0
box_sphere_scene_change_medium_3,scene_change,951,9,0.07549322951085082,0.06652489093713822,0.9869353517815715,43.90097542559543,0.04805725366349204,0,0.053422528038829506,1
box_sphere_scene_change_medium_3,scene_change,952,2072,0.0928758601063547,0.05869690396529405,0.138406910479444,69.63332051754524,0.49623962650876563,0,0.18818187784538754,0
box_sphere_scene_change_medium_3,scene_change,957,745,0.04655147925394051,0.02643646178981322,0.9728304644302989,173.6591333216865,-0.28965612247484307,0,0.11293481450295442,0
box_sphere_scene_change_medium_3,scene_change,958,2214,0.05097686194027002,0.003558504843310689,0.8667989114918855,46.0680972772078,0.2682638297320264,1,0.12526584556421344,0
box_sphere_scene_change_medium_3,scene_change,962,1878,0.025144174590881307,0.004610055502734315,0.9999145824224697,78.52879762652047,-0.22421219131399495,1,0.0722142547570004,1
box_sphere_scene_change_medium_3,scene_change,965,410,0.021530064966502057,0.017064404658935692,0.9990437411238577,61.00463589666041,0.2006704732401757,0,0.10133313561815618,0
box_sphere_scene_change_medium_3,scene_change,971,2363,0.038153177353048816,0.006085790396576238,0.9835810258945478,112.33726556520276,-0.40066848409080136,0,0.07280344344586552,1
box_sphere_scene_change_medium_3,scene_change,973,912,0.07227490759963204,0.06977303271615068,0.7745495147390637,44.08626838337014,0.1614498911978102,0,0.1037055641652745,0
box_sphere_scene_change_medium_3,scene_change,974,2494,0.01595472349227248,0.002029279643085969,0.9981827281393567,165.03609238611617,-0.26236396446783583,1,0.07706787394982814,1
box_sphere_scene_change_medium_3,scene_change,975,1321,0.014601442047243113,0.010228374749138732,0.998674035694849,103.61188974386667,0.12062786874111314,1,0.0986010798268558,0
box_sphere_scene_change_medium_3,scene_change,977,1987,0.0385057150182315,0.025527812282182448,0.9138785106927474,81.87753129783124,0.07135688050682114,1,0.07780234315668853,1
box_sphere_scene_change_medium_3,scene_change,978,1242,0.036381758311190275,0.025477460980475482,0.9941983734716255,119.47045470467316,0.18434360724315527,0,0.08117826561063493,0
box_sphere_scene_change_medium_3,scene_change,981,671,0.02768421969511079,0.002823548027394574,0.9993432561753585,115.51770827000362,-0.16705392466331975,0,0.06293209581605176,1
box_sphere_scene_change_medium_3,scene_change,983,812,0.028127302638898923,0.010864325904493724,0.9996871272227954,126.3593710298518,-0.07608222364179483,1,0.0792503516300961,1
box_sphere_scene_change_medium_3,scene_change,986,919,0.01893614207606821,0.008468122488613219,0.9752434660336833,45.69862688350495,-0.24709655515744408,1,0.08920585443457693,0
box_sphere_scene_change_medium_3,scene_change,988,1009,0.022944139775161618,0.01827121086164464,0.9998696365208493,96.05736045946082,-0.21834711062999546,1,0.08637423039943812,0
box_sphere_scene_change_medium_3,scene_change,989,346,0.019729141579698337,0.0006908187678853449,0.7767341508115745,212.40679171411944,-0.48550719078252097,1,0.0843571286399113,0
box_sphere_scene_change_medium_3,scene_change,992,1729,0.03918874793699494,0.03306279656798547,0.8500411088001679,84.81210339798605,0.21023997266892247,1,0.11568945320894959,0
box_sphere_scene_change_medium_3,scene_change,993,989,0.018063369754787912,0.012352208539952522,0.9994749608103632,105.97147024135484,-0.07174382304075282,1,0.08420327070825721,0
box_sphere_scene_change_medium_3,scene_change,998,39,0.08820502384789043,0.065049461135973,0.8966293248168717,104.50536476015115,-0.1262319668096982,0,0.015733918607332982,1
box_sphere_scene_change_medium_3,scene_change,999,761,0.044008843085848716,0.00391700013410284,0.9998604784691943,115.38677199384591,-0.06697054590577842,0,0.13769433011178003,0
box_sphere_scene_change_medium_3,scene_change,1002,1391,0.0199893122215014,0.01076169035108961,0.9950418117433604,155.0625485671115,-0.4433070380942427,1,0.07036595863103291,1
box_sphere_scene_change_medium_3,scene_change,1010,3034,0.029311801408222985,0.005289640380680295,0.9986720935570157,129.29067187788132,-0.06697054590577842,1,0.10198775221059513,0
box_sphere_scene_change_medium_3,scene_change,1015,1051,0.0375058676314292,0.0014952348180205877,0.7474159357704651,161.75663067170905,-0.43898722276662705,0,0.10692806369621656,0
box_sphere_scene_change_medium_3,scene_change,1017,719,0.03606943137328253,0.01299639840154139,0.9905613171480475,40.31537805783057,0.08426029282411976,0,0.08436416143429624,0
box_sphere_scene_change_medium_3,scene_change,1019,1080,0.06365662245047493,0.05736485535048104,0.5261804576534422,66.0703120341167,0.08426025896174034,0,0.11668392345656708,0
box_sphere_scene_change_medium_3,scene_change,1024,3303,0.03798945690369351,0.022554895015203,0.9784447722814493,102.02583188164297,-0.16705388466340604,0,0.08229632922402401,0
box_sphere_scene_change_medium_3,scene_change,1026,2807,0.09204240080973504,0.0890944323330762,0.9997940002750846,73.3725540651441,0.03774029094584644,1,0.04362840378546417,1
box_sphere_scene_change_medium_3,scene_change,1033,1802,0.04561229889005224,0.01567397886736938,0.47139723456245597,51.70331168293131,0.1321887468376763,0,0.14141293161038776,0
box_sphere_scene_change_medium_3,scene_change,1035,2504,0.10340840985913763,0.10170888977139556,0.999498500006632,107.57045981836602,-0.2782793482568618,1,0.009917163383783855,1
box_sphere_scene_change_medium_3,scene_change,1037,3276,0.024657738675371712,0.02433551800292423,0.9994808380093496,108.3399851240336,0.255802504814123,1,0.10245555288201152,0
box_sphere_scene_change_medium_3,scene_change,1040,787,0.023224128731756985,0.004454907482784201,0.9988541700010664,93.63498241083995,0.0,1,0.063012405431072,1
box_sphere_scene_change_medium_3,scene_change,1048,1753,0.05146079070936374,0.04499522765605348,0.09928921575694068,69.9741617050222,-0.23851284430321368,0,0.11578537212226826,0
box_sphere_scene_change_medium_3,scene_change,1050,3209,0.02077251107600992,0.008736529134980062,0.955896956717715,31.791239182057996,-0.11148415937713052,1,0.12104070213037346,0
box_sphere_scene_change_medium_3,scene_change,1051,3021,0.048992096744587384,0.03369618729440883,0.7000739335090764,110.08267079350534,-0.0929460300919351,0,0.11565437121318417,0
box_sphere_scene_change_medium_3,scene_change,1052,1673,0.05797004437211481,0.050280958202585276,0.9647879421773333,76.53152820858077,0.03774029094584644,0,0.09676938111736692,0
box_sphere_scene_change_medium_3,scene_change,1053,3209,0.02146826558108027,0.0049824549836689335,0.9870315692190608,47.339908516370585,-0.0848159307871329,0,0.086470809401462,0
box_sphere_scene_change_medium_3,scene_change,1055,3143,0.04300209586085977,0.03633680315437482,0.5430907035394748,94.00865388851157,-0.40066848409080136,1,0.10036104102118207,0
box_sphere_scene_change_medium_3,scene_change,1058,2,0.0211133225042473,0.003174309932503748,0.8711251504712777,132.82811338106058,0.04651996801589379,1,0.0994035689143541,0
box_sphere_scene_change_medium_3,scene_change,1060,1767,0.019749150123442923,0.008591202939054837,0.9887793545096297,38.552723826913244,-0.16705389418719344,1,0.08639201391823087,0
box_sphere_scene_change_medium_3,scene_change,1062,657,0.0138075377081886,0.008054556238274647,0.999080259117944,75.88678110570922,-0.06169349122766025,1,0.09878597312585678,0
box_sphere_scene_change_medium_3,scene_change,1065,1369,0.10348542713650882,0.10085799242654077,0.9923303235409358,264.3245498259898,0.4260092739315897,0,0.028412287295728145,1
box_sphere_scene_change_medium_3,scene_change,1069,3118,0.03123485338435182,0.005054528075185375,0.9992822618845667,82.94641223745093,0.04651996801589379,1,0.09473248694809852,0
box_sphere_scene_change_medium_3,scene_change,1070,937,0.03785222545172172,0.020762198064434974,0.9436775824519714,91.32060722953705,-0.1670539418061458,0,0.08763970645339256,0
box_sphere_scene_change_medium_3,scene_change,1071,1998,0.09779668177886812,0.08397131761102551,0.9843941899342656,38.26528967108281,-0.06169349122766025,0,0.017044332450645003,1
box_sphere_scene_change_medium_3,scene_change,1075,2688,0.042423949607945585,0.008135825963921484,0.9999183584384725,73.24227954288507,0.0741079007252193,0,0.10800326157472004,0
box_sphere_scene_change_medium_3,scene_change,1077,819,0.10161215054678285,0.0994422487324979,0.9984600861238797,136.53250949966244,0.0693345951555894,1,0.028641807679901515,1
box_sphere_scene_change_medium_3,scene_change,1078,3203,0.008436089546232131,0.00013021124741081826,0.9994681376530316,123.39257953413815,0.02400112463962012,1,0.0809735258645243,0
box_sphere_scene_change_medium_3,scene_change,1085,2224,0.03459209706639454,0.029146652923801114,0.9999679239311164,115.93294412281537,0.2006704732401757,1,0.08008233606335727,0
box_sphere_scene_change_medium_3,scene_change,1086,2421,0.08707058050142212,0.08596371930612418,0.9998155374525486,30.72379965040643,0.10120982048361489,0,0.02212794061220516,1
box_sphere_scene_change_medium_3,scene_change,1098,2073,0.020674931898596666,0.013377172320139078,0.9527956850589593,40.57521000483161,0.033616570394992974,1,0.10586210370301906,0
box_sphere_scene_change_medium_3,scene_change,1103,4,0.050402214985193435,0.0434454607701509,0.9942543540510711,46.759718657490325,-0.2848368518012858,1,0.09771591591902667,0
box_sphere_scene_change_medium_3,scene_change,1104,339,0.0457916424218037,0.002043486544394626,0.9998782950470377,76.98546118857828,-0.11826378239865744,0,0.07632532984409415,1
box_sphere_scene_change_medium_3,scene_change,1105,2932,0.02294431298816806,0.010013426312752774,0.9977818752081937,64.7293451777712,-0.020450586547873833,1,0.06939056441071151,1
box_sphere_scene_change_medium_3,scene_change,1106,2600,0.08591070497620062,0.08547672828517856,0.999029027848329,61.29697123340054,0.10738264314398677,1,0.0248037984351495,1
box_sphere_scene_change_medium_3,scene_change,1107,2473,0.08601757018014082,0.07466718673997615,0.9835031601556103,32.165904298632775,-0.0929460300919351,0,0.006086989937956719,1
box_sphere_scene_change_medium_3,scene_change,1109,840,0.09156406080077101,0.09140855193051765,0.9996545359613633,61.00902658092108,-0.16705392466331975,1,0.010363257196594871,1
box_sphere_scene_change_medium_3,scene_change,1111,3384,0.058186600813655176,0.04354580713213809,0.8360254110960731,57.75258234518284,-0.25802558129570274,0,0.08401788681172083,0
box_sphere_scene_change_medium_3,scene_change,1112,2456,0.09455273771595324,0.06124224275804529,0.9995189986731063,31.218999034048185,0.015267455464140146,0,0.02983762099412365,1
box_sphere_scene_change_medium_3,scene_change,1114,2553,0.07501769447569615,0.07151482168868516,0.9667572261857031,120.2534431048006,-0.08367239224593737,0,0.10635943098459408,0
box_sphere_scene_change_medium_3,scene_change,1115,3180,0.039238306039972755,0.021701214546489406,0.9836473640103157,52.7102257459409,-0.12053393482928876,0,0.06773973509568601,1
box_sphere_scene_change_medium_3,scene_change,1117,785,0.03833963610996352,0.026615580374702946,0.9892805501861126,48.8861485691108,-0.167053917996666,1,0.08461601242596892,0
box_sphere_scene_change_medium_3,scene_change,1118,2171,0.027362619260038412,0.019766970181704997,0.9632871129243984,41.35039698168738,-0.22767854103854523,1,0.12069640874634241,0
box_sphere_scene_change_medium_3,scene_change,1119,1375,0.011232990558692351,0.006346772637876948,0.9799747071713428,48.61278078516559,-0.43275685329509245,1,0.11361653869755213,0
box_sphere_scene_change_medium_3,scene_change,1120,2695,0.04136455981143483,0.009608312577037884,0.9998419143350569,138.06167893252606,0.30294916124972493,0,0.09821917529346752,0
box_sphere_scene_change_medium_3,scene_change,1121,2961,0.02912191823728983,0.002257164869898085,0.7393774778895446,113.27861000714178,-0.20214523452384078,1,0.10458489034636992,0
box_sphere_scene_change_medium_3,scene_change,1124,2832,0.01749050350242298,0.017108982938332153,0.9717109868995271,60.78874676539253,-0.09009296056415132,1,0.08660419470753694,0
box_sphere_scene_change_medium_3,scene_change,1125,567,0.05125506742092454,0.03237518659781803,0.4944126942017177,61.05305573079054,0.5420931402643803,0,0.08075431533769693,0
box_sphere_scene_change_medium_3,scene_change,1127,2180,0.10895489450598753,0.10733359631131197,0.8193789089752893,211.66010299383368,0.639421365489776,0,0.012102919323445547,1
box_sphere_scene_change_medium_3,scene_change,1128,2198,0.055895365236570266,0.05019939782167685,0.7650402530987951,62.63838805851671,0.17922202758040603,0,0.14926537915614013,0
box_sphere_scene_change_medium_3,scene_change,1129,2241,0.03190414522771573,0.011579012971132238,0.9996051433324804,72.58206484398266,0.2384107901118941,0,0.11939278196925762,0
box_sphere_scene_change_medium_3,scene_change,1131,2950,0.035402954454923724,0.006224577728407447,0.9999093820254429,125.64637108813717,0.06656069195701915,0,0.11514985596383982,0
box_sphere_scene_change_medium_3,scene_change,1135,1981,0.03137133134886524,0.003904668508214611,0.7869420506421967,56.793163167580275,0.49219097410682894,1,0.06916221775884024,1
box_sphere_scene_change_medium_3,scene_change,1136,574,0.1016651063602101,0.09882309036448508,0.999540584297248,76.91225946733596,-0.211505621937798,1,0.0378649756753833,1
box_sphere_scene_change_medium_3,scene_change,1144,3243,0.02091608398499651,0.019259248094229353,0.7203883515000692,66.26993522505445,-0.9902534856131299,1,0.12332925603942692,0
box_sphere_scene_change_medium_3,scene_change,1145,59,0.020720086376239257,0.012320661149747865,0.9524123148724296,71.26832958000374,0.27477837396539495,1,0.10947571967607451,0
box_sphere_scene_change_medium_3,scene_change,1147,551,0.034161721578779954,0.0071567014285245254,0.9991892950039717,77.57880320867991,0.02965618163260386,0,0.07068069947355304,1
box_sphere_scene_change_medium_3,scene_change,1158,1783,0.037042149452585764,0.036529004324612105,0.9404883935232917,98.95803901142106,-0.20961348531406487,0,0.10034519745851209,0
box_sphere_scene_change_medium_3,scene_change,1165,1247,0.019070470719602047,0.0005941451731853692,0.9953865688153987,47.05802246023559,0.18962067832335827,1,0.09948864237249132,0
box_sphere_scene_change_medium_3,scene_change,1166,406,0.01968888442037444,0.014902520780045352,0.1546903841787518,262.4918118151077,0.7690386843115651,1,0.08633951288658587,0
box_sphere_scene_change_medium_3,scene_change,1172,1884,0.0497337031288691,0.002947209214873478,0.9610419480345024,71.70857504836185,-0.027292111853258822,0,0.12281984032095171,0
box_sphere_scene_change_medium_3,scene_change,1174,2200,0.019064499604985494,0.008130216643129374,0.9661561772083282,70.61981214292796,0.468934224540945,1,0.1188820079503224,0
box_sphere_scene_change_medium_3,scene_change,1175,1922,0.03603911948235694,0.009037957406764592,0.9980561384226303,166.7200363934706,-0.22421219131399495,1,0.12650927093193604,0
box_sphere_scene_change_medium_3,scene_change,1176,3142,0.030163163963799308,0.015709797512258393,0.9988415347162785,87.74595536263651,-0.334107833662337,1,0.11260891115491652,0
box_sphere_scene_change_medium_3,scene_change,1178,493,0.021709326394627727,0.013318704679197584,0.7505308222420033,55.17620386989622,0.3319367159100093,1,0.10695606808298637,0
box_sphere_scene_change_medium_3,scene_change,1182,2406,0.0368770086528359,0.018343338543928916,0.9997818708897874,98.0662541095409,-0.012903392931156962,0,0.11900626099132532,0
box_sphere_scene_change_medium_3,scene_change,1184,2185,0.09424619212728709,0.0939325958706391,0.9428899475716672,149.16610731333765,0.613104014553429,0,0.023680644597455846,1
box_sphere_scene_change_medium_3,scene_change,1186,1131,0.030115664888215744,0.005099256515240128,0.9998782352190246,64.75731895028599,-0.25043544316768634,0,0.06386786743183209,1
box_sphere_scene_change_medium_3,scene_change,1188,2461,0.08639610460221896,0.08242726669663976,0.9994222105245466,90.81331546944811,0.34377118354764,1,0.013670219625009881,1
box_sphere_scene_change_medium_3,scene_change,1191,350,0.04670930775211749,0.024987045055520466,0.9996304831152438,69.01574853095474,-0.05582837524963516,1,0.13947023901297778,0
box_sphere_scene_change_medium_3,scene_change,1193,2232,0.030694913462994335,0.024865019134853377,0.9975822473405348,122.67201690976778,0.420732076535861,1,0.07554250731415506,1
box_sphere_scene_change_medium_3,scene_change,1194,987,0.023981174959282307,0.002927302258067815,0.9873268324358215,42.91130318954425,-0.04445171909261546,1,0.07868508124577478,1
box_sphere_scene_change_medium_3,scene_change,1196,2894,0.018040603927924868,0.007702704055268622,0.9988711081300449,48.728060612397414,0.015267455464140146,1,0.09488446197636721,0
box_sphere_scene_change_medium_3,scene_change,1198,3014,0.042876551563603954,0.03177714198160127,0.9476008748605915,62.36476101290879,0.042666415688294365,0,0.13289779504738225,0
box_sphere_scene_change_medium_3,scene_change,1199,1546,0.037615020181606985,0.036427401817847,0.23045669415789138,93.32982841718491,-0.7266692011706647,1,0.0897470639039681,0
box_sphere_scene_change_medium_3,scene_change,1201,907,0.02608544986085858,0.005399315428288747,0.9977163125728836,77.60326588065102,0.015267455464140146,1,0.12848585441543037,0
box_sphere_scene_change_medium_3,scene_change,1202,2808,0.18000821307843343,0.17915558453011377,0.16403944609405544,157.26162285976667,0.34377123434119244,0,0.28182877042977744,0
box_sphere_scene_change_medium_3,scene_change,1203,1000,0.024563812837093225,0.002633252776957638,0.9939468284852866,39.555862159641784,-0.167053917996666,0,0.0838966887992913,0
box_sphere_scene_change_medium_3,scene_change,1206,3347,0.09213787014153071,0.09156215999360602,0.9991947675741458,117.03565902150872,-0.027292111853258822,0,0.014106840574736589,1
box_sphere_scene_change_medium_3,scene_change,1209,810,0.013909337170075482,0.007321379191056498,0.953919150746488,101.69665908523963,-0.21834711062999546,1,0.10631815080500029,0
box_sphere_scene_change_medium_3,scene_change,1210,1790,0.08675425375401985,0.08241008124370418,0.9966609352732732,43.5739721305768,-0.03352266525295062,0,0.019284347635397308,1
box_sphere_scene_change_medium_3,scene_change,1211,1483,0.05903647008017854,0.05384580245079799,0.20474789975097174,52.776995883571615,0.4427111721753468,0,0.16186378813349378,0
box_sphere_scene_change_medium_3,scene_change,1212,1394,0.045672605400015116,0.01765718755602015,0.9998840227691964,81.21879956700467,0.13305037075027626,0,0.12028434621170683,0
box_sphere_scene_change_medium_3,scene_change,1216,1859,0.09340437736588511,0.0902878472046294,0.9994154461247251,114.48668606280492,0.1777861908445003,0,0.009781418679507253,1
box_sphere_scene_change_medium_3,scene_change,1217,1819,0.0364023754719607,0.03559048637768646,0.999759077335551,74.23498906904231,0.09864899121484887,0,0.09540036325129322,0
box_sphere_scene_change_medium_3,scene_change,1218,1663,0.09326441252218498,0.08997687316654956,0.9608162200299323,134.4783871292994,0.6596239825693228,0,0.040467966085760095,1
box_sphere_scene_change_medium_3,scene_change,1219,2625,0.03347230853761629,0.015062512921634002,0.5238727963949843,101.44492468800071,-0.08004262434028976,1,0.12279323731533254,0
box_sphere_scene_change_medium_3,scene_change,1220,1459,0.05248625737203614,0.03463490908307441,0.8935952964734126,23.93358078829593,0.2384107901118941,0,0.05697556469851337,1
box_sphere_scene_change_medium_3,scene_change,1223,1206,0.0859126075554777,0.07996590218913503,0.9995141130972768,48.5584573849462,-0.0027510312073894413,0,0.04499537715932342,1
box_sphere_scene_change_medium_3,scene_change,1224,2815,0.024231461697359093,0.007400469206042296,0.9928324822338633,72.06655668678795,-0.3068156835604513,1,0.09960548952115512,0
box_sphere_scene_change_medium_3,scene_change,1226,3159,0.035540539374932546,0.03475197660305818,0.9997339090214318,62.75094574148009,-0.027292111853258822,0,0.10424501763589657,0
box_sphere_scene_change_medium_3,scene_change,1227,1514,0.015060008967512787,0.014990762592773545,0.9990516782705091,152.16187898530868,0.007299294862571895,1,0.09132852459987675,0
box_sphere_scene_change_medium_3,scene_change,1236,2331,0.04411972265766006,0.04314032441252957,0.8877261641585712,129.15477820438346,0.28493077933986954,0,0.09066669169396913,0
box_sphere_scene_change_medium_3,scene_change,1237,607,0.02730637794432487,0.01620049693106304,0.9598997967238163,193.88652064006766,-0.3806277930202417,0,0.06924929735608619,1
box_sphere_scene_change_medium_3,scene_change,1238,3351,0.09719070146573845,0.0956853596564486,0.9996324294882794,81.77028256202978,-0.12449434343290522,1,0.01513639942971697,1
box_sphere_scene_change_medium_3,scene_change,1240,3161,0.017893564974540106,0.0014387252583443677,0.9094412532756277,95.050656884045,-0.1262319668096982,1,0.0791468089405628,1
box_sphere_scene_change_medium_3,scene_change,1242,1361,0.0705689925474994,0.06130761045380526,0.5936037495029531,73.5307535936177,0.23841084395795448,0,0.11439119092427247,0
box_sphere_scene_change_medium_3,scene_change,1245,3020,0.0837552982601049,0.0834505291849124,0.9949308944758898,43.88719719907024,0.08426025896174034,1,0.022146075173981775,1
box_sphere_scene_change_medium_3,scene_change,1246,1475,0.037835494364298304,0.011046206980683648,0.9924892679440706,52.997116527643904,0.23841086788954474,0,0.07754327336039227,1
box_sphere_scene_change_medium_3,scene_change,1247,3032,0.29844242580870933,0.22065209507696618,0.5874130670716156,61.619281862863566,0.04805725366349204,0,0.40419804263779957,0
box_sphere_scene_change_medium_3,scene_change,1249,625,0.021002448376099138,0.02034566317298564,0.9669257960146045,73.88729718140804,-0.334107833662337,1,0.09559935539551591,0
box_sphere_scene_change_medium_3,scene_change,1250,436,0.03996191972552914,0.02112287370415504,0.962170852791491,56.957117120437054,-0.167053917996666,0,0.07875696937571598,1
box_sphere_scene_change_medium_3,scene_change,1254,73,0.036105489990652516,0.020371640338798618,0.9998789508740353,74.4357340674063,0.03774029094584644,1,0.06746877000752464,1
box_sphere_scene_change_medium_3,scene_change,1257,2580,0.07301493763440121,0.0723831725224805,0.9685485583973005,156.71286152984555,-0.006711428146769066,0,0.07405895676144338,1
box_sphere_scene_change_medium_3,scene_change,1261,831,0.1045768816991472,0.10007476943823052,0.9999663346784265,65.34031018777408,0.004796165684554632,0,0.02564537954750053,1
box_sphere_scene_change_medium_3,scene_change,1279,1494,0.0380149670586734,0.006945405056881721,0.9607954540305641,108.23029583115954,0.22241047318938376,0,0.08320367142376964,0
box_sphere_scene_change_medium_3,scene_change,1280,1748,0.07122883433145792,0.06936140714213498,0.9243803016048492,93.15359389009289,0.1431007103074644,0,0.11110070884735387,0
box_sphere_scene_change_medium_3,scene_change,1282,128,0.0983366359753613,0.09802701560911979,0.9997590269230824,48.718660996111964,0.10738264314398677,0,0.015805538272005364,1
box_sphere_scene_change_medium_3,scene_change,1284,89,0.051386617312272384,0.043738426754498794,0.8471228127136261,102.69612395579799,-1.1225637758474707,1,0.09847745482674232,0
box_sphere_scene_change_medium_3,scene_change,1285,3376,0.030934185806604734,0.02829758685967206,0.999836113343285,75.31252361659284,-0.08367239224593737,1,0.11161646181842784,0
box_sphere_scene_change_medium_3,scene_change,1287,1141,0.06483360999852104,0.06247933253145061,0.9819678184733991,52.33208644894735,-0.3746928244424654,0,0.0651763031857664,1
box_sphere_scene_change_medium_3,scene_change,1294,2035,0.02022685741672247,0.004516961075096921,0.9850743003829866,30.850260955880767,-0.10821350844981016,1,0.10055971097225415,0
box_sphere_scene_change_medium_3,scene_change,1297,1220,0.029945319938484944,0.012913761687202895,0.9989099858640393,158.97328424309046,-0.06169349122766025,1,0.1273764204681503,0
box_sphere_scene_change_medium_3,scene_change,1301,1881,0.23774207823604224,0.22197609919731662,0.617288205464853,79.46297067178068,0.08887921151711367,0,0.3417525420635509,0
box_sphere_scene_change_medium_3,scene_change,1302,2513,0.0878016411523471,0.08179058442700608,0.9980660309054677,61.89092660945577,-0.06697054590577842,1,0.020194480413283065,1
box_sphere_scene_change_medium_3,scene_change,1303,1256,0.013353572588824102,0.0004409642260364832,0.8930400010722208,74.1816046638077,0.5260926868061955,1,0.10410222478096991,0
box_sphere_scene_change_medium_3,scene_change,1309,1488,0.022791019374458828,0.0181021004716055,0.952808829246168,100.81841843175467,-0.129313639871308,0,0.08811206706959349,0
box_sphere_scene_change_medium_3,scene_change,1311,3147,0.016037998710422417,0.0018455535346269996,0.95637764762377,102.57846766458627,-0.012903388962911535,1,0.07760179543696202,1
box_sphere_scene_change_medium_3,scene_change,1312,1166,0.0501646973766125,0.05004505609003095,0.4488469107395816,289.71722711251624,0.7884567603647501,0,0.05032928512315528,1
box_sphere_scene_change_medium_3,scene_change,1313,464,0.09463085722764904,0.08866879305790211,0.9986027140061327,75.46317021289637,0.02965618163260386,1,0.01872297393981393,1
box_sphere_scene_change_medium_3,scene_change,1316,2886,0.09623852968755416,0.09596345757841401,0.9985464547924452,70.50953128278013,-0.2135738622030872,1,0.02001819991008473,1
box_sphere_scene_change_medium_3,scene_change,1317,429,0.028613607011808193,0.008157495060781636,0.978525712397301,54.6635701938162,-0.16705388466340604,1,0.09287394237657609,0
box_sphere_scene_change_medium_3,scene_change,1318,1423,0.022964793013024534,0.015514473837002225,0.8199682928622093,223.89145412931632,-0.7170995344040952,1,0.09051863795813062,0
box_sphere_scene_change_medium_3,scene_change,1327,596,0.11100626170670552,0.10229514263886413,0.07566688493600109,90.93316925764566,0.3635738311051992,0,0.21270947744936708,0
box_sphere_scene_change_medium_3,scene_change,1328,2414,0.03670423484593623,0.0134045663701862,0.9995352808755942,161.2083423207462,-0.04445171909261546,0,0.06130397524414687,1
box_sphere_scene_change_medium_3,scene_change,1332,252,0.1114639798740606,0.11112197684183042,0.7583208298655876,80.52322303018472,0.29725126632529875,0,0.20272386086568253,0
box_sphere_scene_change_medium_3,scene_change,1335,3299,0.022080626347242425,0.004613996760891087,0.9982187705546762,100.1960003645405,-0.020450586547873833,1,0.08073291052471394,0
box_sphere_scene_change_medium_3,scene_change,1341,2462,0.04088612226075679,0.03779940405811252,0.9992247990340382,105.14029407282432,-0.04927100271052982,0,0.07761787492165549,1
box_sphere_scene_change_medium_3,scene_change,1346,2212,0.09357068614589296,0.09097789510608399,0.9975379544262365,69.95818451141294,-0.03352265632439591,1,0.013928436141547526,1
box_sphere_scene_change_medium_3,scene_change,1349,2999,0.022470554046213308,0.008727019268711476,0.9949639322494356,73.69574432984344,0.1466033162973087,1,0.07327544311065079,1
box_sphere_scene_change_medium_3,scene_change,1350,2701,0.02248906774603663,0.017969402956176963,0.9614816189706614,46.92244986261421,-0.14038574796513056,1,0.1130648631583699,0
box_sphere_scene_change_medium_3,scene_change,1353,2845,0.0287317958033736,0.027962080957583884,0.9653874907536287,88.36216392495646,-0.11826378239865744,1,0.11654504321258122,0
box_sphere_scene_change_medium_3,scene_change,1356,3265,0.02333944940224087,0.02256555640670114,0.9979605234246328,151.03273951056218,-0.12053393482928876,1,0.09035819235179844,0
box_sphere_scene_change_medium_3,scene_change,1357,3024,0.04248543456365306,0.032351365510096965,0.9152128813799201,34.91417554070115,0.07410792453470484,1,0.11663093107370716,0
box_sphere_scene_change_medium_3,scene_change,1361,462,0.01878559121561026,0.006054558120726944,0.9996834281531598,66.39614975394362,0.1777861908445003,1,0.11446407636999964,0
box_sphere_scene_change_medium_3,scene_change,1362,2925,0.029758630510136413,0.018218160007065137,0.9993455326235283,74.52367670122375,-0.07174382304075282,1,0.12119332799587464,0
box_sphere_scene_change_medium_3,scene_change,1363,3248,0.03870748667244961,0.01632901280774388,0.9537184885203077,147.38134660243762,0.09531007980442975,0,0.11548823947085382,0
box_sphere_scene_change_medium_3,scene_change,1366,2192,0.030246566417844435,0.019100796130110242,0.998689890674989,88.12098833733623,-0.43898722276662705,1,0.08726860181716427,0
box_sphere_scene_change_medium_3,scene_change,1369,3309,0.0947755637907973,0.093285670489754,0.9998898717377082,83.22943275696943,-0.12260219165768865,1,0.03277747736001609,1
box_sphere_scene_change_medium_3,scene_change,1370,406,0.10243099242499072,0.10197812165611697,0.8026549654006128,280.51124364666936,0.880264265758245,0,0.011593469805399262,1
box_sphere_scene_change_medium_3,scene_change,1374,2603,0.08578530131716072,0.08271298019254089,0.9961633552093704,50.180865280240276,-0.16705393651514971,1,0.015567500697726042,1
box_sphere_scene_change_medium_3,scene_change,1375,3308,0.006805070186691895,0.004341844322790975,0.9409326737859056,114.55543925635273,0.20450926832124405,1,0.0818202401772741,0
box_sphere_scene_change_medium_3,scene_change,1380,1757,0.040285173017070755,0.005787687170741518,0.9992932919844362,111.44509349726401,0.1777861908445003,0,0.07756946646376213,1
box_sphere_scene_change_medium_3,scene_change,1381,1164,0.09877140895116499,0.09745508913440269,0.9977578438454491,116.57004894217503,-0.572518383248697,0,0.0070856876583011525,1
box_sphere_scene_change_medium_3,scene_change,1382,475,0.02741298741586979,0.013165150577290965,0.9575235532509128,81.07374268620069,-0.12053393482928876,1,0.09118213320251962,0
box_sphere_scene_change_medium_3,scene_change,1385,1315,0.15252442685549064,0.10404596144723426,0.006311196268871257,106.93076778843435,0.13019733550814427,0,0.25708858337271123,0
box_sphere_scene_change_medium_3,scene_change,1387,2606,0.02224442503204235,0.01775054036628798,0.9978622218262007,96.41476081847591,0.20450926832124405,1,0.0894210333251916,0
box_sphere_scene_change_medium_3,scene_change,1390,465,0.02643147239759854,0.024951824830706196,0.9923349696989266,57.327629068678036,0.13143878608087448,1,0.11797741630156912,0
box_sphere_scene_change_medium_3,scene_change,1397,1885,0.0405621964634804,0.038241760619738115,0.9993586785394823,50.794085986560056,0.15836819183993503,1,0.081352805865853,0
box_sphere_scene_change_medium_3,scene_change,1399,2453,0.058830070451475876,0.054499660194060245,0.9707055239685098,45.00455274372475,0.22685004707450032,1,0.07946981659449168,1
box_sphere_scene_change_medium_3,scene_change,1401,1825,0.09791552475783599,0.09333523274209378,0.9996041445878777,74.79410923744086,-0.012903388962911535,1,0.022012517873538008,1
box_sphere_scene_change_medium_3,scene_change,1402,1948,0.04258691484294552,0.0241225541131973,0.9999798769747269,76.8930390118855,-0.20961348531406487,0,0.07681115037611294,1
box_sphere_scene_change_medium_3,scene_change,1404,2918,0.01887750043553129,0.004967883147830759,0.9760456202884806,50.64873442023151,0.10738264314398677,1,0.07819633964837373,1
box_sphere_scene_change_medium_3,scene_change,1405,2706,0.08949355155950157,0.08071115244578722,0.5306857847545678,35.070749737204686,-0.0027510312073894413,0,0.13048648975307875,0
box_sphere_scene_change_medium_3,scene_change,1407,114,0.08759907436391456,0.06446218358426403,0.9692323781616389,57.29333141465299,0.2006704732401757,0,0.0181671463187596,1
box_sphere_scene_change_medium_3,scene_change,1409,1141,0.05568812076182529,0.024305226479763305,0.9507417784887386,91.83438248607138,-0.23159224746796106,0,0.12213541791870353,0
box_sphere_scene_change_medium_3,scene_change,1413,891,0.03911868341425144,0.03295462354162704,0.968502499534556,174.4788821492489,-0.4693343836467861,0,0.12238612057694738,0
box_sphere_scene_change_medium_3,scene_change,1415,3117,0.07081361964674437,0.0613705040672778,0.87791717731538,52.728590075708574,-0.312235876602412,0,0.11189369492682752,0
box_sphere_scene_change_medium_3,scene_change,1417,2288,0.029816592267631285,0.022687266537968494,0.9718298717950915,63.44774114930029,-0.03352265632439591,1,0.08692850208797413,0
box_sphere_scene_change_medium_3,scene_change,1418,422,0.028563166972837006,0.02156112532757377,0.9998206988400176,88.12269456012622,0.18434360724315527,0,0.10300099341025674,0
box_sphere_scene_change_medium_3,scene_change,1419,2072,0.22542414183350098,0.19695063000642052,0.4719236406419541,64.82889290341514,0.43371932035827987,0,0.3272250377392791,0
box_sphere_scene_change_medium_3,scene_change,1424,2617,0.02183473828458704,0.012606954226022723,0.9004989267456733,78.5217989630989,0.015267458797466623,1,0.12219143176264373,0
box_sphere_scene_change_medium_3,scene_change,1425,1787,0.018043532440509234,0.006688153956752286,0.9900091960511397,123.71284144783276,-0.4693343836467861,0,0.07855738799944585,1
box_sphere_scene_change_medium_3,scene_change,1427,1577,0.019121143072296346,0.007305010780212032,0.9999262006631892,159.28176179665235,-0.26236396446783583,1,0.11820360147886631,0
box_sphere_scene_change_medium_3,scene_change,1432,1077,0.022725900973747548,0.005486629060535102,0.9977535874724042,138.3124482063569,-0.006711428146769066,1,0.09279427295119023,0
box_sphere_scene_change_medium_3,scene_change,1434,2596,0.28765751564043474,0.2826220424510342,0.9824776501656313,75.46292187121658,-0.1331524249415957,0,0.39094406058819775,0
box_sphere_scene_change_medium_3,scene_change,1437,1781,0.2454223049830816,0.24498735724792037,0.6436609583718098,313.03753368139814,0.3765609784136656,0,0.342023108390412,0
box_sphere_scene_change_medium_3,scene_change,1440,2458,0.025118197333460685,0.007020334427831827,0.3931295693720367,33.83906723553318,0.2942912884362845,1,0.12225231625986774,0
box_sphere_scene_change_medium_3,scene_change,1441,2142,0.09559218127741216,0.0943474062728399,0.9921484670921762,53.99299651503437,-0.0929460300919351,0,0.01245926518904367,1
box_sphere_scene_change_medium_3,scene_change,1445,1732,0.024731983530207235,0.014357275212669492,0.9131139850036968,101.39640094047462,-0.053725350784778504,1,0.10840195768364137,0
box_sphere_scene_change_medium_3,scene_change,1449,2963,0.0303965356517109,0.017260030611632383,0.9981876702033238,109.38782062668174,-0.2078758758502875,1,0.10360105340702212,0
box_sphere_scene_change_medium_3,scene_change,1450,6,0.0372469519873519,0.020854502895117318,0.9842760505640331,152.5625722926554,-0.45473562933779216,1,0.13308394281606922,0
box_sphere_scene_change_medium_3,scene_change,1452,176,0.01686223861586465,0.008854221873356664,0.9724119723489033,66.76966160100737,-0.3068156835604513,1,0.09095455586538086,0
box_sphere_scene_change_medium_3,scene_change,1454,2037,0.032564480161756934,0.027760460336862993,0.9673973365983835,41.77318137644566,-0.1262319668096982,1,0.09072332017041927,0
box_sphere_scene_change_medium_3,scene_change,1455,2332,0.013414899343875865,0.008805592556546693,0.9997518503341875,75.13646883206776,0.15571915653270804,1,0.09565896247665413,0
box_sphere_scene_change_medium_3,scene_change,1456,1794,0.09995805056927477,0.09992097063054738,0.9994809501173649,76.21660009420836,-0.12449434343290522,0,0.018813790463088457,1
box_sphere_scene_change_medium_3,scene_change,1458,2334,0.09427065125933304,0.07476735358529597,0.9502922180755221,33.6226308631207,0.04805725366349204,0,0.013005378297453404,1
box_sphere_scene_change_medium_3,scene_change,1460,1438,0.0543813089934395,0.053851989212956815,0.27351808880447026,65.9663693053105,0.6622248262822737,0,0.06137363344751137,1
box_sphere_scene_change_medium_3,scene_change,1462,898,0.29419133052786905,0.2915935609441365,0.943593540843698,245.442720285459,0.09531007980442975,0,0.39147766196489553,0
box_sphere_scene_change_medium_3,scene_change,1463,1918,0.043115209811894824,0.020381733056418373,0.9994717800738726,106.72068515341152,0.056089406651107905,1,0.09745673391182413,0
box_sphere_scene_change_medium_3,scene_change,1464,2225,0.02753634041616967,0.016307797011485103,0.9992137065964161,80.57861178332816,0.13305037075027626,0,0.07819550411244576,1
box_sphere_scene_change_medium_3,scene_change,1465,2242,0.03006450347822331,0.0050002570043207045,0.9987191299101328,96.05043027942921,-0.06697054590577842,0,0.0587384852810692,1
box_sphere_scene_change_medium_3,scene_change,1470,340,0.09378466255251197,0.09137848273273963,0.9998766966832422,66.15453312789336,0.08426025896174034,1,0.0034172097034569325,1
box_sphere_scene_change_medium_3,scene_change,1472,535,0.16659581013491767,0.16399094112064092,0.35621191272872577,84.10693083087462,0.06474746942419869,0,0.2617151785025162,0
box_sphere_scene_change_medium_3,scene_change,1473,1645,0.04516015806693945,0.023494806152543856,0.999527908474182,91.84505356957544,-0.027292111853258822,0,0.07443510783780154,1
box_sphere_scene_change_medium_3,scene_change,1475,3338,0.02067255834446297,0.012413761585880749,0.9997435160408747,63.465172924180834,0.13522662352710135,1,0.07185345540555203,1
box_sphere_scene_change_medium_3,scene_change,1477,607,0.015241876847875325,0.015097140434475862,0.9598997967238161,196.43462084613742,-0.3806277930202417,1,0.08192841670450857,0
box_sphere_scene_change_medium_3,scene_change,1481,749,0.04361577177253987,0.009887059217162817,0.9999924815891031,112.7450234618497,-0.1670538346635411,1,0.05911379452003452,1
box_sphere_scene_change_medium_3,scene_change,1483,912,0.044467850757677625,0.023088427287249073,0.990513039233305,59.39981876052581,-0.08701132143410971,1,0.07623362473254051,1
box_sphere_scene_change_medium_3,scene_change,1485,417,0.019854992573239465,0.006133961845801107,0.9995588262731417,84.03162490973972,-0.16705389418719344,1,0.09002895642057383,0
box_sphere_scene_change_medium_3,scene_change,1486,427,0.016715987223804633,0.012612514300060523,0.9875951769759979,123.4213490115922,-0.018634062993183553,1,0.08519529058209618,0
box_sphere_scene_change_medium_3,scene_change,1489,233,0.08282295627368848,0.08191279432892619,0.9983953053513565,104.89697085388471,-0.12260219165768865,1,0.025711612007012104,1
box_sphere_scene_change_medium_3,scene_change,1491,1595,0.12808384829567465,0.12689770936874595,0.9969026300633507,128.677536978997,0.02400112463962012,0,0.043614833229892055,1
box_sphere_scene_change_medium_3,scene_change,1493,2133,0.07794376541663445,0.07444411386764253,0.9989976604813952,70.23508741821571,0.06656069195701915,1,0.013369801398809476,1
box_sphere_scene_change_medium_3,scene_change,1494,94,0.2731813580086998,0.26439389805338703,0.7607382925345157,117.25153906057002,-0.10251548435898945,0,0.37719368559885963,0
box_sphere_scene_change_medium_3,scene_change,1498,3360,0.052016982862200654,0.02429302152906447,0.9718918749465435,167.92414680294652,-0.2062746039704764,0,0.12801736655100823,0
box_sphere_scene_change_medium_3,scene_change,1499,3293,0.09279188084576277,0.09098553006654415,0.9996447706210617,57.69656849838935,0.09077491233960731,1,0.014037803883094375,1
box_sphere_scene_change_medium_3,scene_change,1505,1755,0.10684711597379311,0.10047260945545407,0.9979699381293117,232.9654126153535,0.4054647747751088,0,0.026126901564387742,1
box_sphere_scene_change_medium_3,scene_change,1506,1766,0.051849835425072044,0.02291273307662687,0.9500722003168096,33.64669863319521,-0.11826378239865744,1,0.14377605420746203,0
box_sphere_scene_change_medium_3,scene_change,1507,2558,0.07051581189125414,0.029412666332406186,0.9559022049562266,53.100028991265575,-0.2135738622030872,0,0.12781128617933452,0
box_sphere_scene_change_medium_3,scene_change,1508,3154,0.06423306663690492,0.0638863160534581,0.21197284306809497,114.24909063793913,-0.7995758014958451,0,0.12910761837027968,0
box_sphere_scene_change_medium_3,scene_change,1514,2950,0.02913594747070576,0.015822286220088813,0.9997777503947171,82.90856501881794,-0.020450586547873833,1,0.07057462959932864,1
box_sphere_scene_change_medium_3,scene_change,1516,86,0.0985783535065634,0.09564390329296252,0.9989573239822176,70.6740480416139,0.08426025896174034,0,0.020572310958980104,1
box_sphere_scene_change_medium_3,scene_change,1522,2086,0.048746570680019675,0.03650571717100306,0.9791302554052432,59.0197453573354,-0.2062746039704764,0,0.08101262885701423,0
box_sphere_scene_change_medium_3,scene_change,1523,2675,0.019608884091528115,0.014275664267185184,0.9464680603366531,60.548018578545296,-0.04927100271052982,1,0.1235068037524356,0
box_sphere_scene_change_medium_3,scene_change,1524,239,0.014575712570756991,0.009286543064728786,0.9997330872849914,141.60678006217023,-0.4034422872896321,1,0.10834757639157723,0
box_sphere_scene_change_medium_3,scene_change,1533,2055,0.04384055688608693,0.014773462396340729,0.63370531553599,82.1596862266802,0.007299294862571895,0,0.11470475230460664,0
box_sphere_scene_change_medium_3,scene_change,1535,721,0.036222157155598705,0.010445791224498076,0.9063716435074818,60.171607357092185,-0.19058447465370895,0,0.08038642589209198,0
box_sphere_scene_change_medium_3,scene_change,1537,2629,0.03705042591578471,0.0022678179480081504,0.9999189648780563,165.08689863860332,-0.1157606481705271,0,0.06545129072908612,1
box_sphere_scene_change_medium_3,scene_change,1540,1188,0.01632460509634666,0.01571040155567002,0.9839026489039273,40.4329178636209,-0.04927100271052982,1,0.10545061778683193,0
box_sphere_scene_change_medium_3,scene_change,1541,3384,0.03757926394822061,0.012187387721609586,0.8861284547280739,57.57706166364895,-0.16705391075030407,0,0.051206392117075235,1
box_sphere_scene_change_medium_3,scene_change,1544,2791,0.10313291669049894,0.10216782162225817,0.9994809395258011,88.3266620962956,-0.21834711062999546,0,0.015398851873692089,1
box_sphere_scene_change_medium_3,scene_change,1545,1898,0.09016222720842917,0.05587510070639245,0.8135851789556776,42.271866545448695,0.3029493529160251,0,0.020135938665397694,1
box_sphere_scene_change_medium_3,scene_change,1546,548,0.015603567669145746,0.008314890743422605,0.97149114071524,41.42064533594039,-0.12159164443657408,1,0.11770354887308977,0
box_sphere_scene_change_medium_3,scene_change,1547,896,0.031035311771906344,0.016167871837488416,0.9998603238790512,129.51609074115458,-0.16705391075030407,1,0.060267036560257725,1
box_sphere_scene_change_medium_3,scene_change,1551,2424,0.09099028461243097,0.09090499629910816,0.9996490455181756,75.84824330285691,0.16941798052964901,0,0.017131465071157943,1
box_sphere_scene_change_medium_3,scene_change,1552,2782,0.08411431943219878,0.06613286707428934,0.9840287460259491,145.12370872461358,-0.4955575871914139,0,0.030598706699695173,1
box_sphere_scene_change_medium_3,scene_change,1553,1594,0.09032789117613638,0.05899597668667529,0.9736833377336807,92.17719049986187,0.1431007103074644,0,0.01410241616314408,1
box_sphere_scene_change_medium_3,scene_change,1555,1050,0.02554814096191036,0.02021750677012938,0.9986365545622898,35.09711066841478,0.04651996801589379,1,0.0796554769239703,1
box_sphere_scene_change_medium_3,scene_change,1557,2954,0.04275433621877159,0.005204388782196522,0.8778900099406951,62.513127011210244,-0.16705389418719344,0,0.14646216508573368,0
box_sphere_scene_change_medium_3,scene_change,1558,519,0.03864776150597021,0.03592016044811972,0.9499961632199936,95.41559740143136,-0.08701129365637626,1,0.10265629407626455,0
box_sphere_scene_change_medium_3,scene_change,1561,474,0.010855215940265497,0.004328456134036892,0.9987433723109755,127.82941844594225,-0.16705391075030407,1,0.10527694098845214,0
box_sphere_scene_change_medium_3,scene_change,1564,3283,0.038733593439242237,0.02742159104311769,0.9992792525612905,124.08502928238273,-0.21834711062999546,1,0.08162942083114068,0
box_sphere_scene_change_medium_3,scene_change,1566,2292,0.0276476534488577,0.011312299014566651,0.9731267082826335,157.19399206505176,0.13522662352710135,1,0.1204616763716439,0
box_sphere_scene_change_medium_3,scene_change,1567,680,0.04667940582587892,0.0025421305440698717,0.9999973448708639,93.0163927946798,0.09531007980442975,0,0.05284736833493352,1
box_sphere_scene_change_medium_3,scene_change,1568,1150,0.0247250939129153,0.011031366794102302,0.9996626404085506,54.074263667972794,-0.12053393482928876,1,0.07151500310267381,1
box_sphere_scene_change_medium_3,scene_change,1571,241,0.048201770554210085,0.026675789566376742,0.9987526523876957,174.19339252905323,-0.22112101938410722,0,0.05291800983669937,1
box_sphere_scene_change_medium_3,scene_change,1575,2500,0.09950873644424746,0.0989733254867768,0.9989903050453296,52.85445115942401,-0.07608222364179483,0,0.0047617266646708305,1
box_sphere_scene_change_medium_3,scene_change,1576,2340,0.0247589577691205,0.015640016152468232,0.9998845525222365,53.51905863835178,-0.03352265632439591,1,0.08553624414556023,0
box_sphere_scene_change_medium_3,scene_change,1580,1300,0.04648814176977784,0.001005628912254564,0.9992724683736649,163.65194694883166,-0.3295725847497409,0,0.12141629298005777,0
box_sphere_scene_change_medium_3,scene_change,1584,1218,0.03568954243308485,0.0028170203809868696,0.999373902687917,102.11154843402313,0.015267455464140146,0,0.05864272965201572,1
box_sphere_scene_change_medium_3,scene_change,1586,131,0.03375401105648453,0.00905431406654225,0.9995406781599931,67.68506696764375,-0.06697054590577842,1,0.11303918421090664,0
box_sphere_scene_change_medium_3,scene_change,1588,925,0.02796289643834776,0.013376521048196834,0.9999593289086574,73.58094702030299,-0.018634062993183553,1,0.06767389321695239,1
box_sphere_scene_change_medium_3,scene_change,1589,1137,0.047892067931084935,0.04778159054180583,0.8417737233397933,85.58620513912422,0.5705444236853445,0,0.14457609357152837,0
box_sphere_scene_change_medium_3,scene_change,1590,245,0.031926439883273684,0.01581374128186665,0.4713162655766768,75.25269386038967,0.3029493145827453,1,0.10603423627329234,0
box_sphere_scene_change_medium_3,scene_change,1593,571,0.015778853344149663,0.010959843930524609,0.9137222313162401,106.57450621471101,-0.334107833662337,1,0.08071633034541999,0
box_sphere_scene_change_medium_3,scene_change,1597,1825,0.10729084817681628,0.10473421290390798,0.9993340907430677,82.58775170227719,-0.16705386244124032,0,0.019896134388241785,1
box_sphere_scene_change_medium_3,scene_change,1601,2747,0.10091786232623158,0.10024171643534167,0.9982046941566296,76.82396768759891,-0.3295725847497409,0,0.004767514076459078,1
box_sphere_scene_change_medium_3,scene_change,1604,2405,0.11497675690454306,0.11082143791116157,0.5236008096716529,286.50163220473024,0.7290333705061784,0,0.041792348663103926,1
box_sphere_scene_change_medium_3,scene_change,1605,2300,0.09525584273111613,0.09493107633633913,0.9998982036351883,82.99993242792627,-0.04927100271052982,1,0.01937624564784376,1
box_sphere_scene_change_medium_3,scene_change,1607,1663,0.17587381188222714,0.17504895482716235,0.03632779221820365,136.7203968644558,0.34377123434119244,0,0.27494071770316725,0
box_sphere_scene_change_medium_3,scene_change,1609,2301,0.0899026055354764,0.08905301033177596,0.9991154011664329,92.79881730640744,-0.08004262434028976,1,0.010883768097286296,1
box_sphere_scene_change_medium_3,scene_change,1610,2602,0.10223297076694343,0.100535049240683,0.2033917070357486,204.3793448961201,0.15139951766759943,0,0.1997249111883975,0
box_sphere_scene_change_medium_3,scene_change,1611,970,0.034988190099095644,0.005491200739150564,0.9630348202278247,39.974357611186235,-0.1670539794000749,0,0.10558632443216921,0
box_sphere_scene_change_medium_3,scene_change,1615,3232,0.06355083849807816,0.03992487558648296,0.854548001485663,67.64415128935406,-0.16705390284518268,0,0.09380227143135444,0
box_sphere_scene_change_medium_3,scene_change,1616,125,0.01946417923503569,0.012286016528684576,0.9952258965832199,59.49057763252237,-0.21834711062999546,1,0.07398851617133789,1
box_sphere_scene_change_medium_3,scene_change,1618,467,0.027769907520359367,0.01926792014267648,0.9949153548481612,139.84992511627476,-0.5299589098751363,1,0.07724879686917645,1
box_sphere_scene_change_medium_3,scene_change,1620,622,0.022093790255108423,0.0030846507507311985,0.9980063426964664,120.60920660939568,-0.3414071137130851,0,0.11767677032638774,0
box_sphere_scene_change_medium_3,scene_change,1622,2236,0.02620127904414139,0.003981227230547945,0.8740514627325495,55.06715135533547,0.14532050119206222,0,0.08057695921282289,0
box_sphere_scene_change_medium_3,scene_change,1628,1604,0.02910623145613106,0.014802552774855779,0.9794597496488663,61.677031387130285,-0.008830073873362676,0,0.08155860364413436,0
box_sphere_scene_change_medium_3,scene_change,1630,3333,0.026488912881772343,0.006609201754297214,0.9979301076502441,132.70546292579246,-0.10989552049662601,1,0.08458192144351685,0
box_sphere_scene_change_medium_3,scene_change,1631,97,0.02750567356679159,0.016089206716651035,0.99960866468826,69.82507517494672,-0.06697054590577842,1,0.09941933621364003,0
box_sphere_scene_change_medium_3,scene_change,1632,3236,0.04655509247150763,0.024472461054734856,0.6284740261552834,44.001528236009925,0.48835245309932435,0,0.143584338129555,0
box_sphere_scene_change_medium_3,scene_change,1634,3073,0.05173387291434619,0.04995495254585294,0.9641163094648624,80.5344419649608,-0.12449434343290522,0,0.09824451047094114,0
box_sphere_scene_change_medium_3,scene_change,1635,984,0.03043318669738943,0.016726713640773702,0.4892179805987013,31.635395926142674,0.02531779131763424,1,0.11497955120060324,0
box_sphere_scene_change_medium_3,scene_change,1636,554,0.024820629299367285,0.012228268155998867,0.996883043716703,70.42242062532598,0.16144980008685367,0,0.08739296264403264,0
box_sphere_scene_change_medium_3,scene_change,1639,1218,0.023086979723048812,0.01970290740321995,0.9997477095338051,98.47406345808768,-0.16705388466340604,1,0.10080768903621228,0
box_sphere_scene_change_medium_3,scene_change,1640,900,0.12063820364075918,0.11832792370663907,0.9998515106158462,119.08334518741219,-0.3068156835604513,0,0.02819737663233984,1
box_sphere_scene_change_medium_3,scene_change,1644,697,0.021419415585275103,0.009072464953808748,0.99400218939382,105.60438262286442,0.033616570394992974,1,0.08658263219192336,0
box_sphere_scene_change_medium_3,scene_change,1645,1254,0.08312683742054117,0.07160069780501681,0.9983451364217657,32.9119590348729,-0.1670539418061458,0,0.028485255221233206,1
box_sphere_scene_change_medium_3,scene_change,1647,1275,0.033115317863912766,0.0005980234175316293,0.9992579399905847,140.021203152358,-0.020450586547873833,1,0.10998265210843587,0
box_sphere_scene_change_medium_3,scene_change,1653,1020,0.032642111289973345,0.006277695818490169,0.999796666453358,65.22076732253599,-0.34937513034676515,1,0.1325534837874231,0
box_sphere_scene_change_medium_3,scene_change,1654,203,0.013685740700927776,0.006040684788800742,0.999417583199849,99.86671128459248,-0.04927100271052982,1,0.081233119592086,0
box_sphere_scene_change_medium_3,scene_change,1655,1331,0.02471994684534098,0.010411186570610848,0.8275304256147846,137.6830922102039,-0.16705393651514971,1,0.10568786513301653,0
box_sphere_scene_change_medium_3,scene_change,1657,272,0.015928896953699104,0.00880656824523541,0.9625303199597605,91.80079358947077,0.02965618163260386,1,0.07747378246197797,1
box_sphere_scene_change_medium_3,scene_change,1658,2214,0.0989696833795393,0.0975994751867957,0.9068055468145169,38.472901804744595,0.2682638297320264,0,0.019993686558497915,1
box_sphere_scene_change_medium_3,scene_change,1659,1366,0.04339392670126284,0.02439056116084676,0.8965369608206264,64.79051488914614,-0.053725350784778504,1,0.06443170978233317,1
box_sphere_scene_change_medium_3,scene_change,1661,1602,0.08561130808720349,0.06623487042728018,0.9998000139878244,51.63080034992326,0.015267458797466623,0,0.012238933840139497,1
box_sphere_scene_change_medium_3,scene_change,1663,1827,0.18322778853421626,0.18281180955487328,0.09555326028692082,207.26013701468847,0.50199513084536,0,0.25180766666015136,0
box_sphere_scene_change_medium_3,scene_change,1664,315,0.09076950835210314,0.08762630701764015,0.9983781409498713,60.916875892815284,0.015267455464140146,1,0.01801824742717879,1
box_sphere_scene_change_medium_3,scene_change,1666,2756,0.0745752353456984,0.0732350345562239,0.9397194736900083,141.82562876946142,-0.367724335681416,0,0.1004087411447079,0
box_sphere_scene_change_medium_3,scene_change,1669,3054,0.04121583662718291,0.010800962019263548,0.999802602244211,52.14973570181871,-0.05785474230034016,0,0.052848314180440316,1
box_sphere_scene_change_medium_3,scene_change,1671,1611,0.040214463673541596,0.01906878765607873,0.9977988670509306,106.87849372709177,0.1466033162973087,1,0.05060950167859381,1
box_sphere_scene_change_medium_3,scene_change,1677,1049,0.021420454625518923,0.018747373215142964,0.7973084256493356,131.65774398280746,0.1431007103074644,1,0.10178119930154683,0
box_sphere_scene_change_medium_3,scene_change,1681,559,0.0668528121786199,0.04996854496877341,0.8399592912820896,34.454536374710464,0.14124719449253,0,0.07463594946821157,1
box_sphere_scene_change_medium_3,scene_change,1686,409,0.021989624578486654,0.010551809315547406,0.9975904173412137,132.93744101141587,0.02400112463962012,1,0.09110676094558869,0
box_sphere_scene_change_medium_3,scene_change,1689,1034,0.02371427847232849,0.012039544207522207,0.935687072959322,34.3133494489794,-0.12260219165768865,1,0.11250279289530583,0
box_sphere_scene_change_medium_3,scene_change,1696,3221,0.08595034784850539,0.08564925062196889,0.9990757058321709,154.99150227011836,-0.5527159160641685,0,0.022462756974982585,1
box_sphere_scene_change_medium_3,scene_change,1699,2141,0.05306817510163884,0.015048099679936911,0.9989100960885976,42.02629792995387,-0.03922067315332197,1,0.13412504457000937,0
box_sphere_scene_change_medium_3,scene_change,1702,493,0.09059507919031061,0.032327706913794094,0.9909236102344202,31.91047043620628,0.25782881518479,0,0.02548063873183165,1
box_sphere_scene_change_medium_3,scene_change,1706,2529,0.043443054534098774,0.021703664806965492,0.9975329274604923,125.31596983569649,0.13522662352710135,0,0.10378952027278783,0
box_sphere_scene_change_medium_3,scene_change,1707,453,0.00877503891759095,0.006782946926430418,0.959459443202688,85.81305301451671,-0.07174382304075282,1,0.09417133413342271,0
box_sphere_scene_change_medium_3,scene_change,1710,1240,0.03715649995721355,0.02202032117269166,0.9941034939150244,51.84204474984404,0.13019733550814427,1,0.12581780937302386,0
box_sphere_scene_change_medium_3,scene_change,1711,2637,0.027202674992127297,0.022250396434804844,0.9514080100214813,55.909453790082594,-0.1306863267357768,0,0.10473368870745267,0
box_sphere_scene_change_medium_3,scene_change,1712,1945,0.027502066351666937,0.017321258924972254,0.9697563121904482,109.73530171382892,0.22241047318938376,1,0.07587812529737124,1
box_sphere_scene_change_medium_3,scene_change,1713,560,0.057446808538618346,0.04468172107641096,0.9613134068122092,40.239430793769216,-0.3212043676655222,1,0.11785181670850879,0
box_sphere_scene_change_medium_3,scene_change,1714,3181,0.02731409266752409,0.005232281872420436,0.9883164498776964,32.362298966033485,0.19585116446129122,0,0.09114549937697455,0
box_sphere_scene_change_medium_3,scene_change,1717,2907,0.08837723485872934,0.08501731094234966,0.999921509106356,77.12427350473689,-0.1262319668096982,1,0.028413777502358413,1
box_sphere_scene_change_medium_3,scene_change,1718,1155,0.03470191041549977,0.006864433061386682,0.7627103274354194,85.3872613402626,0.2384107901118941,1,0.12133276546278439,0
box_sphere_scene_change_medium_3,scene_change,1719,1692,0.04698820753742226,0.04612378891980101,0.9786331700223397,87.0221473258559,-0.35810890952704055,1,0.08838953953825682,0
box_sphere_scene_change_medium_3,scene_change,1722,2436,0.0544144392906305,0.052153479739789704,0.9308594981939156,98.82020294389464,-0.1670539308171544,1,0.1072730472660441,0
box_sphere_scene_change_medium_3,scene_change,1728,1105,0.0724737360137867,0.07153585576302302,0.9464076763709979,66.42892021149322,0.3850141276212844,0,0.07464517781614707,1
box_sphere_scene_change_medium_3,scene_change,1733,2750,0.03851239096768967,0.002753401393339225,0.997055723148948,104.64122411091331,-0.12449434343290522,1,0.12009667617980818,0
box_sphere_scene_change_medium_3,scene_change,1735,2720,0.028271682020017206,0.011160550756065478,0.7761208297418024,63.47591285086217,0.002022244211177819,1,0.09998856106338695,0
box_sphere_scene_change_medium_3,scene_change,1737,2643,0.0156934606736346,0.005695284004740084,0.9991664359867192,98.07057502667541,0.03774029094584644,1,0.09801517630170964,0
box_sphere_scene_change_medium_3,scene_change,1738,2773,0.09188051201982247,0.09124496640475424,0.9999839065488744,64.48196050876724,-0.22112101938410722,1,0.025029492914171243,1
box_sphere_scene_change_medium_3,scene_change,1739,2816,0.07359526092989714,0.05669981093365069,0.9087600918537656,41.92345401181557,0.056089406651107905,0,0.04333649293288567,1
box_sphere_scene_change_medium_3,scene_change,1741,3025,0.04487797385184249,0.004240967494691642,0.9996195546846015,66.45598569999093,-0.10642930843519084,0,0.043190884682866575,1
box_sphere_scene_change_medium_3,scene_change,1742,132,0.033611705891398495,0.012352227989341574,0.9919387704918233,35.82804195267679,-0.25802558129570274,1,0.065517503396527,1
box_sphere_scene_change_medium_3,scene_change,1743,384,0.031723146601501974,0.0074003857498801204,0.8826365552064072,86.28294517674738,-0.39019721597783363,1,0.0897215867964725,0
box_sphere_scene_change_medium_3,scene_change,1744,1691,0.10113443416043431,0.09958059815508563,0.9995721421499643,79.8658697273897,-0.012903392931156962,0,0.015902074937657888,1
box_sphere_scene_change_medium_3,scene_change,1745,3131,0.03428858416746471,0.014749092826948078,0.9659271509366275,48.25999905380636,0.15139954986452098,0,0.1101836890690829,0
box_sphere_scene_change_medium_3,scene_change,1747,3109,0.037459807886619276,0.026414948927553986,0.9998581325470844,122.56699801963732,0.007299294862571895,0,0.07547671705491378,1
box_sphere_scene_change_medium_3,scene_change,1749,1351,0.04832202149793556,0.04820613826293307,0.928363442813619,66.93495826245021,0.11165923479433315,0,0.11303792552123636,0
box_sphere_scene_change_medium_3,scene_change,1754,2789,0.01789319162142443,0.0016240437815031514,0.9994293088560231,125.65973620550416,-0.06697054590577842,1,0.07140752373326491,1
box_sphere_scene_change_medium_3,scene_change,1755,1270,0.01894181239600109,0.002458199146282926,0.8861920275496077,62.66808881755508,0.26194133979219525,1,0.09521362170918236,0
box_sphere_scene_change_medium_3,scene_change,1756,197,0.023414673790600016,0.011487711149986474,0.9995679352882731,135.5170423611975,-0.16705386244124032,0,0.08654130184969529,0
box_sphere_scene_change_medium_3,scene_change,1757,2887,0.04688344885051142,0.0383665844869652,0.9096403094873202,96.94989325146669,0.22498782581570048,0,0.11397198548707817,0
box_sphere_scene_change_medium_3,scene_change,1762,205,0.05473301694228125,0.04451504147740043,0.9248769694381151,115.72247547507303,-0.48550719078252097,0,0.12712585007195568,0
box_sphere_scene_change_medium_3,scene_change,1763,104,0.05987435471219178,0.05060829312963569,0.5133740814735025,81.46686373417555,-0.053725350784778504,0,0.1260145987998397,0
box_sphere_scene_change_medium_3,scene_change,1764,1315,0.23591088428864118,0.199403855419406,0.21493932788858985,106.88926838346521,0.2124353750985415,0,0.3387080328137699,0
box_sphere_scene_change_medium_3,scene_change,1765,2804,0.030664015369786662,0.00775847977644079,0.9662569182477703,36.46508917800673,-0.07174385031342827,0,0.09199743114404742,0
box_sphere_scene_change_medium_3,scene_change,1768,2085,0.0503405575034179,0.03950710850276942,0.8239126392259616,131.2145937888195,-0.9693993158105052,1,0.11350983026095988,0
box_sphere_scene_change_medium_3,scene_change,1771,962,0.032068103231183795,0.02636902991009097,0.9990461135949357,130.42350174632534,-0.06697054590577842,1,0.09016747654997656,0
box_sphere_scene_change_medium_3,scene_change,1776,3169,0.022254746541849675,0.00502485905347151,0.9487587460544198,132.42575809786084,0.1206278488998859,1,0.07150740112546718,1
box_sphere_scene_change_medium_3,scene_change,1778,1615,0.0415043443114174,0.020130988958469508,0.999430451706305,59.2560198640711,-0.03352265632439591,0,0.08136630580716912,0
box_sphere_scene_change_medium_3,scene_change,1779,1352,0.0483823333806223,0.00521549928544154,0.9743557955892946,68.8443133493229,-0.129313639871308,0,0.05421420027181501,1
box_sphere_scene_change_medium_3,scene_change,1780,1311,0.09764435007343035,0.09382997379492213,0.9933524785720359,87.14719103669732,0.056089406651107905,1,0.04212724678927446,1
box_sphere_scene_change_medium_3,scene_change,1783,1166,0.10263888408396606,0.096241565523863,0.7816386317255859,299.1916072281354,0.8976560006056288,0,0.026730864475667852,1
box_sphere_scene_change_medium_3,scene_change,1784,1449,0.01423733405407196,0.009555740934932753,0.9975248223100481,103.91526341082074,-0.22421219131399495,1,0.08470012900989304,0
box_sphere_scene_change_medium_3,scene_change,1785,2859,0.09797906082378079,0.09756167225737099,0.9976249727922608,98.50008982927235,-0.2782793482568618,1,0.02127152086383,1
box_sphere_scene_change_medium_3,scene_change,1787,1771,0.04581649923403487,0.038152094085968445,0.6088776573759743,107.48799172921699,-0.4121760547740315,0,0.12184141272882822,0
box_sphere_scene_change_medium_3,scene_change,1790,3327,0.10198697988014531,0.06261671892847692,0.837619467906576,100.38607697676879,-0.30520416985865156,0,0.20312697009397881,0
box_sphere_scene_change_medium_3,scene_change,1791,1047,0.02429661161216239,0.004781138901121778,0.9909253947168198,121.47308964694497,0.29556910613063647,1,0.07825403764904136,1
box_sphere_scene_change_medium_3,scene_change,1796,2571,0.014954803123940836,0.012935619724270788,0.9856280375434845,132.01931591547142,0.30986966175699,1,0.08953607850823614,0
box_sphere_scene_change_medium_3,scene_change,1798,2586,0.016031932278984137,0.00653246509032262,0.999832567661285,123.56896831815396,-0.20961348531406487,1,0.07418208729261169,1
box_sphere_scene_change_medium_3,scene_change,1799,1941,0.0772354847352127,0.05652734411666262,0.9822609897258497,48.55765797455415,-0.1670539308171544,0,0.07214259052231972,1
box_sphere_scene_change_medium_3,scene_change,1802,112,0.03355532149651584,0.025794200713957317,0.85984450668051,48.45073476499377,-0.4219460455824794,0,0.10347861120662605,0
box_sphere_scene_change_medium_3,scene_change,1803,2044,0.050832612046078196,0.005539626797713747,0.9998368393386381,86.67694470257399,0.10738264314398677,0,0.060361157792785704,1
box_sphere_scene_change_medium_3,scene_change,1805,2277,0.014496956633516873,0.003196314610560521,0.9984196104471861,32.336022425284305,0.022187894860438023,1,0.11024515345376132,0
box_sphere_scene_change_medium_3,scene_change,1806,2215,0.10498132053155255,0.100427911519848,0.9998728221641471,68.55360806263859,-0.22112101938410722,0,0.016020638216367063,1
box_sphere_scene_change_medium_3,scene_change,1807,201,0.08843721259443114,0.08778551018345862,0.9996243295583472,71.38192016049904,-0.12449434343290522,0,0.008166089306396423,1
box_sphere_scene_change_medium_3,scene_change,1808,3178,0.013771714935454616,0.00921946073207314,0.9997244612857404,44.33573953641053,0.12062786874111314,1,0.09203631671294522,0
box_sphere_scene_change_medium_3,scene_change,1811,3086,0.010380783765373904,0.006926876746376995,0.9818021799337673,57.28505356788231,-0.11826378239865744,1,0.10514772190901664,0
box_sphere_scene_change_medium_3,scene_change,1813,1656,0.081329011455343,0.07607378731458714,0.9956259555923862,111.75796314164914,0.4009295254922544,1,0.10440450025874613,0
box_sphere_scene_change_medium_3,scene_change,1814,1375,0.02952443055700851,0.020294884561160503,0.9794618072221614,52.38087190888139,-0.47720856448258653,0,0.08612832879553642,0
box_sphere_scene_change_medium_3,scene_change,1815,2746,0.050095205656842924,0.0009687276527584054,0.8727946721204639,59.28032035019907,0.030771637833434402,0,0.15362498866732885,0
box_sphere_scene_change_medium_3,scene_change,1816,2734,0.06087796253376129,0.020180389477164835,0.9950047587916372,65.25532290019946,0.7171477399826532,0,0.1602868868597784,0
box_sphere_scene_change_medium_3,scene_change,1820,825,0.05715229447545189,0.031092452222351984,0.8353798162027302,88.34271072925254,-0.3154738084023821,0,0.10441742546819155,0
box_sphere_scene_change_medium_3,scene_change,1822,2754,0.027676319489045604,0.003807635342488419,0.8734566694388107,48.28578354448303,-0.0910681224863046,1,0.07820915778258146,1
box_sphere_scene_change_medium_3,scene_change,1823,3002,0.09468665474645038,0.09333527782534402,0.9977813239031903,117.55750270145089,-0.5237282714601609,1,0.006063881606949739,1
box_sphere_scene_change_medium_3,scene_change,1830,3391,0.08658804370458409,0.08471859291125873,0.999844367654051,72.80886945705495,0.056089406651107905,1,0.032059713922917496,1
box_sphere_scene_change_medium_3,scene_change,1831,172,0.09970527454013409,0.09876287464005484,0.9993352093599833,85.90192959520789,-0.26236396446783583,0,0.015936194869977872,1
box_sphere_scene_change_medium_3,scene_change,1832,1407,0.06053231736151984,0.05382602814193986,0.9111932718003615,69.05227889061712,-0.5869074283605173,0,0.07134899374737234,1
box_sphere_scene_change_medium_3,scene_change,1833,1234,0.062358492817999135,0.03988716928907641,0.7854631544937477,79.78163994870555,0.009876616521200329,0,0.1493347838723622,0
box_sphere_scene_change_medium_3,scene_change,1835,2912,0.027319844065982788,0.012002891775895839,0.9919446584963276,64.54908435542477,-0.16705391075030407,0,0.10584314599600486,0
box_sphere_scene_change_medium_3,scene_change,1838,2559,0.10228451940032901,0.10135997312418685,0.9998478844787256,115.90115856578447,-0.012903388962911535,1,0.014957717163404317,1
box_sphere_scene_change_medium_3,scene_change,1839,1817,0.021440766635362585,0.018552452468822356,0.9354767129396498,34.12967919470538,0.02531779131763424,1,0.11115717071502959,0
box_sphere_scene_change_medium_3,scene_change,1841,2435,0.02709769004158959,0.016413360772211418,0.9672309472485464,93.08442051752587,-0.03784232392508443,1,0.07470208995630992,1
box_sphere_scene_change_medium_3,scene_change,1843,3321,0.01876104985304346,0.014734233734373216,0.9992767397853379,101.31049123734756,-0.31365719043442514,1,0.07985021382041692,1
box_sphere_scene_change_medium_3,scene_change,1845,1926,0.055242312921765166,0.009318868578553175,0.6839997439987562,79.96356968092867,0.32129845934519935,0,0.10503412086583289,0
box_sphere_scene_change_medium_3,scene_change,1847,2693,0.022211199225124576,0.008903068841048722,0.9092966611904925,69.36294993000303,-0.027292127070624665,1,0.11294847655772351,0
box_sphere_scene_change_medium_3,scene_change,1850,47,0.016462106856589803,0.009685607066135448,0.9998890391222233,75.78159577116459,-0.16705387413711645,1,0.07549510162900624,1
box_sphere_scene_change_medium_3,scene_change,1851,2583,0.03799097033514208,0.0073386010700214905,0.9635905059830355,64.46844768782482,0.18434360724315527,0,0.08613788019889336,0
box_sphere_scene_change_medium_3,scene_change,1852,2277,0.03330623839296722,0.0034723827032387238,0.9726021903897017,39.11315962873369,-0.167053917996666,0,0.0926209255885788,0
box_sphere_scene_change_medium_3,scene_change,1857,1585,0.10522766827372976,0.1029327227343669,0.9967073475886297,31.72744418352685,-0.08701129365637626,0,0.02000479012548913,1
box_sphere_scene_change_medium_3,scene_change,1858,406,0.2521943281444861,0.2518239308050286,0.8469866542256823,277.3928496404886,0.2712005849779197,0,0.35134365388171646,0
box_sphere_scene_change_medium_3,scene_change,1859,1393,0.03739997921786573,0.03732057413402965,0.870723998017618,100.00440581605835,0.2516560544056982,1,0.10549689641819063,0
box_sphere_scene_change_medium_3,scene_change,1861,111,0.04349704384876448,0.008742687037318567,0.9538768373010299,57.39564822465122,-0.11826378239865744,1,0.09506912630364843,0
box_sphere_scene_change_medium_3,scene_change,1862,2449,0.026031415520643465,0.002036480447434763,0.9986602488095637,113.07182732278012,-0.04927100271052982,1,0.07440671852085477,1
box_sphere_scene_change_medium_3,scene_change,1863,2998,0.09107257613762246,0.09088371896686118,0.9995799100479055,64.22682378141981,-0.2158439964519421,1,0.021058598864540444,1
box_sphere_scene_change_medium_3,scene_change,1865,1676,0.01763092908665481,0.014863746640372847,0.999751933182037,65.3434991301358,0.0741079007252193,1,0.09149497244427407,0
box_sphere_scene_change_medium_3,scene_change,1869,1165,0.016707229669700514,0.0010793826117284785,0.9720803339637498,31.019663014175247,-0.00942513537828487,1,0.09517462988574113,0
box_sphere_scene_change_medium_3,scene_change,1870,3127,0.10047206903909434,0.09439432766135337,0.9985826361657391,111.11604949143812,0.10919918851681429,1,0.0494451089300851,1
box_sphere_scene_change_medium_3,scene_change,1874,3139,0.10851165784449156,0.10488792484879617,0.999572187733454,81.43341784194158,-0.03922067315332197,0,0.043224844738811184,1
box_sphere_scene_change_medium_3,scene_change,1880,3254,0.08978210315005188,0.08914575352852355,0.9993636141033455,110.11987049815463,-0.211505621937798,0,0.01404939779084942,1
box_sphere_scene_change_medium_3,scene_change,1884,3201,0.024552734558851826,0.013003501413933758,0.997697336019482,112.60923791170855,-0.23159224746796106,1,0.08216997059450797,0
box_sphere_scene_change_medium_3,scene_change,1885,1486,0.0448897181799699,0.025188876632693202,0.9876549597138438,89.77613541354732,-0.2135738622030872,1,0.06810725925679417,1
box_sphere_scene_change_medium_3,scene_change,1886,3253,0.24004422455476082,0.23985760627404268,0.71440576111579,300.11954384961547,0.12062786874111314,0,0.33843899665414534,0
box_sphere_scene_change_medium_3,scene_change,1889,3197,0.039320170353373214,0.003833077508335335,0.9998938136068929,113.61242965071422,-0.12260219165768865,1,0.05484758749013643,1
box_sphere_scene_change_medium_3,scene_change,1890,1166,0.2616353158189193,0.26128055696923846,0.9192447401139784,287.8322247234055,0.2384107901118941,0,0.3585852852258761,0
box_sphere_scene_change_medium_3,scene_change,1893,573,0.028478489947881068,0.0019634589128982305,0.9685467245895045,76.61787007423466,-0.47243538459055157,1,0.08437878264415392,0
box_sphere_scene_change_medium_3,scene_change,1895,311,0.06507409361571531,0.06298610443432699,0.9669839570622023,168.16079136198755,0.0,1,0.09831930711320716,0
box_sphere_scene_change_medium_3,scene_change,1897,237,0.03231192553096239,0.018018819050049616,0.6372281111191989,91.77808307631079,0.09864899121484887,1,0.12614192166967647,0
box_sphere_scene_change_medium_3,scene_change,1899,1594,0.09694817985730032,0.06889600754619074,0.9935619603292372,90.53166559431295,0.10919918851681429,0,0.00558306840567416,1
box_sphere_scene_change_medium_3,scene_change,1901,1818,0.11137328757221755,0.11106500749905399,0.954852237558348,126.886401387236,0.5726126548220892,0,0.020122747172817736,1
box_sphere_scene_change_medium_3,scene_change,1903,2823,0.04169725804859323,0.0317239952897195,0.9065924135690354,110.9963960519198,-0.167053917996666,1,0.07906380832191898,1
box_sphere_scene_change_medium_3,scene_change,1904,1140,0.10890268541727215,0.10819363082069035,0.9886395481358847,52.07715799383594,0.3993410453415921,0,0.03130876431152217,1
box_sphere_scene_change_medium_3,scene_change,1905,3245,0.031441804292081994,0.03125239837396614,0.8826038189355677,57.829547865595465,0.18576714650854378,1,0.09766308413104086,0
box_sphere_scene_change_medium_3,scene_change,1910,245,0.24305074121918943,0.199013301470928,0.7223456071730778,76.06631166106187,0.27763152326511104,0,0.3434766922060545,0
box_sphere_scene_change_medium_3,scene_change,1916,487,0.09412279950926108,0.08822313585622499,0.9995084381243978,81.27141714015629,-0.25802558129570274,1,0.03667047630356632,1
box_sphere_scene_change_medium_3,scene_change,1918,1299,0.06150140268912614,0.06060317272053899,0.7995517955594043,73.98461651506396,-0.6883503273760995,1,0.07908068831461089,1
box_sphere_scene_change_medium_3,scene_change,1919,1692,0.06799997720439643,0.06285269316020409,0.9862472403042671,81.29757425343388,-0.16705391075030407,0,0.08777824415128571,0
box_sphere_scene_change_medium_3,scene_change,1926,1212,0.09606316295743922,0.09390509637919656,0.9987032906351903,74.51569138094061,-0.09009296056415132,1,0.02840346015289756,1
box_sphere_scene_change_medium_3,scene_change,1932,1706,0.0803270175116217,0.07760441024754688,0.9997397505956438,107.86741756935584,-0.03922067315332197,0,0.017316361070564282,1
box_sphere_scene_change_medium_3,scene_change,1933,615,0.015907010712268663,0.0013589864674958898,0.9561397102204985,49.920523533719525,-0.0910681224863046,1,0.11948228484293581,0
box_sphere_scene_change_medium_3,scene_change,1934,219,0.01840001492784262,0.0039902162679631495,0.9294519695490564,47.602022157103086,0.09322896067260236,1,0.11417123324358532,0
box_sphere_scene_change_medium_3,scene_change,1935,3132,0.0675394567972801,0.05645180285053251,0.7430524815535415,46.27119865720777,-0.20961348531406487,0,0.0653296938344166,1
box_sphere_scene_change_medium_3,scene_change,1936,2508,0.03325146145123802,0.0166654552655548,0.5583830202544612,134.6096678866546,-0.03922067315332197,0,0.11892342954930238,0
box_sphere_scene_change_medium_3,scene_change,1938,2608,0.047551435099282474,0.01098662623871512,0.9781335855704822,51.8159554855202,0.20450926832124405,0,0.07119653571311606,1
box_sphere_scene_change_medium_3,scene_change,1947,1442,0.023152049945556655,0.0203621176614065,0.9991126145181337,67.591407370156,0.05608939165114389,0,0.11117222720928692,0
box_sphere_scene_change_medium_3,scene_change,1948,3387,0.022484350345726267,0.010024168613549342,0.7891832740912695,109.73272451722377,0.16941798052964901,1,0.10872726525839091,0
box_sphere_scene_change_medium_3,scene_change,1949,1258,0.08273219339895559,0.0745843694379014,0.9795797389854061,53.187448056715176,0.2384107901118941,0,0.026121952581910576,1
box_sphere_scene_change_medium_3,scene_change,1955,2929,0.28694434175568606,0.28602041771584524,0.975429279938718,148.78286536808295,-0.06697054590577842,0,0.3859813620582186,0
box_sphere_scene_change_medium_3,scene_change,1964,35,0.04139349446086089,0.03192813377881569,0.6436660677301156,46.13895758302313,0.1614498911978102,0,0.12716012837742885,0
box_sphere_scene_change_medium_3,scene_change,1965,956,0.03495363282812457,0.004961728978706649,0.9050924569242107,115.27820766747452,-0.04927100271052982,0,0.11307446527008995,0
box_sphere_scene_change_medium_3,scene_change,1966,1483,0.04003226231454989,0.03474088027102969,0.7029275310903915,43.47763545734541,0.5843616145870595,0,0.1385815785278896,0
box_sphere_scene_change_medium_3,scene_change,1968,1447,0.06340952782057581,0.062462973749590575,0.9883086573298213,61.24000130850547,-0.029852943541850897,0,0.07827042690628286,1
box_sphere_scene_change_medium_3,scene_change,1970,3290,0.02076766563242272,0.011483984233705127,0.9932956345948557,148.67328041812235,-0.16705389418719344,1,0.10357412325763539,0
box_sphere_scene_change_medium_3,scene_change,1972,452,0.049623072646990736,0.027292045221689088,0.9995083103106623,132.43408060614263,-0.167053917996666,0,0.10387835998065949,0
box_sphere_scene_change_medium_3,scene_change,1974,1913,0.09892867005719597,0.09772288250234239,0.9983812347806369,87.47487205666894,-0.21834711062999546,0,0.023654929507343266,1
box_sphere_scene_change_medium_3,scene_change,1975,3009,0.07719989614046113,0.07313210570633562,0.9577274332441306,46.27743342270893,0.15571923206625998,0,0.05774792388474866,1
box_sphere_scene_change_medium_3,scene_change,1976,321,0.012161236111316219,0.009995533578386213,0.9995684994351296,52.0430949741838,0.0693345951555894,1,0.08323467333759198,0
box_sphere_scene_change_medium_3,scene_change,1977,2759,0.10690529016274423,0.10494264556715756,0.7674966403368044,148.49854600794083,0.13143878608087448,0,0.09505111392323133,0
box_sphere_scene_change_medium_3,scene_change,1978,2410,0.03363642921303476,0.031279528506378856,0.7856135104697066,128.4647685334899,-0.2135738622030872,0,0.11020223714037966,0
box_sphere_scene_change_medium_3,scene_change,1979,1402,0.017566753557676718,0.012116942536768175,0.8868304940793864,97.21363086625331,0.015267458797466623,1,0.08797577835011176,0
box_sphere_scene_change_medium_3,scene_change,1981,1309,0.0408625845280702,0.015953047315337907,0.9986775192949675,88.07731779223947,0.13522662352710135,0,0.11188020583868749,0
box_sphere_scene_change_medium_3,scene_change,1985,2182,0.006377237196970766,0.004036884699998343,0.9217704378942928,74.42088909231798,0.022187894860438023,1,0.11077985422709122,0
box_sphere_scene_change_medium_3,scene_change,1990,112,0.020196633044830478,0.014244634678387443,0.9374118910099793,45.07668979909087,-0.21834724484027332,1,0.10934044123261448,0
box_sphere_scene_change_medium_3,scene_change,1995,1997,0.04338195636179947,0.005533253849918337,0.9991834681056044,76.05105069516868,-0.04927100271052982,0,0.11538396891297946,0
box_sphere_scene_change_medium_3,scene_change,1997,469,0.039063574399073174,0.03758502905756779,0.9779744621024447,82.15173559693096,-0.2922167884021509,1,0.09186671460446957,0
box_sphere_scene_change_medium_3,scene_change,1998,1091,0.018787361762204035,0.007525184637797559,0.4017242016525844,40.21447953698845,0.302949380296945,1,0.12134372442765896,0
box_sphere_scene_change_medium_3,scene_change,2004,3342,0.11489089470842424,0.11349346706751921,0.9399238079407901,278.6021953945544,0.6261760156071225,0,0.019778246066799676,1
box_sphere_scene_change_medium_3,scene_change,2006,2397,0.050532597637806674,0.025879904229456414,0.9762216553297467,35.47187766441985,0.015267455464140146,0,0.06054590790352981,1
box_sphere_scene_change_medium_3,scene_change,2007,198,0.08839477848596931,0.08608050429316791,0.9978806205163482,51.58411585010914,-0.1157606481705271,0,0.013830058842167928,1
box_sphere_scene_change_medium_3,scene_change,2009,175,0.034533746393489106,0.006622270354732684,0.9996694972145731,86.98703227058654,-0.12449434343290522,1,0.0720142224722722,1
box_sphere_scene_change_medium_3,scene_change,2013,903,0.0872096668301683,0.08383504002257255,0.9996342657751478,40.176610651241084,-0.006711428146769066,0,0.021135970028015087,1
box_sphere_scene_change_medium_3,scene_change,2014,1066,0.061635870838841984,0.05682057411560803,0.7632530957168738,83.96331416894498,0.17589050517348995,1,0.06721814797803251,1
box_sphere_scene_change_medium_3,scene_change,2016,744,0.027147598022713375,0.01767248404776565,0.9995289167470032,50.11301932808299,0.0,1,0.0915826640118239,0
box_sphere_scene_change_medium_3,scene_change,2017,247,0.0950836566738928,0.09360416932359693,0.9990845405320582,139.43139842824328,-0.07608222364179483,1,0.001149789273330658,1
box_sphere_scene_change_medium_3,scene_change,2018,3068,0.041190305019366776,0.020217867481345634,0.9970283127507857,149.20024575974261,0.09077491233960731,0,0.11370087701464276,0
box_sphere_scene_change_medium_3,scene_change,2019,1780,0.0869824821597091,0.0845919541116476,0.9968771453009312,45.675695436666985,-0.027292111853258822,0,0.012823040289942474,1
box_sphere_scene_change_medium_3,scene_change,2020,1683,0.04330649221752139,0.03705656823109511,0.784933441414981,52.18966660783072,0.09077496848923577,1,0.09174922841039149,0
box_sphere_scene_change_medium_3,scene_change,2022,2547,0.09007014124869557,0.08883531276368817,0.9988216798925938,99.19898600588809,-0.08367239224593737,1,0.004619642416001044,1
box_sphere_scene_change_medium_3,scene_change,2025,2876,0.03195059467682922,0.009680929146738253,0.9830605527889762,54.84045853235555,-0.09009296056415132,1,0.0685324267150177,1
box_sphere_scene_change_medium_3,scene_change,2027,2674,0.031929599423508676,0.012102038576918954,0.9691114838773869,173.61798986457813,-1.0833430965403141,1,0.1145300623098942,0
box_sphere_scene_change_medium_3,scene_change,2028,2890,0.10187289688986371,0.09229782232889032,0.19196174058829021,104.49542905496915,0.2384107641860222,0,0.1993319778864833,0
box_sphere_scene_change_medium_3,scene_change,2031,3026,0.049754641281136346,0.028939850365156148,0.9999280598454631,188.53367842592397,-0.167053917996666,0,0.13842574818039938,0
box_sphere_scene_change_medium_3,scene_change,2034,284,0.030587755881472112,0.011913952205646667,0.9985038144958333,112.18800707241054,0.16144980008685367,1,0.09824162878203088,0
box_sphere_scene_change_medium_3,scene_change,2035,902,0.09007858484251453,0.08622160987058183,0.990394432291417,39.620402738447645,0.18125245764439313,0,0.025019910842904218,1
box_sphere_scene_change_medium_3,scene_change,2038,1882,0.01880136801674743,0.005501080033078978,0.9950301595702863,51.276769384349954,0.2516560544056982,1,0.0916879827647357,0
box_sphere_scene_change_medium_3,scene_change,2039,3257,0.09711492085178393,0.0945336582087195,0.9999133550044235,55.6104911666117,-0.020450586547873833,0,0.01487555650497512,1
box_sphere_scene_change_medium_3,scene_change,2042,3339,0.039553373870313296,0.0019548036498903314,0.9991733725485626,59.25152306703014,-0.2135738622030872,0,0.09220337982434539,0
box_sphere_scene_change_medium_3,scene_change,2043,1106,0.02047924259102245,0.007163410410542854,0.9611550015638729,67.23295853961724,-0.08367239224593737,1,0.10506267634533717,0
box_sphere_scene_change_medium_3,scene_change,2048,3154,0.04111536447256103,0.010528733807400943,0.3631001186590798,117.88052736019057,-0.37469313694167444,0,0.11831702790882291,0
box_sphere_scene_change_medium_3,scene_change,2053,1626,0.08532712051833038,0.08032093180061714,0.36407697989803,278.37101481486684,0.6438756093313784,0,0.021207264042877767,1
box_sphere_scene_change_medium_3,scene_change,2055,1518,0.06829750456618314,0.06072876228231155,0.9459541967391667,104.39605163291938,0.22071121702252808,0,0.12019709997635626,0
box_sphere_scene_change_medium_3,scene_change,2056,1820,0.08189533947466428,0.06619490715970275,0.717033683418017,69.72956062477049,0.6385705848963067,0,0.17304822601803982,0
box_sphere_scene_change_medium_3,scene_change,2057,1539,0.019269567037900785,0.011666376307019407,0.99988889059484,70.67369994695598,0.06656069195701915,1,0.08638357925203127,0
box_sphere_scene_change_medium_3,scene_change,2059,3321,0.057166555869731954,0.009997335502649491,0.9999002990704765,112.71274971706147,-0.2135738622030872,0,0.10917193302570086,0
box_sphere_scene_change_medium_3,scene_change,2061,166,0.08547045279840085,0.07977485243979017,0.5817219857298095,65.20890525719116,-0.3273964191186847,0,0.13370458769638266,0
box_sphere_scene_change_medium_3,scene_change,2064,964,0.0403576809878488,0.017443514513291028,0.9989684509847966,85.43524827521239,-0.1157606481705271,1,0.11913957362692466,0
box_sphere_scene_change_medium_3,scene_change,2066,1533,0.09291583332694418,0.09270036725657181,0.4890598052934451,304.0857563043969,0.874399077747311,0,0.014984177902586365,1
box_sphere_scene_change_medium_3,scene_change,2068,1260,0.047853421576369314,0.03068208369606202,0.9999477218911625,120.84904854462125,0.07806828158248696,0,0.12186145012999249,0
box_sphere_scene_change_medium_3,scene_change,2069,991,0.02871919474105762,0.005790224004219806,0.7873010841948382,68.35704048010008,0.02965618163260386,0,0.06899398846768051,1
box_sphere_scene_change_medium_3,scene_change,2072,1594,0.04300445364700611,0.041065521368863045,0.8065314744884906,55.944230938583104,0.3254221226570893,0,0.06505617095531598,1
box_sphere_scene_change_medium_3,scene_change,2077,593,0.03942593635041416,0.0033634244870624666,0.9997640218890573,145.0574134458103,0.033616570394992974,0,0.08658171753178232,0
box_sphere_scene_change_medium_3,scene_change,2081,251,0.06227595645884039,0.020874196619089815,0.9996614470168126,162.6843334022704,0.3125185413869313,0,0.15573814671029476,0
box_sphere_scene_change_medium_3,scene_change,2082,1847,0.01854198596913101,0.010423563801364734,0.9192751067264056,42.532619411302726,-0.04189091033663462,1,0.10673115461981754,0
box_sphere_scene_change_medium_3,scene_change,2083,2017,0.0823690456675081,0.08184374557284506,0.9999767126890027,35.15721781445798,0.02965618163260386,1,0.015360991623145703,1
box_sphere_scene_change_medium_3,scene_change,2088,942,0.03491764698992913,0.016025135377933656,0.9367494287547384,56.767572434969104,-0.04445171909261546,0,0.13048329475586887,0
box_sphere_scene_change_medium_3,scene_change,2090,2691,0.02076098971909424,0.011412068339073385,0.9940387092441879,64.3097132224893,-0.8602005509380265,1,0.12351745480527256,0
box_sphere_scene_change_medium_3,scene_change,2095,3384,0.029558913174843996,0.021867425899333697,0.8051749106428385,63.18362227053313,-0.211505621937798,1,0.06646349634391,1
box_sphere_scene_change_medium_3,scene_change,2097,1275,0.037383701843353385,0.02204374391601233,0.9996902222996943,127.43075131100471,-0.1157606481705271,0,0.0697378849816519,1
box_sphere_scene_change_medium_3,scene_change,2099,2117,0.0762129238281413,0.07183031568462477,0.7302609997147307,105.52452853137628,-0.08367239224593737,0,0.12304431547511993,0
box_sphere_scene_change_medium_3,scene_change,2100,1752,0.02136156763939367,0.01444975212925101,0.999760635902757,53.74114112135173,-0.12449434343290522,1,0.074607387554862,1
box_sphere_scene_change_medium_3,scene_change,2102,1690,0.09119897378980937,0.09089131042763429,0.99949015976513,44.263640573552415,-0.11826378239865744,1,0.009626088380281865,1
box_sphere_scene_change_medium_3,scene_change,2109,2894,0.036966634568508676,0.004508029232260429,0.9991400068331127,46.458203010363704,-0.16705388466340604,0,0.10578300902441855,0
box_sphere_scene_change_medium_3,scene_change,2120,1930,0.11079489878863431,0.10735391773805676,0.9999712873615281,112.88052792553351,0.20763917727841455,0,0.028891589863042907,1
box_sphere_scene_change_medium_3,scene_change,2121,2898,0.06812091282950966,0.032561183329151824,0.9356607317185608,27.246301916928793,-0.10642938564090507,0,0.0618177067941616,1
box_sphere_scene_change_medium_3,scene_change,2123,593,0.03035095132278662,0.0006262569418594788,0.9994770179956216,165.08765492916496,0.1206278488998859,1,0.11635409296136855,0
box_sphere_scene_change_medium_3,scene_change,2124,661,0.05858423580088697,0.002777581962305454,0.9964088552235812,70.60045740688307,-0.012903388962911535,0,0.13106743367212045,0
box_sphere_scene_change_medium_3,scene_change,2126,728,0.06169212637963658,0.05661594568589268,0.9438971034687565,61.77946422018181,-0.16705387413711645,0,0.07616862570407164,1
box_sphere_scene_change_medium_3,scene_change,2127,2457,0.0320291781167669,0.004495865673969644,0.939210745736357,29.740973677946513,-0.26236406446764454,1,0.13464280440059243,0
box_sphere_scene_change_medium_3,scene_change,2128,2924,0.06259854627339345,0.05484604566227537,0.6414109029127841,112.29236069423978,-0.1262319668096982,0,0.11103058902369503,0
box_sphere_scene_change_medium_3,scene_change,2129,659,0.0936204433324284,0.09301605998215405,0.9738351343330339,264.2260995226402,0.7597073308507378,1,0.021701191093967318,1
box_sphere_scene_change_medium_3,scene_change,2130,3356,0.060474515179758534,0.054799345792364736,0.9647785669162163,86.6118879610454,-0.538617099716896,0,0.061459327864151536,1
box_sphere_scene_change_medium_3,scene_change,2133,2125,0.0929360969515514,0.09084823953414162,0.9997385907586644,72.89959631029413,0.06656069195701915,0,0.019646800682586497,1
box_sphere_scene_change_medium_3,scene_change,2134,907,0.05199909569560229,0.01068193058921052,0.9996582695600921,70.93213600657293,-0.16705388466340604,0,0.1531182361004382,0
box_sphere_scene_change_medium_3,scene_change,2135,1488,0.016269124353112705,0.0009894401064928758,0.9813995153988205,58.595904734498156,-0.2062746039704764,1,0.11053085833497063,0
box_sphere_scene_change_medium_3,scene_change,2136,2934,0.04001720220295226,0.026740571406668426,0.766750782440495,97.664698668094,0.06474746942419869,0,0.12588226262331514,0
box_sphere_scene_change_medium_3,scene_change,2138,406,0.25931355733190325,0.25713323857389353,0.8781738425155757,267.5486745271547,0.2384107901118941,0,0.3559593806797141,0
box_sphere_scene_change_medium_3,scene_change,2139,1029,0.05748845983934539,0.04688739385792405,0.8802596560331684,76.65244600773134,0.2682637513007694,0,0.13105841390905826,0
box_sphere_scene_change_medium_3,scene_change,2140,1051,0.03548215948139756,0.030720073848131073,0.7374008447933997,157.62867551667594,-0.6466262125455513,1,0.05681368155179716,1
box_sphere_scene_change_medium_3,scene_change,2141,3389,0.03760537558527136,0.02539022221278886,0.999659717230466,37.48322075831781,0.09531007980442975,1,0.09142013296621923,0
box_sphere_scene_change_medium_3,scene_change,2142,2866,0.05986844285632641,0.057155642093990336,0.6122158074639232,80.74790639792369,0.04651996801589379,0,0.09665584399301744,0
box_sphere_scene_change_medium_3,scene_change,2145,159,0.05544153275241666,0.05487554686752802,0.993284939649604,37.67931740344022,-0.08367239224593737,1,0.07524876413925286,1
box_sphere_scene_change_medium_3,scene_change,2146,2814,0.015563559648589314,0.009209541821859653,0.983732920357487,140.25760208145718,0.03774029094584644,1,0.10092893869680965,0
box_sphere_scene_change_medium_3,scene_change,2149,196,0.04109059974052766,0.03795603491664557,0.5996327565669757,65.6507190012963,0.6737286045071353,1,0.14353689196683184,0
box_sphere_scene_change_medium_3,scene_change,2151,1200,0.09616955867386386,0.0956411222670829,0.999927833632911,62.68713237472649,-0.12053393482928876,0,0.021574810165648738,1
box_sphere_scene_change_medium_3,scene_change,2152,2623,0.033671760993205554,0.002935362515241853,0.996769680180704,47.20469450296591,-0.07396362040476513,0,0.07801561069746511,1
box_sphere_scene_change_medium_3,scene_change,2154,213,0.08363126815089045,0.07386114416442761,0.15672129300065885,57.34402873860925,0.625183572440681,0,0.1674884058144933,0
box_sphere_scene_change_medium_3,scene_change,2157,2055,0.022730413750071427,0.013582263937335876,0.7878405121323093,80.72919154376837,-0.26713722241853133,1,0.10397273318839342,0
box_sphere_scene_change_medium_3,scene_change,2159,2827,0.0568802076879346,0.05380813565528772,0.6331534542171051,85.9698437475143,0.08426025896174034,0,0.11119770480601225,0
box_sphere_scene_change_medium_3,scene_change,2161,1932,0.06188767169510515,0.06139634098751066,0.9518953256575092,135.9134553764002,-0.6525611215996754,1,0.0762036927139193,1
box_sphere_scene_change_medium_3,scene_change,2164,457,0.03268448474707655,0.01993004806873771,0.7409051696232314,121.28470812150323,0.03774029094584644,0,0.1183361892533561,0
box_sphere_scene_change_medium_3,scene_change,2166,140,0.01288606132596944,0.0014644393394062927,0.9757627269895554,39.0017185462978,-0.25802558129570274,1,0.1037608864426607,0
box_sphere_scene_change_medium_3,scene_change,2167,1303,0.2840824110101161,0.2746396153869397,0.937190973526905,101.06743781201577,0.04058524646126015,0,0.38805080898650485,0
box_sphere_scene_change_medium_3,scene_change,2170,978,0.1021561724864858,0.10210187150025458,0.09426417180786464,65.44047222826222,0.6864352709320427,0,0.1501005826709098,0
box_sphere_scene_change_medium_3,scene_change,2171,3112,0.04297614199934733,0.013768779564253094,0.9986742085246711,116.70728475358474,-0.4924757073212694,1,0.051630407454081574,1
box_sphere_scene_change_medium_3,scene_change,2175,3352,0.07250788431594246,0.05763896083933272,0.6363815494271052,65.56450155525474,0.1431007103074644,0,0.12510344172337642,0
box_sphere_scene_change_medium_3,scene_change,2177,1450,0.02754007082041317,0.026173207496494648,0.9995555923358826,112.75100672346547,0.09531007980442975,1,0.10599512447318853,0
box_sphere_scene_change_medium_3,scene_change,2179,2439,0.08649998133959032,0.07820369235732784,0.9989969055311837,44.312908208615504,-0.0492709795624362,1,0.028542703755243072,1
box_sphere_scene_change_medium_3,scene_change,2180,2586,0.04058264554640545,0.03488271944208836,0.9997684773135797,182.35505486872557,-0.2540651965015589,0,0.07688532645423846,1
box_sphere_scene_change_medium_3,scene_change,2181,973,0.042697394608486886,0.00849269126524159,0.9999838094250993,68.79073016751758,-0.16705387413711645,1,0.13966208098848965,0
box_sphere_scene_change_medium_3,scene_change,2186,1433,0.08620303121894803,0.08552955013296239,0.9800307051877654,171.32637012430828,0.16144980008685367,1,0.016385142119433174,1
box_sphere_scene_change_medium_3,scene_change,2187,207,0.06391799084991202,0.06148806882662783,0.8979696846228951,73.34824471077077,-0.7375978996540606,0,0.0935347753964104,0
box_sphere_scene_change_medium_3,scene_change,2189,1772,0.015284056336646265,0.006743350482125296,0.9994251360816474,91.08139019042594,0.03774029094584644,1,0.09326277017567067,0
box_sphere_scene_change_medium_3,scene_change,2190,3303,0.012752775699311089,0.008833616304867332,0.9523530380191474,91.53454129581327,-0.027292111853258822,1,0.10886959000025838,0
box_sphere_scene_change_medium_3,scene_change,2191,2317,0.03889759598487606,0.022163519221330443,0.9961507435853152,149.20008376267532,-0.26713722241853133,0,0.07462474864215667,1
box_sphere_scene_change_medium_3,scene_change,2198,2083,0.031150219520309098,0.030458212681041645,0.9767961739305923,201.00383013044075,-0.08701129365637626,0,0.109939401136148,0
box_sphere_scene_change_medium_3,scene_change,2200,1256,0.03174771021165202,0.01294987318041046,0.95815477944178,75.85250954995237,0.5260926868061955,0,0.11108019557801967,0
box_sphere_scene_change_medium_3,scene_change,2201,2835,0.10255474476118474,0.09947277613359681,0.9976791315470949,42.780917046819006,-0.16705391075030407,1,0.03283359876957998,1
box_sphere_scene_change_medium_3,scene_change,2204,202,0.040132220016269135,0.008660854488548666,0.9835793981567503,34.04523520948477,-0.05884046192771995,0,0.07829236435205839,1
box_sphere_scene_change_medium_3,scene_change,2206,471,0.017376264083108033,0.008438090537032495,0.2643890514986587,74.21695978442317,-0.49729532859936293,1,0.08955519302508627,0
box_sphere_scene_change_medium_3,scene_change,2212,1419,0.016296201483959865,0.007350934581117296,0.9999119219414999,99.93615629791972,0.0,1,0.07742680188654498,1
box_sphere_scene_change_medium_3,scene_change,2213,3170,0.05734468544196373,0.05527854494783272,0.9567179026070797,126.82271315667498,-0.21834711062999546,0,0.08322553709421786,0
box_sphere_scene_change_medium_3,scene_change,2214,2349,0.011805689531588632,0.009283853304956702,0.9998719382764727,51.125365132048756,0.1206278488998859,1,0.08951846679314543,0
box_sphere_scene_change_medium_3,scene_change,2215,1259,0.043749342926827,0.026491743261522857,0.9866341226861008,46.553643704713295,-0.2135738622030872,0,0.08557152735330045,0
box_sphere_scene_change_medium_3,scene_change,2219,1046,0.02897073542147706,0.022984399005495672,0.9819701049062909,69.36076368034317,-0.1129867171942495,1,0.080006118918219,0
box_sphere_scene_change_medium_3,scene_change,2221,795,0.06498631771162196,0.05922534092549479,0.9849709865893386,96.05390924297066,-0.5184514178954213,0,0.054567276247962385,1
box_sphere_scene_change_medium_3,scene_change,2223,3286,0.09045162900088932,0.08016907536376221,0.5986380803828777,82.67121840251393,-0.20342155158551867,0,0.18975491605608136,0
box_sphere_scene_change_medium_3,scene_change,2224,2948,0.04204899042016828,0.0015469604965721948,0.9628071314734752,39.388469581568366,0.08426029282411976,0,0.10302638421508395,0
box_sphere_scene_change_medium_3,scene_change,2225,410,0.019307188824326332,0.015045567389765062,0.9994579229616397,57.60193336876067,0.2006704732401757,1,0.0772922668111667,1
box_sphere_scene_change_medium_3,scene_change,2228,1851,0.03826234931869911,0.010552357840965615,0.9993878623240139,73.98886225525241,-0.12449434343290522,0,0.13344878834838364,0
box_sphere_scene_change_medium_3,scene_change,2230,1028,0.08780124088289891,0.08669684029432025,0.9996807985899887,98.30656436210873,-0.1157606481705271,1,0.019249362061795568,1
box_sphere_scene_change_medium_3,scene_change,2234,1494,0.02578848964409249,0.02416443205944049,0.9400695302483887,104.01967607604522,0.22241047318938376,0,0.09976002198516748,0
box_sphere_scene_change_medium_3,scene_change,2237,2959,0.11929101066410608,0.11488959819032277,0.7718997448234953,297.3270100549345,0.831474153969709,0,0.028683336934812235,1
box_sphere_scene_change_medium_3,scene_change,2238,2270,0.09372022724486767,0.09361253871487264,0.9994331693514834,80.08473086313812,-0.22112101938410722,1,0.016752950252188772,1
box_sphere_scene_change_medium_3,scene_change,2239,2770,0.013896998062745289,0.002488441658450581,0.9998932230797112,44.4283784688596,-0.07174382304075282,1,0.11533619090587399,0
box_sphere_scene_change_medium_3,scene_change,2241,2320,0.01592790172210266,0.013366579641473439,0.9990618889577273,90.203228717817,-0.11826378239865744,1,0.08233636973360384,0
box_sphere_scene_change_medium_3,scene_change,2244,567,0.05496375940454492,0.047373645328457135,0.6294334776013225,56.43680491180423,0.5260928055743624,0,0.05654411249982328,1
box_sphere_scene_change_medium_3,scene_change,2245,248,0.025411413083971407,0.0027018974419897733,0.9885277606495693,42.28660886847109,-0.012903388962911535,1,0.06402347948353376,1
box_sphere_scene_change_medium_3,scene_change,2246,1550,0.03273370683942404,0.017890974759032265,0.9954357366014333,74.25985770667205,0.06656069195701915,1,0.1061988594484688,0
box_sphere_scene_change_medium_3,scene_change,2247,1602,0.005181483190332088,0.002428719045862396,0.7738667394046654,74.16845768804495,-0.018634062993183553,1,0.08851010889414031,0
box_sphere_scene_change_medium_3,scene_change,2248,1427,0.03891436189504336,0.023626551608012938,0.9988605896021249,148.04234742362726,-0.3068156835604513,1,0.06573422327295088,1
box_sphere_scene_change_medium_3,scene_change,2250,2345,0.08720324266928968,0.08574747008682276,0.9996420784360317,70.01594745377133,0.022187894860438023,1,0.009330445914176214,1
box_sphere_scene_change_medium_3,scene_change,2252,2078,0.11560821171555985,0.11396758940502909,0.9995524468334865,131.47366912054537,0.06656069195701915,0,0.0205183807849938,1
box_sphere_scene_change_medium_3,scene_change,2253,942,0.023408301070890355,0.010069990935828006,0.9588589452429432,43.47966354977128,-0.04445171909261546,1,0.12085560706824508,0
box_sphere_scene_change_medium_3,scene_change,2254,1859,0.08085195733291588,0.0787089752705647,0.998350717963191,113.49764557723631,0.09077491233960731,1,0.02716288129552569,1
box_sphere_scene_change_medium_3,scene_change,2261,3134,0.017630372367653826,0.01292739048432509,0.9992738270969829,52.280623202864994,-0.03352265632439591,1,0.09435638784611608,0
box_sphere_scene_change_medium_3,scene_change,2263,1591,0.07207258323875983,0.05436005880585773,0.8294128844718291,58.7158050721366,-0.01752233814740864,0,0.10239365982522247,0
box_sphere_scene_change_medium_3,scene_change,2269,2297,0.04864911233639996,0.02836081487013558,0.9644365447789301,59.887636778196054,-0.48213476293498,0,0.13732861199710372,0
box_sphere_scene_change_medium_3,scene_change,2270,659,0.10959543715491127,0.10602269452821994,0.9771992205470761,259.7714039483729,0.6497064986208692,0,0.016919276204606513,1
box_sphere_scene_change_medium_3,scene_change,2271,1080,0.02405896033987564,0.015317054718179363,0.7063103753401694,89.64370630723474,0.007299294862571895,1,0.08603866051547576,0
box_sphere_scene_change_medium_3,scene_change,2274,2931,0.08924950429587447,0.08646208171191404,0.9921068034463831,120.56715763385823,0.4260092739315897,1,0.023969243612582014,1
box_sphere_scene_change_medium_3,scene_change,2275,2244,0.04234238061063838,0.027973603633778755,0.6759490274158585,66.60127529547252,0.020998131076238644,0,0.09835056970067638,0
box_sphere_scene_change_medium_3,scene_change,2276,849,0.08032680978506734,0.07893169933632185,0.9927026733837012,120.6863795522126,-0.07174382304075282,1,0.07381024000391256,1
box_sphere_scene_change_medium_3,scene_change,2277,1505,0.014018378779294767,0.002833802355722747,0.9997944579089034,103.03762135595382,-0.06697054590577842,1,0.07543127847868072,1
box_sphere_scene_change_medium_3,scene_change,2278,1619,0.038151964643304795,0.02883683294966982,0.9639358445498105,60.95345126001944,-0.0027510312073894413,1,0.08146819513900783,0
box_sphere_scene_change_medium_3,scene_change,2280,342,0.017446128734493846,0.009019690379968722,0.9994772870516169,112.11318686950098,-0.3273964191186847,1,0.10509949335180674,0
box_sphere_scene_change_medium_3,scene_change,2287,2949,0.09402038579160807,0.09265368070798774,0.9996647174531146,69.85951559540274,0.056089416651088124,1,0.0068844982187345445,1
box_sphere_scene_change_medium_3,scene_change,2289,2180,0.25324366384947045,0.25240873143034004,0.8502729009179525,198.00652919773927,0.11057755981397795,0,0.35367299966775245,0
box_sphere_scene_change_medium_3,scene_change,2290,3044,0.017754046609483185,0.0031724765770796914,0.9995034182096766,106.68216917312738,-0.3212043676655222,1,0.09305021525498297,0
box_sphere_scene_change_medium_3,scene_change,2291,554,0.03733025382821302,0.023827277323732576,0.9978547902954816,80.94127123592519,0.2006704732401757,0,0.0971052234496708,0
box_sphere_scene_change_medium_3,scene_change,2293,1974,0.039579001354141545,0.004952566829802675,0.8973688831778868,36.583174511645495,-0.3677244838292624,1,0.074790908542157,1
box_sphere_scene_change_medium_3,scene_change,2295,8,0.01786921528737511,0.01683931098313099,0.9323703251725354,77.15562207497541,-0.053725350784778504,1,0.08266205370143742,0
box_sphere_scene_change_medium_3,scene_change,2297,2959,0.09096388627559399,0.09071665336871979,0.703309394802398,289.18193948809494,0.795756087954544,0,0.013807110744619069,1
box_sphere_scene_change_medium_3,scene_change,2298,1011,0.035687839378609365,0.00885698239503248,0.9994737290268881,74.88539054360336,-0.39019721597783363,0,0.11988096002618748,0
box_sphere_scene_change_medium_3,scene_change,2299,1137,0.11159926069184081,0.10502302607756063,0.9825497271486312,75.45628147735708,0.2682637513007694,0,0.022653406131215248,1
box_sphere_scene_change_medium_3,scene_change,2300,2017,0.09940930013557987,0.09736417678420127,0.9995950087551896,38.61650027292112,-0.006711428146769066,0,0.024095245452478046,1
box_sphere_scene_change_medium_3,scene_change,2301,1166,0.13020459105573826,0.12631646860971366,0.6440625522105632,291.02303517904545,0.7884567603647501,0,0.03740435750758548,1
box_sphere_scene_change_medium_3,scene_change,2305,2884,0.0840688284689195,0.07758776776039314,0.9998598369114334,56.93614690012443,-0.08701129365637626,1,0.017121814270274902,1
box_sphere_scene_change_medium_3,scene_change,2306,1943,0.028997617815264713,0.027749715769896356,0.9985847123969154,28.204654986299968,-0.1157606481705271,0,0.10348091850371237,0
box_sphere_scene_change_medium_3,scene_change,2308,1114,0.07993476034050012,0.07512746621876704,0.43759908084442245,74.50107193180074,-0.006711428146769066,0,0.12292023665905831,0
box_sphere_scene_change_medium_3,scene_change,2309,1322,0.039866783006728065,0.03644460167307453,0.9746022449281417,75.41457540903936,-0.2948871543551805,1,0.08618631154211194,0
box_sphere_scene_change_medium_3,scene_change,2311,1170,0.02836028007479651,0.015446116131715665,0.9997825921077123,133.74741416860545,0.10738264314398677,0,0.0878503111831146,0
box_sphere_scene_change_medium_3,scene_change,2312,3123,0.014165261553964368,0.006158001727356786,0.9717335570169745,47.45355568510045,0.04805725366349204,1,0.10650771972428637,0
box_sphere_scene_change_medium_3,scene_change,2313,3244,0.08303760518550592,0.07883441957169948,0.9976623010317175,143.46330732197663,0.04058524646126015,0,0.07025430173363156,1
box_sphere_scene_change_medium_3,scene_change,2314,1302,0.018310812458133766,0.0005122977620331997,0.9989712292345715,61.02642818819572,0.03774029094584644,1,0.11675609474939477,0
box_sphere_scene_change_medium_3,scene_change,2315,1019,0.07010896019486848,0.053815814668430315,0.7433373505609632,130.69949325348878,-0.33890387448521214,0,0.07003652731662863,1
box_sphere_scene_change_medium_3,scene_change,2318,2272,0.05487523955291684,0.05395039638564178,0.8751442308199945,77.50738802774747,0.3083693582330828,0,0.11900259909158545,0
box_sphere_scene_change_medium_3,scene_change,2321,2425,0.09171426253339837,0.08803865654490049,0.9861785039815214,203.60485777991013,0.41486706759807807,1,0.026939200640597655,1
box_sphere_scene_change_medium_3,scene_change,2324,1845,0.009030982557649102,0.007301315456359893,0.9001290053857465,105.0640559126053,0.3850141276212844,1,0.10255359589852783,0
box_sphere_scene_change_medium_3,scene_change,2326,2509,0.020887904855120126,0.0019695751076314457,0.9916595176997037,84.22422385536206,0.03361658386297964,1,0.08435233390570354,0
box_sphere_scene_change_medium_3,scene_change,2330,3114,0.02881962252208947,0.014596281453501267,0.9981508956865849,137.3809388953266,-0.6660445070855358,1,0.06498227651032576,1
box_sphere_scene_change_medium_3,scene_change,2331,3021,0.07290389606866797,0.07218682693672852,0.6343060502986277,107.02296799505375,0.13019733550814427,0,0.09945048616206498,0
box_sphere_scene_change_medium_3,scene_change,2333,2288,0.036192698565418104,0.031059835395371015,0.975567679374525,76.19199167575876,0.007299294862571895,0,0.08789467918497262,0
box_sphere_scene_change_medium_3,scene_change,2334,3172,0.04170607375859165,0.013173009173502063,0.9995266863302265,28.380697827313586,-0.4121760547740315,1,0.13859179932459373,0
box_sphere_scene_change_medium_3,scene_change,2335,1165,0.08325365421640615,0.06974400382919604,0.6373427744948261,64.85127787511352,0.05119945457542161,0,0.14076115608208833,0
box_sphere_scene_change_medium_3,scene_change,2341,2340,0.033445385453509696,0.01034939800778983,0.9997217517182655,53.83733681122914,-0.07608222364179483,0,0.07718586207814826,1
box_sphere_scene_change_medium_3,scene_change,2343,649,0.03422991571612584,0.010535100428510106,0.9795685774604874,48.16099438977057,-0.008830073873362676,0,0.10709297192746292,0
box_sphere_scene_change_medium_3,scene_change,2344,567,0.05254376713996826,0.01759595089060105,0.10596785316056331,48.683930150068875,0.406291659134152,0,0.13795677643352794,0
box_sphere_scene_change_medium_3,scene_change,2346,1431,0.06967634033854257,0.06512485709470628,0.9807367012780338,33.673286888410736,0.18434360724315527,0,0.053170726308303745,1
box_sphere_scene_change_medium_3,scene_change,2347,1239,0.09348494614918672,0.091045764890472,0.9997901653225435,70.24805211306376,0.0741079007252193,1,0.03719969116112504,1
box_sphere_scene_change_medium_3,scene_change,2348,3383,0.056580830658108726,0.024384876397474796,0.9992121819954677,147.61848483235312,0.12062782112217885,0,0.12012231219110045,0
box_sphere_scene_change_medium_3,scene_change,2349,2837,0.0437655059328232,0.020588268616994358,0.9997335777443455,106.96435527673466,-0.3212041692534418,0,0.05580765911313043,1
box_sphere_scene_change_medium_3,scene_change,2352,469,0.07676827528356017,0.04800158676168581,0.9788511285766279,65.23055286897043,-0.4353173653766553,0,0.08760591714902535,0
box_sphere_scene_change_medium_3,scene_change,2355,355,0.037667577644483294,0.004114312492644988,0.9884006625984431,53.668412008276604,-0.12783325150999786,0,0.12315856814083322,0
box_sphere_scene_change_medium_3,scene_change,2356,1977,0.09392229371710792,0.07528233146474325,0.9967882544240997,37.595196123515066,-0.006711428146769066,0,0.03713415426675081,1
box_sphere_scene_change_medium_3,scene_change,2357,1510,0.09574577563230312,0.09384401681087808,0.9996952198012349,41.666914774037465,-0.07608222364179483,0,0.023792084323791967,1
box_sphere_scene_change_medium_3,scene_change,2358,2771,0.08739947377718574,0.08690324902029317,0.9984594969614985,63.10012583588304,-0.04445171909261546,1,0.009181364408353617,1
box_sphere_scene_change_medium_3,scene_change,2360,1627,0.027337882992348267,0.013489709543585023,0.9586934249995598,115.12751946800068,-0.2411618425313652,0,0.09948249238194125,0
box_sphere_scene_change_medium_3,scene_change,2363,416,0.039353802755638975,0.014949240323902218,0.9989353741176228,72.46091714056122,0.02400112463962012,0,0.13892611878365063,0
box_sphere_scene_change_medium_3,scene_change,2364,2758,0.0278308796447627,0.011601804865130154,0.9995359648026266,121.22414494929461,-0.4034422872896321,1,0.117992576580441,0
box_sphere_scene_change_medium_3,scene_change,2368,2477,0.03394605331118716,0.01884487460927143,0.8580377970123758,33.86139346444131,-0.012903392931156962,0,0.11880036144223534,0
box_sphere_scene_change_medium_3,scene_change,2369,930,0.034558358805520294,0.020995922947959482,0.9637386007686755,69.80880979487208,-0.25802558129570274,0,0.089776728936679,0
box_sphere_scene_change_medium_3,scene_change,2371,2786,0.08255211455413303,0.079376406211732,0.9944586040494411,141.8422131169283,-1.3121836746868525,1,0.045581767259957086,1
box_sphere_scene_change_medium_3,scene_change,2372,3032,0.02278907706908433,0.008060623028209587,0.3307406127409674,55.26161945425122,0.3982594352961976,1,0.08698476444555728,0
box_sphere_scene_change_medium_3,scene_change,2377,2540,0.03040792681757541,0.007286145574049546,0.9903969891340357,29.240903061795755,-0.1262319668096982,1,0.09557921128816288,0
box_sphere_scene_change_medium_3,scene_change,2380,493,0.07995664071516353,0.04466015161008522,0.9999061292796323,32.88588708192914,0.1777861908445003,0,0.025304308446353212,1
box_sphere_scene_change_medium_3,scene_change,2383,1229,0.03282250608003822,0.0030123400469706393,0.9878764807647177,147.2030378973262,0.15571915653270804,0,0.13100459252176846,0
box_sphere_scene_change_medium_3,scene_change,2388,1244,0.07427086468421443,0.06301683108110882,0.5453891903581872,79.12749578590908,-0.211505621937798,0,0.12302024759770437,0
box_sphere_scene_change_medium_3,scene_change,2390,3286,0.03803335744987398,0.017801720460008975,0.40978306157211336,66.18584630605602,-0.03352266525295062,1,0.1078798522765469,0
box_sphere_scene_change_medium_3,scene_change,2395,2417,0.029055381392103546,0.000557008118331432,0.9973198910040897,73.38759906003554,-0.041890878964156046,1,0.0646988614431013,1
box_sphere_scene_change_medium_3,scene_change,2397,1664,0.027553096959115925,0.01011805593577293,0.9981425062260846,93.3850152821988,-0.3068156835604513,1,0.11497670224770273,0
box_sphere_scene_change_medium_3,scene_change,2404,2117,0.08108435253221612,0.0733711463999226,0.8177427146842171,105.67461142036967,0.02965618163260386,0,0.12303210483315061,0
box_sphere_scene_change_medium_3,scene_change,2405,3313,0.038196920933558635,0.022669104281076047,0.9988173463341816,90.93214257626285,-0.25802558129570274,0,0.09060654346385157,0
box_sphere_scene_change_medium_3,scene_change,2406,1799,0.031527137914408754,0.00034889054250430095,0.969326244224993,49.1590883441959,-0.748974908751385,0,0.1365959763971137,0
box_sphere_scene_change_medium_3,scene_change,2409,735,0.0438794693137504,0.009826691867668873,0.9745737086903826,90.28299352756619,0.3083693582330828,0,0.08117655850242805,0
box_sphere_scene_change_medium_3,scene_change,2410,3168,0.02762697518199316,0.0008218558260450992,0.9992942617434115,54.12789097268296,-0.06697054590577842,0,0.09972646298857446,0
box_sphere_scene_change_medium_3,scene_change,2411,3001,0.02935441900042206,0.0146137123442705,0.9987918018060957,72.00096704935994,0.04651996801589379,0,0.06953796980466977,1
box_sphere_scene_change_medium_3,scene_change,2412,2960,0.03764698450433247,0.024534697197638917,0.9996383139376956,106.2335725397937,-0.31365719043442514,0,0.06834223525763147,1
box_sphere_scene_change_medium_3,scene_change,2414,1344,0.03744941901356905,0.007719082422545479,0.9822899549620325,45.10228305409925,0.044254980992854055,0,0.08110233712970165,0
box_sphere_scene_change_medium_3,scene_change,2419,2222,0.053694686358813734,0.0024561343538947213,0.99940409779464,97.61358901132525,0.18434360724315527,0,0.1477623281727001,0
box_sphere_scene_change_medium_3,scene_change,2420,3289,0.07511387010515087,0.07248080413040808,0.940897801828597,58.193023136416,0.09864899121484887,1,0.08129227492552671,0
box_sphere_scene_change_medium_3,scene_change,2421,2065,0.02348091804686449,0.019292367500929115,0.9850793633600473,66.06207175240323,-0.08909248778808337,1,0.12795008326617707,0
box_sphere_scene_change_medium_3,scene_change,2422,3144,0.015235312028758184,0.00272310295142184,0.9976197000879005,111.19405463011222,0.07806828158248696,1,0.0850501748972425,0
box_sphere_scene_change_medium_3,scene_change,2423,993,0.04698367094168701,0.015717272626668954,0.9999309200003355,140.63707895297495,-0.08701129365637626,0,0.12579591064147927,0
box_sphere_scene_change_medium_3,scene_change,2424,2040,0.09802429127812172,0.09205852410143278,0.9982197000289423,115.21703322929673,-0.25043544316768634,0,0.012629920994474207,1
box_sphere_scene_change_medium_3,scene_change,2428,1882,0.033847901370654895,0.009397206494836817,0.8688276115131378,76.89075770813541,0.3982594352961976,0,0.13681152865193394,0
box_sphere_scene_change_medium_3,scene_change,2429,2277,0.02245541111659202,0.01711656575511913,0.9890138925801686,32.693655194090006,-0.08701129365637626,0,0.10897545538733991,0
box_sphere_scene_change_medium_3,scene_change,2431,2355,0.059091905888227936,0.0586887401609191,0.7865276345321608,102.22914595491847,0.02965618163260386,0,0.10275937932866444,0
box_sphere_scene_change_medium_3,scene_change,2434,904,0.047029439588276656,0.043069800488223314,0.9715302432170747,60.031992066267605,-0.16705393651514971,1,0.0750262268609564,1
box_sphere_scene_change_medium_3,scene_change,2438,1844,0.03297317780242257,0.029725454047776007,0.9415242113371801,107.64939042519624,-0.1331524249415957,1,0.08857597499745624,0
box_sphere_scene_change_medium_3,scene_change,2440,3029,0.08266928511534247,0.07932641954427053,0.2727979512131169,48.14239960844529,0.09245703886430266,0,0.13025473612907804,0
box_sphere_scene_change_medium_3,scene_change,2443,3012,0.02729896886793098,0.0032658762334435293,0.9514943030172821,91.34694309448399,-0.2540651965015589,0,0.11303479963887571,0
box_sphere_scene_change_medium_3,scene_change,2445,552,0.06699560304183,0.06525529074659336,0.9997466175315989,80.99133282813116,-0.16705389418719344,1,0.022856084727844405,1
box_sphere_scene_change_medium_3,scene_change,2448,1752,0.036309728386961455,0.029703805648654467,0.9997079667316011,58.40454487493332,-0.12449434343290522,0,0.07169897436733934,1
box_sphere_scene_change_medium_3,scene_change,2449,2261,0.10621679309136625,0.10385867004858729,0.9994658979020651,95.45085491437166,-0.012903388962911535,0,0.01803506291728685,1
box_sphere_scene_change_medium_3,scene_change,2450,530,0.05307303931805004,0.006788900159935912,0.9284738575266905,63.533789706380304,0.015267455464140146,0,0.15285458352373613,0
box_sphere_scene_change_medium_3,scene_change,2451,2652,0.05319661486701107,0.023315351851072835,0.9997284739075745,129.0077776349578,-0.2135738622030872,0,0.14653717842053957,0
box_sphere_scene_change_medium_3,scene_change,2452,868,0.024280442885477673,0.0046963120276473265,0.9799766831252652,48.774126014206196,-0.16705391075030407,1,0.11879249955721469,0
box_sphere_scene_change_medium_3,scene_change,2455,1967,0.03198734399085535,0.02009438222440367,0.9580175111746452,47.51768491642262,0.10919918851681429,1,0.08188303540882023,0
box_sphere_scene_change_medium_3,scene_change,2456,1275,0.038391336718881855,0.00021051624113693304,0.9999373166095986,142.20514871249563,-0.1157606481705271,0,0.07322026635500944,1
box_sphere_scene_change_medium_3,scene_change,2460,891,0.0286687603935874,0.003992743608933084,0.9678457047222956,168.33691032056703,-0.5944973226795564,0,0.09263903093433361,0
box_sphere_scene_change_medium_3,scene_change,2463,2225,0.048970369951306984,0.028297845302700964,0.9998784406035458,98.78662222130205,0.09531007980442975,0,0.053357826805092885,1
box_sphere_scene_change_medium_3,scene_change,2465,272,0.03338100338177893,0.01073172639597256,0.9686907717667204,115.63451442503387,-0.006711428146769066,0,0.11256093353180012,0
box_sphere_scene_change_medium_3,scene_change,2466,2583,0.012076417426507885,0.0009502025141361306,0.9495537172003877,55.20856415894371,0.22071121702252808,1,0.10238957807855655,0
box_sphere_scene_change_medium_3,scene_change,2473,2464,0.023333036284765744,0.018539849668947023,0.9981375013782071,118.5483010097179,-0.05785474230034016,1,0.07509967303635774,1
box_sphere_scene_change_medium_3,scene_change,2474,1192,0.08759010037066248,0.0825763596731959,0.9966147420413531,30.43368888039941,-0.129313639871308,1,0.051839185202227474,1
box_sphere_scene_change_medium_3,scene_change,2475,936,0.06326153507500705,0.046843226517947596,0.6006992109837552,91.25147735111032,0.15139951766759943,0,0.1286709065733455,0
box_sphere_scene_change_medium_3,scene_change,2477,2023,0.029202181299899616,0.02869777237824835,0.6157514938010437,55.78295642924543,-0.4643052367028288,1,0.11951601672947164,0
box_sphere_scene_change_medium_3,scene_change,2479,245,0.12333549484842005,0.10946569361614499,0.5443274925853016,57.45663524298108,0.015267458797466623,0,0.2230346207537285,0
box_sphere_scene_change_medium_3,scene_change,2483,273,0.02796541904389267,0.015515330707725044,0.9998935193417892,90.04122421542243,0.23841069011213306,1,0.08433834054629213,0
box_sphere_scene_change_medium_3,scene_change,2487,740,0.03386066989406347,0.02361998023304763,0.9361131592094991,37.693335426859356,0.07135688050682114,1,0.07654741995746464,1
box_sphere_scene_change_medium_3,scene_change,2491,1722,0.10624186888102993,0.08691209688963886,0.9769848737896079,55.39358543986021,0.027101908769404198,0,0.017765939418518888,1
box_sphere_scene_change_medium_3,scene_change,2493,245,0.05091005103592924,0.050632614141935366,0.48029650883436764,71.65261967122204,-0.053725350784778504,0,0.1434766661685896,0
box_sphere_scene_change_medium_3,scene_change,2494,113,0.02370303425343918,0.015461924725368387,0.9982878539890694,74.60167157931203,0.05608939165114389,0,0.0899321541193497,0
box_sphere_scene_change_medium_3,scene_change,2496,2533,0.09407921794465944,0.0827788255717803,0.6164498433572052,83.94006328619173,-0.16705391075030407,0,0.1378879708290886,0
box_sphere_scene_change_medium_3,scene_change,2499,3174,0.036748550513932894,0.0017944751706285844,0.9999828865220561,92.02792756660693,0.1777861908445003,1,0.13013117365524143,0
box_sphere_scene_change_medium_3,scene_change,2502,189,0.10802599159991169,0.10726970498654076,0.999649498698903,102.09135130649476,-0.16705391075030407,0,0.02020319732945321,1
box_sphere_scene_change_medium_3,scene_change,2506,72,0.09070599466432873,0.0894780102311324,0.9862919135489087,58.861964017394165,-0.04445171909261546,0,0.006887716264261599,1
box_sphere_scene_change_medium_3,scene_change,2509,302,0.06474539780579257,0.06375072779078488,0.9984683469622738,77.61967163036097,-0.027292111853258822,1,0.02869626119865776,1
box_sphere_scene_change_medium_3,scene_change,2513,1381,0.053876330601826054,0.013034446230120537,0.8977738384202929,68.84523396369644,-0.9208249090994806,0,0.05334672551511077,1
box_sphere_scene_change_medium_3,scene_change,2516,1175,0.021963273412810576,0.018965834710583662,0.9983516852262786,98.2695638658327,-0.2135738622030872,1,0.10468784131132969,0
box_sphere_scene_change_medium_3,scene_change,2517,731,0.022176847493536954,0.001305505378810968,0.9999383956696816,99.83247580580225,0.1206278488998859,1,0.09901810957560336,0
box_sphere_scene_change_medium_3,scene_change,2518,1036,0.02841736814922849,0.005768247944363863,0.9783823974568088,67.05629809029637,-0.45473552378251103,1,0.0948528030737257,0
box_sphere_scene_change_medium_3,scene_change,2519,309,0.04004292392758225,0.0076314863987154685,0.9998860417803092,90.64150908401704,0.19585116446129122,0,0.08940454373903871,0
box_sphere_scene_change_medium_3,scene_change,2523,388,0.29514336366329635,0.2696653636267887,0.8929742603954653,69.71791934155888,-0.3718481303061787,0,0.39773530988530953,0
box_sphere_scene_change_medium_3,scene_change,2525,11,0.1045148755784082,0.10424446404370072,0.9099839684070372,297.9131726930684,0.6951688458242575,0,0.018624553764594702,1
box_sphere_scene_change_medium_3,scene_change,2530,820,0.02716420245042136,0.01590557768254107,0.2865424430401693,51.43184395044457,0.030771637833434402,1,0.13032852558601643,0
box_sphere_scene_change_medium_3,scene_change,2531,3294,0.088668753693809,0.08862375043990195,0.9991251582011804,167.29740292836007,-0.31365719043442514,0,0.018677228479740376,1
box_sphere_scene_change_medium_3,scene_change,2532,1085,0.026180128950790377,0.015408164593121323,0.9470545625373581,31.45855264005709,-0.0824966409912615,1,0.1189073676684676,0
box_sphere_scene_change_medium_3,scene_change,2534,1597,0.0259383049627708,0.014656966456384694,0.9495335552138862,70.82973799816692,-0.012903398033190497,1,0.08985693104015906,0
box_sphere_scene_change_medium_3,scene_change,2535,233,0.09673518165493027,0.09654313709634085,0.9984003861384025,86.21319207618338,-0.12260219165768865,0,0.010141625897607635,1
box_sphere_scene_change_medium_3,scene_change,2536,1970,0.020667578813959572,0.0034054077904476458,0.9578316336616229,66.057464781592,-0.12053393482928876,1,0.12138662054009221,0
box_sphere_scene_change_medium_3,scene_change,2537,494,0.07685541134775437,0.07660816369918555,0.5005622764614414,80.38744928497937,0.21971876988783873,0,0.11929010527564249,0
box_sphere_scene_change_medium_3,scene_change,2538,1063,0.02273567583754584,0.007848840283413231,0.9991586436879349,107.93917554767462,-0.16705388466340604,1,0.11183004073248211,0
box_sphere_scene_change_medium_3,scene_change,2539,721,0.031233443742638065,0.004025244723460947,0.9147261977743283,59.716507039835165,-0.21468201113405658,1,0.08558322641939259,0
box_sphere_scene_change_medium_3,scene_change,2541,2213,0.050315980965145835,0.01045326407598656,0.9305086127165425,41.30170870577993,0.08718000538597792,0,0.0609431880404747,1
box_sphere_scene_change_medium_3,scene_change,2542,2626,0.15417321184446478,0.15198761399613517,0.004240677987181367,154.4498552747117,0.3719420906729833,0,0.2556692004854304,0
box_sphere_scene_change_medium_3,scene_change,2543,2743,0.028032535897513575,0.0029249661702648463,0.9999165414376945,50.99178227990803,-0.06697054590577842,1,0.0701039626251598,1
box_sphere_scene_change_medium_3,scene_change,2545,1309,0.06530262563331711,0.016633381627073437,0.9982115280293872,86.30816160473253,-0.0045351492830458745,0,0.08490494784654284,0
box_sphere_scene_change_medium_3,scene_change,2548,2131,0.03069859666072473,0.02963684562283106,0.9737505683635537,36.94308214075751,0.06656069195701915,1,0.09829211226865087,0
box_sphere_scene_change_medium_3,scene_change,2552,2416,0.034531354539350335,0.011233755674493619,0.9587892246050719,70.17695542412639,0.2849308442748303,1,0.1336786115178488,0
box_sphere_scene_change_medium_3,scene_change,2553,1961,0.05499993540083989,0.04511215998556527,0.9290384618022038,60.6772447770846,-0.34937525812421216,0,0.09127558441529982,0
box_sphere_scene_change_medium_3,scene_change,2554,149,0.05915399982328381,0.031159957917653722,0.997923988181948,133.66668355650458,-0.367724335681416,0,0.14632694727884898,0
box_sphere_scene_change_medium_3,scene_change,2558,154,0.04767195722312838,0.02595558453220586,0.9386541484278558,59.38279661266638,-0.3562957595893498,0,0.11934996114299444,0
box_sphere_scene_change_medium_3,scene_change,2559,90,0.03073768496360631,0.0052326330492055454,0.9961698510788297,117.19720751898473,0.26038959393232597,1,0.07393142937666428,1
box_sphere_scene_change_medium_3,scene_change,2561,1834,0.03777062570830034,0.02962394422208415,0.9684029679073107,50.9655940093248,-0.1157606481705271,1,0.09846580649508715,0
box_sphere_scene_change_medium_3,scene_change,2562,3162,0.02805880697959419,0.003720887476400454,0.9818633691452343,125.67598746179777,0.21860814203146808,1,0.11025552633388389,0
box_sphere_scene_change_medium_3,scene_change,2564,2221,0.031485283353466134,0.023181056703446813,0.9383409994726152,37.089514720573746,-0.004535152224216613,1,0.09355668867312646,0
box_sphere_scene_change_medium_3,scene_change,2565,90,0.04093615250866546,0.005572617073669271,0.9974809424081409,111.8047889082072,0.12062782112217885,0,0.13034374249108957,0
box_sphere_scene_change_medium_3,scene_change,2568,2297,0.01729648426538522,0.006412074916999799,0.9935369875388175,62.9794693950189,-0.312235876602412,1,0.09638295353786788,0
box_sphere_scene_change_medium_3,scene_change,2571,2333,0.04844658844125462,0.016674362764845366,0.9998228092255323,49.58066585248996,0.16941792338692735,1,0.14803298512083884,0
box_sphere_scene_change_medium_3,scene_change,2575,3324,0.05410125804982133,0.010688932768019153,0.15123841710532115,59.8055746116429,0.06072981606113551,0,0.14166288199099528,0
box_sphere_scene_change_medium_3,scene_change,2577,108,0.08057040017209115,0.07387325476344087,0.5271594192602882,72.79380546430599,-0.04927100271052982,0,0.11549317759730761,0
box_sphere_scene_change_medium_3,scene_change,2579,1531,0.06317117699033542,0.062026100137669835,0.4615387078989133,88.29220402680953,0.406291659134152,0,0.1252993170390737,0
box_sphere_scene_change_medium_3,scene_change,2581,959,0.03707292660923442,0.012221750414057264,0.9907002491811808,53.94763706088339,0.008836574356335485,1,0.11423590368689267,0
box_sphere_scene_change_medium_3,scene_change,2582,1645,0.05065780599611728,0.016453252976712417,0.9995198427347567,85.6065931215449,0.09531007980442975,0,0.12555579181857077,0
box_sphere_scene_change_medium_3,scene_change,2583,2941,0.10557168911498652,0.09918149124289706,0.9995448829002623,30.211922730255612,-0.227678375597731,0,0.04159861067199498,1
box_sphere_scene_change_medium_3,scene_change,2588,2055,0.04565703941585953,0.015612711249431272,0.8794288421858806,79.41229178067148,-0.26713722241853133,0,0.10105644001815632,0
box_sphere_scene_change_medium_3,scene_change,2590,3381,0.030104056042696798,0.01549020867292857,0.9973408138908714,130.6155755940987,0.08426021663380437,1,0.08594604746913993,0
box_sphere_scene_change_medium_3,scene_change,2594,1961,0.03712979678065388,0.03398946208528868,0.9715114421940603,46.268399638963274,-0.2540651965015589,1,0.08099167190673033,0
box_sphere_scene_change_medium_3,scene_change,2596,1153,0.09332523231889611,0.09243314724626836,0.656325726858228,289.46399519549647,0.831474153969709,0,0.028743502909644184,1
box_sphere_scene_change_medium_3,scene_change,2597,1499,0.040185344711526724,0.011507944764885212,0.9993538893337405,90.54398449104629,-0.12053393482928876,0,0.10912014762045238,0
box_sphere_scene_change_medium_3,scene_change,2598,2437,0.03406377556977075,0.01350017660288008,0.945171957757567,153.39821142158942,0.06474746942419869,1,0.09680783524077277,0
box_sphere_scene_change_medium_3,scene_change,2600,3290,0.05291988469360305,0.03166110408316206,0.992817562814401,155.58234063450755,-0.03352265632439591,0,0.0876798186182327,0
box_sphere_scene_change_medium_3,scene_change,2607,1387,0.09029809817095259,0.08985416847830105,0.9920881782648312,41.02669206825634,0.002844949817418296,0,0.031011711694332537,1
box_sphere_scene_change_medium_3,scene_change,2609,2735,0.09760920655975168,0.0956581238434679,0.9995508049030637,144.2485077031846,-0.10251540519250629,1,0.018428996082086924,1
box_sphere_scene_change_medium_3,scene_change,2611,3190,0.030893132996768914,0.004558701085236056,0.9998755771849561,85.45961466387989,0.1777861908445003,0,0.06362725757998834,1
box_sphere_scene_change_medium_3,scene_change,2612,1573,0.0280008408250476,0.009059295388746665,0.990493637765615,40.54724152645967,-0.2062746039704764,0,0.11923450745802562,0
box_sphere_scene_change_medium_3,scene_change,2614,1816,0.09822064720740817,0.0954807096100675,0.999168572370526,32.45380281259574,-0.16705388466340604,1,0.008017758232659367,1
box_sphere_scene_change_medium_3,scene_change,2615,2173,0.04739423724607914,0.01471918696317407,0.9983462890386263,89.80638675495986,0.20450926832124405,0,0.11675392574963267,0
box_sphere_scene_change_medium_3,scene_change,2617,776,0.10070659914140218,0.09632677887271518,0.758907359845702,48.790137165677045,0.3982594352961976,0,0.06585605740949109,1
box_sphere_scene_change_medium_3,scene_change,2620,2481,0.05871486158726633,0.0573330532247596,0.6194657507105907,82.54368567261704,0.06474746942419869,0,0.09896268129231751,0
box_sphere_scene_change_medium_3,scene_change,2623,1723,0.01878122852891085,0.010128507307265952,0.966647339476424,73.53406435559646,0.5050393232240368,1,0.11481679462332606,0
box_sphere_scene_change_medium_3,scene_change,2626,921,0.028738372812075585,0.008545937018581385,0.9929322291567584,35.54612358869416,-0.08004262434028976,1,0.05675626608617363,1
box_sphere_scene_change_medium_3,scene_change,2627,2312,0.011704797595968954,0.007595542578216686,0.9987442506513939,115.95431343703915,0.1466033162973087,1,0.10263015121125776,0
box_sphere_scene_change_medium_3,scene_change,2628,3307,0.019258340251584478,0.0164272337857372,0.9999078638770535,36.862416678744886,-0.03352265632439591,1,0.10080463734680287,0
box_sphere_scene_change_medium_3,scene_change,2630,628,0.09493800684966652,0.09443500322514295,0.9994159168470003,75.59842256691812,0.02400112463962012,0,0.013713637788872609,1
box_sphere_scene_change_medium_3,scene_change,2631,1126,0.09149179364602615,0.08051989859499015,0.9994651050826546,70.81970130657017,0.03774029094584644,1,0.03897313275602435,1
box_sphere_scene_change_medium_3,scene_change,2632,928,0.041562157011039685,0.010308542556274652,0.9994344690540413,85.00748318382185,-0.35810890952704055,1,0.06532264700152232,1
box_sphere_scene_change_medium_3,scene_change,2633,3059,0.04836851934972633,0.0066797847017153085,0.9996347135724187,84.64253255449249,-0.31365719043442514,0,0.14008798728155555,0
box_sphere_scene_change_medium_3,scene_change,2634,3304,0.10607355049757386,0.10369252214166622,0.9996909067954235,87.12799275230626,0.007299294862571895,0,0.01829443598469407,1
box_sphere_scene_change_medium_3,scene_change,2636,2134,0.04847044885044942,0.026793079469211497,0.9999422724458216,77.64743050171711,0.056089406651107905,0,0.06598756884402843,1
box_sphere_scene_change_medium_3,scene_change,2637,1218,0.03584663104392051,0.026278623081545164,0.9987650666821395,116.84330900008973,0.015267455464140146,0,0.09234093284935933,0
box_sphere_scene_change_medium_3,scene_change,2642,2341,0.01805874102611003,0.011972906452138166,0.9992580834609343,136.45696437977983,0.2006704732401757,0,0.09726708390634368,0
box_sphere_scene_change_medium_3,scene_change,2644,2589,0.013309198486001907,0.012143450185697699,0.9990690061875633,35.63716688930053,0.12062786874111314,1,0.09232630990840739,0
box_sphere_scene_change_medium_3,scene_change,2645,1139,0.035733871240615465,0.012922958888153169,0.7919154238276698,35.5569817659694,-0.11826385144615546,1,0.13338088078517799,0
box_sphere_scene_change_medium_3,scene_change,2646,522,0.08913745134103046,0.08635740630335402,0.9998905610902652,27.453467865260713,-0.211505621937798,1,0.011156186306294714,1
box_sphere_scene_change_medium_3,scene_change,2649,302,0.0924424410715395,0.08595352466698027,0.9985805825465627,56.77522371535698,-0.11826378239865744,0,0.016899733047560764,1
box_sphere_scene_change_medium_3,scene_change,2654,2581,0.03495795084556907,0.03047082121149477,0.9999934358955346,71.81073786480103,-0.27241425587698626,1,0.07040308257667342,1
box_sphere_scene_change_medium_3,scene_change,2655,518,0.06927582327462027,0.06333617610634511,0.9992734380312962,99.23792342204014,-0.2158439964519421,1,0.03744784327306521,1
box_sphere_scene_change_medium_3,scene_change,2656,376,0.06642314955379272,0.059122073361038904,0.968137782911032,39.14332714328377,0.0741079007252193,0,0.04286188663084612,1
box_sphere_scene_change_medium_3,scene_change,2657,2420,0.055716062015212967,0.013675097181435465,0.7430272791875385,108.4730717630299,0.3635738311051992,0,0.09739591097509238,0
box_sphere_scene_change_medium_3,scene_change,2658,51,0.026904982455849855,0.00483730292982811,0.7710323900907705,219.4564321266712,-0.7548398310479368,1,0.10358670318009025,0
box_sphere_scene_change_medium_3,scene_change,2662,2128,0.08499467034025017,0.06562920957836287,0.9976817278616197,41.16816304314648,0.06474746942419869,0,0.03793824336263971,1
box_sphere_scene_change_medium_3,scene_change,2667,1058,0.028458588291686654,0.0028509011818170144,0.961736296418734,96.05608972227861,-0.22112101938410722,1,0.10967672869834853,0
box_sphere_scene_change_medium_3,scene_change,2669,2486,0.06770627967342623,0.023203612195101628,0.9990941000333885,185.54098831034818,-0.05582837524963516,1,0.15247686421224832,0
box_sphere_scene_change_medium_3,scene_change,2671,273,0.030478041314357444,0.011576104987994341,0.9997066748437967,86.30953382997956,0.28493064947003777,0,0.06959879583128026,1
box_sphere_scene_change_medium_3,scene_change,2672,1523,0.10031195968487651,0.09797031579264114,0.9997469965344928,53.9557156595078,-0.30058515585946355,0,0.02833962961654504,1
box_sphere_scene_change_medium_3,scene_change,2674,2602,0.053783976106051914,0.05112665226909769,0.18825921857681754,203.18624510449737,0.08887921151711367,0,0.15012665660068372,0
box_sphere_scene_change_medium_3,scene_change,2677,2676,0.030732136094582464,0.023391633521100248,0.9559328696655359,79.94169125929574,-0.12053393482928876,1,0.12469726534695408,0
box_sphere_scene_change_medium_3,scene_change,2678,2796,0.023398051977901024,0.0003877093625814235,0.04807714426672167,72.3399659625684,0.45198474279100276,1,0.12044221123006311,0
box_sphere_scene_change_medium_3,scene_change,2680,2348,0.10821638877663131,0.10590043296920473,0.9998665619948772,115.89465720682321,0.09864899121484887,0,0.022355357994412337,1
box_sphere_scene_change_medium_3,scene_change,2683,1480,0.02992019844259313,0.026457159773011944,0.9400647247340371,67.26153623759357,0.042666415688294365,0,0.11040736301063461,0
box_sphere_scene_change_medium_3,scene_change,2685,692,0.08965301109596087,0.08239967458096817,0.999735462457618,60.7838905324799,0.02400112463962012,1,0.04734998685622707,1
box_sphere_scene_change_medium_3,scene_change,2688,2283,0.026400070548009708,0.01933710889848558,0.9655913924760517,52.638152540073406,-0.2158439964519421,1,0.07940243230645597,1
box_sphere_scene_change_medium_3,scene_change,2690,3139,0.08291400399764938,0.07867932866779083,0.9996671188126851,105.30335716013455,-0.31365719043442514,1,0.0227560534414865,1
box_sphere_scene_change_medium_3,scene_change,2694,1581,0.04845243035123259,0.01474472116820634,0.9995003117257795,65.14908440366995,-0.1670538493693807,0,0.14395944944137531,0
box_sphere_scene_change_medium_3,scene_change,2695,653,0.016600801417673634,0.006985918444465167,0.9998822810973522,107.14996983365089,-0.0045351492830458745,1,0.09688106547828364,0
box_sphere_scene_change_medium_3,scene_change,2696,94,0.028622738896612238,0.010807098682029684,0.12696410147580384,52.96812822554727,-0.07174385031342827,1,0.12165292682416264,0
box_sphere_scene_change_medium_3,scene_change,2699,1679,0.03835070798095018,0.024729364847740454,0.9370047782433156,63.80900405295692,-0.2884147315293389,1,0.13108188688894667,0
box_sphere_scene_change_medium_3,scene_change,2705,2385,0.02583397586495404,0.01125779822220447,0.9970290063989548,166.59734059158433,-0.12053393482928876,1,0.12180220626168697,0
box_sphere_scene_change_medium_3,scene_change,2706,3086,0.04635495137187827,0.032375954430246934,0.9748369485728016,101.60109592977344,-0.21834711062999546,0,0.12378300679775578,0
box_sphere_scene_change_medium_3,scene_change,2709,48,0.04406560492520958,0.013296623153864786,0.9701868184543119,135.0967742510095,-0.027292111853258822,1,0.13233302646268225,0
box_sphere_scene_change_medium_3,scene_change,2711,3118,0.03358175738676149,0.0026034667390339374,0.9996162414710599,100.80916602380816,0.12062786874111314,0,0.06688761897395529,1
box_sphere_scene_change_medium_3,scene_change,2712,1869,0.02930068004899941,0.008464657172321317,0.9392181690287551,39.51951312621078,0.36846386917309,1,0.11702803502528467,0
box_sphere_scene_change_medium_3,scene_change,2713,1002,0.041582446767276605,0.02636124142744267,0.9975089213501105,128.54277589388096,0.2384107641860222,0,0.12874000074329622,0
box_sphere_scene_change_medium_3,scene_change,2714,3014,0.032606721176742424,0.02629309278946741,0.9161471779193244,72.52211395176015,0.14532050119206222,1,0.10809200818077128,0
box_sphere_scene_change_medium_3,scene_change,2716,1166,0.03936743248291141,0.02831102871323511,0.0031804910323274616,303.9704736827935,0.42073220246151916,0,0.13126811088357832,0
box_sphere_scene_change_medium_3,scene_change,2717,1081,0.012547369295543878,0.011286186883086215,0.9909327376457832,61.103339051642116,-0.7731891104565249,1,0.11024036261427464,0
box_sphere_scene_change_medium_3,scene_change,2721,1813,0.022800145900330592,0.0019676410393237986,0.9991560343273145,113.78306269650525,0.13522662352710135,1,0.07491399449394154,1
box_sphere_scene_change_medium_3,scene_change,2726,1159,0.058985636797649434,0.04069238135403406,0.8227771235627774,65.66485567604015,0.13305037075027626,0,0.08599175153819388,0
box_sphere_scene_change_medium_3,scene_change,2727,2149,0.019029570647414798,0.018162325466945854,0.8425219456815158,159.56197380665705,-0.25802558129570274,1,0.10310429327066706,0
box_sphere_scene_change_medium_3,scene_change,2730,60,0.046202694040522234,0.029241874815357585,0.9748867943000457,48.63099763048231,-0.16705386244124032,1,0.12720342965456982,0
box_sphere_scene_change_medium_3,scene_change,2737,1681,0.08211790299303816,0.08201800898667072,0.9989643641245988,86.6070441362559,0.007299294862571895,1,0.026681889792671592,1
box_sphere_scene_change_medium_3,scene_change,2740,1470,0.051671918391650674,0.0484971552627443,0.7584302752029731,122.50068874565565,-0.03922067315332197,0,0.08847354051296188,0
box_sphere_scene_change_medium_3,scene_change,2743,1517,0.03447707779342795,0.0013594853313135778,0.9989559581763442,112.28654678273287,-0.04445171909261546,0,0.1210047327306331,0
box_sphere_scene_change_medium_3,scene_change,2744,3385,0.019350134297417557,0.01610458199556971,0.9103486042368509,58.5912311500507,-0.2062746039704764,1,0.10529986488188255,0
box_sphere_scene_change_medium_3,scene_change,2746,1289,0.024943862023600466,0.021340281023418013,0.9464296471727575,83.51566942353928,-0.03922067315332197,1,0.11187569880844614,0
box_sphere_scene_change_medium_3,scene_change,2747,1541,0.03282970927426284,0.017087751711225584,0.8063828411179423,107.05764039844229,0.12062788362203827,0,0.13281640467816594,0
box_sphere_scene_change_medium_3,scene_change,2752,1076,0.04160864298926487,0.037158038714497764,0.6792588002030768,89.49497665719176,0.056089416651088124,0,0.0774519924632316,1
box_sphere_scene_change_medium_3,scene_change,2753,3179,0.03723573263511561,0.0014432590684050738,0.9719227908447339,61.2888472413372,0.3276419113194684,0,0.1119804583645943,0
box_sphere_scene_change_medium_3,scene_change,2757,2407,0.08990172429574426,0.08511788162511313,0.9986937637787279,40.224810414138595,-0.053725350784778504,0,0.013870408984505195,1
box_sphere_scene_change_medium_3,scene_change,2758,376,0.015155241231381355,0.0024342683716354597,0.9172763507243198,67.74769081872176,0.1431007103074644,1,0.08991628828508515,0
box_sphere_scene_change_medium_3,scene_change,2759,3256,0.035529394396650295,0.0036141343263048162,0.9275139613314529,230.41977465974247,-0.6133404422925187,1,0.12155845586350406,0
box_sphere_scene_change_medium_3,scene_change,2762,1434,0.01127236850264953,0.009906090092695703,0.9995784302909028,143.93341625460533,-0.08367239224593737,1,0.09425365025722922,0
box_sphere_scene_change_medium_3,scene_change,2766,634,0.023584437106601044,0.004908491666066543,0.9998055557551266,149.9791016894911,0.16144980008685367,1,0.10964115912656593,0
box_sphere_scene_change_medium_3,scene_change,2767,2853,0.012851149832419365,0.007593356436080468,0.9964826964693909,98.51008262232084,0.09531007980442975,1,0.08500550353078253,0
box_sphere_scene_change_medium_3,scene_change,2770,366,0.10466070370522859,0.09802174487508236,0.999925852062211,52.024913116999436,-0.20961348531406487,0,0.02456329178853709,1
box_sphere_scene_change_medium_3,scene_change,2771,1662,0.08529989641159917,0.0825870983181458,0.9999368182122982,81.91362020206039,0.06656069195701915,1,0.032529905542054004,1
box_sphere_scene_change_medium_3,scene_change,2772,3382,0.0377773859184374,0.007726112870705825,0.9999196479735086,47.29562250984929,-0.1157606481705271,1,0.11672402217293376,0
box_sphere_scene_change_medium_3,scene_change,2774,259,0.024294548308764284,0.018908048008402616,0.9333270166557565,37.50412055915296,-0.14173619078149252,0,0.123400392084432,0
box_sphere_scene_change_medium_3,scene_change,2775,813,0.02967805456384487,0.0016396614527393087,0.8990849049614387,85.34710498104458,-0.09009296056415132,1,0.07616240651146748,1
box_sphere_scene_change_medium_3,scene_change,2778,293,0.022158245585455233,0.018510263140120543,0.9999927036473557,35.29926827711381,0.10323617066663585,1,0.09012421918188239,0
box_sphere_scene_change_medium_3,scene_change,2779,3087,0.09728891426497875,0.09630140117815242,0.9987971309806721,48.13104918281524,-0.34937525812421216,0,0.0036086848297121206,1
box_sphere_scene_change_medium_3,scene_change,2780,735,0.02063051535351744,0.013081718902193427,0.9524761387088394,56.27208175990923,0.16318745818579894,1,0.09930958543476529,0
box_sphere_scene_change_medium_3,scene_change,2781,317,0.029964575105506663,0.010210854147579109,0.9988374524645647,146.46962388823206,-0.2948871543551805,1,0.11264442360246424,0
box_sphere_scene_change_medium_3,scene_change,2785,549,0.08628024763980133,0.08318507470505848,0.9999573684728241,163.82913967606638,-0.21834711062999546,1,0.018327570713969378,1
box_sphere_scene_change_medium_3,scene_change,2788,516,0.03250392462007871,0.03142325627011158,0.746160149864025,80.38748624777638,0.0741079007252193,1,0.0971154873569241,0
box_sphere_scene_change_medium_3,scene_change,2791,3222,0.023947682335725598,0.015340648062704935,0.7674838008882702,97.489728526977,0.21023997266892247,1,0.1088135839563659,0
box_sphere_scene_change_medium_3,scene_change,2794,3188,0.03395610263824586,0.006330522894962352,0.9995479979380731,101.79874697977985,-0.3212043676655222,1,0.07181360299740289,1
box_sphere_scene_change_medium_3,scene_change,2796,1324,0.04125166056181802,0.031020269718143628,0.959862221132524,91.30023936623034,-0.0045351492830458745,0,0.1292946812813519,0
box_sphere_scene_change_medium_3,scene_change,2797,1977,0.040414304290511266,0.01595710632673309,0.9180613984291477,68.49847230309274,0.09864899121484887,0,0.06891793596643334,1
box_sphere_scene_change_medium_3,scene_change,2798,38,0.04373626924345206,0.025363489009612876,0.5680788936965507,55.747301279021,0.3184534811187327,0,0.13770623854753705,0
box_sphere_scene_change_medium_3,scene_change,2803,1640,0.016059847456532567,0.010600578517538026,0.8136078033136698,236.1130129428638,-0.8209794320714429,1,0.08653041148276071,0
box_sphere_scene_change_medium_3,scene_change,2808,1494,0.021295399558683505,0.006822368715446815,0.9191912648394444,101.87250297132468,0.2541591452943083,1,0.07139969976812989,1
box_sphere_scene_change_medium_3,scene_change,2810,2104,0.08942690585229249,0.0857850378902776,0.9991401910990708,153.5919776849798,-0.4924757073212694,1,0.00801122715324165,1
box_sphere_scene_change_medium_3,scene_change,2811,567,0.0210923806895652,0.003562413443917742,0.8727939208559291,49.90138025386105,0.4764958857581085,1,0.11395383948654318,0
box_sphere_scene_change_medium_3,scene_change,2812,2268,0.04655568334240815,0.029627979882918813,0.9979152503747406,112.43119510267842,-0.12053393482928876,0,0.06354761417384325,1
box_sphere_scene_change_medium_3,scene_change,2814,495,0.07079491241226743,0.06731511236086828,0.9964224893415694,81.5374439720676,-0.027292111853258822,1,0.031176073678458965,1
box_sphere_scene_change_medium_3,scene_change,2815,2191,0.04743179633073671,0.019672714853369733,0.955064991571208,56.86681920552997,-0.01752233814740864,1,0.09643085896604839,0
box_sphere_scene_change_medium_3,scene_change,2817,1820,0.07291700033350462,0.07233469119613053,0.21202367015618634,71.17178069602873,0.28493077933986954,0,0.07607939980307343,1
box_sphere_scene_change_medium_3,scene_change,2824,1466,0.04320390376890712,0.0136023657650981,0.9996432258421853,63.030224273769285,-0.07174382304075282,0,0.0467171646208029,1
box_sphere_scene_change_medium_3,scene_change,2825,1740,0.056319173264641656,0.052172682450532415,0.9664272042730981,134.2877406150146,0.08426025896174034,1,0.07088815134856254,1
box_sphere_scene_change_medium_3,scene_change,2826,2095,0.022973282080353506,0.01140506906290004,0.973763427397573,48.09640199789347,-0.2948871543551805,1,0.1092641102579121,0
box_sphere_scene_change_medium_3,scene_change,2828,2609,0.04460307720032516,0.015339532589481694,0.7532474007413401,70.07784276266212,-0.6370572239092912,1,0.14740720093812165,0
box_sphere_scene_change_medium_3,scene_change,2832,2816,0.029653955949156336,0.0031124131145134635,0.7330133975412553,66.55309261894622,0.30294925708284437,1,0.08310622251671625,0
box_sphere_scene_change_medium_3,scene_change,2833,1787,0.012822599090895326,0.0019852556118447095,0.9949388169041787,125.03271753186668,-0.5299589098751363,1,0.0873965623793617,0
box_sphere_scene_change_medium_3,scene_change,2834,2965,0.0372450944877495,0.010255871410704382,0.9763050366659871,61.07398798777512,-0.2078758758502875,0,0.09201052671313495,0
box_sphere_scene_change_medium_3,scene_change,2835,1442,0.019470322700978537,0.009431584669140743,0.9989863291146746,50.5631547434973,0.1048794939158926,1,0.11648915632900851,0
box_sphere_scene_change_medium_3,scene_change,2837,2195,0.029214720395602217,0.0136728759171843,0.9999051118162338,74.93802088641974,0.10738264314398677,1,0.0683179983686586,1
box_sphere_scene_change_medium_3,scene_change,2838,2055,0.0398503184929223,0.02621171003197423,0.9872281046465893,65.27549988194225,-0.2158439964519421,0,0.06852114935346415,1
box_sphere_scene_change_medium_3,scene_change,2840,3344,0.10106555182588557,0.09592635592500004,0.9999621905795073,33.786750068767965,0.255802504814123,0,0.019523965382917032,1
box_sphere_scene_change_medium_3,scene_change,2841,2635,0.024182506973125947,0.010405587046017153,0.5829373211617632,58.48287559755527,-0.1670539308171544,0,0.09128548933872016,0
box_sphere_scene_change_medium_3,scene_change,2842,35,0.0904167988135982,0.07603372043658031,0.6546739445739123,94.31758977209425,0.0995745206711943,0,0.16486342703047643,0
box_sphere_scene_change_medium_3,scene_change,2843,1960,0.02754770499450564,0.009578748492213813,0.999740347612518,113.6005789155041,-0.3783626965382769,0,0.08302536487226683,0
box_sphere_scene_change_medium_3,scene_change,2844,276,0.03629956109266987,0.029648857410010825,0.9800157373250024,107.88314495805948,-0.2540651965015589,1,0.06780037716794476,1
box_sphere_scene_change_medium_3,scene_change,2845,1715,0.025558413680915184,0.006300800156518629,0.9989648184661437,90.10904974755978,-0.027292111853258822,1,0.10620749485351495,0
box_sphere_scene_change_medium_3,scene_change,2847,69,0.036831670670830235,0.020197441231616674,0.9988589689528113,52.8735431991625,-0.08701129365637626,1,0.12087182093487475,0
box_sphere_scene_change_medium_3,scene_change,2850,2868,0.04017305234834308,0.0389956171612976,0.9629524266657052,109.96022818261504,-0.08367239224593737,1,0.09678142417707632,0
box_sphere_scene_change_medium_3,scene_change,2855,1030,0.10420781374100611,0.10318715345745563,0.9993674170330381,162.4531448762637,0.36101305568249337,0,0.016738718314391773,1
box_sphere_scene_change_medium_3,scene_change,2858,3080,0.10702859032938664,0.1024182961977309,0.999882862624214,92.46492576371902,0.03774029094584644,0,0.028571073068253173,1
box_sphere_scene_change_medium_3,scene_change,2863,1536,0.080607029210392,0.0791738368146204,0.9992488444172686,107.86412108323749,-0.08367239224593737,1,0.015797698943840772,1
box_sphere_scene_change_medium_3,scene_change,2866,3111,0.11011248391063765,0.1095548421492415,0.9991750273741287,41.75744150493171,-0.3414071137130851,0,0.02923116513534792,1
box_sphere_scene_change_medium_3,scene_change,2872,1559,0.08353637106551773,0.08003944271795503,0.9998372124179494,81.4947076238958,-0.21834711062999546,1,0.013819391902417863,1
box_sphere_scene_change_medium_3,scene_change,2873,865,0.12477666323019194,0.11488423126466087,0.7472640247381349,107.80550931319009,0.6497064986208692,0,0.1877746004099643,0
box_sphere_scene_change_medium_3,scene_change,2875,762,0.010624931141332852,0.006357600247285183,0.6118654008862128,49.38033201770213,0.09180750539349465,1,0.11627566933356583,0
box_sphere_scene_change_medium_3,scene_change,2877,1060,0.03518280275684517,0.0204675086026952,0.9968886989889056,89.82569936589084,-0.07608222364179483,0,0.0682313826890778,1
box_sphere_scene_change_medium_3,scene_change,2878,799,0.1020073611419675,0.09898722940235496,0.997779447730695,47.2740885472662,0.18962067832335827,0,0.04276160393675884,1
box_sphere_scene_change_medium_3,scene_change,2880,2194,0.10000328390292221,0.09668668466103636,0.6424376231435627,68.53314286962532,0.32938258115397945,0,0.18876096157646152,0
box_sphere_scene_change_medium_3,scene_change,2882,956,0.027999971502018148,0.015681219204118347,0.9307910553571983,109.04313100773987,-0.04927100271052982,1,0.07932920223063901,1
box_sphere_scene_change_medium_3,scene_change,2890,2448,0.021060017041684018,0.015914788625095922,0.9998199984882444,121.81792133196443,-0.3746928244424654,1,0.08102877382065937,0
box_sphere_scene_change_medium_3,scene_change,2892,2790,0.02481179037795084,0.02330674398085786,0.9871651795960356,147.66007182910047,0.03774029094584644,0,0.10481224289992683,0
box_sphere_scene_change_medium_3,scene_change,2897,970,0.02373009132485422,0.015181178080314205,0.867264876039892,60.9888567583785,0.002022244211177819,1,0.1266628675439835,0
box_sphere_scene_change_medium_3,scene_change,2898,1486,0.0485629568045099,0.04746122394078446,0.9643375388496628,105.77055472496733,-0.12260219165768865,0,0.11313696622970869,0
box_sphere_scene_change_medium_3,scene_change,2904,2220,0.050669911391756584,0.029394549828753003,0.9995733425329448,88.00297148925698,0.04651996801589379,0,0.08176812775547275,0
box_sphere_scene_change_medium_3,scene_change,2907,106,0.04493188525800506,0.030901344520942682,0.7059960845282709,48.57954433565213,-0.01752233814740864,0,0.11881030529486646,0
box_sphere_scene_change_medium_3,scene_change,2909,326,0.029885053797504817,0.005437544066488137,0.012499521214043949,116.7993540919695,0.359038755989041,1,0.10859244358151392,0
box_sphere_scene_change_medium_3,scene_change,2915,2248,0.08824425706651445,0.08762247880554512,0.9997271815974328,48.5977795455987,-0.2078758758502875,1,0.023357163328384854,1
box_sphere_scene_change_medium_3,scene_change,2919,2849,0.0372773662299249,0.01583492351748142,0.8685616179893062,126.57590404105753,-0.006711428146769066,0,0.10682091252288532,0
box_sphere_scene_change_medium_3,scene_change,2921,3097,0.005201879203221774,0.0018802473240245247,0.9802957937458894,52.90820393093085,-0.06697054590577842,1,0.08523495921599614,0
box_sphere_scene_change_medium_3,scene_change,2922,585,0.03948877427576731,0.03506551193821748,0.8485323409727537,48.461868066927934,0.027101908769404198,0,0.13604051875069198,0
box_sphere_scene_change_medium_3,scene_change,2923,2489,0.08869326339956474,0.08748098873457301,0.9984707153433177,75.93196383703548,0.033616570394992974,0,0.02339481593606207,1
box_sphere_scene_change_medium_3,scene_change,2924,3310,0.08170830802849233,0.07482854464840043,0.9999622722196891,26.866979773006136,-0.20961348531406487,1,0.006287215081555119,1
box_sphere_scene_change_medium_3,scene_change,2928,1422,0.030070125795852033,0.003881320553246298,0.9999702349559916,34.13942156481861,-0.12260219165768865,0,0.11401398944656192,0
box_sphere_scene_change_medium_3,scene_change,2932,934,0.03565828466959445,0.0009979101803094265,0.9344416480495145,59.911169181518126,-0.4248826645541707,1,0.06249684076563962,1
box_sphere_scene_change_medium_3,scene_change,2933,1797,0.03631353427621012,0.010910347886379164,0.9863613226154088,71.77340946305117,-0.16705391075030407,1,0.11749746899050077,0
box_sphere_scene_change_medium_3,scene_change,2934,1075,0.054121405282362346,0.025266259250369676,0.9999264852362877,112.28821619011389,0.31845335611897974,0,0.11744665228443474,0
box_sphere_scene_change_medium_3,scene_change,2938,1510,0.1050154108856257,0.10320223912534598,0.999843860599565,60.32870396287032,0.007299294862571895,0,0.03171160171253953,1
box_sphere_scene_change_medium_3,scene_change,2940,2202,0.02870823248109301,0.011171353120461226,0.23167900949411885,45.65015349485249,0.2549402016257775,1,0.12046478662734077,0
box_sphere_scene_change_medium_3,scene_change,2941,2556,0.029757362198639763,0.029011665714090883,0.999584509097171,139.88378819952035,0.04425495298170266,0,0.08843006549374678,0
box_sphere_scene_change_medium_3,scene_change,2942,1580,0.09008658263321478,0.0898755567106704,0.5654258445922413,180.4740475342002,0.6596239825693228,0,0.018868853710804247,1
box_sphere_scene_change_medium_3,scene_change,2943,194,0.03215250860908546,0.0313038676589216,0.9998255241005609,124.31532741516754,-0.006711428146769066,0,0.09768253864524358,0
box_sphere_scene_change_medium_3,scene_change,2944,144,0.034674999797596674,0.0037488991138914613,0.9996520842507911,102.42067643669637,0.15139945327379714,1,0.11349668976029413,0
box_sphere_scene_change_medium_3,scene_change,2945,653,0.035755371008019406,0.009175681582834772,0.9995654103064215,103.89203283091196,0.04425495298170266,0,0.08223201936663146,0
box_sphere_scene_change_medium_3,scene_change,2950,1228,0.10310481879150386,0.10161593375779401,0.48766357137920785,72.16064724254267,0.04805725366349204,0,0.13338715012037788,0
box_sphere_scene_change_medium_3,scene_change,2951,1574,0.08802955262552178,0.08717771619362233,0.9975769944214801,72.93366844967822,0.015267455464140146,1,0.022583586058919244,1
box_sphere_scene_change_medium_3,scene_change,2952,738,0.027398050519564815,0.00977125258820459,0.9192706996409512,73.20015684026241,-0.34937525812421216,1,0.13449449348661183,0
box_sphere_scene_change_medium_3,scene_change,2953,2876,0.03929254332707184,0.016593814434366198,0.9759811678075976,61.86725958137128,-0.3414071137130851,0,0.10234084971428925,0
box_sphere_scene_change_medium_3,scene_change,2958,1123,0.01804927769613458,0.0005098420537931728,0.9993571390328791,124.23292717344705,-0.20961348531406487,1,0.10570530956981655,0
box_sphere_scene_change_medium_3,scene_change,2961,1710,0.03411557713252191,0.02863886557240028,0.9992430479546252,52.92985260135645,-0.012903388962911535,1,0.11858107853754137,0
box_sphere_scene_change_medium_3,scene_change,2965,743,0.0929181366267071,0.09209171291249338,0.9988065269290868,133.39797000546835,-0.25802558129570274,1,0.03209417682064978,1
box_sphere_scene_change_medium_3,scene_change,2968,355,0.01504404771348406,0.012113640862046098,0.9996144722513661,35.02832886936192,0.015267458797466623,1,0.09229164519534008,0
box_sphere_scene_change_medium_3,scene_change,2969,1091,0.04436930170887082,0.035198882947512236,0.4143387300451441,43.85006000793921,0.2478896293942284,0,0.12713691615466433,0
box_sphere_scene_change_medium_3,scene_change,2972,1197,0.09447677354952742,0.09352590984197479,0.9992912365020387,137.87079956720265,-0.1670538493693807,0,0.0073649631769824335,1
box_sphere_scene_change_medium_3,scene_change,2976,3363,0.09407608791846617,0.09300115834086374,0.9958935220500335,81.39804745768207,0.1431007103074644,0,0.007660472634538155,1
box_sphere_scene_change_medium_3,scene_change,2977,2458,0.10878184386248083,0.08209494797384762,0.892276881267546,41.44253260762413,0.31579748163135296,0,0.01737655456150267,1
box_sphere_scene_change_medium_3,scene_change,2979,2992,0.07558044158581681,0.06970026621254014,0.9704761693975998,95.4903379080212,0.3765609784136656,1,0.08153222517148132,0
box_sphere_scene_change_medium_3,scene_change,2983,1,0.30823256785528197,0.29805094814898364,0.9788717492183504,110.61457811991455,0.2006705473141128,0,0.41291968256746364,0
box_sphere_scene_change_medium_3,scene_change,2986,1871,0.0362100662135899,0.017608089202974825,0.9974678463480983,162.09460776236173,-0.12053393482928876,0,0.07096464747545304,1
box_sphere_scene_change_medium_3,scene_change,2987,18,0.08253179232796451,0.07956062371049877,0.9995437399850018,118.93837694106269,-0.08004262434028976,1,0.030466792237570695,1
box_sphere_scene_change_medium_3,scene_change,2989,508,0.12513105743290534,0.12340848183303661,0.9982220642685008,159.05573869834765,-0.16705389418719344,0,0.029861562465473696,1
box_sphere_scene_change_medium_3,scene_change,2991,2818,0.09363789316591087,0.0859194328092409,0.9904899540809273,270.72067645273944,0.49219097410682894,0,0.024486866021304236,1
box_sphere_scene_change_medium_3,scene_change,2993,1359,0.020613615753028676,0.0001957895698554466,0.8820867408724037,105.23700151268403,0.18434360724315527,1,0.10081682440383416,0
box_sphere_scene_change_medium_3,scene_change,2994,3328,0.027792645866964037,0.026213932683897666,0.753147809170741,49.96720580343412,0.26038976204794057,1,0.10457306167705774,0
box_sphere_scene_change_medium_3,scene_change,2996,507,0.11382404802415569,0.10473635478038441,0.9998068440663777,31.630308119482184,0.02965618163260386,0,0.038154096638474445,1
box_sphere_scene_change_medium_3,scene_change,2997,971,0.10899578283980509,0.10694303533234581,0.9998421818980809,80.61902596905173,-0.2158439964519421,0,0.023837676270553918,1
box_sphere_scene_change_medium_3,scene_change,3000,1797,0.04273952129783646,0.011574655455541129,0.9995912854332,31.27331167498649,-0.12449434343290522,0,0.10668002267012658,0
box_sphere_scene_change_medium_3,scene_change,3001,778,0.01911943826199817,0.018315696302910068,0.9992930757233984,108.45173808991069,-0.08701129365637626,1,0.08881146130417872,0
box_sphere_scene_change_medium_3,scene_change,3002,121,0.09090674646746973,0.090153118586819,0.9995222622430181,41.720707869999494,0.13522662352710135,0,0.010976682699035208,1
box_sphere_scene_change_medium_3,scene_change,3005,3304,0.09725865909330636,0.09356438808863388,0.9999054572824524,86.70779461315364,0.04651996801589379,1,0.015215938931121994,1
box_sphere_scene_change_medium_3,scene_change,3007,314,0.03221011368564898,0.025581603587592188,0.9711685982898441,49.16432614748259,0.007299294862571895,0,0.11619097741734745,0
box_sphere_scene_change_medium_3,scene_change,3008,3391,0.09759017857583487,0.09527258065844356,0.9987406906418169,98.96928668190593,0.056089406651107905,0,0.018238092639610078,1
box_sphere_scene_change_medium_3,scene_change,3009,2387,0.021100885744407962,0.0010598019410529378,0.9828607048958935,104.65214439087696,-0.16705386244124032,1,0.08645619966577553,0
box_sphere_scene_change_medium_3,scene_change,3010,3119,0.08860230154576626,0.0806099020694117,0.9998075123949054,106.33851521458197,-0.20961348531406487,1,0.02123832363368298,1
box_sphere_scene_change_medium_3,scene_change,3012,2536,0.029711303504895537,0.015408373648193533,0.984662317264557,57.54499899026815,0.30740368699558346,1,0.1019188058118944,0
box_sphere_scene_change_medium_3,scene_change,3013,3206,0.04232853908026318,0.034143587648914515,0.9347749341774094,64.07330146720517,-0.21834711062999546,1,0.1305124871670765,0
box_sphere_scene_change_medium_3,scene_change,3015,136,0.09420834602052693,0.09098193105990818,0.9942246546415952,61.42971001993914,-0.07174382304075282,1,0.03494557328810498,1
box_sphere_scene_change_medium_3,scene_change,3018,1430,0.023228418549929946,0.013317438573253503,0.9991613196327144,91.41802075984288,-0.3783626965382769,1,0.0969278907548092,0
box_sphere_scene_change_medium_3,scene_change,3019,15,0.0868132541426522,0.08092465990300551,0.9983830054488915,33.645964716862075,-0.0027510312073894413,0,0.03152143849740254,1
box_sphere_scene_change_medium_3,scene_change,3022,1206,0.08893006531811351,0.08842125773042615,0.9995533510662918,44.77249951961649,-0.06527133735787516,0,0.014354122360056601,1
box_sphere_scene_change_medium_3,scene_change,3023,2343,0.10475578919958106,0.10272013108828579,0.9961824959066923,83.370677557651,-0.167053917996666,0,0.030968652087480376,1
box_sphere_scene_change_medium_3,scene_change,3025,408,0.0921241208640403,0.08786061487162461,0.9982656261415461,79.5752010608626,0.0741079007252193,0,0.043773777783519374,1
box_sphere_scene_change_medium_3,scene_change,3028,2135,0.03120714790097374,0.005789486406832372,0.9990445207572258,107.27196812206992,-0.2158439964519421,0,0.10704255669741644,0
box_sphere_scene_change_medium_3,scene_change,3029,2764,0.026456267715375563,0.016321770858801384,0.8917731539660949,155.2150506419166,0.02400112463962012,1,0.10963248725926483,0
box_sphere_scene_change_medium_3,scene_change,3031,2497,0.091228566533002,0.08897787210071297,0.9994481094574755,71.19795413829627,-0.03922067315332197,1,0.03621439140056384,1
box_sphere_scene_change_medium_3,scene_change,3032,329,0.042173685202366716,0.013621335327128439,0.5449006928346742,70.70665713624355,-0.08004265211801953,0,0.14676029070395008,0
box_sphere_scene_change_medium_3,scene_change,3033,2489,0.09193636155905952,0.08591805071432945,0.9986376287276719,78.94903064179391,0.033616570394992974,0,0.018623937087999698,1
box_sphere_scene_change_medium_3,scene_change,3034,2353,0.03375446840975061,0.0244414287206572,0.9849103399579897,70.33815298261918,-0.16705389418719344,1,0.08169976655996286,0
box_sphere_scene_change_medium_3,scene_change,3041,2439,0.09822553881420289,0.09566562410101195,0.9948096149770796,73.10304959169467,0.31845335611897974,0,0.03419444560661109,1
box_sphere_scene_change_medium_3,scene_change,3042,884,0.08979270672538861,0.0889258157780629,0.9998769478187471,58.907805665800026,-0.12260219165768865,1,0.008968078517524134,1
box_sphere_scene_change_medium_3,scene_change,3044,3266,0.03592889576895607,0.013101208515591616,0.9990205735573147,45.26890787491364,-0.16705389418719344,1,0.07241164790882328,1
box_sphere_scene_change_medium_3,scene_change,3051,718,0.02354896283320829,0.003953129115651157,0.9994047843980146,86.37184684373915,0.23841073177869007,1,0.09896804778883801,0
box_sphere_scene_change_medium_3,scene_change,3053,1228,0.01826487409825476,0.004175945204201533,0.9114319290290834,84.61197367521073,-0.12783325150999786,1,0.07095303432819758,1
box_sphere_scene_change_medium_3,scene_change,3054,2648,0.08131232703271583,0.06759471211989171,0.95714938648333,151.43748879531148,-0.2540651965015589,0,0.10653568723953225,0
box_sphere_scene_change_medium_3,scene_change,3055,1082,0.013646292292751576,0.009067555294038803,0.6723097441970498,216.21672432883076,-0.572518383248697,1,0.0870704659012882,0
box_sphere_scene_change_medium_3,scene_change,3056,2044,0.02662727339223467,0.010545168664416842,0.999770939974667,86.16472170049076,0.18434360724315527,1,0.10990754366531015,0
box_sphere_scene_change_medium_3,scene_change,3057,1208,0.04369133695441265,0.02242676229417271,0.8318772244408159,53.14459254103366,0.2983089548625642,0,0.09745732128707484,0
box_sphere_scene_change_medium_3,scene_change,3060,1083,0.018319424751053276,0.006862622371621148,0.9692547632735368,49.2603436561667,-0.3806277930202417,1,0.08998094769180578,0
box_sphere_scene_change_medium_3,scene_change,3064,1966,0.018063546258008538,0.006375665048511538,0.7630655719577881,64.72037295528632,0.09763840754845157,1,0.11514062459063704,0
box_sphere_scene_change_medium_3,scene_change,3066,1196,0.07066799071738633,0.06713678235246619,0.6560153562539224,134.51702153328065,0.45198474279100276,0,0.1649509964694179,0
box_sphere_scene_change_medium_3,scene_change,3078,3379,0.025539755462331195,0.006855189129369239,0.9998997165075445,100.62854004531275,0.06656069195701915,1,0.10376790652031065,0
box_sphere_scene_change_medium_3,scene_change,3079,2865,0.09529412325483955,0.09135747136816542,0.9999156091680769,67.49345390790342,-0.07608222364179483,0,0.009349697737774325,1
box_sphere_scene_change_medium_3,scene_change,3080,1053,0.020412711435958387,0.003910039129573122,0.8683069226897243,83.03191385873154,-0.09009296056415132,1,0.07189169048611983,1
box_sphere_scene_change_medium_3,scene_change,3081,1435,0.04449080005021654,0.0199497671016209,0.9992888650116795,109.95569435380138,-0.012903388962911535,0,0.1099295522926905,0
box_sphere_scene_change_medium_3,scene_change,3085,1815,0.09181194736655618,0.0910173322811622,0.9989588186463411,77.34177776782545,-0.16705390284518268,0,0.03199077054276523,1
box_sphere_scene_change_medium_3,scene_change,3086,2896,0.0637676786322408,0.01784459095327137,0.9986729429348424,105.5017868375254,-0.06169349122766025,0,0.0902671520569846,0
box_sphere_scene_change_medium_3,scene_change,3087,39,0.050135429614620315,0.04747422614347443,0.8066397572783743,105.40173678324855,0.022187894860438023,0,0.0618262996389036,1
box_sphere_scene_change_medium_3,scene_change,3089,1015,0.08976496437301985,0.08857218890987172,0.999295195265039,71.51214481555138,-0.03922067315332197,1,0.012841339866120943,1
box_sphere_scene_change_medium_3,scene_change,3090,2227,0.04333832870340969,0.022167394797271867,0.4078206750211645,217.470392810771,-0.8601999015890412,1,0.08671498267392291,0
box_sphere_scene_change_medium_3,scene_change,3093,213,0.02644030388516658,0.010872656524652888,0.9718872967147412,58.774809581512976,0.26580978366932206,1,0.12126983424270629,0
box_sphere_scene_change_medium_3,scene_change,3095,2045,0.033423858447809304,0.00784582012201266,0.9928942428279897,109.5622264495914,0.22071121702252808,1,0.08154746002577506,0
box_sphere_scene_change_medium_3,scene_change,3098,363,0.017058873292632303,0.009435809329668648,0.9631849136610537,51.08354263704957,-0.16705387413711645,1,0.11305627798066173,0
box_sphere_scene_change_medium_3,scene_change,3100,518,0.07697376730642692,0.07218873657905578,0.9982560869834506,127.53275654497881,-0.26713722241853133,0,0.023053790590632593,1
box_sphere_scene_change_medium_3,scene_change,3101,2369,0.03292232921180273,0.031083772921241475,0.0857770731171228,42.44837562226019,0.6030537385146603,1,0.12349356053858804,0
box_sphere_scene_change_medium_3,scene_change,3104,3207,0.08634970868941255,0.08190517699248853,0.6147399553239976,42.81076605420143,0.07980592576841672,0,0.1300134744186738,0
box_sphere_scene_change_medium_3,scene_change,3111,1493,0.0907317628210658,0.08655580400956137,0.9906739152058501,186.021323707942,0.6106498925104883,1,0.024707777199542185,1
box_sphere_scene_change_medium_3,scene_change,3112,324,0.024969661193783115,0.0018545565676608058,0.9044137910966145,75.46071427018964,0.15452943084368295,1,0.09528882338823665,0
box_sphere_scene_change_medium_3,scene_change,3113,447,0.09283050570672832,0.0922373073453414,0.9996125661134394,49.56146824749469,-0.367724335681416,1,0.01687516390219496,1
box_sphere_scene_change_medium_3,scene_change,3114,2075,0.027066666595082438,0.01591716761272045,0.9993523898089166,65.73147346029542,0.015267455464140146,1,0.07801788157101497,1
box_sphere_scene_change_medium_3,scene_change,3116,2608,0.03510305844723411,0.011705313961491132,0.9745621977573733,50.20691991975536,0.2384107901118941,0,0.06773440070745969,1
box_sphere_scene_change_medium_3,scene_change,3117,1321,0.017695343850096242,0.0004182796496200247,0.9984759172376583,119.04318076656733,0.15571915653270804,0,0.10325980654646476,0
box_sphere_scene_change_medium_3,scene_change,3121,1562,0.02890852481235857,0.006820087700661583,0.9999702534378785,81.02499481031357,0.18434360724315527,1,0.06471195338530754,1
box_sphere_scene_change_medium_3,scene_change,3124,470,0.04137244844168347,0.014144476843613472,0.9999567105813433,102.77906467429526,-0.08004262434028976,0,0.04977728323198391,1
box_sphere_scene_change_medium_3,scene_change,3125,2044,0.033721751366113877,0.025876898014751328,0.9966933276409408,121.86860487130235,0.02400112463962012,0,0.08360179496713238,0
box_sphere_scene_change_medium_3,scene_change,3126,2989,0.020859278514744554,0.012189111482037876,0.9988582726194313,57.46876670791368,-0.26713722241853133,0,0.09636134260613964,0
box_sphere_scene_change_medium_3,scene_change,3127,3212,0.02672671709706678,0.012457034845317207,0.9353560373576867,97.02712885643696,-0.053725350784778504,1,0.0841505186309277,0
box_sphere_scene_change_medium_3,scene_change,3129,2136,0.023612573089912894,0.01304883839474329,0.28403154961679505,78.09233066851239,-0.04927102122902058,1,0.11292229235574226,0
box_sphere_scene_change_medium_3,scene_change,3130,895,0.03534685867573943,0.008982944880764081,0.9989781366650761,62.053423098862744,-0.012903388962911535,1,0.10151026698208188,0
box_sphere_scene_change_medium_3,scene_change,3131,915,0.014432563592762956,0.003745285405114012,0.9975857776186962,36.9188893292569,0.03774029094584644,1,0.0980926902287304,0
box_sphere_scene_change_medium_3,scene_change,3132,2493,0.047863036891963064,0.03151304414527323,0.999112927092224,80.73718763200415,-0.1670539308171544,1,0.06289337147625812,1
box_sphere_scene_change_medium_3,scene_change,3135,2766,0.02790459862063584,0.01323342586028372,0.8232921022981289,73.87093463036983,0.08887921151711367,1,0.10973094905599935,0
box_sphere_scene_change_medium_3,scene_change,3136,620,0.028252246721771814,0.0029119149544082094,0.9996759432668337,149.65418618312336,-0.2135738622030872,1,0.11163680941546045,0
box_sphere_scene_change_medium_3,scene_change,3137,3362,0.07804795189491323,0.07680702811746419,0.9990290555907205,33.41911582885658,-0.0929460300919351,1,0.023919866266168436,1
box_sphere_scene_change_medium_3,scene_change,3138,503,0.014361643025249046,0.006858606069147739,0.6241746768207221,51.38708652520744,0.31579748163135296,1,0.09608129821643697,0
box_sphere_scene_change_medium_3,scene_change,3145,741,0.08832456550897613,0.08731337946945691,0.9993073274787764,59.05621489037708,-0.03352265632439591,1,0.013956126727518206,1
box_sphere_scene_change_medium_3,scene_change,3147,2297,0.0395492619352291,0.0067237620346253775,0.9907231643816843,71.11378998675401,-0.4457671531556071,0,0.10842027485092653,0
box_sphere_scene_change_medium_3,scene_change,3149,2827,0.04011928621645326,0.006036128308041626,0.949614379575014,94.05611303837206,0.04651996801589379,1,0.07440697024343378,1
box_sphere_scene_change_medium_3,scene_change,3150,2178,0.033596927455372516,0.0033293499159793506,0.9948517338960224,81.77903252639277,0.5007748545795387,0,0.12315195923006955,0
box_sphere_scene_change_medium_3,scene_change,3152,417,0.04688489425653155,0.014950819150879714,0.9864643985608873,90.44751237376227,0.007299294862571895,0,0.09019870481387211,0
box_sphere_scene_change_medium_3,scene_change,3153,1221,0.05416330392446053,0.05352128361528906,0.9317263094069748,59.071579849665916,0.39256140565343756,1,0.10489407270648152,0
box_sphere_scene_change_medium_3,scene_change,3154,1118,0.039540085786039784,0.025371892383160212,0.9944262785794569,93.56961236443297,-0.25043544316768634,0,0.10746423310216094,0
box_sphere_scene_change_medium_3,scene_change,3155,3195,0.030293072263303786,0.02230002543000716,0.9999955639237664,111.74511971997798,-0.12260219165768865,0,0.06838856810186293,1
box_sphere_scene_change_medium_3,scene_change,3157,1386,0.07388495339536029,0.03751612251632103,0.9996487377504454,156.34466904731678,0.10738264314398677,0,0.16238139961915926,0
box_sphere_scene_change_medium_3,scene_change,3160,2882,0.03494601284008814,0.0013885800264679983,0.9905303817580806,52.92783987909561,-0.12260219165768865,0,0.0963570800439902,0
box_sphere_scene_change_medium_3,scene_change,3165,2867,0.058220359115875156,0.01073043681582684,0.9927315852021034,45.32993183314796,-0.28038251568468703,0,0.13051592539982126,0
box_sphere_scene_change_medium_3,scene_change,3167,1474,0.016881099962148642,0.00027688719039930274,0.957388219049165,38.34000205695999,-0.2540651965015589,1,0.0811842976425819,0
box_sphere_scene_change_medium_3,scene_change,3168,3257,0.09663243896734611,0.09357951755890742,0.9992760620115213,62.37622054744254,0.02400112463962012,0,0.025318434599820017,1
box_sphere_scene_change_medium_3,scene_change,3172,3023,0.1558255216109403,0.1543906345875322,0.9715178911433295,155.94167286163994,0.36846386917309,0,0.06674061493196703,1
box_sphere_scene_change_medium_3,scene_change,3174,180,0.01256208859277983,0.0020276188320503138,0.9987180350814767,95.20462221026074,0.03774029094584644,1,0.1063603637194874,0
box_sphere_scene_change_medium_3,scene_change,3178,1537,0.10686255757880533,0.09086681451519396,0.9813349158949424,45.71987966873914,-0.05785474230034016,0,0.022958874747627332,1
box_sphere_scene_change_medium_3,scene_change,3181,3388,0.032683159275545826,0.007163188076182842,0.9859402430511093,59.7229895856174,0.022187894860438023,1,0.1034352137234812,0
box_sphere_scene_change_medium_3,scene_change,3182,3023,0.10348692586131582,0.1024894534209814,0.8322253414004379,185.19761740722862,0.5867173108507591,0,0.012642281118820695,1
box_sphere_scene_change_medium_3,scene_change,3183,327,0.06130201720840144,0.05140441729888146,0.9836883746636647,89.52804646824644,-0.2158439964519421,1,0.07747735785716711,1
box_sphere_scene_change_medium_3,scene_change,3187,604,0.03126821896240919,0.0255157115790533,0.9998079726848821,107.73268533074614,-0.20961348531406487,0,0.07917756383339031,1
box_sphere_scene_change_medium_3,scene_change,3188,1471,0.09117279986288113,0.08767662597515036,0.9981412860121854,80.41607223653806,0.21593788274483205,0,0.010311732372075834,1
box_sphere_scene_change_medium_3,scene_change,3193,199,0.03442137109925821,0.021980939622807342,0.9998236116883196,77.25408024523797,0.15139945327379714,1,0.09371874828137944,0
box_sphere_scene_change_medium_3,scene_change,3195,2161,0.013572212331347939,0.005779997805548674,0.9983755303644193,93.58080798027392,-0.30058515585946355,1,0.08847654028278248,0
box_sphere_scene_change_medium_3,scene_change,3197,1398,0.027188448527285577,0.019709188613728067,0.9993900774900982,87.91600241953738,0.015267455464140146,1,0.10425839325609776,0
box_sphere_scene_change_medium_3,scene_change,3198,3288,0.09014167217809135,0.08996875717349488,0.9999353089117531,48.011926928093395,0.0,0,0.02118074386057092,1
box_sphere_scene_change_medium_3,scene_change,3199,3296,0.01699746915145172,0.008936848892612922,0.9342177181653462,80.76451606749211,0.3993410453415921,1,0.11229530235898547,0
box_sphere_scene_change_medium_3,scene_change,3200,3154,0.03108175499535307,0.008105021283175879,0.4148606612435159,117.15598490807986,-0.49729532859936293,1,0.10655239140236789,0
box_sphere_scene_change_medium_3,scene_change,3204,864,0.03401667970420407,0.024187190740206588,0.23965127142711687,48.20916200757938,0.14472546706805994,1,0.10920867716923914,0
box_sphere_scene_change_medium_3,scene_change,3205,808,0.05656045290568708,0.014167333233798696,0.9768215202110753,63.71049450079967,0.18434360724315527,0,0.13903857679300488,0
box_sphere_scene_change_medium_3,scene_change,3206,1075,0.04527442742520175,0.018589827123411572,0.9998707099123871,105.14043951850994,0.23841073177869007,0,0.06856386603538188,1
box_sphere_scene_change_medium_3,scene_change,3207,3321,0.04931341904178506,0.013345471833211294,0.9995570651802194,118.75993071631329,-0.26236396446783583,0,0.12277230232362418,0
box_sphere_scene_change_medium_3,scene_change,3208,1836,0.027958611820641566,0.015881428797531422,0.9672986700678161,67.20754144102403,0.25782881518479,1,0.08091496133218452,0
box_sphere_scene_change_medium_3,scene_change,3210,1802,0.09390894195042136,0.09377357263990817,0.8799404066623072,51.262390753954634,0.1321887468376763,0,0.06301291758660407,1
box_sphere_scene_change_medium_3,scene_change,3212,1140,0.10456732792201807,0.09905171960214162,0.9996176248054852,37.35427817918685,0.04651996801589379,0,0.019084739535484462,1
box_sphere_scene_change_medium_3,scene_change,3213,1030,0.08963119868013192,0.08875390216151215,0.9972641625262947,161.2641733039638,0.41102344373685074,0,0.01289684245615989,1
box_sphere_scene_change_medium_3,scene_change,3216,1567,0.02480685382124487,0.01709326530407047,0.999677592221832,56.49223830165757,0.04805725366349204,1,0.10564810060013674,0
box_sphere_scene_change_medium_3,scene_change,3217,486,0.09067476592334749,0.08911255447856682,0.9960311998054683,130.20253534164573,-0.8601999015890412,1,0.006389607888297902,1
box_sphere_scene_change_medium_3,scene_change,3220,694,0.029681516482064116,0.01043722393657849,0.9998074873959414,83.4753025771793,-0.07608222364179483,1,0.10846384791165177,0
box_sphere_scene_change_medium_3,scene_change,3221,1361,0.05936670855719348,0.053959572145313855,0.5701782353348885,77.89322668287261,0.15836819183993503,0,0.11640148569711939,0
box_sphere_scene_change_medium_3,scene_change,3223,504,0.03149168694431907,0.023712511055874963,0.9940097700551761,32.28110314867246,0.10738264314398677,1,0.07566629479075843,1
box_sphere_scene_change_medium_3,scene_change,3229,2360,0.012627758057939099,0.0028513856092995723,0.9627389279470961,27.598726779560874,-0.0910681224863046,1,0.09549106706307424,0
box_sphere_scene_change_medium_3,scene_change,3236,411,0.019543315673108352,0.012728218987664046,0.9976815826233033,122.59693053966629,-0.1670539308171544,0,0.0858925073684265,0
box_sphere_scene_change_medium_3,scene_change,3237,358,0.06916640192029126,0.0574399164626706,0.8365212066771496,45.72849951234213,0.15571915653270804,1,0.07861243310045915,1
box_sphere_scene_change_medium_3,scene_change,3238,2673,0.10376812329867822,0.10141737057939226,0.9999561559642507,128.24110014791043,-0.1670537989493703,1,0.007880902499808927,1
box_sphere_scene_change_medium_3,scene_change,3239,2380,0.038690282980311956,0.010253580585487612,0.9968578400463466,52.280115517584626,-0.20342155158551867,0,0.10839199259467924,0
box_sphere_scene_change_medium_3,scene_change,3242,166,0.0545353174571398,0.05272031854952485,0.6991757206757585,81.76778617972964,-0.1306863267357768,0,0.11115278802592607,0
box_sphere_scene_change_medium_3,scene_change,3243,1229,0.022108870627995707,0.0020965323571857306,0.9825445931497648,150.22913498590938,0.12062786874111314,1,0.12136225691781509,0
box_sphere_scene_change_medium_3,scene_change,3246,1193,0.037012809194102415,0.01773491427345945,0.9866832706679913,41.02770044894508,-0.0929460300919351,0,0.06367450967468409,1
box_sphere_scene_change_medium_3,scene_change,3252,3133,0.031177812344621195,0.02578392910543727,0.8589728672476779,78.85572708144198,0.007299294862571895,1,0.08039164797544265,0
box_sphere_scene_change_medium_3,scene_change,3253,2372,0.03558459432180092,0.001982620626405763,0.999811982251095,120.88965191540966,-0.0045351492830458745,0,0.05824022571249648,1
box_sphere_scene_change_medium_3,scene_change,3254,671,0.023744637552890146,0.001810130060004714,0.9990452576521465,119.03205087703961,-0.16705392466331975,1,0.10518770890433735,0
box_sphere_scene_change_medium_3,scene_change,3260,2159,0.03348872369901281,0.026527827984376983,0.9997398013872103,98.54960314499279,-0.12053393482928876,0,0.09679031310546865,0
box_sphere_scene_change_medium_3,scene_change,3261,2328,0.009658219696756785,0.005832554089113265,0.9980778829587478,51.76676153026432,-0.06169349122766025,1,0.0803512146467129,0
box_sphere_scene_change_medium_3,scene_change,3263,2873,0.018813758976707357,0.008224966802809354,0.9986528580060017,98.64544018537548,-0.2158439964519421,1,0.0766230370025548,1
box_sphere_scene_change_medium_3,scene_change,3265,1808,0.06134635427258711,0.05204335506408564,0.9848337727601207,62.327430077094,-0.40344257500830644,0,0.11654999452442023,0
box_sphere_scene_change_medium_3,scene_change,3272,628,0.08603873319938432,0.08234167282305271,0.9997873060433542,90.4197869400221,0.02400112463962012,0,0.020882626088324873,1
box_sphere_scene_change_medium_3,scene_change,3273,2669,0.02448329816406756,0.003205217780890716,0.9692685438258923,62.225091791210474,-0.04189092079413808,1,0.12417360868928007,0
box_sphere_scene_change_medium_3,scene_change,3274,3086,0.050888795498989656,0.014772513476246084,0.9659906210147231,57.39736066165313,-0.11826378239865744,0,0.1379095563543752,0
box_sphere_scene_change_medium_3,scene_change,3276,1368,0.038624353302723506,0.030593127949207433,0.7009168855343229,80.19473703438875,-0.34937525812421216,1,0.11730313738631097,0
box_sphere_scene_change_medium_3,scene_change,3277,1416,0.03382905383120588,0.009949053338607149,0.9978631667932619,102.9786306370459,-0.05582837524963516,1,0.11119422881578843,0
box_sphere_scene_change_medium_3,scene_change,3280,2261,0.09312704841663766,0.08361767015878298,0.9992723584426866,77.29332074109121,0.033616570394992974,0,0.057216442586965156,1
box_sphere_scene_change_medium_3,scene_change,3281,1119,0.016192835953245714,0.011614570419871833,0.8977766911907388,68.84605524917893,-0.20214523452384078,1,0.08199446598442867,0
box_sphere_scene_change_medium_3,scene_change,3284,1565,0.041670424568367836,0.021594002602814296,0.999219469046169,90.76299279083995,0.05608939165114389,0,0.13383710972088034,0
box_sphere_scene_change_medium_3,scene_change,3285,3130,0.041101002832358124,0.010029971576507332,0.9998834251946311,56.195114412985916,0.033616570394992974,1,0.048417515834791286,1
box_sphere_scene_change_medium_3,scene_change,3288,2256,0.09240292657835125,0.09138568096132171,0.9995777740357951,57.70068213237965,-0.03922067315332197,0,0.01001271485107079,1
box_sphere_scene_change_medium_3,scene_change,3289,2606,0.04367671853850033,0.026223940366285836,0.9961368629976355,135.73508735184225,0.015267455464140146,0,0.132001701429536,0
box_sphere_scene_change_medium_3,scene_change,3291,2220,0.018956872043047433,0.018910016547032282,0.9995231907826018,63.93947498812805,-0.03352265632439591,1,0.09801819148799196,0
box_sphere_scene_change_medium_3,scene_change,3295,245,0.10404707153904035,0.08777107609988342,0.41970606561157525,73.34143520078767,-0.018634062993183553,0,0.20051048714512437,0
box_sphere_scene_change_medium_3,scene_change,3296,2629,0.039472750372772925,0.019676795362170783,0.9995273106847865,111.49784241782565,-0.06697054590577842,0,0.06628378478845674,1
box_sphere_scene_change_medium_3,scene_change,3297,3286,0.08262870529788763,0.051351119605470556,0.28404739662013334,38.51789132302061,-0.06527133735787516,0,0.18496618870999468,0
box_sphere_scene_change_medium_3,scene_change,3299,631,0.008239087985131953,0.0008952812483985515,0.971428376903693,42.567733076599545,0.10738264314398677,1,0.10787076852755301,0
box_sphere_scene_change_medium_3,scene_change,3301,1141,0.054927089943408884,0.03386447044033835,0.9604514931700372,70.39273843893614,-0.30058499514561093,1,0.12640757555951582,0
box_sphere_scene_change_medium_3,scene_change,3302,2031,0.034079905690212194,0.006699890293579265,0.9160553301245007,116.74257291302392,-0.2078758758502875,1,0.08376623690443179,0
box_sphere_scene_change_medium_3,scene_change,3306,2107,0.08673474199604586,0.08419618983755536,0.9991776247755807,66.80694141436261,-0.020450586547873833,0,0.016500151088556642,1
box_sphere_scene_change_medium_3,scene_change,3308,3314,0.036000591191232716,0.02217148661886652,0.9958278199993782,48.45795000526752,-0.08367239224593737,0,0.11632263383363792,0
box_sphere_scene_change_medium_3,scene_change,3310,1422,0.024189391565913935,0.007841636593487473,0.999745177307958,43.57527173863364,-0.26236396446783583,1,0.10184326113096448,0
box_sphere_scene_change_medium_3,scene_change,3313,537,0.03089106774435129,0.013070684221038064,0.9809025180877972,106.91952722303482,0.16144980008685367,0,0.06250755915419291,1
box_sphere_scene_change_medium_3,scene_change,3318,1658,0.0836289127318106,0.08002796450308441,0.9998266490824533,58.76607859978062,0.056089406651107905,0,0.04284068635836219,1
box_sphere_scene_change_medium_3,scene_change,3319,534,0.013805930802498291,0.0011230752771582322,0.8281545883709361,161.6322510486783,-0.0045351492830458745,0,0.11390011512662457,0
box_sphere_scene_change_medium_3,scene_change,3320,1878,0.02697552010725335,0.011452668066415523,0.9999451086418706,83.64988029539226,-0.06169349122766025,0,0.09543407660118663,0
box_sphere_scene_change_medium_3,scene_change,3321,2706,0.042069813577732276,0.03433174959714637,0.75092242421301,92.60617233450496,-0.09806113222390075,0,0.11342648493200247,0
box_sphere_scene_change_medium_3,scene_change,3322,369,0.07187690497666537,0.04035003574040601,0.8443796242188877,60.25794911066777,-0.5299589098751363,0,0.1265424974927136,0
box_sphere_scene_change_medium_3,scene_change,3326,1519,0.031118535113411217,0.029893358648280306,0.5592615757278153,163.49829693767418,-0.45473552378251103,1,0.12597627167580444,0
box_sphere_scene_change_medium_3,scene_change,3329,1069,0.032178210598132535,0.004943808933647967,0.9992514564772642,50.587077226789795,0.022187894860438023,0,0.10911815936151323,0
box_sphere_scene_change_medium_3,scene_change,3330,2608,0.025081384966791215,0.0063464873952751725,0.9371362032886638,53.993258660609776,0.42073220246151916,1,0.10854642999637568,0
box_sphere_scene_change_medium_3,scene_change,3331,359,0.09899530260613708,0.09739055647495151,0.995967312967152,117.05819999102792,-0.3295725847497409,0,0.008539150607321883,1
box_sphere_scene_change_medium_3,scene_change,3333,2470,0.015849724514058413,0.01575560520925847,0.9996564073420765,97.03768441916088,-0.1262319668096982,1,0.09014813900599528,0
box_sphere_scene_change_medium_3,scene_change,3335,1811,0.035618323627914505,0.00281152676883047,0.6880694574175453,57.34550938774462,-0.39019721597783363,1,0.11085732203709847,0
box_sphere_scene_change_medium_3,scene_change,3338,2818,0.10086253580870053,0.10052335348165714,0.9997975992293527,215.05898290390317,0.0693345951555894,0,0.023295087760179734,1
box_sphere_scene_change_medium_3,scene_change,3340,3169,0.04307675604146146,0.012940457942662584,0.9300167361379826,130.37095250360375,0.3765609784136656,0,0.09998697847024478,0
box_sphere_scene_change_medium_3,scene_change,3343,1904,0.01920065466412072,0.008308464218719266,0.9999015885480246,76.28050183633115,-0.28965612247484307,1,0.08161266933092576,0
box_sphere_scene_change_medium_3,scene_change,3344,1410,0.0105102908813942,0.008450539250007093,0.9926730242415067,20.23519655536895,0.10487956236813936,1,0.0975061776563864,0
box_sphere_scene_change_medium_3,scene_change,3347,32,0.039354543859973515,0.03791376394181756,0.8080039841113769,51.29623795693583,-0.07608222364179483,1,0.08668535493233646,0
box_sphere_scene_change_medium_3,scene_change,3348,2663,0.041161439552476885,0.026526987572361885,0.8595642731653295,98.42443873511579,0.10120982048361489,1,0.0818643899907234,0
box_sphere_scene_change_medium_3,scene_change,3350,493,0.08769275002286524,0.058665873894344384,0.8041452812271878,50.571012338517555,0.04425495298170266,0,0.0542366996543428,1
box_sphere_scene_change_medium_3,scene_change,3353,1364,0.039256575604078504,0.006827196872960648,0.9948291416391615,81.08482082623861,-0.09009296056415132,1,0.04732069563187723,1
box_sphere_scene_change_medium_3,scene_change,3355,256,0.06178183229759294,0.053651612011914554,0.7058714036221014,37.59270595820397,0.526092785552139,0,0.050150803477760034,1
box_sphere_scene_change_medium_3,scene_change,3356,1645,0.034072441477333563,0.010315720855474267,0.9992668693815373,88.26457916158128,0.13305037075027626,1,0.11116052812881189,0
box_sphere_scene_change_medium_3,scene_change,3357,1665,0.02390126244321862,0.016536949843411586,0.9984121278417168,93.71119161764314,-0.08701129365637626,1,0.07526831904999817,1
box_sphere_scene_change_medium_3,scene_change,3358,3291,0.016814629351552948,0.01099757230799401,0.9996655563202891,120.62080875115582,0.02400112463962012,0,0.10617695672725574,0
box_sphere_scene_change_medium_3,scene_change,3359,924,0.04610427149580595,0.043137954376616945,0.9778940862172102,81.37551071526556,-0.16705388466340604,1,0.08358144225575613,0
box_sphere_scene_change_medium_3,scene_change,3360,2656,0.03992411984677674,0.02245388155354745,0.9672438112423337,60.26393286011234,0.02531779131763424,0,0.08709187318161284,0
box_sphere_scene_change_medium_3,scene_change,3361,3210,0.09999814758232192,0.09059101456944914,0.9997740467746945,28.71365883841087,0.13305037075027626,0,0.01697781358441693,1
box_sphere_scene_change_medium_3,scene_change,3364,331,0.1079990201787454,0.10478857273973129,0.9989639157893261,95.59470050578135,0.007299294862571895,0,0.0221615761965136,1
box_sphere_scene_change_medium_3,scene_change,3366,2849,0.024054339042517043,0.023873135033172215,0.9375029648250619,103.44149332019362,0.09864899121484887,1,0.0726751173387605,1
box_sphere_scene_change_medium_3,scene_change,3367,502,0.04395547371047196,0.007442534250217686,0.9986887539458476,104.94890442957256,-0.1129867171942495,0,0.12101522600649284,0
box_sphere_scene_change_medium_3,scene_change,3368,2694,0.035775371620944664,0.0009968183783207645,0.9997401657459184,110.30133423439591,-0.16705389418719344,0,0.10943066508052868,0
box_sphere_scene_change_medium_3,scene_change,3369,1462,0.10175452825972547,0.10087257859288346,0.9995267574841642,75.27391808629457,-0.16705391075030407,0,0.007496095098901552,1
box_sphere_scene_change_medium_3,scene_change,3371,1706,0.09862603522191993,0.08603549864514337,0.9998166827903742,72.12374649262159,0.0,0,0.06507944189879206,1
box_sphere_scene_change_medium_3,scene_change,3372,448,0.10103203581936514,0.09363189285072077,0.9998172755434503,52.409008800214,0.0741079007252193,0,0.031620617446354776,1
box_sphere_scene_change_medium_3,scene_change,3375,527,0.02365001477808035,0.01128821182489971,0.9820703276136163,169.14911634145318,0.16941798052964901,0,0.06599555827345122,1
box_sphere_scene_change_medium_3,scene_change,3378,3049,0.015159035425786303,0.008322590779881085,0.8696594425241564,45.99269168262609,0.0,1,0.10344601153081427,0
box_sphere_scene_change_medium_3,scene_change,3379,2182,0.02145927168117411,0.006141699847320236,0.9013234637325263,77.3195530632157,0.056089416651088124,0,0.09032251942629514,0
