sample_id,scenario,source_index,target_index,distance_T0,point_to_plane_residual,normal_dot_abs,fpfh_distance,log_normalized_density_ratio,is_mutual_nn,label_distance,target_weight
l_shape_partial_overlap_hard_mixed,partial_overlap,2,2132,0.13539321442229293,0.12526953943351765,0.99769357080388,43.66519239202512,0.09274195104937341,0,0.11635345017826274,0
l_shape_partial_overlap_hard_mixed,partial_overlap,3,1994,0.010839403707149595,0.0017141269498596426,0.9966983984223877,57.1789799974545,0.018634058565895624,1,0.02714305716504506,1
l_shape_partial_overlap_hard_mixed,partial_overlap,4,2915,0.04016204257924417,0.02938767744217039,0.9997139801412163,97.26730074671838,-0.3490902258336019,0,0.05297476962777384,1
l_shape_partial_overlap_hard_mixed,partial_overlap,7,2900,0.03225945062609868,0.023564526703576893,0.9959808891740656,65.14778883701301,0.07472348994597892,1,0.06356089523344387,1
l_shape_partial_overlap_hard_mixed,partial_overlap,8,560,0.027424238052672897,0.018403233500827006,0.9979923748233206,40.45693498223292,0.24244606955361991,0,0.053975440357344744,1
l_shape_partial_overlap_hard_mixed,partial_overlap,9,86,0.12595138391795718,0.11526548524161553,0.9849122740029733,83.83814230099043,0.018634058565895624,0,0.1080481393446139,0
l_shape_partial_overlap_hard_mixed,partial_overlap,11,470,0.03279410489517237,0.02618212832629237,0.9238561609442739,66.4434892969515,-0.0032379927399935,1,0.06862594464274165,1
l_shape_partial_overlap_hard_mixed,partial_overlap,12,2483,0.02766961220666024,0.0042239821336596955,0.9837472873762214,94.40482337638574,-0.014888601779472484,0,0.04013620147428816,1
l_shape_partial_overlap_hard_mixed,partial_overlap,13,383,0.011387883316768058,0.0048672233946469474,0.010010230297413741,50.34612780446301,-0.08097867528333662,1,0.07080873831039922,1
l_shape_partial_overlap_hard_mixed,partial_overlap,14,29,0.03851374045042533,0.03770185892765915,0.9247714093286994,41.24278046963275,-0.02480603262723977,1,0.01138988644408401,1
l_shape_partial_overlap_hard_mixed,partial_overlap,15,444,0.013378646183847836,0.004016855020807386,0.9544332393363634,51.048959041426514,-0.3307411535794032,1,0.04458671631281123,1
l_shape_partial_overlap_hard_mixed,partial_overlap,16,6,0.10577660823139905,0.10426475016245415,0.9989186910176646,53.62740928648738,0.27143358205714485,1,0.08337320438790587,0
l_shape_partial_overlap_hard_mixed,partial_overlap,17,992,0.05536177244807824,0.05323015780738898,0.985852868729433,68.04818428115425,-0.1484198622612682,0,0.14604238755798993,0
l_shape_partial_overlap_hard_mixed,partial_overlap,18,398,0.04278058176313109,0.03433586631490667,0.8887492512992985,74.93726985938737,-0.0018165285340566149,0,0.04085446026885314,1
l_shape_partial_overlap_hard_mixed,partial_overlap,19,34,0.027215915172244365,0.003984639849541604,0.9926021405025242,96.15441070835578,-0.32277301131112346,1,0.028636462793580803,1
l_shape_partial_overlap_hard_mixed,partial_overlap,20,2574,0.020560542226438824,0.020508575967485117,0.999572543460295,77.20507935020824,-0.03594199990841482,1,0.0393536983456871,1
l_shape_partial_overlap_hard_mixed,partial_overlap,21,177,0.03651416585031696,0.029432782324643907,0.9991205387364341,60.45468299497742,-0.21029529181514967,0,0.04077819900656946,1
l_shape_partial_overlap_hard_mixed,partial_overlap,22,2306,0.10553704520391606,0.06523534988808403,0.995080418429145,39.56159948546623,0.3440561491717612,0,0.065460050120286,1
l_shape_partial_overlap_hard_mixed,partial_overlap,23,2772,0.04742837954205549,0.04552053334233436,0.9982087398625921,58.47243673977419,-0.1484198512722791,1,0.12405264708731945,0
l_shape_partial_overlap_hard_mixed,partial_overlap,25,301,0.031399306077324086,0.028940859003880746,0.9932266956672888,31.55368190457619,0.08338152198261992,1,0.012386179914403444,1
l_shape_partial_overlap_hard_mixed,partial_overlap,27,912,0.04849631129985664,0.026515006555229093,0.9989029604878287,77.87317223744066,-0.02058660997205198,0,0.14297120887384276,0
l_shape_partial_overlap_hard_mixed,partial_overlap,28,1325,0.11268959367481703,0.11095951117836927,0.9907210163391044,67.75134067259208,-0.1484198312054339,0,0.08057030894736059,0
l_shape_partial_overlap_hard_mixed,partial_overlap,29,567,0.011921206751546337,0.0038305204410279334,0.9984322399732097,77.2677010855039,-0.053109757132217876,1,0.022533099951840184,1
l_shape_partial_overlap_hard_mixed,partial_overlap,30,2476,0.11489816222384261,0.11114927030574814,0.9933835409481703,65.00807091650617,0.462488589987177,0,0.08983363999435011,0
l_shape_partial_overlap_hard_mixed,partial_overlap,32,458,0.02544297141681109,0.024882127846116018,0.9934985349131745,70.7100781284679,-0.030636937054516686,1,0.0921944910981678,0
l_shape_partial_overlap_hard_mixed,partial_overlap,34,1429,0.0463441443053669,0.03412480979092547,0.92187997104746,88.27036221966391,0.056374345238246505,1,0.05861069103856526,1
l_shape_partial_overlap_hard_mixed,partial_overlap,36,2306,0.049736305069035584,0.04458434527844984,0.6413925921713384,70.48072355666316,0.3714551015881213,0,0.11657994206233033,0
l_shape_partial_overlap_hard_mixed,partial_overlap,37,661,0.041241211746684145,0.031147372362994218,0.756726829369198,29.336077992345114,-0.33766165849279217,1,0.08649825994284664,0
l_shape_partial_overlap_hard_mixed,partial_overlap,38,100,0.04984967374328122,0.04733982933887187,0.8241318064314822,99.97848766473008,-0.19720990976423833,1,0.07394975647140277,1
l_shape_partial_overlap_hard_mixed,partial_overlap,39,1110,0.07383599529593898,0.0732793981197483,0.9907223053498121,46.36595858655803,-0.07696096706212566,0,0.05581800524777166,1
l_shape_partial_overlap_hard_mixed,partial_overlap,40,2585,0.07916216425923649,0.07475682609571123,0.9996598149144147,37.64560104175026,-0.0794270598218667,0,0.0669868790711692,1
l_shape_partial_overlap_hard_mixed,partial_overlap,41,2536,0.04235824991270011,0.02928945984982966,0.9903582323707864,36.24126036694407,-0.3307411535794032,0,0.07256766703151002,1
l_shape_partial_overlap_hard_mixed,partial_overlap,42,1290,0.03586310391858039,0.02939626716493199,0.6103369293290296,92.09140711645732,-0.025817654597878572,0,0.08203480242625175,0
l_shape_partial_overlap_hard_mixed,partial_overlap,44,1971,0.06514072631307052,0.06005506405045329,0.975649946453964,64.28118194361073,-0.4446854622873813,0,0.05723520705260114,1
l_shape_partial_overlap_hard_mixed,partial_overlap,45,2738,0.08418578835117294,0.08326684105482474,0.5433231762754718,65.86704018403896,-0.11205225115914628,0,0.13633036218165626,0
l_shape_partial_overlap_hard_mixed,partial_overlap,46,2085,0.05358299965319715,0.04089101626161808,0.9825903388472106,73.60382106177306,0.27143358205714485,0,0.03369854172376164,1
l_shape_partial_overlap_hard_mixed,partial_overlap,48,1108,0.03008307070200291,0.0011824889422877728,0.9839978346176648,93.45758536893268,0.13926197705578844,1,0.042336271706045925,1
l_shape_partial_overlap_hard_mixed,partial_overlap,49,1445,0.037170629611654966,0.036364039364418496,0.998817775763635,41.91975150072163,-0.25964544518220545,0,0.020422786661796952,1
l_shape_partial_overlap_hard_mixed,partial_overlap,50,2405,0.03820961644595255,0.03049288179295442,0.9896773873915806,64.77926577614323,-0.25842074674742216,1,0.03523661359176021,1
l_shape_partial_overlap_hard_mixed,partial_overlap,51,1213,0.06090742944408904,0.04844946311858701,0.9955975294801277,64.23223829700756,-0.1039681180416598,0,0.14451589833392528,0
l_shape_partial_overlap_hard_mixed,partial_overlap,52,738,0.03231980094408925,0.02767586023695305,0.9984823969101756,34.738344713320124,0.05225065499036653,1,0.06394244715458539,1
l_shape_partial_overlap_hard_mixed,partial_overlap,53,2121,0.04599203021625758,0.04132588602826014,0.7536690815919769,58.890022143489546,0.0651540200882974,1,0.05897431530522615,1
l_shape_partial_overlap_hard_mixed,partial_overlap,54,603,0.1136279213634689,0.10880495775818513,0.9892890478908832,36.533774390993536,-0.10189986177791288,0,0.07361545969920714,1
l_shape_partial_overlap_hard_mixed,partial_overlap,55,1035,0.05833062634478026,0.05171181794791053,0.9529124488435249,54.77470638285724,-0.2662027583675507,0,0.1401094643285596,0
l_shape_partial_overlap_hard_mixed,partial_overlap,56,523,0.10352567625738675,0.10218293887745147,0.9389663800065318,79.77235898013049,0.040821952853630904,0,0.08257646502709338,0
l_shape_partial_overlap_hard_mixed,partial_overlap,57,925,0.10812543573413748,0.10541379096908451,0.9993007070764413,92.11017629149715,-0.199713023190418,0,0.028827760434189553,1
l_shape_partial_overlap_hard_mixed,partial_overlap,58,1541,0.038778744219571226,0.03505830134963103,0.983875542732525,26.3792505348754,-0.07431198351403495,1,0.00824601089255433,1
l_shape_partial_overlap_hard_mixed,partial_overlap,62,956,0.03612981737889467,0.008616524972119495,0.8914257472539351,41.095418764545144,-0.07696096706212566,0,0.10246422692992012,0
l_shape_partial_overlap_hard_mixed,partial_overlap,64,977,0.04698465006648049,0.041462773452821663,0.9941390711732697,41.90248444902705,-0.1484198671873671,0,0.0464457317299845,1
l_shape_partial_overlap_hard_mixed,partial_overlap,67,208,0.0912002502202426,0.09054853981266522,0.928921424985721,90.50842955040193,0.056374345238246505,0,0.0590689099715708,1
l_shape_partial_overlap_hard_mixed,partial_overlap,72,462,0.03943764153490163,0.03395737045047998,0.9564477364561008,87.23206755637115,-0.33563130402151864,0,0.08439492246532733,0
l_shape_partial_overlap_hard_mixed,partial_overlap,73,2926,0.09465289885487826,0.06850676020504778,0.9566032659077663,44.03196144761306,-0.008658051873563024,0,0.05439508839347052,1
l_shape_partial_overlap_hard_mixed,partial_overlap,74,705,0.02891266722334187,0.013069328557304097,0.9960147530833012,53.27987677525883,-0.10079189146655301,0,0.020283092496235628,1
l_shape_partial_overlap_hard_mixed,partial_overlap,75,360,0.030883561618004114,0.019253259090441163,0.980420935303699,52.5416530699079,-0.02480603262723977,1,0.054992883984385246,1
l_shape_partial_overlap_hard_mixed,partial_overlap,76,392,0.05540574403828932,0.03630443796052604,0.9978539118231651,56.263452794577546,-0.21437784573413105,0,0.03919710029263857,1
l_shape_partial_overlap_hard_mixed,partial_overlap,78,1239,0.05974226957246999,0.05635343657650535,0.9474051319843462,72.12817576243265,-0.046637268181641996,0,0.1373684187824296,0
l_shape_partial_overlap_hard_mixed,partial_overlap,79,2264,0.05130070627257914,0.04482217301645983,0.9898374775404601,69.9720942348866,-0.5712761916922761,0,0.0802049899880704,0
l_shape_partial_overlap_hard_mixed,partial_overlap,81,2290,0.08378628580847305,0.08251204739027787,0.9974490402705939,53.22553205601035,0.23934524581563146,0,0.04539028480108978,1
l_shape_partial_overlap_hard_mixed,partial_overlap,82,2064,0.02764306172615307,0.015758808346879233,0.9795417094348599,37.86231479657904,-0.07145888990814764,1,0.04578949798892111,1
l_shape_partial_overlap_hard_mixed,partial_overlap,84,237,0.06161006572699507,0.04622310181162597,0.9893136216912597,94.61705264551668,-0.22638138780431313,0,0.059769593266086586,1
l_shape_partial_overlap_hard_mixed,partial_overlap,85,1959,0.06172561604821847,0.05780792143100766,0.8645491497217662,96.54439362158394,-0.2284624659972056,0,0.12143321315037803,0
l_shape_partial_overlap_hard_mixed,partial_overlap,88,1676,0.0657129910405395,0.05968289190792688,0.9977152907499716,58.945320683542164,0.1392618867781865,1,0.02829208432850453,1
l_shape_partial_overlap_hard_mixed,partial_overlap,89,2395,0.04018487140887351,0.02641539582691244,0.46640505719885955,105.1580469217837,-0.2751715222118586,0,0.10297545475425013,0
l_shape_partial_overlap_hard_mixed,partial_overlap,90,1092,0.03592156572162239,0.03301204650638355,0.9973589020353807,56.35755465403721,0.13926191257177525,1,0.1399250226354247,0
l_shape_partial_overlap_hard_mixed,partial_overlap,96,1761,0.11801675198850645,0.11672486892430331,0.9964126308685002,49.585284996830566,0.1278332351463941,0,0.043234366051807416,1
l_shape_partial_overlap_hard_mixed,partial_overlap,97,1578,0.05174565928605965,0.024666890242142216,0.9925823471530254,89.83386903360017,-0.8903556403273374,1,0.0737209820898294,1
l_shape_partial_overlap_hard_mixed,partial_overlap,98,2787,0.028981488075356197,0.026657678914325328,0.9890829753742005,76.48496921781067,-0.08388141106409891,0,0.04419357359904876,1
l_shape_partial_overlap_hard_mixed,partial_overlap,99,1983,0.029964631535730465,0.02191638107146044,0.9926797458493734,47.006783157554175,-0.14841990511834072,0,0.018649313412675797,1
l_shape_partial_overlap_hard_mixed,partial_overlap,101,1793,0.0382160641487366,0.01942440440578214,0.9989788000086444,68.57584752183186,0.02593335155034978,0,0.012522897408758144,1
l_shape_partial_overlap_hard_mixed,partial_overlap,102,1838,0.055197187575011256,0.053881688507895806,0.9599400151178443,34.57530514230027,-0.14841988390625127,0,0.014980788886679204,1
l_shape_partial_overlap_hard_mixed,partial_overlap,104,524,0.06810005291136628,0.05887415529722009,0.9880855301158802,90.64632438888931,0.1743531966687958,0,0.09182841531007031,0
l_shape_partial_overlap_hard_mixed,partial_overlap,105,930,0.010964670502982431,0.007716495481032095,0.9981192015586307,60.89187684974965,0.02593335155034978,1,0.06404766460423139,1
l_shape_partial_overlap_hard_mixed,partial_overlap,106,2213,0.0411134432278066,0.04060175609372286,0.9868787901280254,57.54529230864656,-0.4711928784984906,0,0.15612665148288682,0
l_shape_partial_overlap_hard_mixed,partial_overlap,107,2154,0.06126028989704923,0.05563034062977708,0.9924799473026378,58.97948870697739,-0.14841984511844597,1,0.0687387908796781,1
l_shape_partial_overlap_hard_mixed,partial_overlap,108,2219,0.060993590949737754,0.049547136131172904,0.9827640105034202,44.48416004250486,0.0186340655588895,0,0.0902807411978996,0
l_shape_partial_overlap_hard_mixed,partial_overlap,110,1242,0.013008737219474275,0.005577243359129798,0.9999591107168517,45.39747431609784,-0.25964544518220545,1,0.05798754440836504,1
l_shape_partial_overlap_hard_mixed,partial_overlap,111,3013,0.0616996674459307,0.05676161658200569,0.9984286627461436,64.14662892615019,-0.190979400334423,1,0.10075919468904404,0
l_shape_partial_overlap_hard_mixed,partial_overlap,113,98,0.09134200208528567,0.07367582648329409,0.9910813497577271,33.86353273203218,0.04829023788559933,0,0.05066956810536186,1
l_shape_partial_overlap_hard_mixed,partial_overlap,115,2182,0.06843922840723549,0.06084091773801195,0.9792298522271109,100.61406906751868,0.2898346112970965,0,0.13565235208515264,0
l_shape_partial_overlap_hard_mixed,partial_overlap,116,2,0.04617019968339239,0.029443068347338404,0.9978921171673424,63.86589334169554,0.1392618867781865,0,0.031002103666119284,1
l_shape_partial_overlap_hard_mixed,partial_overlap,117,901,0.04252614476362624,0.03258230692640183,0.9987807396725805,60.732798157168176,-0.24850312783611309,0,0.06842299472318171,1
l_shape_partial_overlap_hard_mixed,partial_overlap,118,105,0.046710006101718826,0.024011494198292512,0.943977764650337,69.75159983132725,0.0651540200882974,1,0.1607931074735271,0
l_shape_partial_overlap_hard_mixed,partial_overlap,120,1459,0.033033890855976106,0.029781117797540668,0.9920766418338219,49.15086596717989,0.040821952853630904,0,0.1274746387735106,0
l_shape_partial_overlap_hard_mixed,partial_overlap,122,975,0.10464492626805097,0.10345216094471722,0.9968010432707133,41.497229675440295,-0.014888594636629237,0,0.06939850157755387,1
l_shape_partial_overlap_hard_mixed,partial_overlap,128,49,0.061032285432513135,0.055539859525365956,0.907068285082647,64.77687066776438,-0.22538081218057165,1,0.09199146113408743,0
l_shape_partial_overlap_hard_mixed,partial_overlap,131,1929,0.05456967506204501,0.048413580846713385,0.9676275556572921,104.58578274433799,-0.1248894285276199,0,0.02190615677430191,1
l_shape_partial_overlap_hard_mixed,partial_overlap,134,2429,0.13781673353243787,0.1366642191478512,0.9995635606321845,74.04480713806231,0.15007283196522547,0,0.0827519505281158,0
l_shape_partial_overlap_hard_mixed,partial_overlap,136,2105,0.050994617456744516,0.028106549832302447,0.9942866660505282,28.95808576908138,0.039632192887157705,0,0.03721317147037958,1
l_shape_partial_overlap_hard_mixed,partial_overlap,137,1651,0.06563240702535417,0.06449102871552519,0.999235279656447,65.51332783185654,-0.3216915107904901,0,0.042498371118475285,1
l_shape_partial_overlap_hard_mixed,partial_overlap,139,2535,0.016301121330114802,0.011744228466976031,0.9956866686944289,60.68590178034375,0.10289430676064813,1,0.047698107376549066,1
l_shape_partial_overlap_hard_mixed,partial_overlap,140,2447,0.040773099321296837,0.03713018899664472,0.9729860411280776,65.67579854923007,0.08338152198261992,1,0.11212776788213766,0
l_shape_partial_overlap_hard_mixed,partial_overlap,141,2373,0.07070339084428805,0.06353064952312887,0.9954152090891393,53.40189303902506,-0.36464280803261256,0,0.07378846058893639,1
l_shape_partial_overlap_hard_mixed,partial_overlap,142,782,0.0786549656689965,0.0685537910939106,0.9622407315485662,96.4749225148665,0.25704481965687165,0,0.10388984847667879,0
l_shape_partial_overlap_hard_mixed,partial_overlap,143,924,0.024739860709262006,0.005781021149030966,0.652969886525415,70.13184398618408,-0.0350912840970206,1,0.10447286574853987,0
l_shape_partial_overlap_hard_mixed,partial_overlap,145,1327,0.029572086826588833,0.015862798040111703,0.996808227323163,40.31599507252955,-0.014888594636629237,1,0.013009373563954226,1
l_shape_partial_overlap_hard_mixed,partial_overlap,147,782,0.10604777342425159,0.0972789388563952,0.9984930581146065,43.95835110961183,-0.053109757132217876,0,0.09584983382185738,0
l_shape_partial_overlap_hard_mixed,partial_overlap,148,2366,0.016172861297802366,0.007807423809384999,0.99842947992433,47.188125289956325,0.052250619636902806,1,0.07073505962391897,1
l_shape_partial_overlap_hard_mixed,partial_overlap,149,2068,0.052266309393590095,0.04939637221339627,0.7299839045749997,36.194326688481624,-0.22252775474474604,0,0.10452797544516082,0
l_shape_partial_overlap_hard_mixed,partial_overlap,150,1429,0.06067041811203252,0.042746852423032944,0.9869399093529355,59.12155137661753,0.056374345238246505,0,0.05409629398423916,1
l_shape_partial_overlap_hard_mixed,partial_overlap,151,1666,0.08045356392736329,0.07797052901310679,0.9652085730294813,53.69672259799217,-0.18016854919911507,0,0.05701233524886351,1
l_shape_partial_overlap_hard_mixed,partial_overlap,152,2502,0.021633328288672784,0.015905000269246815,0.9523293534304383,44.271678623057035,0.040821952853630904,1,0.04946127703865329,1
l_shape_partial_overlap_hard_mixed,partial_overlap,154,2064,0.03317344473994551,0.019908475516264706,0.9967951228988055,33.691333629021635,0.0,0,0.01820888433260184,1
l_shape_partial_overlap_hard_mixed,partial_overlap,156,212,0.04767863818100865,0.03270709183605206,0.9907281497600218,56.58902319338865,-0.05532954736393609,0,0.006980421857147245,1
l_shape_partial_overlap_hard_mixed,partial_overlap,157,873,0.039234882857059665,0.03582898952863021,0.9939315729543641,30.478999114371128,0.19785607684778972,1,0.03681248263046149,1
l_shape_partial_overlap_hard_mixed,partial_overlap,159,221,0.04531371269270077,0.020478143640404515,0.9990687041552556,42.00318135651507,-0.2856209147163813,0,0.020641452184750084,1
l_shape_partial_overlap_hard_mixed,partial_overlap,160,2439,0.046718372119784,0.034629255168301565,0.9912350799666577,41.45725559649387,0.009803993127984797,0,0.019254136497296674,1
l_shape_partial_overlap_hard_mixed,partial_overlap,162,2677,0.057771492497019315,0.04572656420422704,0.9984980205315592,37.396220374950516,-0.3820346139753727,0,0.07087712864410825,1
l_shape_partial_overlap_hard_mixed,partial_overlap,166,1219,0.027633118366049363,0.023622061433743388,0.9993657800220961,69.11195805270638,-0.2174127416846739,1,0.05863550413749235,1
l_shape_partial_overlap_hard_mixed,partial_overlap,167,2233,0.03334667496447543,0.030881755595897294,0.9892314936480167,87.051086291383,0.06669130998260557,0,0.07982016749114348,1
l_shape_partial_overlap_hard_mixed,partial_overlap,168,399,0.038507357725115265,0.03153657569943934,0.7569888789468971,64.80448138123752,-0.017799812259829337,0,0.06370201268142799,1
l_shape_partial_overlap_hard_mixed,partial_overlap,171,679,0.09578337860777705,0.08887537775306223,0.9989880445824139,107.53357922898685,0.02593335155034978,0,0.055030488346171406,1
l_shape_partial_overlap_hard_mixed,partial_overlap,172,517,0.09292073223125284,0.0927785841415143,0.9917430260624835,122.80093723926514,-0.1484198312054339,0,0.04959890377552525,1
l_shape_partial_overlap_hard_mixed,partial_overlap,173,1982,0.0838939714314557,0.07787044491043611,0.9977045133632132,128.3767727506601,-0.06837722372686757,1,0.08743116524091317,0
l_shape_partial_overlap_hard_mixed,partial_overlap,174,591,0.05532954855403608,0.04780110788511773,0.9981932739239837,61.33668397068934,-0.10586026932280505,0,0.11227922972977905,0
l_shape_partial_overlap_hard_mixed,partial_overlap,176,2724,0.11311283543329342,0.11026135690052907,0.9987524795647098,70.19844220336716,0.10289430676064813,1,0.040082915216384296,1
l_shape_partial_overlap_hard_mixed,partial_overlap,177,93,0.05562051277006702,0.05557361164164714,0.7314390095951895,52.80154431055736,0.005730670740733846,0,0.11821675245944321,0
l_shape_partial_overlap_hard_mixed,partial_overlap,178,2167,0.02633781123943841,0.024355969313083686,0.9646442271655072,33.95261827002156,-0.06386256860058087,1,0.04590061527364363,1
l_shape_partial_overlap_hard_mixed,partial_overlap,179,497,0.055665631752552736,0.032650862703526407,0.9963334055759273,49.38889320121391,0.02593335155034978,0,0.12765504619138604,0
l_shape_partial_overlap_hard_mixed,partial_overlap,180,127,0.025262732092401836,0.018399417282168293,0.9631994465534713,74.05680294123849,-0.02058660997205198,1,0.1356270901425457,0
l_shape_partial_overlap_hard_mixed,partial_overlap,181,2787,0.06317611530688401,0.029535920592353417,0.9575925067267737,78.6995878456386,-0.053109779859441826,0,0.04806631009222898,1
l_shape_partial_overlap_hard_mixed,partial_overlap,183,2393,0.0308223093656839,0.026724370352441653,0.9841592341819609,64.24483474226247,0.02593335155034978,1,0.037811304952784,1
l_shape_partial_overlap_hard_mixed,partial_overlap,184,956,0.03416396515636877,0.005565184484547215,0.8914257472539294,41.54594778839518,-0.07696096706212566,1,0.1030678478549411,0
l_shape_partial_overlap_hard_mixed,partial_overlap,187,2925,0.027079908717292007,0.0010405917152915192,0.9023213896020199,50.24031927755735,0.021479012001216144,1,0.03668696093137912,1
l_shape_partial_overlap_hard_mixed,partial_overlap,188,1906,0.027435407590559596,0.02689532032974156,0.9867074771109352,60.2125862390117,-0.20106359584565411,1,0.03199610654157761,1
l_shape_partial_overlap_hard_mixed,partial_overlap,193,2628,0.013282630338762837,0.008791199194254612,0.9975678593705936,50.88793866439782,0.08338152198261992,1,0.07132352861429146,1
l_shape_partial_overlap_hard_mixed,partial_overlap,194,1243,0.023067304206983795,0.014071758432064674,0.993522454438055,33.91187486813734,-0.043059448719744736,1,0.05090416980270725,1
l_shape_partial_overlap_hard_mixed,partial_overlap,197,319,0.0589992832230843,0.04945895918185659,0.799870466764989,100.45709232444541,0.10751326283623643,0,0.16269309121351563,0
l_shape_partial_overlap_hard_mixed,partial_overlap,198,439,0.061539304238381866,0.06093096079270159,0.9961463103852102,41.685307526453784,-0.2617484232826936,1,0.038649495799438646,1
l_shape_partial_overlap_hard_mixed,partial_overlap,200,2153,0.028141990269182408,0.0024648383393362245,0.9993560044296081,38.52541055104006,-0.18764051981022664,1,0.03881344610848645,1
l_shape_partial_overlap_hard_mixed,partial_overlap,205,2328,0.027846148428365813,0.027570956419225794,0.998650552125013,52.28329771212536,0.005730666772488121,1,0.0271607445965137,1
l_shape_partial_overlap_hard_mixed,partial_overlap,207,1433,0.030959183233391967,0.026473412611946398,0.9593340109148427,84.69858939518421,0.024851699571007795,0,0.09476437853851911,0
l_shape_partial_overlap_hard_mixed,partial_overlap,209,2447,0.06845830457805713,0.06433863824918552,0.9806005606431271,66.4502937880007,0.11728304032500077,0,0.13662159446025732,0
l_shape_partial_overlap_hard_mixed,partial_overlap,210,103,0.0990158543640014,0.0979180943209354,0.9985451525690547,46.89139063442558,0.03390151000906574,1,0.03467442035174306,1
l_shape_partial_overlap_hard_mixed,partial_overlap,211,2254,0.022840411302344134,0.020433163976625594,0.6967124497161823,80.07531956569856,-0.10079189146655301,1,0.03321307349083887,1
l_shape_partial_overlap_hard_mixed,partial_overlap,212,2396,0.07431027942072084,0.07202836401835,0.9995238575396875,52.156395140356786,-0.043059448719744736,1,0.067156327603665,1
l_shape_partial_overlap_hard_mixed,partial_overlap,217,2973,0.028134031405742627,0.010422958964751771,0.9716546082967392,39.282717073741466,-0.01488859910090564,0,0.023383720901505135,1
l_shape_partial_overlap_hard_mixed,partial_overlap,218,1050,0.041070781028838085,0.029066199392202157,0.8899059179084078,147.088851918974,-0.10919917658049856,1,0.10398333195783338,0
l_shape_partial_overlap_hard_mixed,partial_overlap,219,405,0.04673685990535815,0.02424930882308135,0.9980645911546369,64.3985029273045,0.3411278398952577,1,0.08452107841975863,0
l_shape_partial_overlap_hard_mixed,partial_overlap,220,178,0.11812493566153376,0.11706485701085086,0.9999282490344407,59.372473938703806,0.12921161026799896,0,0.05708273997436009,1
l_shape_partial_overlap_hard_mixed,partial_overlap,222,1149,0.03917966635212628,0.013415719471517628,0.9782888715201784,26.2712577210963,-0.05310979122306137,0,0.031494398334443646,1
l_shape_partial_overlap_hard_mixed,partial_overlap,223,2478,0.04139030845940839,0.033080745606122904,0.9686680085078139,46.82830399909512,-0.317496127560005,0,0.030325927928733364,1
l_shape_partial_overlap_hard_mixed,partial_overlap,224,737,0.11453625080011301,0.11331272389538266,0.9963545480234021,43.05754307006302,-0.008658051873563024,1,0.058935715089653916,1
l_shape_partial_overlap_hard_mixed,partial_overlap,225,786,0.04258225222193332,0.002990743095948272,0.874691417939033,74.29572318338462,-0.08097867528333662,1,0.05944852289025748,1
l_shape_partial_overlap_hard_mixed,partial_overlap,229,305,0.06594812763271353,0.06560326733439999,0.9926134385299673,33.40113482204311,-0.02058660997205198,1,0.01823781700658124,1
l_shape_partial_overlap_hard_mixed,partial_overlap,231,2685,0.01585415013035351,0.011239696330816442,0.9266267848857492,84.86752448369869,-0.2710220278798344,1,0.13618540049239716,0
l_shape_partial_overlap_hard_mixed,partial_overlap,234,2229,0.010889251617173999,0.003971222443530212,0.9967055999262484,56.19189846805567,-0.14841989083264717,1,0.0659318771419106,1
l_shape_partial_overlap_hard_mixed,partial_overlap,235,341,0.0918678739129533,0.08882185703438598,0.9966644452809522,56.808211502697674,-0.057448156519258005,1,0.025173071325405093,1
l_shape_partial_overlap_hard_mixed,partial_overlap,237,1333,0.06240979304466103,0.05054557544380939,0.9899686107834632,49.91014774977234,-0.4446854622873813,1,0.07842250307384654,1
l_shape_partial_overlap_hard_mixed,partial_overlap,238,2066,0.10530963041635506,0.10508463124645316,0.9951622175577756,69.99751188684277,0.1392618867781865,1,0.05144363423191413,1
l_shape_partial_overlap_hard_mixed,partial_overlap,240,726,0.10930346132118787,0.10230875685789963,0.9995581574157639,41.04367127037139,-0.02058660997205198,0,0.022546370353257995,1
l_shape_partial_overlap_hard_mixed,partial_overlap,241,1579,0.03276389981853998,0.012568335516245109,0.9770159476587716,43.118307133511514,0.12921161026799896,0,0.06741390926177776,1
l_shape_partial_overlap_hard_mixed,partial_overlap,243,988,0.04391125232593049,0.025954858860135252,0.9428299830850813,46.52831107318168,-0.0053191563493996796,1,0.08120175645535462,0
l_shape_partial_overlap_hard_mixed,partial_overlap,244,1935,0.03512695098863917,0.03223147241241112,0.9450649212417415,85.68636294552225,-0.06140855615903095,1,0.09493445303695182,0
l_shape_partial_overlap_hard_mixed,partial_overlap,245,1168,0.06940457383393055,0.03383630959851241,0.9897653668050693,52.936262769229174,0.03816592645778955,0,0.1175950162009471,0
l_shape_partial_overlap_hard_mixed,partial_overlap,247,2489,0.02709031660309133,0.016514440676747996,0.9666155541035021,42.87042906768945,0.10289430676064813,0,0.07379585558301016,1
l_shape_partial_overlap_hard_mixed,partial_overlap,248,2397,0.020287251815639687,0.01790387334607383,0.9942073480031088,42.033796178751686,-0.10295756799245899,1,0.04543355550667142,1
l_shape_partial_overlap_hard_mixed,partial_overlap,250,2673,0.12547480542531572,0.11547893082711026,0.9994983494076553,25.320398877011744,-0.025817654597878572,0,0.09690404847081556,0
l_shape_partial_overlap_hard_mixed,partial_overlap,251,235,0.1310624504590999,0.12861476581596762,0.9981537082711975,56.331633843936814,0.18805201721747017,0,0.05393517039182064,1
l_shape_partial_overlap_hard_mixed,partial_overlap,252,1197,0.09442027052756792,0.09404303541974557,0.9994104855272036,68.63535975711412,0.17003356312162976,1,0.05889116371670644,1
l_shape_partial_overlap_hard_mixed,partial_overlap,254,2738,0.03192193993324762,0.02805525905927962,0.7540766387410546,76.20762588057566,-0.30876232025017947,1,0.1407896719735959,0
l_shape_partial_overlap_hard_mixed,partial_overlap,255,2213,0.03965509568828064,0.028749238917364816,0.9837571987793637,80.69336711486518,-0.4246729256340758,1,0.16313014662082284,0
l_shape_partial_overlap_hard_mixed,partial_overlap,256,525,0.05162549308490282,0.02477810511240852,0.8579287251638907,89.55436359919874,-0.48489168459728166,1,0.08438616271175374,0
l_shape_partial_overlap_hard_mixed,partial_overlap,258,766,0.07955719010236728,0.05223932830630993,0.9858300071560326,50.28742222364425,-0.11205225115914628,0,0.014599488743525088,1
l_shape_partial_overlap_hard_mixed,partial_overlap,259,1351,0.03563653038307395,0.030242497326441426,0.718699975255336,87.92659486033097,0.1743531966687958,1,0.13730428161141114,0
l_shape_partial_overlap_hard_mixed,partial_overlap,262,1619,0.030350100020562706,0.014986282746796238,0.954730444804301,72.56458596485214,0.18805208864590567,1,0.055897427163122786,1
l_shape_partial_overlap_hard_mixed,partial_overlap,263,1983,0.037452754632729464,0.013999877330423295,0.9989283663490548,45.45825414867009,-0.1237273102108836,0,0.009163173193515096,1
l_shape_partial_overlap_hard_mixed,partial_overlap,264,1398,0.039858535948248605,0.02062874832713287,0.9989326291543774,44.7766782568016,-0.053109757132217876,1,0.011844280556140608,1
l_shape_partial_overlap_hard_mixed,partial_overlap,265,122,0.11210582447289298,0.10338640517275204,0.9966769516174243,70.36103060610606,0.02343021562423119,0,0.008148394367078683,1
l_shape_partial_overlap_hard_mixed,partial_overlap,266,1153,0.011790861807498687,0.009090393369864497,0.934576515368177,51.90606152511256,0.226273214209736,1,0.07643239095829159,1
l_shape_partial_overlap_hard_mixed,partial_overlap,268,2960,0.02797435199511189,0.0003471198535911775,0.996161337605194,110.1443921420911,0.056374345238246505,0,0.07398060052183944,1
l_shape_partial_overlap_hard_mixed,partial_overlap,269,2183,0.02893457399370836,0.0024172223471609837,0.9901610502466555,73.63950222366424,-0.014888594636629237,1,0.062069624938975144,1
l_shape_partial_overlap_hard_mixed,partial_overlap,272,1474,0.10289873266049558,0.10115498032231117,0.9993083084755235,85.62020885549985,0.11394412473399235,0,0.07055537022878769,1
l_shape_partial_overlap_hard_mixed,partial_overlap,273,302,0.05529060814186952,0.054634617143301915,0.6878314502381258,81.06904138796337,0.040821952853630904,0,0.15206732787654503,0
l_shape_partial_overlap_hard_mixed,partial_overlap,276,98,0.08090118297388835,0.05229466719272305,0.9942702334778224,36.040853336636594,0.11728304032500077,0,0.07684762467444799,1
l_shape_partial_overlap_hard_mixed,partial_overlap,280,2486,0.05570114229647169,0.05177028119302465,0.9836552844070177,28.133377470097013,0.13926193191697284,0,0.13146892152876105,0
l_shape_partial_overlap_hard_mixed,partial_overlap,281,440,0.0352698499638381,0.02594969445652848,0.9860838709191821,78.93101642483803,0.20297764000450458,0,0.07589951792890488,1
l_shape_partial_overlap_hard_mixed,partial_overlap,282,998,0.07883231757579862,0.06890301828465326,0.9854277882974438,44.23235238621299,-0.27847293756715163,0,0.029981118192944915,1
l_shape_partial_overlap_hard_mixed,partial_overlap,283,1061,0.09007117020359072,0.07168313724084525,0.6419183453875082,95.97453456486348,-0.14841984511844597,0,0.13421065620811756,0
l_shape_partial_overlap_hard_mixed,partial_overlap,286,1744,0.036727892433563177,0.012397865860024214,0.7313900888165337,130.1104038425643,-0.1861601436426242,0,0.13233027441527506,0
l_shape_partial_overlap_hard_mixed,partial_overlap,287,1308,0.031693129393584374,0.00904765764137522,0.9993077996348962,40.14796069993278,-0.14841990755736187,1,0.05406827835215286,1
l_shape_partial_overlap_hard_mixed,partial_overlap,289,1192,0.06602775074627172,0.033273090352914224,0.7844966996389482,71.42340464677662,-0.2537801596655051,0,0.08012181670098908,0
l_shape_partial_overlap_hard_mixed,partial_overlap,290,2234,0.025091030713859003,0.014513373835962047,0.9627404119382205,55.768076214548586,-0.0350912840970206,1,0.1256730899823622,0
l_shape_partial_overlap_hard_mixed,partial_overlap,291,2794,0.05264629254060302,0.04689093897354099,0.9516114449430828,53.819556791118046,-0.34909046320685017,0,0.06703182484736468,1
l_shape_partial_overlap_hard_mixed,partial_overlap,293,2018,0.0218158850238201,0.016382729809236378,0.9863066149178281,45.70396871257625,0.022205499144599645,1,0.03355689801966521,1
l_shape_partial_overlap_hard_mixed,partial_overlap,295,524,0.05417865521647246,0.05282838248074429,0.9132984666718524,134.23535376112375,0.10289430676064813,0,0.10673348407674986,0
l_shape_partial_overlap_hard_mixed,partial_overlap,297,1169,0.10336727349382388,0.10289334551360954,0.997479961963411,105.12194702172415,0.15007283196522547,0,0.05602724177047144,1
l_shape_partial_overlap_hard_mixed,partial_overlap,299,1081,0.054737899726995644,0.05362321207399799,0.0332547781119897,86.25742641340982,-0.06386256860058087,0,0.10329905480048925,0
l_shape_partial_overlap_hard_mixed,partial_overlap,301,750,0.1269619212246372,0.1237135632717241,0.9430601112154104,63.42178889374483,0.08338152198261992,0,0.07427645708751995,1
l_shape_partial_overlap_hard_mixed,partial_overlap,302,1665,0.032045252975038865,0.018371632876963293,0.9968470328405178,41.13455786968933,-0.22638138780431313,0,0.0607422774054526,1
l_shape_partial_overlap_hard_mixed,partial_overlap,303,2112,0.05028141910964332,0.0449847328155318,0.9962983708571851,28.144965225504283,-0.11563008014483513,1,0.014868604908650468,1
l_shape_partial_overlap_hard_mixed,partial_overlap,305,1959,0.12332903031401116,0.12186957870265992,0.1065925105202034,29.675858649733158,-0.07431195878880122,0,0.217104985828282,0
l_shape_partial_overlap_hard_mixed,partial_overlap,306,3024,0.09368553332342738,0.08621757827408849,0.9986247194373404,98.55133364190709,-0.008658051873563024,0,0.0900092376091141,0
l_shape_partial_overlap_hard_mixed,partial_overlap,307,1433,0.01738949686960974,0.010236972380216642,0.9635652130599972,65.60610462810149,-0.021668284678624694,1,0.08867480717890242,0
l_shape_partial_overlap_hard_mixed,partial_overlap,309,2980,0.11812547592340723,0.09455666932969131,0.9962016089561447,37.27507698058121,-0.07145888990814764,0,0.051276366620903985,1
l_shape_partial_overlap_hard_mixed,partial_overlap,310,518,0.0726464186306676,0.06189243178460162,0.9996067336726007,25.86871334493631,-0.12175167055395592,0,0.008599968275672654,1
l_shape_partial_overlap_hard_mixed,partial_overlap,314,422,0.04223569450683781,0.032632294405508064,0.9749712520860999,65.19620460498088,-0.30664379151799365,0,0.04620718322497287,1
l_shape_partial_overlap_hard_mixed,partial_overlap,315,1901,0.030046695944295463,0.027094504205708712,0.9934668415887681,64.90237414357982,-0.14841978289638433,1,0.04022906126902129,1
l_shape_partial_overlap_hard_mixed,partial_overlap,316,2210,0.025829071534664693,0.012169047217223915,0.973334378008113,78.52976150617671,-0.0350912840970206,1,0.08584242949305189,0
l_shape_partial_overlap_hard_mixed,partial_overlap,317,497,0.04748262848970796,0.04163639799111175,0.995257942516954,62.08238059894886,-0.014888594636629237,0,0.11679083119729866,0
l_shape_partial_overlap_hard_mixed,partial_overlap,319,786,0.04512091596098756,0.042163268232458084,0.989271831582208,66.58162984956112,-0.220740523093342,0,0.024071853375514558,1
l_shape_partial_overlap_hard_mixed,partial_overlap,320,2232,0.015928220794593925,0.01300326055847154,0.9995884939491779,73.20972310323604,0.10289430676064813,1,0.036097080081832475,1
l_shape_partial_overlap_hard_mixed,partial_overlap,322,765,0.02002690379560768,0.002405997300380689,0.8478486030640584,126.40472569107158,-0.19493989845887083,1,0.07978006570783615,1
l_shape_partial_overlap_hard_mixed,partial_overlap,324,443,0.07185988820318674,0.06791332172618242,0.9901721054878974,43.50650038372477,-0.33563130402151864,0,0.04974057794190484,1
l_shape_partial_overlap_hard_mixed,partial_overlap,325,377,0.12777169819469242,0.1095267654775632,0.962497556219358,54.535434764096046,-0.11067956459992824,0,0.07794941537790881,1
l_shape_partial_overlap_hard_mixed,partial_overlap,326,957,0.10713552780206154,0.09293098650963615,0.9734143403549155,54.1156452663496,-0.4062485449024659,0,0.09785844028505046,0
l_shape_partial_overlap_hard_mixed,partial_overlap,327,68,0.039403133136424254,0.02317866039267289,0.8953241257136427,66.28622137531514,0.055178906829282,0,0.03008865338395154,1
l_shape_partial_overlap_hard_mixed,partial_overlap,328,2478,0.057989788450983265,0.0573375681969622,0.967748467435715,40.897611385636,-0.3715633064326533,0,0.019234018960300667,1
l_shape_partial_overlap_hard_mixed,partial_overlap,332,2926,0.08966939680009128,0.08588754561715767,0.9422938938062875,95.94767701699068,-0.09962970999663263,0,0.04803733258191418,1
l_shape_partial_overlap_hard_mixed,partial_overlap,333,116,0.0856434082100143,0.050492211240389405,0.997366870447514,31.69810174650598,-0.3952797043001667,0,0.09885847033981986,0
l_shape_partial_overlap_hard_mixed,partial_overlap,337,325,0.08897411868687657,0.08613431074564824,0.9982849805005943,94.7784545506941,-0.1928715364640889,0,0.05888603439209402,1
l_shape_partial_overlap_hard_mixed,partial_overlap,339,638,0.006282954897655205,0.0008155623610072985,0.9654689336323563,55.57175530621399,-0.05880779910719567,1,0.05577322285745808,1
l_shape_partial_overlap_hard_mixed,partial_overlap,340,2507,0.05005202707796658,0.03904663339600127,0.9999363464787948,110.38118884139269,-0.8051983960064151,1,0.05564107970280432,1
l_shape_partial_overlap_hard_mixed,partial_overlap,341,440,0.035072575381200725,0.02356726027470682,0.9748480564034984,100.63298415415034,0.08519473860722715,1,0.09875868877795842,0
l_shape_partial_overlap_hard_mixed,partial_overlap,342,1033,0.020625633904423908,0.017695670476829545,0.9606946885130956,42.717097320686705,-0.20557826046161248,1,0.060923755717895496,1
l_shape_partial_overlap_hard_mixed,partial_overlap,343,1511,0.028275389896561663,0.025142698460584482,0.9995154107506317,48.24417141281147,-0.06140855615903095,1,0.06258340325028719,1
l_shape_partial_overlap_hard_mixed,partial_overlap,344,2410,0.07764509405857518,0.07550532954542485,0.9941044634779391,84.56326736946777,-0.09435271513459734,0,0.053701048826001845,1
l_shape_partial_overlap_hard_mixed,partial_overlap,345,2257,0.03366538434826304,0.03306914860817095,0.579711032256985,70.21420511519786,0.13188186918627456,1,0.07264281285601426,1
l_shape_partial_overlap_hard_mixed,partial_overlap,347,2185,0.03638635552666427,0.032100330730020915,0.9300746627491423,108.55349552687741,0.403648140180651,1,0.12808076366201887,0
l_shape_partial_overlap_hard_mixed,partial_overlap,348,743,0.023468603245107553,0.010403503848361105,0.9689427091385385,38.29550382555499,0.2310694843329952,0,0.052652033065153085,1
l_shape_partial_overlap_hard_mixed,partial_overlap,351,2040,0.030204734788518282,0.006405520059303653,0.9491372210722019,52.097801945175405,-0.09285008446544496,1,0.0667287393745737,1
l_shape_partial_overlap_hard_mixed,partial_overlap,352,1347,0.033221508254069915,0.0037794291842513598,0.9952863604397317,44.78503462663646,-0.25107398515079155,0,0.08895630674035854,0
l_shape_partial_overlap_hard_mixed,partial_overlap,353,1588,0.050166415125416565,0.011920228333365665,0.9971815796359526,121.51801539312146,-0.14841973845208645,0,0.11443201960413166,0
l_shape_partial_overlap_hard_mixed,partial_overlap,354,2218,0.07748730978153973,0.06613877783469702,0.9965656229209704,32.479660707384454,-0.45590428016075407,0,0.07584860851401262,1
l_shape_partial_overlap_hard_mixed,partial_overlap,355,406,0.03326680813668689,0.02670885010951836,0.9906730803234434,59.69984799453992,-0.0661818580091568,0,0.05241996222013488,1
l_shape_partial_overlap_hard_mixed,partial_overlap,356,246,0.05619298044331578,0.03559127964629421,0.9602503432990604,88.20055884267924,0.0651540200882974,0,0.17759159026889418,0
l_shape_partial_overlap_hard_mixed,partial_overlap,358,2427,0.08723151314279563,0.08698035094456501,0.9617559862689181,70.40698660867427,-0.1484198622612682,1,0.07940055105946656,1
l_shape_partial_overlap_hard_mixed,partial_overlap,359,2395,0.033618101486333755,0.033463689129128976,0.43955668312399426,99.13331501657107,-0.3307413285790607,1,0.09796074250951521,0
l_shape_partial_overlap_hard_mixed,partial_overlap,360,1465,0.0408689924136007,0.032754384643419836,0.9999128084303157,62.10315562244363,0.23106941820623472,0,0.06379992038955386,1
l_shape_partial_overlap_hard_mixed,partial_overlap,361,2119,0.06912642420674997,0.06806404808349875,0.9985829575842827,34.19367856780506,-0.14841981464232767,1,0.040760818942870675,1
l_shape_partial_overlap_hard_mixed,partial_overlap,363,2919,0.017668573517999567,0.004845748832665025,0.9992565616519598,78.03710607313947,-0.0018165285340566149,1,0.016386031913540704,1
l_shape_partial_overlap_hard_mixed,partial_overlap,367,616,0.024880135692663473,0.008448015441735339,0.98592103738322,30.403715487901486,0.01588303210375144,1,0.019219021120964748,1
l_shape_partial_overlap_hard_mixed,partial_overlap,368,2917,0.05293544136865268,0.05046956769306334,0.9663173744974158,138.8410519763609,-0.06837722372686757,1,0.09426704318395265,0
l_shape_partial_overlap_hard_mixed,partial_overlap,369,1375,0.10575974891988453,0.10534217590254598,0.9945912504897667,68.55653093609112,-0.0018165285340566149,1,0.06325208586635901,1
l_shape_partial_overlap_hard_mixed,partial_overlap,370,2183,0.03503798841099161,0.013610063286579353,0.9939712571766243,47.93132336770034,0.02593335155034978,0,0.015590979756328534,1
l_shape_partial_overlap_hard_mixed,partial_overlap,372,1905,0.11082733907348316,0.10226262827686013,0.9526310936768252,58.49717405085717,-0.24850312783611309,0,0.05624308906748621,1
l_shape_partial_overlap_hard_mixed,partial_overlap,374,1506,0.06324748447380078,0.05760764878823941,0.9982080647570903,36.949448793492664,-0.12175167055395592,0,0.029434255464690334,1
l_shape_partial_overlap_hard_mixed,partial_overlap,375,2397,0.04040763109366799,0.01920686760632057,0.9389762990498617,53.485201345171845,-0.27203377932302625,0,0.0682242709740821,1
l_shape_partial_overlap_hard_mixed,partial_overlap,376,51,0.030813836476249527,0.027932722147379525,0.9954861761820235,74.47201168257945,-0.06140855615903095,1,0.09790106877878237,0
l_shape_partial_overlap_hard_mixed,partial_overlap,377,2869,0.026653712273517368,0.0019441541203771703,0.8169115122665793,115.74088090209064,-0.05947248347587075,1,0.0635180535464559,1
l_shape_partial_overlap_hard_mixed,partial_overlap,379,2141,0.03851596548060633,0.029647374767878463,0.716022606409036,56.15688714561637,-0.1861601436426242,1,0.13039020510736046,0
l_shape_partial_overlap_hard_mixed,partial_overlap,380,2684,0.03143580208190425,0.02328567286458669,0.9951148895412028,45.45570603890435,-0.24372987128663998,1,0.07309412650442958,1
l_shape_partial_overlap_hard_mixed,partial_overlap,383,524,0.09583127637676855,0.08585184575425105,0.07573222694203752,55.4491986633829,0.0651540200882974,0,0.18661974798881642,0
l_shape_partial_overlap_hard_mixed,partial_overlap,385,2607,0.05342554310187391,0.04836844858239436,0.9821255693030297,52.58312508246871,0.09843997906334181,0,0.13866906562693293,0
l_shape_partial_overlap_hard_mixed,partial_overlap,386,2744,0.05228941528711205,0.03074388435130262,0.9791057362068117,35.40750251016185,-0.02480603262723977,0,0.057815168308153204,1
l_shape_partial_overlap_hard_mixed,partial_overlap,387,1825,0.045116530506367006,0.04442110369859962,0.7046962376979582,26.353715746520187,-0.0350912840970206,0,0.12069190856666248,0
l_shape_partial_overlap_hard_mixed,partial_overlap,388,2299,0.08805525739359478,0.07598203220351481,0.8981728489934345,40.84993756993054,-0.07145888990814764,0,0.07873917965024384,1
l_shape_partial_overlap_hard_mixed,partial_overlap,390,766,0.06698236504521812,0.03652959337246399,0.9765734269655055,47.58087221572604,0.05225064320587335,0,0.019155159641401083,1
l_shape_partial_overlap_hard_mixed,partial_overlap,391,137,0.02834015315511272,0.015290767782633836,0.9953106766651223,68.27739187619247,0.18182150104596176,1,0.042448089336139264,1
l_shape_partial_overlap_hard_mixed,partial_overlap,392,2886,0.042917901199955255,0.041411017839797705,0.9960667584579111,35.08449594691389,0.23724216510588447,1,0.013222706117208096,1
l_shape_partial_overlap_hard_mixed,partial_overlap,393,1156,0.015210164997922741,0.009035432548251848,0.9094454079844121,91.81563485377924,0.1743531966687958,1,0.08227023838210192,0
l_shape_partial_overlap_hard_mixed,partial_overlap,394,735,0.04534430287105846,0.041709367712915044,0.9991260417123338,80.8560061938694,-0.10759789226481506,1,0.11882836355125131,0
l_shape_partial_overlap_hard_mixed,partial_overlap,395,635,0.05247079557035996,0.050984649115368375,0.6654618751756322,85.44764854238277,-0.2502024701657538,0,0.11215567036423298,0
l_shape_partial_overlap_hard_mixed,partial_overlap,396,1254,0.02221773556737919,0.004145120130985656,0.9979325374388784,51.92208753681149,-0.26348917106435077,1,0.04332537007043412,1
l_shape_partial_overlap_hard_mixed,partial_overlap,399,1379,0.07242406891956502,0.07076689932484806,0.9957250170048694,98.99968833938414,-0.1484198312054339,1,0.058766321415173274,1
l_shape_partial_overlap_hard_mixed,partial_overlap,401,2668,0.03920363210809272,0.031648653143589243,0.9898638412745239,79.87529691341432,-0.30257026431120004,0,0.08546378811280386,0
l_shape_partial_overlap_hard_mixed,partial_overlap,402,1858,0.03740739246537893,0.028351220288490353,0.9447487303924232,39.87329590346266,-0.5161443521955289,1,0.06414828869477356,1
l_shape_partial_overlap_hard_mixed,partial_overlap,403,1446,0.049265582987884804,0.044053484590959466,0.9900912150797552,82.651871697279,-0.030636937054516686,1,0.10607399478186083,0
l_shape_partial_overlap_hard_mixed,partial_overlap,405,2527,0.007994688478351763,0.0027738297733933986,0.9983492461682304,59.069036916127565,-0.01488859910090564,1,0.06787469208538628,1
l_shape_partial_overlap_hard_mixed,partial_overlap,407,961,0.07987003429619699,0.07588908282872997,0.9941674317739708,69.56995988660579,0.1278332351463941,0,0.025878167605599266,1
l_shape_partial_overlap_hard_mixed,partial_overlap,408,1707,0.042307496531706436,0.029439409444907395,0.9995007759297231,36.271568161172894,0.056374345238246505,0,0.0900543539292714,0
l_shape_partial_overlap_hard_mixed,partial_overlap,409,950,0.029304666214975236,0.00586347087428668,0.9972431562547076,38.6196580545432,0.1278332351463941,1,0.02473606754705026,1
l_shape_partial_overlap_hard_mixed,partial_overlap,410,539,0.031921519326502085,0.023274738881875656,0.5655782815404145,92.7763879712143,-0.021668284678624694,1,0.10133118523994282,0
l_shape_partial_overlap_hard_mixed,partial_overlap,412,1676,0.07641856825854186,0.06330630400493416,0.9964855711122969,32.464197064166086,-0.043059428349422446,0,0.011734706456475038,1
l_shape_partial_overlap_hard_mixed,partial_overlap,414,2787,0.02512119169909055,0.018814805231920643,0.981444030349811,77.2928595755246,-0.11563008014483513,1,0.031337279784475904,1
l_shape_partial_overlap_hard_mixed,partial_overlap,417,2929,0.09409293788316521,0.09247964490474557,0.9894443913321054,82.81114322176114,-0.1484198312054339,1,0.03867174437482567,1
l_shape_partial_overlap_hard_mixed,partial_overlap,420,912,0.04140641444847916,0.040835869453023976,0.9996948095709755,75.99845661142923,0.09274195104937341,1,0.10209164283575732,0
l_shape_partial_overlap_hard_mixed,partial_overlap,422,1380,0.08207243000540712,0.0808874463333197,0.9986732166831291,59.5605104354918,0.09670232489555769,1,0.03601830082321715,1
l_shape_partial_overlap_hard_mixed,partial_overlap,423,2859,0.028231424255125905,0.009280087818991282,0.9998428690526635,110.83774165140692,-0.14841982330031464,1,0.02619777507757846,1
l_shape_partial_overlap_hard_mixed,partial_overlap,424,2093,0.06103149415337381,0.03713066404916115,0.9984570551149384,106.8493703011999,-0.14841981464232767,0,0.09386295344500448,0
l_shape_partial_overlap_hard_mixed,partial_overlap,426,115,0.02406506118329891,0.0205369247869029,0.9990114152346482,39.953850379192815,-0.05744819171588077,1,0.07115912719574817,1
l_shape_partial_overlap_hard_mixed,partial_overlap,427,68,0.031066639645502193,0.005036533775054116,0.9851593375043819,35.88094567134376,0.13116475796642357,1,0.009109044243046628,1
l_shape_partial_overlap_hard_mixed,partial_overlap,428,1857,0.05355777421532693,0.035904662185202926,0.28135012043755697,96.57190214765775,0.09274195104937341,0,0.14949259169421114,0
l_shape_partial_overlap_hard_mixed,partial_overlap,429,599,0.04060500007740426,0.019623422953533733,0.9720810912080894,86.41349138315982,-0.09126152101694089,1,0.08042940081788012,0
l_shape_partial_overlap_hard_mixed,partial_overlap,430,2394,0.01982761248628681,0.0001061241842818519,0.6000901907963337,61.312635919195365,-0.0350912840970206,1,0.12039177339526043,0
l_shape_partial_overlap_hard_mixed,partial_overlap,431,3049,0.05139098703384371,0.03203241377076526,0.9904029862922731,71.80810215154534,0.2727931757321376,1,0.08208766875253735,0
l_shape_partial_overlap_hard_mixed,partial_overlap,432,2983,0.015319570664255013,0.0018907754132071754,0.9977574097512518,53.68755805935069,0.07472347119601185,1,0.058421205708825766,1
l_shape_partial_overlap_hard_mixed,partial_overlap,433,2030,0.11322094436614509,0.11296320615252524,0.9986911098833204,80.73546777012008,-0.2950230893585148,0,0.06767215687595228,1
l_shape_partial_overlap_hard_mixed,partial_overlap,434,1899,0.021164538552613077,0.013411682994636092,0.9643905966970732,45.532632524982766,0.10289436496160764,0,0.05145402996990768,1
l_shape_partial_overlap_hard_mixed,partial_overlap,436,1424,0.13263932128101713,0.13219624164362945,0.9716829694389514,57.946518582909604,0.0,0,0.0783001896144803,1
l_shape_partial_overlap_hard_mixed,partial_overlap,437,924,0.02858175999954405,0.02827515657756734,0.5192564335726366,39.202576139634054,0.12921161026799896,0,0.125632875907077,0
l_shape_partial_overlap_hard_mixed,partial_overlap,438,2928,0.04434029650505224,0.04280234100213172,0.9217802156544257,47.272046176170704,-0.07045841432427155,0,0.06127813736725278,1
l_shape_partial_overlap_hard_mixed,partial_overlap,439,1156,0.04208842413283557,0.03546973941633292,0.9615754624432667,88.0121243292547,-0.057448156519258005,0,0.11459868845771744,0
l_shape_partial_overlap_hard_mixed,partial_overlap,440,2159,0.12230138294325016,0.1075026503305712,0.9806051041490546,46.64159456871645,-0.06837722372686757,0,0.060729227158841964,1
l_shape_partial_overlap_hard_mixed,partial_overlap,441,6,0.12265445713009655,0.1196529287911795,0.9959507424299434,66.05621452943575,0.299604436007987,0,0.09127483870534071,0
l_shape_partial_overlap_hard_mixed,partial_overlap,443,287,0.03463288738452845,0.03199637996046547,0.4526084489810544,102.10543660316368,-0.12644102352031542,1,0.06773397569553195,1
l_shape_partial_overlap_hard_mixed,partial_overlap,444,2299,0.10101004995168958,0.08539839848391668,0.9345515464653439,42.96005688273609,0.0,0,0.06645046056258341,1
l_shape_partial_overlap_hard_mixed,partial_overlap,445,1864,0.07718668388069981,0.06809677396845759,0.9411879063666104,47.45589902318508,-0.18764051981022664,0,0.10336349872721237,0
l_shape_partial_overlap_hard_mixed,partial_overlap,446,1676,0.07294403033949023,0.06697536187022475,0.9827064673678381,86.77373468515457,0.21930450150311315,0,0.0636340512110767,1
l_shape_partial_overlap_hard_mixed,partial_overlap,447,1511,0.04614795929564325,0.03587359107535877,0.999503360605101,48.496509791953606,0.1278332351463941,0,0.05937692595651287,1
l_shape_partial_overlap_hard_mixed,partial_overlap,448,1891,0.02899004205550407,0.007856297266786293,0.9905134694440114,45.96827986338362,-0.04305945890491299,0,0.02129962419887865,1
l_shape_partial_overlap_hard_mixed,partial_overlap,450,2828,0.10839061076103966,0.09533299503682335,0.9971359611586157,38.27207989292142,-0.14841984511844597,0,0.013403861208446654,1
l_shape_partial_overlap_hard_mixed,partial_overlap,451,1651,0.0738519179602673,0.06807840774017761,0.9954144096941993,72.39175376777538,-0.19493989845887083,0,0.06018117799004146,1
l_shape_partial_overlap_hard_mixed,partial_overlap,452,1178,0.10961718179368975,0.10385896336206402,0.9990315319297884,89.57497548103932,0.08519473860722715,0,0.04385363876337036,1
l_shape_partial_overlap_hard_mixed,partial_overlap,454,2591,0.019337870209186356,0.009115544264697104,0.9928061066697088,32.714341361998216,-0.21741267422446126,1,0.026562491666849364,1
l_shape_partial_overlap_hard_mixed,partial_overlap,455,2911,0.029923579792119445,0.020739721523774787,0.997000688972204,100.51798710917487,0.10289430676064813,0,0.058789697644574535,1
l_shape_partial_overlap_hard_mixed,partial_overlap,457,1958,0.02645238218674477,0.006435486150335479,0.6529584098224652,132.34506518482434,-0.14841991209507582,1,0.05214969330708057,1
l_shape_partial_overlap_hard_mixed,partial_overlap,459,2818,0.04913356107985306,0.04080669371245361,0.9484293590372048,91.77685548349139,-0.2856209147163813,1,0.03769803564919048,1
l_shape_partial_overlap_hard_mixed,partial_overlap,460,745,0.06047733339280745,0.04682155831388131,0.981395478552756,46.23863884161953,-0.011218875309168508,0,0.02027410681039426,1
l_shape_partial_overlap_hard_mixed,partial_overlap,461,2215,0.11528332318719481,0.06331617719413458,0.8970786490366994,54.59842902428346,0.07472345619604473,0,0.0713926957964454,1
l_shape_partial_overlap_hard_mixed,partial_overlap,462,1470,0.02243486912463419,0.016735775933651595,0.9907278166865341,69.48115585294828,-0.1259470730036347,1,0.05842255129677903,1
l_shape_partial_overlap_hard_mixed,partial_overlap,463,1718,0.03848616315988544,0.017433376520436923,0.9639356294535006,94.24508878624528,0.04263517672459831,1,0.0957598941628356,0
l_shape_partial_overlap_hard_mixed,partial_overlap,464,158,0.07130495585761455,0.05737804824564007,0.9954797303687154,48.57752597992546,0.19452454512899964,0,0.11936869582999848,0
l_shape_partial_overlap_hard_mixed,partial_overlap,465,2687,0.03281512945824679,0.025470415473776396,0.9605108551053682,37.30126289856824,0.05225065499036653,1,0.04240554302296698,1
l_shape_partial_overlap_hard_mixed,partial_overlap,467,1147,0.024405095954700758,0.0017084490325426879,0.9875414012797373,43.488155749829716,-0.2617484232826936,1,0.059457236296225076,1
l_shape_partial_overlap_hard_mixed,partial_overlap,468,2441,0.056608236844318933,0.05270556556083032,0.993337391054155,53.31121825840775,0.08519473860722715,0,0.017690614940655602,1
l_shape_partial_overlap_hard_mixed,partial_overlap,469,762,0.09095633816332277,0.07926742079504269,0.9977228710741279,62.36072626331209,0.02593335155034978,0,0.007989395627720901,1
l_shape_partial_overlap_hard_mixed,partial_overlap,471,866,0.052941467161251136,0.05145521321720207,0.9998223153133609,52.837343337773355,0.052250619636902806,1,0.027420792837527904,1
l_shape_partial_overlap_hard_mixed,partial_overlap,473,2800,0.06102397989132932,0.04928576727635453,0.9999626807837665,40.37153653434237,-0.07609929412007457,0,0.023918346829940547,1
l_shape_partial_overlap_hard_mixed,partial_overlap,474,2691,0.03076849907645588,0.027074743764435354,0.9697340591431391,119.83123311100944,0.1278332351463941,1,0.11496648864153355,0
l_shape_partial_overlap_hard_mixed,partial_overlap,475,2127,0.026715532714687282,0.009140287970824479,0.9990784111838938,79.32629031046197,0.08338152198261992,0,0.07231824225116212,1
l_shape_partial_overlap_hard_mixed,partial_overlap,476,2768,0.07666181549421693,0.07480699704795561,0.9927197999760616,101.95008870197286,-0.1484198312054339,1,0.06353139952088532,1
l_shape_partial_overlap_hard_mixed,partial_overlap,478,1684,0.027009308268019727,0.008100350449889281,0.9075978660996834,108.63799916434633,0.17879277405723257,0,0.09888708317930432,0
l_shape_partial_overlap_hard_mixed,partial_overlap,479,513,0.02370884302600754,0.020131109751263577,0.9917908605343898,56.008828087923625,-0.23180135318805384,1,0.08479154892830841,0
l_shape_partial_overlap_hard_mixed,partial_overlap,480,2870,0.02628741823774341,0.02359748430173444,0.9988038341884486,52.47255945846705,-0.25378034022067314,1,0.033910440164502925,1
l_shape_partial_overlap_hard_mixed,partial_overlap,481,1035,0.06123481286495987,0.05349133973742117,0.9630166712396067,52.10935349041605,-0.2662027583675507,0,0.10449490311181577,0
l_shape_partial_overlap_hard_mixed,partial_overlap,483,405,0.055853214915493485,0.02608786793408735,0.9973050369906767,40.33899267895079,0.3083380482550331,0,0.06822049964929183,1
l_shape_partial_overlap_hard_mixed,partial_overlap,485,35,0.06930983688140395,0.06765347124354577,0.9983282776422818,36.400190392419525,0.13926191257177525,1,0.026923158636421834,1
l_shape_partial_overlap_hard_mixed,partial_overlap,486,1503,0.10999732778652717,0.1059756743549161,0.9848836429015103,38.250345408370514,-0.06837722372686757,0,0.08999587801520288,0
l_shape_partial_overlap_hard_mixed,partial_overlap,487,2331,0.03876942584544233,0.03839079100273611,0.9988456837598707,46.726348524771694,-0.07145888990814764,1,0.05800920309086641,1
l_shape_partial_overlap_hard_mixed,partial_overlap,488,510,0.031646311789658724,0.021904643661678755,0.49219282986449003,54.20206580705691,0.31588529522091896,0,0.1626315214431049,0
l_shape_partial_overlap_hard_mixed,partial_overlap,490,51,0.03340334382475529,0.025836722444368007,0.9976899089754684,70.92632740328986,-0.02058660997205198,0,0.10341179779603106,0
l_shape_partial_overlap_hard_mixed,partial_overlap,491,1744,0.05217021260230101,0.04595881423549456,0.8823265216451732,131.5140990020705,-0.3532140255088344,0,0.12730203302831544,0
l_shape_partial_overlap_hard_mixed,partial_overlap,493,2911,0.026080686864208308,0.013866111485030079,0.9968202280056254,95.82722112678306,0.0651540200882974,1,0.08144258555194141,0
l_shape_partial_overlap_hard_mixed,partial_overlap,494,814,0.026323416627836126,0.019102273159906768,0.9989043881113038,64.87325220171589,0.2410445066514014,1,0.1409709634023864,0
l_shape_partial_overlap_hard_mixed,partial_overlap,495,403,0.0156261787814223,0.009541240556294602,0.30978851986029926,64.93083324942694,-0.04078931727100499,1,0.057398034054216694,1
l_shape_partial_overlap_hard_mixed,partial_overlap,496,2648,0.02643085460411572,0.0024057190907672277,0.9890420358278881,52.51617872022661,0.24548409293859852,0,0.032746667384991074,1
l_shape_partial_overlap_hard_mixed,partial_overlap,497,2734,0.14085592669626001,0.14065847761909797,0.9960216420736464,46.36942286057441,-0.1039681180416598,0,0.06372274857800148,1
l_shape_partial_overlap_hard_mixed,partial_overlap,498,2539,0.048277435765343664,0.04495215101489971,0.9922331018843202,48.91003660271621,-0.3820346139753727,0,0.054571096141061454,1
l_shape_partial_overlap_hard_mixed,partial_overlap,499,2144,0.11892850364854762,0.11161699662198428,0.9971707329669166,50.888199304126985,0.13926191257177525,0,0.054659105978001374,1
l_shape_partial_overlap_hard_mixed,partial_overlap,500,1047,0.027214424845728828,0.010865097274704598,0.8988414659598859,92.25663100677136,-0.14841988390625127,0,0.07696284247703751,1
l_shape_partial_overlap_hard_mixed,partial_overlap,502,2362,0.036645404009227826,0.028009573613468727,0.9992327692417213,41.68456355800212,-0.10586026932280505,1,0.06156052487371901,1
l_shape_partial_overlap_hard_mixed,partial_overlap,504,546,0.0538019958208074,0.04645704927749315,0.9980930605893337,44.496783245336424,-0.043059428349422446,1,0.006360018610791713,1
l_shape_partial_overlap_hard_mixed,partial_overlap,505,809,0.06249593361456629,0.05511655768808978,0.9964181431499226,23.64992137422767,-0.07780238856953965,0,0.026813220060915733,1
l_shape_partial_overlap_hard_mixed,partial_overlap,506,2213,0.05765104902842887,0.040178361598187856,0.9848028103500135,45.972304432546494,-0.4246729256340758,0,0.11976105704668288,0
l_shape_partial_overlap_hard_mixed,partial_overlap,507,9,0.03287369844677419,0.0030707073435243086,0.9997538867813981,68.62194909151961,-0.19720990976423833,1,0.062387823487068624,1
l_shape_partial_overlap_hard_mixed,partial_overlap,508,1239,0.04063495421921752,0.031945207659905266,0.9334906788581321,73.94460257048085,-0.046637268181641996,1,0.17228718857557157,0
l_shape_partial_overlap_hard_mixed,partial_overlap,509,1137,0.021650204125621506,0.012458544635458774,0.9378333754456352,94.28978698026489,0.1278332351463941,1,0.09006619672831506,0
l_shape_partial_overlap_hard_mixed,partial_overlap,510,2579,0.033081785622973384,0.027883370454860952,0.9540260050847538,72.16840565288625,-0.22252775474474604,1,0.111015837181368,0
l_shape_partial_overlap_hard_mixed,partial_overlap,511,1067,0.04964997882369361,0.038585412176959974,0.9734493588941767,48.3763083685764,-0.07431198351403495,0,0.04257629994531092,1
l_shape_partial_overlap_hard_mixed,partial_overlap,512,946,0.029955110641078447,0.010893647867593304,0.9973736667297664,38.82480007451216,0.18805208864590567,1,0.05498610183482721,1
l_shape_partial_overlap_hard_mixed,partial_overlap,513,377,0.11198759617599685,0.10427829316464529,0.9945953149726066,24.050926478645184,-0.03922067469178065,0,0.023909860396937026,1
l_shape_partial_overlap_hard_mixed,partial_overlap,515,2334,0.04157239145999223,0.023217511842549377,0.9996733289767682,39.11471239007733,-0.057448156519258005,1,0.07580488746612336,1
l_shape_partial_overlap_hard_mixed,partial_overlap,517,1829,0.09968623482572316,0.09561876395171892,0.9979734696065963,58.8625847345352,-0.0018165285340566149,1,0.053609127595688026,1
l_shape_partial_overlap_hard_mixed,partial_overlap,519,2535,0.025065008011125864,0.007845063735679973,0.9973221707305274,36.07848415374782,0.0651540200882974,0,0.043055956444538586,1
l_shape_partial_overlap_hard_mixed,partial_overlap,520,1502,0.03417012703918409,0.008476284012774782,0.9942466838957191,70.07435596322202,-0.9469257291182329,0,0.049019071032362395,1
l_shape_partial_overlap_hard_mixed,partial_overlap,521,1625,0.01895007278794629,0.006072425183898438,0.9929645342939591,66.74686079803263,-0.0053191563493996796,1,0.07186049665021355,1
l_shape_partial_overlap_hard_mixed,partial_overlap,522,1773,0.043137096085813356,0.0427593381845774,0.9560786022768053,104.45624876924289,-0.10759789226481506,1,0.10378409775545508,0
l_shape_partial_overlap_hard_mixed,partial_overlap,523,1475,0.11335186210398615,0.11059789053454662,0.9927623110096685,47.525475114188986,-0.025817654597878572,1,0.08241965573061087,0
l_shape_partial_overlap_hard_mixed,partial_overlap,525,334,0.03675337329216035,0.008392361274592057,0.9176944757940925,36.996900925889726,-0.4228563245049089,1,0.05430485924991732,1
l_shape_partial_overlap_hard_mixed,partial_overlap,527,874,0.024904741585631822,0.013942203758250456,0.6890180153930887,52.35538824912794,-0.10759789226481506,1,0.10831256146989729,0
l_shape_partial_overlap_hard_mixed,partial_overlap,529,2960,0.031323067163109945,0.012513384213927312,0.9910755365340578,72.67708970191553,0.1278332351463941,0,0.0990357496450521,0
l_shape_partial_overlap_hard_mixed,partial_overlap,530,2147,0.04386915964232031,0.016133170599563883,0.9964653977900244,89.41673692769837,0.27143358205714485,0,0.08634687438278717,0
l_shape_partial_overlap_hard_mixed,partial_overlap,531,157,0.13903621292560933,0.1359812835092908,0.9791802414495939,31.959889455833864,-0.06837722372686757,0,0.03525965136145034,1
l_shape_partial_overlap_hard_mixed,partial_overlap,532,1226,0.047029422458224404,0.031677599484569066,0.9716740178289701,50.88453272519303,-0.19720990976423833,1,0.0699018664621766,1
l_shape_partial_overlap_hard_mixed,partial_overlap,533,1067,0.04934487176551773,0.03931026439658612,0.994679133602936,32.12107443828205,-0.07431198351403495,1,0.036229742652706974,1
l_shape_partial_overlap_hard_mixed,partial_overlap,534,1586,0.022475781632620727,0.005076086409484548,0.9768438905241711,97.41731930482705,-0.3532140255088344,1,0.05979631671789813,1
l_shape_partial_overlap_hard_mixed,partial_overlap,535,513,0.02441941536166489,0.014917937800685566,0.9919893238880468,57.67322100266853,-0.18924179130542496,0,0.1066042076692918,0
l_shape_partial_overlap_hard_mixed,partial_overlap,537,2924,0.037119229742690975,0.028731070339765404,0.9823491534325682,62.74313949475206,-0.10493483171284956,0,0.050704571221340256,1
l_shape_partial_overlap_hard_mixed,partial_overlap,538,169,0.045143558979720354,0.018711103354790776,0.9008276249815743,114.91162905874768,0.15007283196522547,0,0.058868037007449296,1
l_shape_partial_overlap_hard_mixed,partial_overlap,539,781,0.031345521595308366,0.013087585262324078,0.917298940804496,130.8850551394281,0.10289430676064813,1,0.11599887838846781,0
l_shape_partial_overlap_hard_mixed,partial_overlap,541,1659,0.03665039194229788,0.029125306094841846,0.9908443923911039,66.86116037968506,-0.2662028713303207,1,0.05369567453669046,1
l_shape_partial_overlap_hard_mixed,partial_overlap,544,223,0.036451948124027946,0.027527894994375548,0.9864916289612974,53.499902689716464,0.03390151000906574,1,0.07940775202163487,1
l_shape_partial_overlap_hard_mixed,partial_overlap,545,343,0.06860546914426267,0.06750421347844289,0.9988560725287239,28.252064070488814,0.04829023788559933,1,0.04130010466210897,1
l_shape_partial_overlap_hard_mixed,partial_overlap,547,1579,0.0073077110318744126,0.0047886886792467475,0.9775266743347943,50.49900233136621,0.06669130998260557,1,0.04570826749424022,1
l_shape_partial_overlap_hard_mixed,partial_overlap,549,1759,0.10229421017750943,0.09431096035821575,0.9960597585313733,116.98644891237055,0.10289430676064813,0,0.08723847378745418,0
l_shape_partial_overlap_hard_mixed,partial_overlap,554,931,0.07258883479806008,0.07033210998435144,0.9988670341029812,47.376986289381186,-0.008658051873563024,1,0.05187487413821419,1
l_shape_partial_overlap_hard_mixed,partial_overlap,555,1473,0.040103768127443644,0.02801623291892895,0.9841368796490955,33.46679635774079,-0.336471950907172,0,0.05606322075060733,1
l_shape_partial_overlap_hard_mixed,partial_overlap,556,1913,0.08254735257023119,0.0819675313287912,0.8492451056412686,90.38815246344811,0.018634058565895624,0,0.06868993006131537,1
l_shape_partial_overlap_hard_mixed,partial_overlap,557,2194,0.03424844341141591,0.016429937388917466,0.917837136084693,84.60918576700617,0.04829023788559933,0,0.05595206331365369,1
l_shape_partial_overlap_hard_mixed,partial_overlap,558,1564,0.11520955469994817,0.10453347529431156,0.9542435510447702,30.609613154497232,0.08519473860722715,0,0.05102787733137103,1
l_shape_partial_overlap_hard_mixed,partial_overlap,559,1959,0.041641377404206655,0.031866953467359516,0.8045047990185197,79.0817729918138,-0.11067956459992824,0,0.1178901750722441,0
l_shape_partial_overlap_hard_mixed,partial_overlap,560,2904,0.012430478221808637,0.004833225248510138,0.9529529190629664,67.64646490668346,0.10751326283623643,1,0.03922455599057962,1
l_shape_partial_overlap_hard_mixed,partial_overlap,561,429,0.06250058899290377,0.056554166724452945,0.957233236165302,56.02024545232522,-0.11563008014483513,0,0.10313012999780305,0
l_shape_partial_overlap_hard_mixed,partial_overlap,563,2983,0.01927622104682405,0.01779315539589272,0.9926407714770331,51.7860995082919,-0.030636937054516686,0,0.06710633930375168,1
l_shape_partial_overlap_hard_mixed,partial_overlap,564,1418,0.03149687781634351,0.030989846837730123,0.9955748005337046,55.853257121978984,0.226273214209736,0,0.055122230020276164,1
l_shape_partial_overlap_hard_mixed,partial_overlap,565,2702,0.021476040605874894,0.005579240585663002,0.9900444672176271,29.039779649032074,-0.10919917658049856,1,0.051687344203723326,1
l_shape_partial_overlap_hard_mixed,partial_overlap,566,540,0.04694486815794607,0.02400397491664222,0.9939018260311595,98.73688296545072,0.0057306687566104336,0,0.08428691707780916,0
l_shape_partial_overlap_hard_mixed,partial_overlap,567,1426,0.05867532943417931,0.057775132189553324,0.9991806174633694,36.64847279122196,0.18805194578908938,1,0.02283005099445897,1
l_shape_partial_overlap_hard_mixed,partial_overlap,568,725,0.030935256248302585,9.582323398775844e-05,0.9969753944669844,96.60136124486762,-0.14841979459225677,1,0.07742141239156371,1
l_shape_partial_overlap_hard_mixed,partial_overlap,569,675,0.01689637861622826,0.005701220697217257,0.9930441513638079,63.00819318456724,-0.21511118606873325,1,0.05326312817448139,1
l_shape_partial_overlap_hard_mixed,partial_overlap,570,1783,0.03469326139182743,0.022903028463483587,0.9998711800121322,39.38149665820341,0.25704492590668043,0,0.01604164112175675,1
l_shape_partial_overlap_hard_mixed,partial_overlap,572,1131,0.02891784469845322,0.01934062971052621,0.9998806818909651,33.63340245113738,0.0057306699470842165,0,0.05479696986728282,1
l_shape_partial_overlap_hard_mixed,partial_overlap,573,1165,0.022392987436271834,0.02146823159936231,0.9838915373905073,62.399529181961206,-0.05947248347587075,1,0.04986098181056647,1
l_shape_partial_overlap_hard_mixed,partial_overlap,574,2681,0.04852582000413992,0.03501178476372181,0.9624563576732166,31.185432947621138,0.01588303210375144,0,0.04235855509633853,1
l_shape_partial_overlap_hard_mixed,partial_overlap,576,1700,0.1021392481607862,0.09430505325398031,0.994646410810338,97.56919104105872,-0.008658051873563024,0,0.09572266557371244,0
l_shape_partial_overlap_hard_mixed,partial_overlap,578,921,0.058545008476268263,0.05452912169540829,0.9980935406190612,65.89522378184492,0.32850367808361153,1,0.12343140379904245,0
l_shape_partial_overlap_hard_mixed,partial_overlap,579,1433,0.05356695153717002,0.0415781103588909,0.9099955764691519,82.94024974342729,0.047324540776611426,0,0.1160585546402907,0
l_shape_partial_overlap_hard_mixed,partial_overlap,580,1004,0.11414628388137005,0.11125083523601721,0.9515712400749209,41.380944515930786,0.25704484541439293,0,0.07036042109659171,1
l_shape_partial_overlap_hard_mixed,partial_overlap,581,939,0.051833299185329404,0.05176187362940861,0.797274815709075,145.5682690454787,-0.06140855615903095,0,0.07772939598881663,1
l_shape_partial_overlap_hard_mixed,partial_overlap,582,2203,0.044437531890889746,0.04022653686348602,0.9764268606014028,92.02153629103002,0.10940902798067104,0,0.05112211261403334,1
l_shape_partial_overlap_hard_mixed,partial_overlap,586,1164,0.04010439854284084,0.031675747181846035,0.9844326261520142,90.38616349842198,-0.0661818580091568,0,0.058548730113985516,1
l_shape_partial_overlap_hard_mixed,partial_overlap,587,2450,0.07131347225358825,0.07000247215466984,0.9981317487277559,39.21151003674113,0.018634058565895624,1,0.060322167482514,1
l_shape_partial_overlap_hard_mixed,partial_overlap,588,1378,0.03902554420797923,0.03523767886276791,0.9618181731660246,64.09768203285917,0.11186302163642994,0,0.06906374238938555,1
l_shape_partial_overlap_hard_mixed,partial_overlap,590,1744,0.023212421029502432,0.011892487245552974,0.7592165877821844,139.97176443834545,-0.07696096706212566,1,0.1291646987952369,0
l_shape_partial_overlap_hard_mixed,partial_overlap,591,1956,0.05574415967890981,0.050360206803511894,0.9842692243036838,34.77167744038588,-0.1835111512843877,0,0.05247773845387471,1
l_shape_partial_overlap_hard_mixed,partial_overlap,592,1936,0.10750774766667298,0.10547448426161725,0.9987902371688243,139.00818144093282,-0.09962970999663263,0,0.04998765288081263,1
l_shape_partial_overlap_hard_mixed,partial_overlap,593,2076,0.09865375703470279,0.09388264468328845,0.9988334761109653,78.47441157128368,0.11394412473399235,1,0.09196197033056476,0
l_shape_partial_overlap_hard_mixed,partial_overlap,594,1959,0.058228186991346846,0.05174381702323643,0.21904472161105137,43.64514275677186,-0.07431195878880122,0,0.1817948561432981,0
l_shape_partial_overlap_hard_mixed,partial_overlap,595,2539,0.03569949492082454,0.01780931321222795,0.9941293517613847,51.57806210375581,-0.43610179284802086,1,0.024260970392430456,1
l_shape_partial_overlap_hard_mixed,partial_overlap,596,2936,0.12541452907067946,0.11560830503166442,0.9727776795366945,38.30176524181034,0.08338152198261992,1,0.0963794102668089,0
l_shape_partial_overlap_hard_mixed,partial_overlap,597,229,0.02468627128128856,0.002015482003436245,0.893100008555955,44.0212994168539,0.17536695370286276,0,0.05631407856909073,1
l_shape_partial_overlap_hard_mixed,partial_overlap,598,1170,0.04790668189781615,0.04454069741048525,0.9132562664994954,110.14990930374947,-0.06503832313582608,1,0.12530120390200053,0
l_shape_partial_overlap_hard_mixed,partial_overlap,599,1294,0.07233781926534333,0.06987158573323106,0.9885523923919225,63.400337376673576,-0.02325684255644075,0,0.10062148266039127,0
l_shape_partial_overlap_hard_mixed,partial_overlap,600,1375,0.11277415945771699,0.10577130120565488,0.9974675970956368,60.19622338468263,0.1652373533321537,0,0.04541139143524838,1
l_shape_partial_overlap_hard_mixed,partial_overlap,603,1960,0.07478490980323525,0.07370004813505868,0.9995286403177664,50.08315650490777,0.07472347119601185,0,0.05090297306492436,1
l_shape_partial_overlap_hard_mixed,partial_overlap,604,2120,0.03375661010898208,0.03150107584978637,0.9758893708366153,36.302555765099584,-0.11332857816424759,1,0.1510809468314435,0
l_shape_partial_overlap_hard_mixed,partial_overlap,605,2072,0.03633277501380696,0.012979282065830523,0.9973020992405567,90.06018253037207,-0.06503832313582608,0,0.09641756136274117,0
l_shape_partial_overlap_hard_mixed,partial_overlap,609,2121,0.06801360237095119,0.060115979190181364,0.884767054539546,92.32572342533035,-0.10189986177791288,0,0.08468183322116597,0
l_shape_partial_overlap_hard_mixed,partial_overlap,610,1425,0.025331689800713042,0.015506465707744544,0.9435250602755134,65.61339200116045,-0.057448156519258005,1,0.09627841724363499,0
l_shape_partial_overlap_hard_mixed,partial_overlap,611,2990,0.04650530998107769,0.04176877480445184,0.9979816804324295,76.197907294172,-0.014888594636629237,1,0.08847814347282103,0
l_shape_partial_overlap_hard_mixed,partial_overlap,612,2356,0.02842320653336529,0.024339320870668934,0.8783527586313125,54.12658264604279,-0.21511118606873325,1,0.0760048955977933,1
l_shape_partial_overlap_hard_mixed,partial_overlap,615,1836,0.1262320548601363,0.12219192877102548,0.9978155566020845,34.44475090559116,-0.019208256919368272,0,0.0659339204339111,1
l_shape_partial_overlap_hard_mixed,partial_overlap,616,398,0.03525541811967807,0.02836568686687725,0.9889271264491903,54.87912801327765,0.04263517672459831,1,0.005373059019725359,1
l_shape_partial_overlap_hard_mixed,partial_overlap,619,2327,0.04885443173480965,0.048505061921531284,0.8943042492138789,47.822913598740406,-0.3307412352458868,1,0.1281698899967908,0
l_shape_partial_overlap_hard_mixed,partial_overlap,621,1348,0.08825809141926412,0.073762888680272,0.960477583620509,33.375605678468865,-0.3715632350041927,0,0.05337432516545655,1
l_shape_partial_overlap_hard_mixed,partial_overlap,622,1358,0.0991491225469447,0.09791943749444593,0.9920082793961645,126.00618907400164,0.02343021562423119,1,0.05888479173150626,1
l_shape_partial_overlap_hard_mixed,partial_overlap,623,850,0.10627669934824792,0.10410678853281495,0.9983427718656981,71.28906174571576,0.005730666772488121,0,0.06465558955088108,1
l_shape_partial_overlap_hard_mixed,partial_overlap,624,237,0.07371349893716247,0.0711607541689965,0.9888578014061439,96.16211943158775,-0.22638138780431313,0,0.07175467053458538,1
l_shape_partial_overlap_hard_mixed,partial_overlap,626,1892,0.04140198389586507,0.014858977040167507,0.9246228966072835,111.27613126222317,0.04829023788559933,1,0.16103417335655726,0
l_shape_partial_overlap_hard_mixed,partial_overlap,628,2044,0.016738475581502765,0.0009636733208775519,0.9964580629564501,95.53239613225439,0.05743200921879373,1,0.05748587957515112,1
l_shape_partial_overlap_hard_mixed,partial_overlap,630,1963,0.03224390520797992,0.031156401335752714,0.9359936644796997,70.02544415921282,0.1652373533321537,1,0.057403886800545624,1
l_shape_partial_overlap_hard_mixed,partial_overlap,631,1351,0.049381238341129424,0.02856019362007309,0.9147364036429497,56.45760728024703,0.13926191257177525,0,0.08915871955485508,0
l_shape_partial_overlap_hard_mixed,partial_overlap,632,510,0.11238294542388398,0.09971984401921988,0.9093344983841378,45.552617802568165,0.16173475348877484,0,0.06007811467299176,1
l_shape_partial_overlap_hard_mixed,partial_overlap,633,837,0.014528863328896786,0.011780295686913071,0.9867651494290006,35.66373243905168,-0.2039897033774462,1,0.05099796216996495,1
l_shape_partial_overlap_hard_mixed,partial_overlap,634,2017,0.05858531547963759,0.05836119476408484,0.762791529724152,131.01709881551682,-0.06837722372686757,0,0.13602267936651327,0
l_shape_partial_overlap_hard_mixed,partial_overlap,635,1161,0.0210536425127807,0.009891366165705013,0.9955085817368168,73.69697513239703,0.005730666772488121,1,0.05101667211428589,1
l_shape_partial_overlap_hard_mixed,partial_overlap,636,1594,0.028871140862123886,0.0096430020028168,0.9786721381107688,65.53370983259637,0.021479012001216144,1,0.07061062567993324,1
l_shape_partial_overlap_hard_mixed,partial_overlap,637,1964,0.10983379803685592,0.1093052973174229,0.996895095226206,44.25742317845461,0.08338152198261992,1,0.06469740444627843,1
l_shape_partial_overlap_hard_mixed,partial_overlap,639,2037,0.044437956213314235,0.03977655096813392,0.7482755767898243,100.78883078059937,-0.1719503934476951,0,0.06305005562585203,1
l_shape_partial_overlap_hard_mixed,partial_overlap,640,1786,0.06315864914550649,0.054899272448408795,0.9935851408141148,48.057125958513545,-0.008658051873563024,0,0.005618638902345925,1
l_shape_partial_overlap_hard_mixed,partial_overlap,642,2223,0.04215907797957148,0.03304522254682495,0.9781093011660912,41.73771388229882,-0.21511118606873325,0,0.03823326620681645,1
l_shape_partial_overlap_hard_mixed,partial_overlap,643,540,0.02438769951193707,0.012995875920007194,0.996519359709478,69.76547484173103,-0.10759789226481506,1,0.0713688420346189,1
l_shape_partial_overlap_hard_mixed,partial_overlap,644,2094,0.06915490871565903,0.06160754400354597,0.9498700325333105,95.54434388057747,-0.19604792818588473,0,0.02801877542602523,1
l_shape_partial_overlap_hard_mixed,partial_overlap,645,2147,0.039998464854830676,0.004663428975271874,0.88459595780283,87.80430114778527,0.21259313225061882,1,0.07046392955237807,1
l_shape_partial_overlap_hard_mixed,partial_overlap,646,1107,0.029552290701069184,0.005657624270382274,0.995079602577945,76.69438022340607,0.21930450150311315,0,0.041136002080403675,1
l_shape_partial_overlap_hard_mixed,partial_overlap,647,700,0.019376879743349895,0.006224683612760736,0.9980866583343361,84.383089896182,0.09274195104937341,1,0.04964696096240391,1
l_shape_partial_overlap_hard_mixed,partial_overlap,648,382,0.05106450263299101,0.03602835796645734,0.9668457066111282,76.28050218491023,-0.03922067469178065,0,0.10168811600442039,0
l_shape_partial_overlap_hard_mixed,partial_overlap,650,692,0.05458925253370085,0.0525911520490142,0.7780385783973331,80.02494005509699,-0.21295834083933982,0,0.08274083625220306,0
l_shape_partial_overlap_hard_mixed,partial_overlap,651,1422,0.05660234188373889,0.04145052339956432,0.9685167506596069,81.70386990953354,-0.1847874680723951,0,0.1303089164363754,0
l_shape_partial_overlap_hard_mixed,partial_overlap,654,2203,0.03262783899476105,0.0006470091061083934,0.9866547819185895,43.626770953378774,-0.011218875309168508,0,0.06506033206116635,1
l_shape_partial_overlap_hard_mixed,partial_overlap,655,2622,0.020940599212993228,0.01806180166582821,0.9428509701080892,94.61092553255241,-0.019208256919368272,1,0.07400299880873677,1
l_shape_partial_overlap_hard_mixed,partial_overlap,656,2219,0.018918278752410003,0.006467560701856454,0.9672450535759627,58.3933372583059,0.286897877191391,1,0.05320597982233974,1
l_shape_partial_overlap_hard_mixed,partial_overlap,658,2480,0.06001299041650956,0.052282845868367574,0.9245386686431896,57.34654619422393,-0.14841987608612767,0,0.009796717775024567,1
l_shape_partial_overlap_hard_mixed,partial_overlap,659,2310,0.03196276730614194,0.026398142745477342,0.94302525771784,47.898811792111594,-0.014888601779472484,1,0.07481890054596832,1
l_shape_partial_overlap_hard_mixed,partial_overlap,660,2007,0.03721060905542988,0.014866624047533288,0.10073920524435728,40.8300670848136,0.06864444986090666,0,0.05345298284675178,1
l_shape_partial_overlap_hard_mixed,partial_overlap,661,2149,0.07505210665360812,0.050026904089773706,0.9977551004172092,54.714154543639275,-0.025817654597878572,0,0.05563750103569043,1
l_shape_partial_overlap_hard_mixed,partial_overlap,662,1898,0.028322028576337453,0.004514794797645958,0.9700259480995029,55.966157186391946,-0.12310211315968177,0,0.07517987847323838,1
l_shape_partial_overlap_hard_mixed,partial_overlap,665,2574,0.05315755976908902,0.050467045757568926,0.028334810282079646,133.63773858613902,-0.03594199990841482,0,0.07000475617373877,1
l_shape_partial_overlap_hard_mixed,partial_overlap,667,845,0.04987839279787497,0.03562105490105089,0.9999445784102262,54.74264958469134,0.04829023788559933,0,0.025624216846952864,1
l_shape_partial_overlap_hard_mixed,partial_overlap,668,116,0.042222903199817426,0.0395128398879564,0.9215037101397846,79.50782108980948,-0.31831874908986835,0,0.0772414181716695,1
l_shape_partial_overlap_hard_mixed,partial_overlap,669,338,0.016350453891732647,0.013350570569181514,0.9892819967326282,71.73901525144099,-0.1484198671873671,1,0.07102679761447343,1
l_shape_partial_overlap_hard_mixed,partial_overlap,671,786,0.07057713131157535,0.06805865739197359,0.9947305858217117,30.584304842667574,-0.3542718121465166,0,0.031160326528557332,1
l_shape_partial_overlap_hard_mixed,partial_overlap,672,2431,0.017116498407785233,0.00828069621519634,0.9999133971230938,41.591885629924775,-0.04997988812402525,1,0.026922824735344558,1
l_shape_partial_overlap_hard_mixed,partial_overlap,673,1971,0.05241143824082463,0.05014194110188462,0.8996077115124647,83.92042538270691,-0.2856209147163813,0,0.03504493227142657,1
l_shape_partial_overlap_hard_mixed,partial_overlap,674,1712,0.12516289008651493,0.12275544175446668,0.9994358345018526,50.13732992312797,-0.1039681180416598,0,0.07729723669866431,1
l_shape_partial_overlap_hard_mixed,partial_overlap,675,1144,0.02915093020246078,0.016806241982530397,0.9994712872746464,54.44686906395172,-0.35972858338006414,1,0.05326201796408787,1
l_shape_partial_overlap_hard_mixed,partial_overlap,676,745,0.02187348845153864,0.019356902551661642,0.9090239888821476,55.57347869348889,0.40275667040274044,1,0.06310999002934906,1
l_shape_partial_overlap_hard_mixed,partial_overlap,677,2037,0.0794806530586346,0.06075017532187209,0.9998478229628972,31.501024912835067,-0.12543040919806253,0,0.007914105209267238,1
l_shape_partial_overlap_hard_mixed,partial_overlap,678,656,0.026881434268008608,0.006782183723803389,0.999902189602088,74.89325991609792,-0.5792019404432037,1,0.06438846288823324,1
l_shape_partial_overlap_hard_mixed,partial_overlap,679,0,0.03632326527883375,0.03612261848295894,0.9889535916047607,90.6263011088709,-0.12691372635433668,1,0.04730208349317612,1
l_shape_partial_overlap_hard_mixed,partial_overlap,680,456,0.058578840771623314,0.05630458449765312,0.990529638747003,51.51784897959875,-0.04833648139847134,0,0.012989630179448809,1
l_shape_partial_overlap_hard_mixed,partial_overlap,681,809,0.0531563284755615,0.02847682227334808,0.9676088647428055,47.82614524303394,-0.011844462847347898,0,0.056675864776914844,1
l_shape_partial_overlap_hard_mixed,partial_overlap,682,1082,0.04565750531603291,0.0432381909286494,0.9983434156762974,60.31761333109473,0.07472345619604473,0,0.044166482811044676,1
l_shape_partial_overlap_hard_mixed,partial_overlap,683,1808,0.029346743818042694,0.026887189450138998,0.9667839502722239,110.50767615139067,-0.023256849092379194,1,0.05487885767813514,1
l_shape_partial_overlap_hard_mixed,partial_overlap,687,2535,0.02937001235403646,0.017095645417756978,0.9948828028880231,41.62673839885841,0.0651540200882974,0,0.04259376679544685,1
l_shape_partial_overlap_hard_mixed,partial_overlap,693,2310,0.06021128297751813,0.04573078939947794,0.8116078589341835,65.86440116095767,-0.12024903688180501,0,0.09233636885558229,0
l_shape_partial_overlap_hard_mixed,partial_overlap,694,644,0.04458398378967079,0.04156930044311814,0.02118367785006452,51.48041474890377,-0.0457658194168143,0,0.10652006935748627,0
l_shape_partial_overlap_hard_mixed,partial_overlap,696,1754,0.02441554713547776,0.008446398385834305,0.9949701205101732,65.64132746539192,-0.12691372635433668,1,0.02411379020254183,1
l_shape_partial_overlap_hard_mixed,partial_overlap,697,1857,0.04029902235337113,0.00034815497741365683,0.5119878557252654,112.67492226409072,0.056374345238246505,1,0.1452836909707359,0
l_shape_partial_overlap_hard_mixed,partial_overlap,698,109,0.019946758939449135,0.004301845054499991,0.8252485383220305,62.01180887844999,-0.03400962773252297,1,0.04298282097887171,1
l_shape_partial_overlap_hard_mixed,partial_overlap,699,2996,0.07191659868453638,0.07184500672615925,0.8327420682903206,78.4675812884649,-0.014888594636629237,1,0.07307239743846342,1
l_shape_partial_overlap_hard_mixed,partial_overlap,700,1171,0.030577447521811782,0.027644691705825567,0.9525202779654766,84.99505937429626,-0.025817654597878572,1,0.09232575398717012,0
l_shape_partial_overlap_hard_mixed,partial_overlap,701,786,0.051612917842200574,0.041633210912326274,0.9484073855921596,38.7939314321199,-0.24605831248790197,0,0.029434730509235636,1
l_shape_partial_overlap_hard_mixed,partial_overlap,702,2494,0.05158712178171985,0.04835856750178283,0.9944952677479135,42.332909587073964,-0.25107398515079155,0,0.018002916501064278,1
l_shape_partial_overlap_hard_mixed,partial_overlap,703,842,0.043496236570759406,0.01024270553661476,0.996163380997394,81.60585745998237,0.1724876079136699,0,0.0348721663643828,1
l_shape_partial_overlap_hard_mixed,partial_overlap,704,279,0.03810798818552415,0.03286610218050465,0.9757342909853135,53.016312153818674,-0.06503832313582608,1,0.1180822233422475,0
l_shape_partial_overlap_hard_mixed,partial_overlap,705,2348,0.035235293299314005,0.009810957114047813,0.9977624256749448,38.59522053875685,0.20297764000450458,0,0.009631117179248555,1
l_shape_partial_overlap_hard_mixed,partial_overlap,706,699,0.02897651211440768,0.016365050650003286,0.9648986270864772,77.78032127856007,-0.07696096706212566,0,0.10338679373938156,0
l_shape_partial_overlap_hard_mixed,partial_overlap,707,2321,0.032083638827989765,0.0019613630531814313,0.9943977698951875,107.30813965529892,-0.09712657652038195,0,0.014052598821327398,1
l_shape_partial_overlap_hard_mixed,partial_overlap,709,144,0.08037482235783693,0.07983277575253529,0.999382139968681,33.19832907076989,-0.19720990976423833,1,0.03953854539293499,1
l_shape_partial_overlap_hard_mixed,partial_overlap,710,2809,0.02440176081423897,0.021748250325461755,0.9986723708313612,35.75700479132666,-0.190979400334423,1,0.0648948960480589,1
l_shape_partial_overlap_hard_mixed,partial_overlap,712,1040,0.03914157342866232,0.028428029875644995,0.9169645499525799,93.81656376062686,-0.38958163661095624,1,0.09068765287647472,0
l_shape_partial_overlap_hard_mixed,partial_overlap,713,2844,0.1015492660909351,0.10107816908497061,0.9969719785185939,53.73557085705549,-0.10586026932280505,0,0.05383032930871027,1
l_shape_partial_overlap_hard_mixed,partial_overlap,716,561,0.021473066440164404,0.0012331659838882448,0.8592070038916072,98.58249235934547,-0.011218875309168508,0,0.03545953913412496,1
l_shape_partial_overlap_hard_mixed,partial_overlap,717,2752,0.053452818829160594,0.0378057408841721,0.9930921137869158,88.5427005427368,0.0651540200882974,0,0.10635675452673882,0
l_shape_partial_overlap_hard_mixed,partial_overlap,718,2839,0.05347613720711286,0.049669021451707714,0.9582221783748757,112.60968444050827,0.21930450150311315,1,0.08944807333325874,0
l_shape_partial_overlap_hard_mixed,partial_overlap,719,1134,0.04124631630566208,0.040193957589059415,0.3840736245688035,85.26360886281691,0.1724876079136699,0,0.08314763007910488,0
l_shape_partial_overlap_hard_mixed,partial_overlap,720,759,0.03316531022940258,0.03187652383427928,0.9990553302646179,34.31001547772815,-0.21437784573413105,0,0.02942183930584683,1
l_shape_partial_overlap_hard_mixed,partial_overlap,721,1959,0.03251872574815813,0.007587228369299405,0.5019108572016941,80.65077353872762,0.02747063529082499,1,0.14905844027824736,0
l_shape_partial_overlap_hard_mixed,partial_overlap,722,1832,0.0485258846145078,0.038034169270422746,0.9927905427667472,50.93972760204749,-0.14841981464232767,0,0.04014678985091024,1
l_shape_partial_overlap_hard_mixed,partial_overlap,724,432,0.047413772591076486,0.036684003910309695,0.8612098329405368,36.60430863683526,-0.06503832313582608,0,0.0515507527583021,1
l_shape_partial_overlap_hard_mixed,partial_overlap,727,475,0.12164250055386006,0.11647276178245981,0.07686343036288903,96.04220746562274,-0.1039681180416598,0,0.21261639628159146,0
l_shape_partial_overlap_hard_mixed,partial_overlap,728,2281,0.13501928857026171,0.11202893460837249,0.9288508263356341,50.18273728936523,0.1278332351463941,0,0.061801445362858594,1
l_shape_partial_overlap_hard_mixed,partial_overlap,730,1081,0.04202648896486438,0.021115911045567263,0.20292920779850662,93.25806587757616,0.15386076189539696,0,0.0805578558267115,0
l_shape_partial_overlap_hard_mixed,partial_overlap,732,301,0.03856550469007948,0.027255405690242596,0.9958902333417678,41.667703666013445,0.21259313225061882,0,0.022937495524423732,1
l_shape_partial_overlap_hard_mixed,partial_overlap,733,2878,0.09160675484778856,0.08525985363346614,0.9971435626284163,61.06234804374386,0.04263517672459831,0,0.021122049735708304,1
l_shape_partial_overlap_hard_mixed,partial_overlap,735,679,0.094552640625929,0.09185243694271183,0.999976962385254,120.05756142014913,0.0651540200882974,0,0.07323668916516342,1
l_shape_partial_overlap_hard_mixed,partial_overlap,737,175,0.04181886436898739,0.009738204643649327,0.961122723794849,39.99800358632949,-0.18924179130542496,0,0.03867400751675332,1
l_shape_partial_overlap_hard_mixed,partial_overlap,738,2626,0.09088079816632028,0.09069790671997366,0.9874500709918409,47.3766672323597,0.11394412473399235,1,0.028574935224939858,1
l_shape_partial_overlap_hard_mixed,partial_overlap,739,1599,0.12517789884756894,0.12330168428402404,0.9774896278912808,65.22284502986405,-0.1039681180416598,0,0.07302561367618284,1
l_shape_partial_overlap_hard_mixed,partial_overlap,740,571,0.04354200514289145,0.036569660315537086,0.9798024954534941,28.364071455001838,-0.19493989845887083,0,0.03427549038816572,1
l_shape_partial_overlap_hard_mixed,partial_overlap,741,1785,0.027258889966147663,0.022165410500079856,0.6324221084572064,55.35477776034325,0.009208933495882324,1,0.08171479580415437,0
l_shape_partial_overlap_hard_mixed,partial_overlap,742,1681,0.021405837679181035,0.00396521271476488,0.9980125962965061,28.02200560895713,-0.11205225115914628,0,0.04378016140534107,1
l_shape_partial_overlap_hard_mixed,partial_overlap,743,103,0.10282050850885652,0.0954956791695797,0.9970696082596177,68.51013147463952,-0.09962970999663263,0,0.07705385786364853,1
l_shape_partial_overlap_hard_mixed,partial_overlap,745,1593,0.02685285322913298,0.014593423153465006,0.06672318181659755,53.51630602009713,0.043951854953449485,1,0.08784073811381812,0
l_shape_partial_overlap_hard_mixed,partial_overlap,746,394,0.020113114050980093,0.0016559466866747463,0.9965724282224266,49.47054655177536,-0.03841908713264045,1,0.019433018356249485,1
l_shape_partial_overlap_hard_mixed,partial_overlap,747,990,0.08395321766164351,0.07606415838733975,0.9984884616414864,65.28381782461614,0.1260166847942061,1,0.06831166562710841,1
l_shape_partial_overlap_hard_mixed,partial_overlap,748,963,0.07577320701949881,0.05473832898966202,0.993486502850047,31.048275819093774,0.03390151834238077,0,0.03002850258879054,1
l_shape_partial_overlap_hard_mixed,partial_overlap,749,1999,0.015601043360507475,0.014639251327471983,0.99730380671053,62.89118209074121,-0.30257026431120004,1,0.07299760941413545,1
l_shape_partial_overlap_hard_mixed,partial_overlap,750,850,0.09815917298808992,0.0885059192514846,0.9965952166389992,59.16199236455799,0.1800838329651656,0,0.013767721229376435,1
l_shape_partial_overlap_hard_mixed,partial_overlap,751,2248,0.09291213149320972,0.05261652481533323,0.9956558747456653,38.21530401586014,0.005730666772488121,0,0.028475492563286752,1
l_shape_partial_overlap_hard_mixed,partial_overlap,752,2527,0.045029356950916526,0.03260150918668381,0.9980935615008696,81.97106178512847,-0.01488859910090564,0,0.10165398825534606,0
l_shape_partial_overlap_hard_mixed,partial_overlap,754,930,0.011625913142938621,0.005677524391460852,0.9977919673133547,60.49158231709765,-0.014888594636629237,0,0.07264668555224248,1
l_shape_partial_overlap_hard_mixed,partial_overlap,756,390,0.08606855875492005,0.08065049643113376,0.994029067002571,82.7741364903688,-0.10189986177791288,1,0.014596453106567141,1
l_shape_partial_overlap_hard_mixed,partial_overlap,758,3009,0.05520020233462567,0.04905278213881096,0.6621213675876972,80.13305933809241,-0.39973397837324903,1,0.12204275488395651,0
l_shape_partial_overlap_hard_mixed,partial_overlap,760,1274,0.03525203849208129,0.025151242932854385,0.9637754940935639,184.72253519574713,-0.42035309857903946,0,0.03392342003412955,1
l_shape_partial_overlap_hard_mixed,partial_overlap,761,1965,0.11848334161432916,0.11678404380592128,0.9998354898569625,67.8278142558695,0.04263517672459831,0,0.03763723646864005,1
l_shape_partial_overlap_hard_mixed,partial_overlap,762,2998,0.033305857099657554,0.02181153363410631,0.9914317809227458,31.319756636057107,0.05452080571517192,0,0.010445321932974896,1
l_shape_partial_overlap_hard_mixed,partial_overlap,764,736,0.03584841304821502,0.00897085517405926,0.9973009063801729,63.01607452829013,-0.2039897033774462,1,0.055044140914751974,1
l_shape_partial_overlap_hard_mixed,partial_overlap,765,2540,0.06989979909782296,0.06881947199882983,0.99894210833024,34.327982789024446,0.021479012001216144,0,0.03222974370417295,1
l_shape_partial_overlap_hard_mixed,partial_overlap,767,302,0.11446745263888981,0.11061940997462905,0.2801425433827734,72.18538886124384,0.17003356312162976,0,0.18715116842432908,0
l_shape_partial_overlap_hard_mixed,partial_overlap,768,2199,0.028882659632213908,0.028764157639274153,0.9815383169035031,71.78877406962707,0.07472348994597892,1,0.03943444315299572,1
l_shape_partial_overlap_hard_mixed,partial_overlap,769,886,0.07341590815129478,0.058746678256964134,0.9996224049556351,42.498711986029186,0.10004129315462253,0,0.012487518810674851,1
l_shape_partial_overlap_hard_mixed,partial_overlap,770,1854,0.024843889975139474,0.004253017068567737,0.9998497973511116,68.35047964245685,-0.09435264642129719,1,0.026489780011632776,1
l_shape_partial_overlap_hard_mixed,partial_overlap,771,1970,0.020952403736587334,0.0197284783521918,0.9950779888633887,56.37465591069241,0.1770022393335866,1,0.036698964851076404,1
l_shape_partial_overlap_hard_mixed,partial_overlap,772,432,0.03797821526269916,0.0010718511014294685,0.9517095149697017,30.869848521008556,-0.1928715364640889,1,0.023382542558377063,1
l_shape_partial_overlap_hard_mixed,partial_overlap,774,2194,0.023463739889639436,0.005399976561813833,0.8465266059320296,57.17811248329517,0.15007283196522547,0,0.05443375932716279,1
l_shape_partial_overlap_hard_mixed,partial_overlap,775,1756,0.02803409845650006,0.025764160312857696,0.998999565308907,60.322253420104985,-0.09962970999663263,1,0.09044120664227888,0
l_shape_partial_overlap_hard_mixed,partial_overlap,776,18,0.046883039477787665,0.027891524133987503,0.939308449654862,60.700465124911645,0.19988650042463094,0,0.0526799322757189,1
l_shape_partial_overlap_hard_mixed,partial_overlap,777,422,0.015786903073188394,0.006978472270512701,0.9843829604678485,61.571148555322736,-0.1984302918593792,1,0.042249476323828104,1
l_shape_partial_overlap_hard_mixed,partial_overlap,778,2438,0.04147401330863989,0.027415842107823055,0.9952609901053494,69.94667505439892,0.1743531966687958,1,0.09168469292745018,0
l_shape_partial_overlap_hard_mixed,partial_overlap,779,1211,0.039101674698346627,0.02112549244347576,0.9995536147317305,87.33345180198253,-0.625343328167363,0,0.0877039701424201,0
l_shape_partial_overlap_hard_mixed,partial_overlap,780,389,0.030183219815558042,0.016846097461042358,0.992366666798165,28.836840037919824,-0.317496127560005,0,0.04550491666376957,1
l_shape_partial_overlap_hard_mixed,partial_overlap,782,1734,0.028480134797860077,0.013791812718499883,0.9993168319420443,46.13386652098864,-0.3820343716512779,1,0.038502919776836585,1
l_shape_partial_overlap_hard_mixed,partial_overlap,783,2312,0.06086614009366551,0.058264106294617195,0.7618426890237014,62.66203930917974,0.09771301029804366,0,0.058225416670903314,1
l_shape_partial_overlap_hard_mixed,partial_overlap,785,2103,0.05610091194535643,0.0311871858600315,0.9915098138288176,60.523193050991715,0.1463794378379987,0,0.10086961070575531,0
l_shape_partial_overlap_hard_mixed,partial_overlap,786,1859,0.035101463814865355,0.019449092406538086,0.9940822605303204,30.310262315206323,-0.07045841432427155,0,0.08213177968232445,0
l_shape_partial_overlap_hard_mixed,partial_overlap,789,2781,0.11309854039925513,0.11147541199593522,0.99819193320633,55.18627481182718,0.23457189865350414,0,0.04382560885155196,1
l_shape_partial_overlap_hard_mixed,partial_overlap,790,1293,0.04471667561037437,0.04191915178708953,0.9988829562577254,48.81054090493836,-0.2987020057793144,0,0.017490729312508252,1
l_shape_partial_overlap_hard_mixed,partial_overlap,791,2871,0.04053965287253979,0.026928467406154902,0.9920698651991394,91.42984237189683,-0.21987875709551477,1,0.05074767367212854,1
l_shape_partial_overlap_hard_mixed,partial_overlap,792,22,0.020361520448674432,0.01844573546337016,0.9978471241237333,62.4923906553469,-0.30876232025017947,1,0.04737527967907879,1
l_shape_partial_overlap_hard_mixed,partial_overlap,793,2888,0.05402374164716988,0.04314244302400587,0.9765750666084512,53.11258539258399,-0.220740523093342,0,0.053928757977129586,1
l_shape_partial_overlap_hard_mixed,partial_overlap,797,1781,0.05012927839416046,0.035081186386405463,0.9728516727597674,77.5311852585757,-0.18764051981022664,0,0.1155063116056918,0
l_shape_partial_overlap_hard_mixed,partial_overlap,798,2275,0.02970400948792278,0.013712468276258764,0.8985389724927663,116.75853720697565,-0.0661818580091568,0,0.09122052820419149,0
l_shape_partial_overlap_hard_mixed,partial_overlap,799,2585,0.07940031249369657,0.0697487665207646,0.9997705945445446,39.34801861845755,-0.0794270598218667,0,0.08152475547567684,0
l_shape_partial_overlap_hard_mixed,partial_overlap,801,1651,0.029820491287151057,0.013458515029487967,0.995755620716163,65.80166947391588,-0.1259470730036347,1,0.049148321850393355,1
l_shape_partial_overlap_hard_mixed,partial_overlap,802,1631,0.021515750476161416,0.01907641685736168,0.93564083834821,64.78848828377599,-0.12310211315968177,1,0.040975182934220596,1
l_shape_partial_overlap_hard_mixed,partial_overlap,803,848,0.011118824457432914,0.005768058300748891,0.9966310188962632,56.16298715504822,-0.12102094159088546,1,0.046556296023099686,1
l_shape_partial_overlap_hard_mixed,partial_overlap,804,212,0.037493359501018175,0.022589841801582734,0.9844366960695022,34.56647185136129,-0.05532954736393609,0,0.05319211862965817,1
l_shape_partial_overlap_hard_mixed,partial_overlap,805,262,0.023081912653418378,0.012625846833820327,0.8806851096476256,121.35256547123564,-0.22538081218057165,1,0.14755249637762272,0
l_shape_partial_overlap_hard_mixed,partial_overlap,809,992,0.04440091779185653,0.03839453266341019,0.9881768768426745,63.60667877693923,-0.1847874680723951,1,0.13415231673614025,0
l_shape_partial_overlap_hard_mixed,partial_overlap,810,1118,0.03668305387695798,0.03165557566805575,0.6613074321628116,35.680471695454365,0.11394412473399235,1,0.14453722288271154,0
l_shape_partial_overlap_hard_mixed,partial_overlap,811,2078,0.0186954134003594,0.01597898918028624,0.9932316567234173,70.61941219354469,0.02593335155034978,1,0.08007683670845794,0
l_shape_partial_overlap_hard_mixed,partial_overlap,812,635,0.038252028079258975,0.033675165050818405,0.9613662224227768,65.59321964193728,-0.49136424451544203,1,0.09285476116057895,0
l_shape_partial_overlap_hard_mixed,partial_overlap,814,1437,0.03981031676670492,0.009263164589674206,0.9957386098245617,109.75710560711562,0.011922632074472318,0,0.011920955914600826,1
l_shape_partial_overlap_hard_mixed,partial_overlap,815,1888,0.07481178809437818,0.07064985676682582,0.9974362300839282,57.837508463842795,-0.1484198312054339,0,0.06737999645334339,1
l_shape_partial_overlap_hard_mixed,partial_overlap,816,1447,0.12370118338081283,0.12316075294211386,0.9965391815420513,60.938465582066854,0.1278332351463941,0,0.06793594646680193,1
l_shape_partial_overlap_hard_mixed,partial_overlap,817,1219,0.05534058582696627,0.04910086632090361,0.9999340509749562,66.81910800967775,-0.317496127560005,0,0.03675777288018541,1
l_shape_partial_overlap_hard_mixed,partial_overlap,818,2324,0.02482672891198691,0.01280307408093832,0.9985781345777127,50.80526054744486,-0.061408580148883,1,0.08328018346508344,0
l_shape_partial_overlap_hard_mixed,partial_overlap,820,2169,0.04291773081342042,0.03180696244305085,0.6122574351507395,54.86928780390747,-0.010269657079520125,1,0.1157816502689988,0
l_shape_partial_overlap_hard_mixed,partial_overlap,821,1293,0.0317863260969634,0.02561064035897115,0.994832291063132,41.175647177980196,-0.3261009581956744,1,0.05007975318189239,1
l_shape_partial_overlap_hard_mixed,partial_overlap,823,1503,0.08267295053217703,0.0774876737822002,0.9797459896080936,47.375724305864665,-0.10759789226481506,1,0.05539664361435249,1
l_shape_partial_overlap_hard_mixed,partial_overlap,824,2637,0.024272660003303706,0.006905344676208668,0.8768048788718598,55.30611044417094,-0.5094328473623041,1,0.07201086593696485,1
l_shape_partial_overlap_hard_mixed,partial_overlap,825,1040,0.04075452714754152,0.034378698728283974,0.9136050597348816,107.1462191666903,-0.3451299313523013,0,0.13340673584054605,0
l_shape_partial_overlap_hard_mixed,partial_overlap,827,1718,0.04902209361240876,0.018446985880650194,0.9975954007917471,47.798608534338406,-0.14841979459225677,0,0.04414809117378161,1
l_shape_partial_overlap_hard_mixed,partial_overlap,828,1480,0.043517282460914235,0.03302952952316788,0.9738119187844748,68.50962077485404,-0.03719434214429282,0,0.062475979775846215,1
l_shape_partial_overlap_hard_mixed,partial_overlap,829,1488,0.040856197990177125,0.019375651575579352,0.20224699965503937,117.04536166883027,-0.37156333143262094,1,0.11324960456614122,0
l_shape_partial_overlap_hard_mixed,partial_overlap,830,1192,0.07240914811078451,0.05258556036516567,0.5390773122520154,31.18916009465667,0.11394412473399235,0,0.10637333157714314,0
l_shape_partial_overlap_hard_mixed,partial_overlap,831,363,0.0977452053724677,0.06576750216217879,0.9632354361024985,36.92184747493789,-0.1484198512722791,0,0.07963740303813782,1
l_shape_partial_overlap_hard_mixed,partial_overlap,832,415,0.03844415055017434,0.025595875928144017,0.9887860820045727,51.812754325113836,-0.014888594636629237,1,0.0757549887635742,1
l_shape_partial_overlap_hard_mixed,partial_overlap,833,817,0.11371385136720082,0.1136262400398095,0.9982083129020518,74.86319911722744,-0.0018165285340566149,0,0.0631045795255221,1
l_shape_partial_overlap_hard_mixed,partial_overlap,834,21,0.039280188126362,0.023213733523685148,0.99946821862917,29.29715247494715,0.09520199925435999,0,0.0504735777140671,1
l_shape_partial_overlap_hard_mixed,partial_overlap,835,2980,0.11191337240777127,0.09809644223449411,0.9211780854030642,58.80856616426657,-0.14841984511844597,0,0.052207220393920235,1
l_shape_partial_overlap_hard_mixed,partial_overlap,836,1165,0.027701330464184167,0.02234237976418516,0.9933945014771134,53.35811528562247,-0.14841991209507582,0,0.010615149720027297,1
l_shape_partial_overlap_hard_mixed,partial_overlap,837,89,0.020451999591283753,0.0067027915423080705,0.9968824779161208,40.772214026067154,0.13926191257177525,1,0.05363864315775553,1
l_shape_partial_overlap_hard_mixed,partial_overlap,838,2620,0.016202302172311785,0.0041335028838385855,0.5946098791983635,103.82560712850709,-0.2762530584467087,1,0.13642768189301424,0
l_shape_partial_overlap_hard_mixed,partial_overlap,841,1414,0.01861141820496629,0.010574122921315971,0.9964518536641723,95.52588783959038,-0.37156310643303414,1,0.0754126789346563,1
l_shape_partial_overlap_hard_mixed,partial_overlap,842,2602,0.027148259975403728,0.018154930168188064,0.987472273233637,38.09379123299302,-0.0053191563493996796,1,0.018659389588042145,1
l_shape_partial_overlap_hard_mixed,partial_overlap,843,1876,0.11625955151240462,0.11292220705543728,0.9554851085399652,45.04587089790962,0.24244606955361991,0,0.06970009705458172,1
l_shape_partial_overlap_hard_mixed,partial_overlap,846,2299,0.01705522585602438,0.007291401943682558,0.6966647037733188,73.67774794135278,-0.10919917658049856,1,0.13151511609965622,0
l_shape_partial_overlap_hard_mixed,partial_overlap,847,1395,0.06492497872938259,0.060396483307034336,0.9999817688913246,70.26462922010748,0.0,0,0.0262324347569151,1
l_shape_partial_overlap_hard_mixed,partial_overlap,850,2504,0.05215448742762296,0.035868034347412134,0.6407708338858071,59.50094875451361,-0.08589957580073433,0,0.09717111078370673,0
l_shape_partial_overlap_hard_mixed,partial_overlap,852,703,0.07812043858662321,0.06982208619526052,0.9165052363464464,66.64716510488924,-0.2856209147163813,0,0.06513500778774443,1
l_shape_partial_overlap_hard_mixed,partial_overlap,853,2134,0.06593584988653477,0.06350262245105986,0.9938736895673015,47.07426497466762,0.07472347119601185,0,0.0384676516725201,1
l_shape_partial_overlap_hard_mixed,partial_overlap,854,1875,0.06822129240949958,0.06789920446555493,0.9978807198847152,56.79736908274528,-0.053109757132217876,1,0.028377314070063855,1
l_shape_partial_overlap_hard_mixed,partial_overlap,855,1243,0.033912428073479335,0.0015147893373819374,0.930390961961133,47.43095477734653,-0.043059448719744736,0,0.0715766514086476,1
l_shape_partial_overlap_hard_mixed,partial_overlap,856,1474,0.08993605008024479,0.08675324542225862,0.9995862157532869,96.32150752465043,0.15168441140634326,0,0.052441731677327186,1
l_shape_partial_overlap_hard_mixed,partial_overlap,861,1843,0.07367753858782194,0.07262585020422822,0.9973666516805638,53.939652500006574,-0.025817654597878572,0,0.04029715667071038,1
l_shape_partial_overlap_hard_mixed,partial_overlap,862,1728,0.039496872844811716,0.021662046412041218,0.933364913243663,54.280672807093424,-0.017799812259829337,0,0.06051701034276677,1
l_shape_partial_overlap_hard_mixed,partial_overlap,863,751,0.04408155929852703,0.02728489512864063,0.9949285018356904,34.32018672187175,-0.09435271513459734,0,0.02204097113689971,1
l_shape_partial_overlap_hard_mixed,partial_overlap,864,2149,0.043799565168853395,0.03532232622627734,0.9251814077257088,116.97358188271753,-0.06503832313582608,1,0.09494372263454318,0
l_shape_partial_overlap_hard_mixed,partial_overlap,865,870,0.01914840953928081,0.011482965540150526,0.11688149902360373,97.01939388805926,-0.1248894285276199,1,0.0805851049660762,0
l_shape_partial_overlap_hard_mixed,partial_overlap,866,1665,0.03804486374418183,0.03502846703643459,0.9937164832634554,41.04374541531057,-0.22638138780431313,0,0.04841160301175945,1
l_shape_partial_overlap_hard_mixed,partial_overlap,867,1932,0.07459575994510252,0.043305650431034425,0.9963862066513919,46.46812786617691,0.09274195104937341,0,0.087495187621151,0
l_shape_partial_overlap_hard_mixed,partial_overlap,868,1942,0.024741903308610896,0.017884978548328604,0.9929406031258169,34.94878563433583,-0.3216915107904901,0,0.023462996346196068,1
l_shape_partial_overlap_hard_mixed,partial_overlap,869,1966,0.01812861632320285,0.009515377036171419,0.3752490709845597,86.65304113945197,0.3070552693433761,1,0.07967579234673448,1
l_shape_partial_overlap_hard_mixed,partial_overlap,871,731,0.056244212444592045,0.047200247247612404,0.7397168927670882,82.87275896149949,0.16173475348877484,0,0.16456313527997496,0
l_shape_partial_overlap_hard_mixed,partial_overlap,874,2592,0.027526306094743352,0.010652293649288496,0.9854642555752958,39.42838798742785,-0.2987020057793144,1,0.02196868100648174,1
l_shape_partial_overlap_hard_mixed,partial_overlap,877,510,0.1330452591637595,0.1252311310498171,0.986846274105501,47.34648566788788,-0.02058660997205198,0,0.08570710440930504,0
l_shape_partial_overlap_hard_mixed,partial_overlap,881,2665,0.07756792150562772,0.0728690123750505,0.9923959900699092,36.81851318659822,-0.1861601436426242,0,0.06041812777312931,1
l_shape_partial_overlap_hard_mixed,partial_overlap,882,664,0.04525527979197893,0.028324052821384622,0.9475621306494801,78.86943274241999,-0.04078931727100499,0,0.03662683344364622,1
l_shape_partial_overlap_hard_mixed,partial_overlap,883,308,0.035954221808510343,0.032708030622540185,0.9952819898001396,62.71098774877063,-0.3876494423153829,1,0.045639048737416976,1
l_shape_partial_overlap_hard_mixed,partial_overlap,884,1483,0.0864647958728977,0.08526984808358923,0.997047403554445,46.71449031113099,0.19642021891890543,0,0.05579723447674791,1
l_shape_partial_overlap_hard_mixed,partial_overlap,885,1107,0.01520826508116506,0.007294895732207289,0.9929274657707621,78.21724734507598,0.09670232489555769,1,0.07953990342403135,1
l_shape_partial_overlap_hard_mixed,partial_overlap,887,826,0.013354652246621914,0.0009516815299088061,0.9837777868931782,63.17750061764694,0.04573596940675253,1,0.0713973579941686,1
l_shape_partial_overlap_hard_mixed,partial_overlap,891,775,0.054439912699720074,0.03886854865532985,0.9990957625176946,106.46275273489871,-0.5340817800488599,0,0.07544002326108483,1
l_shape_partial_overlap_hard_mixed,partial_overlap,892,1715,0.029205966040066252,0.012719861265323922,0.9990516321531281,59.46769880038148,0.06780304683799991,1,0.029943027534976675,1
l_shape_partial_overlap_hard_mixed,partial_overlap,894,1092,0.04211900961567662,0.040535172101501836,0.9994630406830786,53.76155447359033,0.0651540200882974,0,0.13356985596021012,0
l_shape_partial_overlap_hard_mixed,partial_overlap,895,659,0.08078428667584744,0.08022200951652976,0.9971241407924031,30.0627170113656,-0.28818158445041425,0,0.05277603704560136,1
l_shape_partial_overlap_hard_mixed,partial_overlap,897,885,0.026722741855997222,0.01685344695642512,0.9732059458006632,32.317833252259256,0.05743200921879373,1,0.009295244743550821,1
l_shape_partial_overlap_hard_mixed,partial_overlap,899,757,0.07999723785809301,0.07601773935945587,0.9961501089175503,71.455241040512,-0.14841984511844597,0,0.07487312690167468,1
l_shape_partial_overlap_hard_mixed,partial_overlap,900,2449,0.06236196725055116,0.05371826215863362,0.9908434156800429,51.980582391149014,-0.043059448719744736,1,0.05977391688373678,1
l_shape_partial_overlap_hard_mixed,partial_overlap,901,197,0.1168178162933324,0.10097408068307126,0.9195035554937728,31.89671119247555,-0.2710220278798344,0,0.07316125109016418,1
l_shape_partial_overlap_hard_mixed,partial_overlap,902,2828,0.10245048745655393,0.09926591977066744,0.9869336343943435,43.78252567838708,-0.10919917658049856,0,0.06428794236089826,1
l_shape_partial_overlap_hard_mixed,partial_overlap,903,2581,0.034894679183416155,0.00554304872885647,0.9812690396492725,50.10646858779732,-0.06386256860058087,1,0.012058727083650186,1
l_shape_partial_overlap_hard_mixed,partial_overlap,905,2010,0.015802298784631432,0.007723119338921539,0.9654393417361268,53.52140496441313,-0.41870999275320553,1,0.0942548545051134,0
l_shape_partial_overlap_hard_mixed,partial_overlap,906,508,0.020949512345781057,0.01941161815395799,0.98901341519245,43.307824139600555,-0.33766165849279217,1,0.08666654540866951,0
l_shape_partial_overlap_hard_mixed,partial_overlap,907,2328,0.05047506871680314,0.046574429841983685,0.9964124677459107,44.10274415889408,-0.043059428349422446,0,0.03081150637549894,1
l_shape_partial_overlap_hard_mixed,partial_overlap,908,1888,0.0772319572164779,0.07310482222201833,0.9971340712633633,49.442262567745054,-0.1484198312054339,0,0.02580346628920151,1
l_shape_partial_overlap_hard_mixed,partial_overlap,911,1320,0.036597868037263295,0.027424570692529848,0.9577105788573091,48.35283207846102,-0.17373769451290083,0,0.06038737014821754,1
l_shape_partial_overlap_hard_mixed,partial_overlap,912,1576,0.041816946456095884,0.0010081325256623879,0.9865662001332149,110.5049361983938,-0.19720990976423833,1,0.06465160492539279,1
l_shape_partial_overlap_hard_mixed,partial_overlap,913,138,0.047012479550956915,0.02764226507587586,0.9896255664519835,68.664796688971,-0.8415651231835684,1,0.04837059744846314,1
l_shape_partial_overlap_hard_mixed,partial_overlap,914,789,0.07905867920223719,0.07539834217491788,0.9655970724924746,96.50591008184007,0.4111952560321194,0,0.060506485739995,1
l_shape_partial_overlap_hard_mixed,partial_overlap,915,2944,0.040013191898605784,0.033170853429222415,0.9981334281007096,64.66552013617375,0.19452454512899964,0,0.1297467155242094,0
l_shape_partial_overlap_hard_mixed,partial_overlap,916,675,0.022193180004028028,0.007410031542875309,0.9945976326861756,81.63782546188166,-0.2502024701657538,0,0.08074603692987006,0
l_shape_partial_overlap_hard_mixed,partial_overlap,919,644,0.042185124727837586,0.0352964935048274,0.04544913899406493,75.0864285529333,0.21095386728383833,1,0.052041255428427094,1
l_shape_partial_overlap_hard_mixed,partial_overlap,920,1650,0.03583327189886218,0.022456650235647833,0.9992487464894402,114.9637459561987,-0.5113247732652153,1,0.06171255861745617,1
l_shape_partial_overlap_hard_mixed,partial_overlap,924,2151,0.0998172569087582,0.09520059692055087,0.5911150087592769,88.03473279301733,0.13926191257177525,0,0.09338031704708848,0
l_shape_partial_overlap_hard_mixed,partial_overlap,926,5,0.043555390041718725,0.04026196644320747,0.9999807176648939,52.98353152340104,0.11394412473399235,1,0.06778141908418218,1
l_shape_partial_overlap_hard_mixed,partial_overlap,927,745,0.02569706157877367,0.005720231204354488,0.9079352203885902,58.33664126077455,0.3142033185728851,0,0.0617480776678855,1
l_shape_partial_overlap_hard_mixed,partial_overlap,928,1302,0.012347163969404077,0.009351774485248541,0.967432958986791,39.97670568476712,0.028510680372993886,1,0.05833419548086583,1
l_shape_partial_overlap_hard_mixed,partial_overlap,929,2771,0.022829241138502165,0.020021690334209485,0.9870873711674105,31.454465418238755,-0.1259470730036347,1,0.0379865586207846,1
l_shape_partial_overlap_hard_mixed,partial_overlap,931,2690,0.05182769323620436,0.044393186782402116,0.98537508675851,107.13997141184635,-0.18924179130542496,0,0.047505166429806796,1
l_shape_partial_overlap_hard_mixed,partial_overlap,932,408,0.03426090771017638,0.027818941504971113,0.9827299712004318,65.17804483851296,-0.025817654597878572,1,0.06077883573981975,1
l_shape_partial_overlap_hard_mixed,partial_overlap,933,846,0.11751322841637582,0.10797477074738103,0.9871825867520587,44.42753760784733,-0.4620769991966893,0,0.07174691544731297,1
l_shape_partial_overlap_hard_mixed,partial_overlap,934,1687,0.10085088580165882,0.09996647286825472,0.9997670132647158,51.54746900435795,0.1652373533321537,1,0.04832645933126464,1
l_shape_partial_overlap_hard_mixed,partial_overlap,935,1583,0.028334569894206303,0.012191547189803737,0.9922077556073087,73.71219074259241,-0.1039681180416598,1,0.06915193659889983,1
l_shape_partial_overlap_hard_mixed,partial_overlap,936,702,0.03809226211122308,0.01758028111783879,0.927447999460854,52.84417891875223,-0.36098121585909476,1,0.03900409749487067,1
l_shape_partial_overlap_hard_mixed,partial_overlap,937,822,0.03952908639849861,0.037055867870657046,0.9971925796414483,31.40047019085427,-0.030636920850855825,1,0.007555513644458903,1
l_shape_partial_overlap_hard_mixed,partial_overlap,939,765,0.04575285451346036,0.0358728055865543,0.9942237759073005,65.54820502201743,-0.1259470730036347,0,0.04599660433387386,1
l_shape_partial_overlap_hard_mixed,partial_overlap,940,2123,0.04796675514676388,0.04614451774311773,0.981466537570599,83.84165434686399,-0.3243103626492317,1,0.06702554434086293,1
l_shape_partial_overlap_hard_mixed,partial_overlap,941,1870,0.052478290912493154,0.047193350030705676,0.9996331916448922,25.321731679595096,-0.1719503934476951,0,0.016034132678742676,1
l_shape_partial_overlap_hard_mixed,partial_overlap,942,108,0.10990909143960834,0.1011604283772623,0.8276431573519258,58.78970884386016,-0.14841983845179404,0,0.1044174511221067,0
l_shape_partial_overlap_hard_mixed,partial_overlap,946,1826,0.04042911489532294,0.03474331588867984,0.9561930965185734,43.257319492453846,-0.19604792818588473,1,0.04149866911182044,1
l_shape_partial_overlap_hard_mixed,partial_overlap,947,647,0.028690867034631997,0.0007391756516971069,0.9993243157578799,43.17938296402476,0.2898346112970965,1,0.0341084172725577,1
l_shape_partial_overlap_hard_mixed,partial_overlap,951,846,0.08047068236584987,0.07088203953856984,0.9380795371938919,39.88864988804618,-0.3154737331384893,0,0.054896689239827184,1
l_shape_partial_overlap_hard_mixed,partial_overlap,953,615,0.052255753117106014,0.050781225250421676,0.998976782082601,130.8531790599931,-0.2284624659972056,1,0.0628579450234557,1
l_shape_partial_overlap_hard_mixed,partial_overlap,956,831,0.10024164810009042,0.09544154755343119,0.9941135395753031,88.28068247292549,-0.06140855615903095,0,0.05891385848393736,1
l_shape_partial_overlap_hard_mixed,partial_overlap,957,475,0.08979644250818376,0.08126955681666358,0.1026442904795456,93.3536927769069,-0.1039681180416598,0,0.20133953953726313,0
l_shape_partial_overlap_hard_mixed,partial_overlap,958,2673,0.1228382067957085,0.11994444796913493,0.9714011985035558,39.40536601778753,-0.10586026932280505,0,0.08745320710203812,0
l_shape_partial_overlap_hard_mixed,partial_overlap,959,1721,0.009463211132475334,0.0035611984807364487,0.9989209299685262,43.23588388495266,-0.44952481411859335,1,0.05738752130946126,1
l_shape_partial_overlap_hard_mixed,partial_overlap,960,2027,0.13526807772186436,0.12481316497717924,0.9821330582454503,52.94121960703207,-0.23180135318805384,0,0.0697958495081763,1
l_shape_partial_overlap_hard_mixed,partial_overlap,961,20,0.024279369426823058,0.007062960774431608,0.9973616777582052,33.471757609964044,0.028510680372993886,0,0.058324002323702315,1
l_shape_partial_overlap_hard_mixed,partial_overlap,962,986,0.022349818133030896,0.006596850592578569,0.996118421478028,33.55182159194418,0.3070552693433761,0,0.02183385962545743,1
l_shape_partial_overlap_hard_mixed,partial_overlap,963,2869,0.02771760846555452,0.0014864480882596314,0.9691074965300208,73.109176535402,-0.14841991209507582,0,0.06912606056058185,1
l_shape_partial_overlap_hard_mixed,partial_overlap,964,2126,0.031185479377379442,0.009151728122530536,0.9999562622609144,34.7973815152509,0.12187022571064811,1,0.03665563481834379,1
l_shape_partial_overlap_hard_mixed,partial_overlap,965,576,0.04080503001426117,0.038371224593625096,0.9350675217883019,114.33035843253566,0.226273214209736,1,0.08520818271521928,0
l_shape_partial_overlap_hard_mixed,partial_overlap,967,106,0.03994174727390815,0.01018677626732786,0.9767806747950887,75.70113333604573,-0.08388143536961928,0,0.035476257120067675,1
l_shape_partial_overlap_hard_mixed,partial_overlap,968,2815,0.06041580363711,0.05644952040695971,0.9971990726512253,25.269409211972672,-0.317496127560005,0,0.016583522094721408,1
l_shape_partial_overlap_hard_mixed,partial_overlap,969,2051,0.07720881024513117,0.07122444264123234,0.9742522097446651,64.28665660160252,-0.011218875309168508,0,0.04111947273957838,1
l_shape_partial_overlap_hard_mixed,partial_overlap,971,392,0.06585157269082614,0.06131102471638933,0.9947225722292867,71.18904522142479,-0.28499536472195325,0,0.0636676770533273,1
l_shape_partial_overlap_hard_mixed,partial_overlap,972,2329,0.11143784876144021,0.09693155044964802,0.9573264046212809,54.63458561969068,-0.10759789226481506,1,0.06922062163770912,1
l_shape_partial_overlap_hard_mixed,partial_overlap,975,923,0.03116707606980011,0.015301474581632824,0.9970500263743437,104.8926240492849,-0.35972858338006414,1,0.019317105984243223,1
l_shape_partial_overlap_hard_mixed,partial_overlap,977,517,0.09537005964794848,0.0923643340557409,0.9902362742831938,117.23530118043118,-0.10586026932280505,0,0.04597795361252006,1
l_shape_partial_overlap_hard_mixed,partial_overlap,978,1436,0.02164960851889056,0.00785594008810563,0.986038960822825,48.36180819488222,-0.12024903688180501,1,0.07923513142986575,1
l_shape_partial_overlap_hard_mixed,partial_overlap,979,2737,0.014457982314732179,0.01067927152368506,0.9962981817340852,41.99268247098056,-0.14841990755736187,1,0.02461644384727219,1
l_shape_partial_overlap_hard_mixed,partial_overlap,980,2437,0.02791020293434186,0.02391206042737577,0.976826083872847,68.2040575754983,-0.09435271513459734,0,0.06420449659268979,1
l_shape_partial_overlap_hard_mixed,partial_overlap,982,1042,0.04353851441958022,0.012631249844421101,0.9942256838996387,41.930754684781824,-0.19493989845887083,0,0.0508427690261673,1
l_shape_partial_overlap_hard_mixed,partial_overlap,983,1062,0.0959190334384318,0.09218321299800711,0.995556197076723,87.97322424005453,-0.14841983845179404,1,0.06928883839826644,1
l_shape_partial_overlap_hard_mixed,partial_overlap,984,1171,0.04054547280105916,0.007324573287146072,0.590024999348676,77.95714244150712,-0.1928715364640889,0,0.13097141965149567,0
l_shape_partial_overlap_hard_mixed,partial_overlap,985,1200,0.05144733750574643,0.04667193857952941,0.9849702231517204,105.8683634838493,-0.02058660997205198,0,0.10947209360766504,0
l_shape_partial_overlap_hard_mixed,partial_overlap,986,1825,0.09773731385134267,0.096882635707904,0.44088845872725624,76.28738691071212,-0.07145888990814764,0,0.15796961619182337,0
l_shape_partial_overlap_hard_mixed,partial_overlap,987,93,0.05718601856743105,0.03845543272475932,0.9469910819268923,78.47697376021907,-0.2662028289692707,0,0.045228474398235255,1
l_shape_partial_overlap_hard_mixed,partial_overlap,988,1684,0.022487990832582412,0.007733566826476183,0.9736218029355008,89.59259407481575,0.08115437366440634,1,0.08054401904813942,0
l_shape_partial_overlap_hard_mixed,partial_overlap,991,1749,0.05237640048550852,0.049969252624913134,0.9959813694245584,71.7976873834292,0.15168441140634326,0,0.13274536010739924,0
l_shape_partial_overlap_hard_mixed,partial_overlap,992,850,0.06680889263028562,0.06607351904038047,0.9968498289268862,73.4571565086668,0.005730666772488121,1,0.04572342962325237,1
l_shape_partial_overlap_hard_mixed,partial_overlap,993,1692,0.044163102511311864,0.03883264449898002,0.9933982599429864,64.44625481393945,-0.27203377932302625,0,0.03047809751873663,1
l_shape_partial_overlap_hard_mixed,partial_overlap,994,1122,0.017507748482716065,0.011229250692960066,0.9406730512337091,147.41267859319822,-0.10189992563060662,1,0.032040295460152864,1
l_shape_partial_overlap_hard_mixed,partial_overlap,995,2432,0.010432825092322151,0.005303027788032828,0.9490331107546912,83.5556548981962,0.20521989457092055,1,0.05398424324002376,1
l_shape_partial_overlap_hard_mixed,partial_overlap,996,1274,0.05010484762281368,0.037154981175169396,0.9894667853448901,70.69024150046566,-0.19720990976423833,0,0.028222032519266575,1
l_shape_partial_overlap_hard_mixed,partial_overlap,999,2926,0.06506610415397185,0.05105008643516504,0.7840843835020814,122.19679320399773,0.03390151000906574,0,0.10615105885733718,0
l_shape_partial_overlap_hard_mixed,partial_overlap,1001,64,0.07334233043553641,0.06662982209319682,0.9992797547035696,28.15817694139317,0.005730666772488121,0,0.0020425360399139933,1
l_shape_partial_overlap_hard_mixed,partial_overlap,1002,565,0.04761154026233551,0.043611196094446726,0.9627571538840116,85.97721231474016,-0.10189986177791288,0,0.09729206991481106,0
l_shape_partial_overlap_hard_mixed,partial_overlap,1006,101,0.08546628825972863,0.08256092633822149,0.9990960081908458,62.89137190038013,0.0057306687566104336,0,0.07017525752423012,1
l_shape_partial_overlap_hard_mixed,partial_overlap,1009,2151,0.06786810306417458,0.0662140119239241,0.7026760321222678,103.19747057803274,0.02593335155034978,0,0.09475595907660062,0
l_shape_partial_overlap_hard_mixed,partial_overlap,1010,1753,0.013040920489649967,0.010029168813837202,0.950256206137639,45.93570535716015,-0.0457658194168143,1,0.07887923824449358,1
l_shape_partial_overlap_hard_mixed,partial_overlap,1011,633,0.022984842549526124,0.019817421010876864,0.9741550734010449,45.95605110390508,-0.1259470730036347,1,0.038341938269542374,1
l_shape_partial_overlap_hard_mixed,partial_overlap,1012,740,0.05508342063062736,0.04628155488595026,0.9740472034080169,101.12227211922898,-0.06503832313582608,0,0.12505606772302008,0
l_shape_partial_overlap_hard_mixed,partial_overlap,1013,859,0.0936847773918302,0.0927794328077073,0.9995483784231886,121.97211461686081,0.1278332351463941,1,0.058760034644681325,1
l_shape_partial_overlap_hard_mixed,partial_overlap,1014,1915,0.016966359912466346,0.0077152085272539335,0.9390322722563599,80.29914232427419,0.0651540200882974,1,0.03167908567136748,1
l_shape_partial_overlap_hard_mixed,partial_overlap,1019,493,0.03293813282248855,0.01904595877161461,0.967307881260483,46.2629672698741,0.18805210905404016,0,0.09095410655048781,0
l_shape_partial_overlap_hard_mixed,partial_overlap,1021,745,0.04498451481604928,0.03706553842490588,0.862318216018745,60.29094639338132,-0.011218875309168508,0,0.019179036191374697,1
l_shape_partial_overlap_hard_mixed,partial_overlap,1022,2979,0.0451088616928527,0.03430685254781108,0.9489356295819483,91.76244518308422,0.15007283196522547,0,0.09176292481322629,0
l_shape_partial_overlap_hard_mixed,partial_overlap,1023,721,0.02231388968359177,0.003156460963574429,0.961623041115483,102.45843475840302,-0.06386256860058087,0,0.012037806211733632,1
l_shape_partial_overlap_hard_mixed,partial_overlap,1025,1081,0.04600678580079065,0.020745139521374176,0.9694213914175,61.61080428646451,-0.011218875309168508,0,0.018550407236731337,1
l_shape_partial_overlap_hard_mixed,partial_overlap,1026,907,0.0529380827132052,0.0481632803560873,0.9951765095833689,91.21998676851506,0.040821952853630904,0,0.05816980191935549,1
l_shape_partial_overlap_hard_mixed,partial_overlap,1027,223,0.06372677301549985,0.030895226912373314,0.945650684484225,50.97468951801881,0.03390151000906574,0,0.10700886833197586,0
l_shape_partial_overlap_hard_mixed,partial_overlap,1028,20,0.023581198274241006,0.01853190034840701,0.9947480290645303,37.10667485093539,0.0011117279566338206,1,0.07239572413774369,1
l_shape_partial_overlap_hard_mixed,partial_overlap,1030,2993,0.10040845772734003,0.09875928895628956,0.9990070392888654,89.37215361676454,0.04829023788559933,0,0.07437301187207161,1
l_shape_partial_overlap_hard_mixed,partial_overlap,1034,1956,0.06588997093025323,0.06478671443205594,0.9807902767501913,39.14588991343606,0.039632192887157705,0,0.032737715047556695,1
l_shape_partial_overlap_hard_mixed,partial_overlap,1036,2383,0.05109561552674553,0.04805324000519148,0.9996098764410851,127.2466205060626,0.018634058565895624,1,0.08744048647105275,0
l_shape_partial_overlap_hard_mixed,partial_overlap,1038,1506,0.05335022988079613,0.045529179491028096,0.9989419157853408,28.401702495527722,-0.14841989701024394,0,0.07202528111887986,1
l_shape_partial_overlap_hard_mixed,partial_overlap,1039,1598,0.02376239938461903,0.010991537186866768,0.6178856104895827,52.54827711558393,0.18182150104596176,1,0.09820735500901873,0
l_shape_partial_overlap_hard_mixed,partial_overlap,1041,2223,0.0627305133963004,0.05735942000913085,0.9211596652452512,125.34516541248624,-0.4469125392567871,0,0.039623755273264234,1
l_shape_partial_overlap_hard_mixed,partial_overlap,1042,2915,0.03501285374946179,0.0041135083245132775,0.9973116572308486,77.05064411934956,-0.4668730601014412,1,0.03839687642336017,1
l_shape_partial_overlap_hard_mixed,partial_overlap,1044,2210,0.05304447088223681,0.04404396748685199,0.9630739590545677,77.65974545538776,-0.14841984511844597,0,0.06270126914555002,1
l_shape_partial_overlap_hard_mixed,partial_overlap,1047,779,0.04683485295923605,0.032698679524619974,0.9907777109950809,60.63896541043164,-0.01836686399745575,0,0.04817063755354299,1
l_shape_partial_overlap_hard_mixed,partial_overlap,1048,499,0.10050164436705875,0.09242553373984463,0.9995241769581129,88.00723401932163,-0.09962970999663263,0,0.021791038942533657,1
l_shape_partial_overlap_hard_mixed,partial_overlap,1049,1838,0.06408141756641803,0.061504169598285224,0.9619400210075364,34.36427626347738,-0.061408580148883,0,0.006612500144184802,1
l_shape_partial_overlap_hard_mixed,partial_overlap,1052,1598,0.044791316997254686,0.03961885701896491,0.477138779338831,64.85543966040497,-0.06503832313582608,0,0.15439889384251623,0
l_shape_partial_overlap_hard_mixed,partial_overlap,1053,292,0.029672582368144285,0.012986775764307318,0.9955341414079527,83.17664550642981,-0.12024903688180501,1,0.07146796189098764,1
l_shape_partial_overlap_hard_mixed,partial_overlap,1054,2133,0.024073451064811506,0.002660484018122,0.9900282118428566,40.27655565207194,0.07472350119596353,0,0.024296220242885663,1
l_shape_partial_overlap_hard_mixed,partial_overlap,1057,2248,0.03324759491130658,0.012190291293963923,0.910848588748596,66.99848583664374,0.21930450150311315,1,0.06523614926611258,1
l_shape_partial_overlap_hard_mixed,partial_overlap,1058,2744,0.055847003564329346,0.043246136600995216,0.9537243693826244,40.64512519784684,-0.07243404871804873,0,0.07900472478543037,1
l_shape_partial_overlap_hard_mixed,partial_overlap,1061,2699,0.09010204618549562,0.08541797978616993,0.9945561813474052,93.67070606013397,-0.014888594636629237,0,0.06751757536666272,1
l_shape_partial_overlap_hard_mixed,partial_overlap,1062,34,0.0315680777048982,0.03036126301486937,0.9909006674312558,91.25530943481132,-0.32277301131112346,0,0.05357413866476042,1
l_shape_partial_overlap_hard_mixed,partial_overlap,1064,2376,0.049146690541815065,0.03682951042123196,0.9988214003909522,51.83787901306908,0.03390151834238077,0,0.031012146573934595,1
l_shape_partial_overlap_hard_mixed,partial_overlap,1066,146,0.037339088655485575,0.026684276778393134,0.9720926063480467,44.99972674685547,-0.3216915107904901,0,0.04432675463470822,1
l_shape_partial_overlap_hard_mixed,partial_overlap,1068,361,0.043946892122835333,0.016042385533143015,0.9847655354756941,33.22671728723837,0.018634058565895624,1,0.0505751049245034,1
l_shape_partial_overlap_hard_mixed,partial_overlap,1069,2126,0.0336819420824954,0.009250741221988996,0.99985325475767,46.13382304212144,0.14784569254577246,0,0.00868991872336376,1
l_shape_partial_overlap_hard_mixed,partial_overlap,1070,2215,0.08007839739300193,0.05819028681148923,0.861605786899657,43.04493475771108,-0.14841980511854327,0,0.07536630409147549,1
l_shape_partial_overlap_hard_mixed,partial_overlap,1072,2891,0.13159867693779315,0.1219400057724896,0.9428618688751715,110.93674067594927,-0.19493977616472935,0,0.10069886430611621,0
l_shape_partial_overlap_hard_mixed,partial_overlap,1074,886,0.057054462242205166,0.05551363953541882,0.9913946714259699,55.85409544263317,0.016659734650323704,0,0.03881102762170102,1
l_shape_partial_overlap_hard_mixed,partial_overlap,1076,2536,0.04096665749587156,0.029610517705157057,0.9903344735599755,36.108851330105885,-0.3307411535794032,1,0.06255550787196826,1
l_shape_partial_overlap_hard_mixed,partial_overlap,1077,539,0.06470234307174512,0.051528451889949235,0.9638983871234749,49.60977105916826,-0.26283015318397224,0,0.10010807583117651,0
l_shape_partial_overlap_hard_mixed,partial_overlap,1078,1158,0.025386273206632434,0.021286910752973693,0.7904885313339006,73.58948506487728,-0.10295756799245899,1,0.0379705362451121,1
l_shape_partial_overlap_hard_mixed,partial_overlap,1081,1541,0.058274530972314095,0.034084565793589976,0.9772530599712642,36.49125361276971,-0.5538846388678799,0,0.07150384510613167,1
l_shape_partial_overlap_hard_mixed,partial_overlap,1082,2090,0.05803554501379955,0.05124925929186753,0.9924426889738329,30.86931408760432,-0.0457658194168143,1,0.04701061431628674,1
l_shape_partial_overlap_hard_mixed,partial_overlap,1084,1128,0.12035264240974242,0.11845735563479046,0.9991261576276624,84.58141313203927,0.12351352881801667,0,0.043777182017755975,1
l_shape_partial_overlap_hard_mixed,partial_overlap,1085,1791,0.01720241253593265,0.01705322848053367,0.9786546671450761,81.11700465300716,0.11627246595171557,1,0.04942581210133091,1
l_shape_partial_overlap_hard_mixed,partial_overlap,1086,510,0.031148296223731064,0.029818776029295807,0.7059111426386059,61.025467317994405,0.3440561491717612,1,0.11288540357845576,0
l_shape_partial_overlap_hard_mixed,partial_overlap,1087,580,0.026209206856603356,0.018612349812171487,0.2586787749596074,48.94446798805585,-0.027791999264402265,1,0.08013797958460743,0
l_shape_partial_overlap_hard_mixed,partial_overlap,1088,1151,0.07954835502771324,0.07388881389744764,0.9730014321742915,102.32233611559566,-0.02058660997205198,1,0.08213409091747394,0
l_shape_partial_overlap_hard_mixed,partial_overlap,1089,473,0.12120557111041266,0.11956628293071407,0.9967929992817687,43.74259562550316,-0.06503832313582608,0,0.06349908614575958,1
l_shape_partial_overlap_hard_mixed,partial_overlap,1090,884,0.024569427422008565,0.024053444116251634,0.9881939702057735,40.848420764484544,-0.025817654597878572,1,0.02032673567009702,1
l_shape_partial_overlap_hard_mixed,partial_overlap,1091,743,0.013425988036731873,0.01151102248124495,0.9735830612330096,33.87153602408311,0.21336991631880273,1,0.03855167595115981,1
l_shape_partial_overlap_hard_mixed,partial_overlap,1092,2553,0.11489017174403106,0.11228822019533724,0.9946026462125329,96.33298961355337,0.03390151000906574,0,0.06033407459069526,1
l_shape_partial_overlap_hard_mixed,partial_overlap,1093,3043,0.07239963879053084,0.0636985385922783,0.91300091961741,110.41438321314445,-0.0018165285340566149,0,0.09381867187273671,0
l_shape_partial_overlap_hard_mixed,partial_overlap,1095,3043,0.07432962072514518,0.07222822999384605,0.2164346253763604,112.72280887432743,0.04263517672459831,0,0.16798408109437743,0
l_shape_partial_overlap_hard_mixed,partial_overlap,1097,2002,0.055626523889103274,0.05289557704376333,0.9986952335206236,58.42156254502503,-0.14841990755736187,0,0.05603303037112369,1
l_shape_partial_overlap_hard_mixed,partial_overlap,1098,2182,0.04320038972733996,0.04139244219421167,0.9833537850066327,95.04566379400976,0.3215832803778327,1,0.1249199168845551,0
l_shape_partial_overlap_hard_mixed,partial_overlap,1099,2223,0.026568532397536117,0.016561507459973715,0.8430865188201591,118.61241507671302,-0.2865700759768809,1,0.04272964472797739,1
l_shape_partial_overlap_hard_mixed,partial_overlap,1100,1175,0.07236376830742113,0.0699682481479436,0.994314320110326,93.01453757698708,-0.22538081218057165,1,0.06546020923847029,1
l_shape_partial_overlap_hard_mixed,partial_overlap,1101,605,0.06339690427543887,0.0561099789167376,0.9944198825091599,45.71512647809168,-0.34079164397804135,1,0.060437137047833975,1
l_shape_partial_overlap_hard_mixed,partial_overlap,1102,1274,0.02872689644714113,0.021064373682463458,0.9637754940935639,184.83104084339456,-0.42035309857903946,0,0.034741315860471536,1
l_shape_partial_overlap_hard_mixed,partial_overlap,1103,569,0.01613790654284517,0.009247312459761613,0.9992732137108175,30.094555087547054,0.09843997906334181,0,0.06300581957091148,1
l_shape_partial_overlap_hard_mixed,partial_overlap,1105,766,0.050354892731322945,0.0074013738196269,0.9349797171212662,84.54241992292205,0.29341251171122074,0,0.04795324665029054,1
l_shape_partial_overlap_hard_mixed,partial_overlap,1106,584,0.0887450224768151,0.08193632484258113,0.9619812361434931,54.46645245870067,-0.2284624659972056,0,0.03373488411988249,1
l_shape_partial_overlap_hard_mixed,partial_overlap,1109,619,0.04354343184767415,0.03203808684510922,0.9878803244830897,65.0134977255806,0.10647216305896635,0,0.09521262011905894,0
l_shape_partial_overlap_hard_mixed,partial_overlap,1110,1270,0.11305208172573693,0.10186181393454584,0.9996504299955592,32.972256246364545,-0.10189986177791288,1,0.018331529019705386,1
l_shape_partial_overlap_hard_mixed,partial_overlap,1111,1466,0.05607642603917021,0.050125082508468706,0.9054902032574457,39.26973989382735,-0.12310211315968177,0,0.010548847752624142,1
l_shape_partial_overlap_hard_mixed,partial_overlap,1112,1536,0.038302003991983205,0.03464105981733218,0.9943949800889138,48.49580327101956,0.15386065703627666,1,0.009336679680401937,1
l_shape_partial_overlap_hard_mixed,partial_overlap,1114,744,0.13054142152858078,0.1291115603518679,0.9892874647290568,78.59769522154961,-0.21295834083933982,0,0.06515118727310847,1
l_shape_partial_overlap_hard_mixed,partial_overlap,1116,1985,0.09399324121296289,0.08999407675923933,0.9883207445581761,39.968255087551114,-0.23543110559307784,0,0.04725390957579117,1
l_shape_partial_overlap_hard_mixed,partial_overlap,1118,1944,0.038218372065843456,0.003128012081132213,0.9973068493754831,37.96524844870977,-0.05604663849773325,0,0.057081018350073044,1
l_shape_partial_overlap_hard_mixed,partial_overlap,1119,2741,0.10682856584329378,0.10621301159332985,0.9967051082914076,98.72976695047753,-0.10189986177791288,0,0.04285591894762602,1
l_shape_partial_overlap_hard_mixed,partial_overlap,1121,1052,0.027400691467137774,0.01257747794184347,0.9904611764038775,33.136177495182,-0.43610169794076015,0,0.05826675792760626,1
l_shape_partial_overlap_hard_mixed,partial_overlap,1122,2344,0.03380351191238906,0.022804577138921298,0.999256543004546,60.057339622127884,-0.09962970999663263,1,0.08142480573239341,0
l_shape_partial_overlap_hard_mixed,partial_overlap,1123,1989,0.02863753220871216,0.00010761545726105468,0.6234888357099064,44.05978536469118,-0.025817654597878572,1,0.14721020812030933,0
l_shape_partial_overlap_hard_mixed,partial_overlap,1124,745,0.02614862448793746,0.0030831037421176375,0.9043654555862176,71.25900813151104,0.2170396249189042,0,0.055522814785802524,1
l_shape_partial_overlap_hard_mixed,partial_overlap,1125,2918,0.06857491872585986,0.05902300560802709,0.9936081434933441,91.50423597931945,-0.23543110559307784,1,0.08094704109203377,0
l_shape_partial_overlap_hard_mixed,partial_overlap,1126,2572,0.0693259937153384,0.0629474654454431,0.9925107356095821,52.453437313678066,-0.2662028289692707,1,0.0722012806840166,1
l_shape_partial_overlap_hard_mixed,partial_overlap,1127,2103,0.017147305168168942,0.013076855929869232,0.9956564283453204,52.106755878898255,-0.20726034063917315,1,0.05821131405014818,1
l_shape_partial_overlap_hard_mixed,partial_overlap,1128,2922,0.0813156271871555,0.08031322598821665,0.988145320486628,49.53471924347959,-0.23543110559307784,0,0.04714405505506573,1
l_shape_partial_overlap_hard_mixed,partial_overlap,1129,3022,0.06403893674480604,0.06292538010414843,0.4040626121423354,44.012299841373405,0.040821952853630904,0,0.13958286824232566,0
l_shape_partial_overlap_hard_mixed,partial_overlap,1130,2475,0.06153617108286783,0.061112903690864466,0.7187315647475184,95.86279241064672,-0.10919917658049856,0,0.06264863000420104,1
l_shape_partial_overlap_hard_mixed,partial_overlap,1131,1813,0.03775786887536784,0.016658239635265422,0.7898303470022716,97.47788575887282,0.25704492590668043,1,0.08462553323715351,0
l_shape_partial_overlap_hard_mixed,partial_overlap,1132,406,0.03273182672827642,0.024878249398602028,0.9932196745137571,48.603769869733775,-0.0661818580091568,1,0.018084705835225826,1
l_shape_partial_overlap_hard_mixed,partial_overlap,1134,2863,0.048642168273871765,0.040122499266204176,0.8297180299201625,117.83805704593425,-0.3542718121465166,0,0.05373075362713331,1
l_shape_partial_overlap_hard_mixed,partial_overlap,1136,1699,0.037323201848387284,0.02706012638108733,0.990866893997884,62.25091094601583,0.06864444986090666,1,0.015370939111360114,1
l_shape_partial_overlap_hard_mixed,partial_overlap,1138,3011,0.025454887183122932,0.018992371569935586,0.9849475246143293,42.228360988701226,0.08042151211580688,0,0.03287197853438831,1
l_shape_partial_overlap_hard_mixed,partial_overlap,1139,2771,0.038700667873562807,0.033650545084948906,0.997131351319509,82.82522141304247,-0.19493989845887083,0,0.014157955426303298,1
l_shape_partial_overlap_hard_mixed,partial_overlap,1140,808,0.024617799298925595,0.008088364004306035,0.9806188249066794,73.79498720614447,-0.1714094171062515,1,0.0514165041270419,1
l_shape_partial_overlap_hard_mixed,partial_overlap,1141,2426,0.06433673728432897,0.04308944655745528,0.7867289179976207,64.37619574628215,0.018634058565895624,0,0.07919153975327696,1
l_shape_partial_overlap_hard_mixed,partial_overlap,1142,100,0.07021535538210609,0.06945923733086655,0.7168710394915618,96.35753507480169,-0.10189986177791288,0,0.09051541514190249,0
l_shape_partial_overlap_hard_mixed,partial_overlap,1143,939,0.058290039874949455,0.050761540156948816,0.5833341290423227,148.03921206290198,-0.06140855615903095,0,0.10402192076401061,0
l_shape_partial_overlap_hard_mixed,partial_overlap,1145,1164,0.021424666569117647,0.001478924774406629,0.984765819679372,64.19155023494572,-0.26978064092456655,1,0.07941229008967461,1
l_shape_partial_overlap_hard_mixed,partial_overlap,1147,132,0.09561713792746986,0.0930983481566478,0.992470485021059,41.27596781565132,-0.14841984511844597,1,0.03964459825529725,1
l_shape_partial_overlap_hard_mixed,partial_overlap,1148,2170,0.028818922760341335,0.004044426431188299,0.9907486920813415,32.85258517380334,0.08519473860722715,0,0.0076649222565465846,1
l_shape_partial_overlap_hard_mixed,partial_overlap,1149,2314,0.026533095213181035,0.020095975348636906,0.9965180878808136,35.46982358352317,-0.0018165297302265308,1,0.06287213721224405,1
l_shape_partial_overlap_hard_mixed,partial_overlap,1150,1040,0.04729188842735802,0.046743669280529164,0.9144752896516254,105.82080804811255,-0.3025703694696726,0,0.12343163896450746,0
l_shape_partial_overlap_hard_mixed,partial_overlap,1151,2662,0.06722456231056397,0.04721443781646395,0.7289651438080805,126.35003067442048,-0.008658051873563024,0,0.1308270502111661,0
l_shape_partial_overlap_hard_mixed,partial_overlap,1152,2424,0.03924904739112524,0.021560991277950553,0.9989671441514293,45.1878763235794,-0.19720990976423833,1,0.048420201147830064,1
l_shape_partial_overlap_hard_mixed,partial_overlap,1153,2958,0.057957055705127394,0.041156733279440895,0.9974768031803304,35.171208136705154,0.28689778271739413,0,0.02717628226005007,1
l_shape_partial_overlap_hard_mixed,partial_overlap,1157,1945,0.01717922203502708,0.000862584337212239,0.9910465662870054,87.90019397247713,-0.41668361162280654,1,0.10044432084311145,0
l_shape_partial_overlap_hard_mixed,partial_overlap,1158,1798,0.03801969275867786,0.0253443717865753,0.991283292646973,53.18668131383881,0.07472345619604473,1,0.06301116590387636,1
l_shape_partial_overlap_hard_mixed,partial_overlap,1159,2662,0.06483922623148407,0.060930334351150056,0.7798171860386339,116.64221611427095,0.07472345619604473,1,0.10994754268916106,0
l_shape_partial_overlap_hard_mixed,partial_overlap,1160,619,0.0092402265392339,0.0031183789967713376,0.9859441018624521,57.60497876389825,0.15526229270461323,1,0.08154511111316581,0
l_shape_partial_overlap_hard_mixed,partial_overlap,1161,3011,0.015332821174090643,0.00039408272400929726,0.9156919694416265,63.400520434248214,0.08042151211580688,1,0.035014447483788305,1
l_shape_partial_overlap_hard_mixed,partial_overlap,1164,2532,0.01780130480230256,0.0064866856206430715,0.9903666777870341,59.10068696525393,-0.1719503934476951,1,0.034893027327468996,1
l_shape_partial_overlap_hard_mixed,partial_overlap,1165,2159,0.03225869672807446,0.018007176522492903,0.4847265967842746,78.79449119639301,-0.14841983845179404,0,0.14699722996269285,0
l_shape_partial_overlap_hard_mixed,partial_overlap,1167,1935,0.04101529521225966,0.02402702864695775,0.9406107994540696,79.23250477627656,-0.02058660997205198,0,0.07193838692432654,1
l_shape_partial_overlap_hard_mixed,partial_overlap,1168,725,0.04369367968652014,0.017302725471316092,0.9988005904199353,89.3602485858394,-0.14841979459225677,0,0.09989560561729999,0
l_shape_partial_overlap_hard_mixed,partial_overlap,1169,75,0.06644869262245082,0.040882416126556964,0.9747354722468236,56.98810776678018,-0.10919917658049856,0,0.05859389410331904,1
l_shape_partial_overlap_hard_mixed,partial_overlap,1170,528,0.01095768828686158,0.006784009509067134,0.976011012649604,46.83534904761976,-0.2915206607248807,1,0.04227007358029187,1
l_shape_partial_overlap_hard_mixed,partial_overlap,1171,2680,0.032430522060867814,0.024991575549858328,0.9982374633618263,55.37321690627447,0.15168441140634326,1,0.04923459681776771,1
l_shape_partial_overlap_hard_mixed,partial_overlap,1172,998,0.047409862726026875,0.024932584273274758,0.9671698358397778,59.64571110508693,-0.12432237281917234,0,0.07572445357571522,1
l_shape_partial_overlap_hard_mixed,partial_overlap,1174,542,0.03713218857523574,0.017421506506405296,0.9987235026607326,49.31554499532494,-0.014888601779472484,1,0.012938819165799798,1
l_shape_partial_overlap_hard_mixed,partial_overlap,1175,1899,0.019725416460314338,0.0016599262869303232,0.9517331408003207,51.43188094767506,0.025933366788418247,1,0.05215106195344218,1
l_shape_partial_overlap_hard_mixed,partial_overlap,1176,2481,0.025358189690353704,0.007399916094970819,0.9730059546880655,77.58939564682353,-0.033350654654813794,1,0.07287860872124449,1
l_shape_partial_overlap_hard_mixed,partial_overlap,1178,1738,0.021226341707748373,0.006122254366606701,0.9633252714969806,60.864938210839455,0.09080962529319975,1,0.032277366641935486,1
l_shape_partial_overlap_hard_mixed,partial_overlap,1180,683,0.03363365243178089,0.009744585957261787,0.7059738583747465,130.52972764324585,-0.10586033001110641,0,0.047428950039275566,1
l_shape_partial_overlap_hard_mixed,partial_overlap,1181,2960,0.022157105971255475,0.014921911192932453,0.9938966872158211,78.08132036589055,0.056374345238246505,1,0.07018391696787438,1
l_shape_partial_overlap_hard_mixed,partial_overlap,1182,789,0.08218539571108033,0.07055612863243739,0.9926065867908308,37.92546204829905,0.0747234336961059,0,0.007570843084566645,1
l_shape_partial_overlap_hard_mixed,partial_overlap,1184,2974,0.00996814937718442,0.0013223676111600272,0.9992672229595565,87.66234562625047,-0.2950230893585148,1,0.05594865804273968,1
l_shape_partial_overlap_hard_mixed,partial_overlap,1186,1502,0.021206862958282623,0.0038835710513748668,0.9942466838957129,71.35296651310888,-0.9469257291182329,1,0.05822275850263512,1
l_shape_partial_overlap_hard_mixed,partial_overlap,1187,1620,0.07259853861608519,0.0723838806116144,0.9969606429501372,36.3786576518412,-0.11856694660325011,0,0.04030155634561147,1
l_shape_partial_overlap_hard_mixed,partial_overlap,1188,2611,0.04127188288623338,0.014809880975958619,0.9245897193278172,92.58565384133689,0.11394412473399235,1,0.16320858479871092,0
l_shape_partial_overlap_hard_mixed,partial_overlap,1189,980,0.04421540435098291,0.004770201089238575,0.8764747217225796,85.86954736543309,0.226273214209736,0,0.06636605340423887,1
l_shape_partial_overlap_hard_mixed,partial_overlap,1190,631,0.04610805292884836,0.042094314967276864,0.8926159589991443,64.46777343719228,0.07472347119601185,1,0.13632891934142766,0
l_shape_partial_overlap_hard_mixed,partial_overlap,1191,325,0.07120806007137971,0.06671936450708713,0.9982843603090568,87.17503994290331,-0.1928715364640889,1,0.048299184154779795,1
l_shape_partial_overlap_hard_mixed,partial_overlap,1192,2332,0.020687828916676008,0.015555676608011172,0.9947996099695893,42.412076696658374,-0.17581884942660406,1,0.09333620402080454,0
l_shape_partial_overlap_hard_mixed,partial_overlap,1193,3017,0.023883116242356717,0.01998779289288329,0.991387382360729,59.427182262276645,-0.17311250246481916,0,0.011498259884842673,1
l_shape_partial_overlap_hard_mixed,partial_overlap,1194,2016,0.046687956565901245,0.014458136765829115,0.9941960086036734,34.382790462203396,0.01588303210375144,1,0.03341260299675979,1
l_shape_partial_overlap_hard_mixed,partial_overlap,1195,1681,0.015522715697365203,0.003259810863789659,0.9980452003630067,41.03186389802836,-0.010269657079520125,1,0.017969382419295542,1
l_shape_partial_overlap_hard_mixed,partial_overlap,1197,1189,0.05531364735251359,0.04521977585288588,0.9853878351493341,88.77815942646916,0.1743531966687958,0,0.08552142039721886,0
l_shape_partial_overlap_hard_mixed,partial_overlap,1199,2717,0.012245779350256421,0.010878022602990612,0.9771427802829382,90.33220374056867,-0.08779531161072071,1,0.057883497432874076,1
l_shape_partial_overlap_hard_mixed,partial_overlap,1201,925,0.08171286033269415,0.07852499848538151,0.9996888988248056,102.43181515631427,-0.053109757132217876,1,0.05946154948684431,1
l_shape_partial_overlap_hard_mixed,partial_overlap,1203,1285,0.04153626863537432,0.019844522282827237,0.9917944415377812,50.0586818352992,-0.33766165849279217,0,0.10772875689460376,0
l_shape_partial_overlap_hard_mixed,partial_overlap,1204,2378,0.02902030743321734,0.012810139421364474,0.7187292717312477,107.1040585311919,0.1392619590002588,0,0.09661012815818153,0
l_shape_partial_overlap_hard_mixed,partial_overlap,1206,1095,0.03657036559447711,0.00865106392373875,0.8631489302278991,79.45817308909658,-0.07045841432427155,0,0.0980316624138493,0
l_shape_partial_overlap_hard_mixed,partial_overlap,1207,12,0.07809442831782715,0.06794841499570138,0.9973455877527967,77.13058387680218,-0.0018165285340566149,0,0.06129541631440008,1
l_shape_partial_overlap_hard_mixed,partial_overlap,1208,2159,0.062273831625812216,0.05452456482951165,0.6336565568114461,57.255427073616836,-0.030636937054516686,0,0.11173515553850556,0
l_shape_partial_overlap_hard_mixed,partial_overlap,1210,466,0.09933696339967046,0.09636468762335565,0.9986089930611508,55.68101102132466,-0.0018165285340566149,1,0.06726747481541062,1
l_shape_partial_overlap_hard_mixed,partial_overlap,1211,2690,0.08633251868826754,0.08248425102822692,0.37453475677693754,86.17131017984683,-0.18924179130542496,0,0.0907197395210154,0
l_shape_partial_overlap_hard_mixed,partial_overlap,1213,577,0.03129119508043445,0.014556505536647932,0.9956283867556176,53.93478008051194,-0.0032379927399935,1,0.054918025349292965,1
l_shape_partial_overlap_hard_mixed,partial_overlap,1214,1149,0.04118282973751738,0.037217075959705796,0.9973004604825071,30.123061480157705,-0.09962977547269398,0,0.01323078484347116,1
l_shape_partial_overlap_hard_mixed,partial_overlap,1215,2565,0.04796311084762042,0.04366895688491408,0.9989901984277305,66.60572198051361,0.2231433013144909,1,0.11010681175749785,0
l_shape_partial_overlap_hard_mixed,partial_overlap,1216,1061,0.07718856345274415,0.07628301258155065,0.41226467963494057,99.12059906438606,-0.23180135318805384,0,0.15234429578815975,0
l_shape_partial_overlap_hard_mixed,partial_overlap,1218,79,0.04121672365547383,0.035485337606100884,0.9988194011537478,57.642605352875606,0.1743531966687958,0,0.05756818085838929,1
l_shape_partial_overlap_hard_mixed,partial_overlap,1219,1672,0.03944032573279011,0.016427819163954364,0.5923877662358908,59.40218934287516,-0.0794270598218667,1,0.11771494692391209,0
l_shape_partial_overlap_hard_mixed,partial_overlap,1221,351,0.11591021351651391,0.10963464653096837,0.9967777475987956,55.96493859256778,-0.10586026932280505,0,0.035657792791665005,1
l_shape_partial_overlap_hard_mixed,partial_overlap,1222,1974,0.02786213947386689,0.022689389861703938,0.9979638688624067,36.21333102962008,0.0057306687566104336,1,0.03948343901295063,1
l_shape_partial_overlap_hard_mixed,partial_overlap,1223,1929,0.0554403116316494,0.04031714697654993,0.9217541881514119,54.09997335855484,-0.22252782892044606,0,0.03868687561135375,1
l_shape_partial_overlap_hard_mixed,partial_overlap,1226,964,0.09546719424214972,0.09245917389305956,0.9960549222475114,62.329997271272696,-0.06140855615903095,0,0.05548877511293996,1
l_shape_partial_overlap_hard_mixed,partial_overlap,1228,1347,0.023898280081835525,0.021159074543356346,0.9954527833210324,29.5589501979456,-0.12432237281917234,1,0.04499274358903076,1
l_shape_partial_overlap_hard_mixed,partial_overlap,1229,2935,0.032280763989906515,0.029648324804161432,0.9955016203833981,57.75717927060561,-0.04833648139847134,1,0.016745248212129183,1
l_shape_partial_overlap_hard_mixed,partial_overlap,1233,503,0.053501207849306724,0.05185535849214679,0.8615872889332787,93.37227949189727,-0.14841983845179404,0,0.06984805539551452,1
l_shape_partial_overlap_hard_mixed,partial_overlap,1235,542,0.04144769294365946,0.007635096641008408,0.9828676791291413,53.29246083803146,-0.17740740333617214,0,0.07613019347323875,1
l_shape_partial_overlap_hard_mixed,partial_overlap,1237,98,0.052927993528900624,0.051728685096492255,0.9657129204956217,56.1182668343243,0.11728304032500077,1,0.06725910903997016,1
l_shape_partial_overlap_hard_mixed,partial_overlap,1238,1445,0.03168889182764103,0.010747399322191074,0.9969139983673023,43.80671185183754,-0.3202700136898637,0,0.01751807806021137,1
l_shape_partial_overlap_hard_mixed,partial_overlap,1239,279,0.049875643769364895,0.036610862178943736,0.9797259151297679,51.65713047890259,0.04829023788559933,0,0.1432000103142376,0
l_shape_partial_overlap_hard_mixed,partial_overlap,1240,2193,0.02609603968064036,0.009045916793461159,0.9824136452984387,49.88207584648539,-0.1861601436426242,0,0.09716728251147924,0
l_shape_partial_overlap_hard_mixed,partial_overlap,1241,2524,0.026031704603997136,0.001503765851866859,0.9808263199572704,45.458607907188394,0.32603772606433495,1,0.0265428201051737,1
l_shape_partial_overlap_hard_mixed,partial_overlap,1244,1640,0.018112500933461832,0.006704373137992208,0.9654941179360834,100.7707261659169,0.226273214209736,1,0.040837068150302594,1
l_shape_partial_overlap_hard_mixed,partial_overlap,1245,1305,0.014105825628320615,0.012787403459984773,0.9990563625667461,58.74649678905781,-0.12310211315968177,1,0.024011023087942698,1
l_shape_partial_overlap_hard_mixed,partial_overlap,1246,12,0.07567410641202969,0.06874778697299419,0.9946524410858429,48.31368556979709,0.1260166847942061,1,0.01799855092770391,1
l_shape_partial_overlap_hard_mixed,partial_overlap,1247,553,0.039437483224664026,0.01871054101406518,0.9344707647280666,117.89085958061291,-0.030636937054516686,1,0.05084719939487863,1
l_shape_partial_overlap_hard_mixed,partial_overlap,1248,1819,0.014955010995187633,0.012123554208159498,0.9568067341293613,120.97058529635302,-0.07696096706212566,1,0.05380561659908231,1
l_shape_partial_overlap_hard_mixed,partial_overlap,1249,158,0.05518346579954552,0.04882229852813786,0.9936153876853806,47.97596317232362,0.226273214209736,1,0.10730595131136178,0
l_shape_partial_overlap_hard_mixed,partial_overlap,1251,2178,0.029303507126157844,0.027489116208210655,0.9990599677360354,90.56448314357597,-0.6825016472362272,1,0.05663106157825318,1
l_shape_partial_overlap_hard_mixed,partial_overlap,1254,632,0.034159842123392764,0.017645409352888327,0.9973537488788488,37.01806584542192,-0.1928715364640889,1,0.057404917426008846,1
l_shape_partial_overlap_hard_mixed,partial_overlap,1255,1341,0.04182839645948562,0.03685034122650091,0.9985481473372282,47.929985119133626,-0.23180135318805384,1,0.14959745097289148,0
l_shape_partial_overlap_hard_mixed,partial_overlap,1257,694,0.10597044875432952,0.10169314139521654,0.9987831420143394,75.69725135624866,0.03390151000906574,0,0.06690429943549112,1
l_shape_partial_overlap_hard_mixed,partial_overlap,1259,2417,0.04313732105811853,0.039193468112164176,0.9988269702866132,37.16341951838311,-0.3307410174686878,0,0.04533216454551842,1
l_shape_partial_overlap_hard_mixed,partial_overlap,1260,2976,0.10887069366770893,0.10749458780586188,0.9960565568279972,48.80029964104727,0.005730666772488121,1,0.07046271697312367,1
l_shape_partial_overlap_hard_mixed,partial_overlap,1262,2186,0.03553700713276769,0.0034307253943608937,0.4150061516990235,89.3240123954077,-0.033350654654813794,1,0.028773928580269333,1
l_shape_partial_overlap_hard_mixed,partial_overlap,1263,2537,0.03707334171704924,0.02313189633403354,0.9978503184856707,47.52455990387177,-0.43610150812636495,1,0.09415323627437992,0
l_shape_partial_overlap_hard_mixed,partial_overlap,1264,1692,0.05639980018176453,0.053043552388943045,0.9886060523156343,65.16879605421862,-0.10295756799245899,0,0.04842015900418639,1
l_shape_partial_overlap_hard_mixed,partial_overlap,1265,1905,0.10026182852575222,0.08414350114520586,0.9929686443750967,40.79320062179039,-0.014888594636629237,0,0.03859258668129306,1
l_shape_partial_overlap_hard_mixed,partial_overlap,1266,577,0.038286849105146493,0.012843617713920969,0.9970888673824022,75.37243754167203,-0.18016854919911507,0,0.09957977891777525,0
l_shape_partial_overlap_hard_mixed,partial_overlap,1267,1467,0.05892982002322161,0.04579098024822327,0.9880708936758932,80.58452687369827,-0.2560505204238983,0,0.075680688881871,1
l_shape_partial_overlap_hard_mixed,partial_overlap,1269,1395,0.05437576981296465,0.053273403248000645,0.9999963187888073,76.49427375322092,0.03390151834238077,1,0.038306770132361036,1
l_shape_partial_overlap_hard_mixed,partial_overlap,1270,1371,0.057250497519545605,0.04712815468740421,0.9972369770342069,27.25226107741511,-0.3441643540162931,0,0.029260742559239293,1
l_shape_partial_overlap_hard_mixed,partial_overlap,1272,2223,0.05433344102355443,0.03469976486581753,0.8455866505037778,129.99715940259955,-0.3243103626492317,0,0.06610562041408576,1
l_shape_partial_overlap_hard_mixed,partial_overlap,1274,2449,0.08514531454267889,0.06867867000870573,0.994100527093259,60.31173821769475,-0.010269657079520125,0,0.0635557082968671,1
l_shape_partial_overlap_hard_mixed,partial_overlap,1275,961,0.0530343747496693,0.05196736908447196,0.990694433263355,72.35153530254729,0.25704484541439293,1,0.03830125012022329,1
l_shape_partial_overlap_hard_mixed,partial_overlap,1277,2673,0.12906806792418932,0.10804661230403768,0.9810787478370548,37.91329183692398,-0.025817654597878572,0,0.1094248281722592,0
l_shape_partial_overlap_hard_mixed,partial_overlap,1279,1189,0.11673522520289904,0.07298793809515781,0.9850715362198398,100.51048427920516,-0.14841981464232767,0,0.06486993361023348,1
l_shape_partial_overlap_hard_mixed,partial_overlap,1280,536,0.03300530146578967,0.027094918778704527,0.936953137770452,76.65054605199074,0.10751326283623643,0,0.09787137633685931,0
l_shape_partial_overlap_hard_mixed,partial_overlap,1281,2419,0.021416000660048996,0.017514730234201664,0.9936604106301123,158.52320145498035,-0.2735826853279688,1,0.045447305492107806,1
l_shape_partial_overlap_hard_mixed,partial_overlap,1284,2224,0.03256162343666557,0.03207350137830253,0.9958475085585385,49.426275791542245,-0.3441643540162931,1,0.034812665414788696,1
l_shape_partial_overlap_hard_mixed,partial_overlap,1285,729,0.03865367700476563,0.038541266829292424,0.9456658135036624,91.30855878812116,-0.07145888990814764,1,0.058618555230707595,1
l_shape_partial_overlap_hard_mixed,partial_overlap,1286,1293,0.046989753195768154,0.028431816478026933,0.9999870988086994,50.310522529294964,-0.3261009581956744,0,0.03795596270947392,1
l_shape_partial_overlap_hard_mixed,partial_overlap,1287,1654,0.04794339575078017,0.030212552994982815,0.7719713865363008,83.40972931380044,0.040821952853630904,0,0.11832714341420221,0
l_shape_partial_overlap_hard_mixed,partial_overlap,1289,1419,0.027029438893283318,0.020402563795631025,0.991463378139526,137.46419545446923,-0.17089275743504131,1,0.03647628309251999,1
l_shape_partial_overlap_hard_mixed,partial_overlap,1290,1252,0.11711731867137858,0.11594942968502232,0.9989962958408971,56.112281647146915,0.293412393986591,0,0.0581497820541707,1
l_shape_partial_overlap_hard_mixed,partial_overlap,1291,2769,0.04116147713774882,0.03386712485343464,0.9678668094156713,60.265662950888164,-0.22846254826201423,0,0.028300030528583098,1
l_shape_partial_overlap_hard_mixed,partial_overlap,1293,2563,0.07754117501863968,0.07257718913287843,0.9993989797299773,52.99152208237822,-0.1484198671873671,0,0.01977434606296258,1
l_shape_partial_overlap_hard_mixed,partial_overlap,1296,2037,0.02233791101647443,0.011354360366125037,0.38860741442717295,118.31802043855704,-0.14841991209507582,1,0.08396151032412769,0
l_shape_partial_overlap_hard_mixed,partial_overlap,1300,2311,0.022755854294817177,0.019244295817762307,0.8574041009546904,53.4916444045215,-0.36464280803261256,1,0.07771057226867946,1
l_shape_partial_overlap_hard_mixed,partial_overlap,1302,1200,0.04060616691762819,0.03015152097019405,0.9849702231517198,114.78097505408097,-0.02058660997205198,1,0.11656252666412885,0
l_shape_partial_overlap_hard_mixed,partial_overlap,1303,1355,0.08182865588520011,0.07701733047805556,0.9998458612013172,49.63025466213226,-0.3261009581956744,0,0.08748295502514884,0
l_shape_partial_overlap_hard_mixed,partial_overlap,1304,2274,0.04320203867658241,0.028376900033496296,0.6810899179601837,93.33181441472381,-0.011218875309168508,0,0.08816809087084566,0
l_shape_partial_overlap_hard_mixed,partial_overlap,1305,2463,0.013631089611926116,0.011096065554729908,0.999741858545415,31.574955577033645,-0.10189992563060662,1,0.04137621774943047,1
l_shape_partial_overlap_hard_mixed,partial_overlap,1306,651,0.04082521238152592,0.03095997015807602,0.993592886158603,36.8980254760583,-0.2915206607248807,0,0.03468899128359584,1
l_shape_partial_overlap_hard_mixed,partial_overlap,1307,2866,0.03828404201615534,0.037825633121914934,0.955643825376596,61.253742753331295,0.226273214209736,0,0.08038834443545512,0
l_shape_partial_overlap_hard_mixed,partial_overlap,1308,2725,0.028749136952133183,0.005276605360047105,0.997249502470428,37.862640129013634,0.0747234819102775,1,0.008603972669065365,1
l_shape_partial_overlap_hard_mixed,partial_overlap,1309,651,0.0384024278908711,0.013352749250723182,0.9943186129716881,58.77871848753381,-0.2915206607248807,1,0.05340330565588792,1
l_shape_partial_overlap_hard_mixed,partial_overlap,1310,36,0.03212653515722327,0.012807711886898268,0.995889631551665,91.10848079178368,-0.10586026932280505,1,0.08896804286418214,0
l_shape_partial_overlap_hard_mixed,partial_overlap,1311,2897,0.012808015476933535,0.012026488230454577,0.9956242787906618,58.148163774679155,0.005730671307626658,1,0.038338001527629596,1
l_shape_partial_overlap_hard_mixed,partial_overlap,1312,2485,0.034051753933710016,0.024144344227332387,0.9699013370357185,100.13325906521912,-0.006769484363698,1,0.04212653698667887,1
l_shape_partial_overlap_hard_mixed,partial_overlap,1313,2262,0.014199211066251455,0.0035049394759669077,0.9993687629654492,95.2626279985304,0.07472348994597892,1,0.01166215799443244,1
l_shape_partial_overlap_hard_mixed,partial_overlap,1314,1061,0.08096586179138837,0.07990349345378313,0.4174393441697601,98.89645081082803,-0.2762530584467087,0,0.15335577458616026,0
l_shape_partial_overlap_hard_mixed,partial_overlap,1316,1540,0.03144134012214672,0.0310106436984356,0.9825415250525082,47.329475823783454,-0.03922067469178065,1,0.062291614020559424,1
l_shape_partial_overlap_hard_mixed,partial_overlap,1317,1770,0.021381065002455277,0.006575916998555008,0.9980630272802283,42.26205570497605,0.03390151000906574,1,0.011602113596445808,1
l_shape_partial_overlap_hard_mixed,partial_overlap,1319,1058,0.042315396393501105,0.015126082138763507,0.9286567909154904,102.23863425885187,0.20825477096345202,0,0.04388537765920244,1
l_shape_partial_overlap_hard_mixed,partial_overlap,1321,1138,0.052535830191618456,0.0342567512126359,0.9629258346571187,49.147547433270454,-0.21903743319706037,0,0.08683718286433827,0
l_shape_partial_overlap_hard_mixed,partial_overlap,1322,2299,0.04778255904739266,0.04042396777307108,0.7147746511602071,43.100617813221994,-0.18924179130542496,0,0.11411392901045657,0
l_shape_partial_overlap_hard_mixed,partial_overlap,1323,2306,0.1071162214326541,0.09245240624183479,0.9784038419383877,42.01638586717677,0.056374345238246505,0,0.05429557132512687,1
l_shape_partial_overlap_hard_mixed,partial_overlap,1325,943,0.024144632857095668,0.0060053052002479014,0.9911627121471567,73.70372939100538,-0.1714094171062515,1,0.04201162871326216,1
l_shape_partial_overlap_hard_mixed,partial_overlap,1329,1800,0.034315443450106106,0.008759226865336244,0.6518969704416817,64.01987971558574,0.03390151000906574,0,0.1135509355789945,0
l_shape_partial_overlap_hard_mixed,partial_overlap,1332,2661,0.04267607183061536,0.04258938708152897,0.9575118620848628,51.53018002611091,-0.07431198351403495,0,0.06179785711486838,1
l_shape_partial_overlap_hard_mixed,partial_overlap,1336,869,0.03777085637239132,0.0004669649478168971,0.9932769257603485,50.693208053533915,-0.025817654597878572,0,0.00921741619948071,1
l_shape_partial_overlap_hard_mixed,partial_overlap,1338,1349,0.029464481921052645,0.027164167244467085,0.9920079111807614,54.16923916132026,-0.17373769451290083,1,0.040425292755416856,1
l_shape_partial_overlap_hard_mixed,partial_overlap,1339,1076,0.04382329220316558,0.026224685779783014,0.9992579930369424,36.42152014238615,-0.07145888990814764,0,0.01307125034522033,1
l_shape_partial_overlap_hard_mixed,partial_overlap,1340,853,0.012112365965990595,0.00329842670855867,0.9344858394758344,111.88931069749,-0.2762530584467087,1,0.05454241763351687,1
l_shape_partial_overlap_hard_mixed,partial_overlap,1341,1140,0.05047664953938714,0.03019213791698809,0.9997203368680782,67.88136869690224,0.1743531966687958,0,0.12626562999986068,0
l_shape_partial_overlap_hard_mixed,partial_overlap,1343,781,0.04770572936270341,0.021160773124060756,0.9682432386984344,104.16920958526345,0.2410445066514014,0,0.07035305049624797,1
l_shape_partial_overlap_hard_mixed,partial_overlap,1344,549,0.0348353459045225,0.03100039672675736,0.8926428474100845,148.30374427799234,-0.14841991420923828,0,0.04867447862770739,1
l_shape_partial_overlap_hard_mixed,partial_overlap,1345,1829,0.12450831909172425,0.1165167362042064,0.9949153525523048,66.82850125730853,0.04263517672459831,0,0.07088567037128599,1
l_shape_partial_overlap_hard_mixed,partial_overlap,1346,2416,0.033178056044027966,0.019262717302023197,0.8753920803254993,124.40781219846247,-0.7545545283878331,1,0.01773393952032861,1
l_shape_partial_overlap_hard_mixed,partial_overlap,1347,1432,0.06757848792754907,0.06205820469739901,0.9970853369333614,62.02468784836257,0.19642021891890543,0,0.059965025824827344,1
l_shape_partial_overlap_hard_mixed,partial_overlap,1348,1505,0.09818914635313673,0.09332725395127073,0.9974558386968672,68.06583576552474,-0.1928715364640889,0,0.020875843465093243,1
l_shape_partial_overlap_hard_mixed,partial_overlap,1349,2085,0.031325646468286644,0.015736078587232256,0.9833776361862633,82.54456740910042,0.327003388424347,1,0.03768987906652944,1
l_shape_partial_overlap_hard_mixed,partial_overlap,1351,487,0.03603173626876663,0.028156890959516942,0.9300336177156395,59.02975756789447,0.08115437366440634,0,0.0491737291198016,1
l_shape_partial_overlap_hard_mixed,partial_overlap,1352,79,0.040041588713835,0.030221809063445314,0.9973299463711903,65.58474949625536,0.13926191257177525,0,0.030732166385177055,1
l_shape_partial_overlap_hard_mixed,partial_overlap,1354,1665,0.06406972410618021,0.06250898662398181,0.9939560356106606,45.0177130396985,-0.40331194426343486,0,0.04309937907220856,1
l_shape_partial_overlap_hard_mixed,partial_overlap,1355,2290,0.07388601747293312,0.07030680790849358,0.9983383767041507,63.84528955787505,0.27443652991265216,1,0.06272337678786058,1
l_shape_partial_overlap_hard_mixed,partial_overlap,1356,3044,0.03937040181325394,0.03814867650117809,0.9038477010130892,41.349478967066716,0.03879150899284865,1,0.07044149652867998,1
l_shape_partial_overlap_hard_mixed,partial_overlap,1357,2991,0.022415546061007433,0.00957120071504499,0.9985506054268666,30.040622600097,-0.03400962773252297,1,0.04184580109232853,1
l_shape_partial_overlap_hard_mixed,partial_overlap,1358,2483,0.015981642714648678,0.01254922848981506,0.9033187229080936,70.86184155966558,-0.014888601779472484,1,0.03814494415179829,1
l_shape_partial_overlap_hard_mixed,partial_overlap,1361,2847,0.08432200967526353,0.06943978111818364,0.9942377592352437,55.92493106901666,-0.06837722372686757,0,0.14071057260371636,0
l_shape_partial_overlap_hard_mixed,partial_overlap,1362,3010,0.05239504805079139,0.03122741970287574,0.9950879022255747,42.157075717753514,-0.0350912840970206,0,0.0574437237895492,1
l_shape_partial_overlap_hard_mixed,partial_overlap,1363,2887,0.02841972126683341,0.0024615838052181316,0.9686055325024183,47.037552969699554,-0.08524105513829533,0,0.04774686501077693,1
l_shape_partial_overlap_hard_mixed,partial_overlap,1364,525,0.05388558513648096,0.0039058527163022203,0.8579287251638902,89.95725923865295,-0.48489168459728166,0,0.08397307365545964,0
l_shape_partial_overlap_hard_mixed,partial_overlap,1365,1825,0.03893262660958475,0.010213460472212936,0.7562621001655676,40.68417276572531,-0.07145888990814764,0,0.12524149623488312,0
l_shape_partial_overlap_hard_mixed,partial_overlap,1366,312,0.1189328897336705,0.11710502402491609,0.9946084149688471,45.30520472210249,0.38220784888549086,0,0.04457692085153133,1
l_shape_partial_overlap_hard_mixed,partial_overlap,1367,2019,0.02093470703252802,0.019577305227190065,0.989820319410098,130.46842859277263,0.23934524581563146,0,0.03311234498353053,1
l_shape_partial_overlap_hard_mixed,partial_overlap,1369,1567,0.004962879466269896,0.003786225889741448,0.9768629332517036,61.0495516197365,-0.08589957580073433,1,0.06459709879682918,1
l_shape_partial_overlap_hard_mixed,partial_overlap,1370,75,0.030613737510785475,0.008677690253652,0.9525472204712232,86.52094863985847,-0.10919917658049856,0,0.11615234932925173,0
l_shape_partial_overlap_hard_mixed,partial_overlap,1371,2362,0.049897433323216986,0.039502123318579184,0.9985380051200526,62.770485900292485,-0.1484198312054339,0,0.05109838097764958,1
l_shape_partial_overlap_hard_mixed,partial_overlap,1374,1259,0.04544445879086754,0.04341069081634352,0.528144219404087,43.35925804254258,0.15007283196522547,0,0.09639602693058291,0
l_shape_partial_overlap_hard_mixed,partial_overlap,1375,487,0.006422916888041871,0.002462900143383091,0.8708920389893149,75.6792948924989,0.22425511815984925,1,0.06476147136070691,1
l_shape_partial_overlap_hard_mixed,partial_overlap,1378,924,0.04558418918183125,0.03666496585264487,0.9604639151644172,108.04564392200703,-0.0350912840970206,0,0.0935338117395023,0
l_shape_partial_overlap_hard_mixed,partial_overlap,1379,710,0.02826948759095931,0.022973237410931085,0.9983142727920299,59.22925091288867,0.16173475348877484,1,0.07212087155891095,1
l_shape_partial_overlap_hard_mixed,partial_overlap,1380,2076,0.12168071380055868,0.11898515428882721,0.9967055435285749,59.97861271247062,-0.008658051873563024,0,0.052279966215379926,1
l_shape_partial_overlap_hard_mixed,partial_overlap,1382,2227,0.023135994880679824,0.014858911603719322,0.9959461783670908,28.734286871437487,-0.030636937054516686,1,0.011085889861106438,1
l_shape_partial_overlap_hard_mixed,partial_overlap,1383,2805,0.03706732638792457,0.02818595545801247,0.9937764661434765,30.159789827736162,0.06669130998260557,1,0.049421986979517524,1
l_shape_partial_overlap_hard_mixed,partial_overlap,1385,813,0.05802631205214418,0.04898110078748404,0.024534542984714334,84.99290337872945,0.07472348994597892,0,0.11483898060914047,0
l_shape_partial_overlap_hard_mixed,partial_overlap,1386,2662,0.12931443732954723,0.11684899768067326,0.9679626648442055,75.56475255611431,0.11394412473399235,0,0.07769161933336617,1
l_shape_partial_overlap_hard_mixed,partial_overlap,1387,2552,0.0516880206491653,0.03722812706348362,0.9915971414552059,27.390241999941072,0.09843997906334181,0,0.008273062468434728,1
l_shape_partial_overlap_hard_mixed,partial_overlap,1389,536,0.05408627324154237,0.021099301285453665,0.9002545405555384,82.31718366805868,0.040821952853630904,0,0.12515544115847052,0
l_shape_partial_overlap_hard_mixed,partial_overlap,1390,2661,0.06320719636449865,0.05104625611333479,0.984652535426716,35.16130346937339,-0.174395369389366,0,0.057275111570552574,1
l_shape_partial_overlap_hard_mixed,partial_overlap,1391,1543,0.03402086045002296,0.024178930606113168,0.7659646104048735,63.77614556721186,-0.07431195878880122,0,0.11781064292008826,0
l_shape_partial_overlap_hard_mixed,partial_overlap,1392,2585,0.0664861648400839,0.06564941431520802,0.999812472577496,33.43305866618199,-0.1484198622612682,1,0.0564036738494687,1
l_shape_partial_overlap_hard_mixed,partial_overlap,1393,1293,0.04362910674754769,0.03938604151057601,0.999579175033719,49.23779780076232,-0.2987020057793144,0,0.013058439048146627,1
l_shape_partial_overlap_hard_mixed,partial_overlap,1394,290,0.03036891933889853,0.0036176089197853412,0.9938798201204413,42.71574702279726,-0.1237273102108836,0,0.009785847486325812,1
l_shape_partial_overlap_hard_mixed,partial_overlap,1397,1736,0.03395747917967938,0.033038676478571546,0.9990004398745095,51.49212769060532,0.018634058565895624,1,0.03969842578275658,1
l_shape_partial_overlap_hard_mixed,partial_overlap,1399,1355,0.05150835142185175,0.03551708348512781,0.9919461561071473,48.64971391835442,-0.12543040919806253,0,0.09566072339964032,0
l_shape_partial_overlap_hard_mixed,partial_overlap,1400,978,0.01878555800283738,0.012763286268638476,0.9963006967458179,51.148539261964984,-0.14841979459225677,1,0.028230125105058405,1
l_shape_partial_overlap_hard_mixed,partial_overlap,1402,22,0.03760494032595364,0.02227190394555575,0.9973145284937575,65.84299490215356,-0.4485240734951597,0,0.06841867997465122,1
l_shape_partial_overlap_hard_mixed,partial_overlap,1404,2991,0.025384056374073607,0.01112331214927736,0.9726888462574957,66.64505059579773,-0.007341401276234918,0,0.06869601792326274,1
l_shape_partial_overlap_hard_mixed,partial_overlap,1405,1309,0.04645765261852261,0.028214028873292694,0.998630653253845,141.22971319596894,-0.7902723070834811,1,0.033335529260967056,1
l_shape_partial_overlap_hard_mixed,partial_overlap,1407,2843,0.02306391847579707,0.01297773377944631,0.9991738112266753,62.87585451792436,-0.199713023190418,1,0.08188367776609923,0
l_shape_partial_overlap_hard_mixed,partial_overlap,1408,27,0.008707247554449737,0.003328730546238863,0.9929956610249523,77.30043978750851,0.10289430676064813,1,0.0740467563216415,1
l_shape_partial_overlap_hard_mixed,partial_overlap,1409,2604,0.04769089684864883,0.042418616437360966,0.998989766238155,46.86652402735574,-0.06503832313582608,1,0.09993285325962015,0
l_shape_partial_overlap_hard_mixed,partial_overlap,1410,171,0.017760567534766944,0.004002157961646688,0.9828042291240681,47.24622293316578,-0.12175167055395592,1,0.032559851307459066,1
l_shape_partial_overlap_hard_mixed,partial_overlap,1411,905,0.09655936941201473,0.09593062695485235,0.9983787288989354,58.01895752649177,-0.199713023190418,0,0.05490366547872683,1
l_shape_partial_overlap_hard_mixed,partial_overlap,1413,1319,0.027422858672075834,0.024709006914902538,0.986451214234089,80.4261932133907,0.0339015308423607,0,0.09124220649282519,0
l_shape_partial_overlap_hard_mixed,partial_overlap,1415,3049,0.0588951806221286,0.0518214284481716,0.9228615181642951,129.33428310652016,0.1743531966687958,0,0.14478061915214502,0
l_shape_partial_overlap_hard_mixed,partial_overlap,1419,2114,0.09646581199793292,0.09413343563157023,0.9975604066713087,80.37942829133598,0.3370873635486416,0,0.06749456711270226,1
l_shape_partial_overlap_hard_mixed,partial_overlap,1422,2950,0.010192858988748287,0.0022993777575643116,0.9191451920152156,114.39260231331434,0.3822079812382003,1,0.04306151564692301,1
l_shape_partial_overlap_hard_mixed,partial_overlap,1423,2662,0.12426485333951455,0.11397515875964778,0.9679626648442025,75.75260198969144,0.11394412473399235,0,0.07874394067107045,1
l_shape_partial_overlap_hard_mixed,partial_overlap,1424,829,0.030417730076786508,0.0015237604193193998,0.9946456554138999,75.65381636516273,0.04829023788559933,0,0.09157590049729325,0
l_shape_partial_overlap_hard_mixed,partial_overlap,1425,940,0.05854431620872815,0.057295082868272784,0.8537698390412,147.49035703965296,-0.025817654597878572,0,0.10492247850252645,0
l_shape_partial_overlap_hard_mixed,partial_overlap,1426,637,0.03896634523741887,0.013388950054244089,0.9892115489437435,50.62630978937008,-0.10759789226481506,1,0.03769817220119329,1
l_shape_partial_overlap_hard_mixed,partial_overlap,1427,504,0.03412778198101244,0.03366113640728479,0.9509254955012689,118.02378236236432,-0.14841984511844597,1,0.0950156873684946,0
l_shape_partial_overlap_hard_mixed,partial_overlap,1429,2499,0.029283520331567055,0.020976114451297087,0.9970970633379168,27.52531311031108,-0.03400962773252297,0,0.07092661453497225,1
l_shape_partial_overlap_hard_mixed,partial_overlap,1434,1808,0.07231915059451022,0.07163011335108875,0.9926234940973134,81.9531646469081,-0.2174127416846739,0,0.06769838355305376,1
l_shape_partial_overlap_hard_mixed,partial_overlap,1436,1047,0.020905152827980614,0.011580936928337292,0.9371044120291947,84.38358917487037,-0.1791915151109083,1,0.05667398767298393,1
l_shape_partial_overlap_hard_mixed,partial_overlap,1437,2891,0.13883920367308564,0.12595117544419016,0.9799516487693762,37.940204130200925,-0.1039681180416598,0,0.04272862660007915,1
l_shape_partial_overlap_hard_mixed,partial_overlap,1438,31,0.023464782230952767,0.007854948030588638,0.9989347586279302,53.97353978783882,-0.1484198671873671,1,0.04734536587065955,1
l_shape_partial_overlap_hard_mixed,partial_overlap,1439,1633,0.06897902557489372,0.06620774502782119,0.9743291976270106,54.065854509464195,-0.0350912840970206,0,0.13031664565808007,0
l_shape_partial_overlap_hard_mixed,partial_overlap,1440,2194,0.021931115941228253,0.02147455157385514,0.8219547308231303,58.75541911686439,0.11728304032500077,1,0.07763275462643027,1
l_shape_partial_overlap_hard_mixed,partial_overlap,1442,1425,0.04440985114832414,0.031980371894922165,0.9435250602755135,66.10418877070953,-0.057448156519258005,0,0.08528608693582315,0
l_shape_partial_overlap_hard_mixed,partial_overlap,1443,2916,0.00447612115139025,0.004280583420083485,0.995623684009257,59.54285402328054,0.033901523897926306,1,0.04567624402898847,1
l_shape_partial_overlap_hard_mixed,partial_overlap,1444,1800,0.06429673529646716,0.0526530095981794,0.4083002403398859,33.504014769924474,0.11394412473399235,0,0.1376696135817768,0
l_shape_partial_overlap_hard_mixed,partial_overlap,1447,891,0.07390875921228142,0.06824742196203815,0.9924986880099911,118.96700192400411,-0.3154737331384893,1,0.06930309376074596,1
l_shape_partial_overlap_hard_mixed,partial_overlap,1448,638,0.05193317648376152,0.044095384271572245,0.9946106636657884,46.34183104347753,-0.21295834083933982,0,0.025960079340506825,1
l_shape_partial_overlap_hard_mixed,partial_overlap,1449,401,0.031540574888131695,0.006581498166555944,0.9929591944906717,34.9329418888638,0.05225065499036653,0,0.02334682007810689,1
l_shape_partial_overlap_hard_mixed,partial_overlap,1451,1597,0.07714804623313123,0.06857447413533964,0.9802327659827157,39.531307074345506,-0.01488859910090564,0,0.040443663884907936,1
l_shape_partial_overlap_hard_mixed,partial_overlap,1452,1019,0.033731886949779334,0.018636667523657526,0.9956139645782174,35.714700439854,-0.48489192337235243,1,0.06932531836677756,1
l_shape_partial_overlap_hard_mixed,partial_overlap,1453,1564,0.04415452894968882,0.041907055488956624,0.819687108839442,95.96553487391613,0.27443652991265216,0,0.0839902000415129,0
l_shape_partial_overlap_hard_mixed,partial_overlap,1454,2639,0.061316394049905396,0.037572507315314835,0.9612677188574377,78.01554646957038,-0.18764051981022664,0,0.07131687736676953,1
l_shape_partial_overlap_hard_mixed,partial_overlap,1456,1927,0.03981968428129482,0.024495990127174058,0.9989936796331736,59.43974925030086,0.21930459267101388,0,0.02429624709058451,1
l_shape_partial_overlap_hard_mixed,partial_overlap,1457,2041,0.05914288217555942,0.05417467359243305,0.9612555377158205,57.42639094568538,-0.2987020057793144,0,0.0855759774961926,0
l_shape_partial_overlap_hard_mixed,partial_overlap,1458,2508,0.07331491513435774,0.07175804566369891,0.99531176654563,42.5685501468303,-0.14841983845179404,0,0.022284687004049362,1
l_shape_partial_overlap_hard_mixed,partial_overlap,1460,2052,0.04377907120174392,0.04093603935528061,0.9927460218281309,35.211646366750806,0.04829023788559933,1,0.09917304714613324,0
l_shape_partial_overlap_hard_mixed,partial_overlap,1461,63,0.097836262268548,0.09565687196726348,0.9993290264966007,107.73397650093958,-0.14841980511854327,0,0.06657908184461853,1
l_shape_partial_overlap_hard_mixed,partial_overlap,1463,941,0.08474922151161036,0.07590717861197224,0.9963454437524941,52.75766849503335,-0.10759789226481506,0,0.023416752818122076,1
l_shape_partial_overlap_hard_mixed,partial_overlap,1464,3024,0.08993587419573487,0.08255654131663585,0.9983116372698813,106.26381305975504,-0.09962970999663263,1,0.07596749074897581,1
l_shape_partial_overlap_hard_mixed,partial_overlap,1466,2804,0.032652323424949364,0.01239191684310315,0.9887161850399979,42.91758170043266,-0.174395369389366,0,0.014583796217349206,1
l_shape_partial_overlap_hard_mixed,partial_overlap,1467,1474,0.09549095441149502,0.08735999629243449,0.9993239669477234,107.69993640470108,0.18805201721747017,0,0.015541899933853664,1
l_shape_partial_overlap_hard_mixed,partial_overlap,1470,1190,0.040052667990439834,0.03404441960306965,0.8362958190629004,84.22990342338046,0.24244606955361991,1,0.15983921248139857,0
l_shape_partial_overlap_hard_mixed,partial_overlap,1471,641,0.04687809371498442,0.034792733952273364,0.9975634997298989,73.69356478196529,0.0651540200882974,0,0.1466868093913755,0
l_shape_partial_overlap_hard_mixed,partial_overlap,1473,2959,0.031380495152312844,0.022583495206773815,0.9943924117040558,78.98051264886442,-0.14841988747130802,1,0.07830242872379044,1
l_shape_partial_overlap_hard_mixed,partial_overlap,1474,36,0.04466076967556998,0.03466295179555172,0.9853586622162591,90.91130237177707,0.011922632074472318,0,0.09713239844558727,0
l_shape_partial_overlap_hard_mixed,partial_overlap,1476,2798,0.055065964616049165,0.050817804977850885,0.9986288242093588,61.56573923534585,-0.030636937054516686,1,0.08444467863001964,0
l_shape_partial_overlap_hard_mixed,partial_overlap,1477,504,0.035696713803447154,0.027618844773605357,0.9710282732375467,121.54164915700215,0.0,0,0.11936549288267588,0
l_shape_partial_overlap_hard_mixed,partial_overlap,1479,2155,0.048985078425186866,0.04587847034770527,0.9902603157212841,45.95376550831393,-0.2576190437678657,1,0.10756931603093459,0
l_shape_partial_overlap_hard_mixed,partial_overlap,1480,2264,0.04200525091857319,0.027923376675116792,0.9900909084403152,76.02487730408717,-0.38022122037542105,1,0.09278573347458782,0
l_shape_partial_overlap_hard_mixed,partial_overlap,1481,600,0.041067574804938445,0.0398581187249433,0.9981141041094395,36.54055132186583,0.03390151000906574,1,0.021456590965669774,1
l_shape_partial_overlap_hard_mixed,partial_overlap,1483,998,0.04432788844382012,0.03572578939142029,0.9631179610476912,66.89485166160703,-0.14841990755736187,0,0.07436730737602774,1
l_shape_partial_overlap_hard_mixed,partial_overlap,1484,2293,0.030057773178017527,0.026318318714174272,0.9853773019421622,79.51356169677052,0.3411278398952577,1,0.14824116101484797,0
l_shape_partial_overlap_hard_mixed,partial_overlap,1485,90,0.03915388229930022,0.03097004886729569,0.9713352834721705,76.42499665431528,-0.1938822603320546,0,0.05236580134335082,1
l_shape_partial_overlap_hard_mixed,partial_overlap,1486,1145,0.026414799661754473,0.02451486172337881,0.999478232125516,38.44684518979104,-0.4426592051545682,1,0.04546479158849733,1
l_shape_partial_overlap_hard_mixed,partial_overlap,1488,1638,0.09693380382983507,0.09653962838940801,0.9976670777401109,50.124296485320194,0.21930450150311315,1,0.055701130923766204,1
l_shape_partial_overlap_hard_mixed,partial_overlap,1489,1906,0.05152852973425702,0.04353363695716473,0.9887979125614995,59.85617464699099,-0.14841990255424173,0,0.013891594250861476,1
l_shape_partial_overlap_hard_mixed,partial_overlap,1490,858,0.030008554262504254,0.013779367273119413,0.9429939766767432,59.86613314642666,-0.008658057308335352,1,0.04260550252736021,1
l_shape_partial_overlap_hard_mixed,partial_overlap,1492,1800,0.03303468039223123,0.02602531823839066,0.8671295922042688,98.86723511796133,0.07472345619604473,0,0.0841910907248188,0
l_shape_partial_overlap_hard_mixed,partial_overlap,1494,2769,0.018791432734494188,0.0026631350632472127,0.9594703374594861,63.38210644479963,-0.005319158058798757,0,0.04578729415353148,1
l_shape_partial_overlap_hard_mixed,partial_overlap,1495,2635,0.03534125340284107,0.026847987784327267,0.9936662944669709,78.81044355921617,-0.17740740333617214,1,0.06607307277599427,1
l_shape_partial_overlap_hard_mixed,partial_overlap,1497,2633,0.05989112745727714,0.029308793656305593,0.9919864862114274,38.19838916590784,0.12921161026799896,0,0.026332997625096874,1
l_shape_partial_overlap_hard_mixed,partial_overlap,1499,2251,0.070713016674766,0.06909628361898315,0.7174793146812084,86.20946324708719,-0.2576190437678657,0,0.12692174633449538,0
l_shape_partial_overlap_hard_mixed,partial_overlap,1500,253,0.031011709694925595,0.008011266992014012,0.9961925178428459,52.769505046710734,0.0186340655588895,1,0.07074528103457202,1
l_shape_partial_overlap_hard_mixed,partial_overlap,1502,1563,0.043821697954174524,0.0014142220288379014,0.9763640557191906,83.11003487359885,-0.1928715364640889,0,0.06276632719612815,1
l_shape_partial_overlap_hard_mixed,partial_overlap,1503,229,0.04081397554743329,0.039685659304455605,0.9896665592488805,32.83563056539154,-0.03719434214429282,0,0.0372274155025451,1
l_shape_partial_overlap_hard_mixed,partial_overlap,1504,1139,0.016071331099352167,0.007224397425168859,0.8725297417595562,75.17076406046655,-0.011844462847347898,1,0.06162226459318618,1
l_shape_partial_overlap_hard_mixed,partial_overlap,1505,2891,0.08545557038883843,0.06858293045989572,0.7691148704197566,92.72060395358366,-0.02058660997205198,0,0.0877781341088188,0
l_shape_partial_overlap_hard_mixed,partial_overlap,1508,679,0.10791599259986186,0.10367397188215174,0.999380771973756,121.02745594758196,0.10289430676064813,0,0.06402936633695393,1
l_shape_partial_overlap_hard_mixed,partial_overlap,1510,1058,0.0308382585273606,0.00669686977639619,0.7782713330909145,115.97690641142367,0.13029328827747955,0,0.09314939954419595,0
l_shape_partial_overlap_hard_mixed,partial_overlap,1512,65,0.04811497117586523,0.004776752764735483,0.9967401829412037,32.25525076115811,0.1278332351463941,0,0.027224825497397374,1
l_shape_partial_overlap_hard_mixed,partial_overlap,1514,1643,0.03157117684424484,0.02260407429828909,0.994477389950757,54.6473894918081,-0.06837722372686757,0,0.0468621374963872,1
l_shape_partial_overlap_hard_mixed,partial_overlap,1516,1149,0.02749965225803297,0.006075083581549606,0.9454369861521188,61.627675601473484,0.01284813449913051,1,0.06830782347975577,1
l_shape_partial_overlap_hard_mixed,partial_overlap,1517,900,0.06958946880328676,0.0662500371833117,0.99988478041861,38.812375876459896,-0.5378841973798566,1,0.06511666791354526,1
l_shape_partial_overlap_hard_mixed,partial_overlap,1518,2010,0.023851848256580353,0.019262226460024717,0.9858952028153253,48.13589552886274,-0.45380127685022603,0,0.07225871887966823,1
l_shape_partial_overlap_hard_mixed,partial_overlap,1519,330,0.04458635847710798,0.013182036506771404,0.9967035360786913,103.23486994089836,-0.43610122340508717,0,0.05075719434166832,1
l_shape_partial_overlap_hard_mixed,partial_overlap,1521,681,0.024637526026850376,0.0031670954279102792,0.3293495695607753,114.42274671832371,-0.10396818029451227,1,0.05438591613416401,1
l_shape_partial_overlap_hard_mixed,partial_overlap,1522,2098,0.043368806182721445,0.03439208861962796,0.9999155086979133,47.546208727048146,-0.12736652366870885,0,0.031256455834086906,1
l_shape_partial_overlap_hard_mixed,partial_overlap,1523,2092,0.0769308143445883,0.07666162221825572,0.9967468782209569,55.889646715814195,-0.014888594636629237,1,0.04105270300234261,1
l_shape_partial_overlap_hard_mixed,partial_overlap,1525,2103,0.08944407560856629,0.07085290255736136,0.9920425462746346,70.83839555066388,0.05743200921879373,0,0.10371337767951014,0
l_shape_partial_overlap_hard_mixed,partial_overlap,1526,245,0.032083795208607206,0.02154781883229158,0.9929679002811267,121.77774649420267,0.06780304683799991,1,0.06344515758596272,1
l_shape_partial_overlap_hard_mixed,partial_overlap,1527,914,0.04229482440954605,0.00867653763778297,0.960917576605249,92.73810404952454,0.04940570055141885,0,0.033742471291258284,1
l_shape_partial_overlap_hard_mixed,partial_overlap,1528,888,0.023096307795546438,0.021555974361411673,0.9947408884740762,63.05762322306758,-0.19287165207652848,0,0.028667009952999412,1
l_shape_partial_overlap_hard_mixed,partial_overlap,1529,2752,0.03484783109379078,0.028663103259350356,0.9981727409047187,82.27903057447409,-0.057448156519258005,1,0.06816612348152558,1
l_shape_partial_overlap_hard_mixed,partial_overlap,1530,2195,0.034704585162892675,0.00516713441005363,0.9772093093041058,44.45184654012428,-0.17373769451290083,0,0.026374026736163705,1
l_shape_partial_overlap_hard_mixed,partial_overlap,1531,1715,0.03617648710215344,0.013517578191583217,0.999489219773672,59.0665233840214,0.06780304683799991,0,0.03582318948577061,1
l_shape_partial_overlap_hard_mixed,partial_overlap,1534,1619,0.03491675342188861,0.008253845952363387,0.9996575262344157,44.661797382582925,0.11394416960569889,0,0.029765001088449462,1
l_shape_partial_overlap_hard_mixed,partial_overlap,1536,790,0.05809165913013081,0.05794999491255259,0.9910409942466275,39.5951527724005,-0.07045841432427155,0,0.05648481354706765,1
l_shape_partial_overlap_hard_mixed,partial_overlap,1538,2778,0.024497035459509386,0.024061116409354124,0.997954229443943,35.84472986975715,-0.17373769451290083,0,0.03436748253436433,1
l_shape_partial_overlap_hard_mixed,partial_overlap,1540,1832,0.04272989265354074,0.027833623222099903,0.9957428053978831,98.54470442669154,-0.14841981464232767,0,0.06882536939841655,1
l_shape_partial_overlap_hard_mixed,partial_overlap,1541,988,0.05271611926873895,0.03861304982203521,0.9895842105370787,44.196100762316185,0.02747063529082499,0,0.10061142827947617,0
l_shape_partial_overlap_hard_mixed,partial_overlap,1543,847,0.017768269623114716,0.01594987088238618,0.999417009707266,37.57449381475487,-0.0032379927399935,1,0.06007374133421576,1
l_shape_partial_overlap_hard_mixed,partial_overlap,1544,1925,0.05773479138541133,0.02905491002005528,0.9990436552634299,64.42047542631113,-0.053109757132217876,0,0.022282440178469205,1
l_shape_partial_overlap_hard_mixed,partial_overlap,1545,1821,0.024383426933095382,0.0005068522303526456,0.9931452058895889,37.12324551126403,-0.317496127560005,1,0.049764802227315795,1
l_shape_partial_overlap_hard_mixed,partial_overlap,1549,332,0.0373141947695965,0.034896120396222176,0.9964373641323421,49.85879354249186,-0.33947502220149234,0,0.05049276145331449,1
l_shape_partial_overlap_hard_mixed,partial_overlap,1550,1185,0.04239771383202471,0.02917903125427496,0.9992844331796453,50.757117666860466,-0.025817654597878572,0,0.031225416346562,1
l_shape_partial_overlap_hard_mixed,partial_overlap,1552,2425,0.07338180190413075,0.07144428274670793,0.9997680128616088,42.72481781297915,-0.07145888990814764,0,0.030278203261297845,1
l_shape_partial_overlap_hard_mixed,partial_overlap,1553,2410,0.04539888332707055,0.03474816298793929,0.9905109017218705,80.22840718429802,-0.09435271513459734,1,0.03503099892940718,1
l_shape_partial_overlap_hard_mixed,partial_overlap,1555,1695,0.05230102909952037,0.045871790131146666,0.9491429991209306,103.7079728790976,0.020656311475377026,0,0.027954982217269157,1
l_shape_partial_overlap_hard_mixed,partial_overlap,1556,704,0.023355405013480095,0.005948757531997823,0.9450976408633883,86.64319217876465,0.2393453858529786,1,0.03266857977553111,1
l_shape_partial_overlap_hard_mixed,partial_overlap,1558,2952,0.09773559508118859,0.09690431104113219,0.9989187965660388,60.3600430757375,-0.04833648139847134,0,0.05114823530088878,1
l_shape_partial_overlap_hard_mixed,partial_overlap,1559,1712,0.11605118283705804,0.11236026817840576,0.9991969309365437,34.47673044144371,-0.1039681180416598,1,0.03167554949719443,1
l_shape_partial_overlap_hard_mixed,partial_overlap,1560,1054,0.017619202521199515,0.01742374406383114,0.9072161866870736,75.09073329668166,0.11728304032500077,1,0.07277857303265857,1
l_shape_partial_overlap_hard_mixed,partial_overlap,1561,944,0.024100717742401502,0.01609897885906891,0.9974525654502384,49.84399898180727,-0.3307413285790607,1,0.053704261663608664,1
l_shape_partial_overlap_hard_mixed,partial_overlap,1562,2294,0.03009276831607301,0.012988070823523736,0.9947270313124709,52.328920764691645,0.02343021562423119,1,0.04366170308878286,1
l_shape_partial_overlap_hard_mixed,partial_overlap,1564,2885,0.019461400948453705,0.00936130920758733,0.943965651358341,56.595005185053125,0.07472347119601185,1,0.07034420286016344,1
l_shape_partial_overlap_hard_mixed,partial_overlap,1565,1995,0.050786112283699295,0.040895138501336324,0.9944898153793085,45.36419769527167,-0.18016854919911507,0,0.03034792445535978,1
l_shape_partial_overlap_hard_mixed,partial_overlap,1566,108,0.06912386520165226,0.0626057269681799,0.8101320228957228,94.8839651766069,0.040821952853630904,1,0.09148963422383717,0
l_shape_partial_overlap_hard_mixed,partial_overlap,1567,1157,0.022109522635715813,0.019420913552344564,0.9966125522212681,52.95785830195763,-0.26089782998376365,1,0.052079827250765036,1
l_shape_partial_overlap_hard_mixed,partial_overlap,1568,1690,0.0829340712903682,0.0816793790984208,0.47258124289270576,98.03800618283094,-0.14841984511844597,0,0.14250318041445223,0
l_shape_partial_overlap_hard_mixed,partial_overlap,1569,2476,0.10031985712584504,0.09872433457297157,0.9982223962731379,40.173561310374325,0.462488589987177,1,0.0483538537363103,1
l_shape_partial_overlap_hard_mixed,partial_overlap,1570,856,0.024266000939493004,0.015270243253624544,0.9949938240295415,75.3197172508387,-0.19720990976423833,1,0.026337909936593514,1
l_shape_partial_overlap_hard_mixed,partial_overlap,1572,1864,0.040048455439064504,0.029080390858044394,0.5072496366826164,68.97479546662893,-0.361993686002904,0,0.1818587868025526,0
l_shape_partial_overlap_hard_mixed,partial_overlap,1573,216,0.071402003993709,0.06697653586871812,0.819784009097609,96.17362635375976,-0.38958163661095624,0,0.13555322403901182,0
l_shape_partial_overlap_hard_mixed,partial_overlap,1574,164,0.01352328016619235,0.012122163765304417,0.9984336482709865,28.064490530102127,0.15906454757099997,1,0.06853652569928706,1
l_shape_partial_overlap_hard_mixed,partial_overlap,1575,1369,0.09918246169034346,0.08685322505128223,0.9920099982299784,108.30263591833904,-0.2537801596655051,0,0.08703504151589085,0
l_shape_partial_overlap_hard_mixed,partial_overlap,1576,1503,0.09007681328551287,0.08572675923698285,0.9904296042144984,37.482986572149755,0.0057306687566104336,0,0.08132638945438458,0
l_shape_partial_overlap_hard_mixed,partial_overlap,1577,1762,0.04801722370062491,0.04526333247821512,0.9665552040570038,86.6140553230877,0.12921161026799896,1,0.019943009536463243,1
l_shape_partial_overlap_hard_mixed,partial_overlap,1578,2005,0.011978236433676907,0.007791565644176936,0.007218135865631742,37.883182934659324,0.0018621966739946958,1,0.0516041472590197,1
l_shape_partial_overlap_hard_mixed,partial_overlap,1579,2129,0.044681024848274506,0.037752585132031835,0.9651948151779329,94.0605010201312,0.0651540200882974,1,0.1273580846813616,0
l_shape_partial_overlap_hard_mixed,partial_overlap,1580,2668,0.02593466394010095,0.012409361432139467,0.9257885662383104,91.8483061930317,-0.014888594636629237,1,0.08340796561347605,0
l_shape_partial_overlap_hard_mixed,partial_overlap,1581,1081,0.050114819398465384,0.03817129442405839,0.6167877959315908,102.46569883338013,0.03879150899284865,0,0.08917409679207525,0
l_shape_partial_overlap_hard_mixed,partial_overlap,1582,738,0.03347845732722664,0.019399575142773937,0.14852074540109547,37.61544128970836,0.05225065499036653,0,0.0525917421093426,1
l_shape_partial_overlap_hard_mixed,partial_overlap,1583,2894,0.0833163282247719,0.07988656365912558,0.9986483223006772,108.1426576316055,-0.025817654597878572,1,0.0400721780146028,1
l_shape_partial_overlap_hard_mixed,partial_overlap,1585,1866,0.042504170381194334,0.031374801122493245,0.9980709026972665,65.4084983776559,0.10751326283623643,0,0.10164114280017146,0
l_shape_partial_overlap_hard_mixed,partial_overlap,1587,561,0.0369857926668324,0.020735667373874563,0.990500274013872,94.18817200524158,-0.11943237496778307,0,0.016626973106454772,1
l_shape_partial_overlap_hard_mixed,partial_overlap,1589,1407,0.033990775359384294,0.011385309720103442,0.9159536556108774,93.88258063082965,0.03390151834238077,0,0.06410560539088327,1
l_shape_partial_overlap_hard_mixed,partial_overlap,1591,687,0.1258069610034908,0.11748323794118559,0.9668610005720492,47.2848204953431,-0.18924179130542496,0,0.07017525473324412,1
l_shape_partial_overlap_hard_mixed,partial_overlap,1592,1595,0.03333152547463844,0.01133786568130319,0.996491975787288,58.263017195765656,-0.12102094159088546,1,0.07658837219048524,1
l_shape_partial_overlap_hard_mixed,partial_overlap,1593,2098,0.02237787515879287,0.002443497457146466,0.9975006789424531,59.006621614482334,-0.06674193739146886,1,0.04140290715101057,1
l_shape_partial_overlap_hard_mixed,partial_overlap,1594,2870,0.03620553750124249,0.018538183913961014,0.9937490750242605,68.62217738846905,-0.14841990511834072,0,0.06414480332794219,1
l_shape_partial_overlap_hard_mixed,partial_overlap,1595,2492,0.06377882667041965,0.05299230418535121,0.9958914745664469,35.046189089598414,0.0186340655588895,1,0.0067715732646249326,1
l_shape_partial_overlap_hard_mixed,partial_overlap,1596,2648,0.023446889502020545,0.0071669282850108165,0.9872528071949903,71.90090643537857,0.19785607684778972,1,0.05657009250478542,1
l_shape_partial_overlap_hard_mixed,partial_overlap,1597,1061,0.04017530777328454,0.03521545413602022,0.8920947122509971,83.74750949991882,-0.18924179130542496,0,0.1301780034572602,0
l_shape_partial_overlap_hard_mixed,partial_overlap,1598,1722,0.0526943390446995,0.05117473610595519,0.9981699639285844,48.09982876975073,0.27443652991265216,1,0.12979144462581085,0
l_shape_partial_overlap_hard_mixed,partial_overlap,1599,179,0.04514487948785596,0.0449435648758039,0.9821645396494612,44.35711042422062,-0.1984302918593792,1,0.018957437458918133,1
l_shape_partial_overlap_hard_mixed,partial_overlap,1600,2922,0.06316248443840335,0.05505583467665842,0.9910215645571625,61.42637964744067,0.0057306687566104336,1,0.028476598147087282,1
l_shape_partial_overlap_hard_mixed,partial_overlap,1602,1966,0.04754804358414103,0.04445034925325267,0.7665639989108293,86.65490897389529,0.35468328543418504,0,0.08065779468293133,0
l_shape_partial_overlap_hard_mixed,partial_overlap,1605,2783,0.10747372595205974,0.10375553368084779,0.9971727008058398,74.7448371697367,0.09274195104937341,1,0.07614108741850144,1
l_shape_partial_overlap_hard_mixed,partial_overlap,1607,2992,0.031006609076168683,0.017814619336154167,0.9719360361812412,38.23030808101711,-0.11067956459992824,1,0.054201018380257655,1
l_shape_partial_overlap_hard_mixed,partial_overlap,1609,1551,0.04491920969402545,0.0055913406258038915,0.998687199149953,127.24871628254725,-0.5050941276297986,1,0.025662453934342494,1
l_shape_partial_overlap_hard_mixed,partial_overlap,1611,626,0.02382988892022359,0.020017449828369654,0.9789688509271487,48.81711250846825,0.3035648848587315,0,0.03142089320889077,1
l_shape_partial_overlap_hard_mixed,partial_overlap,1614,3030,0.020025928963312904,0.004687660192122716,0.9594591126459886,54.00961738478151,0.24623401086897165,1,0.07460872915556337,1
l_shape_partial_overlap_hard_mixed,partial_overlap,1615,1418,0.029136813727565287,0.02057763597956375,0.9943349771850826,48.318623161510914,0.19452454512899964,1,0.03679902488181357,1
l_shape_partial_overlap_hard_mixed,partial_overlap,1616,1116,0.08876454515984218,0.08070175585123764,0.9591161355840325,50.1224611013819,-0.18924179130542496,0,0.05512973606703997,1
l_shape_partial_overlap_hard_mixed,partial_overlap,1619,2729,0.03107871352143602,0.0239931171949185,0.9838261322878183,55.65279888531148,-0.008658057308335352,1,0.05625547675562318,1
l_shape_partial_overlap_hard_mixed,partial_overlap,1621,1629,0.04616214389756382,0.031139777682038856,0.924999567672382,52.30188253032021,-0.01488859910090564,1,0.1578802432160795,0
l_shape_partial_overlap_hard_mixed,partial_overlap,1622,1770,0.035132989787617856,0.020010771340603795,0.9987004513464826,59.06749590321386,0.07472345619604473,0,0.03145408901717695,1
l_shape_partial_overlap_hard_mixed,partial_overlap,1623,2642,0.027773740133406603,0.018062922431856,0.874260931651378,72.61900390676215,-0.10759789226481506,1,0.12511172191992007,0
l_shape_partial_overlap_hard_mixed,partial_overlap,1624,1853,0.02514813245831224,0.013871161666396558,0.9948880682283524,45.705337129654296,-0.336471950907172,1,0.07865926466181886,1
l_shape_partial_overlap_hard_mixed,partial_overlap,1626,2822,0.023299625164352484,0.010837048516656633,0.9732499908242433,39.133108609303676,-0.1039681180416598,1,0.02307643749244436,1
l_shape_partial_overlap_hard_mixed,partial_overlap,1627,2907,0.053092724626459066,0.03170103699281612,0.4777552165998148,59.290112128239706,-0.11943237496778307,1,0.10650047284542867,0
l_shape_partial_overlap_hard_mixed,partial_overlap,1628,826,0.0225163470919841,0.006655408109515033,0.984095806768176,52.45557420592706,0.1028943358611195,0,0.04706843819131944,1
l_shape_partial_overlap_hard_mixed,partial_overlap,1629,1164,0.039995323038633894,0.020768821712693626,0.9914349524030959,90.22089372917749,-0.30257043256479116,0,0.07211854177141083,1
l_shape_partial_overlap_hard_mixed,partial_overlap,1630,1901,0.03233749714865262,0.02715105780509675,0.996918037953708,66.72539678889135,-0.09435264642129719,0,0.019965068234622487,1
l_shape_partial_overlap_hard_mixed,partial_overlap,1632,536,0.030206809776884027,0.007468497534563037,0.9899118122199975,63.81908900760036,-0.030636937054516686,1,0.08809757499737328,0
l_shape_partial_overlap_hard_mixed,partial_overlap,1633,2348,0.018301477752457614,0.011323740139037104,0.9983336936439074,48.7172524520589,0.1260166847942061,1,0.02911311983446641,1
l_shape_partial_overlap_hard_mixed,partial_overlap,1634,2675,0.028846274608104065,0.007911873181907197,0.9927497901597102,38.08325795014542,0.0186340655588895,0,0.07106404067943356,1
l_shape_partial_overlap_hard_mixed,partial_overlap,1635,2700,0.02216884995196839,0.012783228264844826,0.8980657593232946,102.51182324580826,-0.1248894285276199,1,0.03610196321272725,1
l_shape_partial_overlap_hard_mixed,partial_overlap,1637,2973,0.012868772633350862,0.0036426006711652143,0.9960653896340729,25.18553428736963,-0.0794270598218667,1,0.03374352075547432,1
l_shape_partial_overlap_hard_mixed,partial_overlap,1638,2500,0.030717031899366382,0.029338917422335877,0.8928242727404794,60.5454539799677,-0.04997988812402525,1,0.04075237413625338,1
l_shape_partial_overlap_hard_mixed,partial_overlap,1640,1269,0.029030199372143507,0.006293597713215465,0.9956283419358871,34.8467330742475,-0.14841988747130802,1,0.04918957091346962,1
l_shape_partial_overlap_hard_mixed,partial_overlap,1641,1233,0.026694510680106327,0.0078615272463234,0.9939334065145156,70.08759515131435,-0.033350654654813794,1,0.016817069182302795,1
l_shape_partial_overlap_hard_mixed,partial_overlap,1644,2406,0.050965398940556385,0.0375753899270503,0.9783590851772725,47.7369849815269,-0.06140855615903095,1,0.07979220863461065,1
l_shape_partial_overlap_hard_mixed,partial_overlap,1646,2882,0.030913361966588435,0.027262797961106464,0.9804142909397586,81.43958972988054,0.462488589987177,1,0.051272431501523316,1
l_shape_partial_overlap_hard_mixed,partial_overlap,1647,2635,0.03595973999899513,0.011206994050349722,0.9225710923372862,51.92512032386511,-0.17740740333617214,0,0.0567886094590788,1
l_shape_partial_overlap_hard_mixed,partial_overlap,1648,2167,0.04183956852809537,0.027346873892038635,0.9727679650966072,30.304494121441895,-0.03719434214429282,0,0.017630753114755378,1
l_shape_partial_overlap_hard_mixed,partial_overlap,1650,142,0.047077586981781244,0.04421481766767431,0.9984899215883571,37.83130216103907,-0.25107398515079155,1,0.03205387582920321,1
l_shape_partial_overlap_hard_mixed,partial_overlap,1651,2275,0.020385974470432257,5.070080492016078e-05,0.8984796052187939,114.57467650903894,0.10289435332141052,1,0.08469344698484622,0
l_shape_partial_overlap_hard_mixed,partial_overlap,1652,715,0.02689305459656868,0.006492003232694478,0.9989297661410088,81.28725100803841,-0.18924179130542496,1,0.08713265620644849,0
l_shape_partial_overlap_hard_mixed,partial_overlap,1653,538,0.022330993200736244,0.006305516512269771,0.9988574814748,102.10165810906047,0.1800838329651656,1,0.05239894696861976,1
l_shape_partial_overlap_hard_mixed,partial_overlap,1654,2407,0.032222695637376474,0.030618199978648262,0.9574067545695392,116.00854202972059,-0.2284624659972056,1,0.07343681949492455,1
l_shape_partial_overlap_hard_mixed,partial_overlap,1655,2019,0.018313263448823086,0.011088265164437582,0.971673748782163,127.29718606911173,0.27443652991265216,1,0.03438193076138964,1
l_shape_partial_overlap_hard_mixed,partial_overlap,1656,748,0.09325537349331815,0.09121234345848,0.9937685303701399,90.186206473587,0.06288899891320701,0,0.04941955372788949,1
l_shape_partial_overlap_hard_mixed,partial_overlap,1657,1914,0.01756247295906655,0.00518327864282753,0.9847233519210562,44.388086176239156,0.07472349619596994,1,0.015769005377415116,1
l_shape_partial_overlap_hard_mixed,partial_overlap,1658,2503,0.07511984431695015,0.06549884981324361,0.9919331104250451,42.9205632635832,-0.2819510584574926,0,0.06265745810433228,1
l_shape_partial_overlap_hard_mixed,partial_overlap,1659,2608,0.054050643838694165,0.03852105959361486,0.999343973441915,69.07519606377056,0.06669130998260557,0,0.03881665338951673,1
l_shape_partial_overlap_hard_mixed,partial_overlap,1660,1371,0.02504566990878545,0.010926270805937843,0.9912463151100886,64.93918893303888,-0.12644102352031542,1,0.061423639727176925,1
l_shape_partial_overlap_hard_mixed,partial_overlap,1661,2050,0.034637187799768335,0.0273378721358337,0.48081073015134934,59.06406242246365,0.0057306687566104336,1,0.14408228894141775,0
l_shape_partial_overlap_hard_mixed,partial_overlap,1663,1870,0.06132272044922837,0.054675757039674304,0.9971884739937601,26.380770500151435,-0.19604792818588473,0,0.006456039511902971,1
l_shape_partial_overlap_hard_mixed,partial_overlap,1664,958,0.050840958630590065,0.015197874795413844,0.9813150125837543,91.28675490215745,0.08796870277057446,0,0.06156738230512102,1
l_shape_partial_overlap_hard_mixed,partial_overlap,1665,2523,0.05315913166387717,0.009464297718925567,0.9986846116033633,103.32524427398997,-0.31093847873436914,1,0.010935576464754782,1
l_shape_partial_overlap_hard_mixed,partial_overlap,1666,2664,0.015593870304329805,0.010015126097037471,0.9906147076697713,47.16712180889732,0.24548409293859852,1,0.03187171675780707,1
l_shape_partial_overlap_hard_mixed,partial_overlap,1667,2127,0.012709349338532667,0.002044674670902413,0.9986971761379138,76.8659539036602,0.15007283196522547,1,0.05810463713465628,1
l_shape_partial_overlap_hard_mixed,partial_overlap,1668,427,0.1089587739683268,0.10663848852145043,0.9979646138765895,103.4637386083844,-0.10919917658049856,0,0.06309175142197143,1
l_shape_partial_overlap_hard_mixed,partial_overlap,1669,2556,0.06494852410214878,0.05946856788343491,0.9519385548942048,59.68864648556608,-0.06837722372686757,0,0.07822647979558496,1
l_shape_partial_overlap_hard_mixed,partial_overlap,1671,1232,0.023853732270007737,0.008543808191568383,0.9992126229464682,32.70051254215392,-0.027059125994208275,1,0.020820321534714758,1
l_shape_partial_overlap_hard_mixed,partial_overlap,1672,1445,0.03953549407614055,0.006675508745338902,0.9954455915534303,48.94661089731685,-0.07243404871804873,0,0.04564845490400513,1
l_shape_partial_overlap_hard_mixed,partial_overlap,1673,401,0.018816316424945658,0.010112773055567955,0.966726390626981,46.45537773696625,0.07472349619596994,1,0.03420147659501415,1
l_shape_partial_overlap_hard_mixed,partial_overlap,1676,1374,0.07310786033565697,0.0648787168372519,0.996830111770378,30.511442905828595,-0.1484198717850598,0,0.008849382004204435,1
l_shape_partial_overlap_hard_mixed,partial_overlap,1678,2804,0.015029092436654118,0.013647727680536698,0.9925432204760856,44.13287140983865,-0.027791999264402265,0,0.04091976103729133,1
l_shape_partial_overlap_hard_mixed,partial_overlap,1679,460,0.033681796622046935,0.029856189376346293,0.9971833788134921,99.17977530579482,-0.4668730601014412,1,0.02359818364369947,1
l_shape_partial_overlap_hard_mixed,partial_overlap,1680,2669,0.038754692289833026,0.031213602544698293,0.9922981959058483,41.72541763379862,-0.0053191563493996796,1,0.05202846342668692,1
l_shape_partial_overlap_hard_mixed,partial_overlap,1683,1080,0.12106644534431334,0.12095968933680934,0.9991852423677011,114.85382296888763,-0.14841978289638433,0,0.05593740157172329,1
l_shape_partial_overlap_hard_mixed,partial_overlap,1684,589,0.08324536461072134,0.08099387696360599,0.9972547648963161,95.90959841198188,0.02593335155034978,1,0.05869200615180299,1
l_shape_partial_overlap_hard_mixed,partial_overlap,1685,1957,0.017679045367044764,0.007566583594688942,0.992727359878955,44.332800118488485,0.022205499144599645,1,0.012099889663321916,1
l_shape_partial_overlap_hard_mixed,partial_overlap,1687,1432,0.06447702177089885,0.05002195590971775,0.9982549705822363,58.0854111567337,-0.037194314280578275,1,0.020790499024987235,1
l_shape_partial_overlap_hard_mixed,partial_overlap,1688,1905,0.056531547469405904,0.03954463741190561,0.7201633175309994,39.14114206031848,0.02593335155034978,0,0.07553306409721301,1
l_shape_partial_overlap_hard_mixed,partial_overlap,1689,1989,0.14260470443828624,0.11117930028855348,0.996778370104168,52.99098811441098,-0.1928715364640889,0,0.06532838470884234,1
l_shape_partial_overlap_hard_mixed,partial_overlap,1690,867,0.011533284560255352,0.007724161383246658,0.9502680696167013,42.091093381139636,-0.09126152101694089,1,0.07606375771173596,1
l_shape_partial_overlap_hard_mixed,partial_overlap,1692,2021,0.053198912155393956,0.04594134569679912,0.9937511501580618,50.100817186036885,-0.043059428349422446,0,0.04125755038676436,1
l_shape_partial_overlap_hard_mixed,partial_overlap,1693,1177,0.054504665771743295,0.04799300558300201,0.9964565877789797,69.5604570118425,0.2410445066514014,0,0.10445021974589418,0
l_shape_partial_overlap_hard_mixed,partial_overlap,1694,2701,0.034528407123858545,0.02594554709808657,0.9287796633678898,80.95850461606545,-0.16992611181940498,0,0.04158559001738002,1
l_shape_partial_overlap_hard_mixed,partial_overlap,1695,2921,0.02405894354701269,0.014421068046716645,0.9936507463694924,35.76041507428864,0.018634058565895624,1,0.026683637509123757,1
l_shape_partial_overlap_hard_mixed,partial_overlap,1696,2121,0.08941666066203045,0.08025488734545619,0.9093211814022744,95.67698249441067,-0.10189986177791288,0,0.09065351204954063,0
l_shape_partial_overlap_hard_mixed,partial_overlap,1697,2008,0.025538593377425402,0.022375320811021684,0.9987739136162902,55.70088566326815,-0.11764824891372173,1,0.07208411441980489,1
l_shape_partial_overlap_hard_mixed,partial_overlap,1698,31,0.051307070213715784,0.007879090608369983,0.9980281914293144,54.05401981754171,-0.33766165849279217,0,0.07253456550038097,1
l_shape_partial_overlap_hard_mixed,partial_overlap,1699,2142,0.0505287444040516,0.037925093565744424,0.9834371544373898,39.38143624103312,-0.33766165849279217,0,0.1153326067396457,0
l_shape_partial_overlap_hard_mixed,partial_overlap,1700,1250,0.022106384540227033,0.013112755457114928,0.9842048422717976,98.26975077357982,-0.476923460979996,1,0.08356228414293602,0
l_shape_partial_overlap_hard_mixed,partial_overlap,1702,2335,0.016456128923620174,0.007298202614616544,0.9600751770351863,57.18990919240765,0.07472347119601185,1,0.08638310567822205,0
l_shape_partial_overlap_hard_mixed,partial_overlap,1703,1394,0.1053238898848054,0.1039639459063268,0.9947917931575068,45.72034932667554,-0.008658051873563024,0,0.06620957076467966,1
l_shape_partial_overlap_hard_mixed,partial_overlap,1704,2720,0.03480097815236236,0.030199378465798565,0.48493757160585343,33.53710377884541,-0.14841990255424173,1,0.03545209846248382,1
l_shape_partial_overlap_hard_mixed,partial_overlap,1705,799,0.040759634674621174,0.003626266966622111,0.9990661675611117,135.3789853872047,-0.20557810196524842,0,0.10159347000058493,0
l_shape_partial_overlap_hard_mixed,partial_overlap,1707,1643,0.003800476692682187,0.003727064847450475,0.9978578525955621,35.87445225461826,-0.030636937054516686,1,0.0391706637192801,1
l_shape_partial_overlap_hard_mixed,partial_overlap,1710,648,0.05641984393278902,0.046671552520693445,0.3864971619818415,45.132704992551346,-0.1835111512843877,0,0.1624297692869186,0
l_shape_partial_overlap_hard_mixed,partial_overlap,1711,2266,0.04017937446763458,0.039816529358906956,0.9898735410143324,73.01315597734371,0.08338152198261992,1,0.12526633906816143,0
l_shape_partial_overlap_hard_mixed,partial_overlap,1712,2117,0.06721688418111421,0.05463099372720444,0.9669433442008055,34.4429752259502,-0.1791915151109083,1,0.03229127437201984,1
l_shape_partial_overlap_hard_mixed,partial_overlap,1713,2481,0.030087047205488625,0.006917449656450417,0.9718348282973218,78.11778036275365,-0.12432237281917234,0,0.0653385736493971,1
l_shape_partial_overlap_hard_mixed,partial_overlap,1715,1573,0.07506552301172449,0.07189215776656392,0.984115058343956,32.18128423326192,-0.3789433249504557,1,0.0585658655586098,1
l_shape_partial_overlap_hard_mixed,partial_overlap,1718,375,0.04727816141667048,0.03561505375815571,0.9453461115347263,69.36766866035401,-0.24372987128663998,1,0.11999556977809224,0
l_shape_partial_overlap_hard_mixed,partial_overlap,1720,2030,0.1069474048619384,0.10614434610047399,0.9976588416515731,75.2091040613326,-0.14841982330031464,1,0.05353884674453369,1
l_shape_partial_overlap_hard_mixed,partial_overlap,1721,662,0.05283530834838368,0.034480895093698644,0.9860236599326718,91.61404786565242,-0.07145888990814764,0,0.06543769459653125,1
l_shape_partial_overlap_hard_mixed,partial_overlap,1722,174,0.004893008846743605,0.004557966085075749,0.8441960620635773,58.642653104305445,-0.1237273102108836,1,0.05462742428714639,1
l_shape_partial_overlap_hard_mixed,partial_overlap,1723,2736,0.04120985486410794,0.020778323494083113,0.9788278730009727,70.17589474463978,0.014098914085391481,1,0.08624261209329634,0
l_shape_partial_overlap_hard_mixed,partial_overlap,1726,842,0.028632492992443234,0.0030826110652683284,0.9698727337248193,82.76803020249463,0.024851699571007795,1,0.050517587314432795,1
l_shape_partial_overlap_hard_mixed,partial_overlap,1727,2193,0.022998296361615857,0.006881069584057165,0.9674140512655344,55.083044522766215,-0.07696096706212566,1,0.06871532036814915,1
l_shape_partial_overlap_hard_mixed,partial_overlap,1728,981,0.044144346313601104,0.03020299199671707,0.9981480446828382,114.47058312712225,0.15386065703627666,0,0.026489323575701617,1
l_shape_partial_overlap_hard_mixed,partial_overlap,1730,600,0.05341004455711856,0.0440826191595273,0.9861879483754648,47.43541777913392,0.18805201721747017,0,0.04596402441295459,1
l_shape_partial_overlap_hard_mixed,partial_overlap,1732,683,0.04649718236451799,0.04059302045221777,0.9984326250570463,46.71818574176887,-0.23939163632616117,0,0.04459101381460162,1
l_shape_partial_overlap_hard_mixed,partial_overlap,1733,482,0.051946010537896437,0.04649920676090106,0.9365597345922062,67.1192271708558,0.11109109301239926,1,0.1651032518262885,0
l_shape_partial_overlap_hard_mixed,partial_overlap,1735,2305,0.07856096939256905,0.07668145266797696,0.9838082094389761,47.90860964642224,-0.057448156519258005,1,0.07028127988099787,1
l_shape_partial_overlap_hard_mixed,partial_overlap,1736,2066,0.11839291507833022,0.10698259545226284,0.9993713602481896,64.55661089456454,0.257044788175464,0,0.07133133578352238,1
l_shape_partial_overlap_hard_mixed,partial_overlap,1737,2187,0.050407864432689284,0.03488937247177943,0.9237017008081654,57.125868608341115,-0.1237273102108836,0,0.09817600120809608,0
l_shape_partial_overlap_hard_mixed,partial_overlap,1738,1080,0.10875886322024514,0.10688282549785594,0.9998371902226896,113.47776810516767,-0.09435264642129719,0,0.07122146478535282,1
l_shape_partial_overlap_hard_mixed,partial_overlap,1739,1006,0.042119828153829406,0.0420549627737854,0.9850932531760339,68.73334024800535,-0.06503835965750375,1,0.02690522056064423,1
l_shape_partial_overlap_hard_mixed,partial_overlap,1740,1391,0.04382418373617456,0.027694994430515155,0.3256319042870642,60.6379371818021,-0.317496127560005,0,0.10751145195360219,0
l_shape_partial_overlap_hard_mixed,partial_overlap,1741,538,0.028623157030560453,0.010014058010367902,0.9983510235892972,112.97486872004052,0.21930450150311315,0,0.05992185019288051,1
l_shape_partial_overlap_hard_mixed,partial_overlap,1742,1302,0.03160221772303689,0.017191062250486694,0.9433946191600321,43.31480493739509,0.028510680372993886,0,0.06749447186205747,1
l_shape_partial_overlap_hard_mixed,partial_overlap,1743,641,0.031399758330218075,0.016674941749597976,0.996423861531318,80.75707534443946,0.0651540200882974,1,0.14258169327854328,0
l_shape_partial_overlap_hard_mixed,partial_overlap,1745,2504,0.030346295419622978,0.019643257600704827,0.9669450558760813,65.04615219185891,0.055178906829282,1,0.07147268886695307,1
l_shape_partial_overlap_hard_mixed,partial_overlap,1746,1131,0.02768679879955396,0.01594104845532906,0.9900988254116696,37.02691125192116,0.16395455390771613,1,0.08752800448346759,0
l_shape_partial_overlap_hard_mixed,partial_overlap,1747,1039,0.07822308658579714,0.07173042988892883,0.41511529846276285,126.63068317960641,-0.06503832313582608,0,0.130186847574902,0
l_shape_partial_overlap_hard_mixed,partial_overlap,1748,1234,0.034551492790082024,0.017213148717757407,0.998627857283681,28.181515966898054,-0.10586026932280505,1,0.03532887794962142,1
l_shape_partial_overlap_hard_mixed,partial_overlap,1753,2893,0.0420277040038564,0.03436212319777389,0.9938357111174191,40.499112748077614,0.0994160848534362,1,0.07349348766750918,1
l_shape_partial_overlap_hard_mixed,partial_overlap,1755,2745,0.03290290732056822,0.025268928246935204,0.6753440267748387,58.944544525473795,-0.014888601779472484,1,0.029216576595639747,1
l_shape_partial_overlap_hard_mixed,partial_overlap,1757,2732,0.048843331560236,0.044747581936475364,0.9952738773421825,60.34054796278615,0.11394412473399235,1,0.04025085218993549,1
l_shape_partial_overlap_hard_mixed,partial_overlap,1760,781,0.05515705714361951,0.044039449295801496,0.9759072974169923,102.31254175320322,0.1743531966687958,0,0.05204068671399465,1
l_shape_partial_overlap_hard_mixed,partial_overlap,1762,486,0.034482024909583214,0.022719155297517224,0.9997580772463386,31.732421526462588,-0.14841984511844597,0,0.021370946533736546,1
l_shape_partial_overlap_hard_mixed,partial_overlap,1763,2066,0.1135325332685849,0.10332412772431122,0.9963142421655627,60.199558049736844,0.09670232489555769,0,0.025641990618863568,1
l_shape_partial_overlap_hard_mixed,partial_overlap,1764,2891,0.06665311033592192,0.022917509861099472,0.6664851671431095,95.40639867843656,-0.14841982330031464,0,0.14856745213683503,0
l_shape_partial_overlap_hard_mixed,partial_overlap,1766,2552,0.040009340651958665,0.03649111225313952,0.992440327256096,36.21493492796441,0.06669130998260557,1,0.03601399805215424,1
l_shape_partial_overlap_hard_mixed,partial_overlap,1767,2975,0.03802376120025164,0.03530114745436983,0.9990174345079207,40.19142915393537,-0.14841990255424173,1,0.04667491483739943,1
l_shape_partial_overlap_hard_mixed,partial_overlap,1769,487,0.0717088463502417,0.05286413112611033,0.9631341459999873,52.843794377097396,-0.027059125994208275,0,0.03197272513138362,1
l_shape_partial_overlap_hard_mixed,partial_overlap,1770,1793,0.03284051692109201,0.031450716997757346,0.9996272257906993,70.01852363679592,-0.10189986177791288,1,0.03772464110412772,1
l_shape_partial_overlap_hard_mixed,partial_overlap,1773,2592,0.04789802701304589,0.03278792961337101,0.994015493245663,36.877955851894086,-0.27203377932302625,0,0.0169346647386641,1
l_shape_partial_overlap_hard_mixed,partial_overlap,1775,532,0.03630931321261467,0.027391140908191072,0.9974486569103735,34.6400750825519,-0.2915206607248807,1,0.017546033987008644,1
l_shape_partial_overlap_hard_mixed,partial_overlap,1776,1965,0.11416261153612829,0.09580503524261971,0.9782585165593849,96.8401316479024,0.27443652991265216,0,0.07968191768689258,1
l_shape_partial_overlap_hard_mixed,partial_overlap,1778,259,0.0364015506903303,0.028992540836703468,0.8660280370691078,97.4627184678714,-0.07145888990814764,0,0.12729366318041274,0
l_shape_partial_overlap_hard_mixed,partial_overlap,1781,1537,0.028497656090592037,0.004382196296654532,0.988759196964735,102.60702713834033,0.4959365457964953,0,0.08737084513813906,0
l_shape_partial_overlap_hard_mixed,partial_overlap,1783,1177,0.05043807020182061,0.048588473550237286,0.9956720342054824,67.56288965761745,0.20825471501117676,0,0.1352307600845037,0
l_shape_partial_overlap_hard_mixed,partial_overlap,1784,651,0.050719798310913326,0.042024845231580066,0.9915484368385004,56.00263325474679,-0.317496127560005,0,0.058919774313264554,1
l_shape_partial_overlap_hard_mixed,partial_overlap,1785,91,0.06229931688185377,0.030926165756855077,0.9827593187584793,72.02575911535047,-0.39973397837324903,0,0.05664125761534991,1
l_shape_partial_overlap_hard_mixed,partial_overlap,1786,876,0.04367631710597996,0.038069793816249524,0.9998964585331338,55.96211449616823,0.02593335155034978,0,0.14388537344305452,0
l_shape_partial_overlap_hard_mixed,partial_overlap,1788,1671,0.03682359887919996,0.012696821238324624,0.9773794141615495,43.624569703792346,0.047324540776611426,1,0.08043491615330357,0
l_shape_partial_overlap_hard_mixed,partial_overlap,1790,2690,0.01665357609238864,0.010403437957848457,0.9573271168513823,115.37054042775034,-0.476923460979996,1,0.0757722100346181,1
l_shape_partial_overlap_hard_mixed,partial_overlap,1792,439,0.07405779076498835,0.06538805823297358,0.9816762118836878,48.251546760094755,-0.046637268181641996,0,0.005063354507033196,1
l_shape_partial_overlap_hard_mixed,partial_overlap,1793,794,0.04716450632012285,0.03983129872623063,0.9717071095740965,51.07129642068689,-0.11205225115914628,1,0.10825339973232,0
l_shape_partial_overlap_hard_mixed,partial_overlap,1794,1987,0.07965475172296854,0.06133092075286762,0.9348128357059698,78.26540253244202,0.02593335155034978,1,0.09961765197270946,0
l_shape_partial_overlap_hard_mixed,partial_overlap,1795,1749,0.03101746903979222,0.027731951764241328,0.9955216238459909,74.70587419066841,0.18805201721747017,1,0.13294931619713599,0
l_shape_partial_overlap_hard_mixed,partial_overlap,1796,110,0.0336527474343859,0.023256255758554903,0.9987388708563217,53.594159191970064,-0.25378034022067314,0,0.05614933961638234,1
l_shape_partial_overlap_hard_mixed,partial_overlap,1797,1554,0.013728948345833531,0.0131802296363642,0.9997471246885821,47.675429598483774,0.0592193043715612,1,0.0399039070652858,1
l_shape_partial_overlap_hard_mixed,partial_overlap,1798,10,0.02373532507918125,0.007602583183370303,0.9972333663249141,48.35430856740266,-0.05744819171588077,1,0.01677847780987661,1
l_shape_partial_overlap_hard_mixed,partial_overlap,1799,312,0.10205020953547476,0.09756320327566055,0.9595263053002927,55.70974401644715,0.38220784888549086,0,0.073718763551903,1
l_shape_partial_overlap_hard_mixed,partial_overlap,1801,88,0.06807707541403785,0.06627398637554623,0.9913138709756163,87.74373475455963,-0.02058660997205198,1,0.06074331721563577,1
l_shape_partial_overlap_hard_mixed,partial_overlap,1802,2783,0.13249437595588867,0.12782015664207405,0.9968506251175755,88.84031090389603,0.056374345238246505,0,0.07626536667238923,1
l_shape_partial_overlap_hard_mixed,partial_overlap,1803,25,0.019455818787000628,0.014601514398740276,0.9812075090316822,52.46897654547929,0.18371370276345475,1,0.06558405956310807,1
l_shape_partial_overlap_hard_mixed,partial_overlap,1804,2978,0.02761367259089732,0.02358031571696137,0.9939452604065968,96.917452712526,-0.5161441356717765,1,0.05996363389573665,1
l_shape_partial_overlap_hard_mixed,partial_overlap,1805,2414,0.022461340688335513,0.01620481053606888,0.9896150883528949,60.17050620610104,-0.3451299313523013,1,0.08730346726438812,0
l_shape_partial_overlap_hard_mixed,partial_overlap,1809,2376,0.04044066678641172,0.0314273666452496,0.9987973220286623,50.61466850492171,0.06669130998260557,1,0.07882520636889302,1
l_shape_partial_overlap_hard_mixed,partial_overlap,1810,561,0.030865070699301948,0.016667437899482482,0.9679886207129462,86.05925738293233,0.13188186918627456,0,0.03659488074500138,1
l_shape_partial_overlap_hard_mixed,partial_overlap,1812,2506,0.02576984118217797,0.018949622570425047,0.9578292342194168,60.81853328354425,0.0592193043715612,1,0.05673447368276834,1
l_shape_partial_overlap_hard_mixed,partial_overlap,1814,2042,0.1123916943247332,0.10997366743038424,0.9960901932076911,43.91000048966314,0.08519473860722715,1,0.05532439914640727,1
l_shape_partial_overlap_hard_mixed,partial_overlap,1815,424,0.021757185501353686,0.019161790591563328,0.9957542559046886,63.06147779286342,0.1770022393335866,1,0.06886042655732393,1
l_shape_partial_overlap_hard_mixed,partial_overlap,1817,2800,0.014643074530640728,0.006001014644019954,0.9791383221976839,53.25589831379238,0.15168449936915282,1,0.04336861554767787,1
l_shape_partial_overlap_hard_mixed,partial_overlap,1818,2926,0.051749174153851205,0.04899706913482224,0.8995268681440187,107.86519364038585,0.15168441140634326,1,0.08830642231663863,0
l_shape_partial_overlap_hard_mixed,partial_overlap,1819,1582,0.03084445791074383,0.015443674121819118,0.9997470289227891,39.66872854858486,-0.06837722372686757,0,0.006047922444106561,1
l_shape_partial_overlap_hard_mixed,partial_overlap,1820,194,0.1295400711519941,0.12721440956573798,0.9962663029519546,60.78618800395104,-0.14841980511854327,0,0.08055908574161684,0
l_shape_partial_overlap_hard_mixed,partial_overlap,1822,2124,0.04030009477993735,0.03143178361157797,0.9994114919526232,37.8099154129701,-0.030636937054516686,1,0.031092567577313934,1
l_shape_partial_overlap_hard_mixed,partial_overlap,1824,487,0.025316791091765236,0.01628824220379259,0.6902173533824109,114.83637265261856,0.24623401086897165,0,0.09311859576259926,0
l_shape_partial_overlap_hard_mixed,partial_overlap,1825,2357,0.027235896537345212,0.02083026545694848,0.9979863987136124,97.64598017716054,-0.09962970999663263,1,0.02230020597648521,1
l_shape_partial_overlap_hard_mixed,partial_overlap,1826,1357,0.02700406750185563,0.0037064683035191847,0.9858881362174294,40.82769233386683,-0.307484435042308,1,0.06282606437532422,1
l_shape_partial_overlap_hard_mixed,partial_overlap,1827,2072,0.013133818491510777,0.00525252388731725,0.994971480194382,67.59852452510026,0.21259313225061882,1,0.05336215203149305,1
l_shape_partial_overlap_hard_mixed,partial_overlap,1829,51,0.061406405872261684,0.046666484661072136,0.994903294299815,78.87784753528553,0.056374345238246505,0,0.06208079319186253,1
l_shape_partial_overlap_hard_mixed,partial_overlap,1831,1603,0.041525826300203766,0.026521279122663402,0.9929259767824314,40.00518266989014,0.12601676268879833,0,0.036469298131388196,1
l_shape_partial_overlap_hard_mixed,partial_overlap,1832,1897,0.021392669827144835,0.01915338912139621,0.9676992477158579,81.93681769573195,-0.1861601436426242,1,0.07149503903899633,1
l_shape_partial_overlap_hard_mixed,partial_overlap,1833,270,0.023297936215326664,0.019181517648894673,0.9977553807862055,38.72677281457575,0.08338152198261992,1,0.02588823341838455,1
l_shape_partial_overlap_hard_mixed,partial_overlap,1834,510,0.09321746609050265,0.08689088444338577,0.8294747433886145,48.68497393177923,0.19452454512899964,0,0.10314931880620738,0
l_shape_partial_overlap_hard_mixed,partial_overlap,1836,2246,0.028932084615022915,0.020395429904507233,0.9914827988102266,32.86382064187999,0.0651540200882974,1,0.026172847482832357,1
l_shape_partial_overlap_hard_mixed,partial_overlap,1837,2456,0.07627877720785674,0.07550877586963874,0.99907871458504,64.39766081176568,-0.14841983845179404,1,0.026763697137947226,1
l_shape_partial_overlap_hard_mixed,partial_overlap,1838,2005,0.05875883470736307,0.05153865103396224,0.1563695897843276,42.77090353628079,0.024851699571007795,0,0.09947400929037926,0
l_shape_partial_overlap_hard_mixed,partial_overlap,1840,2107,0.009073110858532117,0.007975031108998094,0.9776715189031435,78.75494877440019,-0.046637268181641996,1,0.07954117339743243,1
l_shape_partial_overlap_hard_mixed,partial_overlap,1841,1194,0.028965112787545093,0.015055012522754263,0.9992448407029227,33.39847618083519,0.15906454757099997,1,0.04250609924215173,1
l_shape_partial_overlap_hard_mixed,partial_overlap,1842,1697,0.06336488189989074,0.0489683835915724,0.9291382379542021,36.41283470801328,-0.09840951825222455,0,0.016961659535271466,1
l_shape_partial_overlap_hard_mixed,partial_overlap,1843,2097,0.1423674677871807,0.14039456296140365,0.9980596809051548,86.4063340378255,0.25704484541439293,0,0.06624041339027084,1
l_shape_partial_overlap_hard_mixed,partial_overlap,1845,1429,0.053049092590286,0.03838139433205885,0.7490671763222277,101.71629483739073,-0.19493977616472935,0,0.10118946143005521,0
l_shape_partial_overlap_hard_mixed,partial_overlap,1849,1233,0.03016170595037747,0.018106845738815585,0.8848370251354809,63.67990213255636,0.08925159469508682,0,0.026775550713770694,1
l_shape_partial_overlap_hard_mixed,partial_overlap,1850,1251,0.08606541365269407,0.07626992449071168,0.9957407114613938,65.94913452500164,-0.14841983845179404,0,0.011316606513765703,1
l_shape_partial_overlap_hard_mixed,partial_overlap,1851,534,0.024325708360681035,0.020910606297757237,0.9911653801364976,89.08938973316059,-0.11451834884498632,0,0.06436513161880308,1
l_shape_partial_overlap_hard_mixed,partial_overlap,1852,2610,0.04235374604350763,0.03149222411795576,0.9949168716719758,33.47240130649976,-0.14841976982452948,1,0.03639223228808958,1
l_shape_partial_overlap_hard_mixed,partial_overlap,1853,1966,0.03578690105322353,0.02930843141612494,0.32179559772425403,78.13490040208221,0.20440119174994653,0,0.10087571488427517,0
l_shape_partial_overlap_hard_mixed,partial_overlap,1856,2838,0.02243146370666535,0.018890530972026913,0.9858174728807843,47.46553936335958,0.14784569254577246,1,0.02552356358445733,1
l_shape_partial_overlap_hard_mixed,partial_overlap,1858,2752,0.0514893976620112,0.0399277850199244,0.9982445140706055,69.66683520442486,0.0651540200882974,0,0.071499312755418,1
l_shape_partial_overlap_hard_mixed,partial_overlap,1859,1753,0.027815831173223782,0.01384062841525692,0.9555492924161805,76.8886383691508,0.024851699571007795,0,0.05642656633863242,1
l_shape_partial_overlap_hard_mixed,partial_overlap,1860,625,0.031626391003110765,0.010793663429041585,0.9532936368882801,86.67551932767674,0.19452454512899964,1,0.05608602958062097,1
l_shape_partial_overlap_hard_mixed,partial_overlap,1861,1966,0.028839470703232367,0.016230346616542726,0.23234858383588114,81.20406587772574,0.23106941820623472,0,0.04280291693397427,1
l_shape_partial_overlap_hard_mixed,partial_overlap,1862,222,0.014850800281870035,0.011075579477312952,0.9999697030322288,66.42071994530491,-0.14841987608612767,1,0.060992003796130796,1
l_shape_partial_overlap_hard_mixed,partial_overlap,1863,763,0.08360970313545014,0.08203121935677263,0.9963749074166538,68.258897668548,-0.1039681180416598,1,0.056978254294183336,1
l_shape_partial_overlap_hard_mixed,partial_overlap,1864,1484,0.058392530416725076,0.05078180761029321,0.9964832581238271,73.31150666472801,0.2231433013144909,1,0.15498487396984867,0
l_shape_partial_overlap_hard_mixed,partial_overlap,1865,1769,0.06739446739720932,0.06531009521819857,0.9996618423178224,42.58923495802809,0.08338152198261992,0,0.05491385423093592,1
l_shape_partial_overlap_hard_mixed,partial_overlap,1866,2772,0.04900283119976064,0.040970580056219806,0.9981898112965565,56.01162710196549,-0.2710220278798344,0,0.1221592293384443,0
l_shape_partial_overlap_hard_mixed,partial_overlap,1871,2539,0.04256141770153168,0.03062515275768105,0.994577765999472,59.14009240148366,-0.4087028404316607,0,0.027779518882591916,1
l_shape_partial_overlap_hard_mixed,partial_overlap,1872,2139,0.03935895222149515,0.033520818600458774,0.9972670068525193,70.63662941790254,0.1743531966687958,1,0.061779339822436066,1
l_shape_partial_overlap_hard_mixed,partial_overlap,1873,1232,0.03161949040652288,0.011882891506759764,0.975593454777411,69.77304247855685,0.08115437366440634,0,0.07299265580453822,1
l_shape_partial_overlap_hard_mixed,partial_overlap,1876,2390,0.06256530595996693,0.058740115617771496,0.9664827237614544,44.35719163024838,-0.21094018419164462,0,0.05533646643348256,1
l_shape_partial_overlap_hard_mixed,partial_overlap,1877,1716,0.11053336362025162,0.09834720770936821,0.9939729325826427,68.82445891663595,0.10940895177762185,0,0.012081577796215421,1
l_shape_partial_overlap_hard_mixed,partial_overlap,1878,1592,0.036056716110333877,0.03105498998772621,0.9646106130079385,99.22187513647751,-0.18924179130542496,1,0.06812797049224144,1
l_shape_partial_overlap_hard_mixed,partial_overlap,1879,2222,0.02702463544773016,0.02234621261230565,0.9884544078057437,41.683642006192194,0.04263520418449953,1,0.022007022298709218,1
l_shape_partial_overlap_hard_mixed,partial_overlap,1880,2673,0.1141875281332754,0.0868940079220783,0.9816900683604428,44.9201018083659,0.08338152198261992,0,0.1002133058880459,0
l_shape_partial_overlap_hard_mixed,partial_overlap,1881,1444,0.026781104090063068,0.023035935320187773,0.9993471100885021,45.31493064411421,-0.14841982330031464,1,0.05977825179532124,1
l_shape_partial_overlap_hard_mixed,partial_overlap,1882,3037,0.07663099957825374,0.0688871133724088,0.9992631489202425,114.95752519961002,0.15386065703627666,1,0.033655291068381395,1
l_shape_partial_overlap_hard_mixed,partial_overlap,1885,2661,0.0379548517593734,0.023281095887786568,0.9053637470521348,54.282320087091776,-0.07431198351403495,1,0.08111789180928723,0
l_shape_partial_overlap_hard_mixed,partial_overlap,1886,1727,0.02161148578000517,0.019105906480784245,0.9347273787905057,85.847157775608,-0.04020639117403248,1,0.01213333486138067,1
l_shape_partial_overlap_hard_mixed,partial_overlap,1889,71,0.09461343539353298,0.09393028470021308,0.9981158170390089,82.60565090873492,0.011922632074472318,0,0.06622088847801283,1
l_shape_partial_overlap_hard_mixed,partial_overlap,1890,1422,0.03695633642874744,0.030767538997140794,0.9313651816496484,78.25452670722517,-0.22252775474474604,1,0.15223399407731794,0
l_shape_partial_overlap_hard_mixed,partial_overlap,1891,1892,0.052355778989708404,0.042623561262295655,0.7770053412329471,113.97402661925355,0.011922632074472318,0,0.16529501825443801,0
l_shape_partial_overlap_hard_mixed,partial_overlap,1893,1827,0.04032925767236531,0.020981558396719644,0.995337576159013,92.67701555044347,0.1800838329651656,0,0.018502285403613556,1
l_shape_partial_overlap_hard_mixed,partial_overlap,1894,565,0.03589921693353916,0.0335148535891988,0.9649284350979592,86.33198559885163,-0.14841981464232767,1,0.1120987707627874,0
l_shape_partial_overlap_hard_mixed,partial_overlap,1895,2104,0.1438591003917216,0.13599776997764645,0.9903834030546403,142.7854165440866,-0.24372987128663998,0,0.10334695432231221,0
l_shape_partial_overlap_hard_mixed,partial_overlap,1896,2005,0.05130903724762588,0.007714646387450548,0.9595550424865418,32.07682205352204,-0.07045841432427155,0,0.024189065552097263,1
l_shape_partial_overlap_hard_mixed,partial_overlap,1897,1675,0.03314209195880283,0.009471530282430144,0.9284431764351415,60.20037989172183,0.03816592645778955,0,0.06115358698851481,1
l_shape_partial_overlap_hard_mixed,partial_overlap,1898,955,0.04606306024781579,0.044805725201819094,0.9887566598755354,43.042072267801124,-0.18924179130542496,1,0.06685637061658804,1
l_shape_partial_overlap_hard_mixed,partial_overlap,1899,158,0.07396192292401839,0.05178831599334406,0.9997480685977895,36.998157340800596,0.16173475348877484,0,0.08439486174752504,0
l_shape_partial_overlap_hard_mixed,partial_overlap,1900,2865,0.03860497489767424,0.03349077316808684,0.9961749766131396,37.77340426022671,-0.4062488296612172,1,0.010193723532871214,1
l_shape_partial_overlap_hard_mixed,partial_overlap,1901,2273,0.09225232477575802,0.08793001659693124,0.9664997584854493,68.72748947398519,-0.1039681180416598,0,0.06447451293861041,1
l_shape_partial_overlap_hard_mixed,partial_overlap,1902,2225,0.030704821022554316,0.024276868975021487,0.9977804282689944,27.83898159724268,-0.1484198312054339,1,0.05744059981699294,1
l_shape_partial_overlap_hard_mixed,partial_overlap,1903,97,0.07188948071222995,0.06792729271400749,0.9997405506396474,32.49070123114005,-0.06386256860058087,0,0.0304387556733261,1
l_shape_partial_overlap_hard_mixed,partial_overlap,1904,1505,0.09998449805009076,0.09745235268522329,0.9970172385438274,101.5965401953241,-0.06503832313582608,0,0.0565947758563551,1
l_shape_partial_overlap_hard_mixed,partial_overlap,1905,1527,0.038109628940164134,0.029680936580176072,0.9773054181532719,35.82929078764656,0.16173481005433238,1,0.016250911432909118,1
l_shape_partial_overlap_hard_mixed,partial_overlap,1907,2145,0.06521196184594491,0.06382206462028475,0.9965888703156893,31.027193774452677,-0.07145888990814764,1,0.010593923855054407,1
l_shape_partial_overlap_hard_mixed,partial_overlap,1908,1437,0.03131934267423672,0.024462929063254688,0.9989154206254237,89.07754989232407,0.04829023788559933,1,0.054139963128927944,1
l_shape_partial_overlap_hard_mixed,partial_overlap,1909,1068,0.023861440449262063,0.013427131293732308,0.9947894947015342,52.88146190405789,0.09274195104937341,1,0.06422105808827863,1
l_shape_partial_overlap_hard_mixed,partial_overlap,1910,2161,0.02139193124878931,0.006930571170529354,0.9915305479526098,45.5736519047935,-0.2751715222118586,1,0.03974825269756044,1
l_shape_partial_overlap_hard_mixed,partial_overlap,1911,2681,0.04236512944941197,0.041149867423655805,0.9801826832622504,28.41899805548624,-0.01488859910090564,0,0.04444300105913253,1
l_shape_partial_overlap_hard_mixed,partial_overlap,1913,422,0.05545082969806246,0.053507716919432305,0.9925798992717428,56.55590609338914,-0.27847293756715163,0,0.04401460771598573,1
l_shape_partial_overlap_hard_mixed,partial_overlap,1917,1278,0.10430133500908682,0.10344210982608937,0.9965626136709756,36.370852559646266,-0.025817654597878572,1,0.06548053624324489,1
l_shape_partial_overlap_hard_mixed,partial_overlap,1919,1813,0.03814917837576248,0.023504520597845562,0.2015324242181845,82.32923813101424,0.02343023371629466,0,0.08841654428083706,0
l_shape_partial_overlap_hard_mixed,partial_overlap,1920,1004,0.15083563327506527,0.13134249190318603,0.936977930699848,52.99928171411331,0.056374345238246505,0,0.06580190592984227,1
l_shape_partial_overlap_hard_mixed,partial_overlap,1921,2483,0.033250810332760644,0.022106409973566957,0.9920522169202988,104.25327000802154,-0.12024903688180501,0,0.027476860402575385,1
l_shape_partial_overlap_hard_mixed,partial_overlap,1922,488,0.018067348595730292,0.002965687810574752,0.9627208490219408,47.82775987955387,-0.0661818580091568,1,0.0378244831676152,1
l_shape_partial_overlap_hard_mixed,partial_overlap,1924,2628,0.033373539392922764,0.013256385145807657,0.9979297238067234,72.3989222884765,-0.10586026932280505,0,0.09093330302182248,0
l_shape_partial_overlap_hard_mixed,partial_overlap,1925,790,0.047769049313764814,0.04569228175540192,0.9941697330185933,37.40174768987647,-0.12175167055395592,1,0.04232194200172201,1
l_shape_partial_overlap_hard_mixed,partial_overlap,1927,1447,0.10488626092880755,0.10268098951549834,0.9983375657585766,67.73004539922962,0.25704484541439293,0,0.08135512648021374,0
l_shape_partial_overlap_hard_mixed,partial_overlap,1928,667,0.011427316365466988,0.004276931528801615,0.9805555370404018,31.9409077652044,-0.0018165297302265308,1,0.017562504779666258,1
l_shape_partial_overlap_hard_mixed,partial_overlap,1930,2125,0.046717105948819324,0.02646847543650838,0.9559895942020291,97.8362179895629,-0.06503832313582608,1,0.10084166664008744,0
l_shape_partial_overlap_hard_mixed,partial_overlap,1931,2452,0.027913965874816298,0.014680394444513675,0.9993845321019654,44.73027615241322,-0.14841981464232767,0,0.01575170646605424,1
l_shape_partial_overlap_hard_mixed,partial_overlap,1932,562,0.01796006208520243,0.0014310635567843428,0.981663463985222,37.98015962564586,0.05921932280101972,1,0.01794515300010964,1
l_shape_partial_overlap_hard_mixed,partial_overlap,1933,1140,0.047674556040921835,0.0316777805843807,0.9993704629293858,68.40985311873335,0.10289430676064813,0,0.0829053739079214,0
l_shape_partial_overlap_hard_mixed,partial_overlap,1935,863,0.05119423077813173,0.042997129958122146,0.9247115760472328,108.4659043561555,-0.0350912840970206,0,0.12501604786003384,0
l_shape_partial_overlap_hard_mixed,partial_overlap,1936,1474,0.10604762323210905,0.09914532946406417,0.9981581008486802,113.07152276224593,0.07472345619604473,0,0.04034504072314278,1
l_shape_partial_overlap_hard_mixed,partial_overlap,1938,902,0.02267277523456398,0.010201007146589006,0.9587949328947875,104.95180297797552,-0.014888594636629237,1,0.07964641892584556,1
l_shape_partial_overlap_hard_mixed,partial_overlap,1939,1832,0.03638539758269931,0.027382743193844886,0.9983174069586296,82.62695148461755,-0.42035309857903946,1,0.08342115981769568,0
l_shape_partial_overlap_hard_mixed,partial_overlap,1940,1870,0.03987014975839326,0.019511558152465424,0.9386581151183406,61.341949824539874,-0.03841908713264045,1,0.07748953139596115,1
l_shape_partial_overlap_hard_mixed,partial_overlap,1942,2121,0.09176098055028326,0.09169583558618631,0.9695875387802175,73.33743576554083,-0.014888594636629237,0,0.060391920048332326,1
l_shape_partial_overlap_hard_mixed,partial_overlap,1943,2815,0.04256982371535118,0.02909437988727032,0.9476151990206768,58.86727861577484,-0.2415102764228635,1,0.0379244520726199,1
l_shape_partial_overlap_hard_mixed,partial_overlap,1944,15,0.11730873696075471,0.11720724799283648,0.9987660775747923,44.352233356840074,-0.09962970999663263,0,0.05222385816259044,1
l_shape_partial_overlap_hard_mixed,partial_overlap,1946,425,0.02345182269826782,0.014263935635344047,0.9497476521436581,107.4701364371734,-0.09712657652038195,1,0.04922495556438088,1
l_shape_partial_overlap_hard_mixed,partial_overlap,1947,238,0.051665502556932245,0.04679670211421286,0.9878813681096692,37.809944222670225,-0.1484198622612682,0,0.04712196508813742,1
l_shape_partial_overlap_hard_mixed,partial_overlap,1948,1357,0.045779694037291825,0.03444809180299031,0.9906233849794964,53.24371683996428,-0.34257571913932866,0,0.0512187698280207,1
l_shape_partial_overlap_hard_mixed,partial_overlap,1949,704,0.023885186580920946,0.02059066358091472,0.962632717569533,87.59592950845408,0.06414139599196522,0,0.01888441862867135,1
l_shape_partial_overlap_hard_mixed,partial_overlap,1951,2622,0.05814722150956978,0.009638663831129496,0.990116079443853,38.486987138769216,-0.08172855720476162,0,0.08748215151150818,0
l_shape_partial_overlap_hard_mixed,partial_overlap,1952,2436,0.005993821127751867,0.003261698312039859,0.9946450005627572,48.252826346075004,-0.12310211315968177,1,0.03578330125903375,1
l_shape_partial_overlap_hard_mixed,partial_overlap,1953,2225,0.04136872248431166,0.029028736268648606,0.9955191398417379,35.91758446025859,-0.06503832313582608,0,0.013279957160724954,1
l_shape_partial_overlap_hard_mixed,partial_overlap,1954,755,0.023798887877946352,0.008748056227686327,0.9990089957998407,30.39835132339064,0.0011117279566338206,1,0.0282465535974457,1
l_shape_partial_overlap_hard_mixed,partial_overlap,1955,1879,0.022295231361926345,0.01416837341755292,0.9976197690147948,150.9960433760145,-0.09435264642129719,0,0.08419350827977663,0
l_shape_partial_overlap_hard_mixed,partial_overlap,1958,122,0.09495881444497178,0.09126233743898832,0.9955665263114974,96.03828406071746,0.02343021562423119,1,0.031505036015001944,1
l_shape_partial_overlap_hard_mixed,partial_overlap,1959,698,0.020017614564704685,0.011140169568440167,0.9891281238332135,76.08474853895301,0.05225065499036653,1,0.06059129150826905,1
l_shape_partial_overlap_hard_mixed,partial_overlap,1960,225,0.046602557503967884,0.034464145802074846,0.9994221420182597,37.71751971040923,0.04829023788559933,0,0.1274546255718088,0
l_shape_partial_overlap_hard_mixed,partial_overlap,1961,2262,0.02997158951553838,0.017652232989546195,0.9980152025859578,96.71075581322809,-0.08779531161072071,0,0.023396081162717443,1
l_shape_partial_overlap_hard_mixed,partial_overlap,1963,1116,0.07861417100618956,0.07358237512566107,0.9958874067432456,35.588344928739396,-0.0350912840970206,1,0.06878303464805526,1
l_shape_partial_overlap_hard_mixed,partial_overlap,1964,433,0.039557750081511474,0.03378776656137089,0.9541945560250773,54.72186404846841,0.029261152093353223,0,0.05944344814273304,1
l_shape_partial_overlap_hard_mixed,partial_overlap,1965,1691,0.06400306421066213,0.04694216154228323,0.8562937137937096,138.37806838908568,0.2231433013144909,0,0.0965388860298358,0
l_shape_partial_overlap_hard_mixed,partial_overlap,1966,2717,0.024828766184471218,0.011329104529816626,0.2651636431570375,92.55991983518201,-0.08779531161072071,0,0.05967168601971223,1
l_shape_partial_overlap_hard_mixed,partial_overlap,1967,614,0.019617991374501816,0.004019448958473243,0.9965146146550111,51.7325396420954,0.08338152198261992,1,0.047301544788649535,1
l_shape_partial_overlap_hard_mixed,partial_overlap,1968,1878,0.04667547778780473,0.0048793965528127455,0.9973306034480669,39.1945496891787,0.10751326283623643,0,0.032889486796741745,1
l_shape_partial_overlap_hard_mixed,partial_overlap,1969,2251,0.05599521260872971,0.052006101564608366,0.7725767283436111,88.83938094880855,-0.2576190437678657,1,0.11881044527969357,0
l_shape_partial_overlap_hard_mixed,partial_overlap,1970,2252,0.053886627979110625,0.018567412192835246,0.9997502652979826,37.974377266973114,-0.14841978289638433,0,0.01007309801430843,1
l_shape_partial_overlap_hard_mixed,partial_overlap,1971,462,0.04318292667122648,0.018290768263676035,0.8592029127730932,71.98254757918926,-0.27847293756715163,0,0.10940073385003694,0
l_shape_partial_overlap_hard_mixed,partial_overlap,1972,1379,0.11052192609664786,0.10440365925569345,0.9959640423464952,112.35782682460489,0.04829023788559933,0,0.03356815712616352,1
l_shape_partial_overlap_hard_mixed,partial_overlap,1973,1673,0.019944477666824112,0.006207091782553062,0.992777217787515,33.88698852006763,0.1278332351463941,1,0.008231990864091411,1
l_shape_partial_overlap_hard_mixed,partial_overlap,1975,1717,0.10738868751218836,0.10007577813120798,0.9862852823168516,89.63195176172594,-0.3820343716512779,1,0.09677393519527096,0
l_shape_partial_overlap_hard_mixed,partial_overlap,1976,731,0.02367679884436243,0.004735365234145021,0.8302458048687251,53.292181263909335,0.3440561491717612,1,0.12132791731181111,0
l_shape_partial_overlap_hard_mixed,partial_overlap,1977,2959,0.04799954298538119,0.022893632037732394,0.8542934101465056,70.9937203081423,-0.17827282477430917,0,0.12770847422522727,0
l_shape_partial_overlap_hard_mixed,partial_overlap,1979,1469,0.07279839434644288,0.06920300232094187,0.8116196446698865,45.1438738106612,0.1392618867781865,0,0.06069075652483877,1
l_shape_partial_overlap_hard_mixed,partial_overlap,1981,1691,0.0511315305088247,0.04317663260773495,0.892185987524387,136.70296311703743,0.2231433013144909,1,0.08203416953808025,0
l_shape_partial_overlap_hard_mixed,partial_overlap,1982,158,0.06257814376374338,0.056184926695497524,0.9880702743693068,57.317906934116145,0.28689778271739413,0,0.1302064843935885,0
l_shape_partial_overlap_hard_mixed,partial_overlap,1983,2180,0.03449546481616048,0.023283271476419384,0.9666706620501642,82.96811560820628,0.16173481005433238,1,0.08835182080322834,0
l_shape_partial_overlap_hard_mixed,partial_overlap,1984,1570,0.11060869980720553,0.10614868874007032,0.9769703360662866,58.48093065131428,0.03390151834238077,1,0.09770218861714744,0
l_shape_partial_overlap_hard_mixed,partial_overlap,1985,1285,0.03607787264071021,0.03173270224376544,0.9971209202800511,51.636054973190994,-0.2576190437678657,1,0.07531865208624695,1
l_shape_partial_overlap_hard_mixed,partial_overlap,1987,1706,0.1042721122391406,0.09845116968237992,0.994418122615062,67.32578620945418,-0.008658051873563024,0,0.02833402070019635,1
l_shape_partial_overlap_hard_mixed,partial_overlap,1988,2835,0.04294460274573747,0.0002360966322325779,0.9970908672741674,60.708703479431655,0.15168441140634326,0,0.06404500653319521,1
l_shape_partial_overlap_hard_mixed,partial_overlap,1991,856,0.048202266891426995,0.021668636711985902,0.9918060558325646,86.82897876591153,-0.014888594636629237,0,0.012599113327516499,1
l_shape_partial_overlap_hard_mixed,partial_overlap,1992,2289,0.03309265134220401,0.030571950951317824,0.9688714761188076,35.38683508938985,-0.030636950017457837,1,0.03345528790330036,1
l_shape_partial_overlap_hard_mixed,partial_overlap,1993,1736,0.04300641579568979,0.024932595553282443,0.9990131945787647,47.72057557208557,0.018634058565895624,0,0.015961919365047997,1
l_shape_partial_overlap_hard_mixed,partial_overlap,1994,2912,0.02814138534718418,0.016831911022224796,0.9161418270497124,121.62218152444767,0.06864444986090666,0,0.056215871047065755,1
l_shape_partial_overlap_hard_mixed,partial_overlap,1995,554,0.04765254314118289,0.02233699723183513,0.9998536179942555,41.83022643574082,-0.22638138780431313,0,0.06614133765262838,1
l_shape_partial_overlap_hard_mixed,partial_overlap,1996,1210,0.06969653983459018,0.06106720203625556,0.9986591578999165,106.29858105057603,0.052250619636902806,1,0.028138573186837493,1
l_shape_partial_overlap_hard_mixed,partial_overlap,1998,462,0.030892213299983907,0.004129368762672536,0.6591748962538161,69.44125237445357,-0.17311250246481916,0,0.09720673934005009,0
l_shape_partial_overlap_hard_mixed,partial_overlap,1999,774,0.11602316361996201,0.11212728266920378,0.9962477399011751,64.04509117278884,0.10289430676064813,0,0.07925450164286887,1
l_shape_partial_overlap_hard_mixed,partial_overlap,2000,1638,0.11218816588581774,0.10710882333627439,0.9810665939960015,60.32886060736007,0.21930450150311315,0,0.08714656981180445,0
l_shape_partial_overlap_hard_mixed,partial_overlap,2001,1597,0.05470288145465124,0.04112044047904661,0.7919310950181709,47.78432724390504,-0.0794270598218667,1,0.0749473390301138,1
l_shape_partial_overlap_hard_mixed,partial_overlap,2003,2940,0.035634746369807395,0.03122323920870014,0.9959261784417975,57.88513273812029,0.11394412473399235,0,0.07035739758395833,1
l_shape_partial_overlap_hard_mixed,partial_overlap,2004,2357,0.04713081849856092,0.007428981053922904,0.998257427805499,92.15120711015011,0.03390151000906574,0,0.04730707191264288,1
l_shape_partial_overlap_hard_mixed,partial_overlap,2005,2662,0.11811042513874437,0.11429546288319996,0.8684078224607675,115.55236860843786,0.03390151000906574,0,0.10654090070914578,0
l_shape_partial_overlap_hard_mixed,partial_overlap,2006,2980,0.056118165830555754,0.051418956826197355,0.6275520948186611,39.64622282503849,-0.23180135318805384,0,0.09507926598434759,0
l_shape_partial_overlap_hard_mixed,partial_overlap,2007,2068,0.12843211981342267,0.12069542283588686,0.9975049414855697,32.59091340073556,-0.1484198622612682,0,0.057129151912772416,1
l_shape_partial_overlap_hard_mixed,partial_overlap,2010,1165,0.031914320941526485,0.019376279238623614,0.987059404930934,54.965788237484986,-0.1719503934476951,0,0.04768716257916313,1
l_shape_partial_overlap_hard_mixed,partial_overlap,2015,56,0.019913157879732385,0.01710644912940891,0.9450349272211627,66.91264503470866,-0.18016854919911507,1,0.0774583737939739,1
l_shape_partial_overlap_hard_mixed,partial_overlap,2016,2949,0.03707597411334902,0.030813368318152855,0.9842016799105561,55.97757271088303,-0.3532140255088344,1,0.1376128848757668,0
l_shape_partial_overlap_hard_mixed,partial_overlap,2017,2729,0.05131759864330326,0.03546069569478346,0.9993393679803759,43.72120800001058,0.01284813449913051,0,0.05051764648222915,1
l_shape_partial_overlap_hard_mixed,partial_overlap,2018,1241,0.07242308511172076,0.07032538358968066,0.9997900828842311,52.705669732030444,0.040821952853630904,0,0.05840974399421382,1
l_shape_partial_overlap_hard_mixed,partial_overlap,2020,2080,0.033960699384563114,0.020876180541871733,0.9692223330467169,88.61356892320443,0.18805201721747017,1,0.16047026510463552,0
l_shape_partial_overlap_hard_mixed,partial_overlap,2025,1870,0.04214357513368507,0.028473728714441253,0.9985482126935956,42.15543901248531,0.002402883220962277,0,0.039417134873838085,1
l_shape_partial_overlap_hard_mixed,partial_overlap,2026,269,0.010480767292750654,0.003405204779218657,0.9921400447591463,81.46265233114791,-0.1484198312054339,1,0.06219993958636079,1
l_shape_partial_overlap_hard_mixed,partial_overlap,2027,1082,0.027753331839340277,0.022944872687232738,0.9969541801570726,58.16649576424251,0.07472345619604473,1,0.046790986854870036,1
l_shape_partial_overlap_hard_mixed,partial_overlap,2028,2037,0.05477282413460092,0.048599192648735995,0.9931428337181806,42.55461527395998,-0.1719503934476951,0,0.07795344105796367,1
l_shape_partial_overlap_hard_mixed,partial_overlap,2030,1936,0.0793648930941727,0.07502492142184233,0.9971938418453158,152.0252496765044,-0.2537801596655051,1,0.055451460624228836,1
l_shape_partial_overlap_hard_mixed,partial_overlap,2031,1265,0.04064417366328574,0.02564445191391552,0.9993105620292759,33.87736127218602,-0.14841982330031464,1,0.07910719102294014,1
l_shape_partial_overlap_hard_mixed,partial_overlap,2032,1225,0.015958162487849068,0.004762871779449328,0.9976501600237809,29.239786121345443,-0.10759789226481506,1,0.05153706608896369,1
l_shape_partial_overlap_hard_mixed,partial_overlap,2033,1299,0.03745765997363742,0.001964854527568014,0.945929416099767,74.45222657082076,-0.02058660997205198,0,0.09054406928592103,0
l_shape_partial_overlap_hard_mixed,partial_overlap,2034,482,0.06102139615883368,0.058910859565083365,0.8942383699233837,72.44402043888537,-0.07696096706212566,0,0.1346178185083555,0
l_shape_partial_overlap_hard_mixed,partial_overlap,2036,15,0.11406702479875283,0.11054971795274393,0.9962740531652075,51.139111629052266,-0.053109757132217876,0,0.07617349897810786,1
l_shape_partial_overlap_hard_mixed,partial_overlap,2037,185,0.03973453188072528,0.03180207638053645,0.9892947392416661,73.43437839425624,-0.14841991420923828,1,0.05622636094981637,1
l_shape_partial_overlap_hard_mixed,partial_overlap,2038,3002,0.06721331206440974,0.061390485348233714,0.9849354477153006,80.36903931443786,-0.02058660997205198,1,0.12110287083131786,0
l_shape_partial_overlap_hard_mixed,partial_overlap,2040,529,0.03945736209025118,0.025404002380830643,0.9953735079008759,43.797092298581624,-0.25663340221285635,1,0.05902729104973086,1
l_shape_partial_overlap_hard_mixed,partial_overlap,2041,2194,0.08711343643355789,0.057405227291108474,0.9768039746887751,96.39088070481371,-0.025817654597878572,0,0.06720600364784086,1
l_shape_partial_overlap_hard_mixed,partial_overlap,2043,1768,0.030081523050037483,0.009179571931092772,0.9935074937450298,51.89505369968102,-0.38958177838558666,1,0.0389871403901278,1
l_shape_partial_overlap_hard_mixed,partial_overlap,2044,781,0.06864091208595997,0.032752784741517514,0.9586475633847733,106.42272949139507,0.2410445066514014,0,0.06090075576650539,1
l_shape_partial_overlap_hard_mixed,partial_overlap,2046,664,0.01617256288434093,0.002167700607281494,0.9774827927390528,68.72124965627145,-0.1714094171062515,1,0.01929482785916133,1
l_shape_partial_overlap_hard_mixed,partial_overlap,2047,1166,0.022117592356113987,0.0037212733005590184,0.7607221574353469,52.88890388388138,-0.1861601436426242,1,0.09708217762206224,0
l_shape_partial_overlap_hard_mixed,partial_overlap,2049,488,0.03449821771269339,0.009524171636834645,0.907122066769634,67.6458273295821,0.03390152786617432,0,0.07667285156892611,1
l_shape_partial_overlap_hard_mixed,partial_overlap,2050,506,0.011455666600895,0.010136510401730579,0.9810420826958859,58.33246400369685,0.07472345619604473,1,0.03311409262881442,1
l_shape_partial_overlap_hard_mixed,partial_overlap,2051,740,0.039474715382831996,0.03678741804973843,0.984417603420056,75.79234602643746,0.04829023788559933,1,0.08985084400063592,0
l_shape_partial_overlap_hard_mixed,partial_overlap,2052,1737,0.009311832418801048,0.0070687297445212235,0.9372456823090465,56.738058379113234,0.03390152786617432,1,0.029121874769022896,1
l_shape_partial_overlap_hard_mixed,partial_overlap,2053,2660,0.05233095429026704,0.028681564359787706,0.9840109947761384,30.111284071627264,-0.6474103582131074,1,0.06690694556916744,1
l_shape_partial_overlap_hard_mixed,partial_overlap,2054,816,0.07210807433630911,0.05031174007915879,0.9946126848118959,31.017054759412638,-0.10586026932280505,0,0.033504050759987296,1
l_shape_partial_overlap_hard_mixed,partial_overlap,2055,1609,0.06235927200638564,0.03978512485853565,0.9265515823961665,66.47196813966879,-0.1039681180416598,0,0.09457019304674961,0
l_shape_partial_overlap_hard_mixed,partial_overlap,2056,1338,0.06210548039728801,0.060741816982012295,0.9995125797754583,32.32549599125839,-0.2662027583675507,1,0.055269533250268975,1
l_shape_partial_overlap_hard_mixed,partial_overlap,2060,1018,0.03023112548477144,0.023171529370347457,0.9982232219541765,53.638046389268276,0.08338152198261992,0,0.04789246175101706,1
l_shape_partial_overlap_hard_mixed,partial_overlap,2061,2187,0.03736410794815757,0.03600403202106166,0.9504084093945748,53.724206908534946,-0.07609929412007457,0,0.06679548097868114,1
l_shape_partial_overlap_hard_mixed,partial_overlap,2062,2286,0.027248772120970644,0.02654202758611892,0.9774922351492431,63.52174858171357,-0.2284624659972056,1,0.0407678406832389,1
l_shape_partial_overlap_hard_mixed,partial_overlap,2063,1609,0.02747178405580666,0.010298331070130451,0.8000427700362063,84.66547881285933,-0.14841982330031464,1,0.1342839996449021,0
l_shape_partial_overlap_hard_mixed,partial_overlap,2064,1817,0.028715680530574716,1.623561226379508e-05,0.9977634933091122,85.9577456210883,0.07472348994597892,1,0.03271903364389521,1
l_shape_partial_overlap_hard_mixed,partial_overlap,2065,2878,0.0896029937235042,0.08518824245216226,0.9863652233044614,85.25803890879175,0.1652373533321537,1,0.06510475236783894,1
l_shape_partial_overlap_hard_mixed,partial_overlap,2066,1900,0.09842760122844979,0.09837189722893132,0.9948281165583344,96.88371614494794,0.04263517672459831,0,0.05378991541283768,1
l_shape_partial_overlap_hard_mixed,partial_overlap,2068,372,0.0377344726800936,0.012798740650125272,0.9396082110950124,52.92295920558673,-0.12432237281917234,1,0.0268139502490399,1
l_shape_partial_overlap_hard_mixed,partial_overlap,2069,1800,0.05768184105495876,0.023539874790595224,0.9527975783193025,59.42590595480534,0.11394412473399235,0,0.054644283559114326,1
l_shape_partial_overlap_hard_mixed,partial_overlap,2070,1539,0.023564216296917323,0.0172541012984802,0.9862655170591044,60.22360378640493,0.17003356312162976,1,0.08964216424788592,0
l_shape_partial_overlap_hard_mixed,partial_overlap,2071,1742,0.018262366749586614,0.01065178988179955,0.8931060084731822,116.06209082087862,-0.1259470730036347,1,0.046229182468179364,1
l_shape_partial_overlap_hard_mixed,partial_overlap,2074,1447,0.10413040488805356,0.10327507707672616,0.9991649063429787,66.1534169479789,0.226273214209736,1,0.0758350207903827,1
l_shape_partial_overlap_hard_mixed,partial_overlap,2076,1766,0.05256810244440698,0.05083929845454081,0.9904644132140409,45.30085484446426,-0.38958177838558666,0,0.0633788745814809,1
l_shape_partial_overlap_hard_mixed,partial_overlap,2077,1538,0.10333119437795908,0.1012436357464389,0.9971142882030241,58.236001533660236,-0.06140855615903095,0,0.07387102244204263,1
l_shape_partial_overlap_hard_mixed,partial_overlap,2079,1879,0.021903326068412988,0.021270779705576365,0.9972844060229095,119.69753201241151,-0.3307410174686878,1,0.06489325785486405,1
l_shape_partial_overlap_hard_mixed,partial_overlap,2080,786,0.061124450246587095,0.05802391995781376,0.9878299320431695,26.521195180495187,-0.24605831248790197,0,0.01721997068819119,1
l_shape_partial_overlap_hard_mixed,partial_overlap,2085,2274,0.0378895961023393,0.009406180272894102,0.995505408128451,97.41932738029705,-0.09126152101694089,1,0.08801136107709595,0
l_shape_partial_overlap_hard_mixed,partial_overlap,2086,1501,0.02807034468313819,0.0070852341204003634,0.9706370395937698,100.25884298504238,0.18805201721747017,1,0.15999699647261673,0
l_shape_partial_overlap_hard_mixed,partial_overlap,2087,1898,0.03063388164194093,0.029166122523860347,0.97215507106481,48.79774382905163,-0.14841990255424173,0,0.053280773931198365,1
l_shape_partial_overlap_hard_mixed,partial_overlap,2088,2203,0.032180976529211924,0.015460185019825934,0.9996868504171629,28.24850710879458,0.10940902798067104,1,0.019404748334628366,1
l_shape_partial_overlap_hard_mixed,partial_overlap,2089,2167,0.028859690247190428,0.0017706792578682648,0.9172192727333228,51.98816253995429,-0.03719434214429282,0,0.06871717285414586,1
l_shape_partial_overlap_hard_mixed,partial_overlap,2090,1706,0.07220810239487684,0.07174906348549154,0.9997665429066286,55.149139170217445,-0.09962970999663263,1,0.04666557021959048,1
l_shape_partial_overlap_hard_mixed,partial_overlap,2093,2167,0.026924649503096965,0.016690249786916734,0.9681829896758886,36.88667331150797,-0.11943237496778307,0,0.061027883221240434,1
l_shape_partial_overlap_hard_mixed,partial_overlap,2094,510,0.13330232757079968,0.12565787003855156,0.9895363913113236,49.47769907559794,-0.02058660997205198,0,0.07948194074775292,1
l_shape_partial_overlap_hard_mixed,partial_overlap,2095,1748,0.03583999747221139,0.013140334630499295,0.9922327508131437,33.61843069421541,0.0693034334857339,0,0.04552578992432475,1
l_shape_partial_overlap_hard_mixed,partial_overlap,2098,1428,0.03166434308131577,0.027248942999356107,0.7704722456593422,80.84126975076573,0.15906454757099997,1,0.15864093184158595,0
l_shape_partial_overlap_hard_mixed,partial_overlap,2099,2449,0.08589664021469241,0.0786279846873718,0.996788386884956,32.645473716122474,0.11109109301239926,0,0.015150637810215369,1
l_shape_partial_overlap_hard_mixed,partial_overlap,2100,3003,0.024803050072712874,0.004908849463908836,0.9966452212360184,56.342957207257804,-0.030636937054516686,1,0.017310922198797846,1
l_shape_partial_overlap_hard_mixed,partial_overlap,2101,679,0.09082836493052625,0.0886971538058,0.9979049261766577,116.58539235631567,0.10289430676064813,1,0.05907308161278744,1
l_shape_partial_overlap_hard_mixed,partial_overlap,2102,930,0.03732154939077683,0.012000614744122116,0.9982151219104121,93.80325135189022,0.02593335155034978,0,0.06787580807544549,1
l_shape_partial_overlap_hard_mixed,partial_overlap,2103,2600,0.03081680597975069,0.015055376583238819,0.9678851799113288,76.90381220813032,-0.23180135318805384,1,0.13156016476853782,0
l_shape_partial_overlap_hard_mixed,partial_overlap,2104,451,0.05592599375329307,0.05397192279253767,0.9887974108715263,55.34813772897642,-0.14841984511844597,1,0.035007131222492875,1
l_shape_partial_overlap_hard_mixed,partial_overlap,2106,176,0.07908130051858273,0.07324192176544082,0.9943668558555272,43.33520948938232,0.08796863259530391,1,0.01059026000230368,1
l_shape_partial_overlap_hard_mixed,partial_overlap,2107,1750,0.03612896399188883,0.03298365744438905,0.9989612051195261,42.05336723891383,-0.14841981464232767,1,0.06964109303614756,1
l_shape_partial_overlap_hard_mixed,partial_overlap,2108,1147,0.05465196046869307,0.018439489101123245,0.9948824023481891,41.90772401410559,-0.1847874680723951,0,0.031153415756206743,1
l_shape_partial_overlap_hard_mixed,partial_overlap,2110,605,0.06650214860120361,0.05927384872626638,0.997641898628001,41.517681788600996,-0.5414621441541878,0,0.07888599434788042,1
l_shape_partial_overlap_hard_mixed,partial_overlap,2111,2823,0.07623861147339762,0.06776234133673005,0.9957039278012305,88.2480435516539,-0.11067956459992824,0,0.05479944061658543,1
l_shape_partial_overlap_hard_mixed,partial_overlap,2113,2898,0.032614956311684894,0.005738194070461597,0.8974777355984,105.35246468763923,0.07472347119601185,1,0.17496711366387688,0
l_shape_partial_overlap_hard_mixed,partial_overlap,2114,2108,0.031115340907619124,0.009993513786828551,0.9205488463032039,46.00340517462924,0.09520199925435999,0,0.03090536492719076,1
l_shape_partial_overlap_hard_mixed,partial_overlap,2115,1059,0.10209501358724346,0.10154173185788444,0.9889436394698154,72.53443207570862,0.23934524581563146,0,0.03265929535332878,1
l_shape_partial_overlap_hard_mixed,partial_overlap,2116,569,0.015762790076284443,0.012982563721301707,0.9992341554381541,29.904200235812755,0.09843997906334181,1,0.05955985120405527,1
l_shape_partial_overlap_hard_mixed,partial_overlap,2117,1815,0.11327617401809491,0.11270639389895698,0.9973562606166121,47.41089098728435,0.09274195104937341,1,0.058114298033084176,1
l_shape_partial_overlap_hard_mixed,partial_overlap,2118,63,0.09352648779855964,0.09307123495686767,0.999012760549112,87.83882004749547,-0.14841980511854327,1,0.036883754529405635,1
l_shape_partial_overlap_hard_mixed,partial_overlap,2119,1989,0.068346017809106,0.06001955878112449,0.8393197137849561,119.45422914611146,0.04829023788559933,0,0.08930329610905913,0
l_shape_partial_overlap_hard_mixed,partial_overlap,2121,462,0.020565994704783673,0.015187691670585106,0.702521687270269,68.6599758245569,-0.14841990755736187,1,0.09101565010369107,0
l_shape_partial_overlap_hard_mixed,partial_overlap,2122,997,0.03426598906491596,0.020030083536096987,0.9866684101993575,33.85877562595056,-0.17251744461842888,1,0.046996070039559724,1
l_shape_partial_overlap_hard_mixed,partial_overlap,2123,1302,0.016524034970939943,0.008018159734098335,0.9664145753566932,44.226995535066955,0.0011117279566338206,0,0.06627577360972163,1
l_shape_partial_overlap_hard_mixed,partial_overlap,2125,966,0.03367144167952241,0.013370942161169037,0.974462869810089,56.412092298652055,-0.40331194426343486,0,0.08060383762220281,0
l_shape_partial_overlap_hard_mixed,partial_overlap,2126,2215,0.11845734658907091,0.09139082105528903,0.9863249016875993,26.69189305667127,-0.199713023190418,0,0.05048392605784459,1
l_shape_partial_overlap_hard_mixed,partial_overlap,2127,1405,0.1273033174485946,0.12720782427324206,0.9985670901302794,84.39919712725438,-0.014888594636629237,0,0.06997158414349215,1
l_shape_partial_overlap_hard_mixed,partial_overlap,2132,1407,0.03772334931728519,0.02973512247618705,0.9976879121106617,97.15827854811202,-0.07145888990814764,0,0.07693014115735873,1
l_shape_partial_overlap_hard_mixed,partial_overlap,2134,1886,0.03247020165059708,0.0073875868355908585,0.9535732626433442,72.92676542724261,-0.0350912840970206,1,0.07313667396684337,1
l_shape_partial_overlap_hard_mixed,partial_overlap,2135,2131,0.08258050933182406,0.08249953736189021,0.998907506808063,38.2136577460013,0.052250619636902806,0,0.03768417677854745,1
l_shape_partial_overlap_hard_mixed,partial_overlap,2137,179,0.05339882931837124,0.024804596617863148,0.9928362786269345,36.73238722325225,-0.033350654654813794,0,0.05059890718546218,1
l_shape_partial_overlap_hard_mixed,partial_overlap,2138,1822,0.03628231276341024,0.015897327394029343,0.9986542299568069,39.61146982407549,-0.030636937054516686,0,0.004241014118378457,1
l_shape_partial_overlap_hard_mixed,partial_overlap,2141,2825,0.06051682913688041,0.04008913053502304,0.999513645906653,63.79825724029853,0.07472345619604473,1,0.0849633792290876,0
l_shape_partial_overlap_hard_mixed,partial_overlap,2142,2681,0.0616074558693871,0.03078130013530197,0.9800071906252361,30.167912866616692,0.04573596940675253,0,0.019298114265546232,1
l_shape_partial_overlap_hard_mixed,partial_overlap,2143,2382,0.010562424180815752,0.005550919203098663,0.9970906894911078,33.6412383669064,-0.07431195878880122,1,0.03324282520952887,1
l_shape_partial_overlap_hard_mixed,partial_overlap,2144,1486,0.05076121604880236,0.02392994885622793,0.9993016818050328,100.41945450271561,-0.3560587016285546,1,0.1045610897912866,0
l_shape_partial_overlap_hard_mixed,partial_overlap,2146,514,0.018804749383973654,0.01303893850681757,0.943957472219907,42.37369948722598,-0.1484198622612682,1,0.0832531095088965,0
l_shape_partial_overlap_hard_mixed,partial_overlap,2147,2185,0.06083882413833999,0.04612085119221816,0.94258288926224,108.82948863554022,0.3083380482550331,0,0.13859399425669394,0
l_shape_partial_overlap_hard_mixed,partial_overlap,2149,1761,0.11463036543086866,0.11059023078563607,0.9975967909203534,45.033174179312745,0.1278332351463941,0,0.03608537262909141,1
l_shape_partial_overlap_hard_mixed,partial_overlap,2150,2662,0.13451380249257303,0.11622416646875255,0.96536623821744,66.82498448025538,0.15168441140634326,0,0.05641551128153676,1
l_shape_partial_overlap_hard_mixed,partial_overlap,2151,2281,0.10790344201249785,0.09712318901089102,0.9342271971527808,41.83939109085195,-0.02058660997205198,1,0.08392317142719553,0
l_shape_partial_overlap_hard_mixed,partial_overlap,2152,1620,0.0610521094627037,0.0551762068521053,0.9966060497173486,32.84940563665458,-0.21094018419164462,0,0.06357630957238336,1
l_shape_partial_overlap_hard_mixed,partial_overlap,2153,646,0.03245191916359437,0.027636199919083265,0.7999967745566716,40.93127173955131,-0.014888601779472484,0,0.03959451975279384,1
l_shape_partial_overlap_hard_mixed,partial_overlap,2154,2506,0.04664356500647191,0.04494297757534518,0.9789906164188815,63.708314672971184,-0.0053191563493996796,0,0.07157079432207208,1
l_shape_partial_overlap_hard_mixed,partial_overlap,2155,1716,0.10622727223604744,0.10319883433772915,0.9953894490706869,57.9930196745413,0.014098903791296503,1,0.0362145518334622,1
l_shape_partial_overlap_hard_mixed,partial_overlap,2156,2814,0.04879348741772112,0.04683932900427315,0.9913125524896247,38.44032207280086,-0.04020639117403248,1,0.05106466217172738,1
l_shape_partial_overlap_hard_mixed,partial_overlap,2157,224,0.040863339190644846,0.024546018582919285,0.9976509863422851,53.23524090563593,-0.23939148932850363,0,0.06514407815489484,1
l_shape_partial_overlap_hard_mixed,partial_overlap,2158,2910,0.04635057292534728,0.04306320549844677,0.8735539094146785,148.07144690336648,-0.1484198312054339,1,0.09064848715693137,0
l_shape_partial_overlap_hard_mixed,partial_overlap,2161,1052,0.026924126018082143,0.004570507012663606,0.9872951297981885,36.48559081487116,-0.687415819343736,1,0.07352910727204198,1
l_shape_partial_overlap_hard_mixed,partial_overlap,2163,1870,0.04536990026026948,0.037884362729157996,0.9797106166633819,53.78825688775452,-0.03841908713264045,0,0.05331837793960357,1
l_shape_partial_overlap_hard_mixed,partial_overlap,2164,731,0.07867481451683604,0.05516001417267596,0.9353557352924672,37.72292704765877,0.1278332351463941,0,0.0677486838117703,1
l_shape_partial_overlap_hard_mixed,partial_overlap,2166,2869,0.029350228653791645,0.025117629248968775,0.9830909681757715,36.83340652495392,-0.10295756799245899,0,0.052085560217227336,1
l_shape_partial_overlap_hard_mixed,partial_overlap,2169,2778,0.020650066556074737,0.00947331322883096,0.999051598268974,51.477372936883235,-0.07609929412007457,1,0.03560373103403529,1
l_shape_partial_overlap_hard_mixed,partial_overlap,2170,1219,0.05055600402438988,0.04317970793346149,0.998499595287939,46.48550220706116,-0.1938822603320546,0,0.039978205064613255,1
l_shape_partial_overlap_hard_mixed,partial_overlap,2171,1913,0.12976072119594606,0.1257460621015381,0.9964176549597179,99.37586422941226,-0.14841982330031464,0,0.06640599933449076,1
l_shape_partial_overlap_hard_mixed,partial_overlap,2172,560,0.02187906062683409,0.01561221611821833,0.9825977607063459,41.66689743683181,0.18182150104596176,1,0.07705100093320788,1
l_shape_partial_overlap_hard_mixed,partial_overlap,2174,2235,0.03231499164827039,0.02576237039082766,0.9985345348246891,31.348497147673914,-0.007341401276234918,1,0.030501386477540634,1
l_shape_partial_overlap_hard_mixed,partial_overlap,2177,2076,0.10649044404981699,0.10361466336611765,0.9985018203006988,65.04056964867281,0.07472345619604473,0,0.07853369024411366,1
l_shape_partial_overlap_hard_mixed,partial_overlap,2178,2527,0.03477882937909512,0.027540640104901842,0.9978937898854572,71.84282402292091,-0.01488859910090564,0,0.06682722742097448,1
l_shape_partial_overlap_hard_mixed,partial_overlap,2179,1153,0.0339246370978263,0.0168827769077914,0.9559523260031046,110.23711777469205,0.09274195104937341,0,0.10120429840377232,0
l_shape_partial_overlap_hard_mixed,partial_overlap,2180,1350,0.049588247294210346,0.040830958258784515,0.9817082425143764,58.26631796770594,-0.6874154760906585,0,0.05011984868407282,1
l_shape_partial_overlap_hard_mixed,partial_overlap,2181,1423,0.06460609948418229,0.0318421941805373,0.8855316731549695,83.99491994785195,-0.09962977547269398,0,0.033988658004582915,1
l_shape_partial_overlap_hard_mixed,partial_overlap,2182,1552,0.034619269283279,0.006958346333207627,0.9897289450379875,65.72046258350272,0.0994160848534362,1,0.05228556901585861,1
l_shape_partial_overlap_hard_mixed,partial_overlap,2183,1135,0.03246556367501385,0.019292824640903386,0.9648907429875935,79.31200236405857,0.13926191257177525,0,0.09798829855636212,0
l_shape_partial_overlap_hard_mixed,partial_overlap,2184,2169,0.07896106624573597,0.04841442635909129,0.9916834846203346,51.95408152018348,-0.043059448719744736,0,0.03744281638357601,1
l_shape_partial_overlap_hard_mixed,partial_overlap,2185,1965,0.10073063829856795,0.09521782802576127,0.997350058697742,49.915105971283495,0.04263517672459831,1,0.020868162757785084,1
l_shape_partial_overlap_hard_mixed,partial_overlap,2186,2869,0.08167872319250646,0.0668490583733033,0.9440118044844938,60.32303223450172,-0.3261009581956744,0,0.10916608926919685,0
l_shape_partial_overlap_hard_mixed,partial_overlap,2187,960,0.059316817064033384,0.045780537472607505,0.9987377839628141,52.241537178306615,-0.18924179130542496,0,0.07967437070118481,1
