sample_id,scenario,source_index,target_index,distance_T0,point_to_plane_residual,normal_dot_abs,fpfh_distance,log_normalized_density_ratio,is_mutual_nn,label_distance,target_weight
box_sphere_strong_noise_medium_3,strong_noise,1,65,0.0986542039937129,0.0839134273827968,0.9955169001509205,225.71190986481665,0.4221317149610549,0,0.12116233765342456,0
box_sphere_strong_noise_medium_3,strong_noise,3,503,0.0250165243635799,0.02371889753263904,0.45473984615776686,48.38552199312197,0.19820446656858445,0,0.12595753065753765,0
box_sphere_strong_noise_medium_3,strong_noise,9,889,0.08920289383452036,0.08011924797647288,0.13481584450064688,86.8523747184393,0.04651996801589379,0,0.1924977927153174,0
box_sphere_strong_noise_medium_3,strong_noise,13,3235,0.04575839238224296,0.039581175393143916,0.979618776517248,185.8667414308291,0.3268216200051392,1,0.12911430672070795,0
box_sphere_strong_noise_medium_3,strong_noise,14,2428,0.07275642416306477,0.07269563063547842,0.9758186501855207,53.68063812764598,-0.009360433764069953,0,0.0828868822958609,0
box_sphere_strong_noise_medium_3,strong_noise,18,2277,0.052996995067211075,0.014574833479475417,0.8444803071582248,71.01954873468434,-0.08701129365637626,0,0.08600230227151905,0
box_sphere_strong_noise_medium_3,strong_noise,26,712,0.08010333001642395,0.07935634073744235,0.9887925520565473,122.71391421129717,0.22884127242924243,1,0.05800314736392413,1
box_sphere_strong_noise_medium_3,strong_noise,33,9,0.04153597994970095,0.02592350507313882,0.9994016423863779,64.34566818131204,-0.058840446689648565,1,0.04655872100623282,1
box_sphere_strong_noise_medium_3,strong_noise,41,2093,0.12043941931145286,0.11643895607790229,0.9814250661358165,215.606298540739,-0.18986852032438398,0,0.08645395184793135,0
box_sphere_strong_noise_medium_3,strong_noise,45,2345,0.07055272341815529,0.06801335272257852,0.999713463757036,200.68569866065909,-0.05192000832783077,0,0.048939587349276364,1
box_sphere_strong_noise_medium_3,strong_noise,46,3395,0.04217557510752181,0.04100216094765036,0.9729493665153751,131.14892178861984,-0.0075471968634633286,1,0.08163627913614524,0
box_sphere_strong_noise_medium_3,strong_noise,50,2869,0.05672690394245133,0.03500641757978959,0.7064645068826378,59.975932852515214,0.24067580598642396,0,0.06610324142895113,1
box_sphere_strong_noise_medium_3,strong_noise,54,1568,0.06061023246948707,0.051790119519915315,0.9961681803908012,240.97086659304523,-0.42348313027806894,0,0.06910051880020826,1
box_sphere_strong_noise_medium_3,strong_noise,56,23,0.06188240385138428,0.05353693434875213,0.9926230365171176,75.63000016580857,-0.10763054514487824,1,0.0892926839101875,0
box_sphere_strong_noise_medium_3,strong_noise,60,3071,0.039399495173639054,0.022416251171905894,0.9731639811913566,77.21022563997923,-0.1185596143233401,1,0.04713463723002792,1
box_sphere_strong_noise_medium_3,strong_noise,62,494,0.07883655892995686,0.07013631920310458,0.812477963376391,56.710130218232415,0.06713926315511216,0,0.09191859208956034,0
box_sphere_strong_noise_medium_3,strong_noise,63,993,0.06496327453851594,0.05554985871235581,0.9908597857137915,201.98636302830656,-0.32817307774630144,0,0.10524770400994618,0
box_sphere_strong_noise_medium_3,strong_noise,65,1097,0.07482555736468215,0.06962322967138332,0.0034348577336353048,51.83973937860511,-0.3712149438728324,0,0.17756019280678015,0
box_sphere_strong_noise_medium_3,strong_noise,73,195,0.019130005267210565,0.012775612448961022,0.9787790316466113,127.40954943598177,0.03509128532854546,1,0.09989594691531686,0
box_sphere_strong_noise_medium_3,strong_noise,75,1104,0.10703635102791574,0.0988799263146475,0.9269975157905896,69.48313098672207,-0.024938929190178552,0,0.123272499914164,0
box_sphere_strong_noise_medium_3,strong_noise,81,1196,0.07174126325562599,0.034552316476679175,0.22383300688810875,149.50337560950948,-0.06680859729123638,0,0.15899447675618442,0
box_sphere_strong_noise_medium_3,strong_noise,85,2178,0.04571234631832892,0.03010206218686236,0.8083194628455962,101.16110349268921,0.2894659177749599,1,0.06226762696016947,1
box_sphere_strong_noise_medium_3,strong_noise,86,3268,0.06271678763400435,0.05831794877903763,0.5800029482226822,89.26797883402794,0.17754813488351792,0,0.1750395990662184,0
box_sphere_strong_noise_medium_3,strong_noise,87,2722,0.034756875417334514,0.001921096519728355,0.99217120325794,209.50982435847934,0.14830256555173468,0,0.09917523358123918,0
box_sphere_strong_noise_medium_3,strong_noise,88,723,0.08061880160080556,0.08018318499609799,0.9922627275841861,234.13750226276792,-0.2411617410278298,0,0.09337481361285654,0
box_sphere_strong_noise_medium_3,strong_noise,90,1751,0.121847397225152,0.12050833766468949,0.9965205969639638,100.94560150966615,-0.19464181607403128,0,0.09365767293800895,0
box_sphere_strong_noise_medium_3,strong_noise,94,1927,0.050952566779873906,0.04226522271359252,0.9984543079321648,139.92566920191834,0.3184534311188196,1,0.05151655368801055,1
box_sphere_strong_noise_medium_3,strong_noise,97,2135,0.013789680768037006,0.012170049601097391,0.9830977889477582,236.87912611085804,-0.19464181607403128,1,0.07321383341992199,1
box_sphere_strong_noise_medium_3,strong_noise,98,1455,0.06671348578884088,0.06413354743117983,0.2869607647685472,80.2901097051031,0.3233675363200189,0,0.11433652781766614,0
box_sphere_strong_noise_medium_3,strong_noise,100,3335,0.0813815474894876,0.07887664802644721,0.8622587402466986,115.82965145782161,0.024541085727733707,0,0.1279257391078002,0
box_sphere_strong_noise_medium_3,strong_noise,105,110,0.034359574971225146,0.01530534129269389,0.9936052487294424,63.13383153905645,-0.19237165931440658,0,0.12132711601819718,0
box_sphere_strong_noise_medium_3,strong_noise,107,2816,0.07584515673454925,0.03782444324470667,0.6674697373504028,92.05145090701075,0.3466242858633113,0,0.052673831832544246,1
box_sphere_strong_noise_medium_3,strong_noise,109,2275,0.033870668102204064,0.03171276097595187,0.9968715856338599,69.29198362359277,0.10058715893251952,1,0.0949995899040256,0
box_sphere_strong_noise_medium_3,strong_noise,112,2998,0.08384506183154353,0.0826170369399684,0.9968687932024015,266.2746145310133,0.04651996801589379,0,0.060390817678417114,1
box_sphere_strong_noise_medium_3,strong_noise,115,3112,0.07054747708394003,0.06287571800792101,0.9931050868535419,111.86006704280811,0.3024530707760166,0,0.11202174916421692,0
box_sphere_strong_noise_medium_3,strong_noise,118,2940,0.06089476674771531,0.060708197608919164,0.9803248155157712,66.23108256156141,-0.0275879272148308,1,0.08210081601292533,0
box_sphere_strong_noise_medium_3,strong_noise,124,1003,0.038675195990251474,0.024100880324075008,0.7161853266602871,96.40854441282264,-0.16420085864387324,1,0.11061959348942323,0
box_sphere_strong_noise_medium_3,strong_noise,125,275,0.0467453069513454,0.04489420249209793,0.9976995842683526,195.80172571605942,-0.10139999705056109,0,0.09017398277874272,0
box_sphere_strong_noise_medium_3,strong_noise,127,2038,0.05712723088471343,0.03952328064367616,0.9834632601644258,135.19843760506936,-0.06680859729123638,0,0.019711740968092813,1
box_sphere_strong_noise_medium_3,strong_noise,132,2090,0.027840255474166208,0.027020424549827515,0.9940411490960915,70.13918217976281,0.26966331933028354,1,0.1061161129727628,0
box_sphere_strong_noise_medium_3,strong_noise,133,1150,0.0654153386925233,0.06340605634470921,0.9938385033268564,168.13822210275362,-0.10763054514487824,0,0.05224412414440753,1
box_sphere_strong_noise_medium_3,strong_noise,135,928,0.04893588589964677,0.03768406290690329,0.9981393584784906,204.11137527545662,0.05733087844322537,0,0.04140211566566862,1
box_sphere_strong_noise_medium_3,strong_noise,137,76,0.03680079310432383,0.028567427760996,0.9890933547487919,183.25582534489348,0.03509128532854546,0,0.09787402613034109,0
box_sphere_strong_noise_medium_3,strong_noise,139,980,0.12871286075010482,0.11991174022742392,0.9992200848090717,177.5946860778328,0.1304013651329752,0,0.1439276631240587,0
box_sphere_strong_noise_medium_3,strong_noise,143,2433,0.051816416411112814,0.046991784042933436,0.9910684851884747,137.06060065501683,0.29783403915444834,1,0.05428589752032271,1
box_sphere_strong_noise_medium_3,strong_noise,147,1489,0.050470086698944004,0.04300258312514673,0.9984354421415474,106.45222867614011,-0.009360433764069953,0,0.09306599196875369,0
box_sphere_strong_noise_medium_3,strong_noise,149,206,0.1331403317103663,0.13293308698345627,0.9923448208796263,78.38354303293198,-0.18709458408496302,0,0.08615750032791289,0
box_sphere_strong_noise_medium_3,strong_noise,155,2753,0.024028401327923544,0.015849081786717716,0.996528425105861,216.50476657594763,-0.19237165931440658,1,0.0713726262458553,1
box_sphere_strong_noise_medium_3,strong_noise,159,910,0.07246731752443386,0.07032843909847666,0.93671399531544,84.47733210835467,-0.09806112599680523,0,0.07361719228418027,1
box_sphere_strong_noise_medium_3,strong_noise,162,359,0.07230315691341058,0.06814612660356609,0.9957960954469779,125.36864615766108,0.09531007980442975,0,0.06405268653186856,1
box_sphere_strong_noise_medium_3,strong_noise,165,19,0.021386590398635563,0.007959387321904002,0.9978870238337384,141.2064995363033,-0.3809235557143082,1,0.08912941800458318,0
box_sphere_strong_noise_medium_3,strong_noise,168,2575,0.06568877361359973,0.06419060744187155,0.975052584970995,55.160429707918865,-0.57763388391459,0,0.1324699092180981,0
box_sphere_strong_noise_medium_3,strong_noise,172,1463,0.0292422380754003,0.002052814132555476,0.9934261888070176,132.96930188609377,0.14830256555173468,1,0.062129971958599636,1
box_sphere_strong_noise_medium_3,strong_noise,177,21,0.04343396370323531,0.03979092439381708,0.9988385175613199,130.47253021819117,0.03327475099017847,0,0.0509162328721065,1
box_sphere_strong_noise_medium_3,strong_noise,178,3042,0.03536926324608878,0.009340861332015558,0.9879532235198769,240.5800602462255,-0.1458517042854954,1,0.09944984566503169,0
box_sphere_strong_noise_medium_3,strong_noise,184,1720,0.07803868581871716,0.06906696454314107,0.9866740906359405,236.3812469628483,0.2155961211176579,0,0.060831877198031264,1
box_sphere_strong_noise_medium_3,strong_noise,190,817,0.036230516565358126,0.024102933874612917,0.92604743182328,87.37719477509404,0.21082286779215872,0,0.10060235919731056,0
box_sphere_strong_noise_medium_3,strong_noise,200,113,0.048306898371116014,0.04125734135852438,0.9963356620375365,187.53937278908046,0.24434546088825518,1,0.06490617528007246,1
box_sphere_strong_noise_medium_3,strong_noise,215,3112,0.10478235577590678,0.09325550255682832,0.9917711296486229,124.13221736877591,0.0039603963851848525,0,0.060626592298854365,1
box_sphere_strong_noise_medium_3,strong_noise,216,2195,0.04652520206358205,0.033088527432435885,0.9943637537810933,200.418905156148,0.2155961211176579,0,0.08863760778401182,0
box_sphere_strong_noise_medium_3,strong_noise,217,111,0.0196620898756486,0.018359873463203252,0.9957834603847002,52.35273959386916,-0.018018485502700406,1,0.06996958731613054,1
box_sphere_strong_noise_medium_3,strong_noise,219,144,0.11116893526881161,0.09050613421323946,0.9884583147811712,203.49313708942174,0.31845335611897974,0,0.09334251368589103,0
box_sphere_strong_noise_medium_3,strong_noise,221,2371,0.042005089368390765,0.015686116651183257,0.9457331298072462,48.77490619981497,0.3184534311188196,1,0.05577998729933042,1
box_sphere_strong_noise_medium_3,strong_noise,223,330,0.026776039234884183,0.014213476549400632,0.8619355373542167,96.25287316671132,-0.19464181607403128,1,0.11621282876583403,0
box_sphere_strong_noise_medium_3,strong_noise,225,2500,0.04645784476438633,0.03997387437320091,0.9986718299973375,133.12401093664198,-0.0275879272148308,1,0.07662440294511078,1
box_sphere_strong_noise_medium_3,strong_noise,227,314,0.021489236320486268,0.005106733193304448,0.9749292637438237,56.34048552066955,0.04651996801589379,1,0.11183785188356093,0
box_sphere_strong_noise_medium_3,strong_noise,228,1759,0.05741441965704374,0.05678129975641641,0.8282253738824052,58.83444511875629,0.0739189317649949,0,0.15712344325769434,0
box_sphere_strong_noise_medium_3,strong_noise,229,3125,0.029434682290324993,0.008475424897055514,0.913782287992764,93.94292323172367,-0.18986852032438398,0,0.06889023908184895,1
box_sphere_strong_noise_medium_3,strong_noise,231,1716,0.12841433266844388,0.11907376121386555,0.5137794697929671,213.46311280253477,-0.2411616568175547,0,0.20434266848795177,0
box_sphere_strong_noise_medium_3,strong_noise,232,1889,0.053195783827733496,0.05132705719701976,0.9875767426842205,221.5863038104048,-0.018018485502700406,0,0.09614134257839878,0
box_sphere_strong_noise_medium_3,strong_noise,237,1352,0.025687393127399434,0.0026745550908360395,0.4993024098763881,101.89263403454473,-0.09806112599680523,1,0.1355055638076292,0
box_sphere_strong_noise_medium_3,strong_noise,238,143,0.04694535688329567,0.04560199245693414,0.9817214919465926,126.33139900467991,0.03327475099017847,0,0.052700737045080555,1
box_sphere_strong_noise_medium_3,strong_noise,239,2613,0.057241052471238896,0.023252509181899524,0.9961386109264689,217.27037275779693,-0.058840446689648565,0,0.0782595247044485,1
box_sphere_strong_noise_medium_3,strong_noise,242,337,0.06807137102649288,0.05922676840930814,0.9489766632631504,64.60798616237008,0.05733087844322537,0,0.05847216770665848,1
box_sphere_strong_noise_medium_3,strong_noise,247,3275,0.10301421479470538,0.10168789537896228,0.9495394323021125,114.2470964994599,0.23576175856872114,0,0.07691309110030838,1
box_sphere_strong_noise_medium_3,strong_noise,249,474,0.09439926865770049,0.09196589118778951,0.9904693899132636,222.39962590545525,0.024541085727733707,0,0.07912798321575093,1
box_sphere_strong_noise_medium_3,strong_noise,253,1389,0.07453032206517872,0.07446850045146891,0.7970461581478988,78.41954025177353,-0.6058046615163489,0,0.15117688458190226,0
box_sphere_strong_noise_medium_3,strong_noise,254,1993,0.05935719845431881,0.059059982250220716,0.9985770113177295,132.66507931168908,0.02710190715337564,0,0.10591388144186037,0
box_sphere_strong_noise_medium_3,strong_noise,258,2061,0.09107629721001849,0.08045373000765814,0.04190851541305468,56.775785861750784,-0.27014939873229876,0,0.19287138572448623,0
box_sphere_strong_noise_medium_3,strong_noise,262,248,0.09852505008025397,0.08294617533036816,0.7543569428435093,71.6787104711385,-0.04049131084974947,0,0.04595183227383521,1
box_sphere_strong_noise_medium_3,strong_noise,263,2514,0.05233031590799463,0.04614493145283625,0.9901122956106245,91.97225168622867,0.03509128532854546,1,0.08998744637163003,0
box_sphere_strong_noise_medium_3,strong_noise,266,160,0.09805640200585469,0.03445768754923691,0.8892692437949036,123.25329606584566,-0.4353173653766553,0,0.03924173095469945,1
box_sphere_strong_noise_medium_3,strong_noise,271,1099,0.024533793217519032,0.01933664987890479,0.9947417635411936,219.23612629021332,0.206862486966266,1,0.09343169374790579,0
box_sphere_strong_noise_medium_3,strong_noise,273,2238,0.015961515903073445,0.010472322071115545,0.9990721023542971,238.57934286870827,-0.3364718366216927,1,0.09005368269464815,0
box_sphere_strong_noise_medium_3,strong_noise,276,342,0.02923357065508645,0.028960917833621654,0.9981093029739406,160.54924121555942,-0.24116183459487145,1,0.081605440044872,0
box_sphere_strong_noise_medium_3,strong_noise,278,2338,0.042430302267911016,0.04025659720613003,0.9848340896570362,118.97228165110612,-0.16420085864387324,0,0.0855707201390064,0
box_sphere_strong_noise_medium_3,strong_noise,281,250,0.061494588456994105,0.05285368794827058,0.98378632544997,74.90785264935946,0.14970411887791468,0,0.09090486578207228,0
box_sphere_strong_noise_medium_3,strong_noise,287,192,0.053749117971552136,0.04820669563175573,0.5152420628404807,124.87061445052457,0.1155127728362431,0,0.1001379903877924,0
box_sphere_strong_noise_medium_3,strong_noise,288,1676,0.08417699403334765,0.08197129359734644,0.9994402025526026,157.55761783196556,-0.4989905190610206,0,0.0791068462962857,1
box_sphere_strong_noise_medium_3,strong_noise,291,179,0.05179033830468695,0.022612691668240464,0.8702723131417498,80.53338063030652,0.11023570916343348,1,0.0868762288353369,0
box_sphere_strong_noise_medium_3,strong_noise,292,2047,0.0801588054374497,0.0729321131007233,0.9951056059208655,213.7495457062451,-0.0075471968634633286,0,0.06404702008421606,1
box_sphere_strong_noise_medium_3,strong_noise,294,927,0.05675039763607188,0.04823760486184164,0.9931364800977366,227.5765167883501,0.3109062160735737,1,0.10134841012884037,0
box_sphere_strong_noise_medium_3,strong_noise,306,2644,0.038748771614862405,0.03251530320070061,0.9994710501793395,106.55755520832318,0.0,1,0.09577972985128634,0
box_sphere_strong_noise_medium_3,strong_noise,307,1929,0.07593650348783455,0.07213139029311484,0.9996060644843545,231.32746973652678,-0.28372137051136714,0,0.09142848698975335,0
box_sphere_strong_noise_medium_3,strong_noise,308,3394,0.022247468999157458,0.013220355037100024,0.974945871313611,78.58192391698496,-0.0075471968634633286,1,0.12716331923394986,0
box_sphere_strong_noise_medium_3,strong_noise,311,1021,0.04695899306045657,0.032706360797734306,0.9913324245672845,168.66738907690043,0.07249542106658409,1,0.0853604218702372,0
box_sphere_strong_noise_medium_3,strong_noise,312,1130,0.018848695205015323,0.009022363475120775,0.8954453107961949,49.67133886868891,-0.12609265492185587,1,0.1202743878622834,0
box_sphere_strong_noise_medium_3,strong_noise,315,1808,0.08460229339808022,0.06182480130043121,0.8566526803017998,67.1018754985552,-0.3523874473452407,0,0.08442320746625574,0
box_sphere_strong_noise_medium_3,strong_noise,316,612,0.08201289261272884,0.07801268844906817,0.968401630441488,113.89953623380227,-0.05010676055768202,0,0.06810145174316398,1
box_sphere_strong_noise_medium_3,strong_noise,317,2310,0.01670846354561552,0.013658291698464893,0.9077392572149726,120.33400517342383,0.17869163222177434,1,0.09152359491319949,0
box_sphere_strong_noise_medium_3,strong_noise,318,812,0.05158913661082167,0.018113321712870306,0.8193291492661525,87.25927394489919,-0.10763054514487824,1,0.07347100794604669,1
box_sphere_strong_noise_medium_3,strong_noise,319,1743,0.0412708942908258,0.03763343482014175,0.9978898728917436,228.81953559713523,0.42531647552329976,0,0.06540447910982158,1
box_sphere_strong_noise_medium_3,strong_noise,322,2737,0.025688054038925563,0.0038153753082704692,0.9657295442533145,87.54773453831633,0.12174335806818358,1,0.11098207510543916,0
box_sphere_strong_noise_medium_3,strong_noise,323,457,0.06723566145964914,0.06420673133016856,0.9672904050194702,97.46798351104366,0.16430289977626486,0,0.03793420646842384,1
box_sphere_strong_noise_medium_3,strong_noise,324,1023,0.02823339919066987,0.0013328080906039397,0.9977107657781564,178.2526348843149,0.12348095454888373,1,0.10012591879764977,0
box_sphere_strong_noise_medium_3,strong_noise,326,1165,0.12664650389034354,0.1256026251418972,0.9131141880452898,75.26747351098678,-0.24116191047551386,0,0.127999891741819,0
box_sphere_strong_noise_medium_3,strong_noise,329,41,0.061425970507035535,0.059071740270946,0.9991259361841023,62.23903666445516,0.03327475099017847,0,0.06848170869343496,1
box_sphere_strong_noise_medium_3,strong_noise,332,336,0.07240374903266043,0.07049002688877895,0.9918770512647349,214.05510314944416,-0.026050653974156845,0,0.07441981173287361,1
box_sphere_strong_noise_medium_3,strong_noise,337,2070,0.038028967585979165,0.03592733938637921,0.9984309074415908,87.05872130522494,-0.0808193262264909,1,0.07218314498001388,1
box_sphere_strong_noise_medium_3,strong_noise,340,691,0.05490000267056817,0.04463695884592248,0.8642481258112357,45.16008351787662,0.1541505845892221,0,0.12902360009950847,0
box_sphere_strong_noise_medium_3,strong_noise,341,1444,0.03921556634657377,0.03207836154249967,0.9969066076203761,99.80917213793609,-0.0075471968634633286,1,0.10370248424033583,0
box_sphere_strong_noise_medium_3,strong_noise,342,180,0.05203629223057144,0.013590838230323473,0.9964095062868294,225.62681667435083,0.0689928048203492,0,0.04874702748681744,1
box_sphere_strong_noise_medium_3,strong_noise,349,874,0.051586749302546385,0.05068292722067395,0.9993886477138013,142.52243322293816,0.2006704732401757,1,0.10225755457899086,0
box_sphere_strong_noise_medium_3,strong_noise,359,1510,0.10524282250625518,0.09891783928486615,0.9799054329686007,180.25333100556048,-0.19464181607403128,0,0.09509072310356081,0
box_sphere_strong_noise_medium_3,strong_noise,363,602,0.03201312540862841,0.031102220360989148,0.9545600949243056,56.05437874924516,-0.09806112599680523,1,0.08301283869744153,0
box_sphere_strong_noise_medium_3,strong_noise,364,137,0.10615680898497043,0.1019253592664284,0.9998534098021111,212.54385184044315,0.061118738329799215,0,0.07951846144806066,1
box_sphere_strong_noise_medium_3,strong_noise,368,924,0.07214896303552483,0.0653942144942052,0.9522381185868549,146.05085813824417,-0.24116175681726298,0,0.0993209915482269,0
box_sphere_strong_noise_medium_3,strong_noise,373,2813,0.01672842788917578,0.012923176465283253,0.9864718432741493,76.73869975722218,-0.3746930327752125,1,0.11164662844125323,0
box_sphere_strong_noise_medium_3,strong_noise,374,2983,0.07583067190880602,0.07012973026804861,0.9790483240520778,44.55789087484825,-0.3703734894465634,0,0.12615355979356568,0
box_sphere_strong_noise_medium_3,strong_noise,377,315,0.06726274771316666,0.06438300256385102,0.9825449104642939,165.50832647381014,0.09531007980442975,1,0.05786239824017348,1
box_sphere_strong_noise_medium_3,strong_noise,381,2485,0.0985464346580801,0.09568704213291734,0.9927757254305773,269.8224785405396,-0.018018485502700406,0,0.08037893898342668,0
box_sphere_strong_noise_medium_3,strong_noise,382,2703,0.029151557355208024,0.02605766607195675,0.9877403803136684,155.48220569975825,0.09531007980442975,1,0.09214673365019661,0
box_sphere_strong_noise_medium_3,strong_noise,383,1778,0.03479979063320425,0.0032422065337142925,0.9622538002801662,56.143728548485115,-0.30785317547595253,1,0.12209244816086916,0
box_sphere_strong_noise_medium_3,strong_noise,384,3232,0.05808959225314751,0.054706213408750475,0.9329250488217276,85.11484725931905,0.03509128532854546,0,0.08660453300897403,0
box_sphere_strong_noise_medium_3,strong_noise,386,2794,0.02996809572495889,0.024086292607322122,0.9927971866363682,106.40249522499158,-0.09806112599680523,1,0.07892971222159065,1
box_sphere_strong_noise_medium_3,strong_noise,387,3380,0.09356332071515538,0.09262138124293826,0.9806659493232653,76.44061324787806,-0.1119502354727952,0,0.07490594234669429,1
box_sphere_strong_noise_medium_3,strong_noise,388,3053,0.04017177208883526,0.038814526530775086,0.9352918330951783,74.80233686977796,0.13613205765801345,1,0.11877343979781403,0
box_sphere_strong_noise_medium_3,strong_noise,389,808,0.058152063909818065,0.042892519737629184,0.9966729350044989,39.72729506466078,0.3109062160735737,0,0.08868280606738527,0
box_sphere_strong_noise_medium_3,strong_noise,399,1928,0.037272352834720565,0.01922665378334813,0.9988472131507226,202.1099813524666,0.1155127728362431,1,0.08658212861120222,0
box_sphere_strong_noise_medium_3,strong_noise,403,553,0.06154993104302048,0.05591104982674626,0.9998400028193453,40.405581035371085,-0.3637640076721452,0,0.0382194022201606,1
box_sphere_strong_noise_medium_3,strong_noise,406,2586,0.038734972232985186,0.02322710018945173,0.9952348853199725,174.2641310211512,-0.12337890079025166,0,0.08365699535863369,0
box_sphere_strong_noise_medium_3,strong_noise,409,334,0.023900291942505588,0.0235088137041731,0.9884390030364998,82.49887351492922,-0.08701129365637626,1,0.1030056131083363,0
box_sphere_strong_noise_medium_3,strong_noise,410,2047,0.031657041985703877,0.02806257488087264,0.9911394442961529,222.33731389664294,0.03327475099017847,1,0.06658831016688886,1
box_sphere_strong_noise_medium_3,strong_noise,413,169,0.06349030527648658,0.06234877345551664,0.5088860532911722,78.51090784933324,-0.018018488836027042,0,0.1476406648655291,0
box_sphere_strong_noise_medium_3,strong_noise,416,215,0.04531370365230057,0.033779690841966206,0.7232769487119242,48.32487464013895,-0.11054181459919184,1,0.12461577498899848,0
box_sphere_strong_noise_medium_3,strong_noise,423,2554,0.045011279721805394,0.030811618370714076,0.9987166928550064,202.1164419190763,-0.09455846779261635,1,0.054802948908810836,1
box_sphere_strong_noise_medium_3,strong_noise,428,763,0.06174513317232702,0.03568152883173893,0.9980672662282701,92.77439001457884,-0.07410789523072468,0,0.1458823972586289,0
box_sphere_strong_noise_medium_3,strong_noise,431,480,0.014265786754114858,0.004851721678851142,0.6258235823181661,73.88394724210904,-0.21518643141236804,1,0.11710996223527097,0
box_sphere_strong_noise_medium_3,strong_noise,432,296,0.050478149762075375,0.03215979252605164,0.8806100740039899,49.849339150080816,-0.08701129365637626,0,0.10915904017265905,0
box_sphere_strong_noise_medium_3,strong_noise,434,1025,0.09299291756719791,0.0846824027512253,0.9007520820161056,115.67385384314684,-0.002751031040889511,0,0.13223525881125223,0
box_sphere_strong_noise_medium_3,strong_noise,435,3386,0.1315420087914452,0.1306060841279395,0.9872545710651413,211.43644194350253,-0.058840411134178684,0,0.13270909706349393,0
box_sphere_strong_noise_medium_3,strong_noise,437,270,0.06871069417158827,0.06721817116423692,0.9924638650154358,213.20758505036835,0.010152360882018535,0,0.04706307136161049,1
box_sphere_strong_noise_medium_3,strong_noise,439,657,0.10513870590965975,0.1032040537473015,0.9990324707733441,105.52169242487514,0.08734190793304553,0,0.07772218980091955,1
box_sphere_strong_noise_medium_3,strong_noise,443,47,0.05730284383804971,0.025551846856772517,0.9709629593249929,253.29064430995288,-0.2952288804268845,0,0.09029835380424937,0
box_sphere_strong_noise_medium_3,strong_noise,449,2478,0.01783997286723006,0.00331734663378235,0.9635897216173277,146.16685211105045,0.2978341740747753,1,0.08813727222971701,0
box_sphere_strong_noise_medium_3,strong_noise,452,1669,0.04799802858073946,0.045135478920045644,0.9903397902711748,187.3513120670236,-0.0363676071338754,0,0.10067513668506967,0
box_sphere_strong_noise_medium_3,strong_noise,453,3104,0.07405059992885743,0.07207448500545936,0.48491431436782484,139.67930772498067,0.021202184573704982,0,0.17431187516953545,0
box_sphere_strong_noise_medium_3,strong_noise,455,19,0.1028641072546812,0.10016347094470533,0.9724829518971314,155.2427060298581,-0.009360433764069953,0,0.04824531245651261,1
box_sphere_strong_noise_medium_3,strong_noise,456,3106,0.0949566517354126,0.0910241421517086,0.9797952573847061,82.20209253827653,-0.19237165931440658,0,0.12182647448532516,0
box_sphere_strong_noise_medium_3,strong_noise,458,2744,0.0962831707692088,0.09420235577132108,0.9639276051017754,118.19564952712832,-0.16111918888710094,0,0.04858497430765408,1
box_sphere_strong_noise_medium_3,strong_noise,462,880,0.099642099944079,0.09689425660499051,0.9394517450940729,32.21321402317798,-0.0433362830382717,0,0.056554605773074106,1
box_sphere_strong_noise_medium_3,strong_noise,468,1838,0.018452342291082162,0.010972184160820454,0.5843046272910193,96.02405453055515,0.018349123853393667,1,0.09831556537114196,0
box_sphere_strong_noise_medium_3,strong_noise,469,539,0.07008551701379653,0.05575484253328931,0.8710506255803839,72.74923721988824,-0.5665835256291571,0,0.1283099773656976,0
box_sphere_strong_noise_medium_3,strong_noise,474,2035,0.053514844353854306,0.052118621385477605,0.9754815958815146,51.32094838612727,-0.4795726700058336,0,0.11259681886911357,0
box_sphere_strong_noise_medium_3,strong_noise,476,3364,0.04333560173670944,0.03966175840710211,0.9573617441952065,93.29434047776614,0.25131420605888144,0,0.08487322283174839,0
box_sphere_strong_noise_medium_3,strong_noise,477,983,0.01790070646111771,0.013509121763398586,0.8442702712862024,98.60176062813481,0.18169460162585432,1,0.12617840568135597,0
box_sphere_strong_noise_medium_3,strong_noise,479,1555,0.07735605874885444,0.0656236455708529,0.9992536827223748,85.49510610386889,-0.13937924499552418,0,0.11005437604098049,0
box_sphere_strong_noise_medium_3,strong_noise,482,242,0.05197995207622318,0.04426728292774224,0.9876982652009982,84.16938473411935,-0.04445171909261546,0,0.11680201579421294,0
box_sphere_strong_noise_medium_3,strong_noise,488,238,0.07441260186506277,0.07240321046970168,0.9661981128538895,60.25092801402649,-0.002751031040889511,0,0.1388330885316288,0
box_sphere_strong_noise_medium_3,strong_noise,489,3323,0.06039574377831189,0.04737751793378089,0.9909135672034786,221.52023228157142,0.16430284295820755,1,0.07268128276321201,1
box_sphere_strong_noise_medium_3,strong_noise,493,2070,0.05729236638647977,0.055322846635520735,0.9997044008724523,90.26248350596187,-0.04445171909261546,0,0.06092009776734011,1
box_sphere_strong_noise_medium_3,strong_noise,494,1925,0.029561031434831807,0.02529268603239397,0.891660088268925,112.59727481840373,0.2978341740747753,1,0.10645937755208076,0
box_sphere_strong_noise_medium_3,strong_noise,495,279,0.03842546462721099,0.030509824541172036,0.9706199481478757,159.74467343047664,0.3184534311188196,1,0.06811202938950635,1
box_sphere_strong_noise_medium_3,strong_noise,500,1249,0.09187319086297135,0.08706807438321386,0.5169534802625874,100.52748851911389,0.010152363527516356,0,0.1632198102835747,0
box_sphere_strong_noise_medium_3,strong_noise,501,2901,0.05152453774705873,0.042231981843084576,0.9162547497559872,65.41157284206724,-0.16970294213245063,0,0.1003380204275742,0
box_sphere_strong_noise_medium_3,strong_noise,504,3344,0.010400055906017646,0.0021559873264827,0.9963700596449283,114.52494092991512,0.24838591383314979,1,0.0764391496964953,1
box_sphere_strong_noise_medium_3,strong_noise,505,2566,0.0378474507153098,0.03246679292958228,0.6855566787344566,81.51953610281771,0.26966331933028354,0,0.08215303690927164,0
box_sphere_strong_noise_medium_3,strong_noise,509,3057,0.03185831347891632,0.02277832663535347,0.9933786841520552,230.18645862019886,0.16430291240250527,1,0.08454575738407581,0
box_sphere_strong_noise_medium_3,strong_noise,510,1834,0.07488409672763104,0.07201320816337597,0.9827167897739297,68.52015171918367,0.2155961211176579,0,0.11063305415280345,0
box_sphere_strong_noise_medium_3,strong_noise,514,3282,0.12195157956822644,0.12173027760879093,0.993344843644292,217.75595546051713,-0.0363676071338754,0,0.07562669215382552,1
box_sphere_strong_noise_medium_3,strong_noise,519,1069,0.06662783203437808,0.04531826942916479,0.9936599732137562,103.127164191108,-0.018018488836027042,0,0.12092311782343572,0
box_sphere_strong_noise_medium_3,strong_noise,520,372,0.06905088685864404,0.06695400408186457,0.9989882380700212,241.43444867326593,-0.2411617234840177,0,0.08327787970305951,0
box_sphere_strong_noise_medium_3,strong_noise,521,1911,0.06956424045425838,0.06750011806569772,0.9828202959689571,200.00445728719768,0.19709267734027064,0,0.040651807579772464,1
box_sphere_strong_noise_medium_3,strong_noise,526,899,0.02607461218353334,0.02378533327229999,0.8411571022905582,53.50165199642814,-0.012903397509904706,0,0.13617349195934045,0
box_sphere_strong_noise_medium_3,strong_noise,530,3077,0.03548232651080938,0.013298803115584835,0.7534935098822566,60.500584766820886,0.17869163222177434,1,0.1065976201684692,0
box_sphere_strong_noise_medium_3,strong_noise,531,2241,0.07021482755752988,0.06897498135279613,0.9998274894433552,195.96173153824313,0.19709267734027064,0,0.0770184646887802,1
box_sphere_strong_noise_medium_3,strong_noise,532,2255,0.055614352837196186,0.04493172693799727,0.997434612359178,60.865844590714616,-0.2411618425313652,0,0.10822309512370897,0
box_sphere_strong_noise_medium_3,strong_noise,534,906,0.0264362960506115,0.02541721161775486,0.735949042090263,63.91589334936352,0.04651996801589379,0,0.12139987507438992,0
box_sphere_strong_noise_medium_3,strong_noise,538,973,0.09618046704800495,0.09401962366952632,0.9949075002623248,100.60748924612616,-0.05010676055768202,0,0.11867840677849321,0
box_sphere_strong_noise_medium_3,strong_noise,540,2146,0.03642991736851677,0.02039883659413718,0.9772717164228486,43.74718992514818,-0.1744705377132191,0,0.1119984808460237,0
box_sphere_strong_noise_medium_3,strong_noise,541,2480,0.032379072255925546,0.028865283012818165,0.6077432104506377,73.76000838291496,-0.3191233915299782,1,0.10545306484912467,0
box_sphere_strong_noise_medium_3,strong_noise,544,2401,0.05109112032403139,0.027801253878376498,0.77108001077199,155.5010153837181,0.22884134742906945,0,0.11453334786132906,0
box_sphere_strong_noise_medium_3,strong_noise,545,2141,0.05596694562566837,0.03296808465961352,0.9677291091627278,50.844167427060825,0.10178259753584092,1,0.03754929462717056,1
box_sphere_strong_noise_medium_3,strong_noise,546,900,0.04613308959347812,0.040601179134897275,0.9958896591455668,138.57101826020576,-0.15778028439974565,1,0.04530883561453206,1
box_sphere_strong_noise_medium_3,strong_noise,548,3101,0.03985742064224545,0.022798327495244998,0.9994495524042872,56.196228148664865,0.15087990771599316,1,0.10187896111275296,0
box_sphere_strong_noise_medium_3,strong_noise,549,3161,0.041068053278246947,0.017821469953833123,0.8011885604011576,116.83309564685106,0.04651997396826353,1,0.12816438350665638,0
box_sphere_strong_noise_medium_3,strong_noise,554,3296,0.08702803498412083,0.08197299692812805,0.796900776235876,73.74295323974982,0.26966331933028354,0,0.19167844165982306,0
box_sphere_strong_noise_medium_3,strong_noise,563,1968,0.05741064807985213,0.05048097126094892,0.9874951304192038,94.08671325647705,0.021202184573704982,0,0.07308483693516724,1
box_sphere_strong_noise_medium_3,strong_noise,564,1553,0.03795783387101088,0.018497351391963547,0.995639534615514,167.81154061726994,0.09531007980442975,0,0.05694186080106311,1
box_sphere_strong_noise_medium_3,strong_noise,567,174,0.021663252682825346,0.006575892720781684,0.9824105238349221,95.19388001927561,0.024541085727733707,1,0.1011641692079982,0
box_sphere_strong_noise_medium_3,strong_noise,570,1925,0.0659036332841154,0.06289666467915946,0.9829513110177177,108.07230126137325,0.14830256555173468,0,0.07906997815912153,1
box_sphere_strong_noise_medium_3,strong_noise,572,1849,0.11643405914067734,0.11282527347388979,0.980641395953947,48.83773726302004,-0.47477635098151477,0,0.05906163352167095,1
box_sphere_strong_noise_medium_3,strong_noise,573,168,0.049355838138645046,0.028756526143798724,0.9825151691866328,105.06795885203957,0.08907954853202434,1,0.07130371062917104,1
box_sphere_strong_noise_medium_3,strong_noise,578,1834,0.04588450694744976,0.01819091511788895,0.968220462727251,50.01596023556383,0.07249542106658409,0,0.14588315421871195,0
box_sphere_strong_noise_medium_3,strong_noise,579,1374,0.03951427435716226,0.015331212114302014,0.9650941402096453,77.52828157221307,0.024541085727733707,0,0.15879301215222028,0
box_sphere_strong_noise_medium_3,strong_noise,582,2368,0.11399081716799903,0.10398807376190533,0.9888438749790522,250.60999434783244,-0.09455846779261635,0,0.10264506520351417,0
box_sphere_strong_noise_medium_3,strong_noise,586,3211,0.02750051965744096,0.02265774403409768,0.9790106457099986,172.25961301834596,0.06632258646053232,0,0.09459543476883636,0
box_sphere_strong_noise_medium_3,strong_noise,587,2457,0.040474218534155025,0.03267199505284506,0.9390755908264505,61.29723860673578,-0.3364719699547596,1,0.13104499955729632,0
box_sphere_strong_noise_medium_3,strong_noise,588,2446,0.008457237597408414,0.004502604972673104,0.9391466116780972,47.909167859508436,-0.5776338020099591,1,0.12122385046755334,0
box_sphere_strong_noise_medium_3,strong_noise,590,543,0.07858556931080724,0.07320074075579817,0.8788171627565898,58.147216938007126,0.49850472812288493,0,0.09043159880297277,0
box_sphere_strong_noise_medium_3,strong_noise,592,2787,0.08515718309715753,0.08466860233923565,0.9910062006713286,205.64743129130574,0.24434546088825518,0,0.08450718793676688,0
box_sphere_strong_noise_medium_3,strong_noise,594,699,0.04082946024008731,0.029642494395878023,0.7534393450822205,52.63246982963755,0.4744576018176445,0,0.13709983591778352,0
box_sphere_strong_noise_medium_3,strong_noise,597,142,0.05069784374186103,0.05045204253957339,0.990747268861332,246.97331145138062,0.1155127728362431,1,0.0617380720931367,1
box_sphere_strong_noise_medium_3,strong_noise,600,1792,0.07872757402099322,0.07501984335932838,0.9986988820688119,245.7702809472721,0.12656257800945092,0,0.04336471425509085,1
box_sphere_strong_noise_medium_3,strong_noise,601,216,0.031002399813644377,0.013626161949578991,0.9069371383275251,59.218171457196945,-0.32454332836498856,1,0.06749974392934932,1
box_sphere_strong_noise_medium_3,strong_noise,604,504,0.04783889959162138,0.02791613173447157,0.9976008471241391,68.65422100325075,-0.0075471968634633286,1,0.09788526854029088,0
box_sphere_strong_noise_medium_3,strong_noise,605,498,0.040518883976733075,0.03578745169293727,0.9568222771358295,162.62534323347103,0.05894247267055436,1,0.09022711828388955,0
box_sphere_strong_noise_medium_3,strong_noise,607,2454,0.029579748151540918,0.019571131362390342,0.9851791181506436,219.58002830223427,0.18628170873502384,1,0.05849966433593539,1
box_sphere_strong_noise_medium_3,strong_noise,624,968,0.07184651605974357,0.07001308274356628,0.9974777659223667,189.76538479385712,0.10178259753584092,0,0.05898286015507913,1
box_sphere_strong_noise_medium_3,strong_noise,629,1787,0.058520320152869405,0.0451986197678276,0.6084358203751327,102.43138417816206,-0.04445171909261546,0,0.11959418729333493,0
box_sphere_strong_noise_medium_3,strong_noise,632,353,0.02567523251758705,0.01029233607767436,0.9965644667322857,47.015729595396046,0.22314335131438975,0,0.06887298049179093,1
box_sphere_strong_noise_medium_3,strong_noise,634,1889,0.016758432131396533,0.00493351638987856,0.9917798116943481,206.70971467922251,-0.10139999705056109,1,0.07421528844920595,1
box_sphere_strong_noise_medium_3,strong_noise,639,918,0.0769437109791352,0.07577753228696044,0.9946240109986391,203.70794019219738,0.0039603963851848525,0,0.05796308245550589,1
box_sphere_strong_noise_medium_3,strong_noise,640,1509,0.0399231915227981,0.023825865624254882,0.9949844020698592,183.28021903055804,-0.1967100768549908,1,0.09147852222470869,0
box_sphere_strong_noise_medium_3,strong_noise,646,3005,0.04434870173458988,0.00909309699751204,0.9953972574166468,102.32546837999512,0.010152360882018535,0,0.10189132771626495,0
box_sphere_strong_noise_medium_3,strong_noise,648,3138,0.05438555139322049,0.046706397537833004,0.9980318204673764,231.9194757620128,-0.11332856530713019,0,0.09509822100644234,0
box_sphere_strong_noise_medium_3,strong_noise,649,1985,0.02719544656137712,0.022997128592399517,0.9915957110272039,121.95384192990863,0.0,0,0.07558069273192523,1
box_sphere_strong_noise_medium_3,strong_noise,653,4,0.09890122150508358,0.09391075118196412,0.9011064924135974,47.554993128093784,-0.44595601155092135,0,0.10538242655025107,0
box_sphere_strong_noise_medium_3,strong_noise,657,189,0.028251059396298447,0.020304719870257046,0.9906244214500941,233.66046699826256,-0.33213345821145185,1,0.05585094600869709,1
box_sphere_strong_noise_medium_3,strong_noise,658,917,0.04614051211796679,0.029298846561675612,0.964230645089637,66.97003842502855,0.06632258646053232,1,0.0987044383517236,0
box_sphere_strong_noise_medium_3,strong_noise,659,533,0.03554354161364875,0.009610982955752346,0.913985787518201,94.97005041445091,-0.24116179594760623,1,0.0707911550379712,1
box_sphere_strong_noise_medium_3,strong_noise,662,974,0.04954219751354662,0.04476529904001893,0.9987147617036778,83.08742126929069,0.0816112533444393,0,0.1323380377455003,0
box_sphere_strong_noise_medium_3,strong_noise,664,778,0.04558113042002103,0.03938394774539138,0.9898283699898688,206.17215782979454,-0.32817307774630144,1,0.10691174775320751,0
box_sphere_strong_noise_medium_3,strong_noise,669,1835,0.02700188449641411,0.007976886876211243,0.9903140938057929,231.54655168201322,-0.39531222870829946,1,0.1300219978128507,0
box_sphere_strong_noise_medium_3,strong_noise,670,319,0.03291297842939099,0.00029404869072309194,0.9222372099492847,80.74475338001864,-0.009360433764069953,1,0.1330750928983362,0
box_sphere_strong_noise_medium_3,strong_noise,671,2906,0.051724770081795976,0.01561044400590167,0.9964541531288288,259.9421214253221,-0.1967100768549908,1,0.08322492830601667,0
box_sphere_strong_noise_medium_3,strong_noise,675,2159,0.05506826194736299,0.015610018218753255,0.992344398505754,141.9811494268275,-0.10763054514487824,0,0.08204439134852454,0
box_sphere_strong_noise_medium_3,strong_noise,676,1940,0.024176008194945992,0.020992488409421108,0.9900290276888811,236.75318993240342,0.26966327806052487,1,0.08734103521330029,0
box_sphere_strong_noise_medium_3,strong_noise,678,2319,0.052918963555137005,0.045043859411829985,0.14499320183863423,89.45370119642381,-0.05192000832783077,0,0.16945228396916495,0
box_sphere_strong_noise_medium_3,strong_noise,680,1841,0.1202981214471743,0.10910352875277358,0.9699101738433001,182.61034932149914,-0.1541505131607721,0,0.0849278926850152,0
box_sphere_strong_noise_medium_3,strong_noise,681,3119,0.03574070397037213,0.023190253037394984,0.9826819009281534,152.52388604977253,-0.20033985896350648,0,0.054695624444498714,1
box_sphere_strong_noise_medium_3,strong_noise,682,2313,0.046638102148807634,0.04549279743724298,0.9727750568029678,51.48819150869303,-0.368995035599923,0,0.1356574526096745,0
box_sphere_strong_noise_medium_3,strong_noise,685,3361,0.03900224779204707,0.02478301559039842,0.9265741363901955,86.40831642751277,-0.24116177110294254,0,0.1310026857731454,0
box_sphere_strong_noise_medium_3,strong_noise,688,541,0.044890074315361746,0.041911754653588346,0.9897473294117048,40.25272647127684,0.2006705473141128,1,0.11852846442961006,0
box_sphere_strong_noise_medium_3,strong_noise,690,790,0.06980495900868576,0.06876706635480455,0.440956756631753,81.78902806980315,0.1527421214323773,0,0.15283205285092114,0
box_sphere_strong_noise_medium_3,strong_noise,691,2933,0.022011758339685238,0.00956470392157252,0.9125716498502523,72.79467345547107,0.2978341740747753,1,0.12062021943244351,0
box_sphere_strong_noise_medium_3,strong_noise,692,515,0.05177633797805302,0.049965987163428864,0.9830477757036928,37.465276108148586,0.08426027524172704,0,0.047907665733237244,1
box_sphere_strong_noise_medium_3,strong_noise,693,1331,0.031673411269928134,0.02451426490197945,0.9205174416488341,99.88515701250851,0.0739189317649949,0,0.06563318502725199,1
box_sphere_strong_noise_medium_3,strong_noise,694,604,0.03842978623770902,0.03305548488619292,0.980316108858567,250.46574577119884,-0.20033985896350648,1,0.08988106389089501,0
box_sphere_strong_noise_medium_3,strong_noise,695,2710,0.09123126149432291,0.08739913040582488,0.9843915385875082,83.99000326531073,-0.05010676055768202,0,0.0660098125644736,1
box_sphere_strong_noise_medium_3,strong_noise,699,3116,0.08630354540508202,0.08429873863442552,0.9938915739147254,83.85747904765768,0.04651996801589379,0,0.016220435129125056,1
box_sphere_strong_noise_medium_3,strong_noise,702,995,0.05548138691574149,0.04624974979869348,0.9800737193899678,216.20453239054916,-0.2411617410278298,0,0.049054671311267714,1
box_sphere_strong_noise_medium_3,strong_noise,705,2309,0.040811764739306866,0.039415041647567546,0.9961417794514106,185.7250085760982,0.16430288462477893,1,0.06166866868269565,1
box_sphere_strong_noise_medium_3,strong_noise,708,819,0.10713273690730843,0.10654684210566946,0.9730424965329876,249.26754742108827,0.14183000150008945,0,0.07805553490813223,1
box_sphere_strong_noise_medium_3,strong_noise,710,2347,0.11803468636476912,0.11780271168614649,0.9923841370462888,217.8506543616001,0.010152360882018535,0,0.09087074145442851,0
box_sphere_strong_noise_medium_3,strong_noise,712,2825,0.02076036963239193,0.005994684441839355,0.6102662848358693,84.99790955907658,0.03842277865170187,1,0.11321444418778248,0
box_sphere_strong_noise_medium_3,strong_noise,714,1704,0.0633729113169024,0.06017753016104301,0.99515949937619,210.9229808292461,0.14830256555173468,1,0.06700110620234548,1
box_sphere_strong_noise_medium_3,strong_noise,715,175,0.08138287740234973,0.08010773945002539,0.9888952345101993,155.03738827255057,0.08907954853202434,0,0.09024183310367645,0
box_sphere_strong_noise_medium_3,strong_noise,730,470,0.05091616465096061,0.023543641409855955,0.9775427701890375,185.3002538309647,-0.0363676071338754,0,0.05577543467855857,1
box_sphere_strong_noise_medium_3,strong_noise,732,1193,0.03831029460109429,0.02695694595292517,0.9982066927809539,79.56713471189192,-0.20342153795102988,1,0.13708598774800237,0
box_sphere_strong_noise_medium_3,strong_noise,738,3303,0.044006392984169564,0.04206695031902155,0.9183393605961493,157.84537906495245,0.1304013651329752,1,0.08157521211833166,0
box_sphere_strong_noise_medium_3,strong_noise,742,60,0.06782320054231658,0.06352891079676105,0.9110796243505258,99.71040976603237,0.629665729921613,0,0.09625206319263202,0
box_sphere_strong_noise_medium_3,strong_noise,746,2356,0.03810403777066618,0.031112419367825734,0.9865436768850133,246.02343195995545,-0.10139999705056109,1,0.07348032245148058,1
box_sphere_strong_noise_medium_3,strong_noise,748,2934,0.040349703028080594,0.036048202481960855,0.8591718452069856,108.71068187910481,0.2869051348107872,1,0.0938744824189098,0
box_sphere_strong_noise_medium_3,strong_noise,751,1020,0.11163883511174161,0.11137464382501587,0.9374049791803836,123.30981262795547,0.3649733730164405,0,0.12439522190460091,0
box_sphere_strong_noise_medium_3,strong_noise,754,1326,0.11602719039152229,0.11144794493893048,0.9935325688682536,127.35782231901594,0.09531007980442975,0,0.07707251070814708,1
box_sphere_strong_noise_medium_3,strong_noise,756,1279,0.09287265510939564,0.09159938315272981,0.9927680802520463,190.98421555064303,-0.04445171909261546,0,0.0783159431448084,1
box_sphere_strong_noise_medium_3,strong_noise,760,1102,0.07909754192000133,0.07896136525776735,0.9984062643161599,95.0101868616253,-0.15778028439974565,0,0.0909809837095209,0
box_sphere_strong_noise_medium_3,strong_noise,764,2555,0.06009942827311898,0.052049596941678294,0.9358247498851805,87.88671080764742,-0.1185596143233401,0,0.09191978897101476,0
box_sphere_strong_noise_medium_3,strong_noise,767,3332,0.029146828690876002,0.011755608261488165,0.9957824382028417,183.90181074390787,-0.03352263434643528,1,0.09475625425388083,0
box_sphere_strong_noise_medium_3,strong_noise,775,495,0.06616520683818647,0.048180626492403525,0.9997689692310898,90.31110477466252,0.09531007980442975,0,0.07041121613731664,1
box_sphere_strong_noise_medium_3,strong_noise,778,1644,0.05732475562162342,0.041011552930964,0.9536221878228479,146.5276517955138,-0.018018488836027042,0,0.09834526372576947,0
box_sphere_strong_noise_medium_3,strong_noise,791,134,0.054424260594480335,0.050474289694413484,0.9657619190041528,62.16144303074181,0.05894247267055436,0,0.03147195243743242,1
box_sphere_strong_noise_medium_3,strong_noise,800,1836,0.09970937273876002,0.0972779561612131,0.9604684871798204,116.80985481418416,0.25782881518479,0,0.05407292034963325,1
box_sphere_strong_noise_medium_3,strong_noise,801,703,0.0709052817946052,0.06916527546491925,0.8637426086563518,125.26257488236759,0.16430289977626486,0,0.17709978517945194,0
box_sphere_strong_noise_medium_3,strong_noise,802,82,0.0538514298728661,0.053549133653109385,0.9975493685092686,77.80109184668056,-0.20342153795102988,1,0.07018779113434688,1
box_sphere_strong_noise_medium_3,strong_noise,803,772,0.08763625894539623,0.0803896513710771,0.9941873849179101,78.1091429743753,0.021202184573704982,0,0.13741536483413777,0
box_sphere_strong_noise_medium_3,strong_noise,808,1666,0.07824682656393106,0.07011279925938445,0.8863818920960518,127.41273314125924,0.1155127728362431,0,0.11196446344442987,0
box_sphere_strong_noise_medium_3,strong_noise,812,2896,0.04458349577484042,0.018743465027551715,0.9872638890839854,132.68083214650548,0.2006704732401757,0,0.07509725512829393,1
box_sphere_strong_noise_medium_3,strong_noise,814,1121,0.05340479912732552,0.04312917988811408,0.9997628331615175,205.41607684169293,-0.07410789523072468,1,0.07629412283726827,1
box_sphere_strong_noise_medium_3,strong_noise,818,3143,0.04353289043554248,0.023022049955610746,0.3088793327489735,90.6767503113569,-0.08701129365637626,1,0.15005801149686537,0
box_sphere_strong_noise_medium_3,strong_noise,819,3262,0.11472668126768285,0.10372628353516194,0.9597654508163611,138.05873023906534,-0.2856135031825406,0,0.12753003733205376,0
box_sphere_strong_noise_medium_3,strong_noise,821,1862,0.0459598548168301,0.024768444529389106,0.9899532849958605,102.15977799076849,-0.38776505732513855,1,0.11247642256799482,0
box_sphere_strong_noise_medium_3,strong_noise,823,360,0.03528885349116199,0.018977526405864028,0.9986638565078813,105.76342071273878,0.3813672394561999,1,0.09952579681608462,0
box_sphere_strong_noise_medium_3,strong_noise,824,938,0.03753713927072365,0.019012958558883405,0.9921138576054969,80.57873070241382,-0.38426255686812866,0,0.1330952732752374,0
box_sphere_strong_noise_medium_3,strong_noise,826,1639,0.05684988118626533,0.05217265182405865,0.9434510937292859,82.39910796836305,-0.48802170224880465,0,0.15198559527882305,0
box_sphere_strong_noise_medium_3,strong_noise,832,911,0.08895504396541445,0.08674920350513934,0.8385342930423377,98.56197006094081,-0.09806112599680523,0,0.06318825150272732,1
box_sphere_strong_noise_medium_3,strong_noise,833,192,0.08620579534894748,0.08467963306204443,0.3262913906620255,127.29836892189702,-0.10763054514487824,0,0.18161655973978827,0
box_sphere_strong_noise_medium_3,strong_noise,838,318,0.08754208911265376,0.08702220469615143,0.9990864396256653,222.13297386636785,0.18169460162585432,0,0.07719341407202188,1
box_sphere_strong_noise_medium_3,strong_noise,839,1213,0.10603489107582385,0.10527845303000972,0.9569542383540871,102.65911980915725,0.4779601702007115,0,0.07134030655500145,1
box_sphere_strong_noise_medium_3,strong_noise,840,1773,0.027046219541016606,0.00676175542444696,0.845899637276264,43.903128157475464,-0.32454332836498856,1,0.09855248193113071,0
box_sphere_strong_noise_medium_3,strong_noise,843,122,0.06913131925755622,0.06076891738804684,0.9871672432183061,103.90803925858177,0.061118738329799215,0,0.08225573320382241,0
box_sphere_strong_noise_medium_3,strong_noise,847,1227,0.026882223783368783,0.007951188340342051,0.8850745963499805,172.73002447453894,0.0816112533444393,1,0.10845350098898922,0
box_sphere_strong_noise_medium_3,strong_noise,849,2221,0.040623091096445706,0.030575494255321307,0.7201805333309311,49.02135290967458,0.016667041790031336,0,0.10569170531249068,0
box_sphere_strong_noise_medium_3,strong_noise,852,596,0.08741927372465402,0.07859300749670217,0.9962665674525578,68.3908326063364,0.16430288462477893,0,0.04778749201475743,1
box_sphere_strong_noise_medium_3,strong_noise,855,41,0.04845063805783839,0.03205357656900381,0.9936010371125309,68.51117708330314,-0.05010676055768202,1,0.029222792060494593,1
box_sphere_strong_noise_medium_3,strong_noise,856,331,0.051645284150877886,0.049065029980951254,0.9954162944391344,146.13558926551414,0.04651996801589379,1,0.047516413438348566,1
box_sphere_strong_noise_medium_3,strong_noise,863,2823,0.02369477777078008,0.003119181042335306,0.9372580751513169,48.13296247083062,0.04651997396826353,1,0.12327643876666147,0
box_sphere_strong_noise_medium_3,strong_noise,867,3349,0.06865011965924803,0.06473196997493433,0.9890840384471796,143.5351520056407,0.11023570916343348,0,0.10937895722262778,0
box_sphere_strong_noise_medium_3,strong_noise,869,268,0.06736178688234422,0.0501925494051063,0.9982261331062489,207.23506328126172,0.121743279263989,0,0.10674327635788038,0
box_sphere_strong_noise_medium_3,strong_noise,874,1717,0.09738844308797115,0.09574149503557149,0.8984253708883745,107.2548024219835,-0.20342153795102988,0,0.09785853925454863,0
box_sphere_strong_noise_medium_3,strong_noise,884,1397,0.014241957062472796,0.012289557111847703,0.9641506639234434,108.2944508877819,-0.08701129365637626,1,0.08580513234188487,0
box_sphere_strong_noise_medium_3,strong_noise,885,2697,0.043442914300203535,0.0021367823648481745,0.9233680784476688,97.57311261626235,0.26966335028261124,0,0.14571952544313888,0
box_sphere_strong_noise_medium_3,strong_noise,887,2082,0.11833823830328671,0.11711413981354535,0.9954294782286338,41.39526791520655,0.1466033162973087,0,0.06723822226025367,1
box_sphere_strong_noise_medium_3,strong_noise,890,272,0.07121432301677967,0.062453635891988935,0.9776764832572621,61.62488232557745,-0.24116179594760623,0,0.09169656047222134,0
box_sphere_strong_noise_medium_3,strong_noise,893,3213,0.0436344900331506,0.02636062855080068,0.9444605935681897,53.702477068666155,-0.0433362830382717,0,0.1013803134020177,0
box_sphere_strong_noise_medium_3,strong_noise,894,169,0.024036490706539886,0.012728316736620199,0.6461822527879666,57.82081132512976,0.16430291240250527,0,0.08350507164147622,0
box_sphere_strong_noise_medium_3,strong_noise,902,881,0.06353547485691326,0.060409209632465044,0.8693909265937262,87.28875035399932,0.0,0,0.09627650333509785,0
box_sphere_strong_noise_medium_3,strong_noise,903,2312,0.08615958434704508,0.08303042351194295,0.9838999472385024,132.67191813292368,-0.05010676055768202,0,0.10739990974612804,0
box_sphere_strong_noise_medium_3,strong_noise,904,2334,0.0710031123708629,0.06581230231106201,0.9950025725538748,37.22240443257212,0.22884139242898963,0,0.040422421284525265,1
box_sphere_strong_noise_medium_3,strong_noise,907,2545,0.08156376901431793,0.07800596006069083,0.9702145063012912,88.93848909094423,-0.06680859729123638,0,0.11975929416393945,0
box_sphere_strong_noise_medium_3,strong_noise,909,2113,0.03423908372945515,0.01507747508473708,0.9896145167915555,236.06206156343325,0.046519960079403636,1,0.12266279555303679,0
box_sphere_strong_noise_medium_3,strong_noise,912,3089,0.09993245665097439,0.0999134357754888,0.18672434769585627,62.03541321485442,0.24838591383314979,0,0.19472574253608704,0
box_sphere_strong_noise_medium_3,strong_noise,913,2531,0.11723281609810891,0.11527282567352354,0.997967785023441,95.18126829549173,-0.32454332836498856,0,0.08019875209685333,0
box_sphere_strong_noise_medium_3,strong_noise,914,2467,0.11390978015046434,0.1120862262096133,0.9880827982548201,112.14352502571106,0.04651996801589379,0,0.10670655197685852,0
box_sphere_strong_noise_medium_3,strong_noise,916,2961,0.038408139323392314,0.03829002649047383,0.49170871539923977,77.02121404979077,0.19820446656858445,0,0.10019030865065204,0
box_sphere_strong_noise_medium_3,strong_noise,929,915,0.03730753899978337,0.03051022987609648,0.921512019106425,47.94795092200546,-0.1541505131607721,0,0.10429940621074149,0
box_sphere_strong_noise_medium_3,strong_noise,932,656,0.1278235967381707,0.12554141477675476,0.9943470764239328,242.73859428406507,0.09531004647117819,0,0.09337001846774763,0
box_sphere_strong_noise_medium_3,strong_noise,936,1800,0.04592928715199504,0.035674231979797195,0.9984442460700098,159.60008889542678,0.33865598700809024,1,0.09413527961094659,0
box_sphere_strong_noise_medium_3,strong_noise,945,753,0.0458586519022463,0.003975524496388043,0.7695494734935737,83.46587397407536,0.13690400102712816,0,0.14514000644355998,0
box_sphere_strong_noise_medium_3,strong_noise,947,1648,0.1029815539897654,0.10204123262746903,0.7885090089403567,98.94983908453483,0.0901950113720376,0,0.09311051095857945,0
box_sphere_strong_noise_medium_3,strong_noise,948,1691,0.025233861933230916,0.009510447224463425,0.8679238500385263,82.31690431931935,0.10714454431415384,1,0.0649959920408911,1
box_sphere_strong_noise_medium_3,strong_noise,950,1516,0.11996911314381961,0.11914145132670707,0.9847391716414221,237.3317019331163,-0.0275879272148308,0,0.10228721086653182,0
box_sphere_strong_noise_medium_3,strong_noise,952,978,0.0631113581363225,0.05833949544742162,0.946544369912773,88.12016593282155,0.08907954853202434,0,0.07376938133642025,1
box_sphere_strong_noise_medium_3,strong_noise,954,492,0.05128999733924477,0.01808117457400853,0.9794051129547843,255.1675172440411,-0.24116175681726298,1,0.11182527387681512,0
box_sphere_strong_noise_medium_3,strong_noise,956,1915,0.016140801329338057,0.0122411922443268,0.9935993128597725,39.980988042821856,-0.10301162992515521,1,0.09507915222687863,0
box_sphere_strong_noise_medium_3,strong_noise,959,246,0.03661512903349487,0.023894714270412107,0.9311978771041759,166.0919713630485,0.1155127728362431,0,0.08171166600659967,0
box_sphere_strong_noise_medium_3,strong_noise,961,3119,0.02343919256047473,0.005027666484124006,0.9949524429166847,149.81794825143956,-0.28372137051136714,1,0.06704280343778649,1
box_sphere_strong_noise_medium_3,strong_noise,967,2466,0.0190745045993132,0.016938442936551366,0.905608487132364,86.35037999695318,0.17869163222177434,1,0.07586502242868454,1
box_sphere_strong_noise_medium_3,strong_noise,969,1448,0.10412316014013111,0.09795818401693547,0.9978728539087568,164.5865309782857,0.2155961211176579,0,0.07949205524215541,1
box_sphere_strong_noise_medium_3,strong_noise,972,559,0.08080759659253507,0.07821622963247214,0.9166275148656451,33.14427548939905,-0.0180184943915741,0,0.051179086287541635,1
box_sphere_strong_noise_medium_3,strong_noise,976,178,0.06168983213674743,0.05747311212617068,0.9519883279171909,246.9761266666949,0.16430288462477893,0,0.03746019732484647,1
box_sphere_strong_noise_medium_3,strong_noise,986,606,0.08377235607079914,0.07689016677088366,0.9883254990279757,225.64203958874106,0.08734190793304553,0,0.04105422528183995,1
box_sphere_strong_noise_medium_3,strong_noise,988,1097,0.02340037405441983,0.01851136226126588,0.348161590642559,48.00470741924018,-0.14807154811406928,1,0.13781534673715895,0
box_sphere_strong_noise_medium_3,strong_noise,991,2444,0.11615587326600922,0.114111799919389,0.9893130411346331,252.19051236580313,-0.04049131084974947,0,0.09417329787227578,0
box_sphere_strong_noise_medium_3,strong_noise,999,205,0.051885969346281334,0.04213890107671653,0.9301814149889491,132.0663220353044,-0.1541505131607721,0,0.11265517316802645,0
box_sphere_strong_noise_medium_3,strong_noise,1005,1634,0.08573370675956969,0.07271714926838554,0.9679499712443342,126.7897217730456,-0.2856135031825406,0,0.1094590054115328,0
box_sphere_strong_noise_medium_3,strong_noise,1008,2722,0.08348273274793185,0.07796907121486864,0.976610192377215,220.52920914461552,0.24067580598642396,0,0.08748212473219874,0
box_sphere_strong_noise_medium_3,strong_noise,1010,1454,0.08179458322472125,0.07723091075539879,0.950462151066712,119.48163134361597,-0.12783325150999786,0,0.07891359414542005,1
box_sphere_strong_noise_medium_3,strong_noise,1011,1230,0.021041931565596632,0.005041929927492337,0.8978839112121475,46.323478447879545,-0.3152698348315364,1,0.11470454891386614,0
box_sphere_strong_noise_medium_3,strong_noise,1016,140,0.1505112971844023,0.14762372510169788,0.6013255507447484,135.82085774157343,-0.3809235557143082,0,0.10048976936776365,0
box_sphere_strong_noise_medium_3,strong_noise,1021,2659,0.07991157557276285,0.07578073915508182,0.9548558755851326,37.287863988350665,-0.009360433764069953,0,0.09272275076307966,0
box_sphere_strong_noise_medium_3,strong_noise,1023,1252,0.056549200734185186,0.048545496407125535,0.4989105703359451,93.66178906369731,-0.44595601155092135,0,0.1778132793053724,0
box_sphere_strong_noise_medium_3,strong_noise,1025,1160,0.0564226937638013,0.04659109845806214,0.9966773440919996,215.66679383194534,-0.1458517042854954,0,0.11537714865560592,0
box_sphere_strong_noise_medium_3,strong_noise,1026,1243,0.11412698432722326,0.11375756350890666,0.9986646331447371,176.5675584148199,-0.5465428642641365,0,0.06058107018275963,1
box_sphere_strong_noise_medium_3,strong_noise,1031,1082,0.0509912997793598,0.020175183633611114,0.9507072122382336,51.39230163614692,0.0816112533444393,0,0.06044652643096875,1
box_sphere_strong_noise_medium_3,strong_noise,1032,2890,0.09921121482235602,0.09836437571006944,0.6027107736505909,90.25277138504796,-0.08701126587866065,0,0.056137955607185035,1
box_sphere_strong_noise_medium_3,strong_noise,1033,1228,0.06610114946211607,0.045572823574878574,0.7733573748803293,95.54018995596822,0.12348095454888373,0,0.1400235593271496,0
box_sphere_strong_noise_medium_3,strong_noise,1035,2648,0.0896365289660422,0.0760687973921867,0.9315153123895777,178.08353939457893,-0.16111918888710094,0,0.10235040457785682,0
box_sphere_strong_noise_medium_3,strong_noise,1036,2821,0.04277522171479582,0.016314784614637277,0.9630089054439501,42.64712193201056,0.13353126762463974,1,0.045558776119740955,1
box_sphere_strong_noise_medium_3,strong_noise,1039,2695,0.029102938506008535,0.012726929242644045,0.9950424132855146,268.62907221767705,0.04651994896832191,1,0.09041289007374753,0
box_sphere_strong_noise_medium_3,strong_noise,1040,826,0.06924276851022741,0.06850196207467729,0.9926952283834993,121.9827454212656,0.06632258646053232,0,0.07176764688209024,1
box_sphere_strong_noise_medium_3,strong_noise,1041,2573,0.057456875893772054,0.055079138078367326,0.9748423859047013,89.809809201137,-0.20342153795102988,1,0.11214762928133554,0
box_sphere_strong_noise_medium_3,strong_noise,1043,2635,0.05906257332880041,0.032431041090881796,0.6127749702221391,61.73911369656057,-0.8602001113785996,1,0.10365945746737584,0
box_sphere_strong_noise_medium_3,strong_noise,1045,481,0.021526189031018404,0.019641460335702035,0.9865239068808765,74.34473420907909,-0.4795726700058336,0,0.11795588196342571,0
box_sphere_strong_noise_medium_3,strong_noise,1046,2915,0.045671733834093495,0.03558674808787268,0.9708590145982494,50.63966200198308,-0.342944460804498,0,0.13681979765881622,0
box_sphere_strong_noise_medium_3,strong_noise,1048,1238,0.1306659943805499,0.12780581184863665,0.9784328028460798,98.65004280859044,-0.33213345821145185,0,0.1007428845169935,0
box_sphere_strong_noise_medium_3,strong_noise,1051,2392,0.08318310218967652,0.07631268617979141,0.9763948321096637,254.46507493461542,-0.08701126587866065,0,0.06947734490411325,1
box_sphere_strong_noise_medium_3,strong_noise,1054,1267,0.07030158747766023,0.06760625652665879,0.9758169211539753,181.07252600835628,0.21082286779215872,0,0.09758710119049732,0
box_sphere_strong_noise_medium_3,strong_noise,1055,833,0.04846757071733418,0.04574304735859499,0.9896434345259291,101.62553692537817,0.18005123564053357,1,0.08813858889121444,0
box_sphere_strong_noise_medium_3,strong_noise,1058,567,0.11168519602616225,0.10305053193305147,0.9000498133841625,54.85921730833923,0.10904029930249316,0,0.11023610756414572,0
box_sphere_strong_noise_medium_3,strong_noise,1059,1156,0.053864573694964,0.05296663305321253,0.992130465266228,230.31546716195743,-0.0275879272148308,1,0.05984098510450733,1
box_sphere_strong_noise_medium_3,strong_noise,1068,3280,0.027139405385881197,0.014166871206989087,0.9836258381279076,80.63619944303977,-0.16970294213245063,1,0.10383948201727658,0
box_sphere_strong_noise_medium_3,strong_noise,1069,2544,0.10535307642606415,0.08861023285478739,0.9938028548365996,195.97359901585193,-0.14107842282152755,0,0.11560243506526179,0
box_sphere_strong_noise_medium_3,strong_noise,1070,588,0.04119082710806154,0.0034007429644495107,0.9524571905906346,256.5717909878149,0.13832734626487997,1,0.06557265661567477,1
box_sphere_strong_noise_medium_3,strong_noise,1071,2652,0.12050729159716128,0.11763261980260588,0.9974362447542989,221.4521256010145,-0.2411617840899251,0,0.09799943913435753,0
box_sphere_strong_noise_medium_3,strong_noise,1072,1428,0.07286958949045676,0.06839447999950385,0.9953383345349905,157.95286852967863,0.2051247908118496,0,0.08035296816719564,0
box_sphere_strong_noise_medium_3,strong_noise,1073,126,0.05936081362767068,0.05422335018597883,0.9905727919922319,80.93866420458929,-0.44183219672419327,0,0.08439726757975442,0
box_sphere_strong_noise_medium_3,strong_noise,1074,2352,0.05330643441315518,0.049804715839147376,0.9823339654637392,260.74966240344116,0.03327475099017847,0,0.07095455238669228,1
box_sphere_strong_noise_medium_3,strong_noise,1081,166,0.04349707084372399,0.01992886350932886,0.9280974289271029,109.52132326152844,-0.13580142264064687,0,0.09933405186332604,0
box_sphere_strong_noise_medium_3,strong_noise,1082,507,0.07037437874456573,0.04227884634131969,0.5062518580723134,64.43509048259398,0.024541085727733707,0,0.147030907266906,0
box_sphere_strong_noise_medium_3,strong_noise,1083,3034,0.03849548488920705,0.03447219207772231,0.9808351906787277,213.0346685868074,0.07249542106658409,0,0.05543962913299439,1
box_sphere_strong_noise_medium_3,strong_noise,1084,1868,0.04594736316347289,0.0384457463555761,0.5720524286426159,45.59739271945444,0.1960516232618522,0,0.07188070165816741,1
box_sphere_strong_noise_medium_3,strong_noise,1087,1940,0.08137282028758601,0.07759786209702257,0.9817704173047331,240.55890325009509,0.2006704732401757,0,0.07819604027342203,1
box_sphere_strong_noise_medium_3,strong_noise,1089,1046,0.04076103130898633,0.03343783538835263,0.9418600991542541,163.183104184623,0.3024530707760166,1,0.08427581824983614,0
box_sphere_strong_noise_medium_3,strong_noise,1090,2143,0.13890991287517118,0.12938338731451254,0.8598367986390706,219.0882544636271,-0.3412450893092448,0,0.12480891786391957,0
box_sphere_strong_noise_medium_3,strong_noise,1098,2101,0.11872088473273495,0.1133907369611345,0.9840022437650883,153.0408550001095,-0.2019411467407225,0,0.0252708215623774,1
box_sphere_strong_noise_medium_3,strong_noise,1099,165,0.024871567959321227,0.012137127167972231,0.5886850544561372,92.81940548896539,-0.006322461635522397,1,0.09889870431296145,0
box_sphere_strong_noise_medium_3,strong_noise,1106,1829,0.04823420354184118,0.044393255004230615,0.994761186756275,150.0646686125032,0.08734190793304553,0,0.03689633460202188,1
box_sphere_strong_noise_medium_3,strong_noise,1107,2163,0.08335102512480357,0.0815675243593107,0.9934724719937308,197.98637451591154,0.021202184573704982,0,0.06960534952764746,1
box_sphere_strong_noise_medium_3,strong_noise,1108,2800,0.02984277604581494,0.023141880855085707,0.6148546081656774,74.29940533604703,0.42788720747209374,1,0.13338928233700031,0
box_sphere_strong_noise_medium_3,strong_noise,1115,1950,0.07446243689145833,0.07208468962844441,0.9937271456459714,218.03961018894202,0.046519960079403636,0,0.08431662415368915,0
box_sphere_strong_noise_medium_3,strong_noise,1116,2115,0.03711877159137699,0.029271665037847987,0.6430002000760574,102.07141192158804,-0.07410789523072468,0,0.13587407142477087,0
box_sphere_strong_noise_medium_3,strong_noise,1123,2609,0.04558218353706229,0.017039655047196033,0.39260213113631054,106.96766784740903,-0.018018495502683737,0,0.16137006077354854,0
box_sphere_strong_noise_medium_3,strong_noise,1124,376,0.02360229144469138,0.00030622940983743036,0.9735085408762613,57.98700650943224,0.13353126762463974,1,0.06842811189708821,1
box_sphere_strong_noise_medium_3,strong_noise,1132,1430,0.043364939257455465,0.04206415389319787,0.9925279783248953,228.0163443103854,-0.0275879272148308,1,0.05118491574225582,1
box_sphere_strong_noise_medium_3,strong_noise,1133,130,0.0708115090039094,0.06653605810978541,0.9347777867847887,107.23266277766092,0.2787131592259909,0,0.07637761850931912,1
box_sphere_strong_noise_medium_3,strong_noise,1135,2607,0.06226357211924354,0.06157197962853628,0.985842875818702,48.49452313517513,0.10714454431415384,0,0.08006657388953146,0
box_sphere_strong_noise_medium_3,strong_noise,1136,1126,0.07962261413054784,0.07469331775253457,0.9975353886983508,145.7904495543765,0.0689928048203492,0,0.050273622428161,1
box_sphere_strong_noise_medium_3,strong_noise,1139,1657,0.08042875629329067,0.007271483340914221,0.41524310680960064,101.18985701908652,-0.09455846779261635,0,0.11954612527068903,0
box_sphere_strong_noise_medium_3,strong_noise,1144,301,0.04019533757697135,0.0247626340747143,0.9864542951631706,226.89594306314652,-0.0363676071338754,1,0.05473798883708635,1
box_sphere_strong_noise_medium_3,strong_noise,1158,1469,0.0621411019349912,0.015131579844771936,0.2777360087534111,116.0603251937246,0.03509128532854546,0,0.16559129672860642,0
box_sphere_strong_noise_medium_3,strong_noise,1165,824,0.04151914416871001,0.01704281229165735,0.9483011395237495,43.31537223490177,-0.04445171909261546,0,0.08833511695461825,0
box_sphere_strong_noise_medium_3,strong_noise,1169,687,0.06132158943918272,0.04190318177406524,0.997449302030678,100.87727088081311,0.03509128532854546,0,0.07303757778691057,1
box_sphere_strong_noise_medium_3,strong_noise,1170,2519,0.10816211758652688,0.10616969913533411,0.7874188551910815,135.3651445217901,0.21082286779215872,0,0.10961444415557643,0
box_sphere_strong_noise_medium_3,strong_noise,1171,1611,0.03492726747017546,0.010832468119921347,0.9660080423184335,253.28371860579264,0.03327475099017847,1,0.054244923651401725,1
box_sphere_strong_noise_medium_3,strong_noise,1172,2876,0.03547699551327904,0.03122324170277766,0.9912804090743618,91.5019802949929,-0.12783325150999786,1,0.07946517204261193,1
box_sphere_strong_noise_medium_3,strong_noise,1174,1503,0.028527603243344517,0.016828345180957976,0.9639104800657882,106.240217171523,-0.19464181607403128,1,0.136044657221511,0
box_sphere_strong_noise_medium_3,strong_noise,1176,3381,0.09524918172467892,0.07824114678022362,0.9948767164551305,155.994016030576,0.29783403915444834,0,0.026005728113773798,1
box_sphere_strong_noise_medium_3,strong_noise,1178,1129,0.04712786736958575,0.04305964705864615,0.9995813452644727,207.9770106879037,-0.0363676071338754,1,0.04821441941248485,1
box_sphere_strong_noise_medium_3,strong_noise,1186,1208,0.06200624110779777,0.04706670670332741,0.9761128271287937,70.44948299961914,0.10058715893251952,1,0.10117481169989101,0
box_sphere_strong_noise_medium_3,strong_noise,1190,1535,0.025942233221352983,0.01769585082827481,0.9940936260807043,223.9706870617941,-0.368995035599923,1,0.11119372834972656,0
box_sphere_strong_noise_medium_3,strong_noise,1198,1723,0.06717555885611054,0.06177937681264041,0.2075580872644654,104.91058733487745,0.07729160611988854,0,0.15356855837595634,0
box_sphere_strong_noise_medium_3,strong_noise,1199,1351,0.03126560444542045,0.0026327247696602578,0.5564407138469221,57.40802880250919,-0.047006004560835014,1,0.12956995895771004,0
box_sphere_strong_noise_medium_3,strong_noise,1200,992,0.041569176299199886,0.029866263449980144,0.9614663851866174,97.80375878502312,-0.08701126587866065,1,0.11487358618771587,0
box_sphere_strong_noise_medium_3,strong_noise,1202,225,0.08750016583477119,0.0792488298966034,0.9265445941912327,114.8176098177721,0.016667031094864893,0,0.060159683482424876,1
box_sphere_strong_noise_medium_3,strong_noise,1204,95,0.03365252681861901,0.028566641588129063,0.7546098836590651,67.29625260276966,-0.03530998002139156,0,0.10987063155048249,0
box_sphere_strong_noise_medium_3,strong_noise,1205,3236,0.09374312536652349,0.09010718743612994,0.811782261490626,39.37531504676322,0.1765730119952038,0,0.12226394919008546,0
box_sphere_strong_noise_medium_3,strong_noise,1209,3221,0.07649338436242302,0.0729009491970008,0.9988220622287787,220.01517260472403,-0.026050653974156845,0,0.07141492125145289,1
box_sphere_strong_noise_medium_3,strong_noise,1211,477,0.11093869843971291,0.0914985993848986,0.9131887459466812,66.39345296859061,0.0,0,0.11134825982804727,0
box_sphere_strong_noise_medium_3,strong_noise,1212,3363,0.05498757488750102,0.041719463935777766,0.9583931792319755,92.37509501326836,-0.0363676071338754,0,0.04456643728482865,1
box_sphere_strong_noise_medium_3,strong_noise,1214,1350,0.09752893842800951,0.09286611408507472,0.9230162444442425,172.84456552265644,0.14970411887791468,0,0.10036773403966119,0
box_sphere_strong_noise_medium_3,strong_noise,1215,15,0.03368292924053247,0.03148983688477202,0.9856617443369259,54.76682706465401,-0.20607055720281967,1,0.05966499003226961,1
box_sphere_strong_noise_medium_3,strong_noise,1223,2423,0.04555851038643872,0.040966857765162075,0.9650499838364497,214.08688635610633,-0.12337890079025166,1,0.07244488673287977,1
box_sphere_strong_noise_medium_3,strong_noise,1224,743,0.03797212900707049,0.023593434701812806,0.9989004893084799,216.294188649819,0.024541085727733707,1,0.0560239671309284,1
box_sphere_strong_noise_medium_3,strong_noise,1231,3308,0.04698025640919475,0.04123582432980891,0.9900955265465121,108.86814378617444,0.09531007980442975,0,0.06975137429227037,1
box_sphere_strong_noise_medium_3,strong_noise,1232,2147,0.03958770373087258,0.039136739310178456,0.9986328350479019,185.75317552754288,0.07249542106658409,1,0.08576200597722144,0
box_sphere_strong_noise_medium_3,strong_noise,1235,402,0.06389162986537056,0.05849387929825672,0.9926073734888989,177.66076882530083,-0.0363676071338754,0,0.0816549101210127,0
box_sphere_strong_noise_medium_3,strong_noise,1236,953,0.08184756021354612,0.0793300114203821,0.9748569659071848,138.8758191381923,-0.05192000832783077,0,0.07608213210340457,1
box_sphere_strong_noise_medium_3,strong_noise,1238,1019,0.08370682673808068,0.07084425375875918,0.9237275419012916,108.42576110753778,-0.05010676055768202,0,0.06957710529562075,1
box_sphere_strong_noise_medium_3,strong_noise,1241,747,0.07209035050888318,0.07142604991221863,0.9499984875329138,82.14081318761713,0.14830256555173468,0,0.059425502685713436,1
box_sphere_strong_noise_medium_3,strong_noise,1245,1948,0.03496784842051936,0.031009966156601565,0.9953367748973723,134.75672814441086,-0.05192000832783077,0,0.08033406506329814,0
box_sphere_strong_noise_medium_3,strong_noise,1246,841,0.0632924163708192,0.06130427326166977,0.9253962534607135,79.30239988996766,-0.07410789523072468,0,0.11700893944799341,0
box_sphere_strong_noise_medium_3,strong_noise,1247,463,0.06643777689843007,0.06477235635781413,0.9953612112145643,221.346521186206,-0.1541505131607721,0,0.05748339900818763,1
box_sphere_strong_noise_medium_3,strong_noise,1248,1188,0.04833734587343467,0.02895799776803291,0.9509581299796552,75.71524673584322,-0.28372137051136714,0,0.13436721707482416,0
box_sphere_strong_noise_medium_3,strong_noise,1249,33,0.06596330433470105,0.039653696144754495,0.9260811420887919,70.76374954395791,-0.4823236266212903,0,0.10289621161977314,0
box_sphere_strong_noise_medium_3,strong_noise,1252,2337,0.03948540064542069,0.01154351512472399,0.955664619681756,211.15320438537572,0.3024530707760166,0,0.1293011292229363,0
box_sphere_strong_noise_medium_3,strong_noise,1267,769,0.03528556767015618,0.02482542441383714,0.9145602990410481,61.83054214702371,-0.1541505131607721,0,0.14999988842743583,0
box_sphere_strong_noise_medium_3,strong_noise,1268,1338,0.0901249439714275,0.08412249716953218,0.9516695210941927,229.2018467734535,-0.24116177110294254,0,0.032500993702615825,1
box_sphere_strong_noise_medium_3,strong_noise,1269,2402,0.06426134016241193,0.05844374759750595,0.9251273066935832,83.8546568234941,-0.06527133328131351,1,0.04236107469420175,1
box_sphere_strong_noise_medium_3,strong_noise,1274,1249,0.06375963971155393,0.05830988157773638,0.4832151032597273,107.23086736338108,0.14020539692483483,0,0.14734136341504023,0
box_sphere_strong_noise_medium_3,strong_noise,1275,567,0.046269237034252196,0.03923382280286179,0.9698165791234399,56.32567099164819,-0.09163025474561658,0,0.12036530710804945,0
box_sphere_strong_noise_medium_3,strong_noise,1276,397,0.16861043988249091,0.13213326770942474,0.6481109159506856,103.03088035815193,-0.9830976491686845,0,0.10883906501045754,0
box_sphere_strong_noise_medium_3,strong_noise,1277,2630,0.07223144487165213,0.07068637607708024,0.9994095068237645,134.27348078426812,-0.1967100768549908,0,0.08363669425447078,0
box_sphere_strong_noise_medium_3,strong_noise,1278,3219,0.08602573142388373,0.07134958483193178,0.7877955685871872,74.00098526101735,-0.024938929190178552,0,0.08475177593442836,0
box_sphere_strong_noise_medium_3,strong_noise,1281,1564,0.02008043689029979,0.006710945422324845,0.9510356646485563,55.063008942897646,0.17869163222177434,1,0.06894905430826176,1
box_sphere_strong_noise_medium_3,strong_noise,1282,751,0.09293421893794983,0.08748583447895865,0.9591743585236476,146.68185311449523,0.010152360882018535,0,0.09576600310412711,0
box_sphere_strong_noise_medium_3,strong_noise,1286,322,0.04663849941016948,0.044367707694466525,0.9381009292054135,81.63759792962065,-0.06680859729123638,1,0.1228811937182565,0
box_sphere_strong_noise_medium_3,strong_noise,1291,1401,0.056827286150175745,0.04769931047752424,0.9203655888220704,126.39080185359273,-0.19237165931440658,1,0.1301327694741098,0
box_sphere_strong_noise_medium_3,strong_noise,1294,3299,0.06524059630298762,0.037005657250570805,0.9983931301615225,166.2693101228966,0.2155961211176579,0,0.047528398243964494,1
box_sphere_strong_noise_medium_3,strong_noise,1295,549,0.04139008139456804,0.04103043781441218,0.9984394420217587,167.8659373931578,0.05894247267055436,1,0.06338120580650487,1
box_sphere_strong_noise_medium_3,strong_noise,1296,2786,0.07633798679592997,0.07333765449265829,0.9978807262389308,151.85448678377298,-0.0363676071338754,0,0.037787059096411925,1
box_sphere_strong_noise_medium_3,strong_noise,1300,607,0.05995562094294909,0.047497031379115616,0.9836341167679055,50.48023690869743,-0.13196264548860892,1,0.0869830636068572,0
box_sphere_strong_noise_medium_3,strong_noise,1301,2656,0.031095278351590146,0.008399863146119872,0.9563728881960109,43.37599229823932,-0.15415056871622743,1,0.11494768246920314,0
box_sphere_strong_noise_medium_3,strong_noise,1302,2301,0.09577863314026695,0.09251359354948968,0.9496758967631417,208.9505490520615,-0.0363676071338754,0,0.06143871494250668,1
box_sphere_strong_noise_medium_3,strong_noise,1303,2816,0.083820088276659,0.0717785174916953,0.8315751797785453,81.34466314856657,0.05894247267055436,0,0.03305013924042838,1
box_sphere_strong_noise_medium_3,strong_noise,1306,2701,0.039992557230547426,0.0213144488512818,0.9631740150029255,38.241746557459166,0.01912103018552369,0,0.1169370067933812,0
box_sphere_strong_noise_medium_3,strong_noise,1307,414,0.030282813183186222,0.029333768252203435,0.8131122179851477,92.22862418366662,-0.058840433356342293,1,0.131243249036072,0
box_sphere_strong_noise_medium_3,strong_noise,1308,1322,0.12125432719558098,0.11911769946221967,0.9960333687013144,160.60312275177452,-0.12783325150999786,0,0.03496134759435123,1
box_sphere_strong_noise_medium_3,strong_noise,1310,2546,0.040801976711168995,0.022835050950123944,0.9792941642027687,97.02473152483499,-0.058840433356342293,0,0.06834209637258538,1
box_sphere_strong_noise_medium_3,strong_noise,1312,321,0.08670700650675767,0.08108459417344269,0.984274628545404,122.33324282933516,-0.058840411134178684,0,0.03525594140345318,1
box_sphere_strong_noise_medium_3,strong_noise,1314,2719,0.024219166799805226,2.7128484556678587e-05,0.9951804426271618,230.73961365499625,-0.1185596143233401,1,0.09406501371670957,0
box_sphere_strong_noise_medium_3,strong_noise,1317,1985,0.07373842945310155,0.06980730753545504,0.999215053467372,110.2232682382016,-0.07410789523072468,0,0.11095931050233201,0
box_sphere_strong_noise_medium_3,strong_noise,1318,2713,0.06435831530538222,0.06375927389008179,0.13947228897381705,48.63282685298607,-0.2129910306439473,0,0.16502351310881577,0
box_sphere_strong_noise_medium_3,strong_noise,1319,1082,0.021876671945087873,0.006493678341785176,0.766429025701225,69.12190090991396,-0.06680859729123638,1,0.11402294708081089,0
box_sphere_strong_noise_medium_3,strong_noise,1324,225,0.14941327433332788,0.1027186577363571,0.7039374497074656,109.41398920857934,-0.24116170387623062,0,0.07988887479208426,1
box_sphere_strong_noise_medium_3,strong_noise,1325,390,0.06262995691645633,0.03932446180621532,0.9528911178329555,76.09121210419326,-0.40150430431598694,0,0.10569770660143057,0
box_sphere_strong_noise_medium_3,strong_noise,1332,1210,0.026328412552163147,0.021887282364942473,0.9966946697693025,103.10289769616331,-0.04445171909261546,1,0.11147279081983509,0
box_sphere_strong_noise_medium_3,strong_noise,1333,2213,0.06664616175549447,0.05008134492494348,0.8560108006430502,38.34876582847254,-0.14107851054066192,0,0.12919206793979213,0
box_sphere_strong_noise_medium_3,strong_noise,1339,306,0.07625587354934153,0.06567424426514054,0.9881669348002803,107.9892429362067,0.06632258646053232,0,0.07550520882195504,1
box_sphere_strong_noise_medium_3,strong_noise,1340,1351,0.07622273309830654,0.07002926126251083,0.4907978760459857,71.66556465396663,0.18783341415007226,0,0.07052268888545676,1
box_sphere_strong_noise_medium_3,strong_noise,1342,1240,0.06584485270808255,0.058251184527754706,0.9830259753745128,109.44343757848159,0.3293825641927035,0,0.12660620552409346,0
box_sphere_strong_noise_medium_3,strong_noise,1343,597,0.07012389291579017,0.06398279927253853,0.9228830373487145,118.83984486569335,-0.08701126587866065,0,0.07104190840829176,1
box_sphere_strong_noise_medium_3,strong_noise,1345,2614,0.040891345158847583,0.007772646443263265,0.11250539466150211,95.85827966463007,-0.0275879272148308,0,0.09108596490191069,0
box_sphere_strong_noise_medium_3,strong_noise,1348,2886,0.06774170725153746,0.06183904297094674,0.9942663900802956,199.90696423375962,0.13353126762463974,0,0.07243375332876209,1
box_sphere_strong_noise_medium_3,strong_noise,1356,1901,0.052985933304842074,0.015423066079918306,0.9477011564898381,86.3197182794505,-0.04445171909261546,0,0.054918657639115444,1
box_sphere_strong_noise_medium_3,strong_noise,1357,2363,0.07744383887020591,0.07644176082216246,0.9255283057136077,106.07243038670498,-0.16111918888710094,0,0.08826449171182456,0
box_sphere_strong_noise_medium_3,strong_noise,1360,3311,0.11158112926783056,0.09862481188419414,0.9334911236009578,89.05260838387917,-0.16970294213245063,0,0.1059496238633467,0
box_sphere_strong_noise_medium_3,strong_noise,1364,2590,0.08226933323103706,0.08200944520785976,0.9685734100321622,272.87057271218254,-0.0363676071338754,0,0.09082088131376043,0
box_sphere_strong_noise_medium_3,strong_noise,1366,1283,0.03934680804390934,0.032464243328746575,0.9596744691282171,49.90758449850915,-0.12053399676724447,0,0.15287375749421858,0
box_sphere_strong_noise_medium_3,strong_noise,1367,557,0.026944233688156037,0.010334658976486253,0.9111020419880789,104.82033056985843,-0.208372064101563,1,0.13093428403870586,0
box_sphere_strong_noise_medium_3,strong_noise,1372,4,0.029770113447860604,0.00492921926867288,0.9206144045542712,72.29431109057542,0.22420102922044124,1,0.10069972440456111,0
box_sphere_strong_noise_medium_3,strong_noise,1374,1068,0.06114561686700015,0.05562180761822564,0.9898193980273445,152.34671120827718,0.04651997396826353,0,0.0791199299247457,1
box_sphere_strong_noise_medium_3,strong_noise,1382,2254,0.04902087770730753,0.04144272090159589,0.9951694310093261,217.73885048954335,-0.018018485502700406,1,0.05431707945633231,1
box_sphere_strong_noise_medium_3,strong_noise,1384,224,0.11812246574366965,0.11028032758848608,0.07451016523996493,148.1467475737294,-0.18986852032438398,0,0.17045323316036579,0
box_sphere_strong_noise_medium_3,strong_noise,1386,3311,0.025227100322013408,0.021879477867198623,0.9625614793940901,64.87845172800613,0.046519978597885425,1,0.0889652198123761,0
box_sphere_strong_noise_medium_3,strong_noise,1387,192,0.09878549515468021,0.09622778210874469,0.7133221295270588,135.78447206082777,-0.10763054514487824,0,0.10209041464046811,0
box_sphere_strong_noise_medium_3,strong_noise,1389,3248,0.06685879194546679,0.06676896028288512,0.9467530187715142,142.22478063631274,0.05894247267055436,0,0.06626605575563069,1
box_sphere_strong_noise_medium_3,strong_noise,1396,659,0.12323814491181856,0.11903068688586606,0.9508998784317679,225.50109243386902,0.03327475099017847,0,0.09558249569338563,0
box_sphere_strong_noise_medium_3,strong_noise,1399,96,0.1260201682569592,0.1200881707851727,0.4364052683967702,234.92830723452425,-0.02985292393404641,0,0.21605455945514457,0
box_sphere_strong_noise_medium_3,strong_noise,1400,727,0.08015378519347446,0.07167476193753282,0.9953451263913284,224.5810822980707,-0.06680859729123638,0,0.1048937564454442,0
box_sphere_strong_noise_medium_3,strong_noise,1402,1507,0.07759753094560821,0.07513863617992056,0.9916789206271899,176.55976479461313,-0.0363676071338754,0,0.08659967799434644,0
box_sphere_strong_noise_medium_3,strong_noise,1403,351,0.03417631204940003,0.027901226048929216,0.5733767176993605,54.365946606204574,-0.24116189465483548,1,0.12976435294432026,0
box_sphere_strong_noise_medium_3,strong_noise,1405,2323,0.02954472923016488,0.017729470023786973,0.9049682034763721,39.470696660051644,-0.19237177598086036,0,0.12188314571873021,0
box_sphere_strong_noise_medium_3,strong_noise,1408,2568,0.0343042820972785,0.026444094882318896,0.8562573480703441,59.88452043776365,0.06111877669289826,1,0.1185816187096793,0
box_sphere_strong_noise_medium_3,strong_noise,1412,912,0.03788675378667278,0.030617665772528037,0.9647514012712017,36.208141367076166,-0.11110885675301874,1,0.07511653303461141,1
box_sphere_strong_noise_medium_3,strong_noise,1414,248,0.05924378146939378,0.02236109140472897,0.8792915657641726,57.35302299851666,0.3024530707760166,0,0.03905196614578871,1
box_sphere_strong_noise_medium_3,strong_noise,1416,2030,0.04413360629477161,0.041981218977083165,0.9821337132150014,253.72715309799977,0.07729160611988854,0,0.06615148472640978,1
box_sphere_strong_noise_medium_3,strong_noise,1419,1628,0.01721944649622376,0.008663856948524245,0.9854537723264464,46.89007871159568,-0.10763057490672534,1,0.09473143451919039,0
box_sphere_strong_noise_medium_3,strong_noise,1422,3306,0.037921769718732595,0.036836243489454856,0.8098429404419281,64.84669790595946,0.21082286779215872,1,0.09560645536430172,0
box_sphere_strong_noise_medium_3,strong_noise,1427,50,0.05086218282641663,0.0484510717212078,0.5051133241993836,76.79515183707844,0.18492222242265643,0,0.09194270646738253,0
box_sphere_strong_noise_medium_3,strong_noise,1428,88,0.05190010737128285,0.04354773339602504,0.9990575822293639,206.98705242324513,0.25782881518479,1,0.05483438081925632,1
box_sphere_strong_noise_medium_3,strong_noise,1430,3216,0.017363579250730152,0.010636789781519461,0.9931244324920532,104.54979817162672,-0.27890212269172077,1,0.0837132826139949,0
box_sphere_strong_noise_medium_3,strong_noise,1432,3007,0.04855773611766292,0.046418455610849015,0.4651682525540678,53.01649823699735,0.07249542106658409,0,0.10096118520409526,0
box_sphere_strong_noise_medium_3,strong_noise,1433,2126,0.10585019287555367,0.09946850253438125,0.9735266290872542,165.25068066953656,-0.16111918888710094,0,0.07196244081387207,1
box_sphere_strong_noise_medium_3,strong_noise,1434,2392,0.06223009577344239,0.058399119025195796,0.9990965498949474,226.57261785378105,-0.13580136338151705,0,0.0893363462832687,0
box_sphere_strong_noise_medium_3,strong_noise,1440,1233,0.05892817131402082,0.058408299461968134,0.9960742978624164,207.42837512451976,0.2929201005133355,0,0.08313658601094055,0
box_sphere_strong_noise_medium_3,strong_noise,1441,1036,0.006834895495737556,0.001689960195249021,0.9871487035864911,84.98822143467149,-0.24116175681726298,1,0.1105500904473519,0
box_sphere_strong_noise_medium_3,strong_noise,1444,3032,0.04869020093267422,0.031535060779639704,0.7941210238386858,43.87850680333329,-0.16420085864387324,1,0.10734441567285183,0
box_sphere_strong_noise_medium_3,strong_noise,1445,1715,0.031420409645636596,0.007044718334150699,0.9826082643429509,232.5289142400673,0.09531007980442975,1,0.05773136730066963,1
box_sphere_strong_noise_medium_3,strong_noise,1449,1682,0.09562296717513774,0.09508246890719692,0.45637694621367425,172.8687960764859,0.13353126762463974,0,0.06902825534901576,1
box_sphere_strong_noise_medium_3,strong_noise,1456,1771,0.055886059873466974,0.03119574237590409,0.9504822561263513,117.45067903204531,-0.2856135031825406,0,0.10619440945218396,0
box_sphere_strong_noise_medium_3,strong_noise,1461,2938,0.10274796566837562,0.10213842000451245,0.9955796602329924,201.33796474800704,-0.32817307774630144,0,0.0842120330989251,0
box_sphere_strong_noise_medium_3,strong_noise,1462,120,0.03852644979590133,0.01327556775733411,0.9898052501429581,173.3513514515374,-0.19464181607403128,1,0.08191059202029127,0
box_sphere_strong_noise_medium_3,strong_noise,1464,1140,0.03573129719709782,0.034554071375359784,0.997102564390607,69.8639604501993,-0.06680859729123638,1,0.04480233192011182,1
box_sphere_strong_noise_medium_3,strong_noise,1466,2332,0.028087455266633914,0.02037284819761091,0.9986828937292481,203.51828397598666,0.1155127728362431,1,0.0695272001460779,1
box_sphere_strong_noise_medium_3,strong_noise,1467,134,0.054405476451695335,0.049287773927886885,0.9609625149838282,51.06866502754157,-0.058840433356342293,0,0.07127776082693124,1
box_sphere_strong_noise_medium_3,strong_noise,1481,3021,0.055864474813939656,0.05531109508050934,0.9834484992559634,97.97438816508712,0.05608942049723534,0,0.06127381723338935,1
box_sphere_strong_noise_medium_3,strong_noise,1484,1181,0.056584386628807444,0.03726109768490101,0.9848379876495965,93.91277892329933,0.2051247908118496,0,0.06992040856792624,1
box_sphere_strong_noise_medium_3,strong_noise,1493,2191,0.0470484805235568,0.0394187904770248,0.8997397391323043,54.48289184734944,-0.03756307441098235,0,0.1090821891150575,0
box_sphere_strong_noise_medium_3,strong_noise,1498,2500,0.0875164440004618,0.08705737442980219,0.939020949496195,134.21825425913858,0.04651996801589379,0,0.04274229966480293,1
box_sphere_strong_noise_medium_3,strong_noise,1500,2631,0.05725237647696877,0.050686883261805524,0.9943650833496305,191.05252354298887,-0.018018485502700406,1,0.03592066761964768,1
box_sphere_strong_noise_medium_3,strong_noise,1511,1465,0.06598507917925936,0.06481919505822237,0.9948985394099152,210.9781670798994,-0.1458517042854954,0,0.09633888872347218,0
box_sphere_strong_noise_medium_3,strong_noise,1513,779,0.07154329502118564,0.06542626060165888,0.9946762424883644,41.05081318173008,0.23329575928627935,1,0.11731988818298317,0
box_sphere_strong_noise_medium_3,strong_noise,1524,1036,0.10662892008715141,0.10239734712070915,0.975115505070693,78.9442821889682,0.09531007980442975,0,0.10706625955849469,0
box_sphere_strong_noise_medium_3,strong_noise,1530,1539,0.03897827588735761,0.03428106804116796,0.9981221803838227,193.57550710443053,0.18169460162585432,1,0.05477086040378933,1
box_sphere_strong_noise_medium_3,strong_noise,1534,867,0.047118298713161234,0.03256298524705892,0.7495182312264862,60.03080101149521,0.14183009846958725,0,0.11882424832428302,0
box_sphere_strong_noise_medium_3,strong_noise,1535,1149,0.05098563686649182,0.03651762410776862,0.951466629874209,60.93518192063478,0.34278561161905696,0,0.09407504566229903,0
box_sphere_strong_noise_medium_3,strong_noise,1536,843,0.06925535656913648,0.06705417820973174,0.998493047555135,210.33004523327045,0.021202184573704982,1,0.10636176442050198,0
box_sphere_strong_noise_medium_3,strong_noise,1543,3374,0.06714581577388481,0.03584507547189315,0.9900707947741734,234.45916874729812,0.09531007980442975,0,0.12429297143808869,0
box_sphere_strong_noise_medium_3,strong_noise,1546,2907,0.07930624713966235,0.07832786451290272,0.9824098796107841,240.92392366317063,-0.05192000832783077,0,0.04709291066419399,1
box_sphere_strong_noise_medium_3,strong_noise,1550,1875,0.07530008125472547,0.061365791261719115,0.9714440167309464,57.2518584732546,0.22420102922044124,0,0.1448042362681943,0
box_sphere_strong_noise_medium_3,strong_noise,1552,3142,0.04398673759782088,0.038035672141981725,0.9933488406414873,122.59181243401682,-0.09806112599680523,0,0.10028890214535782,0
box_sphere_strong_noise_medium_3,strong_noise,1553,2969,0.140438074569167,0.13959176130841958,0.9647246053400999,157.09211647404578,-0.6466262125455513,0,0.11131556670808779,0
box_sphere_strong_noise_medium_3,strong_noise,1554,788,0.06679100762357647,0.05473404250699951,0.9855064149088226,55.50416044121172,-0.150190108839097,1,0.023376081190857004,1
box_sphere_strong_noise_medium_3,strong_noise,1555,1637,0.03101961026126855,0.014443823082003215,0.873206514300832,142.11710302148217,0.2894659177749599,1,0.13353257656918574,0
box_sphere_strong_noise_medium_3,strong_noise,1556,2599,0.06883755722940449,0.06822258611624493,0.9928850636093354,149.42258284535686,0.13353126762463974,0,0.04945481726964371,1
box_sphere_strong_noise_medium_3,strong_noise,1557,2952,0.08193937968291891,0.040353845133558754,0.8345196220796376,80.67735729856545,0.2035236023934049,0,0.04596061318059535,1
box_sphere_strong_noise_medium_3,strong_noise,1558,1668,0.07654527000086185,0.06928331361070643,0.9723259446487914,87.47496380380451,0.18169460162585432,0,0.1034567666554657,0
box_sphere_strong_noise_medium_3,strong_noise,1561,1727,0.05849880861894884,0.0575300906293849,0.7343844733361788,36.50235563027876,0.1518804164779913,0,0.07851667356158813,1
box_sphere_strong_noise_medium_3,strong_noise,1562,290,0.0519094918913395,0.04861071077893858,0.9989357585161002,212.05010077929592,0.0689928048203492,0,0.07686002539179004,1
box_sphere_strong_noise_medium_3,strong_noise,1563,442,0.06612617893416368,0.05616946790326059,0.9790603236243426,117.97937923671284,-0.14107842282152755,0,0.13161747871578833,0
box_sphere_strong_noise_medium_3,strong_noise,1567,1395,0.010799509445663278,0.0006455391239116202,0.9450845157247088,46.41571145525497,0.1765730119952038,1,0.07531224678690214,1
box_sphere_strong_noise_medium_3,strong_noise,1568,2238,0.044713873818839595,0.04454357647085065,0.9926762084187569,214.75946758741247,-0.1541505131607721,0,0.07584394876408188,1
box_sphere_strong_noise_medium_3,strong_noise,1579,1553,0.02260549534276401,0.007133936914701659,0.9761378177806331,177.04847370117736,-0.018018485502700406,1,0.09438226656137037,0
box_sphere_strong_noise_medium_3,strong_noise,1580,192,0.09748492535415325,0.08852361773812288,0.9417082117536246,138.68638718314855,0.04651996801589379,0,0.08554033539881659,0
box_sphere_strong_noise_medium_3,strong_noise,1582,411,0.033363777571449225,0.025155518075639902,0.9830035272574579,158.72674937418773,-0.13196264548860892,1,0.06984569921041119,1
box_sphere_strong_noise_medium_3,strong_noise,1589,3203,0.016081016591280625,0.011475049489451477,0.9960089505920802,208.1749064655638,0.03327475099017847,1,0.07367856306355844,1
box_sphere_strong_noise_medium_3,strong_noise,1592,1612,0.040427514104242904,0.03616162979051631,0.9457023325440594,84.104728622392,0.10178259753584092,1,0.07160572109095115,1
box_sphere_strong_noise_medium_3,strong_noise,1597,677,0.12557721750572323,0.12404821927339532,0.9056640976776086,155.98026597092706,0.23426144013337555,0,0.09310674252506249,0
box_sphere_strong_noise_medium_3,strong_noise,1600,1869,0.024994498659071215,0.018095274889281587,0.294629812659939,76.82349656938874,0.36497346645061496,1,0.11306445199436134,0
box_sphere_strong_noise_medium_3,strong_noise,1602,1352,0.11272721011631845,0.11206837775865547,0.968014857892785,123.35276171127647,-0.09806112599680523,0,0.09127641172691052,0
box_sphere_strong_noise_medium_3,strong_noise,1608,2235,0.08214336221030816,0.05300152754831223,0.9595952604794552,56.400580307134234,-0.1185596143233401,0,0.12126859773512755,0
box_sphere_strong_noise_medium_3,strong_noise,1609,1884,0.0666195302829956,0.010957654606413191,0.6145590732179508,129.31006397325257,0.5243053364858671,1,0.15662033555026705,0
box_sphere_strong_noise_medium_3,strong_noise,1617,693,0.09323776626504919,0.08994138860348919,0.9631074173964808,146.08465843144774,-0.46430495813202405,0,0.03826786993173225,1
box_sphere_strong_noise_medium_3,strong_noise,1618,532,0.05671123057741816,0.013605367971026393,0.9851475338358262,90.37728447132942,-0.1967100768549908,0,0.10563330639798735,0
box_sphere_strong_noise_medium_3,strong_noise,1623,255,0.03377811093389041,0.013155156504485737,0.9901046192496931,135.13217272236707,-0.04049131084974947,1,0.1395459607478553,0
box_sphere_strong_noise_medium_3,strong_noise,1626,3243,0.0646333365020283,0.060554596207667975,0.47046500821697107,57.197633045500574,-0.14807154811406928,0,0.10272867507778936,0
box_sphere_strong_noise_medium_3,strong_noise,1629,3329,0.03431619649616325,0.03407995949193121,0.9908757099308992,223.00911707736884,0.05733087844322537,0,0.05848953949983591,1
box_sphere_strong_noise_medium_3,strong_noise,1630,531,0.047129430427628356,0.04184499146027295,0.939432132037785,54.19098168334415,0.14830256555173468,0,0.09150054197075481,0
box_sphere_strong_noise_medium_3,strong_noise,1631,1679,0.05690332565344761,0.051869190377035315,0.41033133392492677,90.33053764067424,-0.2129910306439473,0,0.14582817672670625,0
box_sphere_strong_noise_medium_3,strong_noise,1632,1032,0.06469501562778321,0.060777972019506674,0.9753977994182327,99.91306473915546,0.03327475099017847,0,0.06798040663864532,1
box_sphere_strong_noise_medium_3,strong_noise,1634,3135,0.03925946039185925,0.012964114273457967,0.5897655172579749,81.02811255233664,0.16430288462477893,0,0.07867716579723653,1
box_sphere_strong_noise_medium_3,strong_noise,1638,727,0.1249642112944741,0.11899610751493761,0.9678812121315853,279.08052366768374,-0.2899518686057989,0,0.1308807594673115,0
box_sphere_strong_noise_medium_3,strong_noise,1641,1014,0.05349075071780396,0.04781737109460444,0.9981751934568844,223.72996479292584,0.04651997396826353,0,0.08238363333778852,0
box_sphere_strong_noise_medium_3,strong_noise,1644,3226,0.00436021793986846,0.000981011999448143,0.9710275281184679,206.49230366847445,-0.33213345821145185,1,0.10180299659943219,0
box_sphere_strong_noise_medium_3,strong_noise,1645,3035,0.026247705094561282,0.015902207776431327,0.5442246901248605,71.99231948413428,0.04651996801589379,1,0.11852306616984971,0
box_sphere_strong_noise_medium_3,strong_noise,1646,3333,0.07844135661733055,0.062383483169560015,0.990341089620274,190.9450981732746,0.1036783020240179,0,0.06542914696108916,1
box_sphere_strong_noise_medium_3,strong_noise,1653,3171,0.048951310983625,0.0353472117653701,0.9669170632987683,92.52101100336905,-0.04445171909261546,1,0.1023768291733282,0
box_sphere_strong_noise_medium_3,strong_noise,1655,752,0.027245505914508902,0.01520222683408837,0.8890823114845885,55.86514535280299,0.20512491831161092,1,0.07500366258737058,1
box_sphere_strong_noise_medium_3,strong_noise,1657,925,0.04081630571621219,0.03026608613609212,0.9983024225855487,141.3168298080568,-0.12783325150999786,1,0.06553397097568583,1
box_sphere_strong_noise_medium_3,strong_noise,1661,1787,0.09714624705640419,0.0770940606819086,0.39416975291712697,88.14341269983933,-0.19860223225338763,0,0.14755708971127124,0
box_sphere_strong_noise_medium_3,strong_noise,1663,1491,0.046332784984380676,0.045987173888988875,0.9983295710152553,213.62387605220837,0.1837209199540654,0,0.09580441896080863,0
box_sphere_strong_noise_medium_3,strong_noise,1664,1362,0.04921142814197785,0.044736016775171826,0.9887291121249892,200.2519366750545,0.14970411887791468,0,0.06733865726700668,1
box_sphere_strong_noise_medium_3,strong_noise,1669,2750,0.038660954571890144,0.024445143754745557,0.9753972357894684,108.09398691444626,0.024541085727733707,1,0.09608946897994124,0
box_sphere_strong_noise_medium_3,strong_noise,1679,731,0.0848865819512222,0.08290624286503623,0.9904186762056598,236.70977727638916,0.0039603963851848525,0,0.06416723011749507,1
box_sphere_strong_noise_medium_3,strong_noise,1682,2410,0.04600262432171154,0.02951100767351863,0.9806702238534797,101.18304064807758,-0.1967100768549908,1,0.043183065744034486,1
box_sphere_strong_noise_medium_3,strong_noise,1684,145,0.0717058434865561,0.06611968467244907,0.8491634718100328,111.71130573135935,-0.24116179594760623,0,0.06306724078057178,1
box_sphere_strong_noise_medium_3,strong_noise,1685,2243,0.07826606103710475,0.07672504476360892,0.9559688932477363,124.38900120643312,0.13613205765801345,0,0.07527127181361783,1
box_sphere_strong_noise_medium_3,strong_noise,1691,3346,0.024009182293600426,0.005717307931071215,0.9976185619554269,216.69218768767084,0.0039603963851848525,1,0.05927122081699404,1
box_sphere_strong_noise_medium_3,strong_noise,1698,2156,0.11427582668730958,0.11182630893579845,0.9778854127198346,97.66447288007046,-0.16420085864387324,0,0.10686443501628608,0
box_sphere_strong_noise_medium_3,strong_noise,1705,1945,0.06913756311988567,0.06614488785819833,0.9710849870944608,129.02319513571678,-0.06680859729123638,0,0.09945339847767885,0
box_sphere_strong_noise_medium_3,strong_noise,1710,3181,0.012923731587404903,0.011805796269914744,0.9607207310505451,98.03355324320574,0.5415967074333696,1,0.08465679283464998,0
box_sphere_strong_noise_medium_3,strong_noise,1715,2735,0.04143178778327369,0.027959682841031036,0.9897685413344866,222.62012369614104,0.18628170873502384,0,0.10020411399980304,0
box_sphere_strong_noise_medium_3,strong_noise,1716,2439,0.06291728131999562,0.0588350317910706,0.9894916660084347,96.27648331256971,0.38744616093932904,0,0.05061710381439038,1
box_sphere_strong_noise_medium_3,strong_noise,1717,1179,0.02965347754204609,0.02547230515150051,0.9844219546605235,253.61715715324812,-0.3364718366216927,1,0.07726871976902693,1
box_sphere_strong_noise_medium_3,strong_noise,1719,1257,0.12527463610256875,0.11269484784459814,0.9979345893590189,120.42282297821463,0.010152360882018535,0,0.13434865165205476,0
box_sphere_strong_noise_medium_3,strong_noise,1725,2536,0.055868583067562,0.046749982159912024,0.8124134623145152,83.47286046129219,0.2552746524784928,0,0.10236553770706923,0
box_sphere_strong_noise_medium_3,strong_noise,1730,3272,0.020042919443119395,0.000924443934800443,0.9889152683995934,58.90604403783687,0.01912103018552369,1,0.13015578350442975,0
box_sphere_strong_noise_medium_3,strong_noise,1732,3154,0.020005237719812524,0.003889392861011014,0.8407633677653239,56.03936427058873,0.22492753462740456,1,0.12839664968136977,0
box_sphere_strong_noise_medium_3,strong_noise,1734,1700,0.041248281509550705,0.024068092739378082,0.9861513160369401,281.4981908173581,-0.2899518686057989,1,0.06078552912016289,1
box_sphere_strong_noise_medium_3,strong_noise,1739,2007,0.04957766403956828,0.025374542383882093,0.9850695500606487,116.65214602013069,-0.38776505732513855,0,0.12069091400924956,0
box_sphere_strong_noise_medium_3,strong_noise,1740,1354,0.05904355861001235,0.026338464407926258,0.6381159355746063,86.37211294602207,-0.16111918888710094,0,0.11114923638627891,0
box_sphere_strong_noise_medium_3,strong_noise,1741,2363,0.04414559479078102,0.03843524667798908,0.9246125517122568,83.64054744430118,-0.2411618068171484,0,0.06695469806211729,1
box_sphere_strong_noise_medium_3,strong_noise,1745,1864,0.046591403534426874,0.03635791171874532,0.9855606121454031,44.38800957736396,0.005698016114642069,1,0.0624949838096586,1
box_sphere_strong_noise_medium_3,strong_noise,1758,2576,0.03296174602360397,0.027824600718848708,0.9065825253924544,47.605211204532,-0.4082158570979707,0,0.1501079660873526,0
box_sphere_strong_noise_medium_3,strong_noise,1761,2976,0.11327012922666893,0.10547888838129485,0.9931514378383209,194.53890000863456,0.24434546088825518,0,0.06753665383012407,1
box_sphere_strong_noise_medium_3,strong_noise,1762,1982,0.037556802247178334,0.016873602286078173,0.9862701207271668,56.91973841655734,0.14830256555173468,1,0.05911389423039685,1
box_sphere_strong_noise_medium_3,strong_noise,1763,1359,0.062066028633160325,0.05995006628721081,0.8122647660759135,123.93190370126237,0.18169460162585432,0,0.09451357172020525,0
box_sphere_strong_noise_medium_3,strong_noise,1765,3313,0.04431640068735639,0.027675541171451837,0.9909696204995816,231.4427508470817,0.05733087844322537,1,0.09129160104739328,0
box_sphere_strong_noise_medium_3,strong_noise,1768,1213,0.05874721428908544,0.055132877196554735,0.9548113090253635,94.94016388519103,0.4779601702007115,1,0.08242456046393817,0
box_sphere_strong_noise_medium_3,strong_noise,1771,1718,0.04357369779649222,0.023610340735334603,0.9762904749463419,106.55840687461034,0.28013458392194845,1,0.07899903050839482,1
box_sphere_strong_noise_medium_3,strong_noise,1773,409,0.09283696152535062,0.09260857683058615,0.9640722135997545,212.7143589227326,-0.09455846779261635,0,0.07690931133738702,1
box_sphere_strong_noise_medium_3,strong_noise,1774,882,0.03088525848040126,0.025982392683772115,0.9938044251099423,110.91857756575396,-0.09455846779261635,1,0.08409003924971181,0
box_sphere_strong_noise_medium_3,strong_noise,1781,521,0.029581368179086874,0.02636221639490307,0.9751556807469225,69.32867900386731,-0.1744705377132191,1,0.11841525089929743,0
box_sphere_strong_noise_medium_3,strong_noise,1783,1732,0.03928514514529907,0.021134222503504444,0.9023876945008358,110.42614171228313,-0.41551499062883424,1,0.1296109637197089,0
box_sphere_strong_noise_medium_3,strong_noise,1785,340,0.08530889161399409,0.08515234666059569,0.9887392277092775,81.56210810780695,-0.150190108839097,0,0.10096291041252023,0
box_sphere_strong_noise_medium_3,strong_noise,1786,1925,0.09301779716775231,0.08897165099344699,0.9821950335031414,118.90025577225845,0.1155127728362431,0,0.06651209092865384,1
box_sphere_strong_noise_medium_3,strong_noise,1791,87,0.03595058468656265,0.01083302507355994,0.8181638507268916,111.50168740997557,0.10178259753584092,0,0.09914682174645131,0
box_sphere_strong_noise_medium_3,strong_noise,1792,1031,0.10950370481137776,0.09761370395132163,0.9936535979088269,74.09400948526931,-0.1805371629420409,0,0.02986933134755187,1
box_sphere_strong_noise_medium_3,strong_noise,1794,1353,0.03173807263821726,0.01027029694503539,0.8745180518721195,62.30089236776183,-0.1159988236668738,1,0.1161011632821766,0
box_sphere_strong_noise_medium_3,strong_noise,1795,198,0.09127341025916968,0.08438649865677816,0.9880024029611508,155.40908726227,-0.14107842282152755,0,0.030278664025190728,1
box_sphere_strong_noise_medium_3,strong_noise,1801,250,0.035669515158110704,0.01760759984872746,0.9965524102682239,72.77809218898453,-0.0808193262264909,0,0.043642188711986676,1
box_sphere_strong_noise_medium_3,strong_noise,1803,266,0.04892362105749681,0.012473156040974707,0.9954984487251948,79.09826339169187,-0.14272186762442027,1,0.1582163987799267,0
box_sphere_strong_noise_medium_3,strong_noise,1809,467,0.07945110667279892,0.0674237232525882,0.9889955290463838,107.63682922699735,-0.19860223225338763,0,0.09628339001025175,0
box_sphere_strong_noise_medium_3,strong_noise,1816,2869,0.11585291635796753,0.08957500906719638,0.9286185310538428,53.870049148462314,-0.19464181607403128,0,0.06773622190137353,1
box_sphere_strong_noise_medium_3,strong_noise,1818,2735,0.03444959910924396,0.004965941910699939,0.9918133100841561,227.85455328256523,0.09531004647117819,1,0.11858160955811904,0
box_sphere_strong_noise_medium_3,strong_noise,1821,1548,0.042372192906802685,0.03016707401103583,0.9310012208769074,96.41526300679618,0.16430291240250527,1,0.07061641598756825,1
box_sphere_strong_noise_medium_3,strong_noise,1823,1400,0.06618876663681578,0.06285175497555544,0.9238526245940365,52.29384442592809,0.26194132586428287,0,0.14355499321251372,0
box_sphere_strong_noise_medium_3,strong_noise,1825,1550,0.06109826201196927,0.05790196918945137,0.9876895661345083,106.07437496400797,-0.0075471968634633286,1,0.05855238166199782,1
box_sphere_strong_noise_medium_3,strong_noise,1831,2566,0.011610804053733454,0.0067066870952958,0.7740329337314227,96.74733249191466,0.0816112533444393,1,0.07299576295985537,1
box_sphere_strong_noise_medium_3,strong_noise,1834,1861,0.08106884601778623,0.07601888166602722,0.7161987595247276,73.829275957491,-0.0980611550565911,0,0.17196985714360297,0
box_sphere_strong_noise_medium_3,strong_noise,1836,2986,0.07966360008081216,0.06844076391346003,0.9988024400002853,145.20045431005732,-0.10139999705056109,0,0.1086345092695977,0
box_sphere_strong_noise_medium_3,strong_noise,1837,226,0.11410796787222499,0.10917011391681064,0.9931822273707125,215.52166433733203,0.010152360882018535,0,0.11090802925716921,0
box_sphere_strong_noise_medium_3,strong_noise,1844,210,0.0049338251858896676,0.00440257269004749,0.9947353908042824,93.85640665092897,-0.15778028439974565,1,0.10020105276052681,0
box_sphere_strong_noise_medium_3,strong_noise,1845,2007,0.03510144196085721,0.013801278807648587,0.9983109422512954,90.93704997279757,-0.07410789523072468,0,0.09974864198108992,0
box_sphere_strong_noise_medium_3,strong_noise,1847,406,0.07579801541839976,0.07442203016525123,0.9982199567140446,223.79494039226512,0.16430288462477893,0,0.06869628207385113,1
box_sphere_strong_noise_medium_3,strong_noise,1849,3048,0.06358701536521381,0.03965403730824434,0.9984981302220262,172.425784338398,-0.2019411467407225,1,0.11024289593338163,0
box_sphere_strong_noise_medium_3,strong_noise,1850,1942,0.04228975061858486,0.024983335769394252,0.7986866498767311,79.96321756863667,0.12348095454888373,0,0.08103640517439481,0
box_sphere_strong_noise_medium_3,strong_noise,1851,2262,0.08005315192607482,0.07602802661033113,0.999536271449893,59.56219180383494,0.03509128532854546,0,0.022627308910984703,1
box_sphere_strong_noise_medium_3,strong_noise,1855,355,0.07942113259841474,0.07198577683373533,0.7796568543625539,81.6075106422779,-0.058840446689648565,0,0.06859914692164923,1
box_sphere_strong_noise_medium_3,strong_noise,1856,3143,0.06452558285579826,0.0553811968479573,0.9209720869132038,106.22256946227726,-0.32817307774630144,0,0.07613167704798103,1
box_sphere_strong_noise_medium_3,strong_noise,1861,0,0.10875250311529906,0.10406795698655019,0.9992921643759362,208.22233007428005,-0.058840433356342293,0,0.10934318472420873,0
box_sphere_strong_noise_medium_3,strong_noise,1870,2956,0.09171020306172699,0.0887332906168403,0.9082041442177993,77.77422269201098,0.0024600239769309138,0,0.08966534523163228,0
box_sphere_strong_noise_medium_3,strong_noise,1881,3352,0.054710815570880936,0.04791266894646641,0.8802010720789222,83.64529198870422,0.16430289977626486,0,0.07766877738719917,1
box_sphere_strong_noise_medium_3,strong_noise,1882,2018,0.11038290634865423,0.09101010184317845,0.9748897972623408,101.29035161790375,0.05894247267055436,0,0.06004177908367449,1
box_sphere_strong_noise_medium_3,strong_noise,1886,1031,0.11559087059808151,0.10466900784988827,0.9295255730826489,100.47527816404018,0.5126091940895098,0,0.11575362891274978,0
box_sphere_strong_noise_medium_3,strong_noise,1890,1912,0.1218749892996136,0.10561059389853553,0.9951806773486919,183.19747241564977,0.2929201005133355,0,0.13077970989054838,0
box_sphere_strong_noise_medium_3,strong_noise,1891,297,0.10748719894050679,0.0994823844432632,0.8049983267621632,77.49655020398446,-0.44183219672419327,0,0.12464286132688543,0
box_sphere_strong_noise_medium_3,strong_noise,1892,2511,0.061630024160766926,0.05810535208400101,0.9753624535432218,71.0788553247523,-0.04445171909261546,0,0.029826141631974074,1
box_sphere_strong_noise_medium_3,strong_noise,1898,113,0.04939459513330442,0.04733971176172499,0.9999963592300066,178.79853900156877,0.16430284295820755,0,0.07300324647438776,1
box_sphere_strong_noise_medium_3,strong_noise,1902,93,0.10464917018143878,0.10142343514683048,0.9996522747884038,246.6862221635892,0.0772915720290546,0,0.0652492773528243,1
box_sphere_strong_noise_medium_3,strong_noise,1906,2325,0.09123906851587217,0.08906557200667195,0.9916562483370563,233.25023415950758,-0.0275879272148308,0,0.08119289554831415,0
box_sphere_strong_noise_medium_3,strong_noise,1913,3211,0.021852606280319313,0.012409722500168523,0.9733030758276177,174.23097518726175,-0.026050653974156845,1,0.09848662179567626,0
box_sphere_strong_noise_medium_3,strong_noise,1917,127,0.024642722945944308,0.003478827970403238,0.23148054609355406,65.73167669266797,0.48972512409080016,1,0.11624319736406104,0
box_sphere_strong_noise_medium_3,strong_noise,1918,1366,0.062180790372258384,0.060938560005545796,0.9115938722891048,81.30779003043821,0.03646964826626717,0,0.08680977067258015,0
box_sphere_strong_noise_medium_3,strong_noise,1926,1197,0.10280443945436221,0.10215788710027496,0.9868143758295577,242.42598086576322,0.016667031094864893,0,0.0687709725678853,1
box_sphere_strong_noise_medium_3,strong_noise,1928,1689,0.07999044320912434,0.06402564170669071,0.999600853030129,168.65152925125304,-0.058840433356342293,0,0.04911423663964618,1
box_sphere_strong_noise_medium_3,strong_noise,1930,2620,0.06122367611107215,0.05633992797834532,0.9696258668980821,258.38490129476344,0.05894247267055436,0,0.08603457152733196,0
box_sphere_strong_noise_medium_3,strong_noise,1932,3080,0.03264470814859796,0.02530277886424109,0.9958245640484922,221.68316487351188,0.0689928048203492,1,0.04826720887175895,1
box_sphere_strong_noise_medium_3,strong_noise,1935,971,0.006204203228948244,0.003970507522282648,0.9139284033751014,219.42492794292255,-0.3412450893092448,1,0.08161716103284018,0
box_sphere_strong_noise_medium_3,strong_noise,1937,1515,0.020865151309446908,0.012524114182492725,0.9972946917184148,214.64803149619613,-0.07410789523072468,1,0.08036019634043001,0
box_sphere_strong_noise_medium_3,strong_noise,1938,2312,0.022467464426390145,0.011337107766498482,0.9924493170892844,121.99761416696185,0.11023570916343348,1,0.09010653532067957,0
box_sphere_strong_noise_medium_3,strong_noise,1939,2990,0.05143033187049404,0.04623241813901447,0.9821357296218433,136.94156768672937,0.2155961211176579,1,0.11030161320530783,0
box_sphere_strong_noise_medium_3,strong_noise,1943,127,0.0372383460863939,0.034418926908245336,0.7845907276748281,51.09000434403321,0.508074253331392,0,0.1049231897913516,0
box_sphere_strong_noise_medium_3,strong_noise,1946,1496,0.06053415716401935,0.0591620293088831,0.9964906833462479,122.19648278616918,0.21082286779215872,0,0.06860033470787909,1
box_sphere_strong_noise_medium_3,strong_noise,1948,2785,0.028705925248700095,0.016031899791556975,0.8443746547694845,98.7105111513566,-0.1541505131607721,1,0.1342517631248656,0
box_sphere_strong_noise_medium_3,strong_noise,1949,105,0.08037287681379124,0.0766495261269011,0.9907189022552741,133.20254763449836,-0.10139999705056109,0,0.09649653741733591,0
box_sphere_strong_noise_medium_3,strong_noise,1951,581,0.09067692822554249,0.08693266014977812,0.7096092837206877,135.4387367429143,-0.3212044439779265,0,0.18652341212056855,0
box_sphere_strong_noise_medium_3,strong_noise,1954,2293,0.07781286164998243,0.07408450596108074,0.9910310020280069,229.98447352931092,0.2155961211176579,0,0.06396466023033037,1
box_sphere_strong_noise_medium_3,strong_noise,1956,986,0.031525487827105035,0.028416834893696275,0.7982929994907034,73.08109175314254,0.0816112533444393,0,0.12218895569791867,0
box_sphere_strong_noise_medium_3,strong_noise,1957,1610,0.03075803614932317,0.022757125153972244,0.9805459965873207,220.4675377729743,0.03327475099017847,1,0.07237642725938523,1
box_sphere_strong_noise_medium_3,strong_noise,1959,2461,0.06486036303571768,0.062496503639316615,0.9993523647963308,217.2902442753607,0.3649733730164405,1,0.04212705461838622,1
box_sphere_strong_noise_medium_3,strong_noise,1961,323,0.08742861012017258,0.08535589883034393,0.9753882477125764,151.1597383299398,-0.12783325150999786,1,0.05031549921260905,1
box_sphere_strong_noise_medium_3,strong_noise,1971,3385,0.0403902080296516,0.0329624697373368,0.9077329280375507,54.33799626537654,-0.13196264548860892,0,0.09446662940192013,0
box_sphere_strong_noise_medium_3,strong_noise,1978,1531,0.0324394349496371,0.01363068840178383,0.7805598654000685,53.55031439973134,0.0625203139706108,0,0.08013090207715995,0
box_sphere_strong_noise_medium_3,strong_noise,1982,2450,0.10452117835375375,0.10166386154965733,0.9629446484428735,230.67663748462584,-0.19464181607403128,0,0.1079595042991347,0
box_sphere_strong_noise_medium_3,strong_noise,1988,3307,0.03203003844155782,0.01904321484254801,0.9881332707956095,75.96598473088626,0.04651996801589379,1,0.07215616884278797,1
box_sphere_strong_noise_medium_3,strong_noise,1990,865,0.02618525707430406,0.015298299613112992,0.9744450998748052,85.19358634364592,-0.14107842282152755,1,0.08808716734937688,0
box_sphere_strong_noise_medium_3,strong_noise,1993,1761,0.04877064342203463,0.0351997518449789,0.9992979450746425,184.80784290090102,0.05894247267055436,0,0.09553981078224062,0
box_sphere_strong_noise_medium_3,strong_noise,1994,317,0.026929170995030213,0.017237752580119392,0.9992882046516054,237.73544409334724,0.12348095454888373,1,0.06975944626316304,1
box_sphere_strong_noise_medium_3,strong_noise,1996,3181,0.07451307558206208,0.05266170018559171,0.8049773788094317,102.08009354826568,0.28208574898510436,0,0.03455153912503421,1
box_sphere_strong_noise_medium_3,strong_noise,2002,778,0.08276113698943384,0.07903366304092263,0.9945566090643383,182.94002547083437,-0.05192000832783077,0,0.0827335288213256,0
box_sphere_strong_noise_medium_3,strong_noise,2006,270,0.019868687108953075,0.00442668200216915,0.9849287348124671,225.70568786648133,-0.06680859729123638,1,0.0865259415082238,0
box_sphere_strong_noise_medium_3,strong_noise,2007,1576,0.07057611345327244,0.06466313734594004,0.988823820727401,181.69710876297384,-0.10763054514487824,0,0.09480881017436794,0
box_sphere_strong_noise_medium_3,strong_noise,2010,90,0.06503683533925805,0.043897862580169596,0.9899329297141088,190.0195663465729,0.18628170873502384,1,0.1105388962444287,0
box_sphere_strong_noise_medium_3,strong_noise,2013,659,0.03330305915708949,0.031882611215205754,0.9974521370793582,226.31432869067234,-0.09455846779261635,1,0.09058258464161087,0
box_sphere_strong_noise_medium_3,strong_noise,2018,1229,0.08274292725638224,0.07032554619521134,0.977574830563747,167.84526343139063,0.0816112533444393,0,0.11793397373859606,0
box_sphere_strong_noise_medium_3,strong_noise,2019,2698,0.03320011014417105,0.018396399928544506,0.2669196840356645,85.480764995517,0.4075330410143757,0,0.14504324470144667,0
box_sphere_strong_noise_medium_3,strong_noise,2023,538,0.06273780797505198,0.0549406986250745,0.945911957974936,150.5231412299563,0.3109062160735737,0,0.11865180100794867,0
box_sphere_strong_noise_medium_3,strong_noise,2030,2913,0.07723997777656948,0.0569471715093288,0.9921735286122407,90.00840168045815,-0.08701129365637626,0,0.08554011543425899,0
box_sphere_strong_noise_medium_3,strong_noise,2031,2043,0.014731173696506675,0.0018733547122772207,0.48001633477160943,56.279495800237925,0.1643029230862484,1,0.09723399663511913,0
box_sphere_strong_noise_medium_3,strong_noise,2032,2139,0.09311878940239927,0.09261181427564581,0.9417416751829067,58.417865209414295,-0.2693327448948289,0,0.09387927239813505,0
box_sphere_strong_noise_medium_3,strong_noise,2034,391,0.10050977687281758,0.09125004187206376,0.9618747730945195,150.35120836758165,-0.1458517042854954,0,0.08862706448545885,0
box_sphere_strong_noise_medium_3,strong_noise,2035,3352,0.02788288551279969,0.006538176850956753,0.7240294190872341,80.53536103254655,0.03509128532854546,1,0.10296492028867765,0
box_sphere_strong_noise_medium_3,strong_noise,2036,841,0.02645953958102223,0.006350077897596799,0.6534841753783097,69.45126025050074,0.0689928048203492,1,0.14348408544711636,0
box_sphere_strong_noise_medium_3,strong_noise,2038,2603,0.07026622831944128,0.06575816589955481,0.9834128579739545,77.44884539587554,-0.27890212269172077,0,0.07097650624489324,1
box_sphere_strong_noise_medium_3,strong_noise,2042,323,0.12780034789710237,0.12405648881918964,0.9898227520467036,150.3679090321352,-0.41551499062883424,0,0.06913131729947786,1
box_sphere_strong_noise_medium_3,strong_noise,2059,793,0.06445146624372815,0.050615582923349015,0.8373590646788478,54.02467604348683,-0.06527133328131351,0,0.0854936794530422,0
box_sphere_strong_noise_medium_3,strong_noise,2060,674,0.09662709613235478,0.09353067358275818,0.9882305475472156,99.07858458221756,0.10714454431415384,0,0.10547476018668792,0
box_sphere_strong_noise_medium_3,strong_noise,2061,3403,0.06798767489362202,0.06644419387379416,0.883598081955592,69.28085930947333,0.16430288462477893,1,0.11107846665373336,0
box_sphere_strong_noise_medium_3,strong_noise,2070,607,0.06385576584987908,0.047808754100103504,0.9817656413403877,50.71173383328443,-0.3637640076721452,0,0.061873307062027254,1
box_sphere_strong_noise_medium_3,strong_noise,2072,1273,0.03950574433969899,0.011972283447545107,0.9975967213715059,114.33518858516851,-0.3412450893092448,1,0.11189842958848831,0
box_sphere_strong_noise_medium_3,strong_noise,2075,122,0.04526602858829673,0.031198182972086798,0.9700952091468528,96.98930779930033,-0.02985292393404641,1,0.08707948087178502,0
box_sphere_strong_noise_medium_3,strong_noise,2081,2909,0.0374320145041772,0.017864384113208065,0.9838362699229153,43.13267254870663,0.3184534311188196,1,0.04886158910789344,1
box_sphere_strong_noise_medium_3,strong_noise,2083,1692,0.0405771095390699,0.03820005758767894,0.9815807185024837,135.1760977792641,0.05733087844322537,1,0.10554615935197159,0
box_sphere_strong_noise_medium_3,strong_noise,2087,3190,0.12377661013629487,0.1144173247849906,0.9835897149920956,201.37718996595117,-0.18400338153940338,0,0.09139422460284687,0
box_sphere_strong_noise_medium_3,strong_noise,2089,3145,0.09900908564370908,0.09268344536980622,0.9784678884771818,219.3421972135265,0.13353126762463974,0,0.0752448342445326,1
box_sphere_strong_noise_medium_3,strong_noise,2093,1709,0.11273546523652488,0.11174158038321291,0.9777067684314714,116.02601316707114,0.03646964826626717,0,0.11832089757859274,0
box_sphere_strong_noise_medium_3,strong_noise,2095,2093,0.06351162041472656,0.04088972912360966,0.9982419802277808,193.33539371832651,-0.09455846779261635,0,0.05973302775908117,1
box_sphere_strong_noise_medium_3,strong_noise,2096,1980,0.05364453732326809,0.0318218967496153,0.9958933426634585,178.33447907330608,-0.1185596143233401,0,0.13287230606173217,0
box_sphere_strong_noise_medium_3,strong_noise,2099,3406,0.04774421851044541,0.0023711238859774834,0.5678617033378499,49.6764200903333,0.11551281855045663,0,0.17448808726947804,0
box_sphere_strong_noise_medium_3,strong_noise,2101,2378,0.1336067831817751,0.13003628271870676,0.8781725695726952,70.93446400013286,0.03327475099017847,0,0.09228885990969228,0
box_sphere_strong_noise_medium_3,strong_noise,2102,2449,0.07934270548592197,0.0740087483397159,0.9790276660495253,234.22934665957774,-0.018018488836027042,0,0.05646795592818486,1
box_sphere_strong_noise_medium_3,strong_noise,2105,2813,0.0981641228644315,0.09710831109223296,0.9580317489799576,98.99417965839547,-0.28372137051136714,0,0.13440730353954042,0
box_sphere_strong_noise_medium_3,strong_noise,2107,3070,0.11409179536413089,0.10432125952543965,0.9986720437780742,170.8640839427144,0.0039603963851848525,0,0.10582671067763531,0
box_sphere_strong_noise_medium_3,strong_noise,2108,1101,0.05221631769265024,0.007911325068066648,0.9413146989084976,89.90287504222931,0.03646964826626717,0,0.03870830385293657,1
box_sphere_strong_noise_medium_3,strong_noise,2111,2092,0.03349189812523962,0.028341853070100707,0.7615997432106392,58.14351347186868,-0.10763059276384146,1,0.11047760124759583,0
box_sphere_strong_noise_medium_3,strong_noise,2120,1528,0.06017202465967989,0.0514511118113,0.9961357167677145,94.88108286856068,-0.20033985896350648,0,0.09553199814983253,0
box_sphere_strong_noise_medium_3,strong_noise,2122,741,0.06593868439949382,0.06224338703421512,0.9964973567461648,125.96704188926347,0.0816112533444393,0,0.04935947227034428,1
box_sphere_strong_noise_medium_3,strong_noise,2123,1457,0.022625053369940258,0.006171372669004969,0.7931867668997445,88.54187518991908,0.1527421214323773,1,0.11058551847256705,0
box_sphere_strong_noise_medium_3,strong_noise,2124,3097,0.03179610645801869,0.027715564755576055,0.9605753182889452,53.980615372072954,0.3109062160735737,0,0.047693930258811544,1
box_sphere_strong_noise_medium_3,strong_noise,2128,906,0.015374703786316862,0.010996110340124666,0.7372092891562763,58.50357296384633,-0.0275879272148308,1,0.133353503922343,0
box_sphere_strong_noise_medium_3,strong_noise,2130,3276,0.05485952712096183,0.050739497915716664,0.994476400537487,184.69389311003178,0.11023570916343348,0,0.08175682399588427,0
box_sphere_strong_noise_medium_3,strong_noise,2131,966,0.04085345022780528,0.038450343978183615,0.9364957008875281,82.97997479365857,-0.2411618260478791,1,0.0843779006383726,0
box_sphere_strong_noise_medium_3,strong_noise,2141,2881,0.09448080607725967,0.08588424557496858,0.9997406788773451,129.49867079472887,-0.058840433356342293,0,0.10856377946617986,0
box_sphere_strong_noise_medium_3,strong_noise,2144,1913,0.05760856360286539,0.057476357980969735,0.9968215655246652,183.42874772456668,0.021202184573704982,0,0.053394944324381445,1
box_sphere_strong_noise_medium_3,strong_noise,2146,132,0.07536975496065812,0.06099813372470897,0.9692878356088035,63.25275497383439,-0.0808193262264909,0,0.0681213065714313,1
box_sphere_strong_noise_medium_3,strong_noise,2149,2636,0.09806155029247805,0.09589337008778676,0.9966806087036998,62.294545505835295,-0.0275879272148308,0,0.0705803952870719,1
box_sphere_strong_noise_medium_3,strong_noise,2156,1451,0.059000416377439815,0.05776313312906197,0.9355765616975396,81.067389496478,-0.16111918888710094,1,0.07038059046784881,1
box_sphere_strong_noise_medium_3,strong_noise,2159,596,0.057611780858135044,0.05484545801471274,0.988131649443801,53.986703249763025,0.021202184573704982,1,0.052700905821323724,1
box_sphere_strong_noise_medium_3,strong_noise,2162,447,0.12124278063036083,0.1182225557369826,0.9960013990513842,188.1541099494653,-0.2876817391188363,0,0.08139663545239988,0
box_sphere_strong_noise_medium_3,strong_noise,2163,2465,0.11117917083343809,0.10990825860679264,0.9253265932354945,165.86014893960132,0.03509128532854546,0,0.0997432474888236,0
box_sphere_strong_noise_medium_3,strong_noise,2164,1472,0.08108389977699618,0.07497849316566498,0.9940170425863804,232.25699427125497,-0.05192000832783077,0,0.0636143741837614,1
box_sphere_strong_noise_medium_3,strong_noise,2166,1501,0.04301745663181737,0.040259220323947575,0.9993313204862924,46.814101233448376,-0.06527133328131351,1,0.08474897993523393,0
box_sphere_strong_noise_medium_3,strong_noise,2171,3404,0.03508582086144702,0.027751832309489834,0.9961887503484975,183.8363115209047,0.09531004647117819,0,0.08577687510236574,0
box_sphere_strong_noise_medium_3,strong_noise,2173,2583,0.07900796485880149,0.07600251255813514,0.9790497261598632,116.44182248926109,0.28013458392194845,0,0.09646318305410317,0
box_sphere_strong_noise_medium_3,strong_noise,2177,167,0.04856706209904393,0.011057135114202655,0.9433698874043794,38.01184568735262,0.06111877669289826,0,0.09677176983521196,0
box_sphere_strong_noise_medium_3,strong_noise,2178,813,0.04951850787909477,0.046614257177963546,0.9816041185707335,55.74755202981196,0.005698016114642069,1,0.047880230956624796,1
box_sphere_strong_noise_medium_3,strong_noise,2181,2298,0.11872280888981056,0.11156931708405267,0.9894499930166348,204.92281099364243,0.010152360882018535,0,0.14022894162868396,0
box_sphere_strong_noise_medium_3,strong_noise,2194,565,0.05844513619457157,0.05632568260480083,0.9897136905414399,145.4560263418142,0.11985118068364937,1,0.061248601266410616,1
box_sphere_strong_noise_medium_3,strong_noise,2205,1205,0.0336788597607063,0.01869637552022293,0.8585670582368196,83.48251054056875,-0.3809235557143082,1,0.1119396877671341,0
box_sphere_strong_noise_medium_3,strong_noise,2206,2354,0.08946419366180033,0.08501193692996455,0.95872128053276,170.01239627022383,-0.2899518686057989,0,0.08843685529489038,0
box_sphere_strong_noise_medium_3,strong_noise,2207,3170,0.11112878263435923,0.10914169560372919,0.9679614753403967,189.64529719049534,0.16430288462477893,0,0.04631279165494985,1
box_sphere_strong_noise_medium_3,strong_noise,2213,1917,0.029862824091533173,0.02940817568698113,0.9749354975823791,36.438158627323276,0.26966335028261124,1,0.053205466580435526,1
box_sphere_strong_noise_medium_3,strong_noise,2225,1632,0.07813522265822377,0.06742988925564093,0.9911197578788793,96.80710460957737,0.16430284295820755,0,0.15238285215722983,0
box_sphere_strong_noise_medium_3,strong_noise,2226,595,0.06576457081991496,0.06191696249452443,0.9123469622343695,44.02063354788816,-0.14585176186113905,1,0.0805415099145197,0
box_sphere_strong_noise_medium_3,strong_noise,2227,1637,0.05599189179211391,0.050497187453524675,0.9999704244268145,154.05307766271298,0.3184534311188196,0,0.10660465200331833,0
box_sphere_strong_noise_medium_3,strong_noise,2235,1234,0.06429404730764357,0.06285671920135148,0.0008970701165551334,78.37656124494542,0.31383459410345654,0,0.14743202091127672,0
box_sphere_strong_noise_medium_3,strong_noise,2236,2758,0.15797658963940536,0.155487800122935,0.9859704266415481,112.00365499224654,0.1466033162973087,0,0.09795843516415303,0
box_sphere_strong_noise_medium_3,strong_noise,2239,1491,0.08447058626504513,0.07497829517517332,0.9961812401219193,267.32530322326744,0.2929201005133355,0,0.09114948923524559,0
box_sphere_strong_noise_medium_3,strong_noise,2244,2637,0.06000141719758577,0.025196981848791957,0.9518817636121304,50.48443094572173,0.12656262644240654,0,0.06354023623216849,1
box_sphere_strong_noise_medium_3,strong_noise,2249,2422,0.03222245059634975,0.004148577407805647,0.9729751725034008,77.11723390479712,-0.10301162992515521,0,0.08356196407998827,0
box_sphere_strong_noise_medium_3,strong_noise,2250,1799,0.04099220575297457,0.03556557694781462,0.9863876547252192,47.12799835170218,-0.27101481854069487,0,0.12423405125015433,0
box_sphere_strong_noise_medium_3,strong_noise,2251,972,0.04889695868364099,0.03508137313619107,0.9758014880781182,73.69659546507779,0.09531009980439203,1,0.10181425344711244,0
box_sphere_strong_noise_medium_3,strong_noise,2253,903,0.04982697272255728,0.048858489202849985,0.992318391105806,126.1313552323001,0.05733087844322537,0,0.06872380182857114,1
box_sphere_strong_noise_medium_3,strong_noise,2264,2539,0.07479028556726218,0.06447458607013595,0.9992005887119122,212.4879981131744,0.046519960079403636,0,0.09219731383771566,0
box_sphere_strong_noise_medium_3,strong_noise,2266,835,0.023063090542754475,0.003478004599814417,0.803311672311268,66.46379171513495,0.08734195904406689,0,0.11800153797584378,0
box_sphere_strong_noise_medium_3,strong_noise,2274,2122,0.06162319631531755,0.02531021893679132,0.9039933529612976,71.18834482664617,-0.018018488836027042,0,0.12954382591128702,0
box_sphere_strong_noise_medium_3,strong_noise,2277,1412,0.03681665849028818,0.01758511867163714,0.9968758633475232,237.96377487915592,0.24434546088825518,1,0.06347660694759566,1
box_sphere_strong_noise_medium_3,strong_noise,2279,1962,0.0339691063574073,0.02511037715872887,0.9955103284681425,56.79752269876133,-0.14272186762442027,1,0.06007349049361138,1
box_sphere_strong_noise_medium_3,strong_noise,2280,1175,0.06249001781071621,0.055949094814618634,0.9993354960516593,186.96242502304227,-0.1967100768549908,0,0.06007049636827021,1
box_sphere_strong_noise_medium_3,strong_noise,2285,2117,0.09173133542441016,0.08636458450837022,0.8518551072453691,109.36437243479575,0.08907954853202434,0,0.11024129645338145,0
box_sphere_strong_noise_medium_3,strong_noise,2287,1786,0.009169255938265002,3.2898057187094316e-06,0.8725573339855079,50.123565126077544,0.16430294018024064,1,0.13528883235875305,0
box_sphere_strong_noise_medium_3,strong_noise,2292,3157,0.027991720591805564,0.025667309068335212,0.9991676178442555,155.54364723328976,-0.16111918888710094,1,0.09046297553474683,0
box_sphere_strong_noise_medium_3,strong_noise,2294,3206,0.08541856340315146,0.08368200192980177,0.9311328753960051,77.74125741515124,-0.4036804392565909,0,0.1083221465682599,0
box_sphere_strong_noise_medium_3,strong_noise,2296,1475,0.03632699350347497,0.017884823982103528,0.026813548134836163,76.81913982966066,-0.08701131032301411,1,0.10497961117362446,0
box_sphere_strong_noise_medium_3,strong_noise,2298,634,0.10185495563315168,0.10125434931806979,0.9735730187903712,243.68154337960559,-0.35894456469627817,0,0.10091876720283847,0
box_sphere_strong_noise_medium_3,strong_noise,2306,1963,0.033152974892782856,0.008126960755462875,0.9208509525327545,63.20458892055858,-0.13850781442462656,1,0.08908346854512283,0
box_sphere_strong_noise_medium_3,strong_noise,2307,807,0.0298134422881528,0.008878745633788515,0.9798014006737379,86.96783988708714,-0.24116179594760623,1,0.11257290089968922,0
box_sphere_strong_noise_medium_3,strong_noise,2313,2724,0.060842826767325914,0.04446189747771104,0.9951418231112985,126.27921078503599,0.04651996801589379,0,0.04684440162923463,1
box_sphere_strong_noise_medium_3,strong_noise,2315,204,0.026831509350224426,0.024451701129882715,0.9670502492893108,247.94562577041205,0.046519960079403636,1,0.09390210573103558,0
box_sphere_strong_noise_medium_3,strong_noise,2317,2839,0.04777000994866827,0.040567520831115624,0.4095086621915159,122.45248213904458,0.2787131592259909,0,0.11834495036941285,0
box_sphere_strong_noise_medium_3,strong_noise,2322,571,0.07210961582210186,0.07157072223701587,0.9867743623972447,91.49494981057659,-0.40821571490707964,0,0.08813684838701308,0
box_sphere_strong_noise_medium_3,strong_noise,2323,1532,0.08716701900917,0.07814021039100465,0.9818891464996814,39.30038458989288,-0.27101481854069487,0,0.0887733145212697,0
box_sphere_strong_noise_medium_3,strong_noise,2324,1119,0.0392882882832462,0.004886563755941781,0.9738994068562601,61.78471362468159,-0.1119502354727952,0,0.09096907652010279,0
box_sphere_strong_noise_medium_3,strong_noise,2328,1059,0.10540494172256032,0.08316216833452461,0.9992858327065065,120.30903781211907,-0.05010676055768202,0,0.0541372338117096,1
box_sphere_strong_noise_medium_3,strong_noise,2334,1360,0.02072388540721,0.018124973771755426,0.9922010257227263,64.63295327583636,0.05510371865434255,1,0.1136786225566429,0
box_sphere_strong_noise_medium_3,strong_noise,2335,2041,0.04684267719189822,0.04403559637125428,0.9887503162502352,77.84195771259515,-0.6088861275413479,0,0.1301567243309909,0
box_sphere_strong_noise_medium_3,strong_noise,2337,2963,0.07378453395486355,0.06789604602013227,0.9912229622602655,178.10840789826275,0.06632258646053232,1,0.06539094258105964,1
box_sphere_strong_noise_medium_3,strong_noise,2341,2687,0.06128513388636021,0.021927228931897434,0.9233411621859683,86.0146971941051,-0.24116177110294254,0,0.060399896815241945,1
box_sphere_strong_noise_medium_3,strong_noise,2342,3320,0.06159420900049691,0.04215386690192884,0.4083189337810963,72.51546744685662,0.07729160611988854,0,0.10101398602335074,0
box_sphere_strong_noise_medium_3,strong_noise,2345,2717,0.052816858393701295,0.04912545906457577,0.989867073152824,209.43283687416144,0.16430288462477893,0,0.059081838640929765,1
box_sphere_strong_noise_medium_3,strong_noise,2357,534,0.021318298396753994,0.019454794458066506,0.9692897590821872,141.31276735192517,-0.02985292393404641,1,0.07933905124321773,1
box_sphere_strong_noise_medium_3,strong_noise,2362,1547,0.05639456296342319,0.046194732305214384,0.9894968258760937,64.64248882731765,-0.1185596143233401,0,0.10103014987682479,0
box_sphere_strong_noise_medium_3,strong_noise,2367,2231,0.03372272702726928,0.03185534460024085,0.9314038549271341,65.88391748366912,0.09531007980442975,1,0.09761752620732353,0
box_sphere_strong_noise_medium_3,strong_noise,2371,2873,0.02713578475543533,0.01604823191477128,0.9958452858111618,217.82805403043506,-0.10763054514487824,1,0.09784155515573603,0
box_sphere_strong_noise_medium_3,strong_noise,2373,1158,0.059510528234516795,0.05652705164746492,0.9943739091834608,116.36877112179184,0.2155961211176579,0,0.10637063593734405,0
box_sphere_strong_noise_medium_3,strong_noise,2378,2266,0.017106481330064406,0.007275841359978412,0.9865636371403812,74.94233027896757,0.18169460162585432,1,0.11998186981532015,0
box_sphere_strong_noise_medium_3,strong_noise,2383,3236,0.05913350506813066,0.053745925511271136,0.8812220727181207,41.42150912489728,0.046519978597885425,0,0.09394147024356142,0
box_sphere_strong_noise_medium_3,strong_noise,2385,1958,0.048992404089669886,0.03390810909339785,0.998341997565984,151.70760860220517,-0.002751031040889511,0,0.09959820553759301,0
box_sphere_strong_noise_medium_3,strong_noise,2386,783,0.07080342027501843,0.06597749157087786,0.9757674896440746,197.34304288313533,-0.058840433356342293,0,0.0823974653065924,0
box_sphere_strong_noise_medium_3,strong_noise,2390,593,0.06418405649697712,0.050191634469140274,0.9982565765521859,164.68998178651285,0.046519960079403636,0,0.051947811331656775,1
box_sphere_strong_noise_medium_3,strong_noise,2400,3353,0.06738918883088203,0.06521192355246791,0.44376568431713675,151.13084977811576,0.06632258646053232,0,0.16628547136421265,0
box_sphere_strong_noise_medium_3,strong_noise,2402,1678,0.07795922387520682,0.07584498061300145,0.9964695195866377,230.192167716858,0.1155127728362431,0,0.0952615188879449,0
box_sphere_strong_noise_medium_3,strong_noise,2403,2412,0.060464927889164626,0.05536483090652278,0.9913863643459898,80.5819617443372,0.25961297958069474,0,0.06526865861184278,1
box_sphere_strong_noise_medium_3,strong_noise,2421,1905,0.06178837626684306,0.056805680504779466,0.9968305048655022,253.92482719518125,-0.15778028439974565,0,0.05816645461943262,1
box_sphere_strong_noise_medium_3,strong_noise,2424,1016,0.03944075078178182,0.018012339984717154,0.9994056377609899,66.90916149262866,0.3184534811187327,0,0.11603550881748716,0
box_sphere_strong_noise_medium_3,strong_noise,2429,477,0.12366319806237237,0.07905259225400743,0.7829932494978576,103.64198435488815,-0.1541505131607721,0,0.10228894861109,0
box_sphere_strong_noise_medium_3,strong_noise,2431,1990,0.07136848144822204,0.05581863718566106,0.8296256589662075,131.8466292997487,0.021202184573704982,0,0.12142013088037128,0
box_sphere_strong_noise_medium_3,strong_noise,2432,1533,0.06424546503038317,0.0553667539580868,0.9986111150167031,212.0783768971503,0.12656257800945092,0,0.10837777667492014,0
box_sphere_strong_noise_medium_3,strong_noise,2435,2957,0.07077284325277869,0.06694208736358515,0.9973101509349667,115.2370029619062,-0.0075471968634633286,0,0.039462583674721344,1
box_sphere_strong_noise_medium_3,strong_noise,2439,419,0.07117633539710597,0.06654525100547802,0.9980229638049685,49.240157659734315,-0.09274196618145227,0,0.008355587240087012,1
box_sphere_strong_noise_medium_3,strong_noise,2441,1033,0.04457809671031589,0.002615498105962597,0.9403370758338011,160.99698741557938,0.046519960079403636,1,0.0699573068580989,1
box_sphere_strong_noise_medium_3,strong_noise,2442,414,0.04002958029889308,0.03922761372059183,0.8431520051174857,92.91888121071987,-0.018018485502700406,0,0.13488173803065268,0
box_sphere_strong_noise_medium_3,strong_noise,2443,2513,0.0908763962596747,0.08720398670256821,0.9929625756721302,126.70241671494351,0.11023570916343348,0,0.042361051528520544,1
box_sphere_strong_noise_medium_3,strong_noise,2448,237,0.07368717678785394,0.05119427144383259,0.7667298230584333,86.05012053481282,-0.15778028439974565,0,0.08560400972780816,0
box_sphere_strong_noise_medium_3,strong_noise,2453,1839,0.07198688843052266,0.07105080690691873,0.9994160240063729,182.35395857169897,0.3024530707760166,0,0.09071894645720109,0
box_sphere_strong_noise_medium_3,strong_noise,2454,1826,0.07108880808747459,0.06808378110953815,0.5475009318410158,90.33891884006327,0.05894247267055436,0,0.10900312156685209,0
box_sphere_strong_noise_medium_3,strong_noise,2457,1254,0.018104720429512302,0.0029436754418639146,0.9938529926377793,63.82024492147512,-0.3152697377620899,1,0.0910925444897669,0
box_sphere_strong_noise_medium_3,strong_noise,2458,543,0.044721034624823144,0.035422767829605246,0.21662945108833057,94.71943347616761,0.7032990229238484,0,0.1285704298804497,0
box_sphere_strong_noise_medium_3,strong_noise,2462,699,0.09305401653558985,0.017692020308431897,0.7162951351772063,76.00982860756355,-0.11332856530713019,0,0.12404196980728424,0
box_sphere_strong_noise_medium_3,strong_noise,2468,1097,0.049882794261093495,0.049726055347946614,0.2662434816010487,49.79323543670014,-0.21706437515660498,0,0.1127896038004085,0
box_sphere_strong_noise_medium_3,strong_noise,2469,3295,0.10103652636446446,0.09936972177103191,0.9973240769572786,229.82722616221042,-0.13580136338151705,0,0.08851157862347815,0
box_sphere_strong_noise_medium_3,strong_noise,2472,2285,0.044480008163063994,0.013357235821767063,0.9634526129997204,69.43950095332661,-0.16111918888710094,0,0.09280119390813062,0
box_sphere_strong_noise_medium_3,strong_noise,2475,3048,0.10767519818490592,0.09025252840752826,0.9825219603801798,173.16165934165718,-0.16420085864387324,0,0.08980496651764672,0
box_sphere_strong_noise_medium_3,strong_noise,2477,1924,0.07367456564565213,0.07208482325155212,0.92325029223985,186.53695312975574,0.03327475099017847,0,0.1249681757046741,0
box_sphere_strong_noise_medium_3,strong_noise,2481,630,0.08533390498710379,0.08417923867957088,0.9956450763234914,167.37366040384256,0.04651996801589379,0,0.04987353038848506,1
box_sphere_strong_noise_medium_3,strong_noise,2491,2938,0.048042898937619774,0.03217045725356391,0.9844950954025404,216.9970042490141,-0.16111918888710094,1,0.06157799369803125,1
box_sphere_strong_noise_medium_3,strong_noise,2493,2748,0.045632111327090365,0.0242245775987341,0.9845139013038313,49.07025330942431,-0.16111918888710094,0,0.045965417059076405,1
box_sphere_strong_noise_medium_3,strong_noise,2494,2416,0.03670645312909081,0.02737526994058523,0.8221406137996377,104.12276613491755,0.1643029322437438,0,0.13742119409197268,0
box_sphere_strong_noise_medium_3,strong_noise,2495,2723,0.03208316475941526,0.027222419708572324,0.8066191588375532,77.02638803458967,-0.11332856530713019,1,0.07595309253966748,1
box_sphere_strong_noise_medium_3,strong_noise,2503,67,0.059308854345699866,0.05665114694704875,0.998749995691392,179.619396203271,-0.06680859729123638,1,0.05710160836633221,1
box_sphere_strong_noise_medium_3,strong_noise,2508,3012,0.09657995532610479,0.09330422168630065,0.9706941723177804,149.50821574254783,-0.05192000832783077,0,0.04635692731136297,1
box_sphere_strong_noise_medium_3,strong_noise,2510,2544,0.09030717286027475,0.08841288937998941,0.9990230423186016,181.51975892440956,-0.0075471968634633286,0,0.12663046384157292,0
box_sphere_strong_noise_medium_3,strong_noise,2515,1314,0.09051722962069185,0.08540381777507086,0.9958121209542878,66.66994629425811,-0.0075471968634633286,0,0.06317058410686059,1
box_sphere_strong_noise_medium_3,strong_noise,2522,26,0.035306866772267395,0.03350044503766218,0.9031909595715323,172.41991674655821,0.04651997396826353,0,0.11945818056160283,0
box_sphere_strong_noise_medium_3,strong_noise,2523,1325,0.016375722456086494,0.0070512713893474245,0.9387665571170141,64.28639318695122,-0.4389874892495959,1,0.1296640924905861,0
box_sphere_strong_noise_medium_3,strong_noise,2530,462,0.09202098898357863,0.08526091841624786,0.9987740316213476,141.16810303220348,0.22146120805091465,0,0.08494782641050246,0
box_sphere_strong_noise_medium_3,strong_noise,2531,144,0.04702930640243531,0.042913411725469204,0.9969488592224933,198.35510895777853,0.16430284295820755,1,0.08931446151065009,0
box_sphere_strong_noise_medium_3,strong_noise,2533,2991,0.03640763464935215,0.026106486775294823,0.985010943434476,103.2066623090055,-0.19464181607403128,0,0.09395270778553068,0
box_sphere_strong_noise_medium_3,strong_noise,2537,1981,0.08182684134908186,0.06531188274949751,0.9866034799944396,106.36300899903445,-0.17662325234643916,0,0.021870000192377205,1
box_sphere_strong_noise_medium_3,strong_noise,2540,582,0.019151152387009443,0.00655208390531508,0.9927172499308197,215.75349413422748,0.22884134742906945,1,0.07139856750014689,1
box_sphere_strong_noise_medium_3,strong_noise,2541,1561,0.03849261368420708,0.018939029767036753,0.7915069231340578,80.30417598759767,-0.39531222870829946,1,0.08263027948502806,0
box_sphere_strong_noise_medium_3,strong_noise,2545,581,0.05130813003130316,0.03902764611786096,0.9131368995343071,85.73704281352147,0.13832745557636122,0,0.08697849702548766,0
box_sphere_strong_noise_medium_3,strong_noise,2549,3302,0.019872813317598926,0.0017164949484532262,0.48526540913860644,48.57248278795167,0.23262215690405627,1,0.0966010561276173,0
box_sphere_strong_noise_medium_3,strong_noise,2550,1078,0.06320132514726154,0.046589869963095346,0.822753369232506,52.31457411920146,-0.6931461805614453,0,0.08625000900692105,0
box_sphere_strong_noise_medium_3,strong_noise,2551,1915,0.07988621007332848,0.0734614479875391,0.9263047609841408,52.589156973921384,-0.16970294213245063,0,0.07074229425163976,1
box_sphere_strong_noise_medium_3,strong_noise,2552,2772,0.05385062701036653,0.05246924917960456,0.9811033741053994,113.3762222768119,-0.2899518686057989,1,0.04588052796481492,1
box_sphere_strong_noise_medium_3,strong_noise,2554,973,0.03950258887907648,0.015926421642500015,0.9962202237478327,101.64075647245417,-0.05010676055768202,1,0.11061510731812825,0
box_sphere_strong_noise_medium_3,strong_noise,2555,1838,0.0260679855531381,0.0018443991111655048,0.6798542892966926,94.50192276308653,-0.010638389490466095,0,0.08452486381148322,0
box_sphere_strong_noise_medium_3,strong_noise,2557,1469,0.10278389853779754,0.10097701294099858,0.928800444342995,147.38486372815672,-0.07410789523072468,0,0.07468417959737424,1
box_sphere_strong_noise_medium_3,strong_noise,2559,1208,0.1061662614884849,0.10501078349406023,0.9866640682455787,53.276269836716935,0.10058715893251952,0,0.08381752253639012,0
box_sphere_strong_noise_medium_3,strong_noise,2562,1831,0.07897336224956296,0.07499494666728108,0.9683638304837684,96.42571169252093,0.0689928048203492,0,0.1163710887452078,0
box_sphere_strong_noise_medium_3,strong_noise,2563,1403,0.07240358795175768,0.07209247540330765,0.9793109537291955,86.48397237994105,-0.0075471968634633286,1,0.07339235982137424,1
box_sphere_strong_noise_medium_3,strong_noise,2565,1084,0.07353042794619827,0.0649507637307368,0.9658188037209887,176.33604436570283,-0.4036804392565909,0,0.10962219442814554,0
box_sphere_strong_noise_medium_3,strong_noise,2568,856,0.043526802134691546,0.04299591864205465,0.9855262259158958,109.48823542126955,-0.19237165931440658,0,0.09069774245586573,0
box_sphere_strong_noise_medium_3,strong_noise,2570,3025,0.03392899389525017,0.0026411133518868704,0.9883674367348579,153.50018707349025,0.030771617000143317,1,0.05803044323969898,1
box_sphere_strong_noise_medium_3,strong_noise,2571,930,0.05822445867516447,0.022815955994328736,0.9432150654123593,59.6158666193302,-0.19860223225338763,0,0.0619435150972392,1
box_sphere_strong_noise_medium_3,strong_noise,2573,1825,0.027847157909925147,0.002101921159326217,0.9997029405234705,224.5733631535578,-0.2411617234840177,1,0.08857401635801564,0
box_sphere_strong_noise_medium_3,strong_noise,2578,205,0.047499013444858004,0.04417485070804283,0.9635909683281811,131.38686157622251,0.03509128532854546,0,0.0748738292487648,1
box_sphere_strong_noise_medium_3,strong_noise,2581,2921,0.06652124600949859,0.0631491992438519,0.9624009655567268,133.67403427913277,-0.11332856530713019,0,0.06749399602436486,1
box_sphere_strong_noise_medium_3,strong_noise,2584,248,0.04089684236881073,0.0328407416579541,0.9839157830488487,80.83810979026083,0.26966327806052487,1,0.04229917851300239,1
box_sphere_strong_noise_medium_3,strong_noise,2594,2552,0.08172462414362199,0.08111143225191612,0.9953642915110162,86.09552939625392,0.12348095454888373,0,0.0948019309667949,0
box_sphere_strong_noise_medium_3,strong_noise,2595,2173,0.016585590866967936,0.015872766760536953,0.9942898445883102,141.4201358440877,-0.058840433356342293,1,0.10787463862484276,0
box_sphere_strong_noise_medium_3,strong_noise,2598,2173,0.07401876073260913,0.05128167880103237,0.9960575661534178,131.07652965601014,0.25961297958069474,0,0.1314389394134423,0
box_sphere_strong_noise_medium_3,strong_noise,2603,1791,0.04507557672153245,0.03596791515688717,0.8527148226367177,34.1655481620066,0.1837210285511573,0,0.11967943423992762,0
box_sphere_strong_noise_medium_3,strong_noise,2604,1941,0.04898678822632372,0.03314875219723948,0.9011099673887119,78.48731069394717,0.05608942049723534,0,0.06630466962753222,1
box_sphere_strong_noise_medium_3,strong_noise,2605,2083,0.07783483269984923,0.07572961037653879,0.9640323930526238,57.59309739998998,-0.018018488836027042,0,0.10577545507193685,0
box_sphere_strong_noise_medium_3,strong_noise,2606,399,0.10026098048380329,0.09664538695532893,0.9875913979856776,75.74836252352455,-0.018018485502700406,0,0.13673556366240833,0
box_sphere_strong_noise_medium_3,strong_noise,2608,2970,0.04232654575497342,0.032407840411501236,0.9809392303238704,233.92389366615063,0.19709267734027064,0,0.058805119684289454,1
box_sphere_strong_noise_medium_3,strong_noise,2611,3380,0.024563435187749443,0.018331210726020706,0.998505343875889,70.0348917429486,-0.14272186762442027,1,0.09475610473030296,0
box_sphere_strong_noise_medium_3,strong_noise,2612,1034,0.052407047114735546,0.029245927099470253,0.9589925169689475,82.17047306869256,0.517942687279858,0,0.0552845183665356,1
box_sphere_strong_noise_medium_3,strong_noise,2614,1890,0.08780451412198652,0.08253762284157984,0.9679902779251557,129.3503723180937,-0.1541505131607721,0,0.07757304526998698,1
box_sphere_strong_noise_medium_3,strong_noise,2619,3182,0.08209341564619527,0.07441332731436484,0.9410408395158745,118.82106221104641,0.018349123853393667,0,0.05995119781404755,1
box_sphere_strong_noise_medium_3,strong_noise,2621,2927,0.03642530023262871,0.028745984504723963,0.7232215502345566,91.64732827135222,0.16430289977626486,1,0.12707339952292074,0
box_sphere_strong_noise_medium_3,strong_noise,2622,2884,0.05753997291577754,0.0566778752568824,0.9521305274550597,133.9016862724798,-0.2411618068171484,1,0.058857187374979233,1
box_sphere_strong_noise_medium_3,strong_noise,2628,2049,0.0527849954545574,0.04708539581987287,0.9956484920147006,123.69351380873684,0.18169460162585432,1,0.10447183245973389,0
box_sphere_strong_noise_medium_3,strong_noise,2629,1908,0.0846408918934669,0.07973788916740811,0.9942537208584038,67.30677117306658,0.0901950113720376,0,0.05114044530801022,1
box_sphere_strong_noise_medium_3,strong_noise,2631,2153,0.06222594944969744,0.05347247987319974,0.9410414016395382,198.42885818725168,0.016667031094864893,1,0.08674907177577305,0
box_sphere_strong_noise_medium_3,strong_noise,2633,3268,0.040738920151049164,0.03168470922634771,0.9782047241238212,70.83308941531399,-0.058840446689648565,0,0.1643776359603815,0
box_sphere_strong_noise_medium_3,strong_noise,2634,1273,0.07569299928691504,0.07491014404855445,0.9983717659958478,114.80494590716648,0.1155127728362431,0,0.02942604024598672,1
box_sphere_strong_noise_medium_3,strong_noise,2635,1376,0.06388519681193283,0.055792195955486,0.9707428380341756,60.738071656799015,0.010152360882018535,0,0.07128922640985319,1
box_sphere_strong_noise_medium_3,strong_noise,2638,2428,0.056064218660077915,0.04914585888822105,0.9732323721964885,47.95327795670259,-0.04445171909261546,1,0.0640778968578466,1
box_sphere_strong_noise_medium_3,strong_noise,2639,2731,0.07334714858326226,0.07172615692584111,0.9262445494945011,96.07507421517998,-0.1119502354727952,0,0.07811522945212354,1
box_sphere_strong_noise_medium_3,strong_noise,2640,1282,0.11450126423612585,0.11165764048988142,0.9611015725128328,240.21499599946327,-0.1458517042854954,0,0.12951067852814874,0
box_sphere_strong_noise_medium_3,strong_noise,2642,495,0.06298961772329884,0.06229435292566637,0.9964915459969683,90.25295446252498,-0.058840433356342293,0,0.07631809478913482,1
box_sphere_strong_noise_medium_3,strong_noise,2644,3021,0.09264844973298159,0.08423671532503706,0.9468773057666712,111.71918419186629,-0.09806112599680523,0,0.0874992512002958,0
box_sphere_strong_noise_medium_3,strong_noise,2645,2142,0.01460176073727422,0.009583425035472685,0.9963723622650931,60.77431072462284,-0.06527133328131351,1,0.07443915034219148,1
box_sphere_strong_noise_medium_3,strong_noise,2653,2463,0.10026111805153486,0.09058548417336276,0.9976053381878347,164.7231459976167,-0.09274196618145227,0,0.02090070575491815,1
box_sphere_strong_noise_medium_3,strong_noise,2655,369,0.014122207593020993,0.002606729460705437,0.910530245120108,43.98164996124776,-0.24116179594760623,1,0.14162244110187172,0
box_sphere_strong_noise_medium_3,strong_noise,2656,2232,0.05546956222325597,0.030436088063128804,0.9912566631831199,223.55267280650796,0.30888389035928987,1,0.05120120473034651,1
box_sphere_strong_noise_medium_3,strong_noise,2657,2150,0.0601129553681743,0.039050157292818896,0.9406091300256959,60.035034701735576,-0.2411617840899251,0,0.09475442242233184,0
box_sphere_strong_noise_medium_3,strong_noise,2658,1817,0.0378212738098811,0.0012026922733998058,0.6268660748334421,47.580576252062,0.17435328047817664,0,0.14472887237719087,0
box_sphere_strong_noise_medium_3,strong_noise,2661,2546,0.03483923926595308,0.024663402083591912,0.9696774984964149,89.52608035439661,-0.018018485502700406,1,0.09199538394879372,0
box_sphere_strong_noise_medium_3,strong_noise,2663,399,0.06698564526112258,0.06525648473601679,0.9623681517353201,74.45639040244114,0.09531007980442975,0,0.11416938461955924,0
box_sphere_strong_noise_medium_3,strong_noise,2674,3131,0.06240585500392068,0.05449174510034258,0.9493510970538656,48.73638423035079,0.0772916231653167,0,0.07341447912498952,1
box_sphere_strong_noise_medium_3,strong_noise,2675,1646,0.05614604352631275,0.05443461505574119,0.9999299392884426,145.11637362014122,0.010152360882018535,0,0.07462073191891495,1
box_sphere_strong_noise_medium_3,strong_noise,2683,919,0.06919713535442579,0.04072226862943554,0.9434056691381578,48.45049471796592,-0.40821571490707964,0,0.15113592710425838,0
box_sphere_strong_noise_medium_3,strong_noise,2684,3290,0.03742879646241755,0.021255316365316558,0.9705220715108098,58.270510932531806,-0.10763054514487824,1,0.09439954239148239,0
box_sphere_strong_noise_medium_3,strong_noise,2687,2651,0.028983481279430158,0.005990848377118312,0.9039485638425295,40.82940685929785,0.16430295869873598,1,0.10105682818710891,0
box_sphere_strong_noise_medium_3,strong_noise,2690,915,0.015811466661655865,0.0005657818507425541,0.9854911806390774,46.08845298077883,-0.07410789523072468,1,0.07198654477878087,1
box_sphere_strong_noise_medium_3,strong_noise,2694,1299,0.04786608782495107,0.03168633873313993,0.46017370316858447,37.71071517625183,0.3361531119461215,0,0.10305440692879136,0
box_sphere_strong_noise_medium_3,strong_noise,2695,2806,0.03033794663814859,0.01638759813992651,0.7300107635532811,65.69169648543895,-0.24116175681726298,1,0.08582237560807383,0
box_sphere_strong_noise_medium_3,strong_noise,2702,2608,0.0479717501114713,0.030542222284995865,0.9888461460256602,66.12463209863711,0.3466242858633113,1,0.09012586387279431,0
box_sphere_strong_noise_medium_3,strong_noise,2703,2985,0.020352862967447243,0.0027626968341476228,0.8120205351775893,40.54976649422308,-0.16517604585957094,1,0.0996366893458129,0
box_sphere_strong_noise_medium_3,strong_noise,2704,1267,0.027497187850374975,0.010584341833916345,0.954549191049818,193.04419183073955,-0.0275879272148308,1,0.10889681301273996,0
box_sphere_strong_noise_medium_3,strong_noise,2706,1488,0.03599240136128832,0.030857828058697113,0.9062248861857232,63.20588664131059,-0.1670539308171544,1,0.09920678449973505,0
box_sphere_strong_noise_medium_3,strong_noise,2707,401,0.06465365756527384,0.06170285155192852,0.2330345270629657,77.79896647686762,0.021202184573704982,0,0.16665250541513776,0
box_sphere_strong_noise_medium_3,strong_noise,2708,883,0.023490193243821816,0.0033892985745174434,0.9723338126315516,141.31780534197782,-0.1670539308171544,1,0.09871056890999932,0
box_sphere_strong_noise_medium_3,strong_noise,2710,677,0.08198779001516614,0.07456133057051999,0.9499564640536498,151.77797886547697,0.206862486966266,0,0.09015182769904334,0
box_sphere_strong_noise_medium_3,strong_noise,2715,3182,0.027747573170031934,0.023442959968008725,0.5825628307339932,88.56543176495536,-0.010638389490466095,1,0.09467121156417974,0
box_sphere_strong_noise_medium_3,strong_noise,2717,1035,0.11575308507085118,0.10980674870312393,0.9775390184253372,228.08976047179442,-0.3412450893092448,0,0.06857734057750116,1
box_sphere_strong_noise_medium_3,strong_noise,2720,1118,0.09631258588574355,0.09583853453941286,0.996862921053344,170.2548443990203,-0.16420085864387324,0,0.0807208948673768,0
box_sphere_strong_noise_medium_3,strong_noise,2727,2721,0.06670739833462641,0.06623437953483173,0.5781185224639205,48.04525365809451,-0.18053729897114432,0,0.10929166777692804,0
box_sphere_strong_noise_medium_3,strong_noise,2728,1046,0.07695886182533311,0.07412779236008077,0.9597231547586332,160.29785378273436,0.23576175856872114,0,0.09114849573609933,0
box_sphere_strong_noise_medium_3,strong_noise,2729,2989,0.04180695814563333,0.03872893859047148,0.9990058235804042,164.78876266180362,0.0816112533444393,1,0.09481412372549794,0
box_sphere_strong_noise_medium_3,strong_noise,2732,2754,0.05672603460706246,0.027304583345510003,0.44358806481426005,77.60848509190234,-0.007547201249420621,1,0.10078423014120787,0
box_sphere_strong_noise_medium_3,strong_noise,2734,1817,0.07903628272483933,0.0778211806267798,0.8303416177282577,57.27113930826282,0.17435328047817664,0,0.13950557726932977,0
box_sphere_strong_noise_medium_3,strong_noise,2740,1279,0.07655091049330605,0.07471442951281226,0.9595757034125507,208.28974855454302,-0.0808193262264909,0,0.05151031793501394,1
box_sphere_strong_noise_medium_3,strong_noise,2742,776,0.0239632238045977,0.01354654759039026,0.09681450213418952,61.65936073012313,0.27763152326511104,1,0.09305345218653105,0
box_sphere_strong_noise_medium_3,strong_noise,2750,1977,0.024166901396023212,0.014186941009229561,0.9493618148035436,68.13463555152993,0.14970411887791468,0,0.07138686843326345,1
box_sphere_strong_noise_medium_3,strong_noise,2753,740,0.03845536590380683,0.007595677766771254,0.9606888648833389,34.78299793119716,0.1643029230862484,0,0.06153039064544501,1
box_sphere_strong_noise_medium_3,strong_noise,2757,316,0.05096523388351958,0.04474622068839201,0.9960136530642041,208.6179273229153,0.23576175856872114,1,0.12251208349675505,0
box_sphere_strong_noise_medium_3,strong_noise,2762,2126,0.19847354646279827,0.19152521036550013,0.956702188774498,186.41111086789886,-0.5860018127173968,0,0.11695786041167151,0
box_sphere_strong_noise_medium_3,strong_noise,2763,1290,0.06489858391754381,0.05930412688724084,0.9887270199698484,101.65972079055861,-0.0808193262264909,0,0.029215277867759806,1
box_sphere_strong_noise_medium_3,strong_noise,2766,2162,0.093670282705861,0.08817946949819877,0.9286294086519614,131.25921678369215,0.03327475099017847,0,0.09082371249246157,0
box_sphere_strong_noise_medium_3,strong_noise,2770,1716,0.1027613228914983,0.09594697857229707,0.9988437427465646,180.78419534572382,0.3829917855900146,0,0.13912927022441934,0
box_sphere_strong_noise_medium_3,strong_noise,2771,1222,0.07794117912313263,0.07518299806679248,0.9892090809779038,118.82389250863827,0.04651996801589379,0,0.0786201683314309,1
box_sphere_strong_noise_medium_3,strong_noise,2773,1562,0.07049595610379686,0.05362156285144031,0.9962157940306479,248.03540647781313,-0.05010676055768202,1,0.05627943440923842,1
box_sphere_strong_noise_medium_3,strong_noise,2774,3219,0.026232784092285643,0.01758807646177839,0.868887693354137,72.8055168009633,0.05510371865434255,1,0.08088499681629292,0
box_sphere_strong_noise_medium_3,strong_noise,2776,2816,0.042501356703137684,0.028577811728434793,0.9045290397041114,91.51131904085666,0.4006914661979455,0,0.07766562267371911,1
box_sphere_strong_noise_medium_3,strong_noise,2777,1391,0.026799335010632294,0.011354026691885913,0.9880708615696168,85.30141117087068,-0.43040364840983214,1,0.10289735397487719,0
box_sphere_strong_noise_medium_3,strong_noise,2780,1432,0.10471844098546684,0.1043107735385559,0.9173340760104296,203.23677379681104,-0.1967100768549908,0,0.09648207424994483,0
box_sphere_strong_noise_medium_3,strong_noise,2781,1548,0.10002553431709352,0.09333339571568783,0.9792265041219705,46.03936504413794,-0.12337890079025166,0,0.04806379956896296,1
box_sphere_strong_noise_medium_3,strong_noise,2785,1758,0.04213424636357898,0.03443350957948861,0.9903463269390865,111.88867100651757,0.1036783020240179,0,0.07906129346955555,1
box_sphere_strong_noise_medium_3,strong_noise,2787,699,0.02387814012234234,0.02346246988777653,0.9368385493705665,48.03028589685579,0.42899525668143723,0,0.13459650029926928,0
box_sphere_strong_noise_medium_3,strong_noise,2789,1241,0.03398316009174047,0.025997922984780496,0.9124740949160635,153.74266024754345,0.16430291240250527,1,0.08764698374520882,0
box_sphere_strong_noise_medium_3,strong_noise,2793,1192,0.05930404489512852,0.05548338376391741,0.9996179169403366,63.49491846887081,0.05608942049723534,0,0.049429675373389485,1
box_sphere_strong_noise_medium_3,strong_noise,2799,2095,0.05435757654561847,0.036849664489682944,0.9883479094779462,63.35843578966885,-0.368995035599923,0,0.08936775840197478,0
box_sphere_strong_noise_medium_3,strong_noise,2801,1322,0.12170426137579153,0.11879314723618377,0.993740788054015,168.90479470162194,-0.058840446689648565,0,0.021070543626920946,1
box_sphere_strong_noise_medium_3,strong_noise,2802,512,0.03353563746210212,0.027896504611313946,0.9801800434419419,55.187890089262936,0.22314335131438975,0,0.059155729246570754,1
box_sphere_strong_noise_medium_3,strong_noise,2805,482,0.09625736357588521,0.07219224464899314,0.9490417112871238,82.75083038438288,-0.24116183459487145,0,0.1467169951063278,0
box_sphere_strong_noise_medium_3,strong_noise,2811,2459,0.039043965640999545,0.01545393320664716,0.9784924444373307,104.8208895421213,-0.38776505732513855,1,0.09793375061486914,0
box_sphere_strong_noise_medium_3,strong_noise,2813,3115,0.04036241015333721,0.0340564370774814,0.9519971643302866,56.08632884973142,-0.13580142264064687,1,0.12133727842342261,0
box_sphere_strong_noise_medium_3,strong_noise,2816,3257,0.07153165233191817,0.06071181057838884,0.986939704587554,221.64105660887816,0.18169460162585432,0,0.09162489436439111,0
box_sphere_strong_noise_medium_3,strong_noise,2825,2387,0.0241484793175428,0.02057551568009607,0.8157804091050584,74.50267763180237,0.2006704732401757,1,0.07308967276933759,1
box_sphere_strong_noise_medium_3,strong_noise,2827,3305,0.09853631076027809,0.09811694481116519,0.9796518701384473,255.15098664320607,-0.009360433764069953,0,0.0937384182069213,0
box_sphere_strong_noise_medium_3,strong_noise,2832,977,0.02936607812695522,0.017257915347228668,0.9983934104567341,56.8337593819169,0.05733087844322537,1,0.08354321547959007,0
box_sphere_strong_noise_medium_3,strong_noise,2833,1573,0.09798704801998714,0.08577456499115965,0.9499832880289074,82.1885558847682,-0.06527133328131351,0,0.05649579761021012,1
box_sphere_strong_noise_medium_3,strong_noise,2834,3293,0.0313728800141065,0.02714949130340748,0.9990299922692615,249.05063811070693,-0.02985292393404641,1,0.07794006300379158,1
box_sphere_strong_noise_medium_3,strong_noise,2835,2724,0.03299301644689116,0.011013394203364339,0.985697626375371,127.95800045060798,-0.0275879272148308,0,0.10790957132415985,0
box_sphere_strong_noise_medium_3,strong_noise,2839,1719,0.07479328932962566,0.07416942242022029,0.9882203203003719,150.38897369268543,0.010152360882018535,0,0.0752315603518822,1
box_sphere_strong_noise_medium_3,strong_noise,2840,1946,0.08647699857576878,0.08251624906505164,0.9975207958280838,96.17442533072582,0.08907954853202434,0,0.06788499690791286,1
box_sphere_strong_noise_medium_3,strong_noise,2841,2625,0.040942117596060854,0.018458877563627112,0.506973966025476,104.98527472945867,-0.2876817391188363,1,0.09271446183666542,0
box_sphere_strong_noise_medium_3,strong_noise,2842,2084,0.11559795268345553,0.11550645938481648,0.9745323049761611,65.79834423564996,-0.2856135031825406,0,0.10061220372921562,0
box_sphere_strong_noise_medium_3,strong_noise,2849,2704,0.03426969571062978,0.021437388329620756,0.9544856337023181,51.31257903099877,0.04651997396826353,1,0.12010625729188648,0
box_sphere_strong_noise_medium_3,strong_noise,2856,109,0.10070258473287436,0.10056225591537608,0.9985688021819193,152.55505936511523,0.10714454431415384,0,0.07958606405849836,1
box_sphere_strong_noise_medium_3,strong_noise,2858,1786,0.04558336658349882,0.03930224319507322,0.9517981209539524,40.730538721140626,0.18628183337245402,0,0.09510582331170088,0
box_sphere_strong_noise_medium_3,strong_noise,2861,3234,0.04743961253878171,0.0038896449165589553,0.6359490579350664,52.49193741426401,-0.028600598035912656,0,0.09041157440638452,0
box_sphere_strong_noise_medium_3,strong_noise,2866,571,0.03842834807375635,0.023420701504845143,0.9811098420610673,89.07710578585593,-0.13196264548860892,1,0.08446546144008109,0
box_sphere_strong_noise_medium_3,strong_noise,2875,2644,0.05771237656323693,0.030995928403987676,0.9971386750082336,67.79905882363002,-0.07410789523072468,0,0.06825657317052349,1
box_sphere_strong_noise_medium_3,strong_noise,2877,590,0.09293340715896618,0.08685274847114084,0.9961377848959785,140.52803980804077,0.0816112533444393,0,0.04589858756548344,1
box_sphere_strong_noise_medium_3,strong_noise,2880,1256,0.07551738777348015,0.06048156872239776,0.9301956413001182,100.20833040334976,0.13353126762463974,0,0.07977081783471972,1
box_sphere_strong_noise_medium_3,strong_noise,2882,1113,0.025401339444665407,0.013453723151783321,0.9784650306224759,85.25790830425514,0.4519846792990572,1,0.08725518366190883,0
box_sphere_strong_noise_medium_3,strong_noise,2883,2148,0.08458313372111793,0.07393182826260435,0.9833963500458016,210.9141850260528,-0.09455846779261635,0,0.08956379694153145,0
box_sphere_strong_noise_medium_3,strong_noise,2887,98,0.030693501942722627,0.02914237682997847,0.8712207636820465,171.0965077204814,0.3252331272418848,1,0.09130501371684402,0
box_sphere_strong_noise_medium_3,strong_noise,2888,2106,0.0682553860371277,0.057204610356745726,0.9999327030198191,186.0609387345963,-0.09274196618145227,0,0.09877704873934359,0
box_sphere_strong_noise_medium_3,strong_noise,2892,3356,0.12702892189922269,0.12310935364580938,0.9808357426181451,163.7803938795384,-0.24116184992051454,0,0.041147530356291255,1
box_sphere_strong_noise_medium_3,strong_noise,2897,238,0.0341169087739974,0.024325222613317075,0.10842667590243305,79.95689124851019,0.3074036710004901,1,0.14138739585417684,0
box_sphere_strong_noise_medium_3,strong_noise,2901,69,0.048746654560635885,0.047039084959109564,0.9491408888140161,50.50774511159556,0.07729160611988854,0,0.10613196342656714,0
box_sphere_strong_noise_medium_3,strong_noise,2910,2091,0.14675137532833973,0.1464626776177003,0.9965856676449081,103.99614943033858,-0.5035257674388471,0,0.1004190304083758,0
box_sphere_strong_noise_medium_3,strong_noise,2914,1545,0.10694362349348252,0.10605941390769945,0.987524509264849,150.83836766610125,-0.04445171909261546,0,0.10902312963515941,0
box_sphere_strong_noise_medium_3,strong_noise,2917,3161,0.07096518245412747,0.06225689253563747,0.9814843871455041,86.66542399210569,-0.20033985896350648,0,0.08827065606176653,0
box_sphere_strong_noise_medium_3,strong_noise,2922,3411,0.036720118759350225,0.00360042023402829,0.9698777340216385,60.867447859748104,0.12656257800945092,1,0.11271099728176423,0
box_sphere_strong_noise_medium_3,strong_noise,2925,1633,0.04150692468523883,0.03066188214007865,0.943078767585784,36.94150667746038,-0.029852943541850897,0,0.16335463591103044,0
box_sphere_strong_noise_medium_3,strong_noise,2927,3324,0.05671478892278886,0.05290266915162021,0.7067980891123018,41.18078956313568,-0.1956995721458782,0,0.0725078453276914,1
box_sphere_strong_noise_medium_3,strong_noise,2933,1459,0.09841569511682009,0.08104348634461163,0.6444004374694658,78.02222172668367,0.021202184573704982,0,0.05738369835253779,1
box_sphere_strong_noise_medium_3,strong_noise,2935,2963,0.09794117512520777,0.09175842367361803,0.9922130768024188,171.15528338448865,0.005698016114642069,0,0.045769892141356475,1
box_sphere_strong_noise_medium_3,strong_noise,2938,1565,0.07540219093572562,0.06485322772604274,0.9960554016165446,211.3166878692087,0.28208574898510436,0,0.1171377103729247,0
box_sphere_strong_noise_medium_3,strong_noise,2940,688,0.0878170194587186,0.07768909728862723,0.9947278897690465,201.8819553265049,0.030771617000143317,0,0.0475661273520753,1
box_sphere_strong_noise_medium_3,strong_noise,2944,426,0.03886812762880137,0.028274433667755897,0.8381458734209506,91.09318823209065,-0.150190108839097,0,0.06917290966895953,1
box_sphere_strong_noise_medium_3,strong_noise,2945,268,0.10326965948233822,0.09907187719210765,0.9894410509196281,221.96223237509201,0.2051247908118496,0,0.07821717944064971,1
box_sphere_strong_noise_medium_3,strong_noise,2947,1896,0.04994046432475203,0.04659385244500299,0.9954814186074531,235.30901276031116,-0.3809235557143082,1,0.09642804701895596,0
box_sphere_strong_noise_medium_3,strong_noise,2948,174,0.06596842188452087,0.048822949477753015,0.8977147943222832,117.33188195804763,-0.009360433764069953,0,0.07740631753911538,1
box_sphere_strong_noise_medium_3,strong_noise,2950,1238,0.14153121806554458,0.1413805792269963,0.9516808922927764,68.81014562523929,-0.33213345821145185,0,0.08592457441918624,0
box_sphere_strong_noise_medium_3,strong_noise,2952,1453,0.08501234329224018,0.07992298444644275,0.9868593249352708,149.32204876516917,0.18005123564053357,0,0.07896849246916193,1
box_sphere_strong_noise_medium_3,strong_noise,2954,2098,0.0827085149525235,0.06435200416504075,0.9934740397401607,96.92446798802257,-0.14107842282152755,0,0.15976599746704873,0
box_sphere_strong_noise_medium_3,strong_noise,2959,2176,0.05837114049953571,0.05011976859617433,0.9055802960864884,62.51913927364879,-0.18400351225807823,0,0.16891829172251396,0
box_sphere_strong_noise_medium_3,strong_noise,2962,1002,0.06492992462187898,0.06158598094154461,0.9940653853316711,105.31718996329883,0.3342017408648154,0,0.06805546249008557,1
box_sphere_strong_noise_medium_3,strong_noise,2963,2768,0.027816909218310894,0.006588220360823747,0.9749297633217758,148.74014549902927,0.0816112533444393,1,0.10495511650151049,0
box_sphere_strong_noise_medium_3,strong_noise,2965,2250,0.050537963308159545,0.04644444036120074,0.9936608177115108,208.87117943978637,-0.1185596143233401,1,0.031239146014439036,1
box_sphere_strong_noise_medium_3,strong_noise,2967,1485,0.03730586255323278,0.016486227721537353,0.9167688420053922,44.706310411683226,-0.1185596143233401,0,0.11146382076411182,0
box_sphere_strong_noise_medium_3,strong_noise,2969,1543,0.04242796745307865,0.0377918576517814,0.7292061873345084,102.26710905612504,-0.150190108839097,1,0.11361670320577809,0
box_sphere_strong_noise_medium_3,strong_noise,2973,1854,0.04068951203888984,0.03243666817881224,0.9714999593168387,76.24139011126819,0.4964364950098579,1,0.0821387145363105,0
box_sphere_strong_noise_medium_3,strong_noise,2977,2691,0.12693558240056269,0.12389376977384266,0.9881700186380988,42.23821354341361,-0.57763388391459,0,0.11497636939655889,0
box_sphere_strong_noise_medium_3,strong_noise,2978,3046,0.05703297636490364,0.04728576496949467,0.5944634693593837,60.49719677426348,0.7322864170024346,0,0.1600498368890691,0
box_sphere_strong_noise_medium_3,strong_noise,2989,3171,0.060790828427247805,0.05695049796238473,0.9746074290332364,106.59756854765831,-0.0808193262264909,0,0.10624983597811341,0
box_sphere_strong_noise_medium_3,strong_noise,2994,2790,0.0610893422380865,0.035352809813261436,0.9977429362311366,172.0366578157931,-0.11332856530713019,0,0.08816927292075252,0
box_sphere_strong_noise_medium_3,strong_noise,2999,512,0.07910195661522064,0.07626144955452033,0.9791832041599237,75.1447810846311,0.25131420605888144,0,0.06759769086929429,1
box_sphere_strong_noise_medium_3,strong_noise,3004,546,0.09036264095320891,0.08281283548561437,0.9604537600104414,176.5417751773386,0.16430289977626486,0,0.11273931769401993,0
box_sphere_strong_noise_medium_3,strong_noise,3006,730,0.030337885675612394,0.027267323171687084,0.7996926619500815,90.18518232167915,-0.018018491216975387,1,0.08409111113002457,0
box_sphere_strong_noise_medium_3,strong_noise,3008,2638,0.027183445023755384,0.01584139027424471,0.7408208777154057,102.45756002352647,0.0712125778187959,1,0.12307472332656264,0
box_sphere_strong_noise_medium_3,strong_noise,3010,1930,0.059095921298674366,0.05706633369029441,0.9974047470928734,214.31489191760497,0.10178259753584092,1,0.05376583375643175,1
box_sphere_strong_noise_medium_3,strong_noise,3015,194,0.05193625791307925,0.036094897716235086,0.9951551220949941,195.84609036844395,0.08907954853202434,0,0.08357604872764421,0
box_sphere_strong_noise_medium_3,strong_noise,3021,907,0.09399856733756061,0.08117958357206147,0.9809495190265524,111.74421661484214,0.05894247267055436,0,0.10725702079337239,0
box_sphere_strong_noise_medium_3,strong_noise,3035,1289,0.0877179496711439,0.08084749439158996,0.9285613907057911,159.27330866365048,-0.11332856530713019,0,0.11081737115173924,0
box_sphere_strong_noise_medium_3,strong_noise,3036,371,0.037476604234164955,0.03200166846867909,0.988701145522956,166.8412634517296,-0.09455846779261635,1,0.08467628691488333,0
box_sphere_strong_noise_medium_3,strong_noise,3038,2346,0.07324907793563512,0.058549531384922845,0.9979503395355831,203.74462430888553,0.3466241784561392,0,0.1164690785152322,0
box_sphere_strong_noise_medium_3,strong_noise,3045,337,0.048330752903020475,0.04701022390382093,0.9291393015606637,80.53735339244841,-0.1185596143233401,1,0.052891165386308094,1
box_sphere_strong_noise_medium_3,strong_noise,3046,2163,0.04052286531920879,0.03869584183066366,0.9943983482112457,202.39397352901972,-0.10139999705056109,1,0.09323153868534992,0
box_sphere_strong_noise_medium_3,strong_noise,3048,2828,0.054647306238378546,0.039387879211669,0.9949500496176467,242.32617255185082,0.14970411887791468,0,0.04324718949867249,1
box_sphere_strong_noise_medium_3,strong_noise,3049,2918,0.03426767107577183,0.02352255464029558,0.994684897155369,40.90228729998873,0.24838591383314979,1,0.050697068616349324,1
box_sphere_strong_noise_medium_3,strong_noise,3052,1627,0.04232004544173748,0.04123520410322558,0.9773724644999148,54.22164291060078,-0.2411618425313652,1,0.08312764715365119,0
box_sphere_strong_noise_medium_3,strong_noise,3055,2181,0.05710619244804467,0.05265159400822757,0.9859959154677355,100.31932844071841,0.27763152326511104,0,0.07704559697940033,1
box_sphere_strong_noise_medium_3,strong_noise,3056,2762,0.04488065476293798,0.00032561823785883534,0.7675322514167164,93.18059941025254,0.15087990771599316,0,0.07309510325311423,1
box_sphere_strong_noise_medium_3,strong_noise,3058,892,0.044375824677953236,0.036655167236980805,0.9755301607865443,45.34511270108452,-0.16884129407453194,1,0.12387945116034023,0
box_sphere_strong_noise_medium_3,strong_noise,3060,1128,0.05330491641729334,0.03771472306435934,0.8518981627528701,77.54919179136036,0.22884139242898963,0,0.10422497853595601,0
box_sphere_strong_noise_medium_3,strong_noise,3066,1214,0.13503233143750357,0.13268683119793356,0.9856556362084216,195.9448010527636,-0.42348313027806894,0,0.1092696031315506,0
box_sphere_strong_noise_medium_3,strong_noise,3070,624,0.0578484455532295,0.04716254221350581,0.9003370228566305,86.49713294415903,0.04651996801589379,1,0.07759570091269584,1
box_sphere_strong_noise_medium_3,strong_noise,3074,2470,0.09315741193733103,0.09311466818336535,0.9973919356637261,212.74583951292328,0.04651997396826353,0,0.09485915935042734,0
box_sphere_strong_noise_medium_3,strong_noise,3076,1283,0.055978392944631056,0.04108071732589046,0.9744215202465412,50.40260759651525,-0.19115151741803565,0,0.1500572668352319,0
box_sphere_strong_noise_medium_3,strong_noise,3077,1122,0.03853429669583273,0.03728179497425268,0.9995619572160453,189.53287278186698,0.07249542106658409,1,0.08813751695007496,0
box_sphere_strong_noise_medium_3,strong_noise,3081,502,0.06194239992632929,0.049370626947882225,0.9984772589515628,99.57118006571926,-0.08701126587866065,1,0.07961983472248965,1
box_sphere_strong_noise_medium_3,strong_noise,3082,1386,0.08522776336666192,0.08396350284320331,0.9908949347411432,128.05112449316738,0.1466033162973087,0,0.09666008946897875,0
box_sphere_strong_noise_medium_3,strong_noise,3083,1429,0.06713156340760065,0.06478263280258144,0.996522174177325,117.42463559717562,0.1304013651329752,0,0.08056732436446781,0
box_sphere_strong_noise_medium_3,strong_noise,3085,1696,0.04902498431741667,0.0348055374571803,0.6459725557506251,40.08928874348908,0.11165922840883645,1,0.12462921271122264,0
box_sphere_strong_noise_medium_3,strong_noise,3088,1037,0.06142350701222623,0.05414356381623962,0.9900962356400737,96.29195838821046,0.05894247267055436,1,0.05989241088857707,1
box_sphere_strong_noise_medium_3,strong_noise,3089,523,0.08600060098080195,0.08425630145171471,0.9932456770831251,125.6782190578707,-0.10139999705056109,1,0.090252943900648,0
box_sphere_strong_noise_medium_3,strong_noise,3090,153,0.08114363992556514,0.07452329341258794,0.9754616636795125,55.88365779821403,-0.2819837646707699,0,0.09243415244802883,0
box_sphere_strong_noise_medium_3,strong_noise,3091,1262,0.03249937421726904,0.03026140346181047,0.8801575829591883,68.40956752124352,-0.047006004560835014,0,0.09650917516039746,0
box_sphere_strong_noise_medium_3,strong_noise,3099,3365,0.026737901028823497,0.02091537903883502,0.9401090598134307,52.501180234863966,-0.20033985896350648,1,0.14327358783498523,0
box_sphere_strong_noise_medium_3,strong_noise,3100,93,0.07759865946640974,0.07567755667404095,0.9938345937360628,209.1829674069575,0.2051247908118496,0,0.04604587554863494,1
box_sphere_strong_noise_medium_3,strong_noise,3101,1237,0.1176294794955247,0.11689047235752349,0.9938909486316466,39.08586497182887,-0.5465432853157707,0,0.08421301697856311,0
box_sphere_strong_noise_medium_3,strong_noise,3113,2800,0.06763263604097335,0.05744779386024505,0.7076171056205118,76.89435155033641,-0.150190108839097,0,0.11877991007673455,0
box_sphere_strong_noise_medium_3,strong_noise,3114,2122,0.06240365917205377,0.04843513888509593,0.9550865803742106,104.77885433164724,-0.42348313027806894,0,0.06925907196952721,1
box_sphere_strong_noise_medium_3,strong_noise,3115,3190,0.06742745876488328,0.06243364685794148,0.9897858502936305,189.38550719315126,0.1036783020240179,1,0.08036315688575486,0
box_sphere_strong_noise_medium_3,strong_noise,3116,3112,0.0825983173934081,0.08126926511634512,0.9894884714624163,115.51078810454119,0.26966327806052487,0,0.08776697931192766,0
box_sphere_strong_noise_medium_3,strong_noise,3118,677,0.05489358551136341,0.04861839280613015,0.9847291347488424,143.61566534601775,0.11985118068364937,0,0.08277265375650182,0
box_sphere_strong_noise_medium_3,strong_noise,3121,2128,0.048553434470832435,0.0018003141660694589,0.8492719016977107,39.38873285642675,0.11985118068364937,0,0.08972113066748504,0
box_sphere_strong_noise_medium_3,strong_noise,3128,506,0.03940643769108767,0.021342287857847177,0.9007692859711525,39.183701575811796,0.09531007980442975,1,0.10624696114851867,0
box_sphere_strong_noise_medium_3,strong_noise,3130,2572,0.059381989117427855,0.05660888848677469,0.9950238181518242,202.84733210857823,0.0816112533444393,1,0.0930451804993097,0
box_sphere_strong_noise_medium_3,strong_noise,3133,2859,0.09512469789981765,0.0853787954758124,0.9995074243034832,196.83710767759854,-0.05010676055768202,0,0.057436056593518386,1
box_sphere_strong_noise_medium_3,strong_noise,3136,225,0.09843566771414239,0.08297343428076534,0.5719267516877244,100.51890748474848,-0.24116170387623062,0,0.12000559704257921,0
box_sphere_strong_noise_medium_3,strong_noise,3139,226,0.08715581525254326,0.08697159002370655,0.9969979727286404,238.28291715101506,0.1155127728362431,0,0.07962639551965264,1
box_sphere_strong_noise_medium_3,strong_noise,3140,968,0.053168047763927306,0.03980841102303464,0.9750331553343725,204.06632822044799,0.13353126762463974,1,0.09157804638327151,0
box_sphere_strong_noise_medium_3,strong_noise,3141,2341,0.034025598690527036,0.026355785156913232,0.9958481965582534,201.52532763076672,0.23576175856872114,1,0.07503435423549412,1
box_sphere_strong_noise_medium_3,strong_noise,3145,2667,0.01353161331707013,0.0012835627012170777,0.8580758701614256,91.28573063580437,-0.41551499062883424,1,0.14271534518727,0
box_sphere_strong_noise_medium_3,strong_noise,3146,2863,0.06247974360610416,0.051495419500189356,0.995690133259164,220.6267892401183,0.10714454431415384,1,0.055158697526777364,1
box_sphere_strong_noise_medium_3,strong_noise,3147,1673,0.039275698559285616,0.015234377998274474,0.9747582792517616,138.6513301130408,0.19415583797053004,0,0.12242581621556761,0
box_sphere_strong_noise_medium_3,strong_noise,3149,1334,0.11017507504717101,0.09799023999436057,0.9584958453543654,68.76330552013141,-0.24116179594760623,0,0.0783158320624752,1
box_sphere_strong_noise_medium_3,strong_noise,3150,532,0.05515918347332515,0.048861948553999245,0.9847104570064948,99.2451577614393,0.16430289977626486,0,0.10055883314941966,0
box_sphere_strong_noise_medium_3,strong_noise,3158,3404,0.03336452081574435,0.016566803691214042,0.9961819820773103,189.559765281494,0.09531004647117819,0,0.10812963012058906,0
box_sphere_strong_noise_medium_3,strong_noise,3159,878,0.07121043522317869,0.05837285823128657,0.9995979097762422,209.09452698587978,-0.009360433764069953,1,0.1196936909904926,0
box_sphere_strong_noise_medium_3,strong_noise,3160,1520,0.032609429098948046,0.030289489550452405,0.5855179254445549,76.6254794845349,-0.058840446689648565,1,0.09794071192054267,0
box_sphere_strong_noise_medium_3,strong_noise,3165,1588,0.11014620597352705,0.07410281151437326,0.14644745820309849,112.69440795751302,-1.6762420297403895,0,0.11014202334507808,0
box_sphere_strong_noise_medium_3,strong_noise,3166,3147,0.07219595903907214,0.0488134040441877,0.9554873113806848,100.03336767183181,-0.08701126587866065,0,0.060738478044404354,1
box_sphere_strong_noise_medium_3,strong_noise,3168,260,0.07402854928127778,0.07287853556333651,0.9916752792346658,46.99711890494353,-0.16111918888710094,1,0.07366241719617132,1
box_sphere_strong_noise_medium_3,strong_noise,3172,1926,0.051235120039171925,0.050041667282683014,0.9284555095910747,84.36863543724073,-0.10301162992515521,0,0.1010637185078528,0
box_sphere_strong_noise_medium_3,strong_noise,3176,1921,0.07017129842669326,0.06644068616410409,0.9906409199304602,111.00627707659265,0.03327475099017847,0,0.060545898199117716,1
box_sphere_strong_noise_medium_3,strong_noise,3183,3306,0.05199654501834066,0.047300084562682684,0.10612643180082021,71.53778832631977,0.4031946119548812,0,0.11559843416214449,0
box_sphere_strong_noise_medium_3,strong_noise,3187,2643,0.05090978660885877,0.04445223818947416,0.9966212101494389,221.83031315989513,0.03509128532854546,0,0.1010133211376747,0
box_sphere_strong_noise_medium_3,strong_noise,3188,1110,0.021461528869100695,0.02070675932738074,0.9897470449022563,98.2059281938155,0.08907954853202434,1,0.07845517500216394,1
box_sphere_strong_noise_medium_3,strong_noise,3199,1738,0.045040956314130555,0.023972707872682908,0.9187070244036952,160.30110483180647,0.19709267734027064,0,0.11863571873797346,0
box_sphere_strong_noise_medium_3,strong_noise,3200,16,0.05685178294826575,0.04932137783729213,0.9835201067153684,119.34186388361405,-0.06680859729123638,0,0.09902441743625762,0
box_sphere_strong_noise_medium_3,strong_noise,3202,2877,0.05662362939179351,0.05320722421030077,0.877005921678316,111.06626711725104,0.34662435030764666,0,0.09702122967382086,0
box_sphere_strong_noise_medium_3,strong_noise,3203,1387,0.025287273765678842,0.014766202820346587,0.9407851211476674,67.81572846460342,-0.3589447406217682,1,0.062099808577972274,1
box_sphere_strong_noise_medium_3,strong_noise,3204,2338,0.027848023186411937,0.023020302192111427,0.9702018723819453,106.06277588898593,-0.16420085864387324,0,0.09823168340217021,0
box_sphere_strong_noise_medium_3,strong_noise,3205,2175,0.047790500655548365,0.04180845576375488,0.9765514421281084,181.15203594048387,0.010152360882018535,1,0.10309049289948774,0
box_sphere_strong_noise_medium_3,strong_noise,3207,1924,0.055107604009713276,0.022916135350979142,0.8500744371042315,199.404591869945,0.18169460162585432,0,0.15407627994485726,0
box_sphere_strong_noise_medium_3,strong_noise,3217,2373,0.009028256440846805,0.0007497863927429924,0.9966488909103804,84.61214411471619,0.1837209199540654,1,0.12480703849730022,0
box_sphere_strong_noise_medium_3,strong_noise,3218,1745,0.01688898010528726,0.006204823264396964,0.9398650178413668,65.60587623766733,-0.3625226391669878,1,0.10177457389885501,0
box_sphere_strong_noise_medium_3,strong_noise,3222,2038,0.047817564015372384,0.026277633759886787,0.9914806091821975,147.04589807512724,0.1155127728362431,0,0.09450245863581618,0
box_sphere_strong_noise_medium_3,strong_noise,3224,1524,0.054577646846010644,0.049140466740914525,0.9726121716793961,130.56785414059536,-0.4547356699359908,1,0.08766089645770789,0
box_sphere_strong_noise_medium_3,strong_noise,3230,835,0.02271869935903944,0.009372173633020186,0.27436301988815975,107.41775369936269,0.12656265065889832,1,0.14707438203596052,0
box_sphere_strong_noise_medium_3,strong_noise,3231,1217,0.04956438968452646,0.045698573012399143,0.16182845164078097,67.39745228462942,-0.3126207423829355,0,0.12819771217091314,0
box_sphere_strong_noise_medium_3,strong_noise,3232,1481,0.09733131914990523,0.09667558243800237,0.9577799245483896,220.67005633169612,0.04651996801589379,0,0.06304518726225566,1
box_sphere_strong_noise_medium_3,strong_noise,3237,721,0.029527686845152785,0.01024127837815922,0.9900438240247112,36.163301241066996,-0.15221448668366455,0,0.1001076735705895,0
box_sphere_strong_noise_medium_3,strong_noise,3239,1693,0.014248785174683606,0.0003433340413850931,0.6079983573377006,51.539369285484455,0.03646964826626717,1,0.0869876151943342,0
box_sphere_strong_noise_medium_3,strong_noise,3240,1128,0.04406798768534187,0.024825506195011632,0.9697103034902812,69.89568301226187,0.06632258646053232,1,0.1119407033302074,0
box_sphere_strong_noise_medium_3,strong_noise,3242,151,0.1094261916378113,0.10454441115806226,0.795376293465603,59.86504913044393,-0.33425228584507344,0,0.06393345902276704,1
box_sphere_strong_noise_medium_3,strong_noise,3243,640,0.055350825463540435,0.022060109506841678,0.9861463049002195,253.8214162574261,0.4180830709185602,0,0.1309114819048715,0
box_sphere_strong_noise_medium_3,strong_noise,3261,787,0.04902183133042614,0.03102735319307469,0.9575096395328639,252.43041208726962,-0.11332856530713019,0,0.05652377085059874,1
box_sphere_strong_noise_medium_3,strong_noise,3262,2675,0.059190114426710315,0.05514501649017188,0.981452422481369,127.69231499998484,-0.47477635098151477,1,0.1182118949816063,0
box_sphere_strong_noise_medium_3,strong_noise,3263,1981,0.11841363054989562,0.047573047739471595,0.749100635051212,93.28481589018185,0.14183000150008945,0,0.05266166110429683,1
box_sphere_strong_noise_medium_3,strong_noise,3264,1352,0.1270215402152558,0.12386007002883856,0.9661305577361126,126.85508841319114,-0.03352266319251461,0,0.08097539933600076,0
box_sphere_strong_noise_medium_3,strong_noise,3268,3390,0.04190585942618141,0.02596133131403532,0.9954938932359592,213.35849933998705,-0.19464181607403128,1,0.10285866075261094,0
box_sphere_strong_noise_medium_3,strong_noise,3270,3187,0.11859803037238113,0.11762755070413253,0.993637497263273,174.0095956807869,0.0816112533444393,0,0.07714697320516328,1
box_sphere_strong_noise_medium_3,strong_noise,3276,903,0.042572156828018806,0.03528237603475524,0.9947571062200147,126.72831829398778,-0.009360433764069953,0,0.04809505829260556,1
box_sphere_strong_noise_medium_3,strong_noise,3279,2878,0.04798080942162929,0.041359006460804794,0.986616953435785,71.53387187726373,-0.10763054514487824,1,0.1390793145670917,0
box_sphere_strong_noise_medium_3,strong_noise,3281,1861,0.03473155288931976,0.0246485150916969,0.5809993698376281,76.04639366738975,-0.012903397509904706,1,0.1304576085956125,0
box_sphere_strong_noise_medium_3,strong_noise,3289,2009,0.054389428810952004,0.04423916394401399,0.9825510525736629,130.35229375598684,0.3122229248463719,0,0.11539930196387926,0
box_sphere_strong_noise_medium_3,strong_noise,3292,1822,0.022795569110550657,0.009523258993222226,0.9701883613695195,226.10105241165792,-0.24116170387623062,1,0.09667266483257621,0
box_sphere_strong_noise_medium_3,strong_noise,3294,1816,0.10106739552250292,0.09360794269163897,0.9916130387781948,160.06064508130072,0.05894247267055436,0,0.08386051887628725,0
box_sphere_strong_noise_medium_3,strong_noise,3297,1154,0.03284752386425477,0.030344594271552085,0.9412945576558771,91.15534140498619,0.15087990771599316,1,0.08020047324831356,0
box_sphere_strong_noise_medium_3,strong_noise,3298,2970,0.028387604104493397,0.005894690872516618,0.9915903691132182,242.35177959129987,0.16430288462477893,1,0.10860312162081594,0
box_sphere_strong_noise_medium_3,strong_noise,3300,611,0.02307756905026096,0.01793897358840567,0.8829822358443896,34.7251295582556,-0.0180184943915741,0,0.13300938074161656,0
box_sphere_strong_noise_medium_3,strong_noise,3302,1252,0.10931519347140427,0.0861302342518503,0.9018891669138576,99.26055669555673,-0.27890212269172077,0,0.09880182587529887,0
box_sphere_strong_noise_medium_3,strong_noise,3305,2598,0.03724496529856939,0.03171855788142074,0.3640091928035142,98.58776586685615,0.1527421214323773,0,0.12492159637903973,0
box_sphere_strong_noise_medium_3,strong_noise,3307,219,0.06011518589679282,0.05725010901967241,0.852674774621333,43.182308668634576,-0.001932366600968324,0,0.12062544667833874,0
box_sphere_strong_noise_medium_3,strong_noise,3309,3011,0.02455815178549835,0.000755908583941361,0.7059561355683737,66.17231425159014,-0.5860018127173968,1,0.12930986612650147,0
box_sphere_strong_noise_medium_3,strong_noise,3310,1280,0.05194150252316663,0.004159539589433081,0.9609299670010342,42.69384421199699,-0.1515497856272847,0,0.15437515513507608,0
box_sphere_strong_noise_medium_3,strong_noise,3313,2385,0.06761778315443749,0.03852420895809667,0.9966017872379053,229.32027341113954,-0.2899518686057989,0,0.1457737871622379,0
box_sphere_strong_noise_medium_3,strong_noise,3315,2068,0.06197957661465564,0.0498329062580912,0.998986022694917,201.42629765468877,0.22884134742906945,0,0.06217015408382693,1
box_sphere_strong_noise_medium_3,strong_noise,3317,1707,0.021439127582972083,0.01827246135118187,0.996931486962399,75.27180951484118,0.010152360882018535,1,0.08160352700954802,0
box_sphere_strong_noise_medium_3,strong_noise,3322,226,0.06866898011955572,0.061073878927338295,0.9991283076380635,226.57878778152872,0.010152360882018535,0,0.05790443698512925,1
box_sphere_strong_noise_medium_3,strong_noise,3327,32,0.04654874384964849,0.03841771144021335,0.564196435323753,51.39183280866579,-0.0275879272148308,0,0.10937722719087617,0
box_sphere_strong_noise_medium_3,strong_noise,3328,1207,0.10530034622143591,0.10436709282370119,0.8991582330925963,52.729098818809156,0.49454436497373466,0,0.05884957018166659,1
box_sphere_strong_noise_medium_3,strong_noise,3331,511,0.020430356938658845,0.018289807557380505,0.957775835146236,54.338588135872776,0.11884059504403345,1,0.13372570615238435,0
box_sphere_strong_noise_medium_3,strong_noise,3335,1693,0.059085129751122976,0.05496215222899074,0.6967162420151499,69.85147690906805,-0.09274196618145227,0,0.10249133720881859,0
box_sphere_strong_noise_medium_3,strong_noise,3336,1804,0.09218911732621364,0.08746805975711984,0.9823973488894311,190.423309056521,-0.16420085864387324,0,0.10284600946923383,0
box_sphere_strong_noise_medium_3,strong_noise,3337,232,0.03339540308208485,0.0323023442248081,0.9909939625320605,245.03134661426046,-0.6931461805614453,1,0.12961616681008506,0
box_sphere_strong_noise_medium_3,strong_noise,3340,1709,0.06633502487920254,0.06605747264343372,0.0646990124874007,150.73826002470528,0.15087990771599316,0,0.15943800787407134,0
box_sphere_strong_noise_medium_3,strong_noise,3343,2617,0.06789544385332343,0.06747033499474976,0.8957086671959511,80.90455973694043,-0.026050653974156845,0,0.1242367064240879,0
box_sphere_strong_noise_medium_3,strong_noise,3347,3148,0.0487496017723984,0.04541401781314543,0.9867612072004565,98.58478111809504,0.05733087844322537,0,0.0896390858613074,0
box_sphere_strong_noise_medium_3,strong_noise,3349,2012,0.060948284478555693,0.05982851744785181,0.9494288521980822,88.39909835514558,0.2869051348107872,0,0.02655962128425055,1
box_sphere_strong_noise_medium_3,strong_noise,3352,1377,0.05620364264422145,0.04019238135960167,0.16624199665571326,87.337266132476,0.04651998230158348,0,0.08542750273544587,0
box_sphere_strong_noise_medium_3,strong_noise,3355,1415,0.06293793575485752,0.05811536960488255,0.9369645066544687,78.67652893118482,-0.12783325150999786,0,0.063516309273127,1
box_sphere_strong_noise_medium_3,strong_noise,3356,416,0.06173661048021952,0.04549584042297915,0.9895411355900763,107.01606816151163,0.11023570916343348,1,0.10261905850539414,0
box_sphere_strong_noise_medium_3,strong_noise,3357,110,0.029915816244230006,0.021079353475661672,0.9986909548649073,71.38232414992626,-0.2924549775207088,1,0.10640066777932794,0
box_sphere_strong_noise_medium_3,strong_noise,3361,2214,0.061026028085013936,0.04729627179866511,0.9260835036544347,57.30426598378484,-0.12675161554911793,0,0.16412639272330565,0
box_sphere_strong_noise_medium_3,strong_noise,3368,2505,0.05913988067044162,0.058988358116754604,0.9590400788678878,87.27514396276528,-0.08701129365637626,0,0.11058506307640677,0
box_sphere_strong_noise_medium_3,strong_noise,3370,1176,0.04558623075311556,0.0033130259926292833,0.9910465994897851,203.26043011802145,-0.0075471968634633286,1,0.12624585036663305,0
box_sphere_strong_noise_medium_3,strong_noise,3375,3253,0.021504022611804157,0.021194922175465966,0.9913902155398913,234.3842737979502,0.14830256555173468,1,0.0773836042445831,1
box_sphere_strong_noise_medium_3,strong_noise,3379,1590,0.03579778868262559,0.030157698345501333,0.41560092332371623,69.56573819647436,-0.07608226186437758,0,0.13245200586694136,0
box_sphere_strong_noise_medium_3,strong_noise,3380,2948,0.04113971526977447,0.03749036544375108,0.7130101144429088,73.17772268579861,-0.08293799724662897,0,0.12782767770801398,0
box_sphere_strong_noise_medium_3,strong_noise,3383,2177,0.018127512569144882,0.01628977660139768,0.7554811351061607,59.80100122347053,-0.26647969685256645,0,0.12610921944517672,0
box_sphere_strong_noise_medium_3,strong_noise,3385,1136,0.03876722591876158,0.013287574123139634,0.9435922983901752,110.30075253303772,0.1643028661063003,1,0.09869613945459121,0
box_sphere_strong_noise_medium_3,strong_noise,3390,1067,0.07804980795056701,0.07350561754246193,0.8515036382797639,132.106701928839,-0.16111918888710094,0,0.07349859305928004,1
box_sphere_strong_noise_medium_3,strong_noise,3392,1321,0.08928548625622122,0.0875647857445984,0.9928747331658055,217.986910096704,0.18005123564053357,0,0.07915202771706285,1
box_sphere_strong_noise_medium_3,strong_noise,3396,557,0.03385880040170175,0.007176938858429615,0.9043113655519661,113.99690103783114,-0.464305174798176,0,0.1409188226259506,0
box_sphere_strong_noise_medium_3,strong_noise,3398,1752,0.1030048813087087,0.10179153530133868,0.9960414818696405,115.85313209106067,-0.19860223225338763,0,0.1018533187961512,0
box_sphere_strong_noise_medium_3,strong_noise,3403,3094,0.038993858567210424,0.008894103501358464,0.8161335727874169,53.03289800293799,0.1765730119952038,1,0.1062741079122612,0
box_sphere_strong_noise_medium_3,strong_noise,3404,257,0.08080668382514541,0.0761745470531329,0.9944139342710101,99.95409329980012,0.0039603963851848525,0,0.12410828257266611,0
box_sphere_strong_noise_medium_3,strong_noise,3406,662,0.12042177120989027,0.10366917483991953,0.9929279168635105,230.10201433851702,-0.20033985896350648,0,0.04344317758587881,1
box_sphere_strong_noise_medium_3,strong_noise,3407,3367,0.0736806413765835,0.06337840381102505,0.9830322416920679,226.9862201681882,0.03327475099017847,0,0.10236996340875748,0
box_sphere_strong_noise_medium_3,strong_noise,3409,3310,0.05693654239118249,0.03801448382248509,0.9879147926764967,41.69724873160571,-0.2411618068171484,1,0.04900929221357646,1
box_sphere_strong_noise_medium_3,strong_noise,3412,926,0.0430864002572612,0.02938760728866447,0.8622635228184377,58.09556279958398,0.13613205765801345,0,0.05736529748217292,1
box_sphere_strong_noise_medium_3,strong_noise,3413,2935,0.08831423851023003,0.08539779019459566,0.8000305304299016,87.56200779626172,-0.1967100768549908,0,0.10952320266149299,0
box_sphere_strong_noise_medium_3,strong_noise,3415,2002,0.0661348866341396,0.05844958857674452,0.985768327461439,146.78289401139287,-0.18986852032438398,0,0.10880610601041202,0
box_sphere_strong_noise_medium_3,strong_noise,3418,3262,0.0541694222940494,0.03816227782523068,0.9811599246798702,132.84986128453093,-0.4322167764177541,0,0.1155524701616768,0
box_sphere_strong_noise_medium_3,strong_noise,3425,2246,0.05573811064293631,0.05160214176862978,0.9952636305568243,227.9760384258932,-0.12993624214034866,0,0.08636501960819035,0
box_sphere_strong_noise_medium_3,strong_noise,3427,1153,0.1000266308412337,0.09939685373825806,0.9949227131132198,231.26431342720764,-0.19464181607403128,0,0.09478635910286203,0
box_sphere_strong_noise_medium_3,strong_noise,3428,768,0.03631179089114289,0.03424927302481508,0.9916700036937931,47.76572081713844,-0.18851819997742375,0,0.12433038135180267,0
box_sphere_strong_noise_medium_3,strong_noise,3431,907,0.041605005835603594,0.035326859517340214,0.9887981582434548,115.3069248195003,0.19709267734027064,1,0.09603465878849061,0
box_sphere_strong_noise_medium_3,strong_noise,3436,803,0.0413314833622433,0.035376164408145026,0.5363899832588153,66.93962182315992,0.34278561161905696,0,0.16155945250387813,0
box_sphere_strong_noise_medium_3,strong_noise,3439,1136,0.04663873184375722,0.04524692755479798,0.9499617750444189,120.665265095229,0.08734190793304553,0,0.09009722640940752,0
box_sphere_strong_noise_medium_3,strong_noise,3442,465,0.09736578024091794,0.09619647816581577,0.9647123748095082,83.81034967849892,0.206862486966266,0,0.06735880705511534,1
box_sphere_strong_noise_medium_3,strong_noise,3444,2,0.058398864891275826,0.03129290795043411,0.9433479543310774,72.32924750229567,-0.06680859729123638,1,0.09001269545871635,0
box_sphere_strong_noise_medium_3,strong_noise,3445,391,0.10252484696863932,0.09791833216726814,0.9979071565241918,151.37294014598066,-0.10139999705056109,0,0.025924929522878316,1
box_sphere_strong_noise_medium_3,strong_noise,3446,944,0.06834906252958911,0.05776396985957001,0.9986224197744328,198.8678433828381,0.09531007980442975,0,0.1365995310219457,0
box_sphere_strong_noise_medium_3,strong_noise,3455,2911,0.04776400499674529,0.047059124474069264,0.9834025731990358,81.05985175114544,0.04651997396826353,1,0.07783825034746647,1
box_sphere_strong_noise_medium_3,strong_noise,3459,518,0.042101826145050966,0.027718186094227982,0.9867725034662982,98.04663490372101,0.14830256555173468,1,0.04962786017123869,1
box_sphere_strong_noise_medium_3,strong_noise,3460,766,0.04047354856068012,0.024426215759959215,0.9916035459007934,183.0384009247722,-0.1185596143233401,1,0.09565035890964266,0
box_sphere_strong_noise_medium_3,strong_noise,3461,1243,0.06346925659659368,0.052312476548041484,0.9822133210479513,189.45860863124625,-0.0075471968634633286,0,0.07902840853526467,1
box_sphere_strong_noise_medium_3,strong_noise,3463,3088,0.04445789184101193,0.039877106727100146,0.979733331070829,84.75612477662698,0.23576175856872114,0,0.07470351467095837,1
box_sphere_strong_noise_medium_3,strong_noise,3464,2001,0.10069152371263922,0.09938793760473887,0.9941103233349758,70.32753250464174,-0.19464181607403128,0,0.06211250993138818,1
box_sphere_strong_noise_medium_3,strong_noise,3466,3161,0.0625671270506125,0.061978650164109514,0.9060878784726554,97.29091392480977,-0.08701129365637626,0,0.09598582310644295,0
box_sphere_strong_noise_medium_3,strong_noise,3471,93,0.034518467921988025,0.01895367629752892,0.9914173398855529,219.9734570420119,-0.06931170120615888,1,0.06536157302033789,1
box_sphere_strong_noise_medium_3,strong_noise,3474,742,0.018707818443478186,0.006762079291131134,0.9803158370717816,205.9854561173881,-0.0808193262264909,1,0.09346751650699524,0
box_sphere_strong_noise_medium_3,strong_noise,3475,1628,0.06366159986578597,0.05894554381287837,0.9595482819441685,37.63388250723579,-0.17216903771101594,0,0.05553468252771026,1
box_sphere_strong_noise_medium_3,strong_noise,3478,3338,0.04832814398707968,0.047582874634585014,0.9936176751336915,177.93030293678166,0.016667031094864893,0,0.05860066584238808,1
box_sphere_strong_noise_medium_3,strong_noise,3479,13,0.09092960412773803,0.07949298209134342,0.9583355055011179,135.84841602553715,-0.1541505131607721,0,0.1032546035649424,0
box_sphere_strong_noise_medium_3,strong_noise,3482,3235,0.11528998737747656,0.11048214997125844,0.1998388423440375,212.8969148607626,0.1036783020240179,0,0.1940249177586073,0
box_sphere_strong_noise_medium_3,strong_noise,3483,1299,0.050710513213976696,0.0433248327859058,0.1150570062169633,44.97874568118705,0.2443456099264425,0,0.12116835167798481,0
box_sphere_strong_noise_medium_3,strong_noise,3493,1777,0.030051985896966768,0.022406947192625436,0.9998882117388369,204.31129536722426,-0.14107842282152755,1,0.07681934806061302,1
box_sphere_strong_noise_medium_3,strong_noise,3499,2458,0.09643024436101248,0.07063025267343144,0.770272970101611,48.84617010182754,0.22018335976079792,0,0.0958731705390124,0
box_sphere_strong_noise_medium_3,strong_noise,3500,1723,0.05586538129956521,0.04631205700482864,0.14379224608720861,102.5074912329581,0.2183700927371395,0,0.1038723706486877,0
box_sphere_strong_noise_medium_3,strong_noise,3504,2295,0.036970960964324624,0.03159015107309888,0.9959861439416986,271.915449633313,-0.42348313027806894,0,0.10527353984961603,0
box_sphere_strong_noise_medium_3,strong_noise,3513,1752,0.04242662523822343,0.038494361969928656,0.9816424255446387,119.02577031491701,-0.009360433764069953,0,0.07410591570162986,1
box_sphere_strong_noise_medium_3,strong_noise,3514,2003,0.07432655741386686,0.07309789547376043,0.9935285031519758,121.02316054956225,0.1155127728362431,0,0.09335953923458337,0
box_sphere_strong_noise_medium_3,strong_noise,3515,315,0.08551793697833304,0.08514618830640071,0.9875211243814132,165.91163972284102,0.021202184573704982,0,0.0542853424883748,1
box_sphere_strong_noise_medium_3,strong_noise,3517,312,0.09639702645115367,0.09513946375432526,0.9905039648888669,70.83208472311847,-0.2819837646707699,0,0.0920989857063427,0
box_sphere_strong_noise_medium_3,strong_noise,3518,2301,0.02260694890967616,0.021016765073385315,0.9495794391491917,251.59413919698585,-0.2411617840899251,1,0.07452749922300987,1
box_sphere_strong_noise_medium_3,strong_noise,3519,2102,0.07594591784880189,0.06949207277001002,0.9951237436884679,232.77388449510656,0.2006704732401757,0,0.09487216746704663,0
box_sphere_strong_noise_medium_3,strong_noise,3521,3216,0.05244315203201074,0.04606475908994314,0.9918204010743955,103.95118226742962,-0.16970294213245063,0,0.05798763967097894,1
box_sphere_strong_noise_medium_3,strong_noise,3522,2345,0.05103991940354594,0.03505783856120896,0.9902490751706908,214.91773878621046,-0.08701129365637626,1,0.053816651895456424,1
box_sphere_strong_noise_medium_3,strong_noise,3525,464,0.04724387962074426,0.008103005018338133,0.9910625956644006,224.09020751957235,-0.1185596143233401,1,0.050545457430982266,1
box_sphere_strong_noise_medium_3,strong_noise,3526,624,0.09605499556942682,0.09585414217137236,0.9782151540848969,79.42794370612366,-0.24116177110294254,0,0.052981814236937735,1
box_sphere_strong_noise_medium_3,strong_noise,3529,955,0.02811595998852512,0.019043246278029245,0.5834752131382178,100.7848142113459,0.4744576018176445,1,0.1130363744514708,0
box_sphere_strong_noise_medium_3,strong_noise,3531,537,0.1351745969261916,0.13094585503572898,0.9684205510395583,131.76365082748595,-0.298320045820845,0,0.09494579365283826,0
box_sphere_strong_noise_medium_3,strong_noise,3538,2377,0.03662209524704039,0.03220462152924565,0.9729307074242985,246.27590013163723,0.0,1,0.067981144613816,1
box_sphere_strong_noise_medium_3,strong_noise,3544,291,0.05408734216386565,0.03580104900269345,0.8740531838432285,63.9301050126596,0.05608942049723534,0,0.09485282698151841,0
box_sphere_strong_noise_medium_3,strong_noise,3545,2935,0.07247182360611103,0.06676065176958425,0.8073276587816125,80.61527039200116,-0.11332856530713019,0,0.08755623265179514,0
box_sphere_strong_noise_medium_3,strong_noise,3548,1830,0.10532413581910642,0.10278286168079122,0.9992482444773164,151.0230437285461,-0.10139999705056109,0,0.0797261766339173,1
box_sphere_strong_noise_medium_3,strong_noise,3550,3077,0.036835032449990326,0.0210225198605054,0.9612364900683801,58.390294615457506,0.08907954853202434,0,0.0926679640600802,0
box_sphere_strong_noise_medium_3,strong_noise,3552,2656,0.06571510304553886,0.05730882527666618,0.6554977122955761,43.60997000425881,-0.3036821772392679,0,0.12408203743862292,0
box_sphere_strong_noise_medium_3,strong_noise,3556,648,0.057663069064068345,0.04825283048556873,0.998982131152991,216.51121583579632,-0.18986852032438398,1,0.06039474122662329,1
box_sphere_strong_noise_medium_3,strong_noise,3557,1898,0.11152883403670759,0.0986805044679413,0.6837220147937948,35.173781229439115,0.20778802564245413,0,0.12245848329093621,0
box_sphere_strong_noise_medium_3,strong_noise,3559,1131,0.016618473735965446,0.0025173915451941293,0.9920691003572184,109.5686158094456,-0.026050653974156845,1,0.086275323561699,0
box_sphere_strong_noise_medium_3,strong_noise,3560,137,0.02517068269721699,0.01946170441466726,0.9973321938630842,215.62826643114843,0.1837209199540654,1,0.10062808987250137,0
box_sphere_strong_noise_medium_3,strong_noise,3562,1380,0.045698875571066624,0.016464667110806002,0.9985905132932141,208.4957968868409,0.16430284295820755,1,0.12109381060010993,0
box_sphere_strong_noise_medium_3,strong_noise,3565,73,0.04525718760541903,0.0073871396697358606,0.9934606295302022,186.03741455414306,-0.3364718366216927,0,0.08211267292753424,0
box_sphere_strong_noise_medium_3,strong_noise,3568,1843,0.13105227889799184,0.12968321843845565,0.9943358449377461,228.65187456763377,-0.19464181607403128,0,0.06346675095437569,1
box_sphere_strong_noise_medium_3,strong_noise,3573,1771,0.04082490532764358,0.023205177913753126,0.9722379333249525,119.08058414812204,-0.4322167764177541,1,0.08519362983866428,0
box_sphere_strong_noise_medium_3,strong_noise,3575,1592,0.018707573773360932,0.017073018976336063,0.996118096504346,224.3436105108722,-0.07864302143690283,1,0.07281063109087291,1
box_sphere_strong_noise_medium_3,strong_noise,3576,1941,0.10712425258297557,0.0949653295516078,0.7711432753349831,94.47569797539626,-0.3637640076721452,0,0.0752806070961246,1
box_sphere_strong_noise_medium_3,strong_noise,3579,1008,0.08350933987647435,0.0816401115499164,0.9951341114137238,231.83882379856954,0.09531007980442975,0,0.09740507509227886,0
box_sphere_strong_noise_medium_3,strong_noise,3582,949,0.066159250288845,0.0425213019846865,0.933411315851882,67.06036800689272,-0.3364718366216927,0,0.0684381296027082,1
box_sphere_strong_noise_medium_3,strong_noise,3586,2944,0.048289796161615085,0.02939046183674198,0.8399936429238841,57.26774518258655,0.4127641244361311,0,0.15070415826277037,0
box_sphere_strong_noise_medium_3,strong_noise,3589,2897,0.07502792478831519,0.0684679901506301,0.9786494402254929,148.1963951203585,-0.058840446689648565,0,0.08782285756304084,0
box_sphere_strong_noise_medium_3,strong_noise,3590,1965,0.03350339456221357,0.030586819319704972,0.9581684666923401,244.08258298253696,-0.30178622275166384,1,0.06544783027873546,1
box_sphere_strong_noise_medium_3,strong_noise,3595,3374,0.06597708785291928,0.05327471623689078,0.9982586320612995,219.57154872473788,-0.018018485502700406,0,0.09436227650515061,0
box_sphere_strong_noise_medium_3,strong_noise,3602,2285,0.045213508555833955,0.02156443757303908,0.9605803486126775,68.79907507691931,-0.12337890079025166,0,0.07177482947477856,1
box_sphere_strong_noise_medium_3,strong_noise,3603,509,0.06986690638624327,0.0643578612004479,0.8781780849354217,75.05792032518745,0.07249542106658409,1,0.0773035968533398,1
box_sphere_strong_noise_medium_3,strong_noise,3604,2808,0.06275301328091171,0.0573577503522303,0.976230766912532,140.63659351026584,0.18005123564053357,1,0.04462756536596521,1
box_sphere_strong_noise_medium_3,strong_noise,3606,291,0.04767236376032047,0.04323033141334548,0.9156123361831255,62.461105670737005,-0.09806112599680523,0,0.08626372881509316,0
box_sphere_strong_noise_medium_3,strong_noise,3608,2129,0.05679859373755376,0.05481804229202345,0.9580726685586215,107.50315739519459,0.23841066447118228,1,0.05508196705779773,1
box_sphere_strong_noise_medium_3,strong_noise,3609,1073,0.028473400417550778,0.008801419881361487,0.7766518233572627,74.15198712503624,-0.026050653974156845,1,0.06665358016352355,1
box_sphere_strong_noise_medium_3,strong_noise,3610,2981,0.028367911672504638,0.023066494282946777,0.9970693132765175,98.54556800601236,0.0039603963851848525,1,0.09117090330465856,0
box_sphere_strong_noise_medium_3,strong_noise,3611,2634,0.0727470057187313,0.07205777377226778,0.909802166536875,100.40822795534467,0.03327475099017847,0,0.07048741039710106,1
box_sphere_strong_noise_medium_3,strong_noise,3615,3352,0.04206256888137378,0.03293324474331067,0.6615740119433244,78.25519085462517,0.13353126762463974,0,0.07727606562092137,1
box_sphere_strong_noise_medium_3,strong_noise,3619,1397,0.04601734393038868,0.03957506310822594,0.943681036413598,87.51499005822741,-0.08701129365637626,0,0.08593031892902879,0
box_sphere_strong_noise_medium_3,strong_noise,3621,1202,0.029434863249478544,0.012887417320852284,0.9990234349632002,218.98587548624047,0.024541085727733707,1,0.08106472809231113,0
box_sphere_strong_noise_medium_3,strong_noise,3623,100,0.03438883753916816,0.031566579801392484,0.9663774229630401,68.61821714571964,-0.680528239972728,1,0.14253476668009862,0
box_sphere_strong_noise_medium_3,strong_noise,3625,2647,0.0645719259346346,0.05021320448170086,0.9920638624241664,92.67662997888779,-0.12337890079025166,0,0.11851236188332039,0
box_sphere_strong_noise_medium_3,strong_noise,3627,3322,0.02131855433282148,0.009897706847775967,0.9795756444661018,62.133981354242216,0.4309313936234819,1,0.12825580437958456,0
box_sphere_strong_noise_medium_3,strong_noise,3628,2644,0.1125907803737125,0.10836795368033186,0.991764746193518,84.06083568100932,-0.4989905190610206,0,0.14213634163809272,0
box_sphere_strong_noise_medium_3,strong_noise,3629,825,0.10347520982451743,0.09364787967339766,0.9922617177849791,104.81739459398256,-0.3126207423829355,0,0.09126110545760512,0
box_sphere_strong_noise_medium_3,strong_noise,3633,642,0.10935533921815015,0.1043549968936981,0.9942667382869347,192.33191960979048,-0.018018485502700406,0,0.08179628818197464,0
box_sphere_strong_noise_medium_3,strong_noise,3634,1609,0.031298051647211916,0.018316801684584473,0.9206996426085968,50.86540324818419,0.10058715893251952,0,0.10175107843538558,0
box_sphere_strong_noise_medium_3,strong_noise,3635,1239,0.04987853074497396,0.04756170159421429,0.9756408387394658,132.7297247251852,-0.1967100768549908,1,0.031346920361348,1
box_sphere_strong_noise_medium_3,strong_noise,3638,379,0.05185126682058672,0.029919098303367128,0.983945102051023,56.73938838237696,-0.05192000832783077,0,0.03635227004111526,1
box_sphere_strong_noise_medium_3,strong_noise,3645,1755,0.06540157458903771,0.06192584652411392,0.9939368885850358,204.20921789135923,-0.0363676071338754,0,0.08690614218406745,0
box_sphere_strong_noise_medium_3,strong_noise,3646,359,0.07481821179965308,0.06784547329688319,0.9961445288062805,128.16701745182013,0.021202184573704982,0,0.038909716678875834,1
box_sphere_strong_noise_medium_3,strong_noise,3650,946,0.04588620480887415,0.039989321758895274,0.783667029030375,108.93596082853263,0.2869051348107872,0,0.09855598427315038,0
box_sphere_strong_noise_medium_3,strong_noise,3651,1188,0.03244370996591312,0.018905283300565314,0.946104219592727,63.285742263564046,0.10714454431415384,1,0.13409051559345142,0
box_sphere_strong_noise_medium_3,strong_noise,3655,2161,0.05795375033862916,0.049776450005227534,0.9958758487540003,208.01973707133945,-0.20033985896350648,0,0.09158451904719303,0
box_sphere_strong_noise_medium_3,strong_noise,3656,1536,0.08319025101166731,0.07857806784423219,0.9867369456795237,231.8391845275194,-0.009360433764069953,0,0.06811067485311707,1
box_sphere_strong_noise_medium_3,strong_noise,3657,1141,0.06534273796788861,0.05905411138549581,0.9987879205708952,159.21101845400779,-0.12337884060521355,1,0.057333421156279867,1
box_sphere_strong_noise_medium_3,strong_noise,3660,329,0.051312698951516335,0.05115307695041902,0.6009727573999348,95.31963148098806,-0.6021748516300997,0,0.10301809104894524,0
box_sphere_strong_noise_medium_3,strong_noise,3662,944,0.056327318347605355,0.0424331899035274,0.9986446727999299,200.57445385711196,0.05894247267055436,0,0.1310827847401141,0
box_sphere_strong_noise_medium_3,strong_noise,3664,3384,0.0463141871591992,0.026831095279006505,0.7694616215401779,70.17273338749668,0.05733087844322537,0,0.06394917978440284,1
box_sphere_strong_noise_medium_3,strong_noise,3665,1670,0.06323005507649729,0.0630714816382695,0.9889161498205763,63.41734321561983,0.05894247267055436,0,0.12571374431228327,0
box_sphere_strong_noise_medium_3,strong_noise,3666,1214,0.11965082031172221,0.11495726652143509,0.9772119269754173,169.64031598160273,-0.16111918888710094,0,0.10071897529629206,0
box_sphere_strong_noise_medium_3,strong_noise,3668,2210,0.09113686518485462,0.08815868426290496,0.9833303812223,242.7332430239752,0.03327475099017847,0,0.07878711054881662,1
box_sphere_strong_noise_medium_3,strong_noise,3669,1215,0.053815687670577005,0.05269665622670981,0.9930197496382371,195.44439203653138,-0.19464181607403128,0,0.08665576334089409,0
box_sphere_strong_noise_medium_3,strong_noise,3670,2930,0.059160596457983945,0.044394301061654685,0.9970728858879212,196.52410716721658,0.24067580598642396,1,0.07872986636760743,1
box_sphere_strong_noise_medium_3,strong_noise,3671,1578,0.04308572621872033,0.04009794602655717,0.9978911570858875,98.88405853215113,0.14020539692483483,1,0.10912946671314283,0
box_sphere_strong_noise_medium_3,strong_noise,3672,1786,0.03108466866007677,0.012403945640555296,0.937294260859899,50.46764668621452,0.0712125778187959,0,0.13805687711525372,0
box_sphere_strong_noise_medium_3,strong_noise,3674,2173,0.0371605004829286,0.008603446044469222,0.9999161193842028,133.93623750564012,0.05894247267055436,0,0.06563166803301271,1
box_sphere_strong_noise_medium_3,strong_noise,3676,1336,0.06073116473821987,0.05839034600713565,0.9977301504142712,194.69157684845734,-0.3523872027637118,1,0.08921002153231049,0
box_sphere_strong_noise_medium_3,strong_noise,3679,1326,0.07802883144915111,0.07363939402185596,0.9968876523983228,128.6635497916038,0.1304013651329752,1,0.07403170886727281,1
box_sphere_strong_noise_medium_3,strong_noise,3683,3135,0.03172481017628309,0.028472244062115414,0.37865867277442933,84.18596293575104,0.25961297958069474,0,0.13225132268360304,0
box_sphere_strong_noise_medium_3,strong_noise,3686,2139,0.08527086703693017,0.0781406472980192,0.9085136024443431,64.02575565368845,-0.08701132143410971,0,0.04937874259614562,1
box_sphere_strong_noise_medium_3,strong_noise,3687,384,0.02867106114636464,0.012165104613922246,0.7089233343018265,93.40949010241732,0.005698016114642069,1,0.10318685818316606,0
box_sphere_strong_noise_medium_3,strong_noise,3688,852,0.0598989393177321,0.05696290301443474,0.7879684312386624,41.908307562528194,0.0,0,0.15675433596706373,0
box_sphere_strong_noise_medium_3,strong_noise,3696,1709,0.04455703989883371,0.03852197161751264,0.7197192715320128,146.29345430341073,0.41116283255635244,0,0.11281011714206515,0
box_sphere_strong_noise_medium_3,strong_noise,3699,3123,0.05237455857548142,0.04871386387703993,0.9704025500013111,51.67544792781241,0.06632258646053232,0,0.08500064442767132,0
box_sphere_strong_noise_medium_3,strong_noise,3702,48,0.08672272416576053,0.06952141918401405,0.9682826210329494,133.92129742155078,0.16430288462477893,0,0.11423930495103218,0
box_sphere_strong_noise_medium_3,strong_noise,3704,2759,0.11751070191027319,0.11716864298169259,0.024035893818150578,132.88139161733082,0.11985118068364937,0,0.14745767888579098,0
box_sphere_strong_noise_medium_3,strong_noise,3705,1034,0.06819635236928856,0.060748841529369456,0.8821794614571479,104.86804512660005,0.19415583797053004,0,0.09237900419347886,0
box_sphere_strong_noise_medium_3,strong_noise,3708,1038,0.10321831699024037,0.09490257291802867,0.9560942193840334,85.05230714528737,-0.1119502354727952,0,0.10127398821258397,0
box_sphere_strong_noise_medium_3,strong_noise,3710,1339,0.1153663533889788,0.11534838103496492,0.9856295957304136,251.88845236001177,0.16430281319638398,0,0.0812516119418306,0
box_sphere_strong_noise_medium_3,strong_noise,3713,360,0.0850056174973864,0.0822770571659043,0.8879193158584833,96.14805430425723,0.10178259753584092,0,0.04358547365749825,1
box_sphere_strong_noise_medium_3,strong_noise,3716,3228,0.04861771752050874,0.006957651850668354,0.9583532948800884,53.124743709077364,-0.13294838279942614,0,0.11835211298773195,0
box_sphere_strong_noise_medium_3,strong_noise,3725,2014,0.031537283825851456,0.025146701587561993,0.989789224123628,188.3263358177741,-0.018018480502712958,1,0.07857913704098228,1
box_sphere_strong_noise_medium_3,strong_noise,3727,3342,0.06670520321004088,0.054597163678316456,0.9936602086163006,223.83804970956618,0.3109062160735737,0,0.06156644222443445,1
box_sphere_strong_noise_medium_3,strong_noise,3729,2940,0.06354511422481322,0.044086994395699464,0.8998167802479607,87.08205741731766,-0.150190108839097,0,0.11966449780288761,0
box_sphere_strong_noise_medium_3,strong_noise,3730,2199,0.06993743816029935,0.06715419968017194,0.4701235715475267,101.65751356017918,-0.16111918888710094,0,0.1938625335108098,0
box_sphere_strong_noise_medium_3,strong_noise,3733,3180,0.07390005354858216,0.0625020561774454,0.9974305482091574,94.85035128816625,0.04651996801589379,1,0.04056309124206022,1
box_sphere_strong_noise_medium_3,strong_noise,3737,2712,0.02994629928797456,0.005808774720340911,0.8670976972061435,59.85176816223885,-0.010638389490466095,1,0.08546947421979467,0
box_sphere_strong_noise_medium_3,strong_noise,3739,357,0.04739916858078672,0.03731192796012893,0.9997487003674532,147.34995148645447,0.3109062160735737,0,0.07769781702941388,1
box_sphere_strong_noise_medium_3,strong_noise,3745,1729,0.031090344825883725,0.030961617296343256,0.9352607312284383,82.73408162728376,-0.16111918888710094,1,0.11933248420779208,0
box_sphere_strong_noise_medium_3,strong_noise,3751,2127,0.06985276585862694,0.059437494248463646,0.9850104111146148,96.33448706614266,-0.1670539308171544,0,0.09821832048542518,0
box_sphere_strong_noise_medium_3,strong_noise,3752,752,0.038445119227247006,0.03601534570605362,0.955014307488901,49.19133660470235,0.18492222242265643,0,0.09152900062192075,0
box_sphere_strong_noise_medium_3,strong_noise,3754,3228,0.024059655123727465,0.013435487439850999,0.9424757186003578,47.360052433199215,-0.03530998002139156,1,0.09647076305146446,0
box_sphere_strong_noise_medium_3,strong_noise,3757,114,0.07342034937888432,0.06546637696500396,0.935142224225276,42.752087207997704,-0.04049131084974947,0,0.05806413833480187,1
box_sphere_strong_noise_medium_3,strong_noise,3759,2017,0.07096982370326987,0.06632980068563299,0.9918465658981541,111.91274965422213,0.11985118068364937,0,0.05319872462358752,1
box_sphere_strong_noise_medium_3,strong_noise,3761,83,0.09288527752436589,0.046317506155733254,0.9954063350280464,44.68774651448174,0.07249542106658409,0,0.1314229162805064,0
box_sphere_strong_noise_medium_3,strong_noise,3762,1357,0.10784413950795142,0.10533559253929747,0.9192046903267315,122.60455547283355,0.29783403915444834,0,0.053727482689236716,1
box_sphere_strong_noise_medium_3,strong_noise,3763,2411,0.028218715818784015,0.0012959707154709531,0.9939977031728351,211.15109638660581,-0.09806112599680523,0,0.06283525531174533,1
box_sphere_strong_noise_medium_3,strong_noise,3764,2400,0.08260037334701453,0.06633495060398169,0.9894800295750567,121.09647771250559,0.12656257800945092,0,0.035347333797629485,1
box_sphere_strong_noise_medium_3,strong_noise,3766,1938,0.09891096471908634,0.08879420756276513,0.9566456649503241,149.56982202843886,0.08734190793304553,0,0.04671652789337202,1
box_sphere_strong_noise_medium_3,strong_noise,3770,2171,0.03356925950302922,0.020005606369231405,0.8659677314027379,53.962269469088,-0.2121743670025699,0,0.11894983202303183,0
box_sphere_strong_noise_medium_3,strong_noise,3771,761,0.10413780834925392,0.090070670235112,0.9787439384187143,185.99148049744983,-0.0075471968634633286,0,0.09016736020342407,0
box_sphere_strong_noise_medium_3,strong_noise,3773,2067,0.04534615407925011,0.04251907132044481,0.9609188713440786,84.99500622388048,-0.12337890079025166,0,0.12584670437923476,0
box_sphere_strong_noise_medium_3,strong_noise,3779,2361,0.06021026720168556,0.059066720684737596,0.39792248506201566,91.44430182566884,0.029128251144455754,0,0.16031519145362488,0
box_sphere_strong_noise_medium_3,strong_noise,3785,3397,0.03059972571386562,0.014103073616887079,0.998466316734839,95.75603085301238,-0.1541505131607721,1,0.0635473430815107,1
box_sphere_strong_noise_medium_3,strong_noise,3786,920,0.03668897191806445,0.03161106467673796,0.9524634461244651,46.21399090243025,0.14830256555173468,1,0.04904495423105903,1
box_sphere_strong_noise_medium_3,strong_noise,3788,3033,0.06474788717539204,0.05423047326850266,0.9994869500665847,169.2730301325263,0.0816112533444393,0,0.11282080799767741,0
box_sphere_strong_noise_medium_3,strong_noise,3790,3292,0.05424525285387782,0.04050608727213006,0.9967053435121003,85.97385270654303,0.2155961211176579,1,0.12446657035444218,0
box_sphere_strong_noise_medium_3,strong_noise,3796,2387,0.08685487042243235,0.07584105270944388,0.8307614354060258,78.960876366164,-0.2411617234840177,0,0.09199157517419934,0
box_sphere_strong_noise_medium_3,strong_noise,3798,1172,0.028656064872048415,0.021950966651084015,0.9801785457160916,95.2478898139831,-0.0275879272148308,0,0.06794493619854738,1
box_sphere_strong_noise_medium_3,strong_noise,3799,257,0.04687438543937265,0.03165635585034211,0.9861807110214645,107.1832054117675,-0.4234829691673936,1,0.15695633131852427,0
box_sphere_strong_noise_medium_3,strong_noise,3800,938,0.02760985143078122,0.00010849243017988896,0.9940288993771255,79.3175180580905,-0.2750633763088585,1,0.120844297784871,0
box_sphere_strong_noise_medium_3,strong_noise,3804,2309,0.061077621976546266,0.05834593720813302,0.9965492778740362,185.03304328979112,0.16430288462477893,0,0.050263605530222855,1
box_sphere_strong_noise_medium_3,strong_noise,3807,2973,0.02707355485267061,0.015431835649105946,0.9928969282484165,206.651873251192,0.1036783020240179,1,0.1048461993253916,0
box_sphere_strong_noise_medium_3,strong_noise,3813,2869,0.02619251899092579,0.005964170739519217,0.7526426476796383,62.294418550769,0.21082286779215872,1,0.0964304338243231,0
box_sphere_strong_noise_medium_3,strong_noise,3815,2090,0.03465313901809087,0.013478916722266133,0.9756656303366986,62.579132557380085,0.4031946119548812,0,0.11096190757220396,0
box_sphere_strong_noise_medium_3,strong_noise,3822,1103,0.1047834626166459,0.10056753588938717,0.9814636907288214,117.12468452799371,-0.058840433356342293,0,0.07514279598486388,1
box_sphere_strong_noise_medium_3,strong_noise,3823,2478,0.04409775871570301,0.019756876198012575,0.9800534527822216,136.6059274431574,0.2978341740747753,0,0.06819856846730546,1
box_sphere_strong_noise_medium_3,strong_noise,3827,761,0.10690135985475284,0.10334784143990973,0.9709804139417815,186.67909327238021,-0.0075471968634633286,0,0.07984415446593607,1
box_sphere_strong_noise_medium_3,strong_noise,3828,796,0.08708905592660725,0.0858401508809569,0.7436581469920903,102.23937399764027,0.2869051348107872,0,0.17434221832345295,0
box_sphere_strong_noise_medium_3,strong_noise,3835,55,0.11480734073292369,0.10828784995931783,0.9854930341178542,195.99255496562756,-0.018018485502700406,0,0.0529485513771561,1
box_sphere_strong_noise_medium_3,strong_noise,3844,1825,0.06591406752714297,0.05126887675210439,0.9993900932501874,209.24497622075918,0.12656257800945092,0,0.023357381715081643,1
box_sphere_strong_noise_medium_3,strong_noise,3855,469,0.12237287052423576,0.12155572336106796,0.9962749077560373,161.7683604807176,-0.02985292393404641,0,0.07356817017901021,1
box_sphere_strong_noise_medium_3,strong_noise,3857,2020,0.02130650279372166,0.009006494045974145,0.5169826084821111,119.7185369130999,-0.20033985896350648,0,0.15254571076804113,0
box_sphere_strong_noise_medium_3,strong_noise,3860,1071,0.030962591031441063,0.008128602378918956,0.7072879896705131,61.83093295306288,-0.13196264548860892,0,0.08706923436506286,0
box_sphere_strong_noise_medium_3,strong_noise,3861,1295,0.05417390760932403,0.05306388163026482,0.9922293779010589,207.96487594994696,-0.10763054514487824,1,0.08795447358382574,0
box_sphere_strong_noise_medium_3,strong_noise,3862,3252,0.018212890102736676,0.015895403166426837,0.9572375018375475,47.207409068875144,0.16430289977626486,1,0.07124663958507117,1
box_sphere_strong_noise_medium_3,strong_noise,3863,2732,0.04465782540259117,0.04033934937908229,0.8471177029344622,50.90592877747666,-0.18053729897114432,1,0.08243020379098583,0
box_sphere_strong_noise_medium_3,strong_noise,3865,3359,0.026023750256427967,0.02543979377235513,0.4817814351741823,103.35911799018011,0.12348095454888373,1,0.10361096558813433,0
box_sphere_strong_noise_medium_3,strong_noise,3866,3065,0.053641878634903196,0.04572696631450434,0.9607114471677167,38.63499556755659,0.0689928048203492,0,0.05459808690150515,1
box_sphere_strong_noise_medium_3,strong_noise,3868,2688,0.050323465963530024,0.013984442216724324,0.9994605209432234,191.3803917979266,-0.0363676071338754,1,0.118693435456397,0
box_sphere_strong_noise_medium_3,strong_noise,3869,191,0.01699223153734314,0.012557648785256609,0.9775331220626253,86.3809024123638,0.07249542106658409,1,0.11675736515964091,0
box_sphere_strong_noise_medium_3,strong_noise,3875,3002,0.06739114781462048,0.061421353889471605,0.9764012776254078,162.11097401655277,0.021202184573704982,0,0.07328565677847312,1
box_sphere_strong_noise_medium_3,strong_noise,3876,661,0.08787256557479226,0.07930882871909606,0.9153143028215605,55.817800082229574,0.8197092201082926,0,0.11130456293233783,0
box_sphere_strong_noise_medium_3,strong_noise,3879,1067,0.05999489550365504,0.053704762555502134,0.8533289625197864,128.96828041372586,-0.16111918888710094,1,0.07595660816518306,1
box_sphere_strong_noise_medium_3,strong_noise,3884,2816,0.06899777460825458,0.0631831346619001,0.9382949592584575,77.10629988855482,0.16430288462477893,0,0.04226163546838135,1
box_sphere_strong_noise_medium_3,strong_noise,3885,820,0.10105555632377775,0.07194538618411284,0.49019921520397325,53.1149633773336,-0.18053729897114432,0,0.1259379377396397,0
box_sphere_strong_noise_medium_3,strong_noise,3887,342,0.032564719976526525,0.017150823313140752,0.9989866317415353,164.18301572995955,-0.07126295983635636,0,0.05338208906718616,1
box_sphere_strong_noise_medium_3,strong_noise,3888,2432,0.06321317540406313,0.04912994724023841,0.9965918564896139,103.39296486990906,-0.10763054514487824,0,0.06320843688588615,1
box_sphere_strong_noise_medium_3,strong_noise,3892,2467,0.09617316937926894,0.09008677061218412,0.9441711062115916,126.79777065080057,0.0816112533444393,0,0.04975807485413369,1
box_sphere_strong_noise_medium_3,strong_noise,3893,1142,0.05170594237786954,0.02807013255745166,0.8495772213309448,37.11937288940622,-0.16111918888710094,1,0.0990012263856597,0
box_sphere_strong_noise_medium_3,strong_noise,3895,320,0.05198415887798106,0.042100041506119026,0.9539320071390616,72.34983837837697,-0.04049132768473119,0,0.07229533445651548,1
box_sphere_strong_noise_medium_3,strong_noise,3896,805,0.07157602370041259,0.0695026324929118,0.9070285425786025,59.84371655574755,-0.09597997771568349,0,0.09471100581025235,0
box_sphere_strong_noise_medium_3,strong_noise,3898,1206,0.05516888582166956,0.04823343781874924,0.9809668985311168,68.07451638061178,-0.3544904078384953,0,0.10600762625719946,0
box_sphere_strong_noise_medium_3,strong_noise,3899,929,0.0688610434238197,0.06593011319155898,0.9379626475599142,62.09523995467814,-0.37469319944157936,0,0.1509668105725425,0
box_sphere_strong_noise_medium_3,strong_noise,3903,1724,0.052428030929069974,0.05083762010064387,0.8932497179784504,120.6351326455961,0.2535339879462021,0,0.055078297407969976,1
box_sphere_strong_noise_medium_3,strong_noise,3905,2214,0.039852925334711235,0.0076248388600389655,0.08211832484061063,53.5935903245963,0.11247791250474916,1,0.12589224515300845,0
box_sphere_strong_noise_medium_3,strong_noise,3916,3272,0.09124854242020551,0.07556272769486318,0.9504574342017964,93.33689477787883,-0.6740255670415986,0,0.15282420209796707,0
box_sphere_strong_noise_medium_3,strong_noise,3921,3363,0.03618389468747531,0.02336444495877915,0.9995798457282508,100.65160898156851,-0.559615037936454,0,0.11080941187325426,0
box_sphere_strong_noise_medium_3,strong_noise,3923,2448,0.10073397186235658,0.1001192523308481,0.9876429979710329,114.47733063253813,0.4519846237436196,0,0.07585503539853793,1
box_sphere_strong_noise_medium_3,strong_noise,3924,1548,0.10100914927750686,0.097519480348639,0.9636974585365448,47.10089640605832,-0.16111918888710094,0,0.10270883806734155,0
box_sphere_strong_noise_medium_3,strong_noise,3925,2631,0.07232129282451949,0.0666006800700637,0.980453190023335,198.69850923063396,0.021202184573704982,0,0.03657738751418901,1
box_sphere_strong_noise_medium_3,strong_noise,3934,2965,0.043684941883879044,0.023569875165247875,0.9820254543350603,53.76898385013583,-0.12783325150999786,1,0.06477647763905403,1
box_sphere_strong_noise_medium_3,strong_noise,3937,1801,0.05101097141592987,0.04981543069448114,0.6510149611072571,89.93343755598575,0.175731624857931,0,0.11029321036781416,0
box_sphere_strong_noise_medium_3,strong_noise,3938,3344,0.03733809281314087,0.010124575628062571,0.9808278464635217,119.06067903833049,-0.05010676055768202,0,0.1153827650159728,0
box_sphere_strong_noise_medium_3,strong_noise,3939,946,0.05364279894469865,0.04692963128427956,0.24839220777185905,70.88585967273745,0.17869163222177434,0,0.15274139528904565,0
box_sphere_strong_noise_medium_3,strong_noise,3947,567,0.04098743853313398,0.019123740793285188,0.04099230470354582,45.07117585032844,0.21667089855983288,1,0.12765803819436655,0
box_sphere_strong_noise_medium_3,strong_noise,3952,2106,0.07413861207180654,0.07078310152382843,0.9955193014301408,191.5541567833053,0.03646964826626717,0,0.0900885908692556,0
box_sphere_strong_noise_medium_3,strong_noise,3953,3134,0.06079966990908872,0.05530115659115818,0.9978827396096048,152.94925695392624,-0.0275879272148308,0,0.09199979222463843,0
box_sphere_strong_noise_medium_3,strong_noise,3955,2346,0.12699320407439538,0.12679640729744654,0.9849050900816873,237.29252919154084,0.14183000150008945,0,0.11189709192462705,0
box_sphere_strong_noise_medium_3,strong_noise,3956,1080,0.06673521111845482,0.06555737119793911,0.8876141742103301,108.9838545052207,-0.24116177110294254,0,0.10278327278574875,0
box_sphere_strong_noise_medium_3,strong_noise,3958,416,0.08732140761421328,0.08440658440750844,0.9605565420582314,108.12341665972858,0.07249542106658409,0,0.06143211437498931,1
box_sphere_strong_noise_medium_3,strong_noise,3959,1660,0.05602733023447725,0.0508221506727606,0.8451583943357954,101.88823520127995,0.45198472374341714,0,0.16481564914795208,0
box_sphere_strong_noise_medium_3,strong_noise,3961,2237,0.07128059753335612,0.07058949604015201,0.9907918275143813,117.58820395228493,-0.2876817391188363,0,0.09445334607809615,0
box_sphere_strong_noise_medium_3,strong_noise,3971,1589,0.05195430694174575,0.05124925152027944,0.9466715401942764,100.07673939335007,-0.03352266319251461,1,0.04619057271687584,1
box_sphere_strong_noise_medium_3,strong_noise,3972,2040,0.0526746733764862,0.05029045261926184,0.9970839729597413,190.16094420221916,0.005698016114642069,0,0.06333620317493481,1
box_sphere_strong_noise_medium_3,strong_noise,3973,374,0.10435942170543937,0.10243492369489071,0.6842737146869079,111.82063575144704,-0.7111647360639455,0,0.11656879877725491,0
box_sphere_strong_noise_medium_3,strong_noise,3975,1018,0.09447997022661225,0.09321427160731048,0.9977940311071277,222.93840523729602,0.28013458392194845,0,0.10510838446312068,0
box_sphere_strong_noise_medium_3,strong_noise,3976,3197,0.11110782012978412,0.10734381993858734,0.9943828674425382,210.7382414073816,0.03509128532854546,0,0.102614311336996,0
box_sphere_strong_noise_medium_3,strong_noise,3980,600,0.10840012243628991,0.10340852721722867,0.9918389305186114,164.7590060164733,0.4238138245545654,0,0.12497985847271587,0
box_sphere_strong_noise_medium_3,strong_noise,3981,2383,0.04276187740722695,0.028280958366893268,0.582400815416815,103.02222063510136,0.16430289977626486,1,0.14026912100227434,0
box_sphere_strong_noise_medium_3,strong_noise,3982,3055,0.04935074953480811,0.04051260456659961,0.9847926591175287,53.2687473481761,0.08907954853202434,1,0.09162204595431205,0
box_sphere_strong_noise_medium_3,strong_noise,3992,503,0.04691893997908127,0.04659815124937251,0.4603253526794669,49.44235730260102,0.0024600239769309138,0,0.1425672841013492,0
box_sphere_strong_noise_medium_3,strong_noise,3996,554,0.04247721185276332,0.015688602851136713,0.9779431085926955,164.82804994511574,0.12656257800945092,1,0.07343319640273807,1
box_sphere_strong_noise_medium_3,strong_noise,4000,1967,0.08910002526305856,0.08605071986679258,0.979336034363444,64.35276034370922,0.3053813863935157,0,0.052002021599804944,1
box_sphere_strong_noise_medium_3,strong_noise,4006,883,0.0539158413537387,0.011800448292954398,0.9698507296666026,120.36032182646684,-0.09806112599680523,0,0.04909184642828169,1
box_sphere_strong_noise_medium_3,strong_noise,4008,1433,0.04638628476804623,0.041022503131092306,0.9933058498802441,164.71970701677859,-0.2411617234840177,1,0.08211945065822908,0
box_sphere_strong_noise_medium_3,strong_noise,4009,716,0.048528996135252585,0.043080697604307376,0.9874733067856121,49.28395455101654,0.313148459818862,0,0.10835432764916487,0
box_sphere_strong_noise_medium_3,strong_noise,4010,584,0.04720941994524751,0.0330842720344847,0.9973175008035706,229.39834085536728,-0.07410789523072468,1,0.0730360897909807,1
box_sphere_strong_noise_medium_3,strong_noise,4011,1591,0.03773601424706067,0.014544251549282152,0.24897090350050619,75.96634721873728,-0.09163025474561658,0,0.12814983187101894,0
box_sphere_strong_noise_medium_3,strong_noise,4013,986,0.02819085248869358,0.01622204641201218,0.9303986175565979,64.32894619208174,0.21082286779215872,1,0.09624571697373725,0
box_sphere_strong_noise_medium_3,strong_noise,4015,1019,0.03822222751051362,0.033889883068854876,0.978249415225982,52.608569649394695,0.1466033162973087,1,0.06779925179235648,1
box_sphere_strong_noise_medium_3,strong_noise,4017,556,0.0424601781616873,0.040232291624793824,0.9982328150935192,48.349320436334175,-0.12675161554911793,1,0.11638746097338314,0
box_sphere_strong_noise_medium_3,strong_noise,4020,1945,0.07327461364414942,0.051040684761038395,0.8997594394189263,150.93650550789505,0.24067580598642396,0,0.12420548944903545,0
box_sphere_strong_noise_medium_3,strong_noise,4022,297,0.052410006109547505,0.048562640839647814,0.6982549925748384,73.94912218222096,-0.1541505131607721,0,0.11396940226463818,0
box_sphere_strong_noise_medium_3,strong_noise,4023,1780,0.059057365663265554,0.04480598724734225,0.989435312855989,69.81964460437814,0.05894247267055436,0,0.034414336847082325,1
box_sphere_strong_noise_medium_3,strong_noise,4026,2763,0.058382602238044194,0.05079040026867193,0.9362139976869258,140.9314779869521,0.03509128532854546,0,0.05388873534594878,1
box_sphere_strong_noise_medium_3,strong_noise,4028,489,0.07462115557551482,0.0714238264454856,0.9988017902149992,184.0639540723813,0.16430288462477893,0,0.0840251358731862,0
box_sphere_strong_noise_medium_3,strong_noise,4034,574,0.1345391344877013,0.13042015907699223,0.9932531515414095,206.20238089536275,-0.15778028439974565,0,0.09763680146046813,0
box_sphere_strong_noise_medium_3,strong_noise,4042,3253,0.06890703461298163,0.06774342368670935,0.9973668834596704,244.2242740602564,0.1155127728362431,0,0.06581081902121347,1
box_sphere_strong_noise_medium_3,strong_noise,4045,643,0.07203969132538054,0.06054612760295155,0.9931440581662085,216.81470830778468,-0.06527133328131351,0,0.061178835033148776,1
box_sphere_strong_noise_medium_3,strong_noise,4049,1722,0.08719069904155126,0.07318748312373745,0.9647767804588953,47.18484641563814,0.0375513166946258,0,0.07075950712352899,1
box_sphere_strong_noise_medium_3,strong_noise,4054,2572,0.07317000295390685,0.06935058368495321,0.9993124490698951,191.18012847061397,-0.06680859729123638,0,0.057320925358668964,1
box_sphere_strong_noise_medium_3,strong_noise,4057,2328,0.031355683869285514,0.026979455289933924,0.9976312921470941,72.5755025502747,0.1643028661063003,1,0.07212700388054832,1
box_sphere_strong_noise_medium_3,strong_noise,4061,1843,0.1580628863424223,0.15763706086234408,0.9940742628874487,217.8316352516731,-0.5776334743916754,0,0.07880096497210416,1
box_sphere_strong_noise_medium_3,strong_noise,4066,2582,0.0580463406947822,0.05405190375778562,0.9883967275745061,110.1462982706896,0.1466033162973087,1,0.07942851411984415,1
box_sphere_strong_noise_medium_3,strong_noise,4070,2389,0.10234350908154584,0.06727069810862674,0.8002089504459861,90.55620655308236,-0.13580136338151705,0,0.13661502253145877,0
box_sphere_strong_noise_medium_3,strong_noise,4071,2462,0.035401173570177275,0.023774647347828175,0.9989162717637196,144.43875177183145,-0.018018488836027042,0,0.10478246113763147,0
box_sphere_strong_noise_medium_3,strong_noise,4076,1617,0.042833052573912754,0.033043295175291254,0.7123320882565221,61.9913948715873,0.07469084736352145,0,0.12496275967631797,0
box_sphere_strong_noise_medium_3,strong_noise,4080,2411,0.07193177713324853,0.06670116022482474,0.9988059589626773,182.51381348343187,-0.13196264548860892,0,0.11055752746507742,0
box_sphere_strong_noise_medium_3,strong_noise,4081,1235,0.09206807204030017,0.0851388239261075,0.9975174780788766,208.7621632418315,-0.12337890079025166,0,0.0814742974623962,0
box_sphere_strong_noise_medium_3,strong_noise,4082,3370,0.0826901363934104,0.08095315765176898,0.9974483331425016,145.36453669447357,0.1036783020240179,0,0.113781140792428,0
box_sphere_strong_noise_medium_3,strong_noise,4083,2460,0.050504324822860894,0.034579071864032196,0.8677747492786274,34.0503070520732,0.2416895520307981,1,0.131658167141754,0
box_sphere_strong_noise_medium_3,strong_noise,4086,266,0.06259093577382041,0.04089024581645163,0.9411563256956713,48.60167495678539,-0.3503610304797847,0,0.15766898311857122,0
box_sphere_strong_noise_medium_3,strong_noise,4088,2619,0.048332425649815325,0.04789154180258193,0.786650543460456,111.52808364723832,-0.04445171909261546,1,0.08988043929891026,0
box_sphere_strong_noise_medium_3,strong_noise,4089,2303,0.045135717723348505,0.03748262852586975,0.9761891562096622,72.29500990568243,0.07249542106658409,0,0.06712579379327456,1
box_sphere_strong_noise_medium_3,strong_noise,4091,1071,0.009312255277585568,0.005854800011458036,0.6590486202380511,106.8503758311676,-0.03352266319251461,1,0.08378207014546221,0
box_sphere_strong_noise_medium_3,strong_noise,4092,3356,0.1311600527681522,0.12986911781251406,0.9857872508445685,189.93332458775924,-0.1744705377132191,0,0.02226170412385507,1
box_sphere_strong_noise_medium_3,strong_noise,4100,757,0.05024219548987383,0.0038054335944061823,0.9883859557370861,189.32635667951524,0.046519960079403636,0,0.08756577495895518,0
box_sphere_strong_noise_medium_3,strong_noise,4108,187,0.09249406766366766,0.09142051513775422,0.98220738069179,244.24546009564258,0.03509128532854546,0,0.04025973896204961,1
box_sphere_strong_noise_medium_3,strong_noise,4112,1648,0.03300433576841774,0.032208148151687405,0.6879726153997063,73.63109562783123,0.46968440635643066,0,0.08682411901387278,0
box_sphere_strong_noise_medium_3,strong_noise,4119,3046,0.034704845926843114,0.03390721344723285,0.09724198491215776,90.22278072314657,0.7098135752917811,1,0.12882502647580435,0
box_sphere_strong_noise_medium_3,strong_noise,4124,2126,0.11104384430456052,0.1096029943465932,0.9969365963790553,161.17242534983106,-0.16111918888710094,0,0.05263780597168041,1
box_sphere_strong_noise_medium_3,strong_noise,4129,3384,0.04296732229972727,0.03762535305973085,0.6568415968421377,68.72707356651202,0.05733087844322537,0,0.0890331173963879,0
box_sphere_strong_noise_medium_3,strong_noise,4134,3229,0.01840604264154188,0.008264312072730472,0.9962789573664047,238.34640233110255,0.08734190793304553,1,0.09588293987211254,0
box_sphere_strong_noise_medium_3,strong_noise,4140,49,0.038482158825391063,0.016014228021733662,0.9986300817187145,172.39323744155888,0.10178259753584092,0,0.0845704375656257,0
box_sphere_strong_noise_medium_3,strong_noise,4141,1993,0.049038443816445836,0.041227173986025246,0.9907046722420471,146.83606963073677,0.02710190715337564,1,0.13124707649320821,0
box_sphere_strong_noise_medium_3,strong_noise,4143,1665,0.06067569303148137,0.04641226749630431,0.9834751368109005,232.72092870328984,0.014771303879464808,0,0.05334905255301459,1
box_sphere_strong_noise_medium_3,strong_noise,4146,1837,0.011053896794175877,0.00829173319831539,0.9904760530909489,98.57758003476394,-0.34652211691976365,1,0.10830771351729684,0
box_sphere_strong_noise_medium_3,strong_noise,4150,1445,0.09184482352199513,0.08834102500755557,0.9998886155684916,213.3882058710907,-0.026050653974156845,0,0.06355911180447545,1
box_sphere_strong_noise_medium_3,strong_noise,4155,3189,0.1289162876575097,0.12875268051516325,0.9791638768118637,151.54247876026227,-0.19237165931440658,0,0.06603268690619644,1
box_sphere_strong_noise_medium_3,strong_noise,4160,1720,0.037572276542142645,0.0023354981046611314,0.9868512977060332,238.7096718459841,-0.09455846779261635,0,0.07528553476845007,1
box_sphere_strong_noise_medium_3,strong_noise,4168,1088,0.01411925561706464,0.009550418702698557,0.8558060700116598,111.85236873274634,0.08734190793304553,1,0.08001834843379241,0
box_sphere_strong_noise_medium_3,strong_noise,4175,136,0.05608628969797818,0.05271164502161795,0.9922328267462993,112.70646802520116,-0.058840433356342293,1,0.05533214588800535,1
box_sphere_strong_noise_medium_3,strong_noise,4176,3269,0.029148768583554117,0.023572710968204857,0.9516331789952368,60.90931477094901,-0.15778028439974565,1,0.12800778784194375,0
box_sphere_strong_noise_medium_3,strong_noise,4177,407,0.056752937662071,0.05459696942004916,0.995882087045692,111.27711448879133,0.046519960079403636,0,0.06024910810093868,1
box_sphere_strong_noise_medium_3,strong_noise,4184,2467,0.04716071888029396,0.04416886618708127,0.9604034908851221,122.09347099728251,0.0816112533444393,0,0.06728357847490246,1
box_sphere_strong_noise_medium_3,strong_noise,4186,1464,0.028816181791843185,0.02033614361303746,0.8849594965998531,113.20187622437167,0.04651997396826353,1,0.0794068601706476,1
box_sphere_strong_noise_medium_3,strong_noise,4187,313,0.05631302473357898,0.02179842645165802,0.9396783412808136,68.54727227589088,0.0689928048203492,0,0.07254966311771491,1
box_sphere_strong_noise_medium_3,strong_noise,4191,2585,0.036521492020485005,0.0036751910083587924,0.9687448532852379,64.58490511704068,0.2894659177749599,0,0.1021182279753044,0
box_sphere_strong_noise_medium_3,strong_noise,4197,3361,0.08412491462538302,0.057063964662704594,0.9198174381480082,99.43254677689606,-0.150190108839097,0,0.1547377429359081,0
box_sphere_strong_noise_medium_3,strong_noise,4200,1406,0.06247242350320798,0.06178146994776642,0.9558664785977005,91.95376324412779,0.005698016114642069,0,0.08121756905414036,0
box_sphere_strong_noise_medium_3,strong_noise,4202,945,0.02571333566938767,0.019501032364094898,0.9799941234111,40.989222264748776,-0.1185596143233401,1,0.08874014292428203,0
box_sphere_strong_noise_medium_3,strong_noise,4204,2905,0.06496606298170847,0.02329570478580611,0.9703237531559681,64.26493577647459,0.1036783020240179,0,0.03317963478842934,1
box_sphere_strong_noise_medium_3,strong_noise,4205,1442,0.052363171799170445,0.04394318040115543,0.9940504319975277,201.57650328636865,-0.24116168181747405,1,0.0892825015917267,0
box_sphere_strong_noise_medium_3,strong_noise,4206,470,0.03761174022354238,0.027104803423172286,0.9837339225271502,175.2450849794092,0.0,1,0.05545740314543341,1
box_sphere_strong_noise_medium_3,strong_noise,4207,2530,0.039865794740534415,0.0222662764732632,0.9369321981098855,140.9660057040455,0.5365419744107809,0,0.14161817127515422,0
box_sphere_strong_noise_medium_3,strong_noise,4208,3384,0.029310214296235586,0.01750965459278368,0.8076585040285654,81.66242135490371,-0.04445171909261546,1,0.105976776636273,0
box_sphere_strong_noise_medium_3,strong_noise,4212,1091,0.034320276672978,0.019498884306942074,0.3320546933426523,33.562935286704786,0.01015236511481566,0,0.08372748113885527,0
box_sphere_strong_noise_medium_3,strong_noise,4213,409,0.036327077458248994,0.021683770195969225,0.9857772380876388,226.28173043729237,-0.09455846779261635,1,0.07038783596948515,1
box_sphere_strong_noise_medium_3,strong_noise,4218,2520,0.10129741794985131,0.10105419283976758,0.9700708971524492,268.92817782921577,-0.06680859729123638,0,0.09570085517046038,0
box_sphere_strong_noise_medium_3,strong_noise,4219,2290,0.013932970072265908,0.0015106518345178177,0.989972933758599,208.60793270954753,0.121743279263989,1,0.08443217089033529,0
box_sphere_strong_noise_medium_3,strong_noise,4226,2787,0.11287021240868837,0.11047137282156959,0.9800515396927112,215.96337684818545,0.31845335611897974,0,0.12242573521201991,0
box_sphere_strong_noise_medium_3,strong_noise,4227,1320,0.05109787274479082,0.04171651510108282,0.9172920501551964,58.06913272975148,-0.39938579861732404,0,0.1372428358426058,0
box_sphere_strong_noise_medium_3,strong_noise,4228,2384,0.05463171064766544,0.04929323223467873,0.9700944302258315,210.8138915500319,0.26966331933028354,0,0.06160078936765779,1
box_sphere_strong_noise_medium_3,strong_noise,4230,234,0.029867986389485512,0.027929855803598476,0.6208670641655396,53.31711483941674,0.030771637833434402,1,0.1375125432726419,0
box_sphere_strong_noise_medium_3,strong_noise,4232,1582,0.04299303328193902,0.030031636421265044,0.9854125455522691,255.12317640875432,-0.33213345821145185,0,0.057451801135026785,1
box_sphere_strong_noise_medium_3,strong_noise,4233,842,0.08770268421689507,0.08232494161288394,0.9953526478888317,217.2087163658542,-0.009360433764069953,0,0.053231141443220296,1
box_sphere_strong_noise_medium_3,strong_noise,4234,2882,0.04226014390488274,0.023347016361038638,0.9956764006083891,58.51408992047792,0.13353126762463974,0,0.09613791507115603,0
box_sphere_strong_noise_medium_3,strong_noise,4241,467,0.02758715410249201,0.018272107124083243,0.9504920441135891,119.62251967202099,-0.7375978996540606,1,0.1327776106989403,0
box_sphere_strong_noise_medium_3,strong_noise,4242,144,0.1189589302093513,0.1135131668218019,0.99891937327771,191.8131015434778,0.3535446414475253,0,0.11626972762596052,0
box_sphere_strong_noise_medium_3,strong_noise,4243,2629,0.09105645434150024,0.07756400149062602,0.9975383481359048,192.81240038727623,0.2155961211176579,0,0.043316589493818045,1
box_sphere_strong_noise_medium_3,strong_noise,4257,2827,0.11634361357102005,0.10577650912525703,0.9854740186823354,91.60416268060135,-0.6466262125455513,0,0.11167287075688283,0
box_sphere_strong_noise_medium_3,strong_noise,4258,910,0.08299953814890086,0.08295619148787646,0.9319214622620153,82.41124296436723,-0.1670539308171544,0,0.068531306830123,1
box_sphere_strong_noise_medium_3,strong_noise,4265,3368,0.07525065495634686,0.0624625236879515,0.9969212950433903,171.03623882208532,0.28013458392194845,0,0.06994094755464474,1
box_sphere_strong_noise_medium_3,strong_noise,4269,3109,0.12196525870570454,0.11397561960968002,0.9957595693783922,222.90967014648282,0.010152360882018535,0,0.07533651042720235,1
box_sphere_strong_noise_medium_3,strong_noise,4270,1812,0.09212841581600936,0.08261341381078685,0.9988372059226532,194.51593808129536,0.07729160611988854,0,0.06418174428681411,1
box_sphere_strong_noise_medium_3,strong_noise,4272,1801,0.035195490897790394,0.019969670847798604,0.13873843330286303,87.05681363772504,0.12921163952604883,1,0.12042446907882137,0
box_sphere_strong_noise_medium_3,strong_noise,4274,3247,0.0507102564192265,0.029807853987962846,0.992407727083231,193.15061901217652,0.0689928048203492,1,0.08943690142904732,0
box_sphere_strong_noise_medium_3,strong_noise,4277,2876,0.07163840832658794,0.06974872474685374,0.99873199921236,69.15744315027364,0.03646964826626717,0,0.08766926496792579,0
box_sphere_strong_noise_medium_3,strong_noise,4280,2914,0.05003257712390139,0.03415573205319071,0.9886033698489425,227.26845913408206,0.18005123564053357,1,0.09656755801201351,0
box_sphere_strong_noise_medium_3,strong_noise,4281,1192,0.011867111868408112,0.0076333721779587955,0.9954379080532714,68.98997190717951,-0.1670539308171544,1,0.07748136658327108,1
box_sphere_strong_noise_medium_3,strong_noise,4283,109,0.047355506843147356,0.04726806727921932,0.995040980773967,196.97117466851444,-0.05192000832783077,1,0.08986927786412698,0
box_sphere_strong_noise_medium_3,strong_noise,4293,2615,0.10032441935963966,0.09698172791897793,0.9910210500635857,224.32441994957074,0.0816112533444393,0,0.06146864691354918,1
box_sphere_strong_noise_medium_3,strong_noise,4294,1531,0.02671184780980555,0.021151331373831656,0.7363124210292996,54.33699876733517,0.013730183134489475,1,0.10011421521904731,0
box_sphere_strong_noise_medium_3,strong_noise,4297,791,0.15371886251749234,0.1535870499324257,0.9338210197220318,43.24734631295462,0.24838591383314979,0,0.09016267614553597,0
box_sphere_strong_noise_medium_3,strong_noise,4298,2611,0.055290658263895356,0.05528539444820586,0.2325450398951602,32.63533307813829,0.2894660099316751,0,0.17145944910309818,0
box_sphere_strong_noise_medium_3,strong_noise,4299,2925,0.03276226082417381,0.028047821038901008,0.9947159858407347,122.03496560127284,-0.018018485502700406,1,0.08662212720333122,0
box_sphere_strong_noise_medium_3,strong_noise,4300,1426,0.04043218789739928,0.03871540683822102,0.8187837006564977,79.49127150580594,0.18005123564053357,1,0.08264309253997658,0
box_sphere_strong_noise_medium_3,strong_noise,4301,3292,0.07842734994085043,0.07530777018525237,0.9962519357532474,82.56681126768362,0.24838591383314979,0,0.12062398463855983,0
box_sphere_strong_noise_medium_3,strong_noise,4310,2665,0.015479264655085955,0.015264089533185043,0.9888504031202069,38.65785006246804,-0.24116190681698177,1,0.12251408453798124,0
box_sphere_strong_noise_medium_3,strong_noise,4316,1458,0.0452068368215841,0.03530117001838232,0.9978164759328225,208.5040414990899,0.3535446414475253,1,0.11408055140633254,0
box_sphere_strong_noise_medium_3,strong_noise,4317,1808,0.05584268522922323,0.041611506644742134,0.9424438671407372,87.2639342359199,-0.11754802863433354,0,0.11902215010840071,0
box_sphere_strong_noise_medium_3,strong_noise,4319,2530,0.0802860800065782,0.07247386492333932,0.9656610585953948,135.08169265461004,0.6145034591237775,0,0.13705764482651747,0
box_sphere_strong_noise_medium_3,strong_noise,4322,2252,0.03886129375746918,0.0012528542559674099,0.9785854456456248,43.38803977708115,-0.4960539532201283,1,0.15803310553634495,0
box_sphere_strong_noise_medium_3,strong_noise,4326,3338,0.022084692984053383,0.012140623962942278,0.9986409291450403,178.87713404081512,-0.12993624214034866,1,0.05827613458958944,1
box_sphere_strong_noise_medium_3,strong_noise,4328,3073,0.0700047932378794,0.0668791074388733,0.9801680215181984,115.91644605329425,-0.2856135031825406,1,0.08366019268452804,0
box_sphere_strong_noise_medium_3,strong_noise,4332,1124,0.05152080536672452,0.03876314147317188,0.9542866722498965,240.5664737604279,-0.0808193262264909,1,0.060032574099356494,1
box_sphere_strong_noise_medium_3,strong_noise,4339,2334,0.0988397689076094,0.09263033809600991,0.942222538192785,48.15902323558229,-0.058840446689648565,0,0.037262186356735644,1
box_sphere_strong_noise_medium_3,strong_noise,4342,3007,0.059962586000560765,0.03799225255882493,0.8211526376187386,60.81281592054807,-0.09455846779261635,0,0.05410911985758731,1
box_sphere_strong_noise_medium_3,strong_noise,4346,2929,0.07440668763926746,0.06879775039652157,0.9885806695945931,179.50703152647074,0.11023570916343348,0,0.10633123977435721,0
box_sphere_strong_noise_medium_3,strong_noise,4347,758,0.02643017988259146,0.003069096246678317,0.9665613823818906,49.27618411904126,-0.5094256135476845,0,0.09232619156028139,0
box_sphere_strong_noise_medium_3,strong_noise,4349,1321,0.06811773967829376,0.061878460068628904,0.988352544782964,224.93673647096622,0.14830256555173468,0,0.05170643474545673,1
box_sphere_strong_noise_medium_3,strong_noise,4350,2653,0.03174232292281189,0.028918074431948135,0.9701096460024059,82.77637123167497,-0.2411617410278298,1,0.1302937408749967,0
box_sphere_strong_noise_medium_3,strong_noise,4356,1879,0.06183778918479908,0.061621529804205266,0.9934192066755383,88.53880707451331,-0.24116179594760623,1,0.09798259578692137,0
box_sphere_strong_noise_medium_3,strong_noise,4357,2616,0.029724224698781384,0.007514458950034168,0.9658878889497886,140.1679718448523,0.04651996801589379,1,0.08728747011718839,0
box_sphere_strong_noise_medium_3,strong_noise,4366,1434,0.05542644545112332,0.037080649691797425,0.9990443621517465,201.38340560787006,-0.009360433764069953,0,0.11739954069882168,0
box_sphere_strong_noise_medium_3,strong_noise,4367,1979,0.02910438633658977,0.02244998701256366,0.8940049148618021,31.412203863933893,-0.6588967570655893,0,0.12126126977841342,0
box_sphere_strong_noise_medium_3,strong_noise,4368,2769,0.08854893289286273,0.0743932328520844,0.97436569985913,48.47804474991925,0.4054647747751088,0,0.06951965215570217,1
box_sphere_strong_noise_medium_3,strong_noise,4369,1312,0.05231499039742731,0.05027723686332906,0.9995705111785715,53.76750122010672,-0.13580142264064687,0,0.06873079809880395,1
box_sphere_strong_noise_medium_3,strong_noise,4372,150,0.1000068812069215,0.09602082205280953,0.9931968323847621,249.49076176156322,-0.3746928244424654,0,0.11894212844441329,0
box_sphere_strong_noise_medium_3,strong_noise,4375,2755,0.05175186741901641,0.05153458722610846,0.9961750385605028,180.5297821921844,0.14183000150008945,1,0.08679008789305963,0
box_sphere_strong_noise_medium_3,strong_noise,4378,1233,0.04766963971550404,0.013723745494817627,0.9952121667710229,214.48058551263676,0.1837209199540654,0,0.08934214933178342,0
box_sphere_strong_noise_medium_3,strong_noise,4381,2164,0.05328384920236456,0.044673573236980436,0.998243204438635,241.89349743269855,-0.24116170387623062,1,0.05922963191122566,1
box_sphere_strong_noise_medium_3,strong_noise,4383,2336,0.04323430976736011,0.03737909050457409,0.9972675794073786,169.82926858575942,-0.11332856530713019,1,0.061228460196817415,1
box_sphere_strong_noise_medium_3,strong_noise,4384,2290,0.038620717434294835,0.029561762253093038,0.9920365978801756,217.32488076555794,-0.06931170120615888,0,0.08985566964184737,0
box_sphere_strong_noise_medium_3,strong_noise,4386,1859,0.06765202363732814,0.06392592571675082,0.9929839597440491,117.82140633919992,0.016667031094864893,1,0.08215144723370728,0
box_sphere_strong_noise_medium_3,strong_noise,4387,223,0.018441963561447,0.010687935580309707,0.9407319174436343,52.242213799761124,-0.11332856530713019,1,0.08263990944868073,0
box_sphere_strong_noise_medium_3,strong_noise,4393,3299,0.06122164888926933,0.05253691668171987,0.9998964709847207,169.56212608787803,0.2155961211176579,0,0.04830975403435687,1
box_sphere_strong_noise_medium_3,strong_noise,4397,2179,0.024262860022624528,0.022161714183014283,0.9971618641136674,230.56517710299724,-0.018018480502712958,1,0.08236187181327062,0
box_sphere_strong_noise_medium_3,strong_noise,4406,1719,0.028013187471348126,0.013551493145998138,0.9904096019140387,151.63702748632966,-0.150190108839097,1,0.10241839528036194,0
box_sphere_strong_noise_medium_3,strong_noise,4407,1749,0.01654317908195926,0.0022941741021508416,0.997057519592389,132.20975223900274,-0.19860223225338763,1,0.11391841702936109,0
box_sphere_strong_noise_medium_3,strong_noise,4419,3106,0.0390411996931013,0.007897062973158255,0.9973134316630823,105.9372010945208,-0.24116175681726298,0,0.08892471039122687,0
box_sphere_strong_noise_medium_3,strong_noise,4421,2896,0.09815483149941269,0.09315486232639092,0.9720558519443898,133.01387493843401,-0.04049131084974947,0,0.07263341006499699,1
box_sphere_strong_noise_medium_3,strong_noise,4423,2452,0.07807525181503108,0.07430377426253167,0.9797318057897009,141.1363381462866,-0.11332856530713019,0,0.09895820118636721,0
box_sphere_strong_noise_medium_3,strong_noise,4428,994,0.052666380871116567,0.0411060110029333,0.9968144573395008,117.96600688017139,0.1445002498776597,1,0.04970212975300886,1
box_sphere_strong_noise_medium_3,strong_noise,4429,1279,0.028127905231397802,0.01215413591382067,0.9692880052229172,200.2046271418911,-0.24116179594760623,1,0.05744196699299436,1
box_sphere_strong_noise_medium_3,strong_noise,4431,2713,0.04673573172787333,0.0331767802164143,0.053676623717318614,48.21346988876662,0.01015236511481566,0,0.13908235145009046,0
box_sphere_strong_noise_medium_3,strong_noise,4432,1499,0.05024384656052249,0.05010399129643653,0.9906746638661076,219.18475849758994,-0.0275879272148308,1,0.07884844048022013,1
box_sphere_strong_noise_medium_3,strong_noise,4435,426,0.10362012106719148,0.06091253955671884,0.9506566238388763,87.56114232831692,-0.10763054514487824,0,0.03801613358807443,1
box_sphere_strong_noise_medium_3,strong_noise,4437,3157,0.046918710058178194,0.04082662118467508,0.9977410756892902,153.5190917862587,-0.12337890079025166,0,0.09315435949479758,0
box_sphere_strong_noise_medium_3,strong_noise,4441,3276,0.03501079929301925,0.0224582050115092,0.9993834234008838,238.8759806254685,0.03327475099017847,1,0.09939214876934563,0
box_sphere_strong_noise_medium_3,strong_noise,4442,94,0.05055763098710744,0.03336480560704561,0.9587549484203987,64.05126078572363,-0.3465222687712793,1,0.06632062068553642,1
box_sphere_strong_noise_medium_3,strong_noise,4443,2701,0.036436119165430735,0.03509537634194776,0.9570686065931704,48.893607689641364,-0.045417452063181984,1,0.10287176967030409,0
box_sphere_strong_noise_medium_3,strong_noise,4446,2450,0.07151158026552186,0.06910818932763907,0.9901263757700477,190.9349224024362,0.1155127728362431,0,0.07843724051430953,1
box_sphere_strong_noise_medium_3,strong_noise,4450,3295,0.05326379424732686,0.049561972549961364,0.9997770395964044,207.58936233794634,-0.08701126587866065,1,0.08295754630171417,0
box_sphere_strong_noise_medium_3,strong_noise,4456,1043,0.1133401138276676,0.11013126872102133,0.9915081332796943,87.10907191114622,-0.14107842282152755,0,0.0723634302885207,1
box_sphere_strong_noise_medium_3,strong_noise,4457,841,0.02730191487319588,0.013537755748679398,0.8398112961510728,67.82168794889671,0.3313568539034027,0,0.1421705452652203,0
box_sphere_strong_noise_medium_3,strong_noise,4459,3136,0.11290040359765037,0.10925856906320243,0.9608258265926022,63.869455918841524,-0.2856135031825406,0,0.056400039089276786,1
box_sphere_strong_noise_medium_3,strong_noise,4460,1884,0.11314801528630937,0.10234775880212416,0.9571750116949767,119.09762398751768,0.5007748545795387,0,0.12393302051393663,0
box_sphere_strong_noise_medium_3,strong_noise,4470,1384,0.06960644760904958,0.05007916265024799,0.9119771423472217,80.3607862031647,-0.009360433764069953,0,0.0680396314861222,1
box_sphere_strong_noise_medium_3,strong_noise,4473,2735,0.03849973536280877,0.028486958428218613,0.9978575983433201,222.6095822175055,0.30888389035928987,0,0.07346620732457967,1
box_sphere_strong_noise_medium_3,strong_noise,4475,1760,0.043836284309000544,0.035576036531723594,0.9553997016684039,85.53356531941127,-0.24116179594760623,1,0.09374666710522435,0
box_sphere_strong_noise_medium_3,strong_noise,4478,2190,0.030546824881222144,0.007495614324471024,0.9978552977148524,135.92822461252737,-0.09806112599680523,1,0.11082564242227837,0
box_sphere_strong_noise_medium_3,strong_noise,4490,1803,0.09869309170464695,0.09785943925336499,0.9841559288068338,166.688118578554,0.26966327806052487,0,0.08482480576929058,0
box_sphere_strong_noise_medium_3,strong_noise,4493,3205,0.10562077228537414,0.0980900178551571,0.9885332302382728,158.7033490121131,-0.09806112599680523,0,0.05032736508786683,1
box_sphere_strong_noise_medium_3,strong_noise,4496,2355,0.06434618211251027,0.043767339390556124,0.7855473175518806,113.76717395110627,-0.04445171909261546,0,0.10890211090383133,0
box_sphere_strong_noise_medium_3,strong_noise,4498,974,0.08825051067939786,0.08733042644301017,0.9984819176795073,87.77619959681479,0.04651996801589379,0,0.13121833790427517,0
box_sphere_strong_noise_medium_3,strong_noise,4499,1484,0.05442592406125996,0.04312751522740706,0.9896992967348631,168.94264871790972,0.1304013651329752,0,0.02849445323737849,1
box_sphere_strong_noise_medium_3,strong_noise,4506,2866,0.034550635952636626,0.03350253541646202,0.8861632264734648,89.63955384056698,0.1155127728362431,1,0.08366022410189265,0
box_sphere_strong_noise_medium_3,strong_noise,4508,3272,0.02659902232844745,0.002438273064647411,0.9582914356821449,81.90402928403488,-0.06789029377383532,0,0.15475946377810315,0
box_sphere_strong_noise_medium_3,strong_noise,4510,1321,0.039027425025593115,0.02807767954833424,0.9892383216249223,259.4827215928868,0.0816112533444393,1,0.06942895436527809,1
box_sphere_strong_noise_medium_3,strong_noise,4511,2779,0.06652243049013941,0.050773106057443756,0.9612475955805212,76.8358400620437,0.24067580598642396,1,0.1092061142216762,0
box_sphere_strong_noise_medium_3,strong_noise,4517,139,0.013623464375812454,0.012573161044545113,0.9687613572772485,71.7644562431155,0.17435328047817664,1,0.11079274268618697,0
box_sphere_strong_noise_medium_3,strong_noise,4519,1039,0.12923305781387903,0.12833711600992997,0.9931260569796686,96.49858919771171,0.21082286779215872,0,0.09833542922206014,0
box_sphere_strong_noise_medium_3,strong_noise,4523,1602,0.11169096097723234,0.11142770749229387,0.9576174764410769,58.101033177964936,-0.41551499062883424,0,0.05128733121273547,1
box_sphere_strong_noise_medium_3,strong_noise,4526,1727,0.022004094233986943,0.017763304305463974,0.7717663590191237,71.0172284423771,-0.13580142264064687,1,0.08991910733910552,0
box_sphere_strong_noise_medium_3,strong_noise,4528,1057,0.08675075044929945,0.08089463937471854,0.9992675208850311,152.65500971937257,-0.14107842282152755,0,0.03396504018702861,1
box_sphere_strong_noise_medium_3,strong_noise,4535,2038,0.07248341702249643,0.07245303583903129,0.9797025266848867,142.53729907377317,0.0816112533444393,0,0.05177017756182999,1
box_sphere_strong_noise_medium_3,strong_noise,4540,2012,0.11292364354007396,0.10291899697973067,0.9693248267245765,68.97312230878143,-0.24116179594760623,0,0.04313390780321158,1
box_sphere_strong_noise_medium_3,strong_noise,4543,1855,0.01665982558709165,0.006505965933328736,0.9947626746834916,193.87179759299173,0.16430288462477893,1,0.06856520086348927,1
box_sphere_strong_noise_medium_3,strong_noise,4544,1575,0.04512530905113786,0.01610813285673804,0.7838909702029977,62.45183190392411,-0.5288437033430939,0,0.1407335360430359,0
box_sphere_strong_noise_medium_3,strong_noise,4546,2819,0.05410394222728076,0.039284693519780735,0.9935614966667521,144.55504856637808,0.24838591383314979,0,0.13731041471802416,0
box_sphere_strong_noise_medium_3,strong_noise,4550,980,0.04586174119834387,0.03266191468573248,0.9978980789055344,170.26053373507114,0.09531007980442975,0,0.09843377448963486,0
box_sphere_strong_noise_medium_3,strong_noise,4551,1416,0.011946011466312478,0.0016830106080876273,0.9803769560592657,188.17716852459543,-0.18400338153940338,1,0.0901112000122597,0
box_sphere_strong_noise_medium_3,strong_noise,4553,1289,0.08225782606459105,0.07646280665560448,0.9606559455221068,147.26938473740233,-0.11332856530713019,0,0.06194530013850785,1
box_sphere_strong_noise_medium_3,strong_noise,4554,398,0.027673807579476416,0.019279987008456474,0.9735315796325289,218.12917713922369,0.030771617000143317,1,0.09711792113626627,0
box_sphere_strong_noise_medium_3,strong_noise,4557,2462,0.04034534327581095,0.012734630653362012,0.9887155401751135,148.47776459470822,0.07729160611988854,0,0.04988483478711549,1
box_sphere_strong_noise_medium_3,strong_noise,4558,1825,0.09830052043396671,0.08236170384731603,0.9938604437694991,227.8979508838891,0.08734190793304553,0,0.02639103443549522,1
box_sphere_strong_noise_medium_3,strong_noise,4560,2962,0.06671582645065648,0.060450047928503496,0.9934558965357614,239.76067991648523,0.1155127728362431,0,0.028852236110926233,1
box_sphere_strong_noise_medium_3,strong_noise,4563,575,0.07808600668605131,0.07546194620294447,0.4388117879957021,72.93456993527391,0.10178259753584092,0,0.17817335315365368,0
box_sphere_strong_noise_medium_3,strong_noise,4565,2774,0.02528064473791796,0.01357245878970188,0.9741169907831687,217.04527146245292,0.24838591383314979,1,0.10478267352705269,0
box_sphere_strong_noise_medium_3,strong_noise,4569,2620,0.024329867263648386,0.006859243389643121,0.915853821948145,276.16789520548355,-0.10139999705056109,1,0.0837209000285354,0
box_sphere_strong_noise_medium_3,strong_noise,4571,2602,0.036006272875429464,0.019041838563198486,0.9863971642491806,208.98068180127123,-0.08701129365637626,1,0.09110498463649071,0
box_sphere_strong_noise_medium_3,strong_noise,4575,787,0.024897123926857216,0.017769472040895296,0.964761192310594,247.03781320903627,-0.11332856530713019,1,0.09509969648617457,0
box_sphere_strong_noise_medium_3,strong_noise,4576,3110,0.029970602623385027,0.009575136857758917,0.9766133020687139,89.11882741361435,0.6430398113071668,1,0.073714209364223,1
box_sphere_strong_noise_medium_3,strong_noise,4577,186,0.09086092973521841,0.08701783427037575,0.3224660455515843,59.54798319775371,-0.1670539308171544,0,0.17506856240215146,0
box_sphere_strong_noise_medium_3,strong_noise,4578,1844,0.014185603638171925,0.011900670158472734,0.9510326846979129,93.93588448553754,0.05510371865434255,1,0.12115530526881063,0
box_sphere_strong_noise_medium_3,strong_noise,4579,992,0.09713850805413694,0.0927068397433454,0.9939926518031934,70.80433156194849,0.1643028661063003,0,0.07695443558248587,1
box_sphere_strong_noise_medium_3,strong_noise,4585,2953,0.06074159862574262,0.060112372861527416,0.9931211103988054,220.93005648224235,0.04651996801589379,0,0.05639328918770373,1
box_sphere_strong_noise_medium_3,strong_noise,4591,911,0.05277104334287911,0.03920526329256216,0.8360758575905427,101.895486547644,0.05608942049723534,0,0.08356130338813526,0
box_sphere_strong_noise_medium_3,strong_noise,4592,3324,0.048787767524744466,0.025291143295085045,0.8023825845977943,40.372710815661435,-0.4760013359929926,0,0.12065425147291668,0
box_sphere_strong_noise_medium_3,strong_noise,4593,1415,0.035082560590337625,0.00027387332608273416,0.3717485900680264,77.2476571388965,0.03646964826626717,0,0.05948336582242733,1
box_sphere_strong_noise_medium_3,strong_noise,4596,199,0.049593237752507936,0.03727317113517065,0.9870644859281714,137.9767388901202,0.2051247908118496,0,0.10427464415768134,0
box_sphere_strong_noise_medium_3,strong_noise,4597,1678,0.03271354461574254,0.005712479466774874,0.9749627787738646,213.71984915061725,-0.06680859729123638,1,0.0930391574091084,0
box_sphere_strong_noise_medium_3,strong_noise,4604,924,0.10090025587012513,0.09801220053615844,0.9866053055650252,156.95631266712243,-0.2924549775207088,0,0.09987871339887938,0
