sample_id,scenario,source_index,target_index,distance_T0,point_to_plane_residual,normal_dot_abs,fpfh_distance,log_normalized_density_ratio,is_mutual_nn,label_distance,target_weight
boxes_cylinder_static_noise_hard_mixed,static_noise,1,440,0.04411079288443914,0.02928194867130145,0.9704375087961713,61.268188966440455,-0.1091992062507737,0,0.07849321213061924,1
boxes_cylinder_static_noise_hard_mixed,static_noise,2,1756,0.07014403192669322,0.06665581626081017,0.97575855804187,77.84772935150274,-0.1925806800347319,1,0.10285646024920626,0
boxes_cylinder_static_noise_hard_mixed,static_noise,5,2952,0.11368391772587136,0.0977996130612597,0.9103002112296568,99.97889574825119,-0.05204079642582526,0,0.04852514954808314,1
boxes_cylinder_static_noise_hard_mixed,static_noise,6,320,0.09045180062034691,0.09019095613409997,0.9176780535426242,82.62592047445109,0.004129389056301473,1,0.11483960679962651,0
boxes_cylinder_static_noise_hard_mixed,static_noise,7,1561,0.0978392100768848,0.08931269322002292,0.9960624305907109,31.139713590914972,-0.018227490984966586,0,0.02707865161398911,1
boxes_cylinder_static_noise_hard_mixed,static_noise,8,758,0.05746553276503594,0.04615910974263915,0.9608144270714406,67.09537315258645,0.0085837344321421,0,0.06948348132261463,1
boxes_cylinder_static_noise_hard_mixed,static_noise,9,2810,0.08309235914213779,0.05829608726484227,0.988499397300786,59.60954996950889,0.004129389056301473,0,0.055814036259315955,1
boxes_cylinder_static_noise_hard_mixed,static_noise,15,712,0.07337604752960605,0.06686242287871749,0.9960637044171414,64.46802469153059,-0.010759209453472439,0,0.057082786187985235,1
boxes_cylinder_static_noise_hard_mixed,static_noise,19,3091,0.09758502730210637,0.09468541085142591,0.9929465856125503,112.72565143649383,0.23910717191128975,0,0.10269758579043206,0
boxes_cylinder_static_noise_hard_mixed,static_noise,25,534,0.04000691755883924,0.0049629325306498545,0.7954100381489777,82.53044174156275,-0.12940192744581672,0,0.08008683867862587,0
boxes_cylinder_static_noise_hard_mixed,static_noise,28,1524,0.06479866818327132,0.04667914146571186,0.9887919948461168,54.53813092292344,0.02433207089766218,0,0.10228195920980458,0
boxes_cylinder_static_noise_hard_mixed,static_noise,30,2644,0.06580904883695061,0.045321029144847716,0.9876492323547853,47.17215366880221,0.004129389056301473,1,0.08159444916241995,0
boxes_cylinder_static_noise_hard_mixed,static_noise,32,3259,0.0603896388607331,0.05810523774726443,0.9596908138911193,45.157230017867874,-0.019587117203889573,0,0.06585613653253375,1
boxes_cylinder_static_noise_hard_mixed,static_noise,33,2758,0.062221253092209425,0.05495976415040873,0.8548719135900342,55.79482725482734,0.07801219273438752,0,0.09882878250767728,0
boxes_cylinder_static_noise_hard_mixed,static_noise,34,0,0.029656403018429478,0.027462177363176046,0.9272702556820457,54.78466485341512,-0.1442904726138348,0,0.09088168930944496,0
boxes_cylinder_static_noise_hard_mixed,static_noise,35,925,0.03185079042264899,0.03054560899706154,0.9967414885360851,83.9748808809381,0.20925423460828868,1,0.11321284453738203,0
boxes_cylinder_static_noise_hard_mixed,static_noise,37,2204,0.05637876757150021,0.020175386283719517,0.9456989648348912,45.98083856799179,-0.15002111815210303,0,0.07643422465500015,1
boxes_cylinder_static_noise_hard_mixed,static_noise,44,2366,0.05253035731659083,0.050529214354825984,0.9615080379295694,61.37856860899284,-0.06663959964773636,0,0.054811808948870465,1
boxes_cylinder_static_noise_hard_mixed,static_noise,45,434,0.04025403709372753,0.036083003820798536,0.6733989336055668,41.271330650706545,0.013403015077190031,1,0.09021498384835241,0
boxes_cylinder_static_noise_hard_mixed,static_noise,50,497,0.014391212363950887,0.014100301977850463,0.7971705851087726,44.3755984544665,0.07312221244804783,1,0.10482040239389594,0
boxes_cylinder_static_noise_hard_mixed,static_noise,51,625,0.027856093889469295,0.025675893372538974,0.9902231533399887,22.490419786612495,-0.18151983319586076,1,0.10239508430704472,0
boxes_cylinder_static_noise_hard_mixed,static_noise,54,787,0.04951477106865738,0.011829204086921365,0.9362191499525444,86.37569584193238,-0.3605133022569698,0,0.14742065454808337,0
boxes_cylinder_static_noise_hard_mixed,static_noise,56,1754,0.05676290945936602,0.04995001836803675,0.9973767009329494,46.19965350401403,0.018634057726736597,1,0.05122839638671024,1
boxes_cylinder_static_noise_hard_mixed,static_noise,58,616,0.03149172036634929,0.01824834052143608,0.9564896669974673,66.91765539183042,-0.029156552240208734,1,0.08877984798226966,0
boxes_cylinder_static_noise_hard_mixed,static_noise,59,2964,0.035136018548990545,0.018173788447980073,0.38597153710652754,59.891596150700316,0.14862971172220968,0,0.12537552800580046,0
boxes_cylinder_static_noise_hard_mixed,static_noise,61,2392,0.08983047171302579,0.05888717554424942,0.972481109854731,105.4430574777031,-0.06474745034287126,0,0.025390398860246608,1
boxes_cylinder_static_noise_hard_mixed,static_noise,63,48,0.09423997446665965,0.09365936017421934,0.9988216800260659,61.495471412874174,0.08751090756066807,0,0.03404881571131335,1
boxes_cylinder_static_noise_hard_mixed,static_noise,64,616,0.06489783220836003,0.04811224618750792,0.9951375361118476,91.78908499574558,-0.19621043410641903,0,0.041015819588053115,1
boxes_cylinder_static_noise_hard_mixed,static_noise,66,1586,0.028737727132690776,0.01912278915097447,0.7483909644285179,57.031774968570915,0.07312217316241083,1,0.12526869890919207,0
boxes_cylinder_static_noise_hard_mixed,static_noise,69,1476,0.04544345185282441,0.03956272829873381,0.9279673438486825,38.09420956347932,-0.10919920105597675,0,0.12233867246628548,0
boxes_cylinder_static_noise_hard_mixed,static_noise,71,2015,0.016840302123003015,0.007227524499766285,0.921365217186685,49.312157683393686,-0.16184290833338172,1,0.06101543083426278,1
boxes_cylinder_static_noise_hard_mixed,static_noise,73,2336,0.01797977636107176,0.004699268105102,0.9555431281088375,50.799383107792394,-0.10919917658049856,1,0.09004197579692942,0
boxes_cylinder_static_noise_hard_mixed,static_noise,74,1013,0.09403480160476808,0.08633918082431892,0.9974203485115487,24.745325210220138,-0.07283157504286702,0,0.01219107824987202,1
boxes_cylinder_static_noise_hard_mixed,static_noise,76,870,0.018412906897284077,0.011794968484646826,0.9387103625196811,39.09663561877132,0.40162597346798934,1,0.08666043452460766,0
boxes_cylinder_static_noise_hard_mixed,static_noise,77,1421,0.09071153552304449,0.08735362172363759,0.9769234658583901,109.94244315836141,0.013403015077190031,0,0.07363930126026877,1
boxes_cylinder_static_noise_hard_mixed,static_noise,78,2258,0.05854263356372911,0.0510057277028226,0.9991500995375939,57.74116488338735,0.12441539912900018,0,0.05500859944866631,1
boxes_cylinder_static_noise_hard_mixed,static_noise,81,1255,0.06555315154569152,0.06305986552216997,0.9889402445189156,41.46052860516518,-0.02218789729860855,1,0.023910393948613662,1
boxes_cylinder_static_noise_hard_mixed,static_noise,85,1456,0.061640290440783486,0.043828127012369315,0.9987303133916381,79.6136207247366,0.07312217316241083,1,0.014529532470945664,1
boxes_cylinder_static_noise_hard_mixed,static_noise,87,1440,0.03534284661174909,0.032145732693569525,0.7141841299452153,48.10410881926282,0.3290552744504414,0,0.04942899945878977,1
boxes_cylinder_static_noise_hard_mixed,static_noise,88,2185,0.03589009492736007,0.03127861802805608,0.9823894995708388,55.7112858666992,-0.4046632032602185,1,0.08159654419677777,0
boxes_cylinder_static_noise_hard_mixed,static_noise,90,107,0.05505688357889987,0.04389759719594773,0.929919349336128,29.723525630045202,-0.05918883073995203,0,0.09411006334750956,0
boxes_cylinder_static_noise_hard_mixed,static_noise,98,2846,0.025387183986933605,0.025268271698287798,0.9315906783088292,33.906246610687575,-0.20017081965343483,1,0.11237135955408209,0
boxes_cylinder_static_noise_hard_mixed,static_noise,99,1950,0.028434187365682657,0.017854420054773015,0.9715724963804975,107.93911894819439,-0.06373687809497773,1,0.08781648098641129,0
boxes_cylinder_static_noise_hard_mixed,static_noise,108,634,0.09134214846949949,0.08329722266439406,0.9972975561789278,37.052203660293685,-0.14841984511844597,0,0.03631186868404731,1
boxes_cylinder_static_noise_hard_mixed,static_noise,109,1231,0.028571214367712573,0.020434347932346705,0.9842435736172368,39.22439748957147,-0.18716069965101592,1,0.0649116038235619,1
boxes_cylinder_static_noise_hard_mixed,static_noise,110,2517,0.042926537042341076,0.023568686037538502,0.9571493544206748,66.07658975714696,-0.2427303869708337,0,0.13105489369539877,0
boxes_cylinder_static_noise_hard_mixed,static_noise,113,2314,0.06347412118010741,0.059559529403888874,0.9991393277435473,30.154400292474698,-0.15365086678902007,0,0.0549682147948905,1
boxes_cylinder_static_noise_hard_mixed,static_noise,123,2637,0.03726684286809891,0.02386678801086758,0.9613451219522267,53.803043421969555,-0.15002111815210303,1,0.06537751611436186,1
boxes_cylinder_static_noise_hard_mixed,static_noise,125,1354,0.048689522285844486,0.018008315827843888,0.9961938340093435,55.251216886481345,-0.1604923600370729,0,0.12228929180057088,0
boxes_cylinder_static_noise_hard_mixed,static_noise,126,181,0.03795725080373351,0.0066642468994006785,0.9099812740990598,61.694216943854286,0.5598498062382441,0,0.12042455556851739,0
boxes_cylinder_static_noise_hard_mixed,static_noise,128,2745,0.04652681087416793,0.038970177923186605,0.05138490004407509,39.70039266436212,0.021420877637651766,0,0.05190326080394985,1
boxes_cylinder_static_noise_hard_mixed,static_noise,130,1946,0.08839601216137226,0.08603329140306647,0.031067088434669984,76.60290960718307,0.36080407478093673,0,0.13355014878259375,0
boxes_cylinder_static_noise_hard_mixed,static_noise,132,991,0.09026844630032206,0.08189077935117865,0.9744279339916692,60.71939291224561,-0.23180135318805384,0,0.09225005447637356,0
boxes_cylinder_static_noise_hard_mixed,static_noise,142,2988,0.036844995537845336,0.030591085236579173,0.9831387430185601,45.86569542450155,0.18805206007452502,0,0.09281251910067585,0
boxes_cylinder_static_noise_hard_mixed,static_noise,145,162,0.0773946988137939,0.0762844769888885,0.8805840137467322,28.890903279181728,-0.06040908731939674,0,0.06425292950723585,1
boxes_cylinder_static_noise_hard_mixed,static_noise,148,235,0.031086722917054513,0.021237257184085617,0.979751414003474,62.42470361127239,0.6054535804028593,0,0.11423994228749558,0
boxes_cylinder_static_noise_hard_mixed,static_noise,155,117,0.042349363161003566,0.03814710071774022,0.9987977071498653,114.44115734400276,0.14211497229493963,1,0.06854530455557835,1
boxes_cylinder_static_noise_hard_mixed,static_noise,157,3171,0.11560315267868565,0.1123587818729887,0.9982511380572334,30.957116839431936,-0.06837722077815629,0,0.009589011095783534,1
boxes_cylinder_static_noise_hard_mixed,static_noise,162,3302,0.029266719299223636,0.022365684508066502,0.13956046044281412,62.37541186925099,0.07801219273438752,1,0.07868460237653602,1
boxes_cylinder_static_noise_hard_mixed,static_noise,163,538,0.1014902771361607,0.10076222803023782,0.9752775778171101,31.08306831834365,0.04495134976706062,0,0.04791954743764143,1
boxes_cylinder_static_noise_hard_mixed,static_noise,164,2796,0.02351272091422877,0.022340917390905615,0.9420300955052521,31.274215616850498,0.31568369498683624,1,0.11541700176376439,0
boxes_cylinder_static_noise_hard_mixed,static_noise,167,107,0.06386161838986128,0.0519541609290724,0.9556822893113355,28.7248343847989,0.01142868824787007,0,0.06287801668066034,1
boxes_cylinder_static_noise_hard_mixed,static_noise,168,1186,0.04056759244878085,0.02613376059291624,0.997743766523254,111.45314251637578,-0.1091991252985799,0,0.1005840732092275,0
boxes_cylinder_static_noise_hard_mixed,static_noise,170,2932,0.06257628247680926,0.03997039696671266,0.9903864638249246,81.78159824249653,0.40959415192666837,0,0.0998175316310926,0
boxes_cylinder_static_noise_hard_mixed,static_noise,171,408,0.11756792912490145,0.11136641810637377,0.9956625189968058,53.557354264741534,0.06515401708464129,0,0.020340826574946125,1
boxes_cylinder_static_noise_hard_mixed,static_noise,172,659,0.06440502110190532,0.06198197274779505,0.9797092062723826,40.06658656600017,0.16273417947139754,0,0.01859122914687715,1
boxes_cylinder_static_noise_hard_mixed,static_noise,174,2638,0.04112563257856269,0.038980678129677544,0.9987836290681426,58.43377441321495,-0.06040904684328761,1,0.05202756804609281,1
boxes_cylinder_static_noise_hard_mixed,static_noise,178,294,0.0449579815421607,0.033846194860637155,0.15549734737993529,38.93280318663264,0.06773136126823728,0,0.09816384395216365,0
boxes_cylinder_static_noise_hard_mixed,static_noise,180,3128,0.03757835060198728,0.034311385180296645,0.9995539391429933,35.46767164954901,0.17848254437599095,0,0.07298064626100127,1
boxes_cylinder_static_noise_hard_mixed,static_noise,182,2851,0.044604907544786174,0.024237699637669117,0.9301930244299781,62.04052061179021,-0.37156310643303414,0,0.09471516424017272,0
boxes_cylinder_static_noise_hard_mixed,static_noise,183,1727,0.012216729919332217,0.005905205720867996,0.40150357708190465,86.373557017951,-0.01388910306976409,1,0.09208462005837455,0
boxes_cylinder_static_noise_hard_mixed,static_noise,184,228,0.06293210315934376,0.0563239715515645,0.9994500963593372,61.288193436777114,-0.1663574443674439,0,0.07775853550191851,1
boxes_cylinder_static_noise_hard_mixed,static_noise,185,1026,0.05477534443781912,0.040931472416207176,0.9302555655821957,37.24934426270615,0.3106542517322136,1,0.12213647684406138,0
boxes_cylinder_static_noise_hard_mixed,static_noise,190,2051,0.059478489883171795,0.043516347297564394,0.1731997966438592,64.98457435776244,-0.007416590742613692,0,0.12746854429267357,0
boxes_cylinder_static_noise_hard_mixed,static_noise,193,1362,0.020573182898252648,0.00961921458487464,0.97312938665365,25.915354287538353,0.013403015077190031,0,0.05482595323236639,1
boxes_cylinder_static_noise_hard_mixed,static_noise,195,1384,0.06411285896274194,0.06309849238598458,0.9430314969307185,84.33283210530672,-0.07283157504286702,0,0.09262727024524092,0
boxes_cylinder_static_noise_hard_mixed,static_noise,196,1918,0.04409287911013438,0.041159908987562284,0.8652997996034908,89.95099974913545,-0.06837722077815629,0,0.08755262165003601,0
boxes_cylinder_static_noise_hard_mixed,static_noise,198,1089,0.01894645721070156,0.0044644657726546745,0.9595026469866809,63.805308626953256,-0.4319721998279377,1,0.10339782527067098,0
boxes_cylinder_static_noise_hard_mixed,static_noise,202,478,0.05759361580112794,0.05411850661796751,0.8305896253908197,42.72739731779589,0.00858373674695257,0,0.07929538470512881,1
boxes_cylinder_static_noise_hard_mixed,static_noise,205,1465,0.09021676835224243,0.08494285934918797,0.99663775244026,48.2570869205383,0.07312219149570291,1,0.034520170663582844,1
boxes_cylinder_static_noise_hard_mixed,static_noise,206,573,0.03634016169275599,0.015754598371337462,0.8935628493592662,37.240532225579656,-0.06040904684328761,1,0.10170576449063407,0
boxes_cylinder_static_noise_hard_mixed,static_noise,212,1037,0.09950260385191274,0.09870820945282542,0.9991507042062111,68.41930545193752,-0.06474745034287126,0,0.03429500547087931,1
boxes_cylinder_static_noise_hard_mixed,static_noise,213,387,0.06272214151174771,0.06090831252771627,0.9621414379091413,27.67702120479914,0.18626478284755113,1,0.0866689353978459,0
boxes_cylinder_static_noise_hard_mixed,static_noise,214,722,0.10835348314495627,0.10116424562330217,0.9948868125967811,36.529573879904916,-0.029156562923949757,0,0.015645471281646964,1
boxes_cylinder_static_noise_hard_mixed,static_noise,215,3220,0.023111163276812344,0.010547342893071389,0.9935694463587458,39.809282197885906,-0.011560814649143178,1,0.05863676942590922,1
boxes_cylinder_static_noise_hard_mixed,static_noise,219,2476,0.07396265861565945,0.05690459729137962,0.9946223938707935,64.45495095722848,-0.28355233815780145,0,0.07208524690877008,1
boxes_cylinder_static_noise_hard_mixed,static_noise,220,1073,0.09046768793111844,0.08525054801777913,0.980364887605563,101.18568223529424,-0.07145888990814764,0,0.071499437832324,1
boxes_cylinder_static_noise_hard_mixed,static_noise,225,2634,0.047335771837270765,0.03365382122032465,0.9520602323223195,41.90682389665884,0.1991019373041228,0,0.031654204030286306,1
boxes_cylinder_static_noise_hard_mixed,static_noise,226,2283,0.09536129793227059,0.09331114994996591,0.9999752928034512,62.43782451182104,-0.07145888990814764,0,0.028469703906220573,1
boxes_cylinder_static_noise_hard_mixed,static_noise,230,1388,0.03227466909135204,0.02286591264194387,0.9877570803057922,43.810288642383526,0.013403015077190031,1,0.08054951155576931,0
boxes_cylinder_static_noise_hard_mixed,static_noise,236,3288,0.05856582361796214,0.03102427132366101,0.998231805012696,114.30614128313799,0.09147131932215254,0,0.14907807724271066,0
boxes_cylinder_static_noise_hard_mixed,static_noise,241,1050,0.0782001885011903,0.0506558383292836,0.9233267755347376,72.01292017590131,0.20095542118756343,0,0.11342616737280914,0
boxes_cylinder_static_noise_hard_mixed,static_noise,243,2705,0.026804239333837382,0.005362172964366854,0.96114193823014,38.88075276512389,0.2962656309581038,1,0.13230157199537929,0
boxes_cylinder_static_noise_hard_mixed,static_noise,244,2194,0.11637547704737938,0.10494476203255432,0.8897195920737618,112.64779347564772,-0.15571910846594086,0,0.0477680425952535,1
boxes_cylinder_static_noise_hard_mixed,static_noise,247,1024,0.057838708872787456,0.045855165339683625,0.9420935851394726,46.82908356469655,-0.15571910846594086,1,0.0531227992452095,1
boxes_cylinder_static_noise_hard_mixed,static_noise,248,123,0.07959009767556714,0.07007373344153804,0.9518586327503289,39.81300989993576,0.018634057726736597,0,0.08973373481976867,0
boxes_cylinder_static_noise_hard_mixed,static_noise,249,2921,0.029998290356907424,0.008136075031347376,0.7628349092122474,43.49305147472328,0.37915317207713256,1,0.08365155472557001,0
boxes_cylinder_static_noise_hard_mixed,static_noise,251,2402,0.05303743467503858,0.03159542249269061,0.9902086812988118,32.724715602059206,-0.5611838226350991,0,0.10598906489034476,0
boxes_cylinder_static_noise_hard_mixed,static_noise,253,1766,0.05406845170636062,0.021103330437302087,0.9781347763417884,38.90778707698726,0.08751090756066807,0,0.1596857185643056,0
boxes_cylinder_static_noise_hard_mixed,static_noise,255,2660,0.05907395582004317,0.054601163422785405,0.8555836337177043,70.96156169199766,-0.10919918851681422,1,0.06460629378736882,1
boxes_cylinder_static_noise_hard_mixed,static_noise,258,3323,0.1195434752663446,0.11727742313233623,0.999593072487931,65.88328972315342,-0.2576190336352603,0,0.0322424693565521,1
boxes_cylinder_static_noise_hard_mixed,static_noise,259,2740,0.03222494582552502,0.01596873303760263,0.9877002316939185,62.45340878513846,0.04108288280026754,0,0.0654658905140134,1
boxes_cylinder_static_noise_hard_mixed,static_noise,262,2926,0.025147639048858854,0.008345077722137268,0.9497908679074707,44.68226024173765,-0.21839836509731272,1,0.10333637989743476,0
boxes_cylinder_static_noise_hard_mixed,static_noise,265,1524,0.067971405594613,0.06023174175513269,0.9935475372299791,63.2292548886513,0.06515401708464129,0,0.07443508061505406,1
boxes_cylinder_static_noise_hard_mixed,static_noise,268,644,0.07775776530272707,0.06021811782586761,0.9981463015228158,69.38262440729709,-0.1663574443674439,0,0.012982386064738172,1
boxes_cylinder_static_noise_hard_mixed,static_noise,277,636,0.07084278044437814,0.06801034556698074,0.9874921294522562,43.31559092315359,-0.03223821675482566,1,0.08877175455741551,0
boxes_cylinder_static_noise_hard_mixed,static_noise,284,2813,0.028023653268133237,0.005462119803212916,0.5651847661918208,57.091944188049,-0.16803965605729976,1,0.10302063112330889,0
boxes_cylinder_static_noise_hard_mixed,static_noise,286,318,0.04391258647336134,0.021744844032110983,0.9863602909395728,52.190263002944704,0.16523734531597908,0,0.10647266044274167,0
boxes_cylinder_static_noise_hard_mixed,static_noise,287,2870,0.08298272113093887,0.07795814883870002,0.9947521711994344,64.27149392235513,-0.20017081965343483,0,0.0967375054207937,0
boxes_cylinder_static_noise_hard_mixed,static_noise,288,1066,0.07209875997292535,0.06619755972997561,0.9190622311305208,46.27862293795309,0.37630818407342925,0,0.1202166396920288,0
boxes_cylinder_static_noise_hard_mixed,static_noise,289,586,0.02839378200893576,0.016722235203020932,0.9463222832788668,36.5826849262638,-0.30025433078732927,1,0.1301367257667571,0
boxes_cylinder_static_noise_hard_mixed,static_noise,290,1248,0.04394694761104113,0.014540210032728491,0.1812587835078369,71.92664610395501,0.31824448663024063,0,0.11500915016016454,0
boxes_cylinder_static_noise_hard_mixed,static_noise,291,2155,0.03185077879246281,0.023578412406706436,0.9891247477921957,35.803674903682705,-0.046678894905491035,1,0.10166174777834533,0
boxes_cylinder_static_noise_hard_mixed,static_noise,297,1018,0.060388695978442083,0.05845040745961955,0.9674564166688114,40.04770416353688,-0.22042475834469588,0,0.07370875040604456,1
boxes_cylinder_static_noise_hard_mixed,static_noise,298,787,0.038177169907041494,0.021897806393858264,0.930616875450969,72.98279892644237,-0.10919918085399405,1,0.10932584181013667,0
boxes_cylinder_static_noise_hard_mixed,static_noise,299,2992,0.05744335021271061,0.012729746103683172,0.978916944483451,44.51001193751313,0.013403015077190031,0,0.02763431359700876,1
boxes_cylinder_static_noise_hard_mixed,static_noise,302,2988,0.05004252970114352,0.049552490857404055,0.9893343762669943,31.29970193816793,0.03390151834238077,0,0.06585706410102411,1
boxes_cylinder_static_noise_hard_mixed,static_noise,304,2812,0.054871013253772694,0.05319864234054515,0.9582032778861618,34.75526830351529,0.36622405809941583,1,0.09409759582918861,0
boxes_cylinder_static_noise_hard_mixed,static_noise,309,2581,0.026243265275260517,0.022733137639364083,0.9440038802653786,52.21833276068882,0.19828522072432203,1,0.0828129313187836,0
boxes_cylinder_static_noise_hard_mixed,static_noise,314,2755,0.04939504028393118,0.032342335489477535,0.9810759582741342,39.61203222150554,0.23374521282778818,0,0.11002992285589974,0
boxes_cylinder_static_noise_hard_mixed,static_noise,316,776,0.11383978849819873,0.09810540244610354,0.9878212895762412,35.707220035302406,0.00858373674695257,0,0.03228465016207186,1
boxes_cylinder_static_noise_hard_mixed,static_noise,321,2650,0.0541457451141396,0.04221247007053925,0.9949812687231595,31.354394474044383,-0.06997850342717656,1,0.017279728310435064,1
boxes_cylinder_static_noise_hard_mixed,static_noise,323,2671,0.08886683020687662,0.04489751537891938,0.8742091798874607,109.76473933879133,0.1359229824933622,0,0.04004872646156463,1
boxes_cylinder_static_noise_hard_mixed,static_noise,326,2663,0.10032238203106156,0.09245347157320502,0.9654103047579388,54.762165803179876,0.07312217316241083,0,0.01940528755341689,1
boxes_cylinder_static_noise_hard_mixed,static_noise,328,119,0.03184093697886347,0.01527444873551803,0.2719129788307345,80.06598952436005,0.3521460084208907,1,0.13537023436893134,0
boxes_cylinder_static_noise_hard_mixed,static_noise,334,432,0.09784741576539538,0.09533199269918106,0.9928446638682074,104.56336757943726,-0.06040904684328761,0,0.031289948414066425,1
boxes_cylinder_static_noise_hard_mixed,static_noise,335,2340,0.022681691631568645,0.013622466378675193,0.11897245252046737,63.85000765439219,0.15549314880199014,1,0.07748767989199007,1
boxes_cylinder_static_noise_hard_mixed,static_noise,340,2464,0.04309630178596885,0.04159987108398244,0.9323092512547586,29.65539328432001,-0.022187888460242448,1,0.07176534553960175,1
boxes_cylinder_static_noise_hard_mixed,static_noise,342,3132,0.035674943933171006,0.019796487772923473,0.9872901504387368,57.15746961298492,-0.07842756701041562,1,0.06527108844396458,1
boxes_cylinder_static_noise_hard_mixed,static_noise,343,2841,0.056932172802181706,0.024458543282176226,0.9154144608178334,68.60626747924806,-0.24734939508163759,0,0.07093383885935142,1
boxes_cylinder_static_noise_hard_mixed,static_noise,344,1202,0.03124851013617831,0.008650507196236083,0.6339809376608962,46.36012396732432,-0.029156552240208734,0,0.11488358740768521,0
boxes_cylinder_static_noise_hard_mixed,static_noise,345,1846,0.02310382119450963,0.02170926953828088,0.9548297179269323,49.88884574293532,0.12441547917270515,1,0.0980649479059157,0
boxes_cylinder_static_noise_hard_mixed,static_noise,346,3032,0.005908668577384766,0.0007260516087441494,0.9858938865760962,44.176459504538066,-0.10919918851681422,1,0.07394731445529246,1
boxes_cylinder_static_noise_hard_mixed,static_noise,347,1271,0.09139319148876625,0.0903504780268101,0.9942864004260068,90.18380130574492,0.044951340243269064,0,0.03955745868523664,1
boxes_cylinder_static_noise_hard_mixed,static_noise,350,1205,0.04841632765005151,0.04442970113290921,0.9946874064034631,97.99742575100606,-0.06474745034287126,1,0.05322501220294161,1
boxes_cylinder_static_noise_hard_mixed,static_noise,353,131,0.05271916678846697,0.038245807813824695,0.7059467157203044,55.83933135254571,-0.10919920372976932,1,0.1287118023602853,0
boxes_cylinder_static_noise_hard_mixed,static_noise,359,682,0.06251150461774628,0.041814926819127414,0.859352551543599,85.64498037334323,0.5059858309095631,0,0.12779215320511225,0
boxes_cylinder_static_noise_hard_mixed,static_noise,360,1137,0.06449184285735426,0.06283719369268635,0.8919502277745389,40.26156583224604,0.0,0,0.11492258508658176,0
boxes_cylinder_static_noise_hard_mixed,static_noise,362,871,0.07906172354955818,0.047961719795646555,0.9717420534531552,37.94580590283684,-0.21682982767876974,0,0.06812764891714121,1
boxes_cylinder_static_noise_hard_mixed,static_noise,363,709,0.07800526671068168,0.06663027053246591,0.3843169820547692,73.18528078169277,0.15108370776270275,0,0.0322250965572889,1
boxes_cylinder_static_noise_hard_mixed,static_noise,366,419,0.04988109754560232,0.046000988994466405,0.9856962334596397,44.83599973302068,-0.15002111815210303,0,0.0941908633904864,0
boxes_cylinder_static_noise_hard_mixed,static_noise,371,2902,0.06549808753781672,0.060990170716456515,0.6656141621748352,62.03624218344155,-0.016825957602489894,0,0.13571340900606654,0
boxes_cylinder_static_noise_hard_mixed,static_noise,373,1585,0.035292517637949446,0.016108091940066776,0.9751165067389671,61.36150075053186,0.14862971172220968,0,0.06721395635411558,1
boxes_cylinder_static_noise_hard_mixed,static_noise,374,2271,0.10250497175246827,0.09145092433989872,0.9327531189984355,61.0352755212231,0.057854748409164,0,0.023887802983249905,1
boxes_cylinder_static_noise_hard_mixed,static_noise,375,3062,0.07551774773179228,0.06956874685055033,0.9900304236062671,37.6585278085016,0.04495132437029256,0,0.05690773317892376,1
boxes_cylinder_static_noise_hard_mixed,static_noise,378,735,0.05784504663360339,0.04687653128576066,0.9836627506935931,33.77617190981165,0.0085837344321421,0,0.06274693646802074,1
boxes_cylinder_static_noise_hard_mixed,static_noise,379,1855,0.03680314350816528,0.02981408543560377,0.8773687055628826,57.170494963606174,-0.48187421954434306,0,0.14382122955676233,0
boxes_cylinder_static_noise_hard_mixed,static_noise,380,1255,0.07728790778194289,0.06257677935383603,0.9812563935157868,38.10487618746621,0.1078651327111812,0,0.0455090255548566,1
boxes_cylinder_static_noise_hard_mixed,static_noise,382,2788,0.039494263669267414,0.03245441867871105,0.9858853593289825,31.221957745584373,-0.1381867187542987,1,0.11866736591817102,0
boxes_cylinder_static_noise_hard_mixed,static_noise,386,1559,0.0359924893451951,0.025895657151625107,0.2526131012019287,74.54490453051675,-0.4215736444870853,1,0.13601419246212113,0
boxes_cylinder_static_noise_hard_mixed,static_noise,387,499,0.06111911885342094,0.03971173985376666,0.9818417853083244,107.72444370093876,0.25370583759446713,1,0.10850342692749117,0
boxes_cylinder_static_noise_hard_mixed,static_noise,396,1700,0.04222483805743402,0.02266032980685993,0.8475263530165614,48.37403337437808,-0.396881012565237,1,0.12221884561103616,0
boxes_cylinder_static_noise_hard_mixed,static_noise,398,2204,0.02726430182515152,0.00625579069193284,0.9540200946896247,37.0537432153089,-0.15002111815210303,1,0.060435367499156616,1
boxes_cylinder_static_noise_hard_mixed,static_noise,399,2142,0.09590189054160499,0.05618588209896006,0.996472390199008,26.288439282085246,-0.31399334939255513,0,0.040316573016841724,1
boxes_cylinder_static_noise_hard_mixed,static_noise,402,1080,0.06082730773261794,0.059023919505048955,0.9296531848938973,38.288699704060015,0.15316484942567515,1,0.10668396811452353,0
boxes_cylinder_static_noise_hard_mixed,static_noise,403,2079,0.025304466669379553,0.014094408675511916,0.9706472429537095,37.729251178081334,0.0800426243402898,1,0.08967939955015253,0
boxes_cylinder_static_noise_hard_mixed,static_noise,408,1883,0.03912442405633998,0.010289946070849649,0.9657286554745509,108.30432542714001,0.23564087324874566,0,0.09031795991040822,0
boxes_cylinder_static_noise_hard_mixed,static_noise,409,3022,0.02983036116701707,0.025584264580822347,0.9821610770535183,60.14492520183565,-0.0350912840970206,1,0.08852834649128255,0
boxes_cylinder_static_noise_hard_mixed,static_noise,414,917,0.018019908696244716,0.014565901412725962,0.7658924318087295,74.23923884674608,-0.18924179130542496,1,0.10111239853289342,0
boxes_cylinder_static_noise_hard_mixed,static_noise,415,1857,0.056158819424123936,0.05137998437704091,0.989552311835417,30.01922861768982,-0.3968810765381966,0,0.041482055869285314,1
boxes_cylinder_static_noise_hard_mixed,static_noise,416,1486,0.03830426859875272,0.0372159277701342,0.6624842231254422,42.506764682816254,-0.1925807904693239,0,0.1199213932603535,0
boxes_cylinder_static_noise_hard_mixed,static_noise,417,685,0.028522741444011554,0.016744766631630856,0.9958051725052386,42.84944539421061,0.20095542118756343,0,0.060881074989692835,1
boxes_cylinder_static_noise_hard_mixed,static_noise,419,1338,0.06135972135460465,0.052370824527862084,0.998361983264558,65.19270732267749,-0.029156552240208734,1,0.11022151645731863,0
boxes_cylinder_static_noise_hard_mixed,static_noise,420,2091,0.09084276449655174,0.08468177176105487,0.9980615336268089,42.211532237132445,0.102109727472577,0,0.05380612341570257,1
boxes_cylinder_static_noise_hard_mixed,static_noise,421,709,0.036364518633196015,0.018551864321150545,0.05245527438844083,66.12639021871907,-0.031237728197998752,0,0.09299965857466708,0
boxes_cylinder_static_noise_hard_mixed,static_noise,422,1692,0.042203144711400416,0.016958707126600428,0.9958788959134864,29.968721454177352,0.039220673153322054,0,0.08583323154763013,0
boxes_cylinder_static_noise_hard_mixed,static_noise,423,37,0.05364985863094686,0.04357254547830561,0.91227057174767,28.618722374336464,0.12921161026799896,1,0.11717767919789984,0
boxes_cylinder_static_noise_hard_mixed,static_noise,424,2220,0.06516046684694835,0.06261344491969423,0.9982906893885269,83.72325440994899,-0.10919917196512406,0,0.07360672166783781,1
boxes_cylinder_static_noise_hard_mixed,static_noise,428,3031,0.02128713633030167,0.013271796542954706,0.954505495868539,54.38906534433242,0.3063159441180282,1,0.10504027283521086,0
boxes_cylinder_static_noise_hard_mixed,static_noise,429,2101,0.03599845357634815,0.031648668964107056,0.9617233340072372,54.594305462713955,0.039220673153322054,1,0.09522411003177839,0
boxes_cylinder_static_noise_hard_mixed,static_noise,430,2497,0.03329921713447465,0.03000686704963014,0.9909242535319635,32.73776985527184,-0.18767080613584505,0,0.1189349066703957,0
boxes_cylinder_static_noise_hard_mixed,static_noise,433,337,0.06990611646072889,0.06561311389147657,0.9856677009064395,37.42019045689897,0.03740413198771639,0,0.008894179086115863,1
boxes_cylinder_static_noise_hard_mixed,static_noise,441,2709,0.06241220093824361,0.05716210384924943,0.6430411504049564,72.83095310563563,0.5245240599612122,0,0.1343439922844003,0
boxes_cylinder_static_noise_hard_mixed,static_noise,442,1962,0.05159521588672003,0.041859857089364495,0.9654966744755489,85.44059790230894,-0.018227490984966586,0,0.07869912767100963,1
boxes_cylinder_static_noise_hard_mixed,static_noise,447,733,0.08292908981133872,0.08099803033994578,0.991055579711702,58.18129412152586,-0.1781919944044849,0,0.0679317868210368,1
boxes_cylinder_static_noise_hard_mixed,static_noise,448,1180,0.03901340139555561,0.030621076160034014,0.9995967349120507,57.87583169136165,0.0914712772347074,1,0.0873920174151277,0
boxes_cylinder_static_noise_hard_mixed,static_noise,449,1913,0.0993375690594404,0.09777006035121213,0.21584204224863904,89.99676513166283,0.02433208280240095,0,0.10179888780579908,0
boxes_cylinder_static_noise_hard_mixed,static_noise,450,2321,0.03660744352456635,0.024867722328362304,0.7606171389603824,51.25458470596526,0.005211055117751381,0,0.11432924869161173,0
boxes_cylinder_static_noise_hard_mixed,static_noise,453,1176,0.03435634459955871,0.02561172238526598,0.9757646499789617,52.18048124241752,-0.14693946752634493,0,0.08663012496465207,0
boxes_cylinder_static_noise_hard_mixed,static_noise,455,254,0.06415937002980586,0.040283963400203744,0.7665288170982076,65.07058160136847,0.30951076605133726,0,0.07494060203616443,1
boxes_cylinder_static_noise_hard_mixed,static_noise,456,1571,0.08459043865015115,0.07194645900489852,0.9733337052010147,26.0786050341499,-0.07145888990814764,0,0.033768218345914494,1
boxes_cylinder_static_noise_hard_mixed,static_noise,457,2392,0.12579342110212982,0.08788054599162994,0.9964257555669193,110.50651560443144,-0.15571910846594086,0,0.02333542200528014,1
boxes_cylinder_static_noise_hard_mixed,static_noise,461,3260,0.04305267008890967,0.04135926842281896,0.035117531127240594,70.50815691022372,-0.10919921088397108,0,0.1010651530186944,0
boxes_cylinder_static_noise_hard_mixed,static_noise,464,675,0.11823782180655375,0.11346414049208708,0.9979172822650078,61.16149668975967,0.08751090756066807,0,0.10513090004332104,0
boxes_cylinder_static_noise_hard_mixed,static_noise,466,3259,0.05739352448096961,0.03961437666707841,0.9148156285893039,55.36798167383454,0.13863676675674225,1,0.1160357289642841,0
boxes_cylinder_static_noise_hard_mixed,static_noise,469,2494,0.03586550738140112,0.023723508804760825,0.9604159919008736,30.462608676245797,-0.10919918482223984,1,0.10920379266153962,0
boxes_cylinder_static_noise_hard_mixed,static_noise,471,2377,0.036951461928392444,0.015271603959364624,0.9792455281147795,41.800664508219896,-0.10919920863172222,1,0.10972431358262602,0
boxes_cylinder_static_noise_hard_mixed,static_noise,473,1768,0.037484135909485565,0.03440923282818485,0.8528495050997348,82.36279334936506,0.030562611279782048,1,0.08298362322108557,0
boxes_cylinder_static_noise_hard_mixed,static_noise,474,1234,0.06755025086937691,0.06730620466384184,0.9991701798128866,45.314578145929836,0.0085837344321421,1,0.10172258118112734,0
boxes_cylinder_static_noise_hard_mixed,static_noise,476,2923,0.06576502341186023,0.021440952289553616,0.6733484141029977,52.14771536729483,-0.25873081267448383,0,0.13211916015747271,0
boxes_cylinder_static_noise_hard_mixed,static_noise,481,2522,0.023486628195613212,0.009864967618643358,0.9591482190406618,71.13369236340903,-0.22698208225127142,1,0.08339143485189084,0
boxes_cylinder_static_noise_hard_mixed,static_noise,482,1645,0.021545794776262013,0.007349095330947837,0.9872657703035868,102.78001134712476,-0.19621043410641903,1,0.14163267832768325,0
boxes_cylinder_static_noise_hard_mixed,static_noise,489,3135,0.026355308119814347,0.005814717334978588,0.9974555150879487,106.63554341537333,0.039220673153322054,1,0.0874272011040404,0
boxes_cylinder_static_noise_hard_mixed,static_noise,492,1564,0.051703196732776346,0.005549762780972573,0.9905349799312198,52.25598476042435,0.3551059629197076,0,0.12196856030313806,0
boxes_cylinder_static_noise_hard_mixed,static_noise,494,548,0.046765353766152096,0.036572128907898925,0.9721983238206134,57.874923535011234,0.14211497229493963,0,0.0905203286240915,0
boxes_cylinder_static_noise_hard_mixed,static_noise,497,2992,0.05401505748681026,0.04775641551044056,0.9285053112865359,67.76765955601967,0.12260219165768867,0,0.06920766261968479,1
boxes_cylinder_static_noise_hard_mixed,static_noise,498,2998,0.041022815780705234,0.019846853236728454,0.9188230027689607,72.10171334968443,0.07312217316241083,0,0.09080130726297064,0
boxes_cylinder_static_noise_hard_mixed,static_noise,501,396,0.04644849137619175,0.03418968594442256,0.9959079953883618,30.83625384042377,-0.08388142564740932,0,0.02211588115375356,1
boxes_cylinder_static_noise_hard_mixed,static_noise,502,221,0.0946443324312944,0.09060754881768464,0.9914331044911883,50.53666151300691,-0.13586743947396884,0,0.014605754262947891,1
boxes_cylinder_static_noise_hard_mixed,static_noise,503,977,0.0368570844762096,0.010262525289776572,0.7202687099372117,47.76424902079708,-0.10919920105597675,1,0.11059559372801503,0
boxes_cylinder_static_noise_hard_mixed,static_noise,504,3074,0.09791921806462915,0.08910054892550855,0.981851376424203,71.99440631625575,0.04986535905418571,0,0.07387376057786334,1
boxes_cylinder_static_noise_hard_mixed,static_noise,505,1284,0.06147268265852652,0.05133066359829655,0.9797691917464677,86.24136788592429,0.09559501293703501,1,0.06031378275045324,1
boxes_cylinder_static_noise_hard_mixed,static_noise,506,466,0.03069325036529517,0.022068043278002415,0.9650214591112839,50.1940739041772,0.5059858309095631,0,0.0620879451703491,1
boxes_cylinder_static_noise_hard_mixed,static_noise,508,2030,0.02546821426085544,0.010135754714181586,0.6807407522367295,60.38236182966312,0.2816667392286887,1,0.0540289513549387,1
boxes_cylinder_static_noise_hard_mixed,static_noise,510,405,0.0976550660335001,0.08521459412868684,0.988420376813924,51.49086939966552,-0.10919917196512406,0,0.01945087129212669,1
boxes_cylinder_static_noise_hard_mixed,static_noise,512,2291,0.045907122574789856,0.028781574800275,0.9901571036956364,59.2416103420762,0.5839471698458628,1,0.07116370546503914,1
boxes_cylinder_static_noise_hard_mixed,static_noise,514,2051,0.06692281474312996,0.05297128390338524,0.08573702679810248,63.55158243917305,0.19618219217279603,0,0.12682499737997618,0
boxes_cylinder_static_noise_hard_mixed,static_noise,515,430,0.07701403636494328,0.0695896495045986,0.9408489160287216,36.231892847093384,-0.3887838528468606,1,0.08726215724282882,0
boxes_cylinder_static_noise_hard_mixed,static_noise,516,1546,0.04582301371772304,0.031795782276170116,0.9768562857333307,38.26182520651348,0.2585251591009175,1,0.05647979067797151,1
boxes_cylinder_static_noise_hard_mixed,static_noise,517,1973,0.029412082100031562,0.008624026756809908,0.9975905715912597,35.6880733093415,0.14211497229493963,1,0.09697969954195966,0
boxes_cylinder_static_noise_hard_mixed,static_noise,518,885,0.07380620917746503,0.030972891962653702,0.9891712271155872,65.13124404007722,0.2585251591009175,0,0.025904903468468216,1
boxes_cylinder_static_noise_hard_mixed,static_noise,519,3295,0.06574134607617901,0.05302447448904044,0.942040434712285,53.18002633445743,0.15549314880199014,0,0.09537784150501005,0
boxes_cylinder_static_noise_hard_mixed,static_noise,521,1782,0.05506936079673741,0.04674433880664638,0.5088292414131893,85.0292566045577,-0.022187888460242448,0,0.15677955918628816,0
boxes_cylinder_static_noise_hard_mixed,static_noise,526,1746,0.03758397445189039,0.025624278629208855,0.9623366180766628,41.33566991439012,0.13196266744937082,0,0.052604826435133485,1
boxes_cylinder_static_noise_hard_mixed,static_noise,534,427,0.08326760037809984,0.07964543618228635,0.989231001180739,69.89158278933368,0.02895101903675918,0,0.015423679515594917,1
boxes_cylinder_static_noise_hard_mixed,static_noise,536,2411,0.06018179992025507,0.05767417286859523,0.995509213876723,30.397597849189342,-0.26826375130076935,1,0.054628956361291496,1
boxes_cylinder_static_noise_hard_mixed,static_noise,537,2956,0.07347565136967434,0.05244518566081749,0.9665595188302275,32.61685509117699,-0.15365086678902007,0,0.07320010860101368,1
boxes_cylinder_static_noise_hard_mixed,static_noise,538,3081,0.03758014401836375,0.029551157620463016,0.7119210965429346,45.08085823885541,-0.2045093376784959,0,0.11586769129244721,0
boxes_cylinder_static_noise_hard_mixed,static_noise,539,417,0.058409000795418574,0.04832483337640404,0.963868885810174,103.09904989030314,-0.06040904684328761,0,0.06289863133997678,1
boxes_cylinder_static_noise_hard_mixed,static_noise,540,941,0.06326854206405944,0.062035247256463984,0.9977113107300829,45.50389079056257,-0.06837722077815629,1,0.06668597730062896,1
boxes_cylinder_static_noise_hard_mixed,static_noise,545,907,0.012376953716171948,0.0023535838392971294,0.9553977881313083,55.867720860641946,0.2828425395950491,1,0.09737482256632662,0
boxes_cylinder_static_noise_hard_mixed,static_noise,548,2051,0.05629563227181971,0.020504061230645167,0.15555863286154997,62.0960658688885,-0.007416590742613692,0,0.11066152908841047,0
boxes_cylinder_static_noise_hard_mixed,static_noise,551,1930,0.03248707517919453,0.005831335725715701,0.6503021236277001,61.88794336404605,-0.33972264120891693,0,0.13722974686759515,0
boxes_cylinder_static_noise_hard_mixed,static_noise,561,1914,0.04571717473827912,0.029264253063791837,0.9889405279076041,43.72030418872956,0.22727268037081533,1,0.10365682429493628,0
boxes_cylinder_static_noise_hard_mixed,static_noise,564,2495,0.06053864529735617,0.02281666494578774,0.41942845874772383,53.40329428168305,0.21170829403994276,0,0.09205130691389843,0
boxes_cylinder_static_noise_hard_mixed,static_noise,566,2565,0.05116090347168612,0.04534721148541382,0.9417969641081494,53.89213039338656,-0.15365086678902007,1,0.07915439914873384,1
boxes_cylinder_static_noise_hard_mixed,static_noise,567,461,0.1156550032935951,0.09888026410444314,0.972895718965743,75.53043287178103,0.05114330174954104,0,0.00942846143050507,1
boxes_cylinder_static_noise_hard_mixed,static_noise,568,1562,0.06139715260466378,0.04934952303951645,0.9998491062469126,42.79294787257433,0.17038543886166696,0,0.0712074457389451,1
boxes_cylinder_static_noise_hard_mixed,static_noise,570,2774,0.038011795566579167,0.013481928572608552,0.94796016461193,55.147706408374916,0.22104217072103055,0,0.05286025683811885,1
boxes_cylinder_static_noise_hard_mixed,static_noise,572,257,0.08744017734357683,0.06756458586164689,0.9872036129713364,33.68589906574109,0.16705390284518254,0,0.026442167247389483,1
boxes_cylinder_static_noise_hard_mixed,static_noise,573,275,0.014558235635594578,0.012975430448895391,0.9973146940932929,65.42239876659426,0.17848257810606666,1,0.09947023178794873,0
boxes_cylinder_static_noise_hard_mixed,static_noise,576,2434,0.030683724449504884,0.015365819758391203,0.8508525814594388,54.39593647955817,-0.30986977278082833,1,0.09883621112631553,0
boxes_cylinder_static_noise_hard_mixed,static_noise,577,1891,0.11294484430277572,0.10620781904690524,0.9935875175807299,57.31403415690225,-0.3323424332797121,0,0.04814736785441323,1
boxes_cylinder_static_noise_hard_mixed,static_noise,579,1131,0.04100548376598802,0.024524351692571472,0.9875840931323215,54.073405330793975,0.29626544577326847,1,0.11502102803707287,0
boxes_cylinder_static_noise_hard_mixed,static_noise,586,2268,0.06908741530197403,0.061971521873806105,0.854587646378217,45.14480987722901,0.12564020882519636,0,0.1015804014182485,0
boxes_cylinder_static_noise_hard_mixed,static_noise,590,3015,0.05948095602699284,0.059329523791225657,0.06541510928544726,52.13427764157551,-0.1091992062507737,0,0.11211891745189088,0
boxes_cylinder_static_noise_hard_mixed,static_noise,593,1632,0.0791210246110357,0.07558214396547557,0.9944922774353543,79.56259817052377,-0.2762530584467087,1,0.00984139936940587,1
boxes_cylinder_static_noise_hard_mixed,static_noise,597,2628,0.044351851281208866,0.03775122415343343,0.9598135980232495,46.43359158835867,0.3301671157117683,0,0.07540126839106072,1
boxes_cylinder_static_noise_hard_mixed,static_noise,598,2211,0.07761624498679469,0.07340565425944538,0.9981829133105576,46.862243668435035,-0.2522998868879629,0,0.0625809910327224,1
boxes_cylinder_static_noise_hard_mixed,static_noise,599,2954,0.09547174824358712,0.08417364762405974,0.9722900122626214,49.123827540064745,0.039220673153322054,0,0.0513098028109066,1
boxes_cylinder_static_noise_hard_mixed,static_noise,601,249,0.04041182262050774,0.021480487362229184,0.8978528329064669,58.87538215491146,-0.05513202975907413,1,0.11125693795194257,0
boxes_cylinder_static_noise_hard_mixed,static_noise,603,252,0.028674407923166837,0.01419649273504744,0.9978090503379506,37.94973028103235,-0.10919921879430936,1,0.06403136777585307,1
boxes_cylinder_static_noise_hard_mixed,static_noise,604,673,0.05955100719378442,0.05233400923327412,0.9835953696495786,54.23416092583101,-0.1091992062507737,0,0.03550901647802361,1
boxes_cylinder_static_noise_hard_mixed,static_noise,607,19,0.023260019298295524,0.015675658497199346,0.9639189732962926,43.03435532049608,0.15316478788733728,1,0.06279936013106255,1
boxes_cylinder_static_noise_hard_mixed,static_noise,612,3227,0.07161146105110963,0.06672512722328239,0.9945874784498693,92.86703312961959,0.21357386220308727,0,0.1132186143984707,0
boxes_cylinder_static_noise_hard_mixed,static_noise,613,1780,0.05636903873922053,0.046786318334518774,0.9970515829449665,84.13564590687157,0.06265086627761204,1,0.09308875984785951,0
boxes_cylinder_static_noise_hard_mixed,static_noise,616,498,0.05771158598770792,0.05431650225387091,0.9894603187949824,55.97740277076168,0.36080402228102154,0,0.0850458698868364,0
boxes_cylinder_static_noise_hard_mixed,static_noise,621,2923,0.014733310324874745,0.0074899862061263795,0.8630055533665922,44.64193590873109,-0.25873081267448383,1,0.10265439031721385,0
boxes_cylinder_static_noise_hard_mixed,static_noise,623,715,0.053212457830834184,0.051575937493363685,0.9910266828040055,99.70729493882102,0.17848257810606666,1,0.11564330052688988,0
boxes_cylinder_static_noise_hard_mixed,static_noise,624,841,0.04561777072954522,0.041121441502043554,0.6036272101525652,106.5624111000994,-0.18065807842496184,0,0.11615550423676406,0
boxes_cylinder_static_noise_hard_mixed,static_noise,625,999,0.07727669545302113,0.06912150548961499,0.944262329908724,53.07455605043856,-0.20017081965343483,1,0.06007717959803068,1
boxes_cylinder_static_noise_hard_mixed,static_noise,628,1630,0.09946889932722153,0.09578384431279142,0.9968382965838639,67.99863794963088,0.36080394353117773,0,0.11414643973229995,0
boxes_cylinder_static_noise_hard_mixed,static_noise,630,2297,0.055469393606667056,0.046114507213921,0.9779615102177884,63.5558971984202,0.07885287155771066,1,0.07322663851849799,1
boxes_cylinder_static_noise_hard_mixed,static_noise,633,623,0.013095097596800949,0.005826809304539719,0.8228191003704577,69.98780799592515,-0.10919922946502789,1,0.115445063095068,0
boxes_cylinder_static_noise_hard_mixed,static_noise,637,2777,0.05259607448666614,0.01789275400794326,0.9456144179752755,67.9515087247085,-0.0810283522999316,0,0.046502801553411584,1
boxes_cylinder_static_noise_hard_mixed,static_noise,638,1462,0.060848336763529604,0.05965236292780149,0.5920778970473486,46.6819397642662,0.18706637121632533,1,0.1184727868391698,0
boxes_cylinder_static_noise_hard_mixed,static_noise,640,2321,0.037093617761597364,0.00298893346658501,0.6549104603394019,51.815091132099,0.083172537803724,0,0.09622051792536108,0
boxes_cylinder_static_noise_hard_mixed,static_noise,644,2354,0.02912243151471997,0.020892767019628517,0.9109892832894907,34.010538405528244,-0.07145888990814764,1,0.11540753896578226,0
boxes_cylinder_static_noise_hard_mixed,static_noise,647,2671,0.06273069544299066,0.04302779157133718,0.981925481432135,124.63444129216722,0.0914712772347074,0,0.06459338865244142,1
boxes_cylinder_static_noise_hard_mixed,static_noise,648,1250,0.057698327890133974,0.05405176677429615,0.9893721183323866,45.25645712056101,-0.2633495987769086,1,0.10910915841255765,0
boxes_cylinder_static_noise_hard_mixed,static_noise,651,192,0.03666968825534404,0.010145130235284185,0.824951939856959,36.93410162405899,-0.00911582087669825,0,0.06230078649836152,1
boxes_cylinder_static_noise_hard_mixed,static_noise,653,885,0.09399300926170227,0.04296185546089662,0.9396587372375265,145.57389675374708,0.1359229824933622,0,0.016829916106866575,1
boxes_cylinder_static_noise_hard_mixed,static_noise,654,2577,0.06741830958821234,0.06443111822421105,0.9696151426648435,118.34136709408168,0.17848254437599095,0,0.03165271012233491,1
boxes_cylinder_static_noise_hard_mixed,static_noise,657,2585,0.011149383149376735,0.006504458633847996,0.8780983538254924,39.66304544508322,-0.15002111815210303,1,0.10390569817723093,0
boxes_cylinder_static_noise_hard_mixed,static_noise,659,1420,0.03208855630733051,0.027027901469048883,0.9448458074986777,84.18406259172171,0.17848254437599095,1,0.05835231438288902,1
boxes_cylinder_static_noise_hard_mixed,static_noise,660,3162,0.03196294460213004,0.020769082609828914,0.9127626568805942,33.00261504446162,-0.07745052611014806,1,0.08783554181693427,0
boxes_cylinder_static_noise_hard_mixed,static_noise,661,2576,0.015773223986005034,0.0035997301314712646,0.9382666037944636,36.174631684272455,-0.18330707730571774,1,0.08587682943396717,0
boxes_cylinder_static_noise_hard_mixed,static_noise,663,1956,0.052295607747987874,0.03245140908400507,0.6702359598374932,93.0250531415901,-0.006015052319703435,0,0.10365713270131874,0
boxes_cylinder_static_noise_hard_mixed,static_noise,665,870,0.050251883746649906,0.02789072239642711,0.9270479294427557,50.59185915899615,0.4739465844662555,0,0.12790965436873522,0
boxes_cylinder_static_noise_hard_mixed,static_noise,667,387,0.08276271296422977,0.07946287939779173,0.5242454110659517,76.73042309127723,-0.31683835385891296,0,0.18068287796546872,0
boxes_cylinder_static_noise_hard_mixed,static_noise,668,539,0.07546685148127047,0.07052939609823547,0.9973046363960523,26.287948154689044,0.11394411934938975,0,0.021061982483206135,1
boxes_cylinder_static_noise_hard_mixed,static_noise,669,2694,0.045271991414130644,0.025758675620044216,0.9589539939085512,30.459994126726844,-0.3868306564424217,0,0.09372291956499201,0
boxes_cylinder_static_noise_hard_mixed,static_noise,672,1455,0.034679153627273154,0.02623506091891923,0.9983163476073437,33.03209833787281,0.49297567043103496,0,0.09056959094822897,0
boxes_cylinder_static_noise_hard_mixed,static_noise,681,2771,0.06719969989815935,0.06608330302078697,0.9928661613848068,19.75357097901832,-0.013889100039465453,0,0.10155211229177467,0
boxes_cylinder_static_noise_hard_mixed,static_noise,682,609,0.054093053948170294,0.04803077479815918,0.9864424478231858,34.35995381085192,-0.013889093978872823,1,0.0783188567274982,1
boxes_cylinder_static_noise_hard_mixed,static_noise,684,1371,0.034168263940246295,0.004356547243037935,0.6753820692669503,56.54551588019639,0.22293438561372936,0,0.08340090069782505,0
boxes_cylinder_static_noise_hard_mixed,static_noise,689,3078,0.029303834344286014,0.011007297489403392,0.9942175224045713,79.00597556450937,-0.10919914196519816,0,0.08025317407700541,0
boxes_cylinder_static_noise_hard_mixed,static_noise,690,2455,0.055109426312121415,0.04465965451846961,0.18200675888053122,76.83331590697162,-0.29152055542591043,0,0.18694812261010135,0
boxes_cylinder_static_noise_hard_mixed,static_noise,694,892,0.07212321000533978,0.06555968458227289,0.7841255884236918,47.33003963983004,0.2962655597331395,0,0.13204591740228566,0
boxes_cylinder_static_noise_hard_mixed,static_noise,699,2661,0.05381406630873371,0.0534023522885696,0.9912917997293994,105.34708197115428,0.12260219165768867,1,0.11067497761754834,0
boxes_cylinder_static_noise_hard_mixed,static_noise,702,3200,0.10014095674210215,0.09400334563187937,0.9741545270162015,50.03410798003201,0.22215765900792028,0,0.012690047565569637,1
boxes_cylinder_static_noise_hard_mixed,static_noise,704,2513,0.0432878462890132,0.0101615974260585,0.968267647022696,47.875795582588474,0.15031176912867855,0,0.12161565473029634,0
boxes_cylinder_static_noise_hard_mixed,static_noise,706,2362,0.09146334116736653,0.08622000317314862,0.991993364646386,42.73915660552808,0.18626478284755113,0,0.05156722492103779,1
boxes_cylinder_static_noise_hard_mixed,static_noise,707,3263,0.041073435823053187,0.0243986710276779,0.8782101522486309,64.94079559171286,-0.4039985568058881,0,0.14838838577766733,0
boxes_cylinder_static_noise_hard_mixed,static_noise,708,405,0.06642924984453792,0.0658421345285333,0.9604369814546888,43.82651416684684,-0.10919917196512406,0,0.030936967277314893,1
boxes_cylinder_static_noise_hard_mixed,static_noise,709,2079,0.03986285655470902,0.032100649694815464,0.9282874493322282,53.44898118627118,0.044951340243269064,0,0.10801818928414172,0
boxes_cylinder_static_noise_hard_mixed,static_noise,713,2837,0.02782858344262061,0.015675362021692202,0.980134799699521,85.65046899006664,-0.19143724584117097,1,0.04480004369830856,1
boxes_cylinder_static_noise_hard_mixed,static_noise,718,1712,0.08652795482468129,0.08345910351606661,0.9582181608176158,58.1876704833442,-0.10919917658049856,1,0.08756284541054116,0
boxes_cylinder_static_noise_hard_mixed,static_noise,721,129,0.01881150552261343,0.003662422922944505,0.9170947702363748,41.721626450953785,0.5267890804197946,1,0.09406042496087812,0
boxes_cylinder_static_noise_hard_mixed,static_noise,724,297,0.05761538809171886,0.05464467892182011,0.9523693944392971,54.333798788357804,-0.022187888460242448,1,0.0826338515453479,0
boxes_cylinder_static_noise_hard_mixed,static_noise,725,2098,0.024934239671378658,0.01296599801917528,0.5928799945680432,73.67712315939856,-0.1091992062507737,1,0.09570498950233938,0
boxes_cylinder_static_noise_hard_mixed,static_noise,727,2443,0.030895381433051518,0.01792969576469718,0.8498578562138805,46.906207773682674,0.0914712772347074,1,0.15044424770788084,0
boxes_cylinder_static_noise_hard_mixed,static_noise,729,857,0.03804051481155612,0.01629891506922087,0.9943736089149069,62.026968455370124,-0.10919917658049856,0,0.07245249429168571,1
boxes_cylinder_static_noise_hard_mixed,static_noise,730,2131,0.06551160477983621,0.057637792964949155,0.8258102983700579,49.07106181347485,-0.15466156940098294,0,0.12019447024588759,0
boxes_cylinder_static_noise_hard_mixed,static_noise,737,1159,0.012658952862810805,0.005596719208344715,0.2758001802233598,53.6044711053268,0.00858373813583951,1,0.0729880571896923,1
boxes_cylinder_static_noise_hard_mixed,static_noise,740,2824,0.026984022286594727,0.025154422959302092,0.9483745332927425,35.972013349550586,0.0800426243402898,1,0.10128696624557908,0
boxes_cylinder_static_noise_hard_mixed,static_noise,741,1243,0.031225679175820243,0.017367715617164672,0.9724196441873982,47.37671768174973,-0.18330713957667422,0,0.09001060548156238,0
boxes_cylinder_static_noise_hard_mixed,static_noise,744,2028,0.05938477279689127,0.04659915913535134,0.8768003515487093,48.0934192384563,0.0,1,0.09487251180985333,0
boxes_cylinder_static_noise_hard_mixed,static_noise,746,3003,0.0645409140452727,0.06353557320283353,0.9988039188031125,43.90579582244751,-0.06837722077815629,1,0.03889114206728349,1
boxes_cylinder_static_noise_hard_mixed,static_noise,748,1101,0.0690107794916644,0.06856163399587156,0.9977822866367256,36.474461963795285,0.16705390284518254,1,0.04950604034398005,1
boxes_cylinder_static_noise_hard_mixed,static_noise,749,2604,0.036117609432903416,0.01921521244094071,0.917732734297065,39.63891939204909,-0.06663959964773636,0,0.10836567562248994,0
boxes_cylinder_static_noise_hard_mixed,static_noise,750,2726,0.031037872951334155,0.02553603807608182,0.9953010788033398,35.61228034540207,-0.19143724584117097,1,0.06741660568767387,1
boxes_cylinder_static_noise_hard_mixed,static_noise,751,259,0.021574133824396203,0.013097235997000476,0.9208229495780883,34.84831408189945,-0.2427303869708337,1,0.10296866236137295,0
boxes_cylinder_static_noise_hard_mixed,static_noise,752,1636,0.036120528953021716,0.004802341500764121,0.9919245916660162,33.37531417856449,-0.22698218039924906,0,0.09748259861244349,0
boxes_cylinder_static_noise_hard_mixed,static_noise,754,1776,0.04544998405014788,0.030594574267472516,0.9180489127460434,100.88203355543718,-0.018227490984966586,0,0.08523093733353912,0
boxes_cylinder_static_noise_hard_mixed,static_noise,758,3262,0.03247570794797844,0.009773432300711999,0.973288130291045,39.51205548715769,0.2962655597331395,1,0.05240261177285905,1
boxes_cylinder_static_noise_hard_mixed,static_noise,759,3043,0.08285800989512983,0.0827549238671516,0.997247997711677,51.981732538596816,0.29626551311318144,0,0.10675615549922153,0
boxes_cylinder_static_noise_hard_mixed,static_noise,762,601,0.06815919024494035,0.06722132559517158,0.9653257611363288,46.1315963117297,0.19308131136611686,0,0.0118056398074493,1
boxes_cylinder_static_noise_hard_mixed,static_noise,765,1789,0.03446794298663689,0.02650080910404408,0.9051696197279026,28.926341133923785,0.15549314880199014,1,0.11312290060775537,0
boxes_cylinder_static_noise_hard_mixed,static_noise,769,2509,0.027966281102789058,0.015400594057841844,0.9574062981876851,42.01854683924252,-0.281049326852354,0,0.1140330681378367,0
boxes_cylinder_static_noise_hard_mixed,static_noise,771,136,0.04558073697371882,0.030542840147651247,0.4376136532257724,57.927076278376155,-0.31399334939255513,0,0.1484969573392569,0
boxes_cylinder_static_noise_hard_mixed,static_noise,772,928,0.06016201620095555,0.04165288906666563,0.9997395907054176,112.16453131568282,-0.18924179130542496,0,0.08365812139587338,0
boxes_cylinder_static_noise_hard_mixed,static_noise,777,1825,0.036972648971422405,0.032131922074721486,0.6749822272170525,83.40186798305272,-0.23180135318805384,1,0.08403127501898347,0
boxes_cylinder_static_noise_hard_mixed,static_noise,780,2339,0.09418508472210145,0.08483889159024939,0.9416211432886697,38.69526414072067,-0.1568272382884036,0,0.06640516073372466,1
boxes_cylinder_static_noise_hard_mixed,static_noise,781,590,0.02052141853192613,0.003219517488102254,0.9384927567726223,36.32889777215538,-0.10919914196519816,0,0.11438421460412442,0
boxes_cylinder_static_noise_hard_mixed,static_noise,783,3080,0.04882447376100126,0.02456518511764134,0.8668467558537418,100.26790924276274,0.2785659063374046,0,0.11271781093067827,0
boxes_cylinder_static_noise_hard_mixed,static_noise,791,3256,0.03953880192647787,0.02179585920837571,0.9868077390035616,42.08550412501734,0.148629606107462,1,0.05192246102866246,1
boxes_cylinder_static_noise_hard_mixed,static_noise,792,622,0.024444628456959404,0.023759800770649996,0.9975800421070558,39.65494735657039,0.030562611279782048,1,0.08025613295837027,0
boxes_cylinder_static_noise_hard_mixed,static_noise,795,668,0.01715197370407332,0.0028657837347813644,0.9756778632035854,50.20805353343664,-0.08450662205758631,1,0.0986348474470108,0
boxes_cylinder_static_noise_hard_mixed,static_noise,796,668,0.02434583487026549,0.0021140989043955984,0.9529427373955888,31.88310444708563,-0.01388910306976409,0,0.08975543561544841,0
boxes_cylinder_static_noise_hard_mixed,static_noise,797,3277,0.09039133844176948,0.08657172776171254,0.9980004382478985,58.11749928439479,-0.029156552240208734,0,0.06334606415710399,1
boxes_cylinder_static_noise_hard_mixed,static_noise,799,234,0.06858726887481371,0.06583174462271266,0.9944868504065928,42.85876994643586,-0.15002111815210303,0,0.05344673062041762,1
boxes_cylinder_static_noise_hard_mixed,static_noise,802,2092,0.03703430369241281,0.006093390948456385,0.9943363890650375,23.53231623059063,-0.013889093978872823,0,0.0783683179258652,1
boxes_cylinder_static_noise_hard_mixed,static_noise,805,2690,0.044853748948446626,0.033134641587645126,0.9937527592573931,39.157253167063395,0.044951340243269064,0,0.07983540012605488,1
boxes_cylinder_static_noise_hard_mixed,static_noise,807,1913,0.06911039272463011,0.06826361055638756,0.6185657617465105,116.50293343387987,-0.2972512663252987,0,0.14821349347027177,0
boxes_cylinder_static_noise_hard_mixed,static_noise,813,1102,0.04653062346588612,0.0013989050548039977,0.8302016887248899,45.56981562006631,0.07801219273438752,0,0.0991922782978714,0
boxes_cylinder_static_noise_hard_mixed,static_noise,815,111,0.10474407882850686,0.10414060707712598,0.9958088367896553,27.082859351506965,-0.1399708322606338,0,0.00914908392588644,1
boxes_cylinder_static_noise_hard_mixed,static_noise,816,1489,0.029393568444826233,0.017551334096394273,0.9842409995517134,93.11164194316902,-0.10919916153036523,1,0.1470283088952181,0
boxes_cylinder_static_noise_hard_mixed,static_noise,821,2280,0.03896421565723861,0.03809198011847654,0.6817313562578973,68.69207853122084,-0.3670281392351955,0,0.10441350435172891,0
boxes_cylinder_static_noise_hard_mixed,static_noise,825,167,0.030726635271550774,0.01753409120696904,0.8592675773405942,64.69860833613458,0.02433207089766218,0,0.13486665640996004,0
boxes_cylinder_static_noise_hard_mixed,static_noise,826,1941,0.07927647254445219,0.06141557643296774,0.9256652436167786,78.68293795802742,0.13196261874816206,1,0.09503720647785688,0
boxes_cylinder_static_noise_hard_mixed,static_noise,827,2815,0.028065939719738236,0.022932420231344872,0.9869882392153417,68.08478552212438,-0.27909806718656216,1,0.0683611851514886,1
boxes_cylinder_static_noise_hard_mixed,static_noise,828,1536,0.028753328119053224,0.02052696394126459,0.9566717629307866,28.781030413673165,0.04902467770985806,0,0.0669230974244749,1
boxes_cylinder_static_noise_hard_mixed,static_noise,829,166,0.059866502964067175,0.03623168053276647,0.9951807166610994,37.25792653389132,-0.10919913407048369,0,0.03353145034283096,1
boxes_cylinder_static_noise_hard_mixed,static_noise,831,1385,0.06657844587918961,0.05269562235387459,0.06224818378037944,41.36652985764128,0.1344226779249129,0,0.13047387418227066,0
boxes_cylinder_static_noise_hard_mixed,static_noise,835,1724,0.10119113560415575,0.09739258451140893,0.9964114291652245,48.60693691102104,0.2518138019256876,0,0.06976457465398898,1
boxes_cylinder_static_noise_hard_mixed,static_noise,836,2717,0.029064423554055332,0.006329305289357563,0.9912990906818098,60.88583921816738,0.24362186644172706,1,0.07746882399514507,1
boxes_cylinder_static_noise_hard_mixed,static_noise,838,3047,0.032899094557090384,0.020542018423864924,0.961194865959383,73.53882608059914,-0.10919918085399405,1,0.12812382264724706,0
boxes_cylinder_static_noise_hard_mixed,static_noise,839,1134,0.0526354379202066,0.03648206605492707,0.9752715485203044,29.515895378584826,-0.24273046137543514,1,0.062257956821298435,1
boxes_cylinder_static_noise_hard_mixed,static_noise,841,681,0.02412513190588813,0.018293715616873537,0.9328923829894428,44.40446876989171,-0.1442904726138348,1,0.09074672410177814,0
boxes_cylinder_static_noise_hard_mixed,static_noise,842,1646,0.08565968899348082,0.08298653565583257,0.9973347567306835,57.88643021978975,0.06515401708464129,0,0.08377034860575058,0
boxes_cylinder_static_noise_hard_mixed,static_noise,844,2543,0.05604950272027081,0.050401255846525016,0.8371100366557226,24.791826597772825,-0.016108858600883562,0,0.13990455307139635,0
boxes_cylinder_static_noise_hard_mixed,static_noise,847,1168,0.02698010784513118,0.009445586209167361,0.9907105093640373,52.102460393699886,-0.27350209542099624,1,0.10616727264454327,0
boxes_cylinder_static_noise_hard_mixed,static_noise,848,1251,0.04705668272560464,0.039861717981410486,0.9914055593157092,36.37233900342595,-0.38791236142271895,0,0.08319277767467186,0
boxes_cylinder_static_noise_hard_mixed,static_noise,849,3178,0.06607682321950126,0.025518844592678364,0.963020017778957,52.35704384137375,0.10437468562258881,0,0.07730168632288913,1
boxes_cylinder_static_noise_hard_mixed,static_noise,854,294,0.01594528517260676,0.009765856098904693,0.39268276671694463,73.73032704376865,-0.2850896817539884,1,0.11227616836083427,0
boxes_cylinder_static_noise_hard_mixed,static_noise,858,949,0.03966803505244559,0.03874245227272412,0.980588096684593,33.297648307789615,0.05206882265242778,1,0.07959373609779044,1
boxes_cylinder_static_noise_hard_mixed,static_noise,861,2148,0.0387247817123675,0.024009469637043226,0.9797200663963246,54.249333468624044,-0.05035875124945074,1,0.1092745458420538,0
boxes_cylinder_static_noise_hard_mixed,static_noise,864,393,0.05637898309755945,0.054579058882389425,0.9818203504345385,78.82501844991654,-0.18616013606429244,1,0.04773856373482275,1
boxes_cylinder_static_noise_hard_mixed,static_noise,866,1670,0.025259619613043183,0.0012603690198268102,0.970797165929425,42.363982018668594,0.10052115613426278,1,0.10423126272598564,0
boxes_cylinder_static_noise_hard_mixed,static_noise,867,412,0.017072979932467584,9.507928538950248e-05,0.8698885373430185,32.4239206078836,0.16409393061240624,1,0.08072622474524616,0
boxes_cylinder_static_noise_hard_mixed,static_noise,868,250,0.07946212714335964,0.07943682166017545,0.9935172975052076,35.22255264063811,0.07312220371790266,0,0.015337707183019217,1
boxes_cylinder_static_noise_hard_mixed,static_noise,872,2570,0.012491328630518175,0.008956049162113452,0.19971771490366266,45.90293368509472,-0.0350912960017625,1,0.06715440794106095,1
boxes_cylinder_static_noise_hard_mixed,static_noise,873,3188,0.05635614362418694,0.053936190877079605,0.9967006716637233,70.8165987578106,-0.1091992062507737,1,0.025882693844573628,1
boxes_cylinder_static_noise_hard_mixed,static_noise,875,2352,0.06539240041875218,0.05861397390498039,0.8954594816685884,46.85771947745367,-0.0038387726034656003,0,0.05653334523801869,1
boxes_cylinder_static_noise_hard_mixed,static_noise,878,1745,0.07575507058966387,0.05612594227158502,0.9881625200610342,31.31499810250658,-0.22698208225127142,1,0.015496839892566998,1
boxes_cylinder_static_noise_hard_mixed,static_noise,879,2343,0.07323156472145552,0.06737766447979453,0.9965666978367675,86.43278987135795,0.044951340243269064,0,0.07411073140558061,1
boxes_cylinder_static_noise_hard_mixed,static_noise,881,1049,0.08144457084772404,0.05195049670326149,0.7063215402627184,27.520146922765512,-0.013889100039465453,0,0.029161784278256303,1
boxes_cylinder_static_noise_hard_mixed,static_noise,882,2232,0.03007430108730315,0.014685075795050498,0.9573405085255902,45.66851268187192,-0.06474745034287126,0,0.13549699680516042,0
boxes_cylinder_static_noise_hard_mixed,static_noise,883,1789,0.0777417642928845,0.07773825659359304,0.9660210175815318,29.517684249695893,-0.10919920105597675,0,0.09283438322841865,0
boxes_cylinder_static_noise_hard_mixed,static_noise,885,2674,0.04298655156858402,0.0381760817500164,0.7832682115112519,85.46583573789816,-0.06663963859694347,0,0.05301974877384785,1
boxes_cylinder_static_noise_hard_mixed,static_noise,888,1565,0.015340399077214208,0.006660563179061099,0.9276539920842667,71.35335138683726,-0.2427303869708337,1,0.11654834071453903,0
boxes_cylinder_static_noise_hard_mixed,static_noise,890,1721,0.03379377392706903,0.014255349396475814,0.7076198497615034,79.25719986789495,-0.18330713957667422,1,0.07771256113602994,1
boxes_cylinder_static_noise_hard_mixed,static_noise,896,3328,0.047855932169112894,0.03306144328536249,0.8744498637911758,55.136040492574146,-0.385452246963523,0,0.0808098204013366,0
boxes_cylinder_static_noise_hard_mixed,static_noise,898,742,0.04754836590019937,0.01905146871049488,0.8611589742227334,40.98158197789279,-0.27171801852174315,0,0.11795951825005109,0
boxes_cylinder_static_noise_hard_mixed,static_noise,899,2813,0.05535281189584859,0.051307757536585515,0.6230975470461662,58.560042041011464,0.04902467770985806,0,0.053819530100963575,1
boxes_cylinder_static_noise_hard_mixed,static_noise,902,1502,0.017943320044725007,0.012922829917698483,0.7647679012214958,70.02935274948258,-0.15365086678902007,1,0.12352405943236239,0
boxes_cylinder_static_noise_hard_mixed,static_noise,909,1799,0.06673014215088031,0.02116633977954497,0.7174079587896369,58.1001976970017,-0.07529767017443334,0,0.12512644372258433,0
boxes_cylinder_static_noise_hard_mixed,static_noise,910,1327,0.06964978519834418,0.0676116504844701,0.8640480021861336,118.0434626115705,0.04495132437029256,1,0.10599674160268845,0
boxes_cylinder_static_noise_hard_mixed,static_noise,911,1578,0.027919512459313265,0.008712573513185998,0.5686836353190031,36.72263892265915,-0.06663959964773636,1,0.10830986206546053,0
boxes_cylinder_static_noise_hard_mixed,static_noise,916,44,0.04120714256795599,0.0223906508073302,0.9977616363549002,61.837094458622694,-0.4456708333492121,1,0.13030941814478222,0
boxes_cylinder_static_noise_hard_mixed,static_noise,917,1387,0.05932195975432557,0.04414102870958714,0.971773995609273,49.19827842207749,-0.33234255042231925,0,0.09968680626669293,0
boxes_cylinder_static_noise_hard_mixed,static_noise,918,422,0.05990257492313685,0.05882351224454502,0.7142576470153728,82.65617148050204,-0.06997850342717656,1,0.11459824888286028,0
boxes_cylinder_static_noise_hard_mixed,static_noise,919,92,0.06540308657166612,0.04954608265718508,0.939118069975373,43.93164428774475,-0.18151983319586076,1,0.005891146976584256,1
boxes_cylinder_static_noise_hard_mixed,static_noise,922,2391,0.08388230361090473,0.07079173290885987,0.9947793293226423,55.91141829391156,-0.21455949651216003,0,0.14868086297959504,0
boxes_cylinder_static_noise_hard_mixed,static_noise,923,845,0.07580100503087699,0.07157875398775565,0.9957838898719034,33.42341153813894,-0.0009857065921590794,0,0.05349239720313822,1
boxes_cylinder_static_noise_hard_mixed,static_noise,927,218,0.03619571540184463,0.032069817154833986,0.7445053937737387,82.20476192972065,0.030562611279782048,1,0.0793179715623462,1
boxes_cylinder_static_noise_hard_mixed,static_noise,928,1275,0.022720900081800326,0.017138669328705117,0.9642077237613905,40.38012903543632,-0.21741271470058396,1,0.12539510023865255,0
boxes_cylinder_static_noise_hard_mixed,static_noise,929,971,0.06004940408232129,0.052770941839418065,0.9965021334528559,50.69537533936543,0.05510370954277957,1,0.02550732979972292,1
boxes_cylinder_static_noise_hard_mixed,static_noise,930,89,0.03228346303357404,0.028880473414685817,0.45018088784230287,80.48977114020347,-0.21185329638773906,0,0.08620015767106921,0
boxes_cylinder_static_noise_hard_mixed,static_noise,933,1643,0.08094354615701276,0.07643068937938095,0.9543032385488812,29.132581723841824,-0.14841984511844597,0,0.04272158425468844,1
boxes_cylinder_static_noise_hard_mixed,static_noise,934,1471,0.0409631144857793,0.01808935745200376,0.9306475246718579,58.14748361892983,0.18929350164029424,1,0.12610875966879068,0
boxes_cylinder_static_noise_hard_mixed,static_noise,935,651,0.01064909145426432,0.0037863902984389512,0.9794387480569469,107.20624143107362,0.26236396446783583,1,0.08804976909897083,0
boxes_cylinder_static_noise_hard_mixed,static_noise,940,2641,0.04411308418333449,0.007490815185440456,0.9893342681648607,57.02847284059541,-0.8976555068762749,0,0.06408962486296839,1
boxes_cylinder_static_noise_hard_mixed,static_noise,943,2503,0.0456419214171517,0.00014436961534914543,0.9784633892677936,59.950936775340665,-0.10919914910803623,1,0.097071916357894,0
boxes_cylinder_static_noise_hard_mixed,static_noise,945,2347,0.049017553790083684,0.04557805535960108,0.9809579474002703,34.82340472884362,-0.10919915560152617,1,0.06665654889461917,1
boxes_cylinder_static_noise_hard_mixed,static_noise,946,3235,0.07089081373313479,0.022355154165472374,0.9435425861379476,79.84431659193918,0.23254980195216884,0,0.04519296625172183,1
boxes_cylinder_static_noise_hard_mixed,static_noise,948,951,0.07104517137220207,0.06567403546211814,0.9834122678040831,46.37583067738726,-0.06997850342717656,0,0.06918974144322396,1
boxes_cylinder_static_noise_hard_mixed,static_noise,950,904,0.09022517667786978,0.08730898061591942,0.4239807515948345,70.79935080250202,0.08495664684578079,0,0.13048170439468418,0
boxes_cylinder_static_noise_hard_mixed,static_noise,952,2210,0.03011913445014928,0.029499967492510853,0.1680022907174354,63.53506927383175,-0.10919921504196933,1,0.1367374246679918,0
boxes_cylinder_static_noise_hard_mixed,static_noise,954,1389,0.016394738959999038,0.008487414523494982,0.7237731730217515,42.11917368723295,-0.08322374618255633,1,0.11163059950756382,0
boxes_cylinder_static_noise_hard_mixed,static_noise,958,2121,0.07344067158881443,0.07286236035644245,0.9993674943817143,65.99543041372077,-0.14841984511844597,0,0.02997689854093914,1
boxes_cylinder_static_noise_hard_mixed,static_noise,962,1991,0.029201696063715227,0.020723444056792155,0.992416747179319,86.76830619101476,-0.022187888460242448,1,0.14626297939343785,0
boxes_cylinder_static_noise_hard_mixed,static_noise,963,2555,0.03580047465584113,0.01573200773828457,0.6514399965203096,89.91307280590512,-0.029156552240208734,0,0.07099451918655446,1
boxes_cylinder_static_noise_hard_mixed,static_noise,970,954,0.04416476292853904,0.04399002148520879,0.9862842533606127,58.60412963754374,0.0085837344321421,1,0.0733164522890734,1
boxes_cylinder_static_noise_hard_mixed,static_noise,974,845,0.03919843090733414,0.000638404981278538,0.15821441179131016,80.93512178195076,0.3244364872898945,1,0.13210243540828925,0
boxes_cylinder_static_noise_hard_mixed,static_noise,976,2702,0.016420088370026592,0.004175524836120467,0.993181259759993,82.45745147024476,0.11394414268267061,1,0.08993967577012506,0
boxes_cylinder_static_noise_hard_mixed,static_noise,980,89,0.04508556449022231,0.029806052921763457,0.6844541001132041,63.77872273541164,-0.08510168405611976,0,0.042195331750569866,1
boxes_cylinder_static_noise_hard_mixed,static_noise,981,1247,0.02077482233973462,0.008059450223617705,0.9825959446869548,27.448426637768115,0.08495664684578079,1,0.07451863203211759,1
boxes_cylinder_static_noise_hard_mixed,static_noise,983,672,0.013978921425164348,0.003279378023703211,0.9941997419391582,39.10429995510944,0.14673393432289525,1,0.08945862121636766,0
boxes_cylinder_static_noise_hard_mixed,static_noise,985,79,0.05378197878237062,0.032797078701213914,0.9827396836576636,62.15550171106861,-0.20017081965343483,1,0.0815860089402983,0
boxes_cylinder_static_noise_hard_mixed,static_noise,989,2789,0.03612184229410676,0.03293350720935602,0.9249402754715521,117.14686666380801,-0.06997850342717656,1,0.07087105528121386,1
boxes_cylinder_static_noise_hard_mixed,static_noise,990,217,0.02898324640172191,0.0077494449979465824,0.7471417460690596,65.68878851233757,-0.13659816330033114,1,0.08837557800518638,0
boxes_cylinder_static_noise_hard_mixed,static_noise,1000,957,0.027783590129418105,0.010370585006889869,0.9304691593104094,58.94037284858185,-0.5000651044888231,1,0.09811925691250815,0
boxes_cylinder_static_noise_hard_mixed,static_noise,1001,1003,0.07896623743919243,0.07222824943234092,0.9523962701844422,52.06268836194391,0.0640723856972808,0,0.030833785299372012,1
boxes_cylinder_static_noise_hard_mixed,static_noise,1002,1227,0.0656005772492169,0.062176607431262174,0.8545963571720466,43.177180302177725,-0.1381867187542987,1,0.023854667015388496,1
boxes_cylinder_static_noise_hard_mixed,static_noise,1003,2388,0.07846583493033985,0.07109786755187512,0.9959657091415057,56.18417900731203,-0.15175872884776412,1,0.10980764840279199,0
boxes_cylinder_static_noise_hard_mixed,static_noise,1006,2922,0.06402024737958238,0.06367014646098398,0.8896753936862178,36.69766366000183,0.26809468441481465,1,0.0926055514644873,0
boxes_cylinder_static_noise_hard_mixed,static_noise,1011,2281,0.10316993450251533,0.0965908859699757,0.994626490864519,68.38789400866162,0.41209716949776704,0,0.12834476621391677,0
boxes_cylinder_static_noise_hard_mixed,static_noise,1012,1476,0.03427685372786022,0.015265558325940159,0.9545014301878042,28.424787896339197,0.005211055117751381,1,0.09513352344121383,0
boxes_cylinder_static_noise_hard_mixed,static_noise,1013,2626,0.07885581032129532,0.07340215581702629,0.9408079540170986,94.93700768178657,0.11394414268267061,0,0.07934247397409684,1
boxes_cylinder_static_noise_hard_mixed,static_noise,1015,2210,0.10069840345535713,0.09033188153687499,0.5349452567557621,74.38587167310673,-0.21741271470058396,0,0.13847082869023108,0
boxes_cylinder_static_noise_hard_mixed,static_noise,1018,86,0.06141917348586471,0.05801272709775892,0.9837316005102357,105.03668070874866,-0.23703238529338674,1,0.07924865920848587,1
boxes_cylinder_static_noise_hard_mixed,static_noise,1019,1096,0.06331702505141124,0.06264470933866244,0.9933170411321386,38.094170053874514,-0.055131988823492836,0,0.04100848091146569,1
boxes_cylinder_static_noise_hard_mixed,static_noise,1021,2003,0.03284571203261739,0.030519149606573173,0.9971024834805424,50.1768874809262,0.11394411934938975,1,0.06707350312329118,1
boxes_cylinder_static_noise_hard_mixed,static_noise,1022,2093,0.06525478450515797,0.058117615760687864,0.9977947413933191,43.883366350012935,-0.055131988823492836,1,0.014791787420670967,1
boxes_cylinder_static_noise_hard_mixed,static_noise,1028,1099,0.03517741347706206,0.01888859221891059,0.8436538933200493,42.403606649598316,-0.493610637817071,0,0.11092447646023068,0
boxes_cylinder_static_noise_hard_mixed,static_noise,1030,2919,0.1222921863797384,0.11257745921109169,0.9581014724396398,34.15682855640073,-0.31683835385891296,0,0.07139659463327977,1
boxes_cylinder_static_noise_hard_mixed,static_noise,1032,1004,0.054190989830543206,0.013751589299473819,0.776396354760469,57.08521837058426,-0.018227490984966586,0,0.09195685909648779,0
boxes_cylinder_static_noise_hard_mixed,static_noise,1033,2680,0.09581913023381311,0.09270532778139803,0.9931553487751157,94.01655383274078,-0.14556679063336694,0,0.053487008041833234,1
boxes_cylinder_static_noise_hard_mixed,static_noise,1036,2320,0.08056710126427351,0.0736109826458647,0.9382621273618122,38.789227274273095,-0.24896091477534546,0,0.014707348688423869,1
boxes_cylinder_static_noise_hard_mixed,static_noise,1037,791,0.02661685979875695,0.022359187111071724,0.7851767472451672,46.06679381722576,-0.06919391933610763,0,0.09448625167290244,0
boxes_cylinder_static_noise_hard_mixed,static_noise,1041,1990,0.05009840757258521,0.045527240888207185,0.9936396683809723,26.6577061350252,0.0085837344321421,1,0.031691808743859545,1
boxes_cylinder_static_noise_hard_mixed,static_noise,1042,477,0.04078630423278931,0.039375609546005996,0.9367617288814172,46.443112595195785,0.07312217316241083,0,0.12385817638848927,0
boxes_cylinder_static_noise_hard_mixed,static_noise,1044,168,0.061818785576897635,0.048317746968767686,0.9973536654336345,54.58444421215516,-0.06997850342717656,1,0.05506108413506415,1
boxes_cylinder_static_noise_hard_mixed,static_noise,1045,2429,0.006976410385388256,0.0003035203407407087,0.422600817148555,50.29101907402377,0.19190567811630546,1,0.07226332200911476,1
boxes_cylinder_static_noise_hard_mixed,static_noise,1046,1082,0.06245502466999488,0.059146523811398996,0.9969414242120509,33.77350592300562,-0.013889093978872823,1,0.007030165808058556,1
boxes_cylinder_static_noise_hard_mixed,static_noise,1048,2948,0.04585573358496259,0.009763702618494218,0.9834534697777944,38.90647545948034,0.16523734531597908,0,0.07103101125519301,1
boxes_cylinder_static_noise_hard_mixed,static_noise,1050,1644,0.018303124702015432,0.0004646739054874377,0.8979684048302927,38.637512266874936,-0.3774629278812679,1,0.06780140527788338,1
boxes_cylinder_static_noise_hard_mixed,static_noise,1052,3250,0.04762399347366851,0.036199618197173156,0.9895245959949249,37.876532379044214,-0.04020638238283841,1,0.027261568237913068,1
boxes_cylinder_static_noise_hard_mixed,static_noise,1053,752,0.033319614398356845,0.01952175482549818,0.94943305180493,65.84855344200903,0.26549397376442546,1,0.10000233177114483,0
boxes_cylinder_static_noise_hard_mixed,static_noise,1055,163,0.03990073650657882,0.032307808127569324,0.13840946276206997,57.2232015734516,0.07312221244804783,0,0.0617369549680423,1
boxes_cylinder_static_noise_hard_mixed,static_noise,1056,892,0.05987139222265113,0.05852223249081007,0.9304361551820292,39.97524943509072,0.27029009289801526,1,0.07357121181989001,1
boxes_cylinder_static_noise_hard_mixed,static_noise,1058,1890,0.024744934603253672,0.016078538363753045,0.9657852633821421,112.70534314990314,0.24747538054546814,1,0.10122162383674645,0
boxes_cylinder_static_noise_hard_mixed,static_noise,1061,1102,0.019335427850111487,0.013234129515102822,0.9599627971484999,45.92264832637116,0.05331959782693027,1,0.10611908301899681,0
boxes_cylinder_static_noise_hard_mixed,static_noise,1072,1280,0.0992210807729125,0.07477943522401777,0.8292816006290192,69.902315121577,0.09559501293703501,0,0.08702358008976373,0
boxes_cylinder_static_noise_hard_mixed,static_noise,1073,2953,0.036197051521432225,0.03595199721944179,0.5812614620396982,134.66126953052228,-0.18330707730571774,0,0.11658088614174503,0
boxes_cylinder_static_noise_hard_mixed,static_noise,1075,2110,0.06058269015884071,0.05799741188529744,0.9950928029799746,39.89062225643728,-0.029156552240208734,1,0.07933652831685646,1
boxes_cylinder_static_noise_hard_mixed,static_noise,1085,3080,0.04572784044498358,0.03915178320582575,0.9878998655000076,115.8401081394134,0.347558708776806,1,0.07457839023308598,1
boxes_cylinder_static_noise_hard_mixed,static_noise,1086,1786,0.02996602159815579,0.028376753635914204,0.9984059161411535,64.56932578790487,0.5413878212779946,1,0.0997370758860179,0
boxes_cylinder_static_noise_hard_mixed,static_noise,1088,1240,0.03531088370779111,0.029649979388674013,0.9377412603210216,29.112466307259872,-0.17171950134137015,1,0.07836321230820602,1
boxes_cylinder_static_noise_hard_mixed,static_noise,1090,1350,0.03034805340332411,0.026991940399402538,0.353510543308427,47.84122106075601,0.3057443644105109,0,0.09075503246284887,0
boxes_cylinder_static_noise_hard_mixed,static_noise,1095,1977,0.02688391199759611,0.023634970639035646,0.8689696355566175,53.576255104021946,-0.14693946752634493,1,0.09406405416102183,0
boxes_cylinder_static_noise_hard_mixed,static_noise,1096,2614,0.0881883888115121,0.08507379904769508,0.9942246776102915,92.47682709274116,-0.3543212693223073,0,0.017104030319787248,1
boxes_cylinder_static_noise_hard_mixed,static_noise,1097,2050,0.05200641304021998,0.02219202158480704,0.9832313707872586,34.80692269424073,-0.10919916153036523,0,0.025136070481037796,1
boxes_cylinder_static_noise_hard_mixed,static_noise,1098,862,0.08663237408982631,0.0816098058496887,0.9954423303427846,67.55522317118896,-0.0038387707516180565,0,0.020249305154070665,1
boxes_cylinder_static_noise_hard_mixed,static_noise,1100,1191,0.00827525628362765,0.002679443930330461,0.9950335191642872,97.50860717086509,0.24219830052627755,1,0.11432455249978875,0
boxes_cylinder_static_noise_hard_mixed,static_noise,1103,1912,0.10616683180796742,0.09897450887592683,0.9537974505960839,78.53655745299571,0.10437468562258881,0,0.04370486843618546,1
boxes_cylinder_static_noise_hard_mixed,static_noise,1104,2796,0.053646148136189745,0.04278432392890999,0.8006809774603039,56.12008057429103,-0.08021169122624441,0,0.1313150935307663,0
boxes_cylinder_static_noise_hard_mixed,static_noise,1110,1872,0.07268220908390334,0.07252953411299465,0.7579016914717249,55.509552333883946,-0.03223821675482566,0,0.10349090636249944,0
boxes_cylinder_static_noise_hard_mixed,static_noise,1111,1161,0.024698523792718755,0.010631301569545542,0.5661643926311255,51.174329970196155,0.12921161026799896,1,0.10335232975690929,0
boxes_cylinder_static_noise_hard_mixed,static_noise,1114,1086,0.08142505161631264,0.07878403303869641,0.9855875869856896,68.97158660566105,0.039220673153322054,1,0.06424079742211725,1
boxes_cylinder_static_noise_hard_mixed,static_noise,1115,1888,0.0915194161827782,0.09134028582482508,0.9848328721162798,55.73616803440023,0.3388251056830558,1,0.03637234984241384,1
boxes_cylinder_static_noise_hard_mixed,static_noise,1119,2354,0.03736598755274245,0.029976487675526554,0.9787989213964875,68.34773735364114,0.15906454757099997,0,0.08710820183189132,0
boxes_cylinder_static_noise_hard_mixed,static_noise,1120,1415,0.025244782476751434,0.005432751076365438,0.8379519459966698,53.95070248230531,-0.1925806800347319,0,0.11125843080995731,0
boxes_cylinder_static_noise_hard_mixed,static_noise,1122,2982,0.08048528239013279,0.07769787773579818,0.9947342876921388,73.12986826186334,-0.1091991252985799,0,0.11692214819296409,0
boxes_cylinder_static_noise_hard_mixed,static_noise,1127,1604,0.08560309767920538,0.0794523714361681,0.9359799736860676,36.29624014645695,-0.2427303869708337,0,0.11532526446997567,0
boxes_cylinder_static_noise_hard_mixed,static_noise,1129,571,0.08072357102326183,0.0722699935763829,0.9968660399061375,46.06971211045272,0.0085837344321421,0,0.08701086284513532,0
boxes_cylinder_static_noise_hard_mixed,static_noise,1130,732,0.09425735208657682,0.07741816207451786,0.9571066649617516,53.634717334738745,-0.14841984511844597,0,0.0824791014567219,0
boxes_cylinder_static_noise_hard_mixed,static_noise,1131,1210,0.04354228649425803,0.041852795733041126,0.9873455864498755,72.810577090766,-0.10919916696513533,1,0.07477167130194141,1
boxes_cylinder_static_noise_hard_mixed,static_noise,1132,824,0.09232949569190309,0.06513080206169328,0.9889318453997025,39.697014800177996,-0.03774029094584646,0,0.02707690150619606,1
boxes_cylinder_static_noise_hard_mixed,static_noise,1135,2244,0.04730146355699589,0.03660808805727349,0.9699217402847006,36.31021048205463,-0.10919918482223984,0,0.0668624251093286,1
boxes_cylinder_static_noise_hard_mixed,static_noise,1136,3158,0.028282919322880046,0.0030650208178232686,0.9393508807020474,36.109479779307314,-0.010759209453472439,1,0.11671936564004709,0
boxes_cylinder_static_noise_hard_mixed,static_noise,1137,200,0.013343028160825077,0.0104488844489368,0.2931418608574803,55.27567815244981,-0.2742788639522049,1,0.10694073813713505,0
boxes_cylinder_static_noise_hard_mixed,static_noise,1139,490,0.07734983508847278,0.07561830267089129,0.993102291437457,25.502482460542126,-0.20928246230182163,0,0.03355609204980254,1
boxes_cylinder_static_noise_hard_mixed,static_noise,1140,914,0.1014100716359684,0.09973830275865601,0.9995279697444311,44.71474198518374,-0.06837722077815629,0,0.014586936334886344,1
boxes_cylinder_static_noise_hard_mixed,static_noise,1141,755,0.03130949627852814,0.021766201915310292,0.9863755997686784,109.35003983995877,-0.1381867187542987,1,0.06388555303448673,1
boxes_cylinder_static_noise_hard_mixed,static_noise,1146,1210,0.04800461317878667,0.04026941195256625,0.9835003093075888,50.85179595525243,0.0085837344321421,0,0.06977369510510786,1
boxes_cylinder_static_noise_hard_mixed,static_noise,1147,2595,0.06047494146612532,0.053551492470907375,0.9810056369696061,38.18821917826044,-0.013889093978872823,0,0.12779162318521348,0
boxes_cylinder_static_noise_hard_mixed,static_noise,1149,258,0.053560199879706,0.04988581548261881,0.32493916224513203,81.622188891029,0.08654522690288437,0,0.1551126362568529,0
boxes_cylinder_static_noise_hard_mixed,static_noise,1150,214,0.02882358842710298,0.0277224471252202,0.970294145436649,53.86259141505123,-0.14556679063336694,1,0.06510117191538838,1
boxes_cylinder_static_noise_hard_mixed,static_noise,1151,727,0.06498991518613106,0.05664179485210332,0.9980566997423181,39.57151195099279,0.0914712772347074,1,0.02597152987057078,1
boxes_cylinder_static_noise_hard_mixed,static_noise,1152,1577,0.03452347561020053,0.01747880430065996,0.7827164975499915,52.95690984639858,-0.39061151696935775,0,0.12223019947451032,0
boxes_cylinder_static_noise_hard_mixed,static_noise,1161,809,0.023948167069343315,0.0009929646554706923,0.6305742099137717,76.81951479508038,0.06515401708464129,1,0.08883897314565442,0
boxes_cylinder_static_noise_hard_mixed,static_noise,1162,2379,0.027309084323816065,0.02718343359225223,0.91894733231755,62.759119691971314,-0.10919915560152617,0,0.11291059994953878,0
boxes_cylinder_static_noise_hard_mixed,static_noise,1163,2161,0.0644310265187157,0.06190215491926117,0.990705507985384,31.377434858884182,0.1784826034036315,1,0.024739253426860515,1
boxes_cylinder_static_noise_hard_mixed,static_noise,1165,1574,0.054487902757965785,0.0358366928303616,0.9961154869385449,38.919767823609824,0.16273417947139754,0,0.05360008784391906,1
boxes_cylinder_static_noise_hard_mixed,static_noise,1167,1566,0.07001573181656263,0.04809844480054608,0.9993989085934052,40.643389093558596,0.19308131136611686,0,0.0213128175588032,1
boxes_cylinder_static_noise_hard_mixed,static_noise,1170,1693,0.015218064431793424,0.006101029232584777,0.015372115848727611,46.33477730011974,-0.28247082036446836,1,0.08972042414189876,0
boxes_cylinder_static_noise_hard_mixed,static_noise,1172,40,0.006221491908889664,0.0006282190122814306,0.9978272313924822,91.95264335862396,0.29626544577326847,1,0.12291180895946757,0
boxes_cylinder_static_noise_hard_mixed,static_noise,1173,1282,0.027720059520223425,0.017960674644835698,0.8125406973511607,33.39579796680946,0.20445801385392676,1,0.10319289116900662,0
boxes_cylinder_static_noise_hard_mixed,static_noise,1174,2853,0.033987367693446756,0.03130877884003393,0.9982052917383906,81.60691588090812,-0.06663959964773636,1,0.11100577883810792,0
boxes_cylinder_static_noise_hard_mixed,static_noise,1176,853,0.07309507586769505,0.05046907360853345,0.8967309447294116,51.81329262167828,-0.17589050517348992,0,0.008320853768017463,1
boxes_cylinder_static_noise_hard_mixed,static_noise,1179,392,0.06045250695744953,0.05652886914804734,0.8786744712885567,40.473565591812815,0.03187928157403968,0,0.11096007514402516,0
boxes_cylinder_static_noise_hard_mixed,static_noise,1182,3038,0.023110972857034815,0.009015384781149242,0.9627665331234819,30.0469252755277,-0.2850896817539884,1,0.07208430177634431,1
boxes_cylinder_static_noise_hard_mixed,static_noise,1184,748,0.036090798858137374,0.02587213250966261,0.9640301929783166,35.30169161274084,0.21357386220308727,0,0.05074988069433752,1
boxes_cylinder_static_noise_hard_mixed,static_noise,1186,1348,0.07589865700021713,0.0670163031631743,0.9997722672127847,30.464054832608966,-0.1925806800347319,0,0.05600777025788592,1
boxes_cylinder_static_noise_hard_mixed,static_noise,1188,2658,0.05674380652583843,0.025809191117413272,0.9987539920608342,76.80658265756412,0.11394414268267061,0,0.10233207793304018,0
boxes_cylinder_static_noise_hard_mixed,static_noise,1190,2265,0.05374978003082101,0.0516042466430968,0.9945599765470913,56.614461640021375,-0.20450920358785143,1,0.04253810100946977,1
boxes_cylinder_static_noise_hard_mixed,static_noise,1192,1933,0.054374963538492034,0.024330339430363054,0.9508961680514197,41.70449322733928,0.02433207089766218,0,0.10106990185940601,0
boxes_cylinder_static_noise_hard_mixed,static_noise,1195,1002,0.06172272062032333,0.03158892750312314,0.9597684715519771,39.25083658195316,0.030562611279782048,0,0.09845070051675414,0
boxes_cylinder_static_noise_hard_mixed,static_noise,1196,1476,0.040874038762776774,0.01188915692906356,0.976148957733381,30.225228825753426,-0.30986970123212326,0,0.07677851274835848,1
boxes_cylinder_static_noise_hard_mixed,static_noise,1198,268,0.05581597603073533,0.04116948399127039,0.9774594395889781,43.60031040382976,0.16523734531597908,1,0.05911606065491793,1
boxes_cylinder_static_noise_hard_mixed,static_noise,1200,2025,0.053842030922099375,0.05372125929329897,0.7681009720165208,33.13331427653395,0.48678376901536574,0,0.10728152198314149,0
boxes_cylinder_static_noise_hard_mixed,static_noise,1206,611,0.1110279777395048,0.09897484645082032,0.9499196781465504,37.184859100913314,-0.05918883073995203,0,0.08454916127901575,0
boxes_cylinder_static_noise_hard_mixed,static_noise,1207,792,0.047220630066013125,0.006226619871339852,0.996075283303854,127.76424449657293,-0.3002541328472202,0,0.08888240203983953,0
boxes_cylinder_static_noise_hard_mixed,static_noise,1209,163,0.05976690356695011,0.0036100771548739485,0.12520310023827097,47.975267350838294,0.04902467770985806,0,0.06706839411397839,1
boxes_cylinder_static_noise_hard_mixed,static_noise,1211,1113,0.0507888119356841,0.03688514934143697,0.6649765448976047,72.48066583364886,-0.06663959964773636,0,0.12281085372960242,0
boxes_cylinder_static_noise_hard_mixed,static_noise,1215,1879,0.04262097466769526,0.011892934123012754,0.9755625864767166,31.541019313138925,0.20095549290460696,1,0.06127856993749267,1
boxes_cylinder_static_noise_hard_mixed,static_noise,1216,1774,0.04838485452772106,0.016221359840153278,0.9614011443708136,36.907015527492895,0.4587841828965516,0,0.0511095109085728,1
boxes_cylinder_static_noise_hard_mixed,static_noise,1220,2158,0.02277540455994074,0.016768292309037328,0.4258603478207893,60.97830259912898,-0.44567123062722375,0,0.11094075294465734,0
boxes_cylinder_static_noise_hard_mixed,static_noise,1227,32,0.04068188828678962,0.03955580849498766,0.9841406270663771,44.14102732562002,-0.19621043410641903,1,0.06534199766047681,1
boxes_cylinder_static_noise_hard_mixed,static_noise,1230,547,0.016175670245059268,0.009901107192398373,0.9242199812464303,44.73166597532863,-0.14693946752634493,1,0.122879035847376,0
boxes_cylinder_static_noise_hard_mixed,static_noise,1233,852,0.03414092531186648,0.03147521261822138,0.9454471703003441,71.56532603804634,-0.0810283522999316,0,0.06560806336531724,1
boxes_cylinder_static_noise_hard_mixed,static_noise,1236,739,0.03810482330955669,0.00756869806471121,0.9836811880510574,20.70065897448111,0.02085382137806741,0,0.09162972352048099,0
boxes_cylinder_static_noise_hard_mixed,static_noise,1237,2910,0.10534199904614797,0.10437490806668585,0.9924897463346731,87.133211827222,0.17848257810606666,0,0.051794089887228535,1
boxes_cylinder_static_noise_hard_mixed,static_noise,1239,1718,0.06603827625096774,0.06325048352910341,0.9807903000171052,32.142348711865466,0.1078651327111812,0,0.0362445195359228,1
boxes_cylinder_static_noise_hard_mixed,static_noise,1240,3313,0.03622031554691762,0.0236718587151253,0.8692396333963646,47.22420269480735,-0.03321336188053914,0,0.08013301840516127,0
boxes_cylinder_static_noise_hard_mixed,static_noise,1242,1189,0.039363466432579236,0.010042624593961675,0.9053749921859575,40.52724312526763,0.37630818407342925,0,0.13686772017703994,0
boxes_cylinder_static_noise_hard_mixed,static_noise,1247,1573,0.059462623669722735,0.0568263532274248,0.9969128089241807,76.02270221234818,0.15650371000006952,0,0.08658559797875455,0
boxes_cylinder_static_noise_hard_mixed,static_noise,1248,955,0.042189301807758345,0.03503061485228026,0.9748521667689717,34.90977469006084,0.15650371000006952,0,0.056080882932681764,1
boxes_cylinder_static_noise_hard_mixed,static_noise,1249,1760,0.034644472723728816,0.027924502238485978,0.20766705208523858,67.77445055087358,-0.05790595678799637,1,0.13087514437939418,0
boxes_cylinder_static_noise_hard_mixed,static_noise,1250,906,0.07994134869345702,0.05954830300145833,0.9979066212456593,50.38280578916031,0.21930449056297002,0,0.012173801932390288,1
boxes_cylinder_static_noise_hard_mixed,static_noise,1253,309,0.016501878431855396,0.0027499428042551347,0.9648957499447804,40.85952967555341,0.30853565308931036,1,0.07639092835725647,1
boxes_cylinder_static_noise_hard_mixed,static_noise,1254,1272,0.0611986204211791,0.05594805968249226,0.9926378689581979,90.48276171451354,0.018634057726736597,1,0.052963035248059606,1
boxes_cylinder_static_noise_hard_mixed,static_noise,1255,1776,0.04564056731115715,0.01053066006244464,0.7117349132732753,61.38985643464378,0.17848257810606666,0,0.10375043824541427,0
boxes_cylinder_static_noise_hard_mixed,static_noise,1256,2045,0.04250770680711896,0.00899177510694037,0.5965362161861254,50.74940143927284,0.048429622258935025,0,0.049252606254742676,1
boxes_cylinder_static_noise_hard_mixed,static_noise,1257,1923,0.02696155013613513,0.021362756133795156,0.9969754003111575,51.62703171176072,0.030562630844961844,0,0.09420223188738722,0
boxes_cylinder_static_noise_hard_mixed,static_noise,1259,2870,0.09679971910874689,0.09608529777578007,0.9917463866029353,66.98791890491495,-0.24896091477534546,0,0.09862926490786779,0
boxes_cylinder_static_noise_hard_mixed,static_noise,1260,2134,0.05222167822369465,0.039231502506094265,0.901797239641406,45.599693997329645,-0.2343622329583884,1,0.12407889467522533,0
boxes_cylinder_static_noise_hard_mixed,static_noise,1261,298,0.05104892504048789,0.047894110013598064,0.7394582489224298,47.38687691835739,0.004129389056301473,0,0.07650773597649194,1
boxes_cylinder_static_noise_hard_mixed,static_noise,1263,682,0.03685516860759818,0.01832259001319358,0.939566778703298,72.34319047747297,0.45041602454236085,1,0.12353767673051903,0
boxes_cylinder_static_noise_hard_mixed,static_noise,1265,1171,0.051548035655382476,0.017068987007194742,0.921683888531281,112.12638382418591,-0.32277301131112346,0,0.10609295884484132,0
boxes_cylinder_static_noise_hard_mixed,static_noise,1267,2448,0.07309866727719035,0.07184515282632241,0.9965469501749784,44.033129035673866,0.0,1,0.06477777145052091,1
boxes_cylinder_static_noise_hard_mixed,static_noise,1273,918,0.04506628929515038,0.030373742278827224,0.2770236061853431,50.84035362291315,0.030562630844961844,0,0.07762502457152372,1
boxes_cylinder_static_noise_hard_mixed,static_noise,1278,1543,0.01580257504767026,0.006437556221277118,0.5697248214091495,58.941218128376924,-0.02581766824334075,1,0.09737833572210541,0
boxes_cylinder_static_noise_hard_mixed,static_noise,1280,1420,0.07465107967766399,0.063942586078657,0.9921455655340643,86.62527848434947,0.0914712772347074,0,0.046369563914492574,1
boxes_cylinder_static_noise_hard_mixed,static_noise,1281,2383,0.026737877759680763,0.02548680343023075,0.9912602021208713,41.97516094603575,-0.20928260641179852,0,0.112046916413807,0
boxes_cylinder_static_noise_hard_mixed,static_noise,1285,1419,0.015504901115954348,0.009398708162389286,0.025796621430773905,58.11195161687347,0.12847228345813932,1,0.10186427863770353,0
boxes_cylinder_static_noise_hard_mixed,static_noise,1287,568,0.09270743324897658,0.07979008765731165,0.9969413253506697,55.85013643171817,-0.18065807842496184,0,0.0562075461286594,1
boxes_cylinder_static_noise_hard_mixed,static_noise,1289,3292,0.06038501407208218,0.034977245831701066,0.05871531371876622,35.48988929616667,0.1300303114194726,0,0.08712777857634439,0
boxes_cylinder_static_noise_hard_mixed,static_noise,1290,2705,0.03633859583426248,0.01891922590091087,0.8052004482457542,43.45815416403764,0.25852532363051617,0,0.13420004493219057,0
boxes_cylinder_static_noise_hard_mixed,static_noise,1291,1310,0.06063713188127227,0.05652575998633776,0.9998917409157421,24.974538765103386,0.02433207089766218,1,0.023782819671125215,1
boxes_cylinder_static_noise_hard_mixed,static_noise,1292,2593,0.0549397954594335,0.04780856187643853,0.8693459910076077,84.91765546389252,0.14211497229493963,0,0.11482709099477743,0
boxes_cylinder_static_noise_hard_mixed,static_noise,1294,309,0.020225535643688407,0.012990139681902983,0.9694430718004631,43.33586233556166,0.30853565308931036,0,0.09554329675590376,0
boxes_cylinder_static_noise_hard_mixed,static_noise,1301,1159,0.023205863533179646,0.02165362485391466,0.5699633981027519,48.388724114529346,-0.10919921696504352,0,0.048610923011945646,1
boxes_cylinder_static_noise_hard_mixed,static_noise,1302,1669,0.07124791055315893,0.06221489343578982,0.8963341586070825,52.80935422169581,-0.007416590742613692,0,0.01806788816287145,1
boxes_cylinder_static_noise_hard_mixed,static_noise,1303,3213,0.023108086990324926,0.00448534029464287,0.9665169885533752,64.49354673809562,0.20925423460828868,1,0.08590824841361587,0
boxes_cylinder_static_noise_hard_mixed,static_noise,1309,475,0.05875130993583802,0.05431984233664404,0.9368033855661697,70.41630620119679,-0.10919917196512406,0,0.043599447362725675,1
boxes_cylinder_static_noise_hard_mixed,static_noise,1311,426,0.03209223023259574,0.02235794347369004,0.9454399617753538,66.3221368102677,-0.28355233815780145,1,0.08771801851584148,0
boxes_cylinder_static_noise_hard_mixed,static_noise,1316,1759,0.019123951995548255,0.0037625214793423783,0.9257538443504995,58.38328942838167,-0.20017094491199813,1,0.09499607497963275,0
boxes_cylinder_static_noise_hard_mixed,static_noise,1317,1760,0.09362949703969359,0.09028788819355925,0.9946270082381278,46.14453578452102,0.08185589102200891,0,0.015628829546800137,1
boxes_cylinder_static_noise_hard_mixed,static_noise,1318,3099,0.06275623620758021,0.051162836183715504,0.07154182026498332,84.2028675941859,-0.13659816330033114,0,0.07777920540274699,1
boxes_cylinder_static_noise_hard_mixed,static_noise,1319,2442,0.01666365087846083,0.0034784478768339925,0.977044683735999,41.67399884808018,0.15108370776270275,1,0.0994260040499809,0
boxes_cylinder_static_noise_hard_mixed,static_noise,1320,939,0.03798189406451904,0.03794121293910051,0.9253952639406743,60.75473076811733,-0.07410790072521933,0,0.07553481342956544,1
boxes_cylinder_static_noise_hard_mixed,static_noise,1321,1923,0.016650911113288768,0.0017114901655215756,0.9945049439161783,59.71028021673164,0.1139441893492608,1,0.08418003569024507,0
boxes_cylinder_static_noise_hard_mixed,static_noise,1322,2868,0.08050606746582864,0.06619174534624948,0.9848630193512387,29.64879720253202,-0.011560814649143178,0,0.026842332023799303,1
boxes_cylinder_static_noise_hard_mixed,static_noise,1323,2579,0.05052383076426219,0.049972069588056015,0.7195426915756575,54.45623298871063,0.16705390284518254,0,0.11201071563079511,0
boxes_cylinder_static_noise_hard_mixed,static_noise,1324,2301,0.07194652502071683,0.060163529854260295,0.997865534468023,47.72690436112063,-0.15365086678902007,0,0.11591947060726668,0
boxes_cylinder_static_noise_hard_mixed,static_noise,1325,2533,0.06789676384700898,0.052518271903220656,0.9995028689012849,38.06880834441141,0.8862278614918757,0,0.0869254534613569,0
boxes_cylinder_static_noise_hard_mixed,static_noise,1328,1320,0.027604681546392746,0.008218248349062197,0.9895662003925525,42.69708477140885,-0.21185329638773906,0,0.08946980557192111,0
boxes_cylinder_static_noise_hard_mixed,static_noise,1329,2992,0.03438291024974661,0.03153481799228709,0.9133740750814583,64.34115435922196,0.12260219165768867,1,0.09256855588914345,0
boxes_cylinder_static_noise_hard_mixed,static_noise,1330,364,0.03643120182591679,0.016290895238999698,0.9966388671057036,39.482334466882676,0.23564087324874566,1,0.07443921866445513,1
boxes_cylinder_static_noise_hard_mixed,static_noise,1331,657,0.028456329436021884,0.026039997639954557,0.05615721331356127,55.42873712960355,0.23066840613523462,1,0.08645807626944224,0
boxes_cylinder_static_noise_hard_mixed,static_noise,1332,2256,0.05457449426729893,0.02951890324083116,0.08271063904380277,85.62447598740914,-0.6337232907017486,0,0.14851362044315142,0
boxes_cylinder_static_noise_hard_mixed,static_noise,1333,1368,0.05720341206616331,0.05624029400774966,0.99959778422669,42.71029309556679,0.0914712772347074,1,0.030323377746909824,1
boxes_cylinder_static_noise_hard_mixed,static_noise,1336,1444,0.0690490863214462,0.051643855869919944,0.14957834242998977,78.77097954828525,-0.3605133022569698,0,0.2028599769503849,0
boxes_cylinder_static_noise_hard_mixed,static_noise,1337,1850,0.07274128415503438,0.06550016911913079,0.5404180756398005,75.50290142590872,-0.15365096066236553,0,0.11250481583615801,0
boxes_cylinder_static_noise_hard_mixed,static_noise,1338,774,0.04687140060337152,0.042504414507887375,0.9356769266242094,42.82212730952619,-0.31399334939255513,0,0.08154051800074191,0
boxes_cylinder_static_noise_hard_mixed,static_noise,1341,2579,0.06886514540830467,0.06779958971516499,0.44203632264692255,43.03769216547324,0.20095542118756343,0,0.1283984544641086,0
boxes_cylinder_static_noise_hard_mixed,static_noise,1346,366,0.03305618333328332,0.00020816999520319483,0.9236571262333463,64.72223840238249,-0.14556679063336694,0,0.05632413055170824,1
boxes_cylinder_static_noise_hard_mixed,static_noise,1350,2311,0.058846885924656714,0.02727681538640825,0.9744506439365898,81.92052473669581,0.17848254437599095,0,0.06958397944233032,1
boxes_cylinder_static_noise_hard_mixed,static_noise,1352,1246,0.07484292061062396,0.06835889083893068,0.9981069076203847,84.17415667852555,-0.018227490984966586,0,0.017646955959435332,1
boxes_cylinder_static_noise_hard_mixed,static_noise,1355,1980,0.027797853879916005,0.012990826072068652,0.7744841799444598,84.4867002261755,-0.018227490984966586,1,0.1135713308313895,0
boxes_cylinder_static_noise_hard_mixed,static_noise,1357,2137,0.025895637526988945,0.022382461588923538,0.696348885864576,50.81893276505293,-0.19143724584117097,1,0.10078167210023768,0
boxes_cylinder_static_noise_hard_mixed,static_noise,1359,2579,0.07612529219223897,0.07599799666249459,0.44203632264692455,40.802819777924995,0.29626551311318144,0,0.12489634065857683,0
boxes_cylinder_static_noise_hard_mixed,static_noise,1363,2206,0.03782477521730449,0.011347411014748825,0.7106323894690832,66.29832169111872,0.16621259078572703,0,0.09830795356826273,0
boxes_cylinder_static_noise_hard_mixed,static_noise,1364,160,0.02954923029787197,0.010346139095404733,0.835102399107267,21.08545440480069,-0.2045092929815948,1,0.09292132689539556,0
boxes_cylinder_static_noise_hard_mixed,static_noise,1365,1507,0.06514371368843505,0.06342320599726334,0.8331479897289986,65.75654126021854,-0.2717178155810241,0,0.0891441469850258,0
boxes_cylinder_static_noise_hard_mixed,static_noise,1368,1220,0.05013692739133082,0.04785736720314244,0.8670811758732921,35.06474237369623,0.11394414268267061,0,0.14525970980024563,0
boxes_cylinder_static_noise_hard_mixed,static_noise,1370,899,0.06247693298002656,0.06074636220135152,0.918941901871034,30.432238523133677,0.11394415934930568,0,0.05455361245050625,1
boxes_cylinder_static_noise_hard_mixed,static_noise,1371,1636,0.0334092977051004,0.021051590300064527,0.9925838842573047,51.139926752887426,-0.17819205075360223,1,0.09930647406683579,0
boxes_cylinder_static_noise_hard_mixed,static_noise,1373,1362,0.01927982734977889,0.007813359839277697,0.9449329030346496,27.78400536786855,0.15650371000006952,1,0.08477810728892017,0
boxes_cylinder_static_noise_hard_mixed,static_noise,1374,1438,0.036476079980622515,0.01917167355079731,0.5059912333930172,72.88795976836936,-0.2045092929815948,0,0.15411418379870123,0
boxes_cylinder_static_noise_hard_mixed,static_noise,1377,2413,0.02735833975810765,0.023487796411605054,0.8316005795811753,111.37459703097294,-0.06837722077815629,1,0.15057890829900197,0
boxes_cylinder_static_noise_hard_mixed,static_noise,1379,3165,0.07306866791657113,0.06944286356446053,0.9864556788378348,50.350722761625576,-0.10919915560152617,0,0.09928635625298317,0
boxes_cylinder_static_noise_hard_mixed,static_noise,1382,894,0.07435202928894454,0.0730820926607923,0.9237107552683237,69.6776654166214,-0.03774029094584646,1,0.10609572083628965,0
boxes_cylinder_static_noise_hard_mixed,static_noise,1385,742,0.03352097349885487,0.0011332130855671411,0.9332261603822425,47.655409242906146,0.13374680527289803,1,0.08057769269587044,0
boxes_cylinder_static_noise_hard_mixed,static_noise,1387,2996,0.013522583683643053,0.006570242600260977,0.7863676522892666,92.9676842637876,0.1909050745596883,1,0.14626739154863225,0
boxes_cylinder_static_noise_hard_mixed,static_noise,1388,2303,0.07386277606765956,0.07069771016096821,0.9950458548400205,37.97836772064825,0.19828522072432203,0,0.012466159065389396,1
boxes_cylinder_static_noise_hard_mixed,static_noise,1390,3237,0.02696173622716307,0.01538688765728393,0.947459545850254,52.83564090505496,-0.06663959964773636,1,0.09316378570350009,0
boxes_cylinder_static_noise_hard_mixed,static_noise,1402,815,0.06237117721302577,0.03892023459675575,0.9699074430806489,21.649135921486266,-0.15571910846594086,0,0.07375850436020218,1
boxes_cylinder_static_noise_hard_mixed,static_noise,1403,584,0.027238959487443877,0.01715889499917413,0.9410063611821488,23.37915202954048,0.14862971172220968,1,0.10205498737862237,0
boxes_cylinder_static_noise_hard_mixed,static_noise,1406,2455,0.07846811364857804,0.07030730555059651,0.2244774443010793,83.90465744610192,-0.37490206349551813,0,0.20448508193290968,0
boxes_cylinder_static_noise_hard_mixed,static_noise,1410,2037,0.06843404541204791,0.06545924198841473,0.837982581868166,95.74334281193634,-0.06474745034287126,1,0.08878074820228779,0
boxes_cylinder_static_noise_hard_mixed,static_noise,1411,1291,0.012619930063496203,0.004760689811279319,0.8939079250152139,67.79636806123459,0.0,1,0.09178284489327397,0
boxes_cylinder_static_noise_hard_mixed,static_noise,1412,296,0.03726346093486591,0.019630305116701576,0.7780335053035194,36.830561383005346,0.08862638245472512,1,0.11957461047943961,0
boxes_cylinder_static_noise_hard_mixed,static_noise,1417,3139,0.040863726197739765,0.014977365991916304,0.05144973272109828,78.45697862207615,0.1078651327111812,0,0.117630666332187,0
boxes_cylinder_static_noise_hard_mixed,static_noise,1418,51,0.056289023280065235,0.05301345269399079,0.999087387857733,40.17301025770685,-0.03774029094584646,0,0.07146998420759729,1
boxes_cylinder_static_noise_hard_mixed,static_noise,1419,2769,0.08360690219007229,0.08135067543453461,0.9996346191710525,76.3197416785257,-0.10919913407048369,0,0.1002520475621192,0
boxes_cylinder_static_noise_hard_mixed,static_noise,1420,203,0.03435160498192158,0.01586422468566906,0.9115802529795092,45.92846005439763,0.05331959782693027,1,0.11446933145430245,0
boxes_cylinder_static_noise_hard_mixed,static_noise,1423,2257,0.057677411856407845,0.010054725216391558,0.7439301803272433,48.416237011638515,0.15316484942567515,1,0.1314765112460177,0
boxes_cylinder_static_noise_hard_mixed,static_noise,1424,1595,0.023672834314180664,0.02080251472894216,0.9301645793711507,42.46601627134235,0.14211497229493963,1,0.10898441284959666,0
boxes_cylinder_static_noise_hard_mixed,static_noise,1425,2577,0.05055421319084838,0.045826424559487516,0.9796216277217715,124.4761228072247,-0.0038387707516180565,1,0.054221110990901975,1
boxes_cylinder_static_noise_hard_mixed,static_noise,1427,529,0.02177917739391888,0.01779418931265544,0.9407986497240893,56.43994018219318,0.1784826230795207,1,0.1089619385307678,0
boxes_cylinder_static_noise_hard_mixed,static_noise,1428,3114,0.032442472847388555,0.03028908197667106,0.9452369442558515,37.23044575580647,-0.10919916153036523,1,0.07550939086370428,1
boxes_cylinder_static_noise_hard_mixed,static_noise,1429,178,0.04201936450477852,0.039785394686715,0.4234497165059393,54.59946541500223,0.15906459659053224,1,0.12592649951229973,0
boxes_cylinder_static_noise_hard_mixed,static_noise,1432,1916,0.07220043555675014,0.06729290555919684,0.9974176326654295,75.49325733879027,-0.15175872884776412,0,0.08136968675121861,0
boxes_cylinder_static_noise_hard_mixed,static_noise,1439,736,0.07770483471726516,0.063705690608513,0.08953943043512003,47.63622387910873,-0.006545133290541447,0,0.08539879433189453,0
boxes_cylinder_static_noise_hard_mixed,static_noise,1440,2987,0.037980136867487115,0.005730538089280255,0.20389441711084058,55.872942020533564,0.09147134036588965,0,0.06063185373287764,1
boxes_cylinder_static_noise_hard_mixed,static_noise,1441,518,0.0983298718264042,0.09671812676572747,0.9439012327417378,56.9460217727558,-0.10919917196512406,0,0.08905804437493561,0
boxes_cylinder_static_noise_hard_mixed,static_noise,1442,3250,0.05419168057244124,0.04365940252946506,0.9794757260203258,57.531652326964974,-0.22252774584366533,0,0.08830626876370598,0
boxes_cylinder_static_noise_hard_mixed,static_noise,1445,2671,0.022852950728073834,0.006193961480328981,0.6971608709332374,122.14192430060814,0.04495132437029256,1,0.13159854278843536,0
boxes_cylinder_static_noise_hard_mixed,static_noise,1450,2983,0.024866180098755766,0.003040438629097043,0.8824076724745166,64.48591924642463,0.20445801385392676,0,0.10466693179755547,0
boxes_cylinder_static_noise_hard_mixed,static_noise,1452,2815,0.06089572414226877,0.05152676380763774,0.5017933175925199,44.864957370091695,-0.31683835385891296,0,0.0644926101549045,1
boxes_cylinder_static_noise_hard_mixed,static_noise,1453,1127,0.10396132484310124,0.09423851840479917,0.9847531827400098,39.51684143618827,-0.214559652067376,0,0.06428913562635974,1
boxes_cylinder_static_noise_hard_mixed,static_noise,1456,2462,0.03946796104019207,0.010205296415477186,0.6733162534474962,52.98826009559844,-0.10919919821507264,1,0.1396536356365134,0
boxes_cylinder_static_noise_hard_mixed,static_noise,1458,942,0.06680708426042413,0.05818319580285407,0.9973891995532917,40.90215805647068,0.20095542118756343,1,0.003658971413542647,1
boxes_cylinder_static_noise_hard_mixed,static_noise,1459,2734,0.044039855927727176,0.00584823174669284,0.9996307919129462,34.01213852727105,0.36622405809941583,0,0.12331241447725924,0
boxes_cylinder_static_noise_hard_mixed,static_noise,1460,1680,0.02886559606343886,0.022634145790383718,0.9254253365085509,59.84578787108476,0.16523744952630795,0,0.10848514812836081,0
boxes_cylinder_static_noise_hard_mixed,static_noise,1463,51,0.03169692334467375,0.024358681197848692,0.9838880982778279,39.313591274350934,0.02895101903675918,1,0.0993474572762675,0
boxes_cylinder_static_noise_hard_mixed,static_noise,1464,3183,0.08869149421025871,0.08215907706469665,0.9767043536198177,52.12350391358678,0.044951340243269064,0,0.051825606102396386,1
boxes_cylinder_static_noise_hard_mixed,static_noise,1465,685,0.031181464666127038,0.01172049252759844,0.9879783451109173,55.30094125498942,0.38327681687054976,0,0.10695861511154484,0
boxes_cylinder_static_noise_hard_mixed,static_noise,1466,1993,0.03129095712352512,0.012872514027671103,0.9977973066104711,65.53623727823305,0.09559501293703501,0,0.13165165163477657,0
boxes_cylinder_static_noise_hard_mixed,static_noise,1467,2534,0.09258000683030432,0.03983572322419024,0.8493706861354708,97.13386313048105,0.044951340243269064,0,0.10973934846907733,0
boxes_cylinder_static_noise_hard_mixed,static_noise,1468,774,0.04180676215901128,0.037691860515055846,0.9716811546364792,38.063857507795,-0.0038387726034656003,0,0.060382536668538794,1
boxes_cylinder_static_noise_hard_mixed,static_noise,1471,2634,0.041081350466190325,0.027753176119198447,0.8336894395606413,38.00000484764233,0.1784826624313117,0,0.04975708975399726,1
boxes_cylinder_static_noise_hard_mixed,static_noise,1472,1799,0.07057652544109982,0.06504065774075665,0.9042162605527079,34.17805229053122,-0.07529767017443334,0,0.009548973627320864,1
boxes_cylinder_static_noise_hard_mixed,static_noise,1474,1944,0.023100220883860028,0.016228414376605292,0.9997062380914497,46.548700596126274,0.10210965324304713,1,0.13516440820327016,0
boxes_cylinder_static_noise_hard_mixed,static_noise,1477,1667,0.019133994405134327,0.0014674504869521404,0.9133076004228992,49.88431588140966,0.415324871444398,1,0.08746013907449388,0
boxes_cylinder_static_noise_hard_mixed,static_noise,1478,2761,0.10702454716446029,0.1006573202282259,0.53099196692507,62.790816244696394,-0.2861297673430927,0,0.1582622572841083,0
boxes_cylinder_static_noise_hard_mixed,static_noise,1480,862,0.06354149918663402,0.04583743319682172,0.9597577170162814,45.57287071950987,0.17848254437599095,0,0.03362566604232917,1
boxes_cylinder_static_noise_hard_mixed,static_noise,1483,180,0.05753696634270949,0.055384794489171746,0.9877310953378848,56.68212531250658,0.4393663042285825,0,0.11427934439344248,0
boxes_cylinder_static_noise_hard_mixed,static_noise,1488,1848,0.018872760099180656,0.01872168376937349,0.3535602696159942,87.46380765200121,0.1711025529278133,1,0.10827051329387427,0
boxes_cylinder_static_noise_hard_mixed,static_noise,1489,2519,0.06966024546457124,0.02770051211519137,0.37651204839639085,68.81616652488843,0.347558708776806,0,0.14737733170749226,0
boxes_cylinder_static_noise_hard_mixed,static_noise,1492,424,0.04180958526530074,0.030627219428650484,0.991874786861893,40.77132105193697,0.27029009289801526,0,0.09428456756175475,0
boxes_cylinder_static_noise_hard_mixed,static_noise,1495,115,0.008823157488278985,0.0017670703655577177,0.9976085449991068,66.38115140982944,-0.056555517592558655,1,0.10074057311777158,0
boxes_cylinder_static_noise_hard_mixed,static_noise,1499,391,0.09398636023888501,0.09389527218681297,0.9762686183336551,49.88316428419445,-0.0626792362868348,0,0.04664598379047951,1
boxes_cylinder_static_noise_hard_mixed,static_noise,1502,1752,0.06839371914785389,0.03774448951783636,0.9605961807469341,29.28544622435839,-0.1604923600370729,0,0.10123001828663966,0
boxes_cylinder_static_noise_hard_mixed,static_noise,1503,1468,0.06844284086523082,0.0678116698293899,0.9983333853548274,64.62587278483448,0.15316478788733728,0,0.09582813105736296,0
boxes_cylinder_static_noise_hard_mixed,static_noise,1504,1074,0.02743039087714915,0.021127292229843192,0.6077984056066296,53.47411386497549,0.03843668455944556,1,0.09376412894731828,0
boxes_cylinder_static_noise_hard_mixed,static_noise,1507,1877,0.033888337263410534,0.020512995050127138,0.42598584604476086,63.37503543890472,-0.1399708322606338,1,0.10643651905878469,0
boxes_cylinder_static_noise_hard_mixed,static_noise,1512,2983,0.0352618091877003,0.02053412714809992,0.7624316262777554,69.1368893343947,0.3136571904344252,0,0.13521729937521593,0
boxes_cylinder_static_noise_hard_mixed,static_noise,1514,318,0.040935972775122884,0.026060374800177866,0.9963018398585869,41.19942846550147,0.24219830052627755,0,0.06999175733210246,1
boxes_cylinder_static_noise_hard_mixed,static_noise,1515,516,0.07595736851851809,0.058636777614118986,0.8789611196097615,51.34026693498953,-0.20928246230182163,1,0.12407567825369505,0
boxes_cylinder_static_noise_hard_mixed,static_noise,1517,3084,0.11371307451768463,0.11058234791443046,0.98150150816044,75.04956719533749,-0.22982712707305586,0,0.02085150315690047,1
boxes_cylinder_static_noise_hard_mixed,static_noise,1519,714,0.04481868486531346,0.02484903915765376,0.9850181762571723,43.56934289900595,0.08862638245472512,0,0.12493219965786467,0
boxes_cylinder_static_noise_hard_mixed,static_noise,1522,104,0.017728976909521705,0.000323539582889258,0.9986919504071748,41.58017022791612,0.06515401708464129,1,0.11996819065350196,0
boxes_cylinder_static_noise_hard_mixed,static_noise,1544,120,0.06763912018945445,0.06731470129441548,0.7839292473797905,96.13201809195951,0.07312220371790266,1,0.053256236284785895,1
boxes_cylinder_static_noise_hard_mixed,static_noise,1546,657,0.1109865875711242,0.0906670971147853,0.9595304340291511,43.63199197625583,-0.08566873918384799,0,0.0426694181259084,1
boxes_cylinder_static_noise_hard_mixed,static_noise,1548,378,0.07505048012330401,0.07419055094236496,0.9379950973552537,64.3902079565707,0.10210965324304713,1,0.09868615254418533,0
boxes_cylinder_static_noise_hard_mixed,static_noise,1551,1126,0.022952497700740242,0.01516239532478167,0.9728332497412526,44.82960284961917,-0.1579892442299469,1,0.06098404174088223,1
boxes_cylinder_static_noise_hard_mixed,static_noise,1552,2588,0.034360183254619606,0.023983904211829936,0.9917323130845255,35.80265118526275,0.3290552744504414,1,0.12344024757853483,0
boxes_cylinder_static_noise_hard_mixed,static_noise,1553,2628,0.037581714432685084,0.01960738084859548,0.9351692219913319,21.80916466597339,0.07885287155771066,1,0.07451002302321079,1
boxes_cylinder_static_noise_hard_mixed,static_noise,1554,2742,0.09491409402544657,0.09281762662120567,0.9173708107008409,49.11989981227845,0.23172712695016806,0,0.00898208407022982,1
boxes_cylinder_static_noise_hard_mixed,static_noise,1558,3186,0.03990137219879689,0.03796970777173969,0.6475313571474133,66.13289845664717,-0.39688104775036226,1,0.13505304515137695,0
boxes_cylinder_static_noise_hard_mixed,static_noise,1560,184,0.1023276691181467,0.10128758188915502,0.9090948625589068,79.5955014901213,-0.06837722077815629,0,0.11559077160266096,0
boxes_cylinder_static_noise_hard_mixed,static_noise,1561,680,0.04241981058891015,0.020033733726169817,0.9986896379059531,83.04971158122372,0.05114330174954104,0,0.13305260331285254,0
boxes_cylinder_static_noise_hard_mixed,static_noise,1562,2839,0.03905207302821783,0.038449640058932436,0.9920082298835887,72.40964445921948,-0.10919910446531429,1,0.05972965599885377,1
boxes_cylinder_static_noise_hard_mixed,static_noise,1563,2511,0.06605525674796374,0.05971265733803404,0.9843588627284637,23.895072018023626,-0.04466073124412249,1,0.02945472410917493,1
boxes_cylinder_static_noise_hard_mixed,static_noise,1565,619,0.045135907997399756,0.03618931625244421,0.9861848763126487,48.032947831313784,-0.06040904684328761,1,0.07054453726709875,1
boxes_cylinder_static_noise_hard_mixed,static_noise,1566,2122,0.08743599892077222,0.08367917752606889,0.999085482393015,61.462960028299015,0.05785472626468416,0,0.0855769743188745,0
boxes_cylinder_static_noise_hard_mixed,static_noise,1567,635,0.03645505849620928,0.01152176881411876,0.9737221623390456,119.98176791692818,0.09559501293703501,0,0.13030298711366997,0
boxes_cylinder_static_noise_hard_mixed,static_noise,1568,963,0.06220217504017843,0.04977432593141886,0.9774379449861681,62.384864465684274,0.09843997906334181,0,0.060666414465154014,1
boxes_cylinder_static_noise_hard_mixed,static_noise,1577,1950,0.047764316336414474,0.027816045116360183,0.9913959013577369,81.25411416754129,0.06142618904208068,0,0.0819264396280473,0
boxes_cylinder_static_noise_hard_mixed,static_noise,1578,2229,0.031053680652077392,0.026929003924857274,0.9521952037910292,47.69634187047362,-0.3002541328472202,1,0.07975534058465772,1
boxes_cylinder_static_noise_hard_mixed,static_noise,1582,1307,0.031388466118980225,0.02122755027085352,0.9486693276788136,79.2217472591018,-0.06474745034287126,1,0.1101202446956534,0
boxes_cylinder_static_noise_hard_mixed,static_noise,1592,1009,0.04299317660655508,0.029130867464250386,0.9877788411389191,38.717331204184106,-0.28247082036446836,0,0.07308329326074235,1
boxes_cylinder_static_noise_hard_mixed,static_noise,1593,2578,0.04003487697036049,0.027568019932531974,0.9955302357155199,48.46270293835281,-0.5146639513556073,0,0.09922977571454059,0
boxes_cylinder_static_noise_hard_mixed,static_noise,1602,1115,0.050566181769575856,0.022376668124967115,0.9781249411112501,53.340082567249205,-0.0417579853858554,0,0.04424241981699726,1
boxes_cylinder_static_noise_hard_mixed,static_noise,1603,2816,0.05066183915747793,0.04961391055182048,0.9446606179922695,64.58681021887567,0.06515401708464129,1,0.08952641753614347,0
boxes_cylinder_static_noise_hard_mixed,static_noise,1605,3309,0.08050708790307966,0.07578842226783794,0.7164778682125748,70.84545024009898,-0.013889100039465453,0,0.1653423765403612,0
boxes_cylinder_static_noise_hard_mixed,static_noise,1607,406,0.03491482384584289,0.012352770820544083,0.9693112606802947,32.67739219983302,-0.22042475834469588,0,0.10828331059779743,0
boxes_cylinder_static_noise_hard_mixed,static_noise,1608,2036,0.0780527237571335,0.07561233602158597,0.9962083144314642,71.83024833752606,0.21930449056297002,0,0.043149796254437676,1
boxes_cylinder_static_noise_hard_mixed,static_noise,1609,3028,0.016704097421865,0.00575469881714603,0.8185556120248598,25.942789596419424,0.2847047716091515,1,0.13353391670488607,0
boxes_cylinder_static_noise_hard_mixed,static_noise,1610,2557,0.05866183237762023,0.024860278329517017,0.9956180286984462,49.39433928032487,-0.30335503539778996,0,0.1119956439948038,0
boxes_cylinder_static_noise_hard_mixed,static_noise,1611,3123,0.031357519804513026,0.008461845794893005,0.30797314304047646,54.534322760567626,0.12342293142599575,1,0.09639299845627966,0
boxes_cylinder_static_noise_hard_mixed,static_noise,1612,708,0.05039245549783249,0.04694574283347648,0.4263618788513521,74.02285685687013,-0.3205081517388137,0,0.1277647857003838,0
boxes_cylinder_static_noise_hard_mixed,static_noise,1613,1028,0.028442131622943647,0.013759324386198554,0.19901570432423565,45.04760002649466,-0.1338918137017666,0,0.0970052080176198,0
boxes_cylinder_static_noise_hard_mixed,static_noise,1614,1537,0.06465344859341624,0.049296659436486596,0.8182203015177879,119.85818744597343,0.03390151834238077,0,0.11780116306807036,0
boxes_cylinder_static_noise_hard_mixed,static_noise,1616,500,0.03425013323826384,0.03228857494963362,0.9984224302910419,61.180502353245174,-0.10919914196519816,1,0.10479559555418519,0
boxes_cylinder_static_noise_hard_mixed,static_noise,1619,2671,0.1251733766372905,0.0553524128191832,0.9708250988246507,41.680341800841106,0.04495132437029256,0,0.02163909985610677,1
boxes_cylinder_static_noise_hard_mixed,static_noise,1623,2601,0.06964599151229527,0.04825094145851845,0.998361497791894,47.21305868522454,0.1421148902845947,0,0.10712840198073248,0
boxes_cylinder_static_noise_hard_mixed,static_noise,1625,3217,0.031007298083312932,0.028501656677137357,0.9994700003026401,88.01875856831596,-0.2633495987769086,1,0.12470130266156321,0
boxes_cylinder_static_noise_hard_mixed,static_noise,1627,1475,0.06251203563528113,0.060643646162516544,0.8427607504239926,72.01850557090897,0.1784826516990034,0,0.09694580534902286,0
boxes_cylinder_static_noise_hard_mixed,static_noise,1629,3168,0.0699152063739851,0.06627103905411612,0.9987899515597195,47.55530975527532,-0.10919914196519816,0,0.0852977337929582,0
boxes_cylinder_static_noise_hard_mixed,static_noise,1632,262,0.049083685934599865,0.03461067759884867,0.9987856410273548,57.63229658332419,-0.15175872884776412,1,0.11256570950135453,0
boxes_cylinder_static_noise_hard_mixed,static_noise,1633,1537,0.04476168072955637,0.007855413867083832,0.7279824887911177,103.10236877918447,0.09843997906334181,0,0.11803084779103026,0
boxes_cylinder_static_noise_hard_mixed,static_noise,1634,1407,0.0336556682153861,0.023466626894839273,0.9290699668878963,49.627777039118264,-0.10919916153036523,0,0.11209974390078858,0
boxes_cylinder_static_noise_hard_mixed,static_noise,1635,381,0.031893672214811014,0.02548811607327152,0.9583959098156697,31.49028659020296,-0.05513202975907413,1,0.10411582799138788,0
boxes_cylinder_static_noise_hard_mixed,static_noise,1637,3139,0.04802702748662636,0.038728114087474355,0.01985603972716167,81.72984158401631,0.20095549290460696,0,0.09278372309068778,0
boxes_cylinder_static_noise_hard_mixed,static_noise,1638,3043,0.06005728495462113,0.058523240680778466,0.9915102892009154,52.53277542224636,0.20095542118756343,0,0.1156232055327318,0
boxes_cylinder_static_noise_hard_mixed,static_noise,1639,1154,0.060842569959140856,0.05921654156948787,0.9957806771374074,53.91768735023653,0.0085837344321421,1,0.035678021211053956,1
boxes_cylinder_static_noise_hard_mixed,static_noise,1640,1634,0.027957323970984133,0.02046791508984012,0.9613329099960521,52.80541482420557,-0.3015709558247442,0,0.12485817897037836,0
boxes_cylinder_static_noise_hard_mixed,static_noise,1647,912,0.09824897126310095,0.0981150877632533,0.9409529544247491,53.581894164651814,0.0,0,0.09630903337112917,0
boxes_cylinder_static_noise_hard_mixed,static_noise,1652,846,0.024192959763453932,0.011023973868961043,0.9109817971061585,51.296793066695635,-0.4456708333492121,1,0.11599087711101037,0
boxes_cylinder_static_noise_hard_mixed,static_noise,1654,458,0.01804417215440024,0.014819070213224214,0.6941122357628613,86.2095891189545,0.16409393061240624,1,0.12062005448880062,0
boxes_cylinder_static_noise_hard_mixed,static_noise,1655,3061,0.11419873921297334,0.11373632267281213,0.9113305258711001,45.97406773071028,0.17038543886166696,0,0.04839622885401128,1
boxes_cylinder_static_noise_hard_mixed,static_noise,1659,1803,0.04775560873559453,0.039594151414732916,0.9412698855654208,55.0330626354172,-0.10919917196512406,0,0.11134959686461571,0
boxes_cylinder_static_noise_hard_mixed,static_noise,1660,3168,0.095227670269477,0.07866866424344379,0.9986884357167106,52.20278106334514,-0.2717178155810241,0,0.097886230326758,0
boxes_cylinder_static_noise_hard_mixed,static_noise,1663,2902,0.06761286729094004,0.04133331014254428,0.7211961096384478,73.02859170186936,-0.10919919519088435,0,0.00998384123617353,1
boxes_cylinder_static_noise_hard_mixed,static_noise,1664,1729,0.028970880132652872,0.015018844672384412,0.8525335317551378,102.56540298005883,-0.02581765346075737,1,0.14175933182899733,0
boxes_cylinder_static_noise_hard_mixed,static_noise,1665,1258,0.06962373054897632,0.05565035036303444,0.9980286244283315,33.70074175536407,0.2962656200648717,0,0.08560691359408401,0
boxes_cylinder_static_noise_hard_mixed,static_noise,1674,2943,0.050231044881175094,0.04410828844779098,0.9841909977782569,60.98826531471746,-0.23180135318805384,0,0.07737659391604224,1
boxes_cylinder_static_noise_hard_mixed,static_noise,1675,3226,0.06639556662325218,0.06449223142212823,0.9107659077522323,29.842185994454255,0.19753085596070072,0,0.06887268764214487,1
boxes_cylinder_static_noise_hard_mixed,static_noise,1677,2590,0.04242312442843187,0.008231766571132695,0.39272329120356614,57.60287864264913,0.38327681687054976,1,0.12503763261731363,0
boxes_cylinder_static_noise_hard_mixed,static_noise,1679,1749,0.04814677271246372,0.01034248515264678,0.9949265531012111,70.35608354573017,0.5059858309095631,0,0.09393391364619606,0
boxes_cylinder_static_noise_hard_mixed,static_noise,1683,1023,0.08124937009814213,0.06715837923961544,0.9050732175861964,118.8897497839077,-0.24896091477534546,0,0.08555883378732396,0
boxes_cylinder_static_noise_hard_mixed,static_noise,1684,3210,0.046748135528764,0.018461372633928403,0.9466590346124243,41.37681290087142,0.005211055117751381,0,0.14497100775293664,0
boxes_cylinder_static_noise_hard_mixed,static_noise,1686,2768,0.036989988214131346,0.011765653977271723,0.8689981506975939,96.53330801347305,0.3290552744504414,1,0.1029059155216025,0
boxes_cylinder_static_noise_hard_mixed,static_noise,1690,398,0.06511336896559791,0.05920404582976112,0.9985201428546229,142.513251554977,0.013403015077190031,0,0.0440366882436913,1
boxes_cylinder_static_noise_hard_mixed,static_noise,1695,694,0.02608326475789662,0.0010918991613713383,0.8907642754769011,42.76528487911501,0.1784826516990034,0,0.09514971200128998,0
boxes_cylinder_static_noise_hard_mixed,static_noise,1696,2830,0.03496761045410466,0.016758774866375593,0.7603737289417491,86.10059823032029,0.11394411934938975,1,0.13001607073266744,0
boxes_cylinder_static_noise_hard_mixed,static_noise,1697,1388,0.03607190274574139,0.02842839034008385,0.9691341568325333,36.361831392542356,0.05114330174954104,0,0.11928978467576533,0
boxes_cylinder_static_noise_hard_mixed,static_noise,1698,2962,0.07356421132560377,0.06776599460454065,0.9805927255880137,44.687478857409864,0.23910717191128975,0,0.07055142864632571,1
boxes_cylinder_static_noise_hard_mixed,static_noise,1702,1959,0.027575423763911196,0.023874457591898886,0.9533196514135325,50.27832463721143,-0.15002111815210303,1,0.11125409990659169,0
boxes_cylinder_static_noise_hard_mixed,static_noise,1704,607,0.09278800084043222,0.08750781373461353,0.9940149030144285,33.4736461157987,-0.06837722077815629,0,0.04849292644258502,1
boxes_cylinder_static_noise_hard_mixed,static_noise,1712,2299,0.030662928740482313,0.018424516969620573,0.9764177421414929,52.882461844087636,-0.19143724584117097,1,0.08528165799609788,0
boxes_cylinder_static_noise_hard_mixed,static_noise,1713,1385,0.059974480836894446,0.05228726035973087,0.9994364403278128,41.278306820159855,0.161090904381201,0,0.06661849551388717,1
boxes_cylinder_static_noise_hard_mixed,static_noise,1715,267,0.024970626764459016,0.024403892060640697,0.5330189813635794,53.48729686886769,0.03843668455944556,1,0.08970618356863139,0
boxes_cylinder_static_noise_hard_mixed,static_noise,1718,1110,0.09050711039043355,0.08806842362142017,0.9121498383554708,116.26759182592019,0.0800426243402898,0,0.11703827295809072,0
boxes_cylinder_static_noise_hard_mixed,static_noise,1724,243,0.03051333397540059,0.007772000862709981,0.9993422478685002,65.2817514290145,-0.05918883073995203,0,0.07468532820581625,1
boxes_cylinder_static_noise_hard_mixed,static_noise,1727,511,0.07262927630591591,0.07012880212499933,0.9948650478367667,71.72977593531226,-0.27350209542099624,1,0.06350772927571664,1
boxes_cylinder_static_noise_hard_mixed,static_noise,1733,1211,0.09426879048828324,0.07769864399609255,0.36297287570195513,99.96405446295903,0.34627594403515677,0,0.16015053656718342,0
boxes_cylinder_static_noise_hard_mixed,static_noise,1734,495,0.06711621881376195,0.04964128950058667,0.4149970855830707,53.815782354139834,-0.20450920358785143,0,0.13155242137505016,0
boxes_cylinder_static_noise_hard_mixed,static_noise,1735,2057,0.02616356545767474,0.009527140349355,0.2210198347660266,57.10053670527743,-0.2558025939081803,1,0.08465458499751727,0
boxes_cylinder_static_noise_hard_mixed,static_noise,1736,1269,0.04171664876930974,0.03393668521457981,0.9585298693635087,34.682452413346184,0.10052115613426278,1,0.11388716736892465,0
boxes_cylinder_static_noise_hard_mixed,static_noise,1740,976,0.03570715757689457,0.03204828490841055,0.8462250357690266,48.52399976955164,-0.5269340527376136,1,0.09741750185543961,0
boxes_cylinder_static_noise_hard_mixed,static_noise,1742,699,0.05061771251024874,0.017157649305990393,0.6637164272097344,54.410785843464716,0.04495135611625699,0,0.07674639559623105,1
boxes_cylinder_static_noise_hard_mixed,static_noise,1744,163,0.031114099604940104,0.0254390189879409,0.9989857646588484,48.55802025791578,0.11964219669768024,1,0.09103798915457145,0
boxes_cylinder_static_noise_hard_mixed,static_noise,1747,1809,0.023275580303934142,0.021536126066755566,0.7194439368963972,50.178644909491595,-0.04020638238283841,1,0.11283007129783214,0
boxes_cylinder_static_noise_hard_mixed,static_noise,1748,2960,0.035933858225662474,0.034054999151862636,0.9902688295504649,41.54056548239334,0.4785870433077289,1,0.07937081509507661,1
boxes_cylinder_static_noise_hard_mixed,static_noise,1752,2559,0.08654741725997482,0.08552056714673101,0.9986554583774567,67.8075192845318,0.030562611279782048,0,0.0351699628952027,1
boxes_cylinder_static_noise_hard_mixed,static_noise,1753,2920,0.02600002584519916,0.023537107423236926,0.9972978366713077,25.68449598486221,-0.21741271470058396,1,0.12466000474384253,0
boxes_cylinder_static_noise_hard_mixed,static_noise,1755,2898,0.05592130227151878,0.04771545932114193,0.9657111547642545,44.816159845454095,-0.18065807842496184,1,0.08120642384753587,0
boxes_cylinder_static_noise_hard_mixed,static_noise,1758,2480,0.09581207233574496,0.08767218614564533,0.9718224069224171,97.7957260107495,0.2785659063374046,0,0.08810786374286167,0
boxes_cylinder_static_noise_hard_mixed,static_noise,1760,3192,0.043047302466473904,0.02770911626408844,0.46211614771718396,68.98539103407593,-0.2045092929815948,0,0.11407883720559203,0
boxes_cylinder_static_noise_hard_mixed,static_noise,1761,2554,0.025127185870704807,0.0022374257982981103,0.3697218581908759,69.78033258580129,-0.14198898683110908,1,0.09108306866445952,0
boxes_cylinder_static_noise_hard_mixed,static_noise,1764,676,0.04947091220356625,0.043925163073138276,0.7945974871344194,50.371189451288544,0.4263185683754465,0,0.1214095339571418,0
boxes_cylinder_static_noise_hard_mixed,static_noise,1765,2255,0.07867322843988422,0.07709223589935658,0.9951186147794536,21.698669753524456,0.10437468562258881,1,0.07147252488830629,1
boxes_cylinder_static_noise_hard_mixed,static_noise,1770,2060,0.08387805463875851,0.08365518666704654,0.960812147858452,63.33839936807779,-0.04466073124412249,1,0.08548036322599198,0
boxes_cylinder_static_noise_hard_mixed,static_noise,1772,2333,0.031911218495610426,0.01630562613131546,0.9780603771379109,36.00602658860992,0.11394417184928508,1,0.055357973566677626,1
boxes_cylinder_static_noise_hard_mixed,static_noise,1774,417,0.04108731797792973,0.018406692596907727,0.7433771569566908,35.15458988834225,0.26236396446783583,0,0.10041998362367964,0
boxes_cylinder_static_noise_hard_mixed,static_noise,1778,3236,0.08662709392502094,0.08611635694997698,0.9701649862016449,97.4048919319993,-0.3002541328472202,0,0.05126036754057891,1
boxes_cylinder_static_noise_hard_mixed,static_noise,1779,970,0.027546068664045402,0.020041387476136655,0.9163308726432497,89.94592390388425,-0.18924179130542496,1,0.0609003164851024,1
boxes_cylinder_static_noise_hard_mixed,static_noise,1782,421,0.05228626633593787,0.048492663054570145,0.4113103014677597,72.39545630972401,-0.10919919196508354,0,0.08474853633821569,0
boxes_cylinder_static_noise_hard_mixed,static_noise,1784,2764,0.03428646895204612,0.03388371706691708,0.47527911427316616,59.273958758175496,-0.06663963859694347,1,0.04311203270972843,1
boxes_cylinder_static_noise_hard_mixed,static_noise,1786,687,0.036896857269917746,0.022737477584281858,0.8103091609721378,39.56935668801213,-0.04020638238283841,0,0.13888527958759903,0
boxes_cylinder_static_noise_hard_mixed,static_noise,1788,2495,0.05061595283173547,0.046554830104806114,0.9651452223165147,34.701107737337004,0.017552401447648212,0,0.07509188889631929,1
boxes_cylinder_static_noise_hard_mixed,static_noise,1790,2872,0.016560657728347323,0.010686438712941903,0.14223526672905842,41.970836592650606,0.05987699831288655,1,0.09333010661383871,0
boxes_cylinder_static_noise_hard_mixed,static_noise,1793,685,0.0632705831387591,0.04294438420624243,0.9165435203620854,63.076581275967314,0.5133298468803393,0,0.12307153352161174,0
boxes_cylinder_static_noise_hard_mixed,static_noise,1795,1916,0.07943007145835386,0.07808563133804243,0.9964695096355769,88.21289771396854,-0.029156552240208734,0,0.07362765349478315,1
boxes_cylinder_static_noise_hard_mixed,static_noise,1797,2851,0.036153690949810885,0.033109884621752746,0.9480928946696413,56.49663423836735,-0.14841984511844597,1,0.07635701502050597,1
boxes_cylinder_static_noise_hard_mixed,static_noise,1800,785,0.03389071215472083,0.0020510174983507626,0.9907193016475194,57.23447554842943,0.041623573118443453,1,0.10542121614658634,0
boxes_cylinder_static_noise_hard_mixed,static_noise,1801,57,0.07166102368340413,0.05992442542770568,0.9920357965681164,96.89350352757627,0.32366449078201687,0,0.05843247644720184,1
boxes_cylinder_static_noise_hard_mixed,static_noise,1804,156,0.026216196089519916,0.007578690319000676,0.8216634426026654,46.50693818951207,0.0008016027648406842,1,0.11399287697002047,0
boxes_cylinder_static_noise_hard_mixed,static_noise,1806,1280,0.12498027076089424,0.12144733010225639,0.998915524059145,30.752975123486138,-0.06474745034287126,0,0.012279158471015449,1
boxes_cylinder_static_noise_hard_mixed,static_noise,1810,2998,0.025141049032039852,0.008678195978757856,0.8907490511018474,100.50198950367262,-0.013889093978872823,1,0.09685214723015684,0
boxes_cylinder_static_noise_hard_mixed,static_noise,1812,2792,0.0951395224164965,0.08384913350238972,0.9714447503718472,38.71378600616858,0.07801219273438752,0,0.032980026312277554,1
boxes_cylinder_static_noise_hard_mixed,static_noise,1815,2482,0.07532938390025024,0.07059675967369909,0.9988583060953127,72.75386608817196,0.07312217316241083,0,0.07883065398184515,1
boxes_cylinder_static_noise_hard_mixed,static_noise,1816,960,0.04497459332585352,0.02798141319256061,0.9812019486330726,88.6673940586621,0.29626544577326847,0,0.05898016738385867,1
boxes_cylinder_static_noise_hard_mixed,static_noise,1817,1706,0.03284778990861391,0.02805032571841585,0.970260023414513,45.731540493172965,-0.0015686268449832648,1,0.08539770477208541,0
boxes_cylinder_static_noise_hard_mixed,static_noise,1820,2006,0.054009085712425166,0.05200935878663762,0.5603444934316999,57.83997412046142,-0.17589050517348992,1,0.09535911870823774,0
boxes_cylinder_static_noise_hard_mixed,static_noise,1821,1978,0.06530979676833988,0.06522156028233365,0.998496567178518,20.84599575885521,-0.22698208225127142,1,0.03973069983923023,1
boxes_cylinder_static_noise_hard_mixed,static_noise,1822,1026,0.07185447323070802,0.058455171608416144,0.9672762479234384,39.230439831324524,0.2816667392286887,0,0.09871684297160861,0
boxes_cylinder_static_noise_hard_mixed,static_noise,1823,1159,0.038459421527848515,0.021963582032035023,0.6293442060824168,53.812621897523314,0.030562630844961844,0,0.04511309826890327,1
boxes_cylinder_static_noise_hard_mixed,static_noise,1826,2337,0.03856069533414043,0.015678203157735923,0.9676804297295258,63.41135678645464,-0.02581765346075737,1,0.12730021070875888,0
boxes_cylinder_static_noise_hard_mixed,static_noise,1827,2031,0.04476698274650341,0.04292296637633406,0.5734585613079972,64.09162719225884,-0.7812924081858379,1,0.12521859350844786,0
boxes_cylinder_static_noise_hard_mixed,static_noise,1832,2090,0.030949189814183157,0.017701443541667375,0.9858746770635543,30.55650418360028,-0.02218789729860855,0,0.08104103688024598,0
boxes_cylinder_static_noise_hard_mixed,static_noise,1836,903,0.058236098471655375,0.03369414648300322,0.9761371286124138,59.784061284073715,0.018634057726736597,0,0.12115350387875526,0
boxes_cylinder_static_noise_hard_mixed,static_noise,1837,2380,0.03468114650660817,0.022697912979871226,0.9362900199893286,49.55663448919969,0.34278556229775964,1,0.0815892652137502,0
boxes_cylinder_static_noise_hard_mixed,static_noise,1839,437,0.029856727126272593,0.0166338096160271,0.9504947547312148,53.16924785551752,-0.22252774584366533,0,0.11225100828789115,0
boxes_cylinder_static_noise_hard_mixed,static_noise,1842,759,0.06780075773745255,0.0658643408411278,0.9851960483676672,36.54774502153852,0.02895101903675918,0,0.03453967423240209,1
boxes_cylinder_static_noise_hard_mixed,static_noise,1851,1466,0.05778196071639694,0.05201590486294919,0.9570799151472047,30.604059177383043,-0.007416590742613692,1,0.09917383757773723,0
boxes_cylinder_static_noise_hard_mixed,static_noise,1852,1335,0.023342590382436846,0.006822463164979528,0.9983800647041728,84.10403702199568,0.16705390284518254,1,0.12229994761466204,0
boxes_cylinder_static_noise_hard_mixed,static_noise,1859,2154,0.08494216865384518,0.06261185356447764,0.33200513340619575,43.401729465467255,0.2145876374444014,0,0.12683506103728867,0
boxes_cylinder_static_noise_hard_mixed,static_noise,1860,631,0.057271735126383734,0.055026231363642944,0.9863175383910286,61.11659640345296,0.14673393432289525,0,0.06332923275582285,1
boxes_cylinder_static_noise_hard_mixed,static_noise,1861,192,0.03261992493249145,0.009079187011912772,0.7076448963167778,34.21753401463547,0.08185583724637123,0,0.053768479035917624,1
boxes_cylinder_static_noise_hard_mixed,static_noise,1863,1837,0.03459655192329434,0.024103563689844194,0.9473907442104363,57.959811377725266,-0.14841984511844597,0,0.06973932805481334,1
boxes_cylinder_static_noise_hard_mixed,static_noise,1864,931,0.022337011002545995,0.0025681704535505567,0.9092901502096561,41.771789537567315,-0.013889100039465453,1,0.1064214837888731,0
boxes_cylinder_static_noise_hard_mixed,static_noise,1867,3150,0.019270072345659,0.010764478329070529,0.9938068309441916,61.03072378037972,0.06848183746887625,0,0.0832132877011851,0
boxes_cylinder_static_noise_hard_mixed,static_noise,1868,2845,0.056367081374506564,0.05057021944849617,0.38074706578653,91.75133152860133,-0.14693946752634493,0,0.17266142269723844,0
boxes_cylinder_static_noise_hard_mixed,static_noise,1870,2964,0.04371174687690155,0.0038158393941406738,0.8694302966141115,51.83490085241451,0.23564103378763177,0,0.11376357821255521,0
boxes_cylinder_static_noise_hard_mixed,static_noise,1873,1843,0.035901050336521266,0.030413689208253845,0.9984389265243941,138.94321813944856,-0.20017081965343483,1,0.06835649313458954,1
boxes_cylinder_static_noise_hard_mixed,static_noise,1876,2476,0.05678409544832805,0.05052088597963212,0.9882969629426973,72.96548427358871,-0.28355233815780145,1,0.06840227795401314,1
boxes_cylinder_static_noise_hard_mixed,static_noise,1878,1748,0.06095980174005562,0.04303399043112613,0.9989139491213296,37.231684941664234,0.24219830052627755,1,0.08065332358728335,0
boxes_cylinder_static_noise_hard_mixed,static_noise,1879,1912,0.09622155170505431,0.06576247646269895,0.8290446897215231,44.60543059801501,0.17848257810606666,0,0.0796656460879019,1
boxes_cylinder_static_noise_hard_mixed,static_noise,1882,2683,0.025325306821592605,0.015601966937645586,0.964236859387381,33.491852931048115,-0.14198898683110908,1,0.09671862862523703,0
boxes_cylinder_static_noise_hard_mixed,static_noise,1883,2412,0.050580695334565884,0.026346479785045,0.892175312150244,47.83858616135461,-0.02581765346075737,0,0.109993425607423,0
boxes_cylinder_static_noise_hard_mixed,static_noise,1887,2224,0.035036314974807026,0.032254520793336856,0.978877274626475,40.836326472099486,-0.15175872884776412,1,0.078813540765501,1
boxes_cylinder_static_noise_hard_mixed,static_noise,1891,1411,0.034189926441862604,0.023384231776897996,0.9189364640969142,65.5697824792291,0.1359229824933622,0,0.09225293317251808,0
boxes_cylinder_static_noise_hard_mixed,static_noise,1892,1004,0.04994511064122022,0.028852015933607936,0.8450026612966028,54.995350251981904,-0.1579892442299469,0,0.0777025628721108,1
boxes_cylinder_static_noise_hard_mixed,static_noise,1893,1171,0.028673129134686896,0.009267486606707832,0.8230336382053647,112.55226559174442,-0.23180135318805384,1,0.10101279361426053,0
boxes_cylinder_static_noise_hard_mixed,static_noise,1899,1074,0.06478573421947806,0.024361434923985206,0.031140577709332595,44.25355642337575,0.018634068635808434,0,0.09098797328579447,0
boxes_cylinder_static_noise_hard_mixed,static_noise,1900,1184,0.10703957863158278,0.09643289341311426,0.977121308308586,61.62937206234039,0.017552401447648212,0,0.02545142239987081,1
boxes_cylinder_static_noise_hard_mixed,static_noise,1906,1115,0.019324011124934298,0.011717315253239425,0.9557955556530425,22.81795724522391,-0.1568272382884036,1,0.06121443189674076,1
boxes_cylinder_static_noise_hard_mixed,static_noise,1907,1002,0.08759353758763307,0.06704358845606007,0.8971447524746553,117.54296904282096,-0.1604923600370729,0,0.07608590093758515,1
boxes_cylinder_static_noise_hard_mixed,static_noise,1908,2992,0.05363016934230931,0.013487262607822731,0.9649333049322775,58.02944063435444,-0.10919916153036523,0,0.08389901856290395,0
boxes_cylinder_static_noise_hard_mixed,static_noise,1909,611,0.08112838724898784,0.07196366342734875,0.9680826366628699,51.90057897995369,0.07738661397006193,0,0.06823355523630345,1
boxes_cylinder_static_noise_hard_mixed,static_noise,1916,1508,0.012064600143727873,0.007647999027229269,0.736940219945297,89.9180704953364,-0.011560814649143178,1,0.09325827988435992,0
boxes_cylinder_static_noise_hard_mixed,static_noise,1917,759,0.08217244000760864,0.08122127885844367,0.9797119090469694,44.34214628403377,0.09147131932215254,0,0.0354952941589766,1
boxes_cylinder_static_noise_hard_mixed,static_noise,1918,842,0.08372173760260498,0.0788601795473712,0.969481459037082,42.320674025952925,-0.14841984511844597,0,0.08063277006226241,0
boxes_cylinder_static_noise_hard_mixed,static_noise,1919,1108,0.06674869954002645,0.025761209347538158,0.9991469853101819,103.22837799869059,-0.16982363069366463,0,0.16293178197041308,0
boxes_cylinder_static_noise_hard_mixed,static_noise,1923,123,0.057165128569052655,0.05682705295232794,0.9558803509619791,43.94716719842669,0.05785472626468416,1,0.07884623922726541,1
boxes_cylinder_static_noise_hard_mixed,static_noise,1924,352,0.030000226288093068,0.015504629815748145,0.9240449041970367,68.40513552539781,-0.04020638238283841,1,0.09778918422615665,0
boxes_cylinder_static_noise_hard_mixed,static_noise,1925,1203,0.06182925434702359,0.05415552232525944,0.9993661783907227,37.92890295830289,0.12260219165768867,0,0.025317305496371435,1
boxes_cylinder_static_noise_hard_mixed,static_noise,1927,2401,0.0645071741895149,0.058480508346883564,0.9901135536464716,43.80143291716383,-0.04466073124412249,1,0.04677658763836679,1
boxes_cylinder_static_noise_hard_mixed,static_noise,1929,1356,0.02129305461231194,0.005070879524524981,0.9643416675386449,43.89908722082618,-0.18716069965101592,1,0.06406031806795998,1
boxes_cylinder_static_noise_hard_mixed,static_noise,1930,232,0.026658858398681914,0.0004917181447295798,0.9989704081185546,89.53474124320475,-0.1579892442299469,1,0.12404343234398765,0
boxes_cylinder_static_noise_hard_mixed,static_noise,1931,728,0.10609842721897715,0.10345188705667036,0.938060233577643,86.44161735099833,-0.013889093978872823,0,0.03090905328479593,1
boxes_cylinder_static_noise_hard_mixed,static_noise,1934,661,0.019486407457682882,0.005163586755054938,0.9817314551253591,41.09586544087149,0.07312220371790266,1,0.0666951413721767,1
boxes_cylinder_static_noise_hard_mixed,static_noise,1942,1963,0.06478866634292327,0.05819750384121931,0.9970511916211182,50.375280773789584,-0.022187888460242448,1,0.06285265018139555,1
boxes_cylinder_static_noise_hard_mixed,static_noise,1943,2210,0.053790292311608624,0.04214496358762746,0.46537977458034857,74.35811394508612,-0.10919921504196933,0,0.11992674617648238,0
boxes_cylinder_static_noise_hard_mixed,static_noise,1944,220,0.05264855595380439,0.03728253574318062,0.9193467065536037,70.72004539140725,0.1784826034036315,0,0.05996421830287265,1
boxes_cylinder_static_noise_hard_mixed,static_noise,1945,2030,0.07179078060905561,0.052077422988071914,0.8962150070057018,73.54859507531255,-0.20017081965343483,0,0.012491102102436164,1
boxes_cylinder_static_noise_hard_mixed,static_noise,1946,3117,0.04087228517492368,0.007135766188412275,0.9424053189780932,46.902692253788395,-0.14841984511844597,1,0.1084726774770933,0
boxes_cylinder_static_noise_hard_mixed,static_noise,1950,456,0.030233787298476464,0.011404428130289983,0.18405973051400498,56.342264331919154,-0.13451700635960356,0,0.07879249988172256,1
boxes_cylinder_static_noise_hard_mixed,static_noise,1951,151,0.044912921321486346,0.04222951606913108,0.996436154234307,36.41577264744563,-0.07410790072521933,0,0.07915541629553237,1
boxes_cylinder_static_noise_hard_mixed,static_noise,1952,1058,0.046426610842917354,0.006243767469321402,0.7821483553009178,50.372215631188894,0.03598268916331258,0,0.10493807149165989,0
boxes_cylinder_static_noise_hard_mixed,static_noise,1953,951,0.057941217051480906,0.05670635085144366,0.9779855107725397,39.665641385570744,0.004129389056301473,1,0.07143111167978161,1
boxes_cylinder_static_noise_hard_mixed,static_noise,1954,469,0.026326956096024253,0.011440201556429417,0.9552780427542469,41.957899849120786,-0.1091991252985799,1,0.10998891013628256,0
boxes_cylinder_static_noise_hard_mixed,static_noise,1956,1412,0.04039753289765392,0.03949391123734026,0.12920854679265473,53.861420664737324,0.21930463278491447,0,0.12383076242457716,0
boxes_cylinder_static_noise_hard_mixed,static_noise,1958,3204,0.04429082448221416,0.04228452944347826,0.9988731658184423,51.73452708505562,-0.00911582087669825,1,0.08465729207897164,0
boxes_cylinder_static_noise_hard_mixed,static_noise,1959,3159,0.04833308331370149,0.04133742267951083,0.9382203733815304,113.424731773602,0.018634057726736597,0,0.04579121512075718,1
boxes_cylinder_static_noise_hard_mixed,static_noise,1962,1063,0.028402090199116693,0.01498501470160613,0.7375122053237767,34.96942097496485,0.2562603086604428,1,0.08739273178127235,0
boxes_cylinder_static_noise_hard_mixed,static_noise,1964,536,0.025944964733546814,0.0005646472299134795,0.9973181501393148,30.49270882884816,0.13374680527289803,1,0.0893547753791817,0
boxes_cylinder_static_noise_hard_mixed,static_noise,1970,3253,0.04326857154023612,0.010119895169109638,0.8258902743669291,96.34780520436188,-0.1604924731947278,0,0.06101676849469628,1
boxes_cylinder_static_noise_hard_mixed,static_noise,1973,1680,0.03153445565173633,0.02971834221627798,0.8809817980722839,52.933085521774565,0.1850400654499452,0,0.12751670832287862,0
boxes_cylinder_static_noise_hard_mixed,static_noise,1975,2355,0.09275551468937852,0.0878529098476023,0.9572675933458029,35.74690582363835,-0.22698208225127142,0,0.09752188563828419,0
boxes_cylinder_static_noise_hard_mixed,static_noise,1977,307,0.04324451606810288,0.021955774994304962,0.9328107181080459,67.61774131044466,0.4344156456640216,0,0.06555010348854215,1
boxes_cylinder_static_noise_hard_mixed,static_noise,1978,2537,0.08661075603975608,0.02609164733201494,0.975389886211893,71.45150112358782,0.12441539912900018,0,0.1432133427675098,0
boxes_cylinder_static_noise_hard_mixed,static_noise,1979,2102,0.06484463122051946,0.06460873262892945,0.9942853712757204,42.9816436560092,-0.19621051238909043,0,0.048826983983940614,1
boxes_cylinder_static_noise_hard_mixed,static_noise,1989,1618,0.021327442436088098,0.016213459244279145,0.9847214222107985,51.4327854890103,-0.1798167427710387,1,0.057077439447884785,1
boxes_cylinder_static_noise_hard_mixed,static_noise,1996,3122,0.04510720320841585,0.040117027729848084,0.9073204713563436,23.226524590019388,-0.10919918851681422,1,0.08759783263258616,0
boxes_cylinder_static_noise_hard_mixed,static_noise,2000,579,0.03390449697408502,0.00021942621747366754,0.9942689435962353,145.22912053819516,-0.06040904684328761,1,0.1099841811175216,0
boxes_cylinder_static_noise_hard_mixed,static_noise,2006,1562,0.05066834745262493,0.05016301648568929,0.9917176486437991,33.72985273969549,-0.10919919519088435,1,0.04150518816867389,1
boxes_cylinder_static_noise_hard_mixed,static_noise,2007,3256,0.05099367614915426,0.04539807711003646,0.9867571478803892,44.49472043179823,0.19308131136611686,0,0.08761158552813464,0
boxes_cylinder_static_noise_hard_mixed,static_noise,2013,544,0.04389717529574198,0.01872692199512042,0.9221081884898368,23.52984661868606,-0.10919917196512406,1,0.10362680495908902,0
boxes_cylinder_static_noise_hard_mixed,static_noise,2020,236,0.03763334987317893,0.02396856474361774,0.8330361673645134,25.22893346158686,0.16523734531597908,1,0.1592958577631826,0
boxes_cylinder_static_noise_hard_mixed,static_noise,2022,2372,0.05441074207126175,0.04869945407438321,0.9432068378216697,64.57806331773675,0.02433207833812257,1,0.02431668730085568,1
boxes_cylinder_static_noise_hard_mixed,static_noise,2025,1710,0.089762034033068,0.06459851276423531,0.899339974855746,89.14785054156192,-0.2762530584467087,0,0.09556500246501289,0
boxes_cylinder_static_noise_hard_mixed,static_noise,2026,815,0.0728503199456057,0.02768816495130935,0.8768375972804082,63.87997689504803,-0.022187888460242448,0,0.10560618993605729,0
boxes_cylinder_static_noise_hard_mixed,static_noise,2028,1171,0.05971568810684409,0.04671617240702677,0.6643549176912529,43.70368121965184,-0.10919917658049856,0,0.11806443841524802,0
boxes_cylinder_static_noise_hard_mixed,static_noise,2030,2819,0.02371434546108232,0.02117352715931712,0.1536736748042086,64.05058350751696,-0.3570351837661243,1,0.10997860960953429,0
boxes_cylinder_static_noise_hard_mixed,static_noise,2032,351,0.0553628848316591,0.04463236298480954,0.7104419972936457,52.408157505751284,0.27379275271551456,1,0.12706827675855942,0
boxes_cylinder_static_noise_hard_mixed,static_noise,2034,1767,0.0699906747364506,0.0595845868126838,0.9974189923665001,39.96243596472761,0.018634057726736597,0,0.013418409522604029,1
boxes_cylinder_static_noise_hard_mixed,static_noise,2035,2066,0.022332037158960826,0.015254025529698277,0.847608921765102,76.96619042523233,-0.07283157504286702,1,0.0586467789447997,1
boxes_cylinder_static_noise_hard_mixed,static_noise,2037,358,0.09343840831291066,0.08839566159947583,0.9943313721042991,38.24018561549095,-0.018227502372108795,0,0.04048867750236016,1
boxes_cylinder_static_noise_hard_mixed,static_noise,2039,822,0.11880694525869578,0.11868491628885161,0.9362078803294706,71.30631839600399,0.09843997906334181,0,0.06431707413837416,1
boxes_cylinder_static_noise_hard_mixed,static_noise,2040,1896,0.01884469707650524,0.000955656572620478,0.9429675670665507,60.874630809920916,0.24747538054546814,1,0.11575517416834798,0
boxes_cylinder_static_noise_hard_mixed,static_noise,2043,2651,0.03642477952390859,0.030645857226164915,0.9820150440835371,37.87086831240621,-0.16635757508608934,1,0.06468358661848686,1
boxes_cylinder_static_noise_hard_mixed,static_noise,2046,2551,0.048796713230547295,0.012901856146568708,0.8905376553453066,36.723352201525955,-0.07640940032485878,0,0.09854661601915682,0
boxes_cylinder_static_noise_hard_mixed,static_noise,2049,1552,0.073138194421114,0.07078937227816687,0.9866128596961158,27.719788715316447,0.16843228342132094,1,0.03125297770049338,1
boxes_cylinder_static_noise_hard_mixed,static_noise,2050,87,0.019375761529462333,0.004781541422171267,0.8279899737870035,95.33666510883026,-0.47210410359014665,1,0.11602034006814564,0
boxes_cylinder_static_noise_hard_mixed,static_noise,2052,3263,0.006599089344610952,0.0024725448253018834,0.9526555909125289,52.85680438826074,-0.10919922813524216,1,0.10837306489335238,0
boxes_cylinder_static_noise_hard_mixed,static_noise,2053,2350,0.02727937989843559,0.025233110458527427,0.980943427589152,45.46378185346238,0.3197960594007464,1,0.09235360188315078,0
boxes_cylinder_static_noise_hard_mixed,static_noise,2055,1510,0.07128172149117301,0.0642671918961171,0.973542860026002,65.22871491472885,0.3370873456640749,0,0.08604416714522492,0
boxes_cylinder_static_noise_hard_mixed,static_noise,2061,532,0.024062634398286657,0.014757664172191641,0.948673223563294,38.1922380785216,-0.05790595678799637,0,0.07884982916546268,1
boxes_cylinder_static_noise_hard_mixed,static_noise,2062,3244,0.01853978305852862,0.0010225053196670692,0.9876783982665169,23.86770385725299,-0.029156552240208734,1,0.11863071091559586,0
boxes_cylinder_static_noise_hard_mixed,static_noise,2072,1736,0.053232262910929556,0.03665094683800911,0.9532971933726005,33.96578720243734,-0.21098178927051045,0,0.09111313029131454,0
boxes_cylinder_static_noise_hard_mixed,static_noise,2075,2334,0.05111538159411412,0.009640798987751992,0.9185865204415808,79.21397181883883,-0.02581765346075737,0,0.0803692156733219,0
boxes_cylinder_static_noise_hard_mixed,static_noise,2076,820,0.08105606095946549,0.07919279022451728,0.9968288784861649,24.81264199072911,0.22727273322784697,0,0.020998381788639817,1
boxes_cylinder_static_noise_hard_mixed,static_noise,2077,3125,0.03631285168136043,0.005666858559133586,0.89789805424123,49.98418362517452,0.2145876374444014,0,0.13852904398724442,0
boxes_cylinder_static_noise_hard_mixed,static_noise,2082,879,0.06614247854305846,0.05953592177158059,0.996658658971414,66.98842990399959,0.23374521282778818,0,0.0755471051509749,1
boxes_cylinder_static_noise_hard_mixed,static_noise,2085,2438,0.08579689375174827,0.07935849089978604,0.9690713387336742,111.01034643299947,0.044951340243269064,0,0.09826737188230573,0
boxes_cylinder_static_noise_hard_mixed,static_noise,2086,2049,0.05649659596493035,0.05097470381418138,0.8936979919115603,44.026316582776694,-0.24273046137543514,0,0.0998402460365332,0
boxes_cylinder_static_noise_hard_mixed,static_noise,2087,3089,0.03619748480207305,0.01383276001372861,0.9988088319870003,107.27276393723133,-0.21455949651216003,1,0.13525686353951502,0
boxes_cylinder_static_noise_hard_mixed,static_noise,2093,1579,0.10457678537153707,0.10412501503036913,0.9947189960536176,73.12156241135796,-0.057905915998608885,1,0.046436594362110124,1
boxes_cylinder_static_noise_hard_mixed,static_noise,2094,1192,0.04260950361751823,0.02644460976002691,0.712834729817928,58.329174580506276,-0.07640940032485878,1,0.09343873000321119,0
boxes_cylinder_static_noise_hard_mixed,static_noise,2101,2942,0.03397926345050625,0.020188206713899298,0.9894274280256202,74.68088682023804,-0.016108858600883562,0,0.09653344047073321,0
boxes_cylinder_static_noise_hard_mixed,static_noise,2102,140,0.033663093711441654,0.012449133785164998,0.2813895455147104,35.91872913566829,0.02433208280240095,0,0.06426953160447207,1
boxes_cylinder_static_noise_hard_mixed,static_noise,2104,2063,0.017393242170383877,0.011663894897573785,0.6815554100792762,73.10765647072513,-0.10919922946502789,1,0.08643773234188303,0
boxes_cylinder_static_noise_hard_mixed,static_noise,2105,2153,0.042987272469814056,0.035530191349374275,0.8424277174755754,62.26266593503354,-0.10919916696513533,0,0.10575502818425966,0
boxes_cylinder_static_noise_hard_mixed,static_noise,2109,502,0.015981816468237982,0.0014768399982679726,0.7911277614924739,72.17353913412731,-0.13737006258256446,1,0.07529338465777372,1
boxes_cylinder_static_noise_hard_mixed,static_noise,2112,3015,0.012198322580751663,0.008746010580719285,0.19403373957973433,57.172076754987955,0.16409393061240624,1,0.08859522194759561,0
boxes_cylinder_static_noise_hard_mixed,static_noise,2119,2132,0.022080749245584858,0.020720463821710854,0.9646004603323772,50.28123131738648,0.2162229140253671,1,0.0967603191377255,0
boxes_cylinder_static_noise_hard_mixed,static_noise,2123,2307,0.055493244959918836,0.05031299950196068,0.998092421220418,72.75617918559433,0.2585251591009175,0,0.07327246881040173,1
boxes_cylinder_static_noise_hard_mixed,static_noise,2124,1685,0.030971389935950562,0.022422587531694977,0.9986280557444226,55.305065522003005,-0.1091991252985799,1,0.13857503558109074,0
boxes_cylinder_static_noise_hard_mixed,static_noise,2127,1254,0.10310241291466557,0.09628088055780655,0.9501167150272533,123.1596347538317,0.008583729802525107,0,0.012579242202704193,1
boxes_cylinder_static_noise_hard_mixed,static_noise,2128,2370,0.030901672244496567,0.027679050284661603,0.9926982593682419,57.01441489225473,0.07738661397006193,1,0.054009985741947604,1
boxes_cylinder_static_noise_hard_mixed,static_noise,2130,3024,0.07494687540258638,0.07014889621895233,0.9442978732025307,38.41742411805614,-0.23703238529338674,0,0.10833551643450771,0
boxes_cylinder_static_noise_hard_mixed,static_noise,2131,3018,0.0403256973582655,0.02339728208362507,0.9933832206171157,36.72522413021977,0.27029009289801526,0,0.059691929575004174,1
boxes_cylinder_static_noise_hard_mixed,static_noise,2133,483,0.05707845434967663,0.0411141412351296,0.1463474293092485,62.2511996080424,0.5245240599612122,1,0.10761733147117677,0
boxes_cylinder_static_noise_hard_mixed,static_noise,2135,740,0.07393047774089684,0.07391059441960728,0.9979615130237051,65.7672091507536,-0.10919919821507264,0,0.019383899327757734,1
boxes_cylinder_static_noise_hard_mixed,static_noise,2141,834,0.018631115999153756,0.0013966412123190505,0.9254705809685188,82.17622329234307,-0.057905915998608885,1,0.09901501945167428,0
boxes_cylinder_static_noise_hard_mixed,static_noise,2145,3258,0.09238345768165851,0.08861008415811503,0.9949229487042134,43.71256624399799,-0.10919915560152617,1,0.017893257464214572,1
boxes_cylinder_static_noise_hard_mixed,static_noise,2148,2981,0.09911357683761246,0.09095787314284798,0.9577934262273861,58.72105155665268,0.09844001031329215,0,0.01942906287894985,1
boxes_cylinder_static_noise_hard_mixed,static_noise,2149,3173,0.06448982167433387,0.05203060645201678,0.9335805913877497,57.77610849677309,0.20095542118756343,0,0.05270147769047749,1
boxes_cylinder_static_noise_hard_mixed,static_noise,2150,865,0.02961931379530496,0.0195201367292109,0.9899118862075578,45.142023635898504,0.17848257810606666,1,0.09816519275578874,0
boxes_cylinder_static_noise_hard_mixed,static_noise,2156,1801,0.03187179232746808,0.003212055567037494,0.8973511506613489,46.02981131963288,0.06515401708464129,1,0.12468835244098506,0
boxes_cylinder_static_noise_hard_mixed,static_noise,2158,1107,0.06951241748801358,0.06642973350816486,0.980293078974862,76.04875759404156,-0.010759209453472439,0,0.0513921591834929,1
boxes_cylinder_static_noise_hard_mixed,static_noise,2160,173,0.0368903554663193,0.02844362045957023,0.9563170125366973,70.20252973408161,0.13196261874816206,0,0.07336208258890752,1
boxes_cylinder_static_noise_hard_mixed,static_noise,2162,84,0.01909244968148613,0.003604793254611981,0.9588252651859279,89.47353133589448,0.24747538054546814,1,0.07027294335329143,1
boxes_cylinder_static_noise_hard_mixed,static_noise,2165,1941,0.11705913650744823,0.11167921271647617,0.9605764114990298,57.64145930940611,-0.06474745034287126,0,0.07689121555449345,1
boxes_cylinder_static_noise_hard_mixed,static_noise,2170,302,0.10230927673863864,0.08905961997746413,0.9837604070171764,85.03219390029928,0.10437468562258881,0,0.12231020234941205,0
boxes_cylinder_static_noise_hard_mixed,static_noise,2175,2415,0.057860251930292844,0.0385679712289697,0.760411311612587,73.7307541911808,-0.029156552240208734,0,0.12716500213368903,0
boxes_cylinder_static_noise_hard_mixed,static_noise,2176,1886,0.058794461377894305,0.04552594109630104,0.9276822402700814,40.15850897019955,-0.21839836509731272,1,0.09731261053108141,0
boxes_cylinder_static_noise_hard_mixed,static_noise,2178,17,0.03537367715312194,0.005427418847653176,0.2823796233456618,65.09732827064673,-0.08510168405611976,1,0.056269135864148515,1
boxes_cylinder_static_noise_hard_mixed,static_noise,2179,803,0.027823751379248505,0.02247773952154672,0.9886130656575994,52.153811222220654,0.5133298468803393,0,0.09007637884082563,0
boxes_cylinder_static_noise_hard_mixed,static_noise,2187,2455,0.09149410485835459,0.09064768301201657,0.7022728384555675,108.57963168557572,-0.2145596002156119,0,0.1184950074115084,0
boxes_cylinder_static_noise_hard_mixed,static_noise,2188,718,0.04211756871682553,0.027960606871382847,0.9990078506423261,36.06947909659844,0.19190567811630546,1,0.08690686192210577,0
boxes_cylinder_static_noise_hard_mixed,static_noise,2190,946,0.05350928145809298,0.052262203455361755,0.9980219902966002,54.53424823380147,0.17848257810606666,0,0.06273309285466215,1
boxes_cylinder_static_noise_hard_mixed,static_noise,2193,1463,0.05707591220979415,0.05598273074761777,0.2656576489461663,59.03365234286038,0.161090904381201,1,0.05209843208916793,1
boxes_cylinder_static_noise_hard_mixed,static_noise,2197,3052,0.02837407372950288,0.008322682045351143,0.9632749728411333,41.65996468241279,0.05785472626468416,1,0.07692578205463321,1
boxes_cylinder_static_noise_hard_mixed,static_noise,2198,1922,0.03468957982490416,0.027666067506653496,0.9973715114974541,57.866469229730505,-0.15002111815210303,1,0.04928658992882274,1
boxes_cylinder_static_noise_hard_mixed,static_noise,2204,2105,0.021969305861602735,0.0005334985561540901,0.9246112957725797,54.1890978507698,0.18929350164029424,1,0.1347490114116368,0
boxes_cylinder_static_noise_hard_mixed,static_noise,2205,2199,0.05573495516987536,0.002918593847799609,0.9332838473056301,71.08292027253626,0.08751090756066807,0,0.11388285124441581,0
boxes_cylinder_static_noise_hard_mixed,static_noise,2206,1313,0.04215079288154368,0.014601098571714335,0.8993127222150521,73.73595370744076,0.15906454757099997,1,0.05360089934469709,1
boxes_cylinder_static_noise_hard_mixed,static_noise,2207,1760,0.10686620624908037,0.10315485718434667,0.9977882891801994,40.733699325116376,-0.05790595678799637,0,0.033729389154094826,1
boxes_cylinder_static_noise_hard_mixed,static_noise,2208,1913,0.043447376526877655,0.0326484944114706,0.18366876587441056,92.58832214068235,0.09665269380066706,0,0.07816642289491683,1
boxes_cylinder_static_noise_hard_mixed,static_noise,2209,3190,0.031774919767971914,0.01703213086115656,0.9930044640153627,54.32807365586845,-0.44567111144374466,0,0.07686080846048492,1
boxes_cylinder_static_noise_hard_mixed,static_noise,2212,1530,0.06145762563809718,0.03541630548737802,0.10219385872398637,52.37294170092904,-0.42765270774285363,0,0.12660243174513944,0
boxes_cylinder_static_noise_hard_mixed,static_noise,2213,1647,0.027906674563653713,0.013323383828158121,0.914235475711507,92.56280745982966,0.20588157549588074,0,0.08956881612969818,0
boxes_cylinder_static_noise_hard_mixed,static_noise,2215,1470,0.06517443222527941,0.0628078547563502,0.9949395577209678,62.48940328353786,-0.20928246230182163,0,0.10912797095507634,0
boxes_cylinder_static_noise_hard_mixed,static_noise,2216,1573,0.059026342155017966,0.050319110825743474,0.9955611944229886,83.68427864361142,0.15650371000006952,0,0.133080429454416,0
boxes_cylinder_static_noise_hard_mixed,static_noise,2219,2059,0.015050318667684125,0.0008594779084209399,0.9389070687295971,53.44125770481658,0.03740415710728304,1,0.06953702570550305,1
boxes_cylinder_static_noise_hard_mixed,static_noise,2220,1006,0.0632852196515378,0.059412714924614585,0.9914783584448071,80.81939908965653,-0.1579892442299469,0,0.084603122489108,0
boxes_cylinder_static_noise_hard_mixed,static_noise,2226,52,0.05807899469142955,0.0033600382064069498,0.7527990589681504,49.8697856515886,0.23910717191128975,1,0.14229649585285423,0
boxes_cylinder_static_noise_hard_mixed,static_noise,2227,427,0.07278009187960241,0.058091094212003674,0.8527813772335194,58.837719766968334,0.48678376901536574,0,0.1386883105166515,0
boxes_cylinder_static_noise_hard_mixed,static_noise,2229,968,0.046622707194737385,0.02611272919703834,0.9503335811315222,41.69545389341937,-0.38791236142271895,0,0.1275601312410437,0
boxes_cylinder_static_noise_hard_mixed,static_noise,2232,2828,0.04206827613140694,0.02973174750445283,0.9973684752215849,42.175459194139215,-0.10919921879430936,0,0.036438374499372726,1
boxes_cylinder_static_noise_hard_mixed,static_noise,2236,3255,0.05280044513479704,0.004968815191202791,0.9984987483360257,71.79702477970679,-0.0038387707516180565,0,0.1283733499236287,0
boxes_cylinder_static_noise_hard_mixed,static_noise,2238,2843,0.06752997639056393,0.057584335191998036,0.9383897035960808,75.99543639611706,0.00858373674695257,1,0.03093043079791724,1
boxes_cylinder_static_noise_hard_mixed,static_noise,2239,1295,0.08752961861770647,0.07886910649195854,0.9804327881502577,99.80114473537769,0.3290552744504414,0,0.1417814046054701,0
boxes_cylinder_static_noise_hard_mixed,static_noise,2242,2625,0.09700479069960663,0.09641565705943299,0.9932542524187973,28.77532689987717,-0.15175872884776412,0,0.060646247343500666,1
boxes_cylinder_static_noise_hard_mixed,static_noise,2245,2764,0.046906483099990084,0.04365037129794015,0.9114170207573448,48.57715467051178,-0.02581766824334075,0,0.04854136034049184,1
boxes_cylinder_static_noise_hard_mixed,static_noise,2246,1409,0.11363360507840845,0.1044942234302096,0.9691598689789099,29.610172262883353,-0.14556679063336694,0,0.053795818325425085,1
boxes_cylinder_static_noise_hard_mixed,static_noise,2247,1254,0.06538882551854909,0.016972873411735583,0.7657850818472117,113.13569708283954,0.4140483008743733,0,0.15778777580176345,0
boxes_cylinder_static_noise_hard_mixed,static_noise,2250,272,0.06499333177283763,0.05731512992758679,0.9797014502903955,69.88240663612494,-0.10919917658049856,1,0.0925804213983748,0
boxes_cylinder_static_noise_hard_mixed,static_noise,2253,1460,0.08984444432115239,0.08639237520678775,0.9987163784318278,69.17674914300046,0.07312217316241083,1,0.042394878394963545,1
boxes_cylinder_static_noise_hard_mixed,static_noise,2254,3058,0.0449785270986224,0.023831608700154782,0.1832153792951994,64.73198294014998,0.19618219217279603,0,0.11102255244504443,0
boxes_cylinder_static_noise_hard_mixed,static_noise,2255,548,0.0384734741173328,0.03746826437103623,0.9998981407306128,26.410675564657694,0.10437468562258881,1,0.10951721150507347,0
boxes_cylinder_static_noise_hard_mixed,static_noise,2257,821,0.02205407489780792,0.018427198927122322,0.9747742456282907,77.18032924687127,-0.5947062952478351,1,0.12319265544585713,0
boxes_cylinder_static_noise_hard_mixed,static_noise,2259,81,0.017634123680514487,0.0030523419887356303,0.9923377498433275,35.13000909351656,0.23374521282778818,1,0.06415568266632796,1
boxes_cylinder_static_noise_hard_mixed,static_noise,2263,3236,0.08199503098228592,0.0809328708364866,0.9663338327112126,99.79902514420027,-0.3002541328472202,1,0.050796261782349666,1
boxes_cylinder_static_noise_hard_mixed,static_noise,2265,2915,0.026908088062389014,0.023389740574923622,0.4057455126386022,54.554430866049366,-0.15798935018211424,1,0.10582672511497015,0
boxes_cylinder_static_noise_hard_mixed,static_noise,2266,2026,0.040084215411250346,0.027891877889429022,0.1317105454162791,50.9022787048859,-0.10919922529836612,0,0.04330917279987857,1
boxes_cylinder_static_noise_hard_mixed,static_noise,2269,1328,0.06803921773827032,0.06729017171025971,0.9903744363136286,44.78710011923083,-0.2145596002156119,1,0.03193857646279283,1
boxes_cylinder_static_noise_hard_mixed,static_noise,2270,1074,0.0598220309920903,0.03005258780764159,0.09277323342589977,55.44855376869928,-0.0015686268449832648,0,0.11767968753831139,0
boxes_cylinder_static_noise_hard_mixed,static_noise,2273,2798,0.03059718912409942,0.01159633420863712,0.9115330208593854,51.6270952812076,-0.04857462970741449,1,0.11318315175731555,0
boxes_cylinder_static_noise_hard_mixed,static_noise,2274,66,0.011866201803031988,0.007559683325716081,0.9594291987343337,23.019528439535947,0.07312217316241083,1,0.12327749777914537,0
boxes_cylinder_static_noise_hard_mixed,static_noise,2278,168,0.07300820548428948,0.06279038547728033,0.982223102158214,53.65374965515568,-0.03223821675482566,0,0.060932533574119825,1
boxes_cylinder_static_noise_hard_mixed,static_noise,2279,1246,0.05113400775681725,0.047921423896309975,0.9974835361900193,77.72163291650527,0.14211497229493963,0,0.0545661677214126,1
boxes_cylinder_static_noise_hard_mixed,static_noise,2280,1169,0.09777787926697666,0.09560634133982673,0.9535862667362837,35.95343143275606,0.12564020882519636,0,0.022023508444662034,1
boxes_cylinder_static_noise_hard_mixed,static_noise,2281,3058,0.018559030677834445,0.013122926538383208,0.14655085570384713,68.85961028774558,0.1695139657165078,1,0.10207023894062973,0
boxes_cylinder_static_noise_hard_mixed,static_noise,2283,1294,0.04848143714196719,0.01742875052471824,0.9983755069541861,63.39650307435336,0.41886775139082827,0,0.1019217051413452,0
boxes_cylinder_static_noise_hard_mixed,static_noise,2285,63,0.021143250870792874,0.0090883401298996,0.922681921678392,116.86300249581687,0.26236396446783583,1,0.12472826138622399,0
boxes_cylinder_static_noise_hard_mixed,static_noise,2290,2867,0.054786523395934664,0.051554637291375154,0.9717134634278687,30.690564242914057,-0.022187888460242448,1,0.05083401121203686,1
boxes_cylinder_static_noise_hard_mixed,static_noise,2291,3084,0.05249794782194243,0.04794108582219095,0.1476481028533912,51.16732066822365,0.1139441957128897,0,0.06397807027659111,1
boxes_cylinder_static_noise_hard_mixed,static_noise,2295,318,0.030427226353785967,0.026116091784971002,0.9961793306841735,38.64069786542141,0.16523734531597908,1,0.07361022624262128,1
boxes_cylinder_static_noise_hard_mixed,static_noise,2296,2271,0.016274610564890265,0.0003141406664790812,0.8953617466916466,56.86460026872611,0.057854748409164,1,0.09498580153647532,0
boxes_cylinder_static_noise_hard_mixed,static_noise,2298,2734,0.014246117218078537,0.0029479450166625797,0.9982302346855788,32.73896847988769,0.15650371000006952,1,0.08162078313969628,0
boxes_cylinder_static_noise_hard_mixed,static_noise,2300,65,0.060306528697008296,0.042802925009113896,0.9921139631315199,31.11770070796714,0.03390151834238077,0,0.04342014501902594,1
boxes_cylinder_static_noise_hard_mixed,static_noise,2308,3182,0.0934927294580989,0.09134200155177759,0.7954045088137949,45.860689746936295,0.06848183746887625,0,0.013185021913291895,1
boxes_cylinder_static_noise_hard_mixed,static_noise,2310,3253,0.04012888566327536,0.0245295987388909,0.8553557581349898,45.69555806970822,-0.06040908731939674,0,0.03726697543222174,1
boxes_cylinder_static_noise_hard_mixed,static_noise,2315,749,0.057363133848443375,0.04975145605163399,0.9952557101594776,37.898052310382226,0.03598268916331258,0,0.02742641799299234,1
boxes_cylinder_static_noise_hard_mixed,static_noise,2316,1752,0.04210265055999811,0.0025361720476575937,0.9380215373857365,33.272975700160664,0.22727268037081533,1,0.07099799129492025,1
boxes_cylinder_static_noise_hard_mixed,static_noise,2319,259,0.024298196273477478,0.019694785137883683,0.939324117168477,33.75098804905655,-0.2915204820927444,0,0.09409492275068769,0
boxes_cylinder_static_noise_hard_mixed,static_noise,2320,74,0.023993326143477947,0.022444033488451438,0.9353429819301787,64.10530018786108,-0.10919921879430936,1,0.061374994165727205,1
boxes_cylinder_static_noise_hard_mixed,static_noise,2322,526,0.0587857567387338,0.044131377472280374,0.997671293591623,33.806020759592286,-0.20928246230182163,1,0.08476609003638239,0
boxes_cylinder_static_noise_hard_mixed,static_noise,2323,854,0.09877077640826498,0.09290198198748,0.9206035275861169,59.85428255626646,0.4263185683754465,0,0.06453553650436403,1
boxes_cylinder_static_noise_hard_mixed,static_noise,2326,2620,0.07096601646971215,0.06739526197405764,0.9970270707857399,79.83671882411177,0.24747538054546814,0,0.08352360093017491,0
boxes_cylinder_static_noise_hard_mixed,static_noise,2327,2952,0.12098323906904836,0.10870663790011106,0.9061582852519683,99.16805855045281,-0.16982363069366463,0,0.011296948524756809,1
boxes_cylinder_static_noise_hard_mixed,static_noise,2328,2194,0.09671637026350782,0.06356457560916372,0.8528470716713433,102.98277342036883,0.13196261874816206,0,0.10216116007773521,0
boxes_cylinder_static_noise_hard_mixed,static_noise,2334,1322,0.074577283769395,0.06729819627155136,0.05122966266825518,40.155043749485564,0.04902467770985806,0,0.11888410201118708,0
boxes_cylinder_static_noise_hard_mixed,static_noise,2336,1415,0.01741253049741946,0.0015309857993049012,0.8198116612039408,92.18930968968144,-0.15002111815210303,1,0.07144208996887415,1
boxes_cylinder_static_noise_hard_mixed,static_noise,2338,1177,0.036972901113734816,0.03481522293792447,0.5773497184670234,41.64323620879847,-0.04857462970741449,0,0.11812488171780512,0
boxes_cylinder_static_noise_hard_mixed,static_noise,2341,2279,0.04184367877641708,0.04180095727040265,0.9900703777830435,48.19607489298825,-0.31279799593309043,1,0.0679392044116034,1
boxes_cylinder_static_noise_hard_mixed,static_noise,2342,2524,0.030361995752849147,0.02593793399535788,0.6153571835421829,57.16316875526318,0.0,1,0.12900027620370078,0
boxes_cylinder_static_noise_hard_mixed,static_noise,2343,2564,0.0628557616503875,0.016390426914533258,0.9791644835639646,40.05223813109004,-0.06040904684328761,0,0.055629636666488624,1
boxes_cylinder_static_noise_hard_mixed,static_noise,2344,1352,0.05591561541905424,0.050128718271730495,0.9716765685802536,52.374351250436156,-0.06267919624362145,1,0.049613275197911456,1
boxes_cylinder_static_noise_hard_mixed,static_noise,2345,2604,0.03086471092944657,0.0014163564698346908,0.833474046576122,42.521326660752486,-0.15365086678902007,1,0.15276364223368308,0
boxes_cylinder_static_noise_hard_mixed,static_noise,2347,372,0.03990870834046507,0.03979241923345461,0.9893815512200846,37.88166594778085,-0.022187888460242448,1,0.04295157542753106,1
boxes_cylinder_static_noise_hard_mixed,static_noise,2349,2283,0.11797746021487443,0.11550554963969449,0.9964191722135278,65.89500526758125,-0.07145888990814764,0,0.043788075527976415,1
boxes_cylinder_static_noise_hard_mixed,static_noise,2350,1794,0.03901727421532659,0.018815546983782447,0.9284799446164487,66.24909143495996,0.0800426243402898,0,0.0856008791578299,0
boxes_cylinder_static_noise_hard_mixed,static_noise,2355,758,0.06069182539504785,0.019870843011386665,0.9729027866611596,49.649509767818806,-0.19621043410641903,0,0.019087416176675896,1
boxes_cylinder_static_noise_hard_mixed,static_noise,2356,2515,0.037670774255283,0.02582085927629067,0.9796759402626912,46.630794945417435,-0.396881012565237,0,0.10465611950705937,0
boxes_cylinder_static_noise_hard_mixed,static_noise,2358,1513,0.06275669496660376,0.05800960469972113,0.889848082046582,30.629367749054172,0.00858373674695257,1,0.11370538366504956,0
boxes_cylinder_static_noise_hard_mixed,static_noise,2359,2983,0.06309499728202743,0.02668786446048695,0.9098311639658376,75.67122897431238,0.03740413198771639,0,0.11551359112698906,0
boxes_cylinder_static_noise_hard_mixed,static_noise,2363,64,0.05383145512984734,0.05314059788147818,0.9557110960448404,72.6112663238825,-0.022187888460242448,1,0.06895537079253702,1
boxes_cylinder_static_noise_hard_mixed,static_noise,2364,2734,0.06020909399049403,0.04940868327127425,0.1764089481059911,50.19354837870901,0.41886775139082827,0,0.13335860026953014,0
boxes_cylinder_static_noise_hard_mixed,static_noise,2366,2676,0.04807693100834243,0.03402597279258813,0.9739668945367679,58.01327207462178,0.3897913804571501,0,0.09169731321824028,0
boxes_cylinder_static_noise_hard_mixed,static_noise,2368,2750,0.03461205685933282,0.016389040844322345,0.938627995035894,55.17964952399847,0.24362186644172706,1,0.08323671268110992,0
boxes_cylinder_static_noise_hard_mixed,static_noise,2370,2037,0.07324979041862355,0.06261687768040779,0.9991854261311287,31.817513295068785,-0.06474745034287126,0,0.09742521743209087,0
boxes_cylinder_static_noise_hard_mixed,static_noise,2371,1647,0.016304218176878438,0.006195967401529756,0.8927678361483161,92.90430146276623,0.02895101903675918,1,0.08425840238257833,0
boxes_cylinder_static_noise_hard_mixed,static_noise,2373,2707,0.03006418225818453,0.020126976769059602,0.8803099950933924,42.19556374003021,0.16409393061240624,1,0.08674522999243464,0
boxes_cylinder_static_noise_hard_mixed,static_noise,2374,952,0.0964057944848519,0.09239102727649806,0.9723559615666554,44.89508722400562,-0.15571910846594086,0,0.0473673005096958,1
boxes_cylinder_static_noise_hard_mixed,static_noise,2382,181,0.03714872511188869,0.006367258233677619,0.9314686982417199,60.381317018712544,0.45719572864481434,0,0.11120171091540258,0
boxes_cylinder_static_noise_hard_mixed,static_noise,2383,184,0.09640879441354774,0.09075264814724893,0.9714335832508999,65.67968427216877,0.14673393432289525,0,0.07376676879026196,1
boxes_cylinder_static_noise_hard_mixed,static_noise,2387,1807,0.07886070392512111,0.07826904350263764,0.9743126071108255,36.69588473375735,0.2764628194357246,1,0.0655525017761495,1
boxes_cylinder_static_noise_hard_mixed,static_noise,2388,1779,0.03215123676282811,0.025083713707808014,0.8233373219688103,55.618067649452705,0.030562630844961844,1,0.09155662565843799,0
boxes_cylinder_static_noise_hard_mixed,static_noise,2389,1566,0.033278558978075114,0.026014911347213805,0.9993430563362955,48.85732848081702,0.148629606107462,1,0.03943701882302411,1
boxes_cylinder_static_noise_hard_mixed,static_noise,2394,1628,0.08447530012065702,0.08366926018848894,0.9901313739207052,35.649491614893236,-0.21839836509731272,1,0.07440621187260674,1
boxes_cylinder_static_noise_hard_mixed,static_noise,2396,1585,0.0318830723976895,0.013685115370046571,0.9843340054829246,50.45960619462594,0.2562603086604428,1,0.10369957071380273,0
boxes_cylinder_static_noise_hard_mixed,static_noise,2397,676,0.035544391628706554,0.021220430126842407,0.8347287493913405,55.53017524552522,-0.06837722077815629,0,0.09286745791385803,0
boxes_cylinder_static_noise_hard_mixed,static_noise,2399,536,0.0285752749054372,0.012029920606027472,0.928573246773606,42.58647688827323,-0.06040908731939674,0,0.0948928583392394,0
boxes_cylinder_static_noise_hard_mixed,static_noise,2400,565,0.025053312300533932,0.012171460304591878,0.8481384599370103,53.60358280737379,0.12132425662515361,1,0.06461048682997238,1
boxes_cylinder_static_noise_hard_mixed,static_noise,2406,1454,0.08573708871455268,0.08263900181305217,0.9912311241514647,69.74911574306469,0.06669130998260557,0,0.04706483745771185,1
boxes_cylinder_static_noise_hard_mixed,static_noise,2408,3131,0.06897836664985672,0.04920442153636046,0.9982351190559721,117.35194514798594,-0.10919913407048369,1,0.08860941757859891,0
boxes_cylinder_static_noise_hard_mixed,static_noise,2409,2221,0.005866848784996077,0.0029679237339294102,0.9566547990750497,70.94592028210391,0.16523734531597908,1,0.107558100405378,0
boxes_cylinder_static_noise_hard_mixed,static_noise,2411,1795,0.06846897384432574,0.03751472140847402,0.957164694459699,62.69076007207683,0.02895101903675918,1,0.05180813512062112,1
boxes_cylinder_static_noise_hard_mixed,static_noise,2412,1285,0.05071136472289992,0.03345284899375712,0.9900792213431339,51.91359561858524,-0.2427303869708337,0,0.03982389256368378,1
boxes_cylinder_static_noise_hard_mixed,static_noise,2413,225,0.04818802899986226,0.02386902348402046,0.9928913117733269,32.98299217324035,-0.0350912960017625,0,0.055203006220643315,1
boxes_cylinder_static_noise_hard_mixed,static_noise,2419,2428,0.05303897117072471,0.013375270274695077,0.9363122899796269,62.63643055080992,0.21930449056297002,0,0.0980403333186804,0
boxes_cylinder_static_noise_hard_mixed,static_noise,2421,2450,0.029609547588875476,0.014021990320017361,0.6188656847682041,49.70710354913444,0.11394414268267061,1,0.09238416148787137,0
boxes_cylinder_static_noise_hard_mixed,static_noise,2423,563,0.025269428862820128,0.018729463790616945,0.9009838430208283,28.54846593791279,0.11394414268267061,1,0.12402750550758003,0
boxes_cylinder_static_noise_hard_mixed,static_noise,2427,811,0.0353648361727108,0.02995257227330209,0.5880524117543847,73.05176845646953,-0.25438109826235644,1,0.10390491986015328,0
boxes_cylinder_static_noise_hard_mixed,static_noise,2429,439,0.06603472815968586,0.05542735446789024,0.8391751446754375,113.44413851955119,0.10437468562258881,0,0.09698617435822314,0
boxes_cylinder_static_noise_hard_mixed,static_noise,2431,1481,0.027408248256074758,0.01818515359739338,0.9980030354319263,45.062787642727116,0.16705390284518254,1,0.09904306510068021,0
boxes_cylinder_static_noise_hard_mixed,static_noise,2434,845,0.04478654933049033,0.03129503740849291,0.5536930545334892,66.30505402666597,0.24747548911670517,0,0.13411495402303675,0
boxes_cylinder_static_noise_hard_mixed,static_noise,2436,764,0.06343088951460205,0.06290412170129712,0.998178278744127,37.80130783830754,0.25544358717868915,1,0.05994179948087433,1
boxes_cylinder_static_noise_hard_mixed,static_noise,2437,985,0.03589401354401856,0.020186671487714476,0.7571947534030924,51.630287101521894,0.018634068635808434,0,0.06241956978239481,1
boxes_cylinder_static_noise_hard_mixed,static_noise,2440,3005,0.09215322652978704,0.09151509838306321,0.9969924791432268,45.29914048329757,-0.10919916696513533,1,0.01849336853276949,1
boxes_cylinder_static_noise_hard_mixed,static_noise,2442,2826,0.02434634722055153,0.0005106258993295186,0.18238159061303344,70.40549398224911,-0.10919921696504352,1,0.11909442104374901,0
boxes_cylinder_static_noise_hard_mixed,static_noise,2444,352,0.06730691542350324,0.06048429788002088,0.9812598586380032,32.30355207632114,-0.26334969203064423,0,0.09122950423538233,0
boxes_cylinder_static_noise_hard_mixed,static_noise,2445,1633,0.06529486056396164,0.0497956963589819,0.997589180456581,28.64330598565663,-0.10919916153036523,0,0.0036881974291457314,1
boxes_cylinder_static_noise_hard_mixed,static_noise,2448,2016,0.04222156579031158,0.04213006593409438,0.9278506030813463,30.413913278244397,0.08185589102200891,1,0.04004626036773322,1
boxes_cylinder_static_noise_hard_mixed,static_noise,2449,1816,0.01901835005696865,0.013055389935706728,0.9861045012863348,50.46057628426728,-0.10919917196512406,1,0.08360059524567087,0
boxes_cylinder_static_noise_hard_mixed,static_noise,2453,410,0.0292080503348689,0.016113426179767167,0.9852928869963501,73.3470703184138,0.044951340243269064,1,0.11628212883881898,0
boxes_cylinder_static_noise_hard_mixed,static_noise,2454,2455,0.0560376259236821,0.0555812453268853,0.6157937098198878,100.90738419515606,-0.10919919196508354,0,0.11243434202429715,0
boxes_cylinder_static_noise_hard_mixed,static_noise,2457,2606,0.03156391495222423,0.028307931678005317,0.8283792893707067,30.32984097387206,0.12564020882519636,1,0.11457636565225299,0
boxes_cylinder_static_noise_hard_mixed,static_noise,2458,3012,0.10457422363981848,0.09563673625430384,0.9976957416558379,39.4176813328741,-0.022187888460242448,0,0.00846161540469087,1
boxes_cylinder_static_noise_hard_mixed,static_noise,2459,1173,0.04724983941922292,0.026297203131347115,0.9929861054008445,39.845728942896116,-0.43462129923758797,0,0.06748279250511499,1
boxes_cylinder_static_noise_hard_mixed,static_noise,2460,2829,0.02647930883720164,0.012745087526610643,0.8033451248677157,63.803412072616034,-0.27827543662893334,0,0.13169662720548736,0
boxes_cylinder_static_noise_hard_mixed,static_noise,2462,952,0.08587683145175022,0.08269211608844283,0.982863157769771,40.5752030257113,-0.3098695581348132,1,0.03578418479921634,1
boxes_cylinder_static_noise_hard_mixed,static_noise,2463,3233,0.03793045728849688,0.018599820564375598,0.9543089886739539,56.86346703873425,-0.14841984511844597,1,0.10548252491700931,0
boxes_cylinder_static_noise_hard_mixed,static_noise,2469,2310,0.05510583776123595,0.04568512281549566,0.9403268793233385,46.68261386869048,-0.03223821675482566,1,0.09869618808782106,0
boxes_cylinder_static_noise_hard_mixed,static_noise,2470,3171,0.10390861410624722,0.10278748643806908,0.978038315678902,34.71894195243088,-0.06837722077815629,1,0.03243385500181486,1
boxes_cylinder_static_noise_hard_mixed,static_noise,2474,257,0.042524320453727,0.03036815381222226,0.9599507840096067,49.13788696048843,0.4106757692869097,0,0.05162207047526396,1
boxes_cylinder_static_noise_hard_mixed,static_noise,2477,2040,0.07334024322160193,0.06581322268029446,0.9879413321575087,52.189730564426114,0.07312219149570291,0,0.07025978568770054,1
boxes_cylinder_static_noise_hard_mixed,static_noise,2479,2012,0.07339804197346611,0.05634861979795167,0.854436353459022,93.22852180285254,-0.14841984511844597,0,0.0859186637316677,0
boxes_cylinder_static_noise_hard_mixed,static_noise,2482,3316,0.07542816170887605,0.06780144538440797,0.9908603602426683,57.618348334984255,-0.018227490984966586,0,0.05605912061611239,1
boxes_cylinder_static_noise_hard_mixed,static_noise,2486,1248,0.034407289740174284,0.0023132032495974137,0.10226943363224539,58.058097712679924,0.07312220371790266,0,0.10108551504420038,0
boxes_cylinder_static_noise_hard_mixed,static_noise,2491,872,0.06443202030503767,0.0610679224795741,0.9413116844122673,65.73372148885018,-0.07842756701041562,1,0.07045610032052063,1
boxes_cylinder_static_noise_hard_mixed,static_noise,2497,1676,0.03249968731446644,0.0006581419989247993,0.9914884948162885,67.20856369038268,0.5098394219362268,0,0.07549320891445159,1
boxes_cylinder_static_noise_hard_mixed,static_noise,2498,2972,0.05555827807159738,0.04617057999656261,0.9363315132809443,63.94504618021621,0.1909050745596883,1,0.07809855255742734,1
boxes_cylinder_static_noise_hard_mixed,static_noise,2499,2300,0.0611506222548575,0.03635154701107101,0.9052229982777639,53.00528034491153,0.3063159441180282,0,0.01580906596569352,1
boxes_cylinder_static_noise_hard_mixed,static_noise,2502,1074,0.04208387982861155,0.030794699508537485,0.31188244650083935,52.90517525377431,0.07690294392961396,0,0.05633486068990715,1
boxes_cylinder_static_noise_hard_mixed,static_noise,2506,1364,0.046292169413243954,0.038051234711274355,0.9970746279347789,39.07442314422192,0.015963823538080815,1,0.05453066489712817,1
boxes_cylinder_static_noise_hard_mixed,static_noise,2511,3275,0.019743836424748012,0.01103337328296291,0.7604683021700598,69.41378407296442,-0.22252774584366533,0,0.10950098932194867,0
boxes_cylinder_static_noise_hard_mixed,static_noise,2514,2619,0.01479990884321239,0.004384285337158301,0.9786337870641022,42.29689102325112,0.02895101903675918,1,0.09522852958271451,0
boxes_cylinder_static_noise_hard_mixed,static_noise,2517,4,0.08031367538701525,0.07149420076232883,0.9939613746561785,25.69831827845057,0.09147131932215254,0,0.05146841273674099,1
boxes_cylinder_static_noise_hard_mixed,static_noise,2518,204,0.047765594419510934,0.032435249524397344,0.10978031848089356,50.64504706578008,-0.18518506993145092,0,0.053306118226257394,1
boxes_cylinder_static_noise_hard_mixed,static_noise,2522,2517,0.016010963878289045,0.012881151342880336,0.9539035137933792,62.84359754656825,-0.2427303869708337,1,0.11578067898388916,0
boxes_cylinder_static_noise_hard_mixed,static_noise,2524,2753,0.03800825085343424,0.028193504580628755,0.88504355117218,59.49426830003211,0.06669130998260557,1,0.1023896388928246,0
boxes_cylinder_static_noise_hard_mixed,static_noise,2527,3078,0.010892309567670861,0.007687479079263247,0.9918886500768489,120.61280404009004,-0.013889093978872823,1,0.11434847460446874,0
boxes_cylinder_static_noise_hard_mixed,static_noise,2529,1217,0.05014899373108461,0.040177427386960556,0.8075347293605076,52.304977552874114,0.23254980195216884,0,0.10104503558529418,0
boxes_cylinder_static_noise_hard_mixed,static_noise,2530,823,0.027835159955179174,0.024996547996809605,0.7274771878634354,78.10338600599492,0.537427381618529,0,0.10082480658841539,0
boxes_cylinder_static_noise_hard_mixed,static_noise,2532,3168,0.06714634286367033,0.057101561817491465,0.9984442744930416,51.91762873606367,-0.10919914196519816,1,0.1243654162549374,0
boxes_cylinder_static_noise_hard_mixed,static_noise,2537,1454,0.061013657937313684,0.05709228886954225,0.9957567371206012,27.876542069068325,-0.07145888990814764,1,0.02249726708396568,1
boxes_cylinder_static_noise_hard_mixed,static_noise,2544,2400,0.030600391506061735,0.008399421637127997,0.9736614899826229,33.11087675669796,-0.14094786729580894,1,0.14138088164395823,0
boxes_cylinder_static_noise_hard_mixed,static_noise,2546,2631,0.03369635278269649,0.019856031289017,0.89560384586829,69.3848123510896,0.013403015077190031,1,0.09392979886613356,0
boxes_cylinder_static_noise_hard_mixed,static_noise,2547,1182,0.031096641110212254,0.018219692156307924,0.9929195546159632,40.959762077921205,-0.043241298061024745,1,0.09220055436936302,0
boxes_cylinder_static_noise_hard_mixed,static_noise,2548,552,0.04794903827742229,0.02938900873864692,0.06730256752791766,66.57224506135958,-0.32626355256146716,0,0.07751384610658592,1
boxes_cylinder_static_noise_hard_mixed,static_noise,2550,37,0.05993478780252939,0.050626864675655636,0.9260641601559874,25.86444678301409,0.03390151834238077,0,0.12057111989371484,0
boxes_cylinder_static_noise_hard_mixed,static_noise,2552,2326,0.051870809651121993,0.044147202973252475,0.9137361553945426,50.485812922983506,-0.10919914910803623,0,0.09532519119268036,0
boxes_cylinder_static_noise_hard_mixed,static_noise,2556,1916,0.06367579430916727,0.05647928345971919,0.9967120849346653,69.04686121689187,-0.06837722077815629,1,0.08692412746876511,0
boxes_cylinder_static_noise_hard_mixed,static_noise,2557,918,0.055491421868846744,0.0515059183871234,0.12179378136446113,50.98096079555419,-0.01388910306976409,0,0.0942887909919138,0
boxes_cylinder_static_noise_hard_mixed,static_noise,2558,1544,0.006984619517918029,0.0002694664333479208,0.9961925233293686,57.56569895791183,-0.13272970355021388,1,0.06584566229038934,1
boxes_cylinder_static_noise_hard_mixed,static_noise,2562,2187,0.05073736483893121,0.01351599412116527,0.9857474235793993,76.71400902592356,0.23374521282778818,0,0.06105957137193069,1
boxes_cylinder_static_noise_hard_mixed,static_noise,2564,119,0.06488384073141794,0.0597995391199726,0.8886030089506497,65.43703281828645,0.07885287155771066,0,0.16295110606433177,0
boxes_cylinder_static_noise_hard_mixed,static_noise,2566,2827,0.0497927064301249,0.04555760262254042,0.9951914409117323,39.997586245859765,-0.15002111815210303,1,0.05671391911615917,1
boxes_cylinder_static_noise_hard_mixed,static_noise,2569,1923,0.04144464232850895,0.035250776901492684,0.9786428314041885,65.01469905368614,0.09374149386846911,0,0.08856888016186006,0
boxes_cylinder_static_noise_hard_mixed,static_noise,2570,3031,0.024464912927878557,0.00487781143044363,0.9751850765380647,51.063380631978696,0.3063159441180282,0,0.09397471655953167,0
boxes_cylinder_static_noise_hard_mixed,static_noise,2571,1490,0.0863813844603611,0.07684088785981316,0.9648477363945237,38.5901939388272,-0.007416590742613692,0,0.07673100457002482,1
boxes_cylinder_static_noise_hard_mixed,static_noise,2573,1564,0.07732913022701164,0.0724199159750491,0.3839515959373322,77.15104966436476,0.4886372519728822,0,0.12788147666241595,0
boxes_cylinder_static_noise_hard_mixed,static_noise,2576,1068,0.08173342061933096,0.08100718187948208,0.9990079209839826,83.6356861551373,-0.20157244131816385,0,0.025080679329817935,1
boxes_cylinder_static_noise_hard_mixed,static_noise,2577,2416,0.04305900852709133,0.03405196771393602,0.3807442804132094,66.54273054882245,-0.06373687809497773,0,0.13324145189989894,0
boxes_cylinder_static_noise_hard_mixed,static_noise,2581,2993,0.033518019758475286,0.009167564610152616,0.9257251548684123,56.88153103555584,0.1043747469777918,0,0.0761394119152305,1
boxes_cylinder_static_noise_hard_mixed,static_noise,2584,3178,0.07027091525236416,0.04127450742571358,0.9540780593648643,99.16790656730299,0.02433207089766218,0,0.05981734849049446,1
boxes_cylinder_static_noise_hard_mixed,static_noise,2588,828,0.021945307213976185,0.010502101802061504,0.8838668459166713,42.81289859410088,0.3261184504161826,1,0.06975948566518778,1
boxes_cylinder_static_noise_hard_mixed,static_noise,2590,1448,0.03720583585900576,0.012821594029694077,0.9044774352915628,38.55087470899777,0.3803485004170307,0,0.09305737122655912,0
boxes_cylinder_static_noise_hard_mixed,static_noise,2593,1338,0.07096737952930587,0.06708935778452926,0.9982778221426906,49.02406398261116,-0.029156552240208734,0,0.09087808830867418,0
boxes_cylinder_static_noise_hard_mixed,static_noise,2594,1202,0.02490698791732624,0.017555685547361803,0.8961150439720623,40.0499177230292,-0.19621043410641903,1,0.0921510961632377,0
boxes_cylinder_static_noise_hard_mixed,static_noise,2598,1078,0.07308951226335127,0.07019226838083588,0.9922479826417384,37.99265550377928,-0.07842756701041562,1,0.012684419306111396,1
boxes_cylinder_static_noise_hard_mixed,static_noise,2599,2723,0.07229913409046766,0.0670429695110745,0.8881066540925561,74.47383565411772,0.06142618904208068,0,0.08606663614775528,0
boxes_cylinder_static_noise_hard_mixed,static_noise,2600,477,0.05824278872335788,0.047383026040339636,0.9590428499999806,53.202791738267884,0.07312217316241083,0,0.11501645233313429,0
boxes_cylinder_static_noise_hard_mixed,static_noise,2603,2039,0.04674098151856264,0.032674607195869045,0.9554844097809322,91.59076257282302,-0.020251793578389576,0,0.06719415232996379,1
boxes_cylinder_static_noise_hard_mixed,static_noise,2607,254,0.03617406447016628,0.03043680529018395,0.6834506363096928,74.02507565300743,0.19828522072432203,0,0.09299536502672717,0
boxes_cylinder_static_noise_hard_mixed,static_noise,2611,841,0.015703973257369986,0.006577478883791293,0.5239817844923649,97.03905001803606,-0.21839836509731272,1,0.14058618136051354,0
boxes_cylinder_static_noise_hard_mixed,static_noise,2616,1096,0.055274780361712884,0.04280486027200244,0.9934893748342714,42.199356887749786,0.0914712772347074,1,0.016428124284195038,1
boxes_cylinder_static_noise_hard_mixed,static_noise,2617,3248,0.06831028887213568,0.06766109293063721,0.9918097618256907,50.974906743303215,0.03390152945347374,0,0.05363537010785273,1
boxes_cylinder_static_noise_hard_mixed,static_noise,2620,1705,0.05295853408367057,0.006291430083197616,0.5384973060333734,40.472884332723346,0.2525906038310752,0,0.0895029365847466,0
boxes_cylinder_static_noise_hard_mixed,static_noise,2621,723,0.06179599970545585,0.03857249347144104,0.9631874625669419,103.82627567506913,-0.15365086678902007,1,0.05434662400512471,1
boxes_cylinder_static_noise_hard_mixed,static_noise,2625,705,0.03946990238614945,0.03312220405718563,0.9953505486504725,41.647421097654735,0.14211497229493963,1,0.09597102254085219,0
boxes_cylinder_static_noise_hard_mixed,static_noise,2626,376,0.0253687304640721,0.0029654826258206433,0.8984780567577654,37.44609861149893,0.20095542118756343,1,0.08658387350221962,0
boxes_cylinder_static_noise_hard_mixed,static_noise,2627,419,0.04578444559162069,0.04236787045777615,0.9867857212827803,31.82718373985461,-0.23703238529338674,1,0.0656201821922683,1
boxes_cylinder_static_noise_hard_mixed,static_noise,2628,1518,0.061150717102527126,0.04699185461456228,0.9984041030324947,37.35202790076213,-0.10919914910803623,1,0.00966554307129793,1
boxes_cylinder_static_noise_hard_mixed,static_noise,2630,1408,0.023846085111006207,0.010170856196645308,0.9977537291640631,76.11199955694265,0.15316478788733728,1,0.08828890957806669,0
boxes_cylinder_static_noise_hard_mixed,static_noise,2631,2635,0.061011557604537754,0.05689545450257499,0.9968076628515847,94.35443716603423,-0.06267919624362145,0,0.07164789092591105,1
boxes_cylinder_static_noise_hard_mixed,static_noise,2633,3235,0.026104334173238965,0.016054924033402227,0.8271457164570648,61.1224536114191,0.37915317207713256,0,0.07800753428173603,1
boxes_cylinder_static_noise_hard_mixed,static_noise,2634,2681,0.07205992748156233,0.06663304731817896,0.9915370102276427,46.62321564117031,-0.14841984511844597,1,0.06007126537320033,1
boxes_cylinder_static_noise_hard_mixed,static_noise,2636,571,0.06592556694139717,0.06341323766046633,0.9991855130825947,44.66200263641391,0.0085837344321421,1,0.091946430870588,0
boxes_cylinder_static_noise_hard_mixed,static_noise,2638,2099,0.0827643694774962,0.08164267308757255,0.9952066010000403,25.336261468831232,0.3534237746460231,1,0.023138917356249806,1
boxes_cylinder_static_noise_hard_mixed,static_noise,2643,1464,0.09569904946495243,0.082155810113313,0.9674473498500891,109.80575512500832,0.039220673153322054,0,0.10291986738657714,0
boxes_cylinder_static_noise_hard_mixed,static_noise,2651,2624,0.0323687736206094,0.022961077260259536,0.9938409761117486,43.80551761370897,-0.009115827142349538,1,0.061511514068940454,1
boxes_cylinder_static_noise_hard_mixed,static_noise,2654,724,0.044423881605831064,0.04185514728091929,0.9415467770244506,34.41476872895816,0.28669617996230684,1,0.06317003595924464,1
boxes_cylinder_static_noise_hard_mixed,static_noise,2655,611,0.06872488675132804,0.06277782998251458,0.786580814415176,51.70455620578444,0.15906459659053224,0,0.057951276783723846,1
boxes_cylinder_static_noise_hard_mixed,static_noise,2660,805,0.07849858856246539,0.07122988132807985,0.8857478706024338,45.05246614859877,0.015963837263535587,0,0.06623423461984175,1
boxes_cylinder_static_noise_hard_mixed,static_noise,2665,2715,0.026312498916643803,0.02290716329482076,0.9483561203807755,28.823878230334227,-0.10919922674763963,1,0.11817041257748793,0
boxes_cylinder_static_noise_hard_mixed,static_noise,2671,1753,0.07551143875626583,0.06585505211183533,0.9502379736074698,85.66687332746454,0.013403015077190031,0,0.11044621759606794,0
boxes_cylinder_static_noise_hard_mixed,static_noise,2675,2103,0.0697156945675453,0.014266811365838752,0.9937673333005337,48.11605468716587,-0.20450920358785143,0,0.14301945472347247,0
boxes_cylinder_static_noise_hard_mixed,static_noise,2682,2602,0.09936042739229878,0.08696814686599515,0.999172021454497,58.383195267307485,-0.14693946752634493,0,0.01854379539862634,1
boxes_cylinder_static_noise_hard_mixed,static_noise,2683,849,0.07834943442923367,0.06313049679777154,0.9926311005226482,34.65649941602736,0.22727273322784697,0,0.02278405338147973,1
boxes_cylinder_static_noise_hard_mixed,static_noise,2684,3155,0.017884538702931264,0.008450470717853265,0.8643238302358003,32.08557841538887,0.27379254514023205,1,0.13004373899827085,0
boxes_cylinder_static_noise_hard_mixed,static_noise,2685,2869,0.030396247779426507,0.02931167080150054,0.8964696209626016,88.76453361728274,0.10437468562258881,1,0.11824281579057018,0
boxes_cylinder_static_noise_hard_mixed,static_noise,2690,2986,0.08442718208061085,0.0835641601959708,0.9245207427670817,28.400475981785227,-0.10919917658049856,0,0.07013776158749573,1
boxes_cylinder_static_noise_hard_mixed,static_noise,2692,2936,0.022411686004062886,0.012648541760285854,0.8789676644087737,47.67808817768093,-0.13737006258256446,1,0.08557695738144096,0
boxes_cylinder_static_noise_hard_mixed,static_noise,2694,2481,0.055587407457472954,0.020363180616026946,0.7167961704868189,79.86089714511984,-0.20450920358785143,0,0.09274760569339076,0
boxes_cylinder_static_noise_hard_mixed,static_noise,2696,1264,0.033614228449645546,0.002541257706662468,0.9173274390305848,22.186808599452796,0.2785659063374046,1,0.10631961692689229,0
boxes_cylinder_static_noise_hard_mixed,static_noise,2697,163,0.05235830690277049,0.019840031310353706,0.08307002194298432,50.77763561118037,0.3057443644105109,0,0.09815333490993063,0
boxes_cylinder_static_noise_hard_mixed,static_noise,2700,698,0.09273709758106029,0.09130338556885575,0.9910063825778153,78.96279785976733,0.14211497229493963,1,0.040909167854293785,1
boxes_cylinder_static_noise_hard_mixed,static_noise,2706,2268,0.05115923065625478,0.05070762879822013,0.6306814643689282,59.397382847408615,-0.05204083727540217,0,0.09919422772969134,0
boxes_cylinder_static_noise_hard_mixed,static_noise,2710,1018,0.03867648871493137,0.03765968976154159,0.9999488652400585,31.99306268481703,-0.08322374618255633,1,0.06030273711756276,1
boxes_cylinder_static_noise_hard_mixed,static_noise,2716,1251,0.03537144446396729,0.025008646731185646,0.988671270686633,34.980504301404615,-0.4620202539061967,1,0.047071849284863465,1
boxes_cylinder_static_noise_hard_mixed,static_noise,2718,791,0.047599834838273555,0.03093505695931642,0.5613787479056604,42.583180704469406,-0.08899653525974488,0,0.1392504549992097,0
boxes_cylinder_static_noise_hard_mixed,static_noise,2721,2329,0.07524013136633463,0.06891054385688139,0.8874452860214572,64.85426318325618,0.2518138019256876,0,0.10690832684742368,0
boxes_cylinder_static_noise_hard_mixed,static_noise,2724,2507,0.037838984199063265,0.017415939570014957,0.5567272245968508,70.36264203352367,0.1190592851861034,0,0.08324358074344965,0
boxes_cylinder_static_noise_hard_mixed,static_noise,2727,2363,0.07690153360151866,0.07227163018648473,0.9661231538987757,63.98208058797045,0.11394411934938975,1,0.10026360712445208,0
boxes_cylinder_static_noise_hard_mixed,static_noise,2731,2658,0.029920119194795123,0.01896943162931486,0.9971087895535755,98.48626476506793,0.0800426243402898,1,0.12434971331192754,0
boxes_cylinder_static_noise_hard_mixed,static_noise,2745,2610,0.046308303992252976,0.037517638782297504,0.8535749329335334,34.060566479803455,-0.06040908731939674,0,0.08727171673115632,0
boxes_cylinder_static_noise_hard_mixed,static_noise,2747,2990,0.016591445766766317,0.008309380239943024,0.9527813719821182,73.35706423250001,-0.26334969203064423,1,0.1088307682537875,0
boxes_cylinder_static_noise_hard_mixed,static_noise,2748,955,0.048054362453504834,0.03281719943358842,0.9872679416236013,26.911733805987456,0.013403015077190031,0,0.028816667033895883,1
boxes_cylinder_static_noise_hard_mixed,static_noise,2749,738,0.029817873082347655,0.0014174825673406567,0.9351806033472714,74.26131733521703,-0.10919917196512406,0,0.12260210717296395,0
boxes_cylinder_static_noise_hard_mixed,static_noise,2750,1546,0.05482235271238272,0.016007014897668877,0.8777342625528247,59.927849111848495,0.29626544577326847,0,0.09665643795189922,0
boxes_cylinder_static_noise_hard_mixed,static_noise,2752,1456,0.0724915258395274,0.07222002267418288,0.9969584559808626,106.21713031030131,0.11394411934938975,0,0.05545193111639991,1
boxes_cylinder_static_noise_hard_mixed,static_noise,2756,202,0.07325741378869434,0.0705591041473655,0.9893161735212671,60.055406736672325,-0.03223821675482566,0,0.04832082792057196,1
boxes_cylinder_static_noise_hard_mixed,static_noise,2758,626,0.030916634205583545,0.010440305341016375,0.6524818734002519,50.44149220741387,-0.10919920372976932,1,0.08421014439939209,0
boxes_cylinder_static_noise_hard_mixed,static_noise,2762,3294,0.055805458145756236,0.055644707264066624,0.9736610902635384,59.18089202792431,-0.2762530584467087,1,0.05684656843700092,1
boxes_cylinder_static_noise_hard_mixed,static_noise,2763,1279,0.058280034837893104,0.05647979552165779,0.9709084131980371,29.566382799627004,-0.15571910846594086,0,0.061903578607097894,1
boxes_cylinder_static_noise_hard_mixed,static_noise,2766,1955,0.04083436356383956,0.03128827654220796,0.8621699211339073,97.30527250160483,-0.2717178155810241,0,0.08398133514626016,0
boxes_cylinder_static_noise_hard_mixed,static_noise,2767,1860,0.01955741044772109,0.013005396606460306,0.9894796574870092,31.956897870965143,0.05785472626468416,1,0.08773200979215441,0
boxes_cylinder_static_noise_hard_mixed,static_noise,2768,1595,0.1053318375776906,0.055362247429066785,0.9738654154724844,39.37462744518842,-0.018227490984966586,0,0.07703413853146118,1
boxes_cylinder_static_noise_hard_mixed,static_noise,2769,571,0.08173742408076276,0.07733001333460048,0.9967255896047931,53.43363243327776,0.0800426243402898,0,0.05467441365656178,1
boxes_cylinder_static_noise_hard_mixed,static_noise,2771,379,0.0947138579397277,0.09026973431582386,0.9726095028044326,51.15280875129569,0.2508032498185014,0,0.03597866518437355,1
boxes_cylinder_static_noise_hard_mixed,static_noise,2772,1136,0.04707570451646116,0.023402100792628437,0.9362072564692142,94.30667973164331,0.08185583724637123,0,0.12788185992935386,0
boxes_cylinder_static_noise_hard_mixed,static_noise,2775,611,0.09407188416896901,0.0788447680456554,0.9268174711248814,43.48746530907569,-0.011560814649143178,0,0.0920732217618663,0
boxes_cylinder_static_noise_hard_mixed,static_noise,2776,2290,0.0556455113599087,0.05463718822146742,0.7848155472957408,31.0316689775251,0.3261184504161826,1,0.10816212018822184,0
boxes_cylinder_static_noise_hard_mixed,static_noise,2778,1224,0.02924865644673208,0.023668687174683952,0.9542865057520903,48.43447653482805,0.5220720618984928,1,0.07304827997345234,1
boxes_cylinder_static_noise_hard_mixed,static_noise,2780,1878,0.05316579439851454,0.026586726142279894,0.8728201035336842,48.29733763234934,-0.14841984511844597,0,0.11919798680932843,0
boxes_cylinder_static_noise_hard_mixed,static_noise,2781,3292,0.020491892909973507,0.003578653473257944,0.6220960223107519,31.51836964825245,0.08654522690288437,1,0.09435215614235709,0
boxes_cylinder_static_noise_hard_mixed,static_noise,2782,1098,0.053400073467066905,0.04900069203176764,0.995729198704189,55.45874326589082,-0.10919915560152617,0,0.09086584214945045,0
boxes_cylinder_static_noise_hard_mixed,static_noise,2783,754,0.019988901227416127,0.01129259798548606,0.9516287932419664,39.78770175292165,-0.2427303869708337,1,0.0905301089845268,0
boxes_cylinder_static_noise_hard_mixed,static_noise,2784,350,0.08266851621716226,0.07376477110870004,0.9514639655119872,74.20063747544181,-0.046678894905491035,0,0.012165304930463312,1
boxes_cylinder_static_noise_hard_mixed,static_noise,2786,3027,0.019334693970103966,0.0009740173579361934,0.9739785648790004,37.135079273989454,-0.10919917658049856,1,0.07767783761223453,1
boxes_cylinder_static_noise_hard_mixed,static_noise,2789,2236,0.0749850929641245,0.07377609209979408,0.9795516185441371,70.09405173889353,-0.18065807842496184,0,0.053893397934132926,1
boxes_cylinder_static_noise_hard_mixed,static_noise,2793,1118,0.07602426652368181,0.07044442621556786,0.9913661975140383,64.44543986829102,-0.10919917196512406,0,0.06658876002782009,1
boxes_cylinder_static_noise_hard_mixed,static_noise,2800,319,0.08164914336479015,0.05058098598150912,0.9405597733914455,86.10515815281019,0.12132425662515361,0,0.021413944836667104,1
boxes_cylinder_static_noise_hard_mixed,static_noise,2802,1419,0.01978479797988592,0.013217187441026526,0.0695653013074811,58.74946696222982,0.06904889713174601,0,0.08867133555083766,0
boxes_cylinder_static_noise_hard_mixed,static_noise,2805,1947,0.0060075469058544625,7.85907602256021e-05,0.961496907954377,64.22187044442393,-0.10919917658049856,1,0.12372641662184457,0
boxes_cylinder_static_noise_hard_mixed,static_noise,2806,2142,0.04182635358524146,0.011055183452153176,0.8413548623720511,36.02941240545999,0.060699688117495494,0,0.10832857804660764,0
boxes_cylinder_static_noise_hard_mixed,static_noise,2807,1425,0.048845336265690015,0.03242375498072202,0.9662808477093816,34.256593424847374,-0.10919919196508354,1,0.08962101521725896,0
boxes_cylinder_static_noise_hard_mixed,static_noise,2809,1719,0.010138925840884168,0.00034561006818755336,0.6074908931458984,116.58676208792673,0.03390151834238077,1,0.12841816696653385,0
boxes_cylinder_static_noise_hard_mixed,static_noise,2810,2953,0.06425891178312713,0.03482563586832278,0.29923191730020854,126.7051697565012,-0.4456710071582534,0,0.18522661465325455,0
boxes_cylinder_static_noise_hard_mixed,static_noise,2811,2597,0.03215886196076655,0.024922601204555035,0.9961198350528037,80.72175627042697,-0.10919914910803623,1,0.1228021582990602,0
boxes_cylinder_static_noise_hard_mixed,static_noise,2812,171,0.03125113086951234,0.02954593612607017,0.9455654683268968,41.03375591484366,-0.4886884824961945,1,0.08768806043035318,0
boxes_cylinder_static_noise_hard_mixed,static_noise,2813,1004,0.01463120249133404,0.0008346330292245054,0.631661106065047,64.27484480765625,0.02433207089766218,1,0.12499746798878321,0
boxes_cylinder_static_noise_hard_mixed,static_noise,2817,2453,0.1132226379128914,0.1074452156188284,0.9418095306742897,63.09841775721099,0.06669130998260557,0,0.08201982126649182,0
boxes_cylinder_static_noise_hard_mixed,static_noise,2818,1839,0.07733232655785312,0.06892626931222094,0.9513454456835646,45.78631275533164,0.02895101903675918,1,0.08932700779241479,0
boxes_cylinder_static_noise_hard_mixed,static_noise,2820,1136,0.031160270068580787,0.01124582179560794,0.946114642766091,92.53293380514565,-0.00911582087669825,1,0.09997520854481881,0
boxes_cylinder_static_noise_hard_mixed,static_noise,2823,3235,0.08221473263036454,0.055183442882380786,0.980451612490644,78.75765716611369,-0.0038387726034656003,0,0.02145258398915582,1
boxes_cylinder_static_noise_hard_mixed,static_noise,2826,2781,0.0710097446106254,0.04755356384124492,0.9582525094302211,31.864745966317706,0.3803485004170307,0,0.03158592180255885,1
boxes_cylinder_static_noise_hard_mixed,static_noise,2828,1560,0.0785139776515734,0.07323558845841996,0.9991280330725892,76.45452994527828,-0.10919918482223984,0,0.08896048211496056,0
boxes_cylinder_static_noise_hard_mixed,static_noise,2829,654,0.060341544854049425,0.05728611279370136,0.8099064267129251,48.80711383318463,0.4248826645541706,1,0.14249422428610786,0
boxes_cylinder_static_noise_hard_mixed,static_noise,2836,719,0.07898006567140149,0.07847271309681472,0.9985609815375923,115.86956399221503,-0.06267919624362145,1,0.02633847275253755,1
boxes_cylinder_static_noise_hard_mixed,static_noise,2840,2450,0.058483419863875556,0.039893870577075614,0.7398874406360292,116.93844365411078,-0.06837722077815629,0,0.07293078365214296,1
boxes_cylinder_static_noise_hard_mixed,static_noise,2842,2150,0.011532080402665165,0.006373466478123154,0.8400923799633525,45.378043041802876,-0.08322374618255633,1,0.10489055138069212,0
boxes_cylinder_static_noise_hard_mixed,static_noise,2843,1339,0.08544235825199942,0.08370695548855012,0.9995906477402763,71.62014607625963,0.29626551311318144,1,0.11741666964254906,0
boxes_cylinder_static_noise_hard_mixed,static_noise,2859,766,0.046795359545483396,0.016787341028569016,0.9216311543281795,54.567430737907486,-0.10919915560152617,0,0.0991094955136961,0
boxes_cylinder_static_noise_hard_mixed,static_noise,2861,582,0.11394544741833386,0.0873105023815474,0.9610736131923032,121.38106946283575,-0.013889093978872823,0,0.13660233611866038,0
boxes_cylinder_static_noise_hard_mixed,static_noise,2862,2508,0.04551732358373055,0.036578480198736,0.999409417345278,37.67958702311033,-0.018227490984966586,0,0.08276701629344951,0
boxes_cylinder_static_noise_hard_mixed,static_noise,2866,3311,0.06642400662162976,0.028944165259430985,0.9056541528844094,127.64159475351883,0.06265086627761204,0,0.1397666113764182,0
boxes_cylinder_static_noise_hard_mixed,static_noise,2875,2761,0.020567674111264183,0.0025391310876797858,0.8895006587570331,49.485551908808155,0.04108288280026754,1,0.10412619421214422,0
boxes_cylinder_static_noise_hard_mixed,static_noise,2876,944,0.04716543880377161,0.011252271918609287,0.7501749483538626,36.470070273394235,-0.10919921088397108,0,0.10799868178586639,0
boxes_cylinder_static_noise_hard_mixed,static_noise,2880,767,0.009069029947839077,0.00813884352002604,0.9121819622300109,63.42873985061672,-0.10919921301768072,1,0.12039052556823736,0
boxes_cylinder_static_noise_hard_mixed,static_noise,2887,2468,0.038743449426776023,0.018514936376522108,0.5160154781684018,37.29998724149261,0.044951340243269064,1,0.11306258383403096,0
boxes_cylinder_static_noise_hard_mixed,static_noise,2890,2874,0.09072329973241873,0.08375357647038176,0.9796439580184453,52.85885932050341,0.053319558121136576,0,0.07151919653713854,1
boxes_cylinder_static_noise_hard_mixed,static_noise,2897,76,0.06764015367510746,0.0649832419985974,0.9950298068862539,30.135406681188563,0.018634057726736597,1,0.010847416032160185,1
boxes_cylinder_static_noise_hard_mixed,static_noise,2898,2234,0.04405082843384773,0.04403953431442321,0.565474534018668,70.40765384064308,-0.7404704619988589,1,0.11801512608204942,0
boxes_cylinder_static_noise_hard_mixed,static_noise,2899,1025,0.05740923627005563,0.05597697307310569,0.993004371456408,39.40818833688241,-0.06474745034287126,1,0.05876250670435004,1
boxes_cylinder_static_noise_hard_mixed,static_noise,2900,885,0.09092517321124502,0.044955420603131804,0.9856678986091889,140.9102399763538,0.1359229824933622,0,0.008774184495644774,1
boxes_cylinder_static_noise_hard_mixed,static_noise,2904,2432,0.021307239857352427,0.004451367015159162,0.9901947600280989,47.57941953710138,-0.08566873918384799,1,0.09304130798697433,0
boxes_cylinder_static_noise_hard_mixed,static_noise,2905,662,0.022775382238176965,0.014184365201066758,0.6668610510472094,35.22282130365841,0.40162585402379686,1,0.07664467657799458,1
boxes_cylinder_static_noise_hard_mixed,static_noise,2906,3260,0.023725670826968942,0.023276782040949018,0.067387164664667,64.74945743690849,-0.10919921088397108,1,0.05966692037854864,1
boxes_cylinder_static_noise_hard_mixed,static_noise,2908,742,0.05275924386567434,0.03520830937845262,0.9777584990078831,72.58994355108888,0.030562630844961844,0,0.04863435491476613,1
boxes_cylinder_static_noise_hard_mixed,static_noise,2910,3075,0.03280131079658319,0.023191460160949647,0.8609466234893357,63.42961817869955,-0.4769237665349533,0,0.11744097736537486,0
boxes_cylinder_static_noise_hard_mixed,static_noise,2911,2781,0.044100232722234886,0.03315367506200122,0.907525544240732,77.75176205077737,0.08185583724637123,1,0.0728374343796652,1
boxes_cylinder_static_noise_hard_mixed,static_noise,2914,850,0.026717023771561606,0.014182215965079657,0.9788756037307662,52.29342622757916,-0.6352918633866941,1,0.10193178547570504,0
boxes_cylinder_static_noise_hard_mixed,static_noise,2921,341,0.010152218092757993,0.006340001331801513,0.8806770571247438,54.641362738609736,0.20925423460828868,1,0.08854310267343,0
boxes_cylinder_static_noise_hard_mixed,static_noise,2922,2235,0.06072658141483452,0.026337531107532428,0.9884911493346846,61.3867228183627,0.22727268037081533,0,0.09503162146677777,0
boxes_cylinder_static_noise_hard_mixed,static_noise,2924,2349,0.04432706001811565,0.03071661665942501,0.9616924561053832,49.63387007955471,-0.1399708322606338,0,0.11779146394150858,0
boxes_cylinder_static_noise_hard_mixed,static_noise,2926,1948,0.07916667398965824,0.040382346470972774,0.9246219208744861,84.36990406484534,-0.18065807842496184,0,0.055478894461988865,1
boxes_cylinder_static_noise_hard_mixed,static_noise,2929,349,0.06971029972855612,0.06666983447837072,0.3602939308417367,73.39939504358449,-0.1338918137017666,0,0.11351855917738309,0
boxes_cylinder_static_noise_hard_mixed,static_noise,2930,1106,0.09386560260734567,0.09238577990949579,0.10741040566970908,40.955550144965734,0.13196261874816206,0,0.15699077140823542,0
boxes_cylinder_static_noise_hard_mixed,static_noise,2935,2551,0.026662131675708904,0.024399119036594166,0.9623763456709367,28.662436386537017,-0.33234250161288936,1,0.0765968497285954,1
boxes_cylinder_static_noise_hard_mixed,static_noise,2940,287,0.0542367573474636,0.046196058714188845,0.32546925336028065,70.40269093800798,0.17038543886166696,0,0.08499561364103726,0
boxes_cylinder_static_noise_hard_mixed,static_noise,2947,1819,0.01840548060615821,0.008077677132427274,0.6132003027240025,73.32931061605687,0.28669617996230684,1,0.11280827369416198,0
boxes_cylinder_static_noise_hard_mixed,static_noise,2949,645,0.08068030999659251,0.07931205816352403,0.9940042020863773,30.219415261175097,0.37630818407342925,0,0.039023964962075906,1
boxes_cylinder_static_noise_hard_mixed,static_noise,2951,953,0.04067616295683542,0.03676336684796416,0.8573017067606975,25.544448149457033,-0.04977584441414318,0,0.1311326087630759,0
boxes_cylinder_static_noise_hard_mixed,static_noise,2952,1541,0.03170263126599318,0.014754361449073803,0.9957345034670338,34.1140099891389,-0.21741271470058396,1,0.055146479830218545,1
boxes_cylinder_static_noise_hard_mixed,static_noise,2953,2333,0.03419225743405185,0.01618435509174148,0.9596817643502831,64.26527429722668,0.18626478284755113,0,0.06205415305594322,1
boxes_cylinder_static_noise_hard_mixed,static_noise,2956,1092,0.046998263853450906,0.038668834191383825,0.9549175202738742,56.32959070112726,0.2764628194357246,0,0.09675333312673673,0
boxes_cylinder_static_noise_hard_mixed,static_noise,2957,541,0.031131730766417273,0.016067483520364998,0.9689668760473272,27.394169963040262,0.12260219165768867,1,0.04052761400029635,1
boxes_cylinder_static_noise_hard_mixed,static_noise,2958,1902,0.08847041364989364,0.087364138979422,0.959802837189027,79.588262017094,-0.022187888460242448,0,0.06778599656558035,1
boxes_cylinder_static_noise_hard_mixed,static_noise,2959,2131,0.04242579528460644,0.03256483257528652,0.9002197837156882,36.754649747765214,-0.17819205075360223,0,0.1155460310769991,0
boxes_cylinder_static_noise_hard_mixed,static_noise,2960,2545,0.09463380045185324,0.09068235711837476,0.9580800522634789,50.736479776992546,-0.06040904684328761,0,0.07245607311509028,1
boxes_cylinder_static_noise_hard_mixed,static_noise,2965,68,0.012782130331240624,0.002329745038439135,0.12045151427315179,45.268179820152326,-0.2594813158818332,1,0.08813380954625366,0
boxes_cylinder_static_noise_hard_mixed,static_noise,2970,50,0.07219376833407314,0.07137369131865405,0.9700557208559449,23.86067660902011,0.05785472626468416,1,0.06401439882232125,1
boxes_cylinder_static_noise_hard_mixed,static_noise,2973,2235,0.02630738588805868,0.016275493383401965,0.7959221136332326,80.63865737586478,0.26236396446783583,0,0.11094381569782397,0
boxes_cylinder_static_noise_hard_mixed,static_noise,2975,2049,0.032490787081663856,0.024187110837382446,0.8728941772925592,50.58389209010351,0.18626478284755113,1,0.11131186327980688,0
boxes_cylinder_static_noise_hard_mixed,static_noise,2977,2924,0.007345968922721587,0.003575866151100947,0.8949102483406123,43.0549482656616,-0.08722033258924376,1,0.06830827074812146,1
boxes_cylinder_static_noise_hard_mixed,static_noise,2979,2908,0.06142558932397526,0.05838011539131528,0.4971891812291328,39.540987261748306,-0.10919921301768072,0,0.06520219269643605,1
boxes_cylinder_static_noise_hard_mixed,static_noise,2986,2023,0.04717351496780454,0.043701602105381536,0.978025248564605,84.366940223604,-0.10919914910803623,1,0.1199034045742989,0
boxes_cylinder_static_noise_hard_mixed,static_noise,2987,2533,0.05733970030446095,0.04791424640614903,0.9890998160911159,30.73297810372881,0.3534237746460231,1,0.0372716834947587,1
boxes_cylinder_static_noise_hard_mixed,static_noise,2988,2690,0.045272769294003576,0.0263224386647409,0.9838566760802819,39.412698496992306,-0.15175872884776412,0,0.11483568484198275,0
boxes_cylinder_static_noise_hard_mixed,static_noise,2992,2334,0.05364249165318202,0.04931353768093716,0.28668763920441936,58.84215845432571,0.22104217072103055,0,0.12050211309518459,0
boxes_cylinder_static_noise_hard_mixed,static_noise,2993,1610,0.03159944839844505,0.028015642523438675,0.925738738927513,59.531769438217886,0.044951360651398355,0,0.07030266466016763,1
boxes_cylinder_static_noise_hard_mixed,static_noise,2994,53,0.07698849240897565,0.07020672731512502,0.8807428124897392,35.4082134845584,-0.14094786729580894,0,0.0776964659068364,1
boxes_cylinder_static_noise_hard_mixed,static_noise,2995,2333,0.048474463245049636,0.022650003830644506,0.9985869061114543,36.992062405239835,-0.07842756701041562,0,0.09272689807624078,0
boxes_cylinder_static_noise_hard_mixed,static_noise,2997,369,0.03884967828496588,0.03457521749148417,0.9787063492397315,47.09409747722305,0.2785659063374046,0,0.07147716710097682,1
boxes_cylinder_static_noise_hard_mixed,static_noise,2998,1385,0.03792407194677401,0.004461166581861654,0.008124480982471274,57.86708940735476,0.26117429025653216,1,0.10018217220435335,0
boxes_cylinder_static_noise_hard_mixed,static_noise,3001,2406,0.04087128815292848,0.009407689074076676,0.9501059947466834,49.0708918916932,-0.10919918482223984,0,0.09837627318828464,0
boxes_cylinder_static_noise_hard_mixed,static_noise,3007,2170,0.06270528042519616,0.055087222207072926,0.997899016454654,26.78099781859008,0.08185583724637123,0,0.07387973267940465,1
boxes_cylinder_static_noise_hard_mixed,static_noise,3008,2714,0.06887779134701887,0.04791176414885676,0.7202018051317888,67.74519854668735,0.15031176912867855,0,0.019075611188549023,1
boxes_cylinder_static_noise_hard_mixed,static_noise,3009,3336,0.06992503146464281,0.06905570252034844,0.9980705071718017,92.19787748791825,-0.21455949651216003,0,0.05302911164775424,1
boxes_cylinder_static_noise_hard_mixed,static_noise,3012,2280,0.016112234573077044,0.004108332405480644,0.6661165076981316,71.2187669681104,-0.28247082036446836,1,0.0941798119282963,0
boxes_cylinder_static_noise_hard_mixed,static_noise,3014,1849,0.05065112122273303,0.04605867994956743,0.9838908611514676,91.58154939379527,-0.018227490984966586,1,0.045619246894161816,1
boxes_cylinder_static_noise_hard_mixed,static_noise,3016,524,0.0387843258533707,0.030833376633907887,0.9893101726449547,33.3493222770043,-0.007416590742613692,1,0.043507195188309714,1
boxes_cylinder_static_noise_hard_mixed,static_noise,3017,904,0.005110774406931996,0.0009100131064456011,0.9258464352294787,78.74054246938081,-0.26334969203064423,1,0.08718078884299116,0
boxes_cylinder_static_noise_hard_mixed,static_noise,3018,457,0.09041915279061517,0.08315528672948905,0.9903133646707254,35.90346763973643,0.15650371000006952,0,0.015125543569669431,1
boxes_cylinder_static_noise_hard_mixed,static_noise,3019,2698,0.022953930253577812,0.006244592289685695,0.17711810911562656,52.241711186113115,-0.2558025939081803,1,0.07778034922287402,1
boxes_cylinder_static_noise_hard_mixed,static_noise,3020,1161,0.05766683864024221,0.04489238998949448,0.1416531529589556,49.35643973044285,0.03390151834238077,0,0.12291573916872693,0
boxes_cylinder_static_noise_hard_mixed,static_noise,3030,3250,0.07434649927985243,0.07213043354346414,0.9779582742439168,62.87674825848262,-0.3503609591719281,0,0.08229663143922306,0
boxes_cylinder_static_noise_hard_mixed,static_noise,3031,3178,0.06692106541804994,0.06388584595131827,0.9953000333818993,101.24832410365046,0.02433207089766218,0,0.014599315649857218,1
boxes_cylinder_static_noise_hard_mixed,static_noise,3032,1605,0.09341848231590165,0.08924871175476898,0.9934600498221546,58.824419580316714,-0.055131988823492836,0,0.03449408329295828,1
boxes_cylinder_static_noise_hard_mixed,static_noise,3033,2660,0.08796280174235416,0.07955185399611825,0.9988048447529739,24.119484222223612,0.18706637121632533,0,0.007323608546420921,1
boxes_cylinder_static_noise_hard_mixed,static_noise,3034,2156,0.056121890443656904,0.05264989700746366,0.9973313219219057,58.117729921556844,-0.022187888460242448,1,0.0642303441098395,1
boxes_cylinder_static_noise_hard_mixed,static_noise,3035,766,0.06984662707845754,0.06491049614605196,0.40190612064207476,81.91484061876102,0.23374521282778818,0,0.1253298348350116,0
boxes_cylinder_static_noise_hard_mixed,static_noise,3036,1273,0.04491599573147298,0.037365188212521404,0.9895058530641199,48.14799388819322,0.030562611279782048,0,0.03801970640610507,1
boxes_cylinder_static_noise_hard_mixed,static_noise,3039,1912,0.12164952925778005,0.10558895307162233,0.8684188865768774,42.95428993896325,0.06515401708464129,0,0.06439777437944649,1
boxes_cylinder_static_noise_hard_mixed,static_noise,3040,1289,0.07820066295999359,0.07347719523310373,0.9310342877852428,40.03285205586376,-0.031237728197998752,0,0.06755562457068513,1
boxes_cylinder_static_noise_hard_mixed,static_noise,3042,2912,0.05678923679065747,0.05344268257268124,0.004880450492002558,65.64839846507178,-0.2343622329583884,0,0.12347553227202639,0
boxes_cylinder_static_noise_hard_mixed,static_noise,3043,2225,0.0678712802951203,0.062076373146249066,0.987218820202004,74.09980159219897,0.5017092505089501,1,0.08184402509645113,0
boxes_cylinder_static_noise_hard_mixed,static_noise,3045,349,0.030477765182835778,0.020776121939802657,0.5343991785436649,57.2960162428306,0.06904889713174601,1,0.09206035442823918,0
boxes_cylinder_static_noise_hard_mixed,static_noise,3048,2513,0.09559315270229621,0.09500293275285761,0.989691592726151,39.77214597318824,0.23254980195216884,0,0.017696091838527214,1
boxes_cylinder_static_noise_hard_mixed,static_noise,3050,1087,0.068965568155328,0.051300530196528284,0.9993271126214821,99.01496603965234,0.25370583759446713,0,0.07360788891090118,1
boxes_cylinder_static_noise_hard_mixed,static_noise,3051,2875,0.03424803620241883,0.02970412850205759,0.995963423862539,94.21499290968451,0.11394414268267061,0,0.0858715416897161,0
boxes_cylinder_static_noise_hard_mixed,static_noise,3059,936,0.08660993546871422,0.08361903673925665,0.2597167746064677,35.66820248849098,0.14862971172220968,0,0.12785162686636492,0
boxes_cylinder_static_noise_hard_mixed,static_noise,3060,1979,0.10251373817069609,0.09952807188697987,0.9971041448593576,55.44181202857472,0.19828522072432203,0,0.07381842735965768,1
boxes_cylinder_static_noise_hard_mixed,static_noise,3063,967,0.0711123648891103,0.060154851700286865,0.5646475832086546,55.23653532396765,0.19190567811630546,0,0.07710136344757941,1
boxes_cylinder_static_noise_hard_mixed,static_noise,3068,29,0.02121143761522621,0.007696008762219273,0.9249030155867772,26.381089856211293,-0.082530984427683,1,0.08061458875948643,0
boxes_cylinder_static_noise_hard_mixed,static_noise,3074,858,0.028914084304038183,0.017437918323021072,0.40879297269873427,60.22787928882877,-0.029156568265823395,1,0.08762132526895025,0
boxes_cylinder_static_noise_hard_mixed,static_noise,3077,3085,0.08332829971452393,0.08152679184288808,0.9933442148569576,34.909769722566836,0.0800426243402898,0,0.04082430343476383,1
boxes_cylinder_static_noise_hard_mixed,static_noise,3079,1485,0.021670635675137526,0.007145957836363374,0.6725854958782069,35.81182043003829,-0.21839836509731272,0,0.10989171833384698,0
boxes_cylinder_static_noise_hard_mixed,static_noise,3080,1245,0.03678385747269118,0.020530636784479257,0.17509063434330854,60.344644229602636,0.06848183746887625,1,0.1372331150770293,0
boxes_cylinder_static_noise_hard_mixed,static_noise,3081,18,0.023648302183593695,0.021588442426591435,0.9865885531735694,59.80871960074318,-0.13117811945676194,1,0.07677130506119145,1
boxes_cylinder_static_noise_hard_mixed,static_noise,3089,2239,0.06034596833967649,0.03999122806652874,0.9989599926449143,42.9422464303227,-0.10919914196519816,0,0.025389411334856248,1
boxes_cylinder_static_noise_hard_mixed,static_noise,3090,2149,0.03676975961411781,0.010779811070215473,0.9952845017645197,48.32110206009576,0.11394417184928508,0,0.05607315565258387,1
boxes_cylinder_static_noise_hard_mixed,static_noise,3094,357,0.05296919597949299,0.03399208249257694,0.2985748260106197,72.04728114278153,-0.23841081132397568,0,0.10206107840095802,0
boxes_cylinder_static_noise_hard_mixed,static_noise,3095,944,0.025306505192204627,0.022085618692425864,0.7839903051803983,35.92203755981369,-0.13659816330033114,1,0.09756083414134466,0
boxes_cylinder_static_noise_hard_mixed,static_noise,3096,977,0.04603470381119163,0.008972574849634018,0.6927238029123561,46.99557245960298,-0.05035875124945074,0,0.09051485872389521,0
boxes_cylinder_static_noise_hard_mixed,static_noise,3100,1123,0.04056014179464195,0.0061655572210690054,0.7190249224255129,51.76609235551548,0.2031752337276925,0,0.09440813771618667,0
boxes_cylinder_static_noise_hard_mixed,static_noise,3103,1279,0.07372853635772547,0.04572831143985756,0.9918039335581375,40.98513767101991,-0.36702787720367736,0,0.024386987797307875,1
boxes_cylinder_static_noise_hard_mixed,static_noise,3105,1397,0.038060562448669,0.019025787155650627,0.11737689448336933,71.43590359696874,-0.024641884859042184,0,0.07104924539597418,1
boxes_cylinder_static_noise_hard_mixed,static_noise,3109,1406,0.039989371915570185,0.03276132652713663,0.9480792068302347,33.755390286936944,-0.17589050517348992,1,0.13350658775694868,0
boxes_cylinder_static_noise_hard_mixed,static_noise,3110,950,0.08018047329447602,0.07812138261532958,0.6685450767629725,84.58245770057322,-0.4838922357251233,0,0.18224042035056998,0
boxes_cylinder_static_noise_hard_mixed,static_noise,3111,456,0.027533446605096594,0.024987198266099696,0.013475637016198666,64.20400886233394,-0.10919921696504352,1,0.09796169168445057,0
boxes_cylinder_static_noise_hard_mixed,static_noise,3118,888,0.00596731683094998,0.0016165104655181128,0.6670545470378454,67.55360592656406,0.07885287155771066,1,0.09770459680981744,0
boxes_cylinder_static_noise_hard_mixed,static_noise,3119,803,0.013920048847906163,0.0026191469527571945,0.9886130656576,54.99367716782411,0.6283990997828875,1,0.09793389963558716,0
boxes_cylinder_static_noise_hard_mixed,static_noise,3120,2018,0.018193867943590906,0.015701544263024378,0.9929398862567133,35.188541945262465,0.05588042216259603,1,0.07483255248395432,1
boxes_cylinder_static_noise_hard_mixed,static_noise,3122,1486,0.02545542513448626,0.012427394695934346,0.8325099781691203,38.32612608047285,-0.1500212023186278,1,0.0996994586395755,0
boxes_cylinder_static_noise_hard_mixed,static_noise,3123,2781,0.05783509893537535,0.05310213383260379,0.9501476221739662,38.42056635253466,0.24219830052627755,0,0.02899880346138158,1
boxes_cylinder_static_noise_hard_mixed,static_noise,3125,2553,0.03228363897675725,0.011036523417727385,0.8414011218631827,49.99131360317513,-0.16803965605729976,1,0.10575265750633768,0
boxes_cylinder_static_noise_hard_mixed,static_noise,3126,974,0.030920770900652404,0.02124084593665864,0.9697482433649657,24.38727431473918,-0.10919916153036523,1,0.09724482472470426,0
boxes_cylinder_static_noise_hard_mixed,static_noise,3128,1182,0.04613394135489253,0.010522492845037092,0.9904041535693006,30.873393380492676,-0.06474748986849058,0,0.061763389313943026,1
boxes_cylinder_static_noise_hard_mixed,static_noise,3134,1252,0.022704818184497846,0.020969744789932254,0.9904191536505613,30.647982807509138,-0.08388142564740932,1,0.05491067961916518,1
boxes_cylinder_static_noise_hard_mixed,static_noise,3138,1283,0.041992470062637934,0.034226490567318635,0.8352672281069775,56.81715370775301,0.3261184504161826,1,0.06674821075420818,1
boxes_cylinder_static_noise_hard_mixed,static_noise,3141,3099,0.03511875443839323,0.013628594897201881,0.9826639546066799,57.9301608117182,-0.056555517592558655,0,0.06232785531605344,1
boxes_cylinder_static_noise_hard_mixed,static_noise,3145,1400,0.03070976438175838,0.027627084593319345,0.9982253771961427,54.93133062199804,0.14211497229493963,1,0.10531109673333504,0
boxes_cylinder_static_noise_hard_mixed,static_noise,3146,650,0.04478438356535853,0.026542279019625192,0.7919065033498633,61.75008327186413,0.4504161031136361,0,0.07913689581054983,1
boxes_cylinder_static_noise_hard_mixed,static_noise,3147,552,0.023048740127536608,0.016874556722694025,0.6499574342886838,56.07298297872911,-0.23925224880409904,1,0.06349922770444436,1
boxes_cylinder_static_noise_hard_mixed,static_noise,3148,2807,0.04568934089887323,0.0347657195079719,0.9937104615200881,48.345242495351805,-0.23180135318805384,1,0.06873067377106373,1
boxes_cylinder_static_noise_hard_mixed,static_noise,3150,1537,0.07222109967744754,0.056513018972592435,0.9882018334077742,92.66942335804406,-0.14841984511844597,0,0.04867871503425215,1
boxes_cylinder_static_noise_hard_mixed,static_noise,3151,172,0.08388549530992002,0.08024343946244174,0.9904532122205616,74.99553141913435,0.19308131136611686,1,0.01975201082285042,1
boxes_cylinder_static_noise_hard_mixed,static_noise,3154,2271,0.09873751285523442,0.09811133085278974,0.8889131427035013,57.745327304405166,0.13196266744937082,0,0.0387820536012223,1
boxes_cylinder_static_noise_hard_mixed,static_noise,3156,1188,0.06913620956231979,0.034229574354542984,0.3090207771169432,73.97197689904793,0.49297567043103496,0,0.1394132548032093,0
boxes_cylinder_static_noise_hard_mixed,static_noise,3158,967,0.10364791244321078,0.10151863569694025,0.9532079060057213,57.26675913627432,-0.006545133290541447,0,0.019054841063850823,1
boxes_cylinder_static_noise_hard_mixed,static_noise,3162,3279,0.018054195367418598,0.015307811841866113,0.9763013253887286,42.630457098374634,0.0032786894353569506,1,0.05905347976586418,1
boxes_cylinder_static_noise_hard_mixed,static_noise,3163,977,0.06244649205401043,0.03549954942912241,0.4605607559115834,61.10437859479071,-0.2045092929815948,0,0.12473303563204989,0
boxes_cylinder_static_noise_hard_mixed,static_noise,3165,2130,0.06158290168840344,0.05794552349557249,0.9942759471938545,32.914387172342394,-0.06267919624362145,0,0.009111044484394308,1
boxes_cylinder_static_noise_hard_mixed,static_noise,3168,3139,0.07906657680107465,0.06471149606068123,0.014479324823732834,54.879567683362126,0.03187928157403968,0,0.1435263796058335,0
boxes_cylinder_static_noise_hard_mixed,static_noise,3169,886,0.03185377621841766,0.0074984843273192365,0.965542641910758,22.508405230234466,-0.10919921301768072,1,0.09876530743685302,0
boxes_cylinder_static_noise_hard_mixed,static_noise,3173,599,0.031344847385976454,0.019691356996162517,0.020557247783214966,43.68022109210828,-0.3049436630852214,1,0.09960016750279047,0
boxes_cylinder_static_noise_hard_mixed,static_noise,3174,1704,0.06480837907093862,0.05973175102653904,0.997967937421479,32.33978109401596,0.02433207089766218,0,0.01697628224529593,1
boxes_cylinder_static_noise_hard_mixed,static_noise,3178,1599,0.035557817498601194,0.022206442583706826,0.44794150190870424,46.015593954041314,0.15108370776270275,1,0.07259476450768394,1
boxes_cylinder_static_noise_hard_mixed,static_noise,3181,3046,0.01585242808180463,0.010876428989340901,0.9846627844429653,45.076776138654076,0.12718938259055096,1,0.09247957216983944,0
boxes_cylinder_static_noise_hard_mixed,static_noise,3182,261,0.036206541005141264,0.01234546205480785,0.9104992966518461,48.537932859479035,-0.10919917658049856,0,0.11826127922847247,0
boxes_cylinder_static_noise_hard_mixed,static_noise,3183,2450,0.060443297659556965,0.03327627155647027,0.9606083684698383,99.67197934469633,0.044951340243269064,0,0.013076642748274709,1
boxes_cylinder_static_noise_hard_mixed,static_noise,3189,1768,0.07167501845337275,0.06307523232525866,0.9916537980818374,87.86986212617042,-0.06040904684328761,0,0.038691032959545735,1
boxes_cylinder_static_noise_hard_mixed,static_noise,3190,3184,0.026390840152777723,0.024571834858577692,0.9764045973071082,94.30327881117812,-0.2427303869708337,1,0.12268448046647652,0
boxes_cylinder_static_noise_hard_mixed,static_noise,3192,2475,0.03288152809361447,0.022198840694586282,0.9429924931812639,32.04237264302998,-0.1781919944044849,1,0.09090604892925637,0
boxes_cylinder_static_noise_hard_mixed,static_noise,3193,2461,0.04817760654109315,0.0354419646386123,0.8932164615084894,28.668826657431673,-0.22252774584366533,1,0.14260167837682314,0
boxes_cylinder_static_noise_hard_mixed,static_noise,3199,2782,0.09744730798305136,0.0847740431224797,0.9966096715732061,42.22347513241941,0.12921161026799896,0,0.01624475525426322,1
boxes_cylinder_static_noise_hard_mixed,static_noise,3201,3063,0.026576795961765105,0.016947610462129937,0.9194191768716244,67.71270116069711,-0.15365086678902007,1,0.06644830465790263,1
boxes_cylinder_static_noise_hard_mixed,static_noise,3202,1557,0.03225971328821049,0.022125250941620805,0.9762986931954677,31.99413080967471,-0.3243103502919359,1,0.08324558395376874,0
boxes_cylinder_static_noise_hard_mixed,static_noise,3203,2228,0.04104179181682842,0.038332498625635564,0.9805583770399123,61.827109872651484,0.1359229824933622,1,0.06149765305388814,1
boxes_cylinder_static_noise_hard_mixed,static_noise,3204,3303,0.05922886573586328,0.05266894799231121,0.9964070398665389,43.55019173852011,-0.05204079642582526,1,0.02017392168537996,1
boxes_cylinder_static_noise_hard_mixed,static_noise,3207,913,0.029161840383936013,0.012660348101805366,0.9923322900484361,97.26507108065515,-0.10919913407048369,1,0.11682651577794693,0
boxes_cylinder_static_noise_hard_mixed,static_noise,3211,1341,0.058967486922473826,0.035982721510721266,0.9912993789681689,27.470111067738507,0.24219830052627755,0,0.06168762122953492,1
boxes_cylinder_static_noise_hard_mixed,static_noise,3212,1347,0.0764014175760323,0.06918978255906864,0.942274070862676,74.51675043153651,-0.26954164413390025,1,0.11284967111141758,0
boxes_cylinder_static_noise_hard_mixed,static_noise,3213,3085,0.07231535958892496,0.07189598405242294,0.9734118777816717,51.41769960392931,0.11394414268267061,1,0.033109132881635715,1
boxes_cylinder_static_noise_hard_mixed,static_noise,3215,2889,0.035116056007769576,0.02082593231465351,0.9989324736771535,35.20384409304307,0.04495134976706062,1,0.07404333737450805,1
boxes_cylinder_static_noise_hard_mixed,static_noise,3216,1595,0.043992414700742284,0.0018382656734303483,0.7992844606182162,53.399601257639254,0.02433207089766218,0,0.1658414373913572,0
boxes_cylinder_static_noise_hard_mixed,static_noise,3219,4,0.05919342285369663,0.05794609427086388,0.9973757421951319,28.496625180449875,-0.0038387726034656003,0,0.06504176420236994,1
boxes_cylinder_static_noise_hard_mixed,static_noise,3220,1001,0.033020250278160836,0.0015672424482444918,0.4970622340871128,76.74913388395494,-0.2850896817539884,0,0.08277453282767086,0
boxes_cylinder_static_noise_hard_mixed,static_noise,3222,3121,0.04524559127166617,0.02081118785657546,0.9868315119024796,48.09567836096999,-0.10919914910803623,1,0.12684742961597806,0
boxes_cylinder_static_noise_hard_mixed,static_noise,3223,3244,0.03836315564969039,0.010048482395182507,0.9632751739606191,28.643485990931378,0.0085837344321421,0,0.14974703631966457,0
boxes_cylinder_static_noise_hard_mixed,static_noise,3224,1592,0.0369631981820118,0.034088168744994346,0.9938518043654659,30.695539650759198,-0.05362939988357153,1,0.05318852295390303,1
boxes_cylinder_static_noise_hard_mixed,static_noise,3226,118,0.10583947498282166,0.10030151872987489,0.9025901348073085,87.18642769966277,-0.3323424332797121,0,0.13981717231804178,0
boxes_cylinder_static_noise_hard_mixed,static_noise,3227,2954,0.10094631561052687,0.09951106957299306,0.9933338180253414,46.5669023033361,-0.28355233815780145,0,0.02637202986082964,1
boxes_cylinder_static_noise_hard_mixed,static_noise,3230,2524,0.03384477113194977,0.011687028044137748,0.6194189611489926,80.07139167403959,-0.14841984511844597,0,0.12761668857668748,0
boxes_cylinder_static_noise_hard_mixed,static_noise,3231,2606,0.06225367984922855,0.04759092157265803,0.878275105899367,38.08658509801676,-0.20157244131816385,0,0.08884347686917832,0
boxes_cylinder_static_noise_hard_mixed,static_noise,3232,1500,0.02347470715321136,0.02008913976781846,0.8395455829503912,99.09844703152808,0.25852526878729315,1,0.0867548762186826,0
boxes_cylinder_static_noise_hard_mixed,static_noise,3234,2067,0.0943804036967615,0.08984349716595816,0.9938224779320576,77.68729279788997,0.36772433568141605,0,0.11478523924471207,0
boxes_cylinder_static_noise_hard_mixed,static_noise,3235,770,0.027686165383516127,0.00575555721155649,0.9836780720655554,91.6389480377984,0.36080394353117773,1,0.14046357086510775,0
boxes_cylinder_static_noise_hard_mixed,static_noise,3242,840,0.02852837042617145,0.026862293877957473,0.9029347711515968,76.98774651733052,-0.15175881761572405,1,0.08418184592923421,0
boxes_cylinder_static_noise_hard_mixed,static_noise,3248,2983,0.015359724994950388,0.004346908352366076,0.8380061770606786,46.833454743352874,0.2785659063374046,1,0.10878357057946414,0
boxes_cylinder_static_noise_hard_mixed,static_noise,3252,1889,0.07251379512667395,0.049412113969708314,0.9955512925190404,43.49424822700359,-0.10919915560152617,0,0.040101670072436015,1
boxes_cylinder_static_noise_hard_mixed,static_noise,3257,791,0.019932002983723666,0.008697306674064712,0.9472125518939853,38.867152406630275,0.024332087904435428,1,0.11548404006059197,0
boxes_cylinder_static_noise_hard_mixed,static_noise,3265,558,0.03467493723560296,0.013003021301662355,0.998803485034987,52.81871003119419,-0.3968808366397062,0,0.10041913037195621,0
boxes_cylinder_static_noise_hard_mixed,static_noise,3269,2664,0.03586534177998223,0.013430336888479298,0.6974851932796627,39.4887530238815,-0.05362939988357153,1,0.12478762232460225,0
boxes_cylinder_static_noise_hard_mixed,static_noise,3272,1675,0.0819421986383215,0.07992916872067081,0.9842271118893744,62.56285897082012,-0.15365086678902007,1,0.031412892094088894,1
boxes_cylinder_static_noise_hard_mixed,static_noise,3276,1009,0.04718370971454897,0.012435780439157388,0.973202561903148,36.76720496579416,-0.1321887266802297,0,0.058491786746741846,1
boxes_cylinder_static_noise_hard_mixed,static_noise,3281,3060,0.07796869144318672,0.0703157450450411,0.3136515492234167,94.5784327606722,-0.31399334939255513,0,0.1955375510908534,0
boxes_cylinder_static_noise_hard_mixed,static_noise,3282,1716,0.05639196028257653,0.005479782720047214,0.7905428916561893,50.227296153280676,-0.2145596002156119,0,0.09236829384385314,0
boxes_cylinder_static_noise_hard_mixed,static_noise,3286,1031,0.011812513725048655,0.009547079294015253,0.9787285317235288,66.75772592226188,-0.10919922378321643,1,0.0747895758967645,1
boxes_cylinder_static_noise_hard_mixed,static_noise,3287,38,0.028056318148034196,0.017413758303611734,0.9166073814657197,64.97689971856569,-0.14693946752634493,1,0.11829247215075991,0
boxes_cylinder_static_noise_hard_mixed,static_noise,3288,468,0.019759026864116812,0.006003393797196982,0.8732813437141245,51.842606971745575,0.19828522072432203,1,0.06958914114180541,1
boxes_cylinder_static_noise_hard_mixed,static_noise,3291,2682,0.04968571676260026,0.0351059854137949,0.9808874110164126,46.143806020752564,-0.10919913407048369,1,0.09951505479068892,0
boxes_cylinder_static_noise_hard_mixed,static_noise,3296,1682,0.052151253748103234,0.04074947087445249,0.9985982781319155,103.04304751407942,-0.06474745034287126,1,0.053540299469365116,1
boxes_cylinder_static_noise_hard_mixed,static_noise,3297,1960,0.054399110161861955,0.047629003861466776,0.9827157686331125,75.19033729240215,0.0085837344321421,0,0.06820423777784926,1
boxes_cylinder_static_noise_hard_mixed,static_noise,3298,2628,0.06239479674179267,0.054199525402924185,0.8382726275703288,52.54984804818369,0.26117429025653216,0,0.08493783475885898,0
boxes_cylinder_static_noise_hard_mixed,static_noise,3304,233,0.054315192167891144,0.013266913634843284,0.8960052144154386,40.31702650308718,-0.007416590742613692,0,0.06448928453907593,1
boxes_cylinder_static_noise_hard_mixed,static_noise,3305,2141,0.017093417389877526,0.01651204075497786,0.7259214193428818,54.14967496254448,0.20095549290460696,1,0.12026958933739168,0
boxes_cylinder_static_noise_hard_mixed,static_noise,3309,2307,0.059142227214275755,0.05569833183607374,0.9985178666176381,66.96388394288968,0.17848254437599095,0,0.0344073238348266,1
boxes_cylinder_static_noise_hard_mixed,static_noise,3310,2083,0.09208355175746086,0.08265042385477979,0.9951144896000776,31.80556403570401,0.10852411961200659,0,0.03835274750736262,1
boxes_cylinder_static_noise_hard_mixed,static_noise,3311,1348,0.0723949603953864,0.06954284426436834,0.9852671852525747,33.47111348104524,-0.15002111815210303,1,0.03755156912371004,1
boxes_cylinder_static_noise_hard_mixed,static_noise,3312,3247,0.03167013119129238,0.011182388433696285,0.998650018986813,80.63641566981356,0.044951340243269064,1,0.12299506551217078,0
boxes_cylinder_static_noise_hard_mixed,static_noise,3316,1090,0.030939434505201927,0.00370342148121077,0.9657562779699879,29.87990197063619,-0.17589050517348992,1,0.07033132518884763,1
boxes_cylinder_static_noise_hard_mixed,static_noise,3317,736,0.060160591321006984,0.03800914930109733,0.5730336448894129,46.5079496815871,0.04108288280026754,0,0.0427096320226796,1
boxes_cylinder_static_noise_hard_mixed,static_noise,3320,1216,0.050940904535799074,0.04474034418510062,0.9443906458059537,41.45547996801723,-0.10919917196512406,1,0.09459491995638737,0
boxes_cylinder_static_noise_hard_mixed,static_noise,3322,1846,0.06599134892888629,0.059712535594314275,0.8179204463281008,56.69020785220327,0.08185589102200891,0,0.12429651611510051,0
boxes_cylinder_static_noise_hard_mixed,static_noise,3324,185,0.0466334031579183,0.019964590297262927,0.704403914196191,39.85437987597867,0.02895101903675918,0,0.14894535642059611,0
boxes_cylinder_static_noise_hard_mixed,static_noise,3325,1337,0.027137951799347894,0.02461656818923476,0.992326292069284,33.838011052448934,0.09843997906334181,1,0.10551500669805321,0
boxes_cylinder_static_noise_hard_mixed,static_noise,3326,1075,0.03836460427790501,0.007454155356906824,0.933827896674219,97.51805389417274,0.09844001031329215,1,0.09543245526016873,0
boxes_cylinder_static_noise_hard_mixed,static_noise,3327,1819,0.03112637922441932,0.019208383502693466,0.440700036709917,64.41128039572283,0.18560012241987217,0,0.12401025495637069,0
boxes_cylinder_static_noise_hard_mixed,static_noise,3330,2238,0.02406512541540374,0.01878176263378486,0.7743036861601964,101.47184986598933,-0.15798935018211424,1,0.07990555076183717,1
boxes_cylinder_static_noise_hard_mixed,static_noise,3331,549,0.10215922626618049,0.09608296384295117,0.998258173435928,60.12530742265396,0.17848257810606666,0,0.0714399033807536,1
boxes_cylinder_static_noise_hard_mixed,static_noise,3333,117,0.05209404171737606,0.04609864529526868,0.9974214364388547,108.95183401562561,0.21357386220308727,0,0.06332922651133988,1
boxes_cylinder_static_noise_hard_mixed,static_noise,3335,1125,0.0418549113620652,0.013910029770053085,0.5236817861165467,68.6043702730373,-0.3570351837661243,1,0.10128722180906298,0
boxes_cylinder_static_noise_hard_mixed,static_noise,3336,556,0.0947395338339411,0.09330432439877,0.9968717471826125,48.91908942003597,0.02433207089766218,0,0.06186903579137157,1
boxes_cylinder_static_noise_hard_mixed,static_noise,3337,3196,0.082762769896537,0.07601154617001986,0.9984511256983744,41.3130668895765,0.05785472626468416,1,0.023873731175766858,1
boxes_cylinder_static_noise_hard_mixed,static_noise,3338,1459,0.107889600290887,0.10438436011162187,0.9867791298848715,52.57318471457395,0.013403015077190031,0,0.027576075453581345,1
boxes_cylinder_static_noise_hard_mixed,static_noise,3343,1660,0.03471747411681763,0.021319912819543804,0.9581642117945037,35.00564042740437,0.06515401708464129,1,0.06230371198887167,1
boxes_cylinder_static_noise_hard_mixed,static_noise,3344,482,0.0330148114553824,0.023515055750689098,0.988452994204383,27.972109851496377,-0.0015686268449832648,1,0.04527033270648784,1
boxes_cylinder_static_noise_hard_mixed,static_noise,3345,2353,0.07173188674160223,0.07167353094922158,0.9773992503193282,39.44984158244198,0.02433207089766218,0,0.02127866351797803,1
boxes_cylinder_static_noise_hard_mixed,static_noise,3346,2324,0.05677601891644306,0.05663385709773427,0.9980609732506249,106.43423410003211,0.05785472626468416,1,0.047880622766974905,1
boxes_cylinder_static_noise_hard_mixed,static_noise,3347,965,0.0594167538644493,0.031606664676794766,0.7302541227636411,49.246992644223646,-0.14094786729580894,0,0.12654288499454344,0
boxes_cylinder_static_noise_hard_mixed,static_noise,3351,3330,0.07798401267411795,0.07661467710026319,0.9991211724890724,29.704919115864957,0.08862638245472512,0,0.023139853481981644,1
boxes_cylinder_static_noise_hard_mixed,static_noise,3354,810,0.017008364328790996,0.0061017053520584395,0.7478888667898882,104.8402281036341,0.23254980195216884,1,0.07854142409752951,1
boxes_cylinder_static_noise_hard_mixed,static_noise,3357,246,0.08295859618628867,0.07234674541830413,0.9864134577821723,60.873582038221464,-0.10919919519088435,0,0.06159905152427195,1
boxes_cylinder_static_noise_hard_mixed,static_noise,3360,2782,0.07620977914411556,0.046127702086811634,0.739079997385626,108.10660847418995,-0.32277301131112346,0,0.09966580842270432,0
boxes_cylinder_static_noise_hard_mixed,static_noise,3361,3149,0.024248575123571082,0.003714171824288238,0.9156644972539015,50.213945657917094,-0.06267919624362145,1,0.09781391021386614,0
boxes_cylinder_static_noise_hard_mixed,static_noise,3362,2204,0.04247827368280284,0.02470457976396293,0.9859853250427015,35.58889853070252,-0.10919917196512406,0,0.06343699629234077,1
boxes_cylinder_static_noise_hard_mixed,static_noise,3364,3066,0.03053601730770063,0.003051234704849454,0.871065240770682,44.46767995389131,0.4106757692869097,1,0.10235977642893049,0
boxes_cylinder_static_noise_hard_mixed,static_noise,3365,38,0.03809830037320957,0.034391913031593765,0.9491028748823209,56.05609099170886,-0.07283157504286702,0,0.10500159350046903,0
boxes_cylinder_static_noise_hard_mixed,static_noise,3367,1132,0.056517792717866805,0.04637504033720149,0.9219427756308107,63.72696606552398,-0.250277695647697,1,0.05104706816671596,1
boxes_cylinder_static_noise_hard_mixed,static_noise,3375,1993,0.054591887397756465,0.015152523742617628,0.9684662778460043,57.270552094644415,-0.022187888460242448,0,0.10941689697767995,0
boxes_cylinder_static_noise_hard_mixed,static_noise,3376,862,0.05774577154274317,0.04569108130216569,0.9120721807913301,48.44827090300115,0.17848254437599095,1,0.06524126637752821,1
boxes_cylinder_static_noise_hard_mixed,static_noise,3377,1570,0.04641731119285403,0.014128735285678824,0.9961465154946338,42.57355635819531,-0.2305599563426931,0,0.13246012979619093,0
boxes_cylinder_static_noise_hard_mixed,static_noise,3378,659,0.08299674472276768,0.010352298963485867,0.8920250222991116,98.73887540784233,0.29626539947709585,0,0.1262584140709654,0
boxes_cylinder_static_noise_hard_mixed,static_noise,3380,440,0.033153811405011564,0.026769577675534173,0.9892986283874832,65.45121084337225,-0.19881128726195685,0,0.08644017934192802,0
boxes_cylinder_static_noise_hard_mixed,static_noise,3381,21,0.07329537345132872,0.06814924846034974,0.9575522549164829,51.40726338477713,-0.07283157504286702,0,0.08628682125503297,0
boxes_cylinder_static_noise_hard_mixed,static_noise,3382,1691,0.03385047171763906,0.0006418240305605533,0.9017894431794536,53.11155165777782,0.12718941709342785,1,0.05727356733469647,1
boxes_cylinder_static_noise_hard_mixed,static_noise,3384,562,0.07740273080573697,0.05956162376091277,0.9665560372216295,48.127554554091674,-0.06474745034287126,0,0.027478617492057045,1
boxes_cylinder_static_noise_hard_mixed,static_noise,3388,350,0.06868418807398564,0.06800577157525117,0.9809428512814128,62.9435613023241,0.04033240885187717,0,0.04733989698109736,1
boxes_cylinder_static_noise_hard_mixed,static_noise,3389,2896,0.0214714227438779,0.017450722323819796,0.968409855794233,40.37391509651938,-0.20017081965343483,1,0.058500185198539605,1
boxes_cylinder_static_noise_hard_mixed,static_noise,3391,2940,0.10462452024099969,0.09795512950836989,0.9999553918545725,61.31900616446921,-0.06663959964773636,0,0.011901311302066848,1
boxes_cylinder_static_noise_hard_mixed,static_noise,3392,624,0.07987325767944177,0.07857738317464098,0.9990373732793861,46.99450017900507,0.05114330174954104,0,0.022574643006831426,1
boxes_cylinder_static_noise_hard_mixed,static_noise,3393,248,0.06477567357277642,0.06290231977876376,0.9993817219450609,51.39781528914947,-0.1091991252985799,0,0.027694958302411293,1
boxes_cylinder_static_noise_hard_mixed,static_noise,3394,3101,0.09551053386269444,0.09353524575546676,0.9985881934448898,46.729840529593574,0.03390151834238077,0,0.0246520883043727,1
boxes_cylinder_static_noise_hard_mixed,static_noise,3395,1028,0.030194181818119465,0.026868743333585875,0.4588856460668085,40.02247104760979,-0.15920960309632654,0,0.10033238808612124,0
boxes_cylinder_static_noise_hard_mixed,static_noise,3398,2658,0.04307323107769842,0.013890827687193444,0.9884026118348004,109.89559925932703,0.11394414268267061,0,0.12296746205807738,0
boxes_cylinder_static_noise_hard_mixed,static_noise,3403,935,0.038976162885973546,0.010745223922743147,0.9902912188315637,74.18108345529667,-0.40645044290579724,1,0.13154347690833468,0
boxes_cylinder_static_noise_hard_mixed,static_noise,3404,1105,0.03714835515493117,0.013449757314399886,0.970460673653175,32.16210557609285,-0.10919919821507264,0,0.030603108146774433,1
boxes_cylinder_static_noise_hard_mixed,static_noise,3406,260,0.0433032630611216,0.03572584571149195,0.20596547926004316,45.84111115622634,-0.3570351837661243,1,0.11731325595353925,0
boxes_cylinder_static_noise_hard_mixed,static_noise,3411,1805,0.03016462785813302,0.012525417141739513,0.8740357514130095,78.68819872816225,0.08495667205582733,0,0.10091372832345877,0
boxes_cylinder_static_noise_hard_mixed,static_noise,3415,1261,0.07611910215363762,0.07563754360621652,0.9900472201014612,25.692043779818825,-0.23703238529338674,0,0.03420570297905726,1
boxes_cylinder_static_noise_hard_mixed,static_noise,3416,1545,0.04194924154147218,0.015252896576482709,0.997913435390442,44.369422173998885,0.25370583759446713,0,0.08964851910489834,0
boxes_cylinder_static_noise_hard_mixed,static_noise,3417,3210,0.04859025082789168,0.021046239348654707,0.8778284896909554,45.434619303218085,-0.23841081132397568,0,0.15740422608541282,0
boxes_cylinder_static_noise_hard_mixed,static_noise,3418,2042,0.01613368128348682,0.005158950624183213,0.9140416563805296,52.77889314477135,-0.15002111815210303,1,0.09123621228967423,0
boxes_cylinder_static_noise_hard_mixed,static_noise,3420,1633,0.06190287403946502,0.0551011880292356,0.9984000673264118,124.1033476902923,-0.3543212693223073,1,0.07181981283088337,1
boxes_cylinder_static_noise_hard_mixed,static_noise,3422,1328,0.0742287546472164,0.07158857526536302,0.9963158844940686,41.63663108202196,-0.1781919944044849,0,0.03205337723581436,1
boxes_cylinder_static_noise_hard_mixed,static_noise,3427,2048,0.034074719881769036,0.005196336543088638,0.03305901915608017,73.89514782778234,0.07312221244804783,0,0.11073399283679737,0
boxes_cylinder_static_noise_hard_mixed,static_noise,3428,2334,0.06446638813870799,0.03515657636146467,0.46468286733657893,74.57751037967647,-0.02581765346075737,0,0.12804557017781498,0
boxes_cylinder_static_noise_hard_mixed,static_noise,3430,3183,0.07570118320500048,0.06144800233731232,0.8952305157229581,53.919502658776345,0.0085837344321421,0,0.10932309250338335,0
boxes_cylinder_static_noise_hard_mixed,static_noise,3433,2542,0.11162617669255581,0.10800078308693917,0.9931299918234803,27.597241828508544,0.12441539912900018,0,0.01951729358378937,1
boxes_cylinder_static_noise_hard_mixed,static_noise,3434,1688,0.09622839931654617,0.0872822744554747,0.9542169499986908,66.92324278749697,-0.07529767017443334,0,0.11981092624016472,0
boxes_cylinder_static_noise_hard_mixed,static_noise,3436,3328,0.033942786804845186,0.01912533968417376,0.9855816190198967,75.54185943616739,-0.18065807842496184,1,0.04181549007328031,1
boxes_cylinder_static_noise_hard_mixed,static_noise,3437,1918,0.057357366066244135,0.05598858019110604,0.8214517171919566,66.33264725409609,-0.10919916696513533,0,0.09244043524468505,0
boxes_cylinder_static_noise_hard_mixed,static_noise,3445,3060,0.08249681585461192,0.0772022470930863,0.8392921492845111,117.66447362667148,-0.10919918085399405,0,0.09103374179331732,0
boxes_cylinder_static_noise_hard_mixed,static_noise,3454,106,0.019009853688085953,0.014617623867336631,0.9899124677004909,29.754010312849086,0.1421150133001478,1,0.08117704541411465,0
boxes_cylinder_static_noise_hard_mixed,static_noise,3457,582,0.04704551596144509,0.036347567448733326,0.9090819056051467,107.1690131978536,0.07312217316241083,0,0.10863025937875355,0
boxes_cylinder_static_noise_hard_mixed,static_noise,3459,2953,0.024846038802517074,0.017891903200853775,0.45916658279239486,113.72708158098769,-0.007416590742613692,0,0.13986766005847595,0
boxes_cylinder_static_noise_hard_mixed,static_noise,3470,881,0.07562307567082162,0.06462241795884353,0.9029330393023602,103.34328494850318,0.0085837344321421,1,0.1290304052842803,0
boxes_cylinder_static_noise_hard_mixed,static_noise,3475,493,0.046885902583845535,0.004512769515542145,0.8624107194752464,55.315492523012324,0.11394418157149315,0,0.1034152040518181,0
boxes_cylinder_static_noise_hard_mixed,static_noise,3476,615,0.048517916469891266,0.047901028136502224,0.03392428472382138,67.56506649792028,0.20665351876310242,0,0.11848174536111535,0
boxes_cylinder_static_noise_hard_mixed,static_noise,3477,818,0.05007437097046101,0.005416508713362128,0.9436249217493317,100.18402202769131,0.053319558121136576,0,0.15039212729455687,0
boxes_cylinder_static_noise_hard_mixed,static_noise,3479,694,0.08521772259449657,0.07878997175223604,0.7931154296621353,41.979881247715596,0.22293438561372936,0,0.02034799018621925,1
boxes_cylinder_static_noise_hard_mixed,static_noise,3481,3176,0.08013997671041616,0.0786391524522913,0.999338314060122,41.34882624412302,0.24219830052627755,0,0.016753661392099987,1
boxes_cylinder_static_noise_hard_mixed,static_noise,3482,3025,0.0952902958950608,0.09231014913137486,0.9945869120714457,32.98635956792775,-0.15002111815210303,0,0.03993729132691089,1
boxes_cylinder_static_noise_hard_mixed,static_noise,3485,694,0.02306871329717659,0.019638837610801225,0.853764718143064,33.032189554495275,0.13196266744937082,0,0.08376146264815802,0
boxes_cylinder_static_noise_hard_mixed,static_noise,3488,1392,0.021529014741473316,0.010496087411900999,0.9552006480862517,28.66159276996994,-0.18616013606429244,1,0.07684984391698273,1
boxes_cylinder_static_noise_hard_mixed,static_noise,3489,304,0.05149390277051535,0.017475970158098417,0.9770128361672514,16.16810429566558,0.030562611279782048,0,0.06419869835677229,1
boxes_cylinder_static_noise_hard_mixed,static_noise,3490,488,0.022919812133822794,0.00489731967853943,0.9440936078465432,35.71304442071954,0.06265091561960083,1,0.11521304795145368,0
boxes_cylinder_static_noise_hard_mixed,static_noise,3491,450,0.06261138042312564,0.05219901172303936,0.7536220003809115,60.58672959099645,0.5039047850884011,0,0.13116693344445132,0
boxes_cylinder_static_noise_hard_mixed,static_noise,3492,167,0.029617733645431566,0.025587176895953273,0.8465106334906065,52.54274481502671,0.17848257810606666,1,0.11721249204372135,0
boxes_cylinder_static_noise_hard_mixed,static_noise,3496,1224,0.056719369812400285,0.030822212806250984,0.9873256930607788,37.384777253376946,0.40959415192666837,0,0.04937931866986889,1
boxes_cylinder_static_noise_hard_mixed,static_noise,3499,2305,0.02716203216294776,0.003786785290002961,0.8319274866334682,47.94309755315629,0.4504161031136361,1,0.07856101277764979,1
boxes_cylinder_static_noise_hard_mixed,static_noise,3502,3212,0.018044909970332885,0.015381262304685929,0.8494789880229746,35.308418023037525,-0.4242799672338458,1,0.07982312189446772,1
boxes_cylinder_static_noise_hard_mixed,static_noise,3504,2105,0.07497309484056724,0.03153364148858368,0.9885652098856882,41.97590980190059,-0.06663959964773636,0,0.09496112014891016,0
boxes_cylinder_static_noise_hard_mixed,static_noise,3505,1550,0.02612727351268822,0.023410457188674134,0.9925635451262461,36.5065739966794,-0.011560814649143178,1,0.053936756057617545,1
boxes_cylinder_static_noise_hard_mixed,static_noise,3516,3183,0.06576159651621968,0.06015832136257787,0.934689462249168,53.332750177686684,0.11394414268267061,1,0.0795683268631916,1
boxes_cylinder_static_noise_hard_mixed,static_noise,3517,410,0.059763279923133565,0.0562282816799463,0.9820836811274998,83.50793026833136,-0.10919916696513533,0,0.14117025181726836,0
boxes_cylinder_static_noise_hard_mixed,static_noise,3524,1997,0.029109111787147045,0.014485395417203992,0.9291478935624908,39.59162700752018,-0.011560814649143178,1,0.1266603697584975,0
boxes_cylinder_static_noise_hard_mixed,static_noise,3529,36,0.025405048041251575,0.007855202082165953,0.659584767516932,41.77508054011346,0.18929350164029424,1,0.06520480544206761,1
boxes_cylinder_static_noise_hard_mixed,static_noise,3531,3070,0.06297653270915425,0.05501706448435205,0.8377544348738574,88.81581694331018,0.03598268916331258,1,0.012415889375221693,1
boxes_cylinder_static_noise_hard_mixed,static_noise,3536,153,0.029934209675551746,0.015546195938627418,0.9973347618269092,34.70818560206468,0.005870034108238792,1,0.070318749205285,1
boxes_cylinder_static_noise_hard_mixed,static_noise,3537,124,0.015098121249778464,0.004010444445652081,0.22592838201965199,58.76292393463809,-0.008103170592807353,1,0.11568067903741591,0
boxes_cylinder_static_noise_hard_mixed,static_noise,3542,1280,0.10507591206797058,0.09971886921943368,0.9569874236906031,98.92508404815082,0.05785472626468416,0,0.047838221388735655,1
boxes_cylinder_static_noise_hard_mixed,static_noise,3543,3051,0.0373162938156095,0.034765760997414956,0.9838570481471254,41.21424155191476,-0.35282107732569823,1,0.08198862233577356,0
boxes_cylinder_static_noise_hard_mixed,static_noise,3544,2414,0.045874794664455834,0.04167067411513377,0.756203205788962,64.79607622060429,-0.022187888460242448,1,0.07096138772737376,1
boxes_cylinder_static_noise_hard_mixed,static_noise,3546,2752,0.10379100303887236,0.09752180504002358,0.9981947207356906,65.40914621684004,0.1909050745596883,0,0.010872119258042476,1
boxes_cylinder_static_noise_hard_mixed,static_noise,3553,2596,0.025547469155982546,0.024818258155385596,0.9397389506033318,109.47288194654105,-0.06997850342717656,1,0.08795845268843511,0
boxes_cylinder_static_noise_hard_mixed,static_noise,3560,985,0.03200260453751124,0.02438706145304263,0.7364120837799573,56.803884065886564,-0.06474748986849058,1,0.10333093970067583,0
boxes_cylinder_static_noise_hard_mixed,static_noise,3561,2748,0.06419462052152634,0.06355962645860717,0.9984772951263686,39.7201338060898,0.21357386220308727,0,0.07788733913090953,1
boxes_cylinder_static_noise_hard_mixed,static_noise,3563,1401,0.100832225100468,0.10029362458467357,0.985085681299297,33.55752703424976,-0.21455949651216003,0,0.023637480452320857,1
boxes_cylinder_static_noise_hard_mixed,static_noise,3565,963,0.0511759070906895,0.03881460514381563,0.7951392359075753,75.75073641145336,0.06669130998260557,0,0.08045377575622613,0
boxes_cylinder_static_noise_hard_mixed,static_noise,3566,2017,0.04228429499084948,0.015697552958656137,0.9658097418887776,60.18102677986808,-0.3640912561101376,0,0.09874688277319871,0
boxes_cylinder_static_noise_hard_mixed,static_noise,3569,742,0.03914034250145225,0.02271933440807362,0.8693504030644831,42.63905557360815,-0.214559652067376,0,0.11806296092356931,0
boxes_cylinder_static_noise_hard_mixed,static_noise,3571,2706,0.05591857022510565,0.028512959728328922,0.9816047166769456,37.20922604299005,-0.03223821675482566,1,0.01913852084585786,1
boxes_cylinder_static_noise_hard_mixed,static_noise,3573,612,0.030406356712342764,0.019562790788815447,0.9996296579727981,39.07481584106681,-0.20017094491199813,1,0.047465273642487676,1
boxes_cylinder_static_noise_hard_mixed,static_noise,3576,1531,0.06421825540249272,0.06074647134711,0.44318531672661593,65.97940778383723,0.20925428574456456,0,0.12391426340199935,0
boxes_cylinder_static_noise_hard_mixed,static_noise,3581,2590,0.057769876847191017,0.00036583216704324985,0.35608999658891766,71.3485413316208,0.4373439957431979,0,0.10454994234015991,0
boxes_cylinder_static_noise_hard_mixed,static_noise,3583,2611,0.08832079600444082,0.08752743989423256,0.9967727833847984,93.02733518487798,0.044951340243269064,0,0.051626273900644226,1
boxes_cylinder_static_noise_hard_mixed,static_noise,3586,1254,0.10418056595479959,0.08355690506481919,0.7673189877103112,145.80529247427242,-0.04857458926633908,0,0.050810136534702156,1
boxes_cylinder_static_noise_hard_mixed,static_noise,3588,717,0.04612792295234104,0.038441572726810105,0.9929946264008864,32.17121975054879,0.2162229140253671,0,0.08619483378190965,0
boxes_cylinder_static_noise_hard_mixed,static_noise,3590,735,0.01912837011850541,0.011153882192898076,0.9996582225035731,35.98038427948183,0.23910717191128975,1,0.06982924121516994,1
boxes_cylinder_static_noise_hard_mixed,static_noise,3593,3289,0.07393605624482909,0.07254303957097799,0.9871071473998176,70.35682899443081,-0.07529767017443334,0,0.06550159287908132,1
boxes_cylinder_static_noise_hard_mixed,static_noise,3596,611,0.1063108560072892,0.10219567584862863,0.9935675473767595,24.96296122797467,-0.16184290833338172,0,0.030816722051743843,1
boxes_cylinder_static_noise_hard_mixed,static_noise,3598,80,0.059449013515102636,0.04626132584269266,0.9008850457516023,64.92398735709482,-0.23703238529338674,1,0.11756728965711548,0
boxes_cylinder_static_noise_hard_mixed,static_noise,3604,1419,0.016275274681483397,0.011494600724216876,0.2645642914073321,57.33441201461411,0.14752046790634335,0,0.10911360853438999,0
boxes_cylinder_static_noise_hard_mixed,static_noise,3605,445,0.0779034631021641,0.06702696157101401,0.9861748015900247,32.27755373534105,-0.3059092539132731,0,0.01852032020229524,1
boxes_cylinder_static_noise_hard_mixed,static_noise,3607,3274,0.02444958693905275,0.008285558473629162,0.9242302033999243,43.36693199670451,-0.6577647061074472,1,0.11927492193122055,0
boxes_cylinder_static_noise_hard_mixed,static_noise,3608,287,0.05022888379063741,0.0027627397350750236,0.6616253884282902,64.53299203469582,0.09439958772452543,0,0.11416628836732466,0
boxes_cylinder_static_noise_hard_mixed,static_noise,3610,801,0.09191410528288198,0.0783260572268999,0.9986018422994116,49.354742639404066,0.16705390284518254,0,0.045054514640114916,1
boxes_cylinder_static_noise_hard_mixed,static_noise,3613,692,0.03171897976040725,0.0020658956195839374,0.6548198412214185,66.99174768332419,-0.27171801852174315,1,0.11491952586830095,0
boxes_cylinder_static_noise_hard_mixed,static_noise,3615,521,0.0203169248073246,0.007899177376269328,0.7231993037362435,65.56811203997795,-0.30986970123212326,0,0.11987990511936007,0
boxes_cylinder_static_noise_hard_mixed,static_noise,3616,1090,0.03501028300658259,0.023511485227843257,0.9708921572179778,29.753780087120678,-0.10919919519088435,0,0.07798158809565225,1
boxes_cylinder_static_noise_hard_mixed,static_noise,3617,3141,0.023770427801743026,0.012262282100759673,0.9370373422198264,78.43599304839488,0.5017092505089501,1,0.08853250638469505,0
boxes_cylinder_static_noise_hard_mixed,static_noise,3618,1027,0.04210196880651105,0.0026436449426984953,0.9615888033920343,24.776573618320626,0.10948984907923538,0,0.07871357734017795,1
boxes_cylinder_static_noise_hard_mixed,static_noise,3621,1826,0.06120187594508877,0.046102927460478574,0.9818334995106844,47.91932879263074,-0.2576190336352603,0,0.09420709842449343,0
boxes_cylinder_static_noise_hard_mixed,static_noise,3623,1117,0.08858200369048529,0.08633999817504584,0.9955882977831808,64.20109905123006,-0.1925806800347319,0,0.019207256658070007,1
boxes_cylinder_static_noise_hard_mixed,static_noise,3624,721,0.03872605748557908,0.02130839081348651,0.929588951872757,69.46289984541069,-0.020251793578389576,0,0.06368840030628306,1
boxes_cylinder_static_noise_hard_mixed,static_noise,3625,2514,0.025377520271008494,0.022019343081946266,0.9603384616575622,58.844398874701604,0.048429622258935025,1,0.06108716534086849,1
boxes_cylinder_static_noise_hard_mixed,static_noise,3629,815,0.06798512158306322,0.027084472045463836,0.8871861994392043,61.57926005339645,0.018634057726736597,0,0.1015125470719375,0
boxes_cylinder_static_noise_hard_mixed,static_noise,3631,1583,0.07128105964491183,0.060170395763889606,0.9960975524423394,36.16354964811381,-0.10919916696513533,0,0.06767447480387483,1
boxes_cylinder_static_noise_hard_mixed,static_noise,3633,615,0.044404861316432745,0.044105309225009805,0.24687515447886835,72.19481685390642,0.04902467770985806,0,0.10478531440618627,0
boxes_cylinder_static_noise_hard_mixed,static_noise,3636,2838,0.039263256397748206,0.022137551855444526,0.8115813484650656,38.769869188470935,0.04495135611625699,0,0.11183779372956806,0
boxes_cylinder_static_noise_hard_mixed,static_noise,3637,2776,0.038595749662353435,0.02477294911112878,0.9483061815976687,29.727281427217953,-0.17373765893603366,0,0.09143307197156136,0
boxes_cylinder_static_noise_hard_mixed,static_noise,3643,2058,0.008590913346487516,0.006151742472504258,0.9962420074052185,32.61064044833219,0.15650371000006952,1,0.09378438691758798,0
boxes_cylinder_static_noise_hard_mixed,static_noise,3646,2012,0.09128859658803816,0.054543111216519315,0.9265853838692744,77.69552903152824,-0.0350912840970206,0,0.1098682087778887,0
boxes_cylinder_static_noise_hard_mixed,static_noise,3648,466,0.05411364320591599,0.015342154602166806,0.9339134243922329,52.37949070157959,0.786888024429048,0,0.09611225734757518,0
boxes_cylinder_static_noise_hard_mixed,static_noise,3650,728,0.06371214050261503,0.04464543052582766,0.8173648434142556,91.50572041922874,0.1909050745596883,1,0.08017166123579886,0
boxes_cylinder_static_noise_hard_mixed,static_noise,3652,2806,0.04264564692555622,0.011244217610404079,0.9153352252736395,25.3948270884214,-0.14310071030746438,1,0.1544074925122085,0
boxes_cylinder_static_noise_hard_mixed,static_noise,3653,1727,0.026364567560452787,0.0180871540962215,0.22316013661164905,85.11170115664007,-0.036878605966777375,0,0.09773654965577856,0
boxes_cylinder_static_noise_hard_mixed,static_noise,3654,3001,0.08238668094040019,0.05408833603427541,0.9041134305871632,99.5252262150942,0.06669130998260557,1,0.11257351502727046,0
boxes_cylinder_static_noise_hard_mixed,static_noise,3662,2115,0.029035887194663407,0.016199149413104692,0.8316846693603387,37.90629880173999,0.04986535905418571,1,0.10096975690500039,0
boxes_cylinder_static_noise_hard_mixed,static_noise,3673,2509,0.020942495442016096,0.010599443586969615,0.966919251458829,38.79768994981344,-0.22042475834469588,1,0.09823033372849851,0
boxes_cylinder_static_noise_hard_mixed,static_noise,3674,3075,0.02960465617021436,0.02077344206386982,0.8564567032594468,62.7392436722741,-0.5639350702923215,1,0.12629836917474793,0
boxes_cylinder_static_noise_hard_mixed,static_noise,3675,1441,0.03719561984842282,0.01590293524477789,0.9758549715083242,35.46159459451941,-0.016825957602489894,0,0.09057351881508188,0
boxes_cylinder_static_noise_hard_mixed,static_noise,3677,966,0.03889750448743498,0.03631990459624154,0.9991236188374695,42.739389900853254,-0.37490206349551813,1,0.08455123830355246,0
boxes_cylinder_static_noise_hard_mixed,static_noise,3680,83,0.04828826838940097,0.046704062574826295,0.9981832533840784,40.86146252131905,-0.5146638697706843,0,0.07729027739393948,1
boxes_cylinder_static_noise_hard_mixed,static_noise,3682,2271,0.08718040747245237,0.08503124180984231,0.9380724504735083,60.94560561802805,0.13196266744937082,0,0.03787783042959798,1
boxes_cylinder_static_noise_hard_mixed,static_noise,3684,1326,0.08229340349026486,0.08007869589317744,0.31110226434387994,57.09216118373735,-0.18330707730571774,0,0.13970004423963686,0
boxes_cylinder_static_noise_hard_mixed,static_noise,3685,1034,0.022205780524922402,0.010406392355086024,0.9960510269944464,59.27681552580826,-0.133296755274657,1,0.08692813663166235,0
boxes_cylinder_static_noise_hard_mixed,static_noise,3687,2455,0.11106420678590284,0.10488072667516062,0.9725494635970932,102.46608277847191,-0.33234250161288936,0,0.07640607241819093,1
boxes_cylinder_static_noise_hard_mixed,static_noise,3690,2246,0.0275917647192917,0.019646745516626655,0.9967188968313969,29.177878494747922,-0.04857462970741449,1,0.12899681531466814,0
boxes_cylinder_static_noise_hard_mixed,static_noise,3692,1717,0.019886572977573198,0.0026187079469818346,0.6137566559385983,49.1617933459483,-0.16184290833338172,1,0.12113140308035333,0
boxes_cylinder_static_noise_hard_mixed,static_noise,3702,2321,0.02868661262074576,0.025043122384961675,0.26139017404535714,63.26698465196953,-0.0793462637529757,1,0.11065905600064165,0
boxes_cylinder_static_noise_hard_mixed,static_noise,3704,1858,0.06301630357489411,0.05406226469300485,0.9955341843992885,42.41519065770724,-0.10919914196519816,1,0.11783709369356346,0
boxes_cylinder_static_noise_hard_mixed,static_noise,3706,3171,0.11981221367383045,0.11110362276689185,0.9988318253442573,27.05367336514329,-0.2915204820927444,0,0.03400472987225482,1
boxes_cylinder_static_noise_hard_mixed,static_noise,3708,2776,0.041400695572403834,0.025531970175522185,0.9657573404557968,30.132348896851042,-0.2076391772784145,0,0.11181021007745409,0
boxes_cylinder_static_noise_hard_mixed,static_noise,3710,2429,0.04137923527717336,0.018771130411013325,0.18210417582589059,44.06009450160155,0.25017455341011124,0,0.08178431333865133,0
boxes_cylinder_static_noise_hard_mixed,static_noise,3711,2,0.0450068742041594,0.020342307123106328,0.9478184400158098,28.383244273822413,-0.18716069965101592,1,0.10701864063311599,0
boxes_cylinder_static_noise_hard_mixed,static_noise,3718,473,0.0314474375295466,0.017062239922130382,0.8826790767556869,111.06283687987266,-0.029156552240208734,1,0.10744347187542513,0
boxes_cylinder_static_noise_hard_mixed,static_noise,3719,3195,0.0761786000767504,0.07440257894803609,0.9901053093002977,52.344607529548,-0.06663959964773636,0,0.00905010847582495,1
boxes_cylinder_static_noise_hard_mixed,static_noise,3720,2395,0.04169826358209136,0.013956713359583931,0.5082110581008524,71.88455210759653,0.19308144563693555,0,0.14408481644367893,0
boxes_cylinder_static_noise_hard_mixed,static_noise,3721,2149,0.03554078258937678,0.022134172939113222,0.7683142138093356,38.3812913563559,0.2962656078099865,0,0.11217143124547792,0
boxes_cylinder_static_noise_hard_mixed,static_noise,3724,2163,0.035756618441660934,0.028228629213146225,0.6696241147452907,127.9563318492752,-0.06267919624362145,1,0.127524030144889,0
