sample_id,scenario,source_index,target_index,distance_T0,point_to_plane_residual,normal_dot_abs,fpfh_distance,log_normalized_density_ratio,is_mutual_nn,label_distance,target_weight
real_20260706_130424_table_cluster004_table1_refined_from_identity_scale1_easy,real_previous_registration,0,558,0.05138299600254733,0.022332772438815734,0.12145727332141885,239.72959741481006,0.14004588915398097,0,0.03961712157937552,1
real_20260706_130424_table_cluster004_table1_refined_from_identity_scale1_easy,real_previous_registration,1,510,0.06522983323185573,0.06216540803866043,0.6088403646766098,242.80284819054924,-0.6286080594229654,0,0.04528864101909382,1
real_20260706_130424_table_cluster004_table1_refined_from_identity_scale1_easy,real_previous_registration,2,216,0.06331328591911886,0.042505183313563503,0.16233497558485957,133.05294806335633,0.7295106818982383,0,0.025434312428924844,1
real_20260706_130424_table_cluster004_table1_refined_from_identity_scale1_easy,real_previous_registration,3,497,0.03219175606068812,0.017659260934130033,0.9549494658486136,215.45346638669017,0.10536041565792138,1,0.026780151079014693,1
real_20260706_130424_table_cluster004_table1_refined_from_identity_scale1_easy,real_previous_registration,4,392,0.034168514380880394,0.005467227018076506,0.8792075874252825,208.09016021188836,0.8938161032985708,0,0.036981785187354066,1
real_20260706_130424_table_cluster004_table1_refined_from_identity_scale1_easy,real_previous_registration,5,484,0.09460125892988884,0.07983417755789822,0.7394840075114099,288.3289188972608,0.9469262323729744,0,0.07985691293046875,1
real_20260706_130424_table_cluster004_table1_refined_from_identity_scale1_easy,real_previous_registration,6,168,0.05973661396426697,0.03856816911815041,0.8018192668726541,223.00068316872935,0.15415046554184256,0,0.054154684149133846,1
real_20260706_130424_table_cluster004_table1_refined_from_identity_scale1_easy,real_previous_registration,7,47,0.060137220900151465,0.027483473654710936,0.789562901117227,236.98506168449902,0.8165249841898977,0,0.05298731623456738,1
real_20260706_130424_table_cluster004_table1_refined_from_identity_scale1_easy,real_previous_registration,8,226,0.05894567494709644,0.0537828046095733,0.9612142878276368,195.99932451467663,-0.4924760078255387,0,0.03564910728647037,1
real_20260706_130424_table_cluster004_table1_refined_from_identity_scale1_easy,real_previous_registration,9,47,0.03175597627131156,0.010849413548840472,0.7700248210429053,236.03690185620354,0.5753631903597345,0,0.012254618043800103,1
real_20260706_130424_table_cluster004_table1_refined_from_identity_scale1_easy,real_previous_registration,10,554,0.049292901858862356,0.004984726749303534,0.5709909186519394,240.0287651382349,-0.24561613989383338,0,0.05036832902631196,1
real_20260706_130424_table_cluster004_table1_refined_from_identity_scale1_easy,real_previous_registration,11,471,0.030028086213488837,0.004045658073947226,0.9656249093289039,204.6595741612132,-0.25593314833094943,0,0.027505071205527715,1
real_20260706_130424_table_cluster004_table1_refined_from_identity_scale1_easy,real_previous_registration,12,212,0.051940843266013996,0.05179535909013469,0.09012891394234131,205.545635187189,0.3096605530841906,0,0.05299039395035378,1
real_20260706_130424_table_cluster004_table1_refined_from_identity_scale1_easy,real_previous_registration,13,254,0.024019458315048786,0.006080811098680988,0.9955042746198309,154.53886287039583,-0.19189082649159586,1,0.028083828995512407,1
real_20260706_130424_table_cluster004_table1_refined_from_identity_scale1_easy,real_previous_registration,14,542,0.05464516070471561,0.020272598967238157,0.9889283207572825,281.98022164855615,0.8754673373562798,0,0.05021188761001424,1
real_20260706_130424_table_cluster004_table1_refined_from_identity_scale1_easy,real_previous_registration,15,100,0.06369382087806133,0.057714754333354636,0.9768137324109923,160.6961647189865,0.42583194856751616,0,0.05480692128532101,1
real_20260706_130424_table_cluster004_table1_refined_from_identity_scale1_easy,real_previous_registration,16,34,0.05199450501036165,0.026230972593163978,0.9570335494763862,220.60393413913712,-0.040821954520294405,0,0.057856624686200765,1
real_20260706_130424_table_cluster004_table1_refined_from_identity_scale1_easy,real_previous_registration,17,350,0.03760366588253012,0.022662062964883413,0.9561407781922718,146.38588042495206,-0.017699554543038575,0,0.02997271724540229,1
real_20260706_130424_table_cluster004_table1_refined_from_identity_scale1_easy,real_previous_registration,18,428,0.11508723452142387,0.05535194414829056,0.8771432469488374,233.861660232202,0.9808275863481151,0,0.11871380557218596,0
real_20260706_130424_table_cluster004_table1_refined_from_identity_scale1_easy,real_previous_registration,19,585,0.03855935127878217,0.002712701648326073,0.9528121078444756,181.6238914162575,0.6623744650767572,0,0.03580717763324934,1
real_20260706_130424_table_cluster004_table1_refined_from_identity_scale1_easy,real_previous_registration,20,250,0.029791452862412936,0.0278435427803281,0.7120247047115348,290.7115274272822,0.7801573757332734,1,0.04153782827597696,1
real_20260706_130424_table_cluster004_table1_refined_from_identity_scale1_easy,real_previous_registration,21,519,0.048269802710146685,0.04249936498801241,0.9566008612733061,280.3737209581127,0.9430872968267675,1,0.043437642348507305,1
real_20260706_130424_table_cluster004_table1_refined_from_identity_scale1_easy,real_previous_registration,22,578,0.04918741878466067,0.02177873425062494,0.6871491224214743,283.450048669046,0.47000302924651544,0,0.0533053753064714,1
real_20260706_130424_table_cluster004_table1_refined_from_identity_scale1_easy,real_previous_registration,23,531,0.05074713456272973,0.01910343853302456,0.36235244298318753,257.83495310986564,1.5308718284035172,0,0.05141252972235074,1
real_20260706_130424_table_cluster004_table1_refined_from_identity_scale1_easy,real_previous_registration,24,99,0.07575315656164573,0.03492405292426238,0.7585936344860851,225.3272149599125,0.9118349458129039,0,0.06601584955236149,1
real_20260706_130424_table_cluster004_table1_refined_from_identity_scale1_easy,real_previous_registration,25,490,0.0393619615456634,0.03421329854910773,0.9700306415011342,204.06519954160572,-0.08141531608875312,1,0.02248064346298661,1
real_20260706_130424_table_cluster004_table1_refined_from_identity_scale1_easy,real_previous_registration,26,435,0.06138304695299468,0.01407541583576013,0.8849444628806248,279.71219051737904,0.1823213567941745,0,0.07724809947558577,1
real_20260706_130424_table_cluster004_table1_refined_from_identity_scale1_easy,real_previous_registration,27,72,0.03129596952367081,0.018265816868109526,0.9830588483488253,159.27921247874218,1.0717987765642565,1,0.023773144663735504,1
real_20260706_130424_table_cluster004_table1_refined_from_identity_scale1_easy,real_previous_registration,28,545,0.018105080077615417,0.0034223765470786367,0.14187763793862138,227.71146636084595,0.9430872968267675,1,0.023694050756416687,1
real_20260706_130424_table_cluster004_table1_refined_from_identity_scale1_easy,real_previous_registration,29,44,0.0420727312304081,0.03322764662344762,0.8096942954337922,257.00505523508394,1.118977795796795,0,0.058224012004948034,1
real_20260706_130424_table_cluster004_table1_refined_from_identity_scale1_easy,real_previous_registration,30,19,0.049777241473167276,0.029602912351860463,0.6948806952304948,211.3155556724343,-0.24561613989383338,0,0.04230669072417531,1
real_20260706_130424_table_cluster004_table1_refined_from_identity_scale1_easy,real_previous_registration,31,510,0.02476009243540941,0.0095486729574556,0.5694584748372649,249.1735833295853,-0.3772939168560186,1,0.023434289844291065,1
real_20260706_130424_table_cluster004_table1_refined_from_identity_scale1_easy,real_previous_registration,32,121,0.04684297469862025,0.018613865902573346,0.9023909481541472,238.82086111996867,-0.20875457162636737,0,0.06394936160599547,1
real_20260706_130424_table_cluster004_table1_refined_from_identity_scale1_easy,real_previous_registration,33,186,0.04420431528154656,0.022748298509292844,0.12784352660534956,188.91465934421828,-0.20116443068261922,1,0.028990028691875884,1
real_20260706_130424_table_cluster004_table1_refined_from_identity_scale1_easy,real_previous_registration,34,206,0.047163266264775704,0.03511444820177496,0.5301701657717738,220.75616766626635,-0.02681122639479215,0,0.04351552634749775,1
real_20260706_130424_table_cluster004_table1_refined_from_identity_scale1_easy,real_previous_registration,35,595,0.03349157813574261,0.02036870883599361,0.18514098051145297,256.66837537966296,0.5414619242632098,0,0.04364692517901205,1
real_20260706_130424_table_cluster004_table1_refined_from_identity_scale1_easy,real_previous_registration,36,415,0.03978667739360493,0.010058336028330212,0.993302917443228,183.8511335942683,-0.017699554543038575,0,0.029382942715951658,1
real_20260706_130424_table_cluster004_table1_refined_from_identity_scale1_easy,real_previous_registration,37,41,0.02924676566426494,0.028878988824749922,0.9708152713082248,179.10195548281817,0.0870112860806339,1,0.034709618401750464,1
real_20260706_130424_table_cluster004_table1_refined_from_identity_scale1_easy,real_previous_registration,38,78,0.07516982645627462,0.06509513534806258,0.9573411183153223,176.49383316071246,0.2876817391188364,0,0.057198868651841706,1
real_20260706_130424_table_cluster004_table1_refined_from_identity_scale1_easy,real_previous_registration,39,371,0.03363403470343733,0.012919577664814448,0.9849341037789867,154.34471070563018,0.14004588915398097,0,0.047375253503944253,1
real_20260706_130424_table_cluster004_table1_refined_from_identity_scale1_easy,real_previous_registration,40,278,0.03265062723161864,0.004731688044934827,0.7423813125159155,241.09938220600833,1.0171951948047393,0,0.03562730092387972,1
real_20260706_130424_table_cluster004_table1_refined_from_identity_scale1_easy,real_previous_registration,41,183,0.021337678674510138,0.015691736076976194,0.9846167585572908,196.83989306250146,-0.2781254007077021,1,0.043721266663639055,1
real_20260706_130424_table_cluster004_table1_refined_from_identity_scale1_easy,real_previous_registration,42,132,0.04464598929782901,0.010060223936658083,0.9920571609322884,203.08546334733728,0.5753631903597345,0,0.05210123551424737,1
real_20260706_130424_table_cluster004_table1_refined_from_identity_scale1_easy,real_previous_registration,43,313,0.02573707319067767,0.009966964424164972,0.8256691894692942,244.37342678894834,0.4083094413602279,0,0.03441797168015026,1
real_20260706_130424_table_cluster004_table1_refined_from_identity_scale1_easy,real_previous_registration,44,272,0.11043973916066853,0.07764714322447352,0.9936888320316433,200.79383083690632,2.4848956498595,0,0.12653632058761502,0
real_20260706_130424_table_cluster004_table1_refined_from_identity_scale1_easy,real_previous_registration,45,558,0.04757371282597891,0.023909090892138617,0.0956338843958184,245.23413627331507,0.26787911339130854,0,0.03953082378012737,1
real_20260706_130424_table_cluster004_table1_refined_from_identity_scale1_easy,real_previous_registration,46,599,0.029245864787942357,0.02922260539095928,0.9759973983272117,173.18582785911752,-0.07856224404164211,1,0.03719375180312766,1
real_20260706_130424_table_cluster004_table1_refined_from_identity_scale1_easy,real_previous_registration,47,241,0.05963182755746215,0.05697825664147356,0.03767419640476238,95.53925841385262,-1.2163921576670627,1,0.07146535659312077,1
real_20260706_130424_table_cluster004_table1_refined_from_identity_scale1_easy,real_previous_registration,48,288,0.03719959992357108,0.02168159557474849,0.7802920777712357,249.6777895716465,-0.3058350218393242,1,0.016475917797235035,1
real_20260706_130424_table_cluster004_table1_refined_from_identity_scale1_easy,real_previous_registration,49,292,0.038767235190325045,0.0007298894713486751,0.5940834733291502,205.87650271731408,0.07327211186158326,0,0.04847783186717754,1
real_20260706_130424_table_cluster004_table1_refined_from_identity_scale1_easy,real_previous_registration,50,17,0.08006512146225345,0.029945697112816916,0.9936888320316528,210.7344425043825,2.4848956498595,0,0.08779580498339624,1
real_20260706_130424_table_cluster004_table1_refined_from_identity_scale1_easy,real_previous_registration,51,614,0.045863417530844997,0.03314989969175874,0.8422193457491995,240.44734640704192,-1.0986092886771097,1,0.04697826707019253,1
real_20260706_130424_table_cluster004_table1_refined_from_identity_scale1_easy,real_previous_registration,52,595,0.05987968806418528,0.05659985037375051,0.13456591978227167,263.753418932472,0.47000302924651544,0,0.06732870193309096,1
real_20260706_130424_table_cluster004_table1_refined_from_identity_scale1_easy,real_previous_registration,53,513,0.05930169347749864,0.0017142190812670603,0.9325065545990245,254.12765859519064,0.7801573757332734,0,0.06597630204983491,1
real_20260706_130424_table_cluster004_table1_refined_from_identity_scale1_easy,real_previous_registration,54,72,0.10143942870170236,0.05513068548489769,0.9718895692274212,204.68653138273038,1.4020401332721228,0,0.0878033124113254,1
real_20260706_130424_table_cluster004_table1_refined_from_identity_scale1_easy,real_previous_registration,55,453,0.04942152034094344,0.028589858487575226,0.2913837581977569,207.91950930532755,-1.5448958513061934,1,0.05313985374539906,1
real_20260706_130424_table_cluster004_table1_refined_from_identity_scale1_easy,real_previous_registration,56,148,0.06617354563202725,0.055869532140754526,0.963852709594281,263.17796227355757,0.6131036267337668,0,0.0521823419767562,1
real_20260706_130424_table_cluster004_table1_refined_from_identity_scale1_easy,real_previous_registration,57,301,0.017933485297172515,0.0015465488894894973,0.5305544173617733,155.74674042479725,-1.7917557192378988,1,0.02583406328011827,1
real_20260706_130424_table_cluster004_table1_refined_from_identity_scale1_easy,real_previous_registration,58,292,0.044057172447181825,0.033023445612337346,0.5878981264268577,226.216727569742,-0.017699554543038575,0,0.04415930738651177,1
real_20260706_130424_table_cluster004_table1_refined_from_identity_scale1_easy,real_previous_registration,59,600,0.06763027332706038,0.06212089858686455,0.8111065910277002,251.124722022314,0.3786533102856171,0,0.06523813282298427,1
real_20260706_130424_table_cluster004_table1_refined_from_identity_scale1_easy,real_previous_registration,60,50,0.02816122511964159,0.020729546065267966,0.64691968056049,286.37881835799857,0.14458106727282669,1,0.006666831118532959,1
real_20260706_130424_table_cluster004_table1_refined_from_identity_scale1_easy,real_previous_registration,61,508,0.06909209688739397,0.0018260629166891593,0.09730753312326229,233.68057321048366,0.4083094413602279,0,0.05212565465727672,1
real_20260706_130424_table_cluster004_table1_refined_from_identity_scale1_easy,real_previous_registration,62,340,0.028394216630530957,0.024575565722433232,0.6736979571082868,124.63258308614807,0.09732825492838551,1,0.048091505873568675,1
real_20260706_130424_table_cluster004_table1_refined_from_identity_scale1_easy,real_previous_registration,63,344,0.07064755480298626,0.06998047647681009,0.9769799267992954,190.60524235068846,1.5308718284035172,1,0.06548697623390369,1
real_20260706_130424_table_cluster004_table1_refined_from_identity_scale1_easy,real_previous_registration,64,542,0.03253733432958568,0.020317747180801912,0.9886408472161945,282.4839048441373,0.8377270478349321,0,0.03477628918155138,1
real_20260706_130424_table_cluster004_table1_refined_from_identity_scale1_easy,real_previous_registration,65,559,0.03508081133860614,0.015218843049204525,0.3973940170293842,85.21200666058229,-1.8405450905545568,1,0.05777719262290715,1
real_20260706_130424_table_cluster004_table1_refined_from_identity_scale1_easy,real_previous_registration,66,333,0.060704955063305664,0.023863549999269564,0.5286836360549446,206.10525296818759,0.06453844613765831,0,0.05305306216389687,1
real_20260706_130424_table_cluster004_table1_refined_from_identity_scale1_easy,real_previous_registration,67,139,0.04599995192097155,0.011753165362264107,0.930541314863104,291.9190937381276,0.9808275863481151,0,0.05861816755774475,1
real_20260706_130424_table_cluster004_table1_refined_from_identity_scale1_easy,real_previous_registration,68,388,0.11855318028612369,0.04701870705446028,0.891909268427026,279.32165721168616,2.079434541711336,0,0.12292443895556272,0
real_20260706_130424_table_cluster004_table1_refined_from_identity_scale1_easy,real_previous_registration,69,512,0.00820640571717947,0.0006012778754224863,0.8681831513459562,163.02520616441123,-0.24561613989383338,1,0.016601743294548017,1
real_20260706_130424_table_cluster004_table1_refined_from_identity_scale1_easy,real_previous_registration,70,272,0.11607113255135448,0.0827569491342709,0.9936888320316436,201.6321643772449,2.4848956498595,0,0.1306678634478425,0
real_20260706_130424_table_cluster004_table1_refined_from_identity_scale1_easy,real_previous_registration,71,595,0.07676005306045801,0.045822659792763336,0.1713953936464813,254.3827321546006,0.6081532386951952,0,0.08704955096423565,1
real_20260706_130424_table_cluster004_table1_refined_from_identity_scale1_easy,real_previous_registration,72,554,0.028715572026464815,0.014196430378814313,0.5749182198182184,242.22760649987242,-0.24561613989383338,1,0.04755230108958418,1
real_20260706_130424_table_cluster004_table1_refined_from_identity_scale1_easy,real_previous_registration,73,391,0.055032469564714484,0.01830609472603731,0.9652489736198477,157.28259346414353,0.12733926295651146,0,0.07167639529771268,1
real_20260706_130424_table_cluster004_table1_refined_from_identity_scale1_easy,real_previous_registration,74,293,0.13028574219204786,0.0917064024680987,0.9933262589046057,205.36475963145648,-0.11778228566116468,0,0.14410059067754655,0
real_20260706_130424_table_cluster004_table1_refined_from_identity_scale1_easy,real_previous_registration,75,362,0.008633989742959872,0.004114561709971048,0.22200787513755743,134.44304090204582,0.6294301205623485,1,0.012157319178036436,1
real_20260706_130424_table_cluster004_table1_refined_from_identity_scale1_easy,real_previous_registration,76,600,0.03079946963938393,0.01935943645475749,0.8085247043965209,255.67003189855635,0.5389957864479419,1,0.01610532072028361,1
real_20260706_130424_table_cluster004_table1_refined_from_identity_scale1_easy,real_previous_registration,77,489,0.02533427705503189,0.019179308299856812,0.747389351068035,236.91549704183083,0.9430872968267675,1,0.03153584517883572,1
real_20260706_130424_table_cluster004_table1_refined_from_identity_scale1_easy,real_previous_registration,78,226,0.033739481419605734,0.012740950531908744,0.9656982249726569,188.1722661278653,-0.28768182245199964,1,0.044715491434624145,1
real_20260706_130424_table_cluster004_table1_refined_from_identity_scale1_easy,real_previous_registration,79,204,0.010232837915788008,0.005831957857233433,0.3873897765022095,87.11143277257577,-0.11778286898995301,1,0.02318039438793702,1
real_20260706_130424_table_cluster004_table1_refined_from_identity_scale1_easy,real_previous_registration,80,7,0.04340385333683988,0.035482958312908396,0.9770556322537797,193.85506064607173,-0.11778290522174543,1,0.03516763619360026,1
real_20260706_130424_table_cluster004_table1_refined_from_identity_scale1_easy,real_previous_registration,81,276,0.04948411230101759,0.026513039386224638,0.7257445802921417,213.03592710212837,0.5389957864479419,0,0.053005395853817375,1
real_20260706_130424_table_cluster004_table1_refined_from_identity_scale1_easy,real_previous_registration,82,292,0.05816023079763738,0.02929726604893127,0.5732621991671294,221.91493861459892,0.02882040265036916,0,0.0654513569227118,1
real_20260706_130424_table_cluster004_table1_refined_from_identity_scale1_easy,real_previous_registration,83,48,0.03283140618176558,0.015386236233599995,0.13207480690152495,234.84987016815018,-0.1586048651768106,1,0.03926211394472223,1
real_20260706_130424_table_cluster004_table1_refined_from_identity_scale1_easy,real_previous_registration,84,338,0.06708671586459808,0.017320179483477492,0.6626103203480496,238.23417694032224,-0.022472828579364557,0,0.07267023195650041,1
real_20260706_130424_table_cluster004_table1_refined_from_identity_scale1_easy,real_previous_registration,85,184,0.014255703567169497,0.005779693396695664,0.5290163664739551,137.29802471988813,-1.5391656870379904,1,0.03243452761874175,1
real_20260706_130424_table_cluster004_table1_refined_from_identity_scale1_easy,real_previous_registration,86,182,0.013027825716732845,0.010967623697995813,0.9341922570562926,135.65910974657345,0.06453842113772608,1,0.03229240267738145,1
real_20260706_130424_table_cluster004_table1_refined_from_identity_scale1_easy,real_previous_registration,87,247,0.022885354391197873,0.022269825308143178,0.5640191801470767,154.8525391489798,-1.7827875907583146,1,0.03399646150090544,1
real_20260706_130424_table_cluster004_table1_refined_from_identity_scale1_easy,real_previous_registration,88,47,0.05084378804501554,0.024797439316552393,0.7510940483797143,218.25779361593135,0.703196414597062,0,0.057782981640266476,1
real_20260706_130424_table_cluster004_table1_refined_from_identity_scale1_easy,real_previous_registration,89,406,0.06216448619841221,0.0560244419560953,0.9735325012630635,235.51781585595668,0.3240493475754605,1,0.04482762386266881,1
real_20260706_130424_table_cluster004_table1_refined_from_identity_scale1_easy,real_previous_registration,90,193,0.01696886577905559,0.011100864604179233,0.8506116684328627,125.10948554046517,-0.33135677331748015,1,0.034996757643315723,1
real_20260706_130424_table_cluster004_table1_refined_from_identity_scale1_easy,real_previous_registration,91,75,0.004862371978152042,0.0036077897539800842,0.8585308152596445,117.438021825913,-0.24561613989383338,1,0.022437580702267482,1
real_20260706_130424_table_cluster004_table1_refined_from_identity_scale1_easy,real_previous_registration,92,181,0.036710572329910186,0.0010165031811297746,0.9641118928443168,199.52407288610286,-0.11778290522174543,0,0.04473985545690052,1
real_20260706_130424_table_cluster004_table1_refined_from_identity_scale1_easy,real_previous_registration,93,470,0.06031689949997225,0.04723735353726178,0.9501418452934358,204.13717755418523,1.791754469245555,0,0.04987857524429007,1
real_20260706_130424_table_cluster004_table1_refined_from_identity_scale1_easy,real_previous_registration,94,95,0.046955770645398076,0.0190807828322375,0.27773162862750705,189.0097926175697,-0.307024737881409,0,0.02697408818040711,1
real_20260706_130424_table_cluster004_table1_refined_from_identity_scale1_easy,real_previous_registration,95,470,0.08643750165196974,0.01752832060677674,0.9608093787587757,185.44739379150232,1.9299046786942347,0,0.09438530864543798,1
real_20260706_130424_table_cluster004_table1_refined_from_identity_scale1_easy,real_previous_registration,96,168,0.015739109010239838,0.0022111849110284325,0.7692629248755258,229.2829514337911,0.44183221656541344,1,0.02411643784624269,1
real_20260706_130424_table_cluster004_table1_refined_from_identity_scale1_easy,real_previous_registration,97,296,0.026990395677312224,0.01912333725199926,0.2866820149688739,126.44323621972467,0.5753629782393258,1,0.01844821182434898,1
real_20260706_130424_table_cluster004_table1_refined_from_identity_scale1_easy,real_previous_registration,98,541,0.0254538296301675,0.015827668961257528,0.25522406476631854,250.2533824716305,0.8137741403779015,1,0.033392039231622116,1
real_20260706_130424_table_cluster004_table1_refined_from_identity_scale1_easy,real_previous_registration,99,606,0.03768029592262054,0.03252516432559158,0.6173671028442794,287.8318745902725,0.3448400745275201,1,0.05706006771487405,1
real_20260706_130424_table_cluster004_table1_refined_from_identity_scale1_easy,real_previous_registration,100,565,0.03061182807201161,0.00910796044401787,0.6489389433104781,151.3076761191371,-0.31449301313257294,0,0.04879731323016826,1
real_20260706_130424_table_cluster004_table1_refined_from_identity_scale1_easy,real_previous_registration,101,300,0.09907994726536576,0.05728940215068967,0.132670672719513,214.6259210805556,0.8855177913911947,0,0.10113301794868412,0
real_20260706_130424_table_cluster004_table1_refined_from_identity_scale1_easy,real_previous_registration,102,592,0.045786194557873375,0.04389059951604918,0.6381512821321258,256.26909947353494,-0.4214651499156511,0,0.03816571554039564,1
real_20260706_130424_table_cluster004_table1_refined_from_identity_scale1_easy,real_previous_registration,103,112,0.043619512754282816,0.02464241822005559,0.8438122374907808,253.85588263442153,1.0861880020060364,0,0.03562300934273408,1
real_20260706_130424_table_cluster004_table1_refined_from_identity_scale1_easy,real_previous_registration,104,531,0.07356332679664075,0.019611356738476096,0.3633752527374132,257.1849239670734,1.568612117924865,0,0.081206106588335,1
real_20260706_130424_table_cluster004_table1_refined_from_identity_scale1_easy,real_previous_registration,105,495,0.028418522160298148,0.01637391655392783,0.7396843527684284,246.51718310715088,-0.396496122488593,0,0.04934847001737019,1
real_20260706_130424_table_cluster004_table1_refined_from_identity_scale1_easy,real_previous_registration,106,542,0.06562945289414047,0.014019717681485994,0.9889118764856483,281.38668395265256,0.8754673373562798,0,0.07636789765539188,1
real_20260706_130424_table_cluster004_table1_refined_from_identity_scale1_easy,real_previous_registration,107,46,0.023311498056595523,0.020690235485059612,0.981116472777438,185.08993568589,-0.08141531608875312,1,0.03608113755492963,1
real_20260706_130424_table_cluster004_table1_refined_from_identity_scale1_easy,real_previous_registration,108,212,0.06350514722737428,0.03197568191474038,0.1151964807683148,229.28579950841518,0.2652088438729765,0,0.07180655538580381,1
real_20260706_130424_table_cluster004_table1_refined_from_identity_scale1_easy,real_previous_registration,109,558,0.050912992463204076,0.03030209980420301,0.1304262972543068,237.96087067871886,0.14004588915398097,0,0.048749638855615486,1
real_20260706_130424_table_cluster004_table1_refined_from_identity_scale1_easy,real_previous_registration,110,484,0.0828605261684322,0.0741963615809399,0.7394840075114103,289.68610229856034,0.8754673373562798,0,0.07341067060258251,1
real_20260706_130424_table_cluster004_table1_refined_from_identity_scale1_easy,real_previous_registration,111,10,0.04847412198255933,0.04271751588434444,0.9493305888390707,206.79896266019423,0.2699821964805323,1,0.07875941606937667,1
real_20260706_130424_table_cluster004_table1_refined_from_identity_scale1_easy,real_previous_registration,112,359,0.016503910832391517,0.009919817934859972,0.3221258900387066,224.61188564654972,0.12733926295651146,1,0.022119665310775565,1
real_20260706_130424_table_cluster004_table1_refined_from_identity_scale1_easy,real_previous_registration,113,606,0.04306125081651878,0.0020624864485667485,0.6173671028442794,289.10026624299326,0.26787911339130854,0,0.05435742038063013,1
real_20260706_130424_table_cluster004_table1_refined_from_identity_scale1_easy,real_previous_registration,114,53,0.03560215249910759,0.029226359886333438,0.82946191632387,218.42983788890243,-0.5098246920814286,1,0.008566271748644999,1
real_20260706_130424_table_cluster004_table1_refined_from_identity_scale1_easy,real_previous_registration,115,17,0.07652482956870311,0.038952371184960644,0.9936888320316728,224.6624399054872,2.447155360338152,0,0.07748509240977033,1
real_20260706_130424_table_cluster004_table1_refined_from_identity_scale1_easy,real_previous_registration,116,505,0.011633370040259628,0.003284037988158196,0.8844479056652139,161.73165189207262,-0.24561613989383338,1,0.027076614772285654,1
real_20260706_130424_table_cluster004_table1_refined_from_identity_scale1_easy,real_previous_registration,117,344,0.08162408523945519,0.06321279310411976,0.980133719635919,179.10051243288302,1.6739725335827864,0,0.07725702779267696,1
real_20260706_130424_table_cluster004_table1_refined_from_identity_scale1_easy,real_previous_registration,118,333,0.01776643899244932,0.00037823508733331266,0.5454196592647811,211.24101187673526,0.2537802518108689,1,0.02073927532861676,1
real_20260706_130424_table_cluster004_table1_refined_from_identity_scale1_easy,real_previous_registration,119,590,0.034434110831318504,0.030751487610050043,0.8954344510609903,143.46940554351605,-0.20479418537353897,0,0.047361188150010794,1
real_20260706_130424_table_cluster004_table1_refined_from_identity_scale1_easy,real_previous_registration,120,519,0.07018057378847571,0.05674367733317681,0.9566008612733279,269.83427250195115,0.9808275863481151,0,0.05361544966765807,1
real_20260706_130424_table_cluster004_table1_refined_from_identity_scale1_easy,real_previous_registration,121,562,0.021669018732237512,0.009796575769231378,0.546891282292231,116.41955792498732,-0.060624533581269346,1,0.019113716764963266,1
real_20260706_130424_table_cluster004_table1_refined_from_identity_scale1_easy,real_previous_registration,122,392,0.07012496761768744,0.01695289953733361,0.8723097571591043,197.79093833121055,1.203970704330031,0,0.06606270377537657,1
real_20260706_130424_table_cluster004_table1_refined_from_identity_scale1_easy,real_previous_registration,123,361,0.03755876579928939,0.008417935467246255,0.2885834536167296,297.81994334310576,0.6131036267337668,1,0.050010115231851414,1
real_20260706_130424_table_cluster004_table1_refined_from_identity_scale1_easy,real_previous_registration,124,278,0.017225055735755307,0.0015604420026862124,0.7436098762702953,231.94626006033843,0.9430872968267675,1,0.024130053020042883,1
real_20260706_130424_table_cluster004_table1_refined_from_identity_scale1_easy,real_previous_registration,125,613,0.043788548583026124,0.03140443827629012,0.8483092282524343,252.51153476381688,-0.4150342063773664,0,0.036623862400510084,1
real_20260706_130424_table_cluster004_table1_refined_from_identity_scale1_easy,real_previous_registration,126,216,0.129513146757285,0.0026065769825256366,0.15795510264179446,165.59330873517024,0.39303998812702706,0,0.10199774356719728,0
real_20260706_130424_table_cluster004_table1_refined_from_identity_scale1_easy,real_previous_registration,127,47,0.09733877850603581,0.05406443270643795,0.7986611684223083,241.54975144544147,0.9500562562788148,0,0.09899292146252761,1
real_20260706_130424_table_cluster004_table1_refined_from_identity_scale1_easy,real_previous_registration,128,489,0.042637838135465504,0.019262712937154418,0.7525472132068363,231.03168673423792,1.0522864813648096,0,0.03318988739668724,1
real_20260706_130424_table_cluster004_table1_refined_from_identity_scale1_easy,real_previous_registration,129,558,0.07942170819319594,0.03276555141085927,0.08991822765012532,246.35211850382115,0.3448400745275201,0,0.06892632870280413,1
real_20260706_130424_table_cluster004_table1_refined_from_identity_scale1_easy,real_previous_registration,130,124,0.023113720952958113,0.016452144012837806,0.7778171624590086,193.57431400406108,-0.3409263703040657,1,0.030744006908368603,1
real_20260706_130424_table_cluster004_table1_refined_from_identity_scale1_easy,real_previous_registration,131,19,0.04923846876531888,0.030697041568435782,0.722044469121032,204.31817653557349,-0.1586048651768106,1,0.05249010933931001,1
real_20260706_130424_table_cluster004_table1_refined_from_identity_scale1_easy,real_previous_registration,132,235,0.09847138486683954,0.06476028440184847,0.9765418127756719,254.6092312599349,0.575363394904566,0,0.08797931998872131,1
real_20260706_130424_table_cluster004_table1_refined_from_identity_scale1_easy,real_previous_registration,133,542,0.09616063289456592,0.025041676645742625,0.988928320757269,281.7098289505861,0.8377270478349321,0,0.08808831035454329,1
real_20260706_130424_table_cluster004_table1_refined_from_identity_scale1_easy,real_previous_registration,134,552,0.028158086294744696,0.01475662000014635,0.9350565977603348,283.762164491446,0.9430872968267675,1,0.022030965630423043,1
real_20260706_130424_table_cluster004_table1_refined_from_identity_scale1_easy,real_previous_registration,135,613,0.05487452465159015,0.0006647684277948738,0.8488665879059847,268.6514958914373,-0.3409263083993945,0,0.06873151048023354,1
real_20260706_130424_table_cluster004_table1_refined_from_identity_scale1_easy,real_previous_registration,136,590,0.01207236630030507,0.01141747968157753,0.8746266076741713,116.23846443190725,-0.20479418537353897,1,0.016571041477597543,1
real_20260706_130424_table_cluster004_table1_refined_from_identity_scale1_easy,real_previous_registration,137,503,0.04660478170085321,0.04039702326965479,0.8149240985606936,212.82798515816856,-1.167602503018923,1,0.024478700214108615,1
real_20260706_130424_table_cluster004_table1_refined_from_identity_scale1_easy,real_previous_registration,138,99,0.06114918542679195,0.027337948469250237,0.7566323030025934,224.5571226922185,0.8754673373562798,0,0.049716996968328576,1
real_20260706_130424_table_cluster004_table1_refined_from_identity_scale1_easy,real_previous_registration,139,545,0.04909438301921945,0.013926394834522135,0.16316540097853882,235.80635786541353,1.118977795796795,0,0.04162411545745985,1
real_20260706_130424_table_cluster004_table1_refined_from_identity_scale1_easy,real_previous_registration,140,243,0.052289279445188845,0.04140541097343518,0.5900597256535063,235.35667990280442,0.4035134685694496,0,0.07179577582505435,1
real_20260706_130424_table_cluster004_table1_refined_from_identity_scale1_easy,real_previous_registration,141,595,0.01938518117506948,0.00553950208911053,0.160248487517352,257.24541596917226,0.5753634449044368,1,0.01528613869237744,1
real_20260706_130424_table_cluster004_table1_refined_from_identity_scale1_easy,real_previous_registration,142,105,0.027299120481745622,0.01560857948079966,0.9864681510997156,260.0747004515731,0.6554058910400975,1,0.023088753476617135,1
real_20260706_130424_table_cluster004_table1_refined_from_identity_scale1_easy,real_previous_registration,143,545,0.09688295527868737,0.08547648397286071,0.2381148861580002,251.53249981776287,0.9808275863481151,0,0.08536606744604498,1
real_20260706_130424_table_cluster004_table1_refined_from_identity_scale1_easy,real_previous_registration,144,540,0.026250805760453744,0.007008234107342471,0.981281783667556,182.16912632597052,-0.3225771099189163,1,0.042532419436821886,1
real_20260706_130424_table_cluster004_table1_refined_from_identity_scale1_easy,real_previous_registration,145,484,0.07307842153346038,0.0033744531263649596,0.7394840075114101,292.0172511044123,0.8754673373562798,0,0.08186583586129306,1
real_20260706_130424_table_cluster004_table1_refined_from_identity_scale1_easy,real_previous_registration,146,456,0.022725389258845503,0.020027592446881695,0.9699301182504628,172.0687303325407,0.3034301303130741,1,0.027547182526124165,1
real_20260706_130424_table_cluster004_table1_refined_from_identity_scale1_easy,real_previous_registration,147,148,0.0645145834409543,0.05807264995248716,0.9638034853634649,243.99964029482956,0.6131036267337668,0,0.03875380030921656,1
real_20260706_130424_table_cluster004_table1_refined_from_identity_scale1_easy,real_previous_registration,148,95,0.011227010870825909,0.008582608094263096,0.1493398722851595,161.99205649450926,-0.22698211674624053,1,0.038359587220767453,1
real_20260706_130424_table_cluster004_table1_refined_from_identity_scale1_easy,real_previous_registration,149,489,0.06299244221534457,0.036770690215313415,0.7544409659081809,222.53307692076876,1.0171951948047393,0,0.07529064890023343,1
real_20260706_130424_table_cluster004_table1_refined_from_identity_scale1_easy,real_previous_registration,150,252,0.03823124818765521,0.024242696942539457,0.9923865327155985,195.63996951457503,0.14004588915398097,0,0.05143813486803343,1
real_20260706_130424_table_cluster004_table1_refined_from_identity_scale1_easy,real_previous_registration,151,98,0.05139400385655989,0.04889401586238615,0.9469901199397549,220.15526697943844,-0.20739503631047718,0,0.027145775377247106,1
real_20260706_130424_table_cluster004_table1_refined_from_identity_scale1_easy,real_previous_registration,152,495,0.016673655962314862,0.012353813973372896,0.7639116714889853,241.01384691551107,-0.32750331528729587,1,0.028346726460735928,1
real_20260706_130424_table_cluster004_table1_refined_from_identity_scale1_easy,real_previous_registration,153,32,0.028699717645871595,0.025749719214288314,0.9719083164362916,209.48656914901375,0.1823213567941745,1,0.048132953958057556,1
real_20260706_130424_table_cluster004_table1_refined_from_identity_scale1_easy,real_previous_registration,154,482,0.0474045320378416,0.024130460127264296,0.7496026458417611,231.2288692056843,0.0870112860806339,0,0.03967128147204933,1
real_20260706_130424_table_cluster004_table1_refined_from_identity_scale1_easy,real_previous_registration,155,44,0.07284049880893172,0.026587173574335876,0.8199992413997655,260.25258721883273,1.0861880020060364,0,0.08756821757894497,1
real_20260706_130424_table_cluster004_table1_refined_from_identity_scale1_easy,real_previous_registration,156,355,0.02137213549417907,0.013326920461756276,0.94682390133635,170.77831597588482,-0.11778289929290518,1,0.01918455902873568,1
real_20260706_130424_table_cluster004_table1_refined_from_identity_scale1_easy,real_previous_registration,157,295,0.057074333105716746,0.04954286873476517,0.992295510029087,273.11193219668445,1.828122077702179,0,0.06449132334070802,1
real_20260706_130424_table_cluster004_table1_refined_from_identity_scale1_easy,real_previous_registration,158,445,0.036454100351708776,0.009417125098891423,0.9996409787493495,258.498085492033,0.575363394904566,0,0.034523441257996744,1
real_20260706_130424_table_cluster004_table1_refined_from_identity_scale1_easy,real_previous_registration,159,393,0.04393907009847465,0.03101931648879136,0.8981797164387142,140.62096623345917,0.13353124976753267,1,0.03277557680196575,1
real_20260706_130424_table_cluster004_table1_refined_from_identity_scale1_easy,real_previous_registration,160,47,0.05605386516200533,0.005571020007444388,0.7789239292790358,234.99938158070808,0.6198148995709486,0,0.03861826081126701,1
real_20260706_130424_table_cluster004_table1_refined_from_identity_scale1_easy,real_previous_registration,161,254,0.024329075265006588,0.012590722399330451,0.9930429432690767,172.5075462807701,-0.016000327521568408,0,0.02745501350953043,1
real_20260706_130424_table_cluster004_table1_refined_from_identity_scale1_easy,real_previous_registration,162,595,0.13423356633122469,0.13094021498804675,0.13687608140003305,274.1746553546386,0.5063706377031396,0,0.1417644209894906,0
real_20260706_130424_table_cluster004_table1_refined_from_identity_scale1_easy,real_previous_registration,163,15,0.019480670787171913,0.0027490891088046256,0.9848743264365493,185.6020482341697,-0.14953161300331977,1,0.03874100222774435,1
real_20260706_130424_table_cluster004_table1_refined_from_identity_scale1_easy,real_previous_registration,164,100,0.07978303727314126,0.05485431112181782,0.9780165631529112,138.29789937617554,0.2876817391188364,0,0.08007170078428488,1
real_20260706_130424_table_cluster004_table1_refined_from_identity_scale1_easy,real_previous_registration,165,519,0.07146628589492743,0.029211936570726703,0.9566008612733051,280.34790059349604,0.9808275863481151,0,0.07191938168348101,1
real_20260706_130424_table_cluster004_table1_refined_from_identity_scale1_easy,real_previous_registration,166,282,0.027297147612471914,0.011869299500884202,0.7491683091874132,269.95993787106295,-0.08004263075053339,1,0.017988562466601177,1
real_20260706_130424_table_cluster004_table1_refined_from_identity_scale1_easy,real_previous_registration,167,539,0.01909997151514689,0.01856734582821444,0.9273752030244251,180.42869880571138,-0.6438756385465599,1,0.023047969992258256,1
real_20260706_130424_table_cluster004_table1_refined_from_identity_scale1_easy,real_previous_registration,168,312,0.015978961724629204,0.01546491092947479,0.9527333238849328,123.08824501649339,0.05211595600016408,1,0.036690509533686556,1
real_20260706_130424_table_cluster004_table1_refined_from_identity_scale1_easy,real_previous_registration,169,484,0.07343412200654562,0.03658350192432735,0.7394840075113447,291.2983003291797,0.8754673373562798,0,0.07729450124217879,1
real_20260706_130424_table_cluster004_table1_refined_from_identity_scale1_easy,real_previous_registration,170,562,0.029154371550064506,0.003887354443746549,0.4741160584667158,128.61210243563661,-0.060624533581269346,0,0.05502315362167291,1
real_20260706_130424_table_cluster004_table1_refined_from_identity_scale1_easy,real_previous_registration,171,51,0.0510993064049928,0.01773635783118882,0.4929136839300167,293.74703301408306,0.6131036267337668,0,0.05724849288567316,1
real_20260706_130424_table_cluster004_table1_refined_from_identity_scale1_easy,real_previous_registration,172,212,0.04054774908123978,0.01104822317836611,0.0726791002039446,229.60829369837472,0.47000302924651544,0,0.0606998831005989,1
real_20260706_130424_table_cluster004_table1_refined_from_identity_scale1_easy,real_previous_registration,173,182,0.048828101771686075,0.035762866126756276,0.9616057910237465,156.4931994916467,0.11860556346074891,0,0.011830725111250022,1
real_20260706_130424_table_cluster004_table1_refined_from_identity_scale1_easy,real_previous_registration,174,10,0.04861156143178735,0.025281669726573086,0.9641105102962371,196.05871164004984,0.07327211186158326,0,0.07109712830656338,1
real_20260706_130424_table_cluster004_table1_refined_from_identity_scale1_easy,real_previous_registration,175,107,0.03773957128669296,0.010300904752761868,0.7566737753740713,237.58000728096252,0.5147389550730616,0,0.03043159236430405,1
real_20260706_130424_table_cluster004_table1_refined_from_identity_scale1_easy,real_previous_registration,176,17,0.05171848777456031,0.028105467318019772,0.9936888320316397,231.76781849592842,2.447155360338152,0,0.04035930241206389,1
real_20260706_130424_table_cluster004_table1_refined_from_identity_scale1_easy,real_previous_registration,177,600,0.062054535615614845,0.0020554019462930492,0.809128481749547,254.92431261259193,0.5389957864479419,0,0.048067076692787356,1
real_20260706_130424_table_cluster004_table1_refined_from_identity_scale1_easy,real_previous_registration,178,445,0.14592239838881726,0.014124569242891382,0.9996573426159947,281.89289490315616,0.5389957864479419,0,0.15318584319377848,0
real_20260706_130424_table_cluster004_table1_refined_from_identity_scale1_easy,real_previous_registration,179,348,0.09535743073301152,0.07013552012408898,0.12207792993325699,175.4346017322362,0.5753606449254367,0,0.09921945775244452,1
real_20260706_130424_table_cluster004_table1_refined_from_identity_scale1_easy,real_previous_registration,180,568,0.09741132008094674,0.09533971571097072,0.9705199890245397,269.1742145185853,1.1349778971287339,0,0.07819430582743232,1
real_20260706_130424_table_cluster004_table1_refined_from_identity_scale1_easy,real_previous_registration,181,555,0.0871179872920828,0.08118547100358382,0.5835712235754251,295.7950967393563,0.8165249841898977,0,0.07374791368692933,1
real_20260706_130424_table_cluster004_table1_refined_from_identity_scale1_easy,real_previous_registration,182,508,0.03234139652331763,0.0017927669446292493,0.07730098105260577,220.8624424008735,0.49532071607725064,0,0.03461535690885969,1
real_20260706_130424_table_cluster004_table1_refined_from_identity_scale1_easy,real_previous_registration,183,302,0.07486179838633081,0.049364174241629324,0.954467847174753,217.56308127106425,0.575363394904566,0,0.08904042876439888,1
real_20260706_130424_table_cluster004_table1_refined_from_identity_scale1_easy,real_previous_registration,184,391,0.058287214907549525,0.020858331999502946,0.9456765404447474,186.81075291392426,0.08288755374529727,0,0.07171033779735378,1
real_20260706_130424_table_cluster004_table1_refined_from_identity_scale1_easy,real_previous_registration,185,76,0.06121871065168107,0.0369530218884526,0.7225859633231353,256.86245277252493,0.6771459958966217,0,0.06839961081176234,1
real_20260706_130424_table_cluster004_table1_refined_from_identity_scale1_easy,real_previous_registration,186,168,0.03179730757273206,0.005471919038090851,0.7704321946861344,229.62089715256488,0.40546460810878937,0,0.022793805409030955,1
real_20260706_130424_table_cluster004_table1_refined_from_identity_scale1_easy,real_previous_registration,187,289,0.0529118215983848,0.03863215348636258,0.7709783839636314,201.94644650323056,0.5288432331663266,0,0.05805126989477209,1
real_20260706_130424_table_cluster004_table1_refined_from_identity_scale1_easy,real_previous_registration,188,6,0.04347859961985535,0.02230913219801759,0.38146426973188635,194.83185314687213,0.6241531947893331,0,0.05695480023647001,1
real_20260706_130424_table_cluster004_table1_refined_from_identity_scale1_easy,real_previous_registration,189,216,0.08773033534306723,0.014718994623302683,0.15842422912396134,119.8564659971388,0.5753606449254367,0,0.056867190441908536,1
real_20260706_130424_table_cluster004_table1_refined_from_identity_scale1_easy,real_previous_registration,190,6,0.035546362340674,0.0018680791562910026,0.3620142749801035,194.37740280897142,0.6241531947893331,1,0.051881328068798326,1
real_20260706_130424_table_cluster004_table1_refined_from_identity_scale1_easy,real_previous_registration,191,436,0.07781126780569239,0.05417085084413831,0.9936888320316423,255.34497079819366,3.1402905411140933,0,0.08884136730213255,1
real_20260706_130424_table_cluster004_table1_refined_from_identity_scale1_easy,real_previous_registration,192,278,0.09967660045097702,0.07808209188593436,0.6659817521134602,250.44240997161427,1.0522864813648096,0,0.08924483204605779,1
real_20260706_130424_table_cluster004_table1_refined_from_identity_scale1_easy,real_previous_registration,193,4,0.050971646752059833,0.0327973835409374,0.614013787214426,305.57030201863114,1.5308718284035172,1,0.061516025700229515,1
real_20260706_130424_table_cluster004_table1_refined_from_identity_scale1_easy,real_previous_registration,194,30,0.014288004556052262,0.01316293088643903,0.8991805119640928,145.57370649344523,0.30207053785443777,1,0.018780652090969265,1
real_20260706_130424_table_cluster004_table1_refined_from_identity_scale1_easy,real_previous_registration,195,258,0.0854014455836548,0.08004913124152407,0.951110015230803,261.84402449763667,0.7801573757332734,1,0.06883594749255147,1
real_20260706_130424_table_cluster004_table1_refined_from_identity_scale1_easy,real_previous_registration,196,585,0.0693738399968004,0.025728977680551216,0.9395553760194045,196.2682619811376,1.067839198185273,0,0.06596234928456529,1
real_20260706_130424_table_cluster004_table1_refined_from_identity_scale1_easy,real_previous_registration,197,600,0.0595779897621946,0.011961112332056538,0.7958454198322791,264.1443678527063,0.7088946669934834,0,0.05951419737388361,1
real_20260706_130424_table_cluster004_table1_refined_from_identity_scale1_easy,real_previous_registration,198,51,0.10042193658166998,0.06365487082566978,0.49291368393005247,292.0749661663958,0.5753633372124192,0,0.11107910772475017,0
real_20260706_130424_table_cluster004_table1_refined_from_identity_scale1_easy,real_previous_registration,199,518,0.011636241102501497,0.0029272684361047675,0.44061843701012804,182.37884590025547,-0.6198744371200128,1,0.025658312736625857,1
real_20260706_130424_table_cluster004_table1_refined_from_identity_scale1_easy,real_previous_registration,200,272,0.09926989838138814,0.07349921073374321,0.9936888320316561,212.57627657243538,2.521263258316124,0,0.11159298386361409,0
real_20260706_130424_table_cluster004_table1_refined_from_identity_scale1_easy,real_previous_registration,201,256,0.05088452432973752,0.0485575741837602,0.828403150705383,91.52244453601907,-0.1867755785724861,1,0.0608099475215959,1
real_20260706_130424_table_cluster004_table1_refined_from_identity_scale1_easy,real_previous_registration,202,437,0.01683216772369496,0.015982137036024135,0.6898905480249979,91.03797593779596,0.09579096024618501,1,0.03391410816438672,1
real_20260706_130424_table_cluster004_table1_refined_from_identity_scale1_easy,real_previous_registration,203,47,0.06561888720457118,0.019328212521906488,0.7694051049898571,238.19593929348716,0.5753631903597345,0,0.06752046857316096,1
real_20260706_130424_table_cluster004_table1_refined_from_identity_scale1_easy,real_previous_registration,204,216,0.0494409434006381,0.04267125386548715,0.16237643724193254,128.37266357096678,0.5753606449254367,0,0.049422283294063785,1
real_20260706_130424_table_cluster004_table1_refined_from_identity_scale1_easy,real_previous_registration,205,112,0.04852111980489434,0.02473421462100462,0.8385316517564315,258.8526890857668,1.0171951948047393,0,0.048355384876084616,1
real_20260706_130424_table_cluster004_table1_refined_from_identity_scale1_easy,real_previous_registration,206,112,0.07145462905389953,0.032914253879576645,0.8385227510302297,259.3523334355335,0.9808275863481151,0,0.08444161346691227,1
real_20260706_130424_table_cluster004_table1_refined_from_identity_scale1_easy,real_previous_registration,207,433,0.05539699885096142,0.049479667555452245,0.9483488298767372,231.86416280787586,0.5063706377031396,1,0.06633359675514085,1
real_20260706_130424_table_cluster004_table1_refined_from_identity_scale1_easy,real_previous_registration,208,490,0.06292570059736556,0.03942833009403222,0.9757201671212586,215.61111342808695,-0.08141531608875312,0,0.060382696478732324,1
real_20260706_130424_table_cluster004_table1_refined_from_identity_scale1_easy,real_previous_registration,209,257,0.014484380710010411,0.011851780229357387,0.9883673525151835,201.67142647682502,-0.22698211674624053,1,0.03300053340355365,1
real_20260706_130424_table_cluster004_table1_refined_from_identity_scale1_easy,real_previous_registration,210,462,0.041940642444262044,0.006912498446647056,0.9888116676721651,177.94925593812894,-0.3184534583914974,0,0.03222436597569837,1
real_20260706_130424_table_cluster004_table1_refined_from_identity_scale1_easy,real_previous_registration,211,380,0.031166460223984283,0.008525482297777548,0.978860483551617,191.181090598834,-0.2355658942295674,0,0.046473822070492964,1
real_20260706_130424_table_cluster004_table1_refined_from_identity_scale1_easy,real_previous_registration,212,289,0.05627111993019871,0.05167077831534331,0.7932907534503031,207.60520742467,0.8165249841898977,0,0.061565252667553715,1
real_20260706_130424_table_cluster004_table1_refined_from_identity_scale1_easy,real_previous_registration,213,324,0.08502160145530284,0.06833714608917901,0.902038658260789,271.15157876096333,0.6554058910400975,0,0.0633714048413944,1
real_20260706_130424_table_cluster004_table1_refined_from_identity_scale1_easy,real_previous_registration,214,137,0.058651177584360364,0.05806930352460013,0.8775339541126745,216.62896568649086,-0.2896330804121465,0,0.03293722313301783,1
real_20260706_130424_table_cluster004_table1_refined_from_identity_scale1_easy,real_previous_registration,215,132,0.056180999768989465,0.024922302692777995,0.9979677590374545,170.35851856629762,0.5288432331663266,0,0.05295810736400382,1
real_20260706_130424_table_cluster004_table1_refined_from_identity_scale1_easy,real_previous_registration,216,273,0.03404702116595471,0.019211236248760557,0.19419005135397488,220.94974955176517,0.021978880631849596,1,0.030323315324785168,1
real_20260706_130424_table_cluster004_table1_refined_from_identity_scale1_easy,real_previous_registration,217,47,0.03640580739814995,0.03400753932741636,0.7894495622274462,238.9349334707941,0.8165249841898977,0,0.036396372898234296,1
real_20260706_130424_table_cluster004_table1_refined_from_identity_scale1_easy,real_previous_registration,218,230,0.03439427542716586,0.019602181916796472,0.8213369703265384,239.08476226582215,0.23361458802390822,0,0.023366532641942262,1
real_20260706_130424_table_cluster004_table1_refined_from_identity_scale1_easy,real_previous_registration,219,391,0.029012589395924503,0.028464499173147348,0.952076339611292,186.27003502321926,0.08288755374529727,0,0.02733930355050541,1
real_20260706_130424_table_cluster004_table1_refined_from_identity_scale1_easy,real_previous_registration,220,324,0.07529322027318124,0.05104298845665784,0.9020386582607804,271.2162645897356,0.7295137890180693,0,0.06834347308067536,1
real_20260706_130424_table_cluster004_table1_refined_from_identity_scale1_easy,real_previous_registration,221,435,0.051274493439852804,0.019596731196072456,0.8849444628806228,281.45136610522167,0.21868896525079856,0,0.05488752343579427,1
real_20260706_130424_table_cluster004_table1_refined_from_identity_scale1_easy,real_previous_registration,222,595,0.11408704493237358,0.10461094843924779,0.13694815236984725,275.61848813172634,0.4322627397251677,0,0.11909791619721867,0
real_20260706_130424_table_cluster004_table1_refined_from_identity_scale1_easy,real_previous_registration,223,494,0.01708389880067996,0.007802552302357902,0.9686456427150547,156.97859419234513,-0.20479418537353897,1,0.03418633036459701,1
real_20260706_130424_table_cluster004_table1_refined_from_identity_scale1_easy,real_previous_registration,224,454,0.008763192325279152,0.0016652720430058582,0.9594001819477386,177.46777920829516,-0.2848368161240724,1,0.02471059869061728,1
real_20260706_130424_table_cluster004_table1_refined_from_identity_scale1_easy,real_previous_registration,225,71,0.03809982478083833,0.026886150018537138,0.9875296337817218,187.94511645431976,-0.26296485039967576,1,0.03335568684027064,1
real_20260706_130424_table_cluster004_table1_refined_from_identity_scale1_easy,real_previous_registration,226,276,0.06648377057587031,0.05990536953991374,0.7593809478778478,209.45774970355555,0.2876816438809951,0,0.06852078981549294,1
real_20260706_130424_table_cluster004_table1_refined_from_identity_scale1_easy,real_previous_registration,227,22,0.03559500862433782,0.021138616910153216,0.9847685913347042,201.29753295791969,0.3204715662428543,0,0.0328622806411027,1
real_20260706_130424_table_cluster004_table1_refined_from_identity_scale1_easy,real_previous_registration,228,466,0.07080989518957213,0.031703928383230884,0.9035728308088344,241.2391627922387,0.21868896525079856,0,0.06972476823580609,1
real_20260706_130424_table_cluster004_table1_refined_from_identity_scale1_easy,real_previous_registration,229,318,0.043769016237776924,0.029241443845944605,0.5750189894402454,176.27641736610167,0.4883519951879061,0,0.050346270688632816,1
real_20260706_130424_table_cluster004_table1_refined_from_identity_scale1_easy,real_previous_registration,230,62,0.007988166720656747,0.0018104260973941142,0.5370354600966912,135.13232364442288,-0.5624683923028383,1,0.03987708949159246,1
real_20260706_130424_table_cluster004_table1_refined_from_identity_scale1_easy,real_previous_registration,231,313,0.06583882468554066,0.020873464178353188,0.8042802383582249,250.51007605906503,0.6131036267337668,0,0.06737966488980238,1
real_20260706_130424_table_cluster004_table1_refined_from_identity_scale1_easy,real_previous_registration,232,541,0.026487664437819282,0.010708940634253265,0.2558412174355216,252.3679514517996,0.7512538361824467,0,0.018287272396761763,1
real_20260706_130424_table_cluster004_table1_refined_from_identity_scale1_easy,real_previous_registration,233,489,0.08651224792415792,0.057248793215368875,0.7473893510680079,250.65035439004788,1.0171951948047393,0,0.09433208226564686,1
real_20260706_130424_table_cluster004_table1_refined_from_identity_scale1_easy,real_previous_registration,234,17,0.08809018897046497,0.022275557097946153,0.9936888320316409,228.095548058503,2.447155360338152,0,0.08739629356655218,1
real_20260706_130424_table_cluster004_table1_refined_from_identity_scale1_easy,real_previous_registration,235,337,0.03419423781376365,0.026074489636148158,0.8407566845383945,111.97718570142399,-0.3225771099189163,0,0.0361800791725025,1
real_20260706_130424_table_cluster004_table1_refined_from_identity_scale1_easy,real_previous_registration,236,293,0.10990068519401176,0.08954039682609398,0.9933262589046057,205.5849960245963,-0.11778228566116468,0,0.11327923001396861,0
real_20260706_130424_table_cluster004_table1_refined_from_identity_scale1_easy,real_previous_registration,237,212,0.06688863648710613,0.06288464252593859,0.05962410077721934,237.67778943530965,0.6399019097920569,0,0.08787165016100812,1
real_20260706_130424_table_cluster004_table1_refined_from_identity_scale1_easy,real_previous_registration,238,57,0.06748064544926038,0.02720171166030201,0.9860184227729837,225.6996601046679,-0.24294598449289825,0,0.07303213407171369,1
real_20260706_130424_table_cluster004_table1_refined_from_identity_scale1_easy,real_previous_registration,239,34,0.01839544382315145,0.007634962646816012,0.9518642217267802,211.20438584637805,-0.004454346063670249,1,0.018740289329433765,1
real_20260706_130424_table_cluster004_table1_refined_from_identity_scale1_easy,real_previous_registration,240,434,0.043927912550979414,0.012058233032000385,0.9196937469908784,242.35770209849824,-0.1541505369702482,0,0.04992372432538733,1
real_20260706_130424_table_cluster004_table1_refined_from_identity_scale1_easy,real_previous_registration,241,324,0.04431473337037841,0.04258135012079682,0.902038658260749,274.652969620515,0.6554058910400975,1,0.023501155355199678,1
real_20260706_130424_table_cluster004_table1_refined_from_identity_scale1_easy,real_previous_registration,242,443,0.06147597112144067,0.05460946773477919,0.7940274774501616,289.85054442572385,1.0986102886721099,1,0.06235043953518038,1
real_20260706_130424_table_cluster004_table1_refined_from_identity_scale1_easy,real_previous_registration,243,171,0.05684001665568714,0.007176775846386343,0.33109242115703286,237.28561109438192,0.1823213567941745,0,0.043439005616127305,1
real_20260706_130424_table_cluster004_table1_refined_from_identity_scale1_easy,real_previous_registration,244,451,0.040214809797676304,0.02990377058495977,0.9671847349336055,179.29081275142062,-0.3860466896721673,0,0.03281914283196572,1
real_20260706_130424_table_cluster004_table1_refined_from_identity_scale1_easy,real_previous_registration,245,500,0.03799487713368608,0.02885925300457007,0.0820460015811294,153.75520785736916,-0.26088364083573745,1,0.03188490061149484,1
real_20260706_130424_table_cluster004_table1_refined_from_identity_scale1_easy,real_previous_registration,246,466,0.07826435955159416,0.028201123751955035,0.9038138410956739,266.79031197759446,0.1823213567941745,0,0.09142635375465541,1
real_20260706_130424_table_cluster004_table1_refined_from_identity_scale1_easy,real_previous_registration,247,422,0.04225378731028717,0.03807754126588507,0.11791161633641652,175.16183469381167,-0.2231433513143898,1,0.038451344287910576,1
real_20260706_130424_table_cluster004_table1_refined_from_identity_scale1_easy,real_previous_registration,248,269,0.07407377663407773,0.06105187214750601,0.12207150167686356,81.93096664000154,0.1053603956579631,0,0.08391884680980227,1
real_20260706_130424_table_cluster004_table1_refined_from_identity_scale1_easy,real_previous_registration,249,554,0.04466005569350948,0.041980149173003224,0.5822751856064458,230.5142152379796,-0.20116443068261922,0,0.08066600723914764,1
real_20260706_130424_table_cluster004_table1_refined_from_identity_scale1_easy,real_previous_registration,250,423,0.0413612686215774,0.001463307276493076,0.931326199271877,218.77047611760295,0.3448400745275201,0,0.043890620869098555,1
real_20260706_130424_table_cluster004_table1_refined_from_identity_scale1_easy,real_previous_registration,251,148,0.06272486227566232,0.04604855222051088,0.963740618932522,245.4656703361436,0.5753633372124192,1,0.048418620465279616,1
real_20260706_130424_table_cluster004_table1_refined_from_identity_scale1_easy,real_previous_registration,252,388,0.1004933231689853,0.06497387409833985,0.8927450352690149,276.63926947544394,2.079434541711336,0,0.10390938189217255,0
real_20260706_130424_table_cluster004_table1_refined_from_identity_scale1_easy,real_previous_registration,253,359,0.05300692748605889,0.007525718522121066,0.28891192239038604,241.25069213116723,0.12733926295651146,0,0.04019589845312131,1
real_20260706_130424_table_cluster004_table1_refined_from_identity_scale1_easy,real_previous_registration,254,384,0.04619011259960047,0.011720463480392549,0.940684718441881,242.86262107710513,0.6443562021058633,0,0.042383159028981605,1
real_20260706_130424_table_cluster004_table1_refined_from_identity_scale1_easy,real_previous_registration,255,434,0.05899569192252937,0.0421820427534447,0.9342022655424675,227.64726469071854,-0.40546467953719495,0,0.044565875765150656,1
real_20260706_130424_table_cluster004_table1_refined_from_identity_scale1_easy,real_previous_registration,256,423,0.0792773266253286,0.029043027897331215,0.930643082176305,251.2469859149304,0.3070997850061723,0,0.06624959258018143,1
real_20260706_130424_table_cluster004_table1_refined_from_identity_scale1_easy,real_previous_registration,257,452,0.08963532193105951,0.08443220864911698,0.9904630342545983,263.4561131230489,0.5389957864479419,0,0.062447501540316544,1
real_20260706_130424_table_cluster004_table1_refined_from_identity_scale1_easy,real_previous_registration,258,145,0.04163163203563257,0.030469171800501224,0.8886588129427082,242.24653228686623,-0.2231433513143898,1,0.07018934484171727,1
real_20260706_130424_table_cluster004_table1_refined_from_identity_scale1_easy,real_previous_registration,259,139,0.02413419500330955,0.009614944899357315,0.930883501097259,289.95059583138914,0.9430872968267675,0,0.02341440080497181,1
real_20260706_130424_table_cluster004_table1_refined_from_identity_scale1_easy,real_previous_registration,260,445,0.03172986458931743,0.010479340547280329,0.9998067232450022,250.75292531500594,0.6771459958966217,0,0.0387382748813385,1
real_20260706_130424_table_cluster004_table1_refined_from_identity_scale1_easy,real_previous_registration,261,295,0.05429972656129242,0.0442909925303112,0.9920063112296628,260.8973201077923,1.754014179724207,1,0.05884873353376452,1
real_20260706_130424_table_cluster004_table1_refined_from_identity_scale1_easy,real_previous_registration,262,273,0.05051492783543024,0.017610044020112424,0.1991541830502218,217.17668473115458,0.021978880631849596,0,0.03291039309518744,1
real_20260706_130424_table_cluster004_table1_refined_from_identity_scale1_easy,real_previous_registration,263,47,0.08561602321737613,0.060470342801687955,0.7985225083982039,244.00968199751856,0.9500562562788148,0,0.09187404074291336,1
real_20260706_130424_table_cluster004_table1_refined_from_identity_scale1_easy,real_previous_registration,264,531,0.10765715193934276,0.08033514151661879,0.36393216891937075,275.0812218732811,1.6049797263814893,0,0.10126854564044245,0
real_20260706_130424_table_cluster004_table1_refined_from_identity_scale1_easy,real_previous_registration,265,139,0.02349426352844721,0.0009376421833383981,0.9308835010972719,293.19425858345863,1.0171951948047393,1,0.030107170514913163,1
real_20260706_130424_table_cluster004_table1_refined_from_identity_scale1_easy,real_previous_registration,266,404,0.02318713307926823,0.002096668360675052,0.9963363839908874,173.87331022628018,-0.33484730807840984,1,0.02667939255714209,1
real_20260706_130424_table_cluster004_table1_refined_from_identity_scale1_easy,real_previous_registration,267,396,0.030339332737257762,0.023100190694829006,0.9454941784424625,160.32433827184346,-0.20875457162636737,0,0.03899211516074918,1
real_20260706_130424_table_cluster004_table1_refined_from_identity_scale1_easy,real_previous_registration,268,187,0.04170580020759321,0.015033273662918465,0.962297399109867,252.16301490633106,0.09732825492838551,0,0.05818601978190062,1
real_20260706_130424_table_cluster004_table1_refined_from_identity_scale1_easy,real_previous_registration,269,340,0.05479849273230165,0.024618262274884034,0.5856768312493951,129.91950892036527,-0.004454346063670249,0,0.06800430667209946,1
real_20260706_130424_table_cluster004_table1_refined_from_identity_scale1_easy,real_previous_registration,270,139,0.04740428119559382,0.022446047121246256,0.931292218087651,287.29837278543977,1.0171951948047393,0,0.05667334074748774,1
real_20260706_130424_table_cluster004_table1_refined_from_identity_scale1_easy,real_previous_registration,271,50,0.07779898366415543,0.06681661150119982,0.646919680560455,291.0409577116813,0.14458106727282669,0,0.07775295131245126,1
real_20260706_130424_table_cluster004_table1_refined_from_identity_scale1_easy,real_previous_registration,272,112,0.11045029318417446,0.033298184749391384,0.8385146336811747,278.49205300826515,0.9808275863481151,0,0.12280713743198539,0
real_20260706_130424_table_cluster004_table1_refined_from_identity_scale1_easy,real_previous_registration,273,17,0.052125437971452214,0.03324916435436509,0.9936888320316514,230.82226290687822,2.521263258316124,0,0.042156742252881324,1
real_20260706_130424_table_cluster004_table1_refined_from_identity_scale1_easy,real_previous_registration,274,384,0.08403841225409278,0.00890713606673432,0.9524033842455168,240.15950287462792,0.6771459958966217,0,0.07490327696600774,1
real_20260706_130424_table_cluster004_table1_refined_from_identity_scale1_easy,real_previous_registration,275,44,0.07996073107684183,0.05994504056956915,0.7823234975700034,263.76929724411434,0.9808275863481151,0,0.09212801909553874,1
real_20260706_130424_table_cluster004_table1_refined_from_identity_scale1_easy,real_previous_registration,276,411,0.054231224032115506,0.002097433989143674,0.9831294277909287,114.52612428593712,-0.7308864316213722,0,0.08597439177655641,1
real_20260706_130424_table_cluster004_table1_refined_from_identity_scale1_easy,real_previous_registration,277,189,0.029381828643367098,0.02203982962153576,0.9561986267713128,163.85858246910666,0.12907692602524715,1,0.04418140430682688,1
real_20260706_130424_table_cluster004_table1_refined_from_identity_scale1_easy,real_previous_registration,278,70,0.04985375492133807,0.0007429187164733776,0.579170069377331,195.2624139881634,-0.5877861849025222,0,0.04352458295241044,1
real_20260706_130424_table_cluster004_table1_refined_from_identity_scale1_easy,real_previous_registration,279,267,0.038954543055953944,0.024758741897419147,0.2289373481922816,231.17692012944184,-1.2163915243377932,0,0.045530185036315854,1
real_20260706_130424_table_cluster004_table1_refined_from_identity_scale1_easy,real_previous_registration,280,430,0.024456153029544785,0.0036929113015882085,0.7011022859648253,85.99858566405365,0.09579096024618501,1,0.03658555767484804,1
real_20260706_130424_table_cluster004_table1_refined_from_identity_scale1_easy,real_previous_registration,281,615,0.027988192312638018,0.01794229686371113,0.9853188202355664,191.47300405295567,-0.2936734378522971,1,0.05172138686970877,1
real_20260706_130424_table_cluster004_table1_refined_from_identity_scale1_easy,real_previous_registration,282,443,0.09665937023949377,0.09089713311750125,0.794194133381417,289.39403821411986,1.0216493275358984,0,0.1053258389559805,0
real_20260706_130424_table_cluster004_table1_refined_from_identity_scale1_easy,real_previous_registration,283,268,0.037640708797046056,0.032543128687697674,0.9736293466029953,107.82958910226274,-0.11778291065651625,0,0.03980888842485041,1
real_20260706_130424_table_cluster004_table1_refined_from_identity_scale1_easy,real_previous_registration,284,348,0.13443078284963686,0.08272622392369477,0.9037251751675873,244.45848875302897,0.5753606449254367,0,0.14431296294247886,0
real_20260706_130424_table_cluster004_table1_refined_from_identity_scale1_easy,real_previous_registration,285,72,0.06294407760479134,0.041082364796852636,0.9750710806237106,191.9859468575111,1.2321412527265811,0,0.05001984913585281,1
real_20260706_130424_table_cluster004_table1_refined_from_identity_scale1_easy,real_previous_registration,286,112,0.028199660293913825,0.009208857348850831,0.8322166106196541,255.18853555641132,1.0522864813648096,1,0.03683865489679628,1
real_20260706_130424_table_cluster004_table1_refined_from_identity_scale1_easy,real_previous_registration,287,139,0.06770009153262879,0.0201891828954172,0.9308835010972545,281.4629860082335,1.0171951948047393,0,0.06464950950619776,1
real_20260706_130424_table_cluster004_table1_refined_from_identity_scale1_easy,real_previous_registration,288,398,0.03704846346002165,0.006087644859596715,0.9590216769800717,99.27030215671569,-0.2290083456896718,0,0.047238689541757584,1
real_20260706_130424_table_cluster004_table1_refined_from_identity_scale1_easy,real_previous_registration,289,251,0.029713415470700257,0.020356528771639994,0.8370418578698069,179.58735919676153,-0.39403601259843185,0,0.03178180216552802,1
real_20260706_130424_table_cluster004_table1_refined_from_identity_scale1_easy,real_previous_registration,290,167,0.09844687511355617,0.09258486719772756,0.966524656803504,252.47091780561306,0.6931461805614452,0,0.07101551513518989,1
real_20260706_130424_table_cluster004_table1_refined_from_identity_scale1_easy,real_previous_registration,291,78,0.05786618356154692,0.05747606436516221,0.9555932904681829,168.59524962593702,0.3930421547767577,1,0.04550461301162447,1
real_20260706_130424_table_cluster004_table1_refined_from_identity_scale1_easy,real_previous_registration,292,624,0.07174265762324859,0.014070321392546901,0.6114317675651649,213.47443048708695,-0.030771624575882367,0,0.04774543068566643,1
real_20260706_130424_table_cluster004_table1_refined_from_identity_scale1_easy,real_previous_registration,293,44,0.03251745935291095,0.006211198276871799,0.8299669374723421,254.7668927848496,1.118977795796795,1,0.04676557880504545,1
real_20260706_130424_table_cluster004_table1_refined_from_identity_scale1_easy,real_previous_registration,294,51,0.09455822130042017,0.04267050094575593,0.4929136839300171,275.01704681419534,0.6131036267337668,0,0.10198998725985488,0
real_20260706_130424_table_cluster004_table1_refined_from_identity_scale1_easy,real_previous_registration,295,226,0.0579116103050256,0.03364587247397546,0.9522911654756585,200.51624008634488,-0.14953161300331977,0,0.03498088710360017,1
real_20260706_130424_table_cluster004_table1_refined_from_identity_scale1_easy,real_previous_registration,296,543,0.031125022712096717,0.00609672221052466,0.9567572786756372,200.4223472154794,0.09579096024618501,0,0.024115425492265943,1
real_20260706_130424_table_cluster004_table1_refined_from_identity_scale1_easy,real_previous_registration,297,134,0.0684889923707361,0.05671462675695042,0.8731614533120464,284.9119196952171,1.0986102886721099,0,0.07806534019199578,1
real_20260706_130424_table_cluster004_table1_refined_from_identity_scale1_easy,real_previous_registration,298,70,0.04816595798722713,0.03498129077378039,0.5960916004014156,201.288874656065,-0.4054648081083895,0,0.04274783596852402,1
real_20260706_130424_table_cluster004_table1_refined_from_identity_scale1_easy,real_previous_registration,299,141,0.015575061378599597,0.0006262250607152273,0.3807735061709797,136.18146917176043,-0.7009287541420123,1,0.03164439641165302,1
real_20260706_130424_table_cluster004_table1_refined_from_identity_scale1_easy,real_previous_registration,300,17,0.13074949337527195,0.017289092428647512,0.993688832031653,225.1472879667137,2.447155360338152,0,0.12994796438229694,0
real_20260706_130424_table_cluster004_table1_refined_from_identity_scale1_easy,real_previous_registration,301,574,0.024438596875617332,0.0135094864346245,0.9439482963296257,123.45224061301757,-0.1541505369702482,1,0.044231018547639625,1
real_20260706_130424_table_cluster004_table1_refined_from_identity_scale1_easy,real_previous_registration,302,296,0.04279858431081884,0.0183590708045593,0.14116902170842965,130.12741519500116,0.7295134437811682,0,0.050159304760087425,1
real_20260706_130424_table_cluster004_table1_refined_from_identity_scale1_easy,real_previous_registration,303,412,0.041621674034118324,0.03148288942836178,0.9833008183425519,201.75687638629987,-0.05324447076884834,1,0.04454853897345679,1
real_20260706_130424_table_cluster004_table1_refined_from_identity_scale1_easy,real_previous_registration,304,52,0.022432628815568605,0.001497068936852597,0.9335387664471159,221.50071284826188,-0.08004263075053339,1,0.03607384175369922,1
real_20260706_130424_table_cluster004_table1_refined_from_identity_scale1_easy,real_previous_registration,305,521,0.06058987066001335,0.039272067635107086,0.8816380586186378,269.44005516685985,0.9808275863481151,0,0.07203240886442568,1
real_20260706_130424_table_cluster004_table1_refined_from_identity_scale1_easy,real_previous_registration,306,531,0.06472752430438133,0.03642740583891964,0.3633752527373275,243.10105555982054,1.4916511567886537,0,0.07468345375096666,1
real_20260706_130424_table_cluster004_table1_refined_from_identity_scale1_easy,real_previous_registration,307,388,0.12395658788620414,0.05591987934243642,0.8920143825176376,276.2772942859248,2.11580215016796,0,0.1314937354874755,0
real_20260706_130424_table_cluster004_table1_refined_from_identity_scale1_easy,real_previous_registration,308,63,0.0568025661580614,0.051080396001747554,0.9865906228576162,111.98665798562647,-0.2781254007077021,0,0.06937998911849952,1
real_20260706_130424_table_cluster004_table1_refined_from_identity_scale1_easy,real_previous_registration,309,586,0.030058566858800626,0.02669791793769556,0.998298395295548,154.75919195911337,0.28768179972476854,1,0.04931924455107492,1
real_20260706_130424_table_cluster004_table1_refined_from_identity_scale1_easy,real_previous_registration,310,108,0.03489627156494502,0.006749646385734031,0.691081950888493,253.88238203537222,-0.3897164788187894,1,0.044727157774910944,1
real_20260706_130424_table_cluster004_table1_refined_from_identity_scale1_easy,real_previous_registration,311,436,0.13734435815642645,0.0667667035330699,0.9936888320316426,256.70294062199724,3.1402905411140933,0,0.1356444243175844,0
real_20260706_130424_table_cluster004_table1_refined_from_identity_scale1_easy,real_previous_registration,312,25,0.024156250655364215,0.0208394604626412,0.9823448720645171,99.01092654944024,-0.16657299268321651,1,0.04163377327716836,1
real_20260706_130424_table_cluster004_table1_refined_from_identity_scale1_easy,real_previous_registration,313,357,0.03747731177067742,0.01856284766863743,0.19278183837210727,224.26390747417645,0.08288755374529727,0,0.04455528410839154,1
real_20260706_130424_table_cluster004_table1_refined_from_identity_scale1_easy,real_previous_registration,314,36,0.02405908692309483,0.016488385048005698,0.8980907084538673,225.42227498358494,0.1417280423684812,1,0.012882609309313365,1
real_20260706_130424_table_cluster004_table1_refined_from_identity_scale1_easy,real_previous_registration,315,612,0.02459887983893757,0.01523119454439349,0.978265492216639,215.83050699368127,0.20499014478422714,1,0.036874730022636054,1
real_20260706_130424_table_cluster004_table1_refined_from_identity_scale1_easy,real_previous_registration,316,139,0.08896279920821086,0.034911866218349616,0.9312013336360776,287.2151604869031,0.9808275863481151,0,0.09922382608021045,1
real_20260706_130424_table_cluster004_table1_refined_from_identity_scale1_easy,real_previous_registration,317,300,0.08865009541374234,0.06198811606963916,0.1498028466337434,202.06439386184852,0.9183075851819533,0,0.09647142514351728,1
real_20260706_130424_table_cluster004_table1_refined_from_identity_scale1_easy,real_previous_registration,318,139,0.06841613445345292,0.017487128168386937,0.9308835010972821,293.15324862834075,1.0171951948047393,0,0.0610370040204116,1
real_20260706_130424_table_cluster004_table1_refined_from_identity_scale1_easy,real_previous_registration,319,558,0.10717163188593662,0.08737960358058018,0.07471212845985778,255.98772894751943,0.5147389550730616,0,0.10204881749140124,0
real_20260706_130424_table_cluster004_table1_refined_from_identity_scale1_easy,real_previous_registration,320,124,0.05981243573072983,0.04761631546032476,0.8253517053901318,207.35163121674958,-0.4279376791119305,0,0.052153693614527846,1
real_20260706_130424_table_cluster004_table1_refined_from_identity_scale1_easy,real_previous_registration,321,312,0.05555762978573321,0.0006839427164884761,0.9973458271333804,85.77725638875745,-0.1177829245453773,0,0.053847286215394106,1
real_20260706_130424_table_cluster004_table1_refined_from_identity_scale1_easy,real_previous_registration,322,535,0.04744198424473657,0.03558503302355751,0.98925889811357,196.90936945836376,-0.5346764540085178,1,0.01903599482360375,1
real_20260706_130424_table_cluster004_table1_refined_from_identity_scale1_easy,real_previous_registration,323,519,0.11364073207500744,0.058254926150829604,0.9566008612733292,268.9362112028241,0.9430872968267675,0,0.0968870909163567,1
real_20260706_130424_table_cluster004_table1_refined_from_identity_scale1_easy,real_previous_registration,324,109,0.02053702365692847,0.0015884438179396396,0.762724418727881,227.43168399610383,-1.3705409684587777,1,0.048858424652750206,1
real_20260706_130424_table_cluster004_table1_refined_from_identity_scale1_easy,real_previous_registration,325,519,0.06016125896892791,0.0553121561278031,0.9566008612733536,267.7475152274863,0.9808275863481151,0,0.05172450739839599,1
real_20260706_130424_table_cluster004_table1_refined_from_identity_scale1_easy,real_previous_registration,326,48,0.03593976806273139,0.012314091455844868,0.13755423716051413,225.91566051087653,-0.24561613989383338,0,0.026739657883341796,1
real_20260706_130424_table_cluster004_table1_refined_from_identity_scale1_easy,real_previous_registration,327,99,0.0496667583681028,0.0164540579946788,0.7224787626747774,213.11652662237304,0.6706731519827409,0,0.04769367987853718,1
real_20260706_130424_table_cluster004_table1_refined_from_identity_scale1_easy,real_previous_registration,328,301,0.02207854048926803,0.018840049172013575,0.5309949994775537,159.07744923097144,-1.637605682265097,0,0.03528335924030628,1
real_20260706_130424_table_cluster004_table1_refined_from_identity_scale1_easy,real_previous_registration,329,470,0.038389535503472176,0.027981762826205094,0.9492738284701656,207.81101817394364,1.828122077702179,1,0.03780107362252595,1
real_20260706_130424_table_cluster004_table1_refined_from_identity_scale1_easy,real_previous_registration,330,433,0.055722665462687164,0.046982265157594884,0.9502034473145847,239.73659413265548,0.4322627397251677,0,0.0631953023489466,1
real_20260706_130424_table_cluster004_table1_refined_from_identity_scale1_easy,real_previous_registration,331,470,0.07339268549151312,0.011869943042628037,0.9491505942807819,225.4683546698116,1.828122077702179,0,0.07328822931278854,1
real_20260706_130424_table_cluster004_table1_refined_from_identity_scale1_easy,real_previous_registration,332,593,0.09679426776784873,0.09545911918427424,0.9865253251666474,252.869427888031,0.1823213567941745,1,0.07405910938700655,1
real_20260706_130424_table_cluster004_table1_refined_from_identity_scale1_easy,real_previous_registration,333,513,0.038819143157687294,0.01033006324232759,0.9324738193755624,234.64889303000353,0.7801573757332734,0,0.05202749978591339,1
real_20260706_130424_table_cluster004_table1_refined_from_identity_scale1_easy,real_previous_registration,334,302,0.042984622643307685,0.0398758894930082,0.9481388987952553,215.2357124911164,0.575363394904566,1,0.05289501801825203,1
real_20260706_130424_table_cluster004_table1_refined_from_identity_scale1_easy,real_previous_registration,335,560,0.1392759923715633,0.10930806855973726,0.23284910351437685,261.95503854501766,1.0171951948047393,0,0.12579129210141568,0
real_20260706_130424_table_cluster004_table1_refined_from_identity_scale1_easy,real_previous_registration,336,339,0.03177063929884673,0.01088756489772656,0.97343291425605,155.95870144352338,-0.1177829202718811,0,0.024203362683674,1
real_20260706_130424_table_cluster004_table1_refined_from_identity_scale1_easy,real_previous_registration,337,505,0.037964893398196954,0.0022824053551747845,0.9040160366440692,167.9519720499668,-0.1586048651768106,0,0.04261538362271559,1
real_20260706_130424_table_cluster004_table1_refined_from_identity_scale1_easy,real_previous_registration,338,275,0.037540973300665095,0.03738510407157719,0.23534893940158147,218.17926896469683,-2.2460099129486393,1,0.03380644750897612,1
real_20260706_130424_table_cluster004_table1_refined_from_identity_scale1_easy,real_previous_registration,339,470,0.07791154787882038,0.0426098411756141,0.9501418452934453,238.18156970531464,1.754014179724207,0,0.061909688055377984,1
real_20260706_130424_table_cluster004_table1_refined_from_identity_scale1_easy,real_previous_registration,340,268,0.023858856816116353,0.010092931450160523,0.9968254449471762,141.90452063065766,-0.16034247616232483,1,0.04476604440653411,1
real_20260706_130424_table_cluster004_table1_refined_from_identity_scale1_easy,real_previous_registration,341,552,0.06168971153517405,0.040873908254238145,0.935548242823791,285.6113087828746,0.9430872968267675,0,0.06795663322643279,1
real_20260706_130424_table_cluster004_table1_refined_from_identity_scale1_easy,real_previous_registration,342,190,0.12109367223100687,0.056885500775696686,0.7887803788962139,201.19655025734644,0.4418306094324575,0,0.1189911281614435,0
real_20260706_130424_table_cluster004_table1_refined_from_identity_scale1_easy,real_previous_registration,343,240,0.03970767016021743,0.023832746420914954,0.6748979262506517,175.5216173520596,-0.2848368161240724,0,0.049507011361833775,1
real_20260706_130424_table_cluster004_table1_refined_from_identity_scale1_easy,real_previous_registration,344,210,0.06566560495623434,0.03826548028357737,0.9837687153329888,194.89052883056993,-0.3340058797584144,0,0.07896149742068033,1
real_20260706_130424_table_cluster004_table1_refined_from_identity_scale1_easy,real_previous_registration,345,187,0.020029983376715205,0.01866894646029889,0.9623335118788016,254.8772878532933,0.09732825492838551,1,0.054151017515845425,1
real_20260706_130424_table_cluster004_table1_refined_from_identity_scale1_easy,real_previous_registration,346,545,0.08184279152433781,0.0625982564405612,0.1622094180481891,244.4695230547388,1.118977795796795,0,0.07621504108987848,1
real_20260706_130424_table_cluster004_table1_refined_from_identity_scale1_easy,real_previous_registration,347,592,0.016846515373359093,0.004901098234326483,0.6184465390000047,257.4750006086597,-0.4214651499156511,1,0.028560578489722478,1
real_20260706_130424_table_cluster004_table1_refined_from_identity_scale1_easy,real_previous_registration,348,480,0.07687992451574195,0.04382923310672192,0.8812626777522014,215.12823082994564,-0.5232463104377839,1,0.07126953506758021,1
real_20260706_130424_table_cluster004_table1_refined_from_identity_scale1_easy,real_previous_registration,349,105,0.04138780975067741,0.011755423047395233,0.9866406954151618,262.1142126888283,0.6554058910400975,0,0.05476504410090187,1
real_20260706_130424_table_cluster004_table1_refined_from_identity_scale1_easy,real_previous_registration,350,195,0.10369062028966938,0.09854166843489863,0.8960329524571302,263.7809267418363,1.491651776785312,0,0.09393954004060553,1
real_20260706_130424_table_cluster004_table1_refined_from_identity_scale1_easy,real_previous_registration,351,390,0.0619521329600808,0.02971214479289873,0.9766408971971373,203.92441916661716,0.3448400745275201,0,0.06701033991651391,1
real_20260706_130424_table_cluster004_table1_refined_from_identity_scale1_easy,real_previous_registration,352,445,0.03719042102393674,0.011416607858828004,0.9996389316764294,257.55925054229687,0.575363394904566,0,0.04663366751419715,1
real_20260706_130424_table_cluster004_table1_refined_from_identity_scale1_easy,real_previous_registration,353,132,0.04953922696537914,0.01733994919910753,0.9920519453249736,197.59787518418082,0.5753631903597345,0,0.05820813245907273,1
real_20260706_130424_table_cluster004_table1_refined_from_identity_scale1_easy,real_previous_registration,354,555,0.028049013653477523,0.02181237793394621,0.5835712235754401,295.6974503171028,0.7801573757332734,1,0.022705744412273195,1
real_20260706_130424_table_cluster004_table1_refined_from_identity_scale1_easy,real_previous_registration,355,398,0.03281852674093576,0.002515402131446345,0.9406134196892673,55.93786516614609,0.07327211186158326,1,0.04531866728256669,1
real_20260706_130424_table_cluster004_table1_refined_from_identity_scale1_easy,real_previous_registration,356,435,0.017431386236916036,0.0024640733923524277,0.8849444628806067,279.01497021168575,0.1823213567941745,1,0.03773040557050928,1
real_20260706_130424_table_cluster004_table1_refined_from_identity_scale1_easy,real_previous_registration,357,278,0.14398334544979702,0.11073879471206514,0.6699246487381465,262.9083736696907,0.9808275863481151,0,0.1334259144513592,0
real_20260706_130424_table_cluster004_table1_refined_from_identity_scale1_easy,real_previous_registration,358,595,0.05319791125781208,0.030548504145584975,0.13455247852814878,259.4793021821448,0.4322627397251677,0,0.05344352083761867,1
real_20260706_130424_table_cluster004_table1_refined_from_identity_scale1_easy,real_previous_registration,359,484,0.04272532615842854,0.004624150823122293,0.7394840075113476,290.1630578594325,0.9118349458129039,1,0.04102986818358013,1
real_20260706_130424_table_cluster004_table1_refined_from_identity_scale1_easy,real_previous_registration,360,134,0.06346078991641992,0.054392995181785184,0.8731650594301679,289.77714618340167,1.060869999150762,0,0.06049001928199449,1
real_20260706_130424_table_cluster004_table1_refined_from_identity_scale1_easy,real_previous_registration,361,18,0.05308748111588342,0.01428612990894944,0.9767218111022754,246.96296083016986,0.0870112860806339,0,0.05659909327090619,1
real_20260706_130424_table_cluster004_table1_refined_from_identity_scale1_easy,real_previous_registration,362,57,0.0479068543517011,0.026374000482690483,0.9870487144913658,222.6688817275063,-0.14763588650668488,0,0.04586094472420625,1
real_20260706_130424_table_cluster004_table1_refined_from_identity_scale1_easy,real_previous_registration,363,212,0.019774338843773092,0.007863221092763944,0.0717375393190425,210.78070825494322,0.5063706377031396,1,0.03839842205751167,1
real_20260706_130424_table_cluster004_table1_refined_from_identity_scale1_easy,real_previous_registration,364,520,0.04982164469569428,0.048772151727567985,0.926691237068173,211.25763939485896,-0.28768182245199964,0,0.03639652848827113,1
real_20260706_130424_table_cluster004_table1_refined_from_identity_scale1_easy,real_previous_registration,365,513,0.022671174013679393,0.021245210553734867,0.9324203261821332,235.04265901275485,0.7424170862119257,1,0.023960140385466833,1
real_20260706_130424_table_cluster004_table1_refined_from_identity_scale1_easy,real_previous_registration,366,618,0.030846135307641593,0.005755887615327871,0.9094109468217785,235.0717067094984,-1.2704593087619909,1,0.042855062340149686,1
real_20260706_130424_table_cluster004_table1_refined_from_identity_scale1_easy,real_previous_registration,367,287,0.04747107458995655,0.026506302966046714,0.9882123245133865,243.38315709882212,-0.08004263075053339,0,0.07310353188311793,1
real_20260706_130424_table_cluster004_table1_refined_from_identity_scale1_easy,real_previous_registration,368,168,0.05860739841666953,0.0014311268419298698,0.7697870708843784,223.69745228046006,0.40546460810878937,0,0.06740547126553527,1
real_20260706_130424_table_cluster004_table1_refined_from_identity_scale1_easy,real_previous_registration,369,3,0.015204464371567368,0.013216128889796229,0.9335682329247206,120.16286852495755,-0.16657299268321651,1,0.020139613704485356,1
real_20260706_130424_table_cluster004_table1_refined_from_identity_scale1_easy,real_previous_registration,370,251,0.020526880229680286,0.019405748733183237,0.8133278103048661,154.0292105619983,-0.39403601259843185,1,0.04200566849349184,1
real_20260706_130424_table_cluster004_table1_refined_from_identity_scale1_easy,real_previous_registration,371,427,0.03892844254427248,0.03887548531301778,0.9923092773799904,167.62259745986339,-0.5232476437650364,0,0.027488549508612337,1
real_20260706_130424_table_cluster004_table1_refined_from_identity_scale1_easy,real_previous_registration,372,190,0.0672605662017621,0.04842651345196994,0.15450179072276404,108.16961486885376,0.2876805724596558,1,0.08819775264154435,1
real_20260706_130424_table_cluster004_table1_refined_from_identity_scale1_easy,real_previous_registration,373,137,0.0444964317719528,0.033909374109817016,0.864091162601734,218.6188868064378,-0.35417154529976674,1,0.029815551273673552,1
real_20260706_130424_table_cluster004_table1_refined_from_identity_scale1_easy,real_previous_registration,374,100,0.05163793340497833,0.048190951896517537,0.9740945018561211,155.9196991829142,0.48835225276297106,1,0.038827512312461995,1
real_20260706_130424_table_cluster004_table1_refined_from_identity_scale1_easy,real_previous_registration,375,72,0.058760160542799825,0.03692737836353452,0.9762603150105024,162.2425526341913,1.2321412527265811,0,0.042192853956122996,1
real_20260706_130424_table_cluster004_table1_refined_from_identity_scale1_easy,real_previous_registration,376,1,0.019841916195437046,0.009031954092334584,0.9408688444600726,224.60529464732073,-1.2704593087619909,1,0.05188834762671174,1
real_20260706_130424_table_cluster004_table1_refined_from_identity_scale1_easy,real_previous_registration,377,318,0.05498667555860732,0.01222998103804165,0.5456884323753364,184.82005033196896,0.6931461805614452,0,0.060344045345343426,1
real_20260706_130424_table_cluster004_table1_refined_from_identity_scale1_easy,real_previous_registration,378,241,0.08066509764212777,0.05377779956897894,0.035559648735803376,124.99111757136154,-1.2163921576670627,0,0.10680897400450631,0
real_20260706_130424_table_cluster004_table1_refined_from_identity_scale1_easy,real_previous_registration,379,466,0.10396162793195514,0.04801280836331894,0.9028202220939447,253.47287214354563,0.1823213567941745,0,0.1090482889551505,0
real_20260706_130424_table_cluster004_table1_refined_from_identity_scale1_easy,real_previous_registration,380,406,0.07912840385187395,0.052325436060148466,0.970862787855527,234.4502419436331,0.42583194856751616,0,0.060399877072470305,1
real_20260706_130424_table_cluster004_table1_refined_from_identity_scale1_easy,real_previous_registration,381,338,0.03789262143176499,0.019403718229158436,0.6818480291318989,235.90017298019646,-0.06899278577277233,0,0.036710101798770024,1
real_20260706_130424_table_cluster004_table1_refined_from_identity_scale1_easy,real_previous_registration,382,471,0.021568244011745456,0.014345727862692635,0.9712836249332719,193.08231905945425,-0.21956553987432523,1,0.034475331073730714,1
real_20260706_130424_table_cluster004_table1_refined_from_identity_scale1_easy,real_previous_registration,383,373,0.02046986080257423,0.0015251022406379076,0.9872945349728274,258.4120977627487,-0.18924182722489286,1,0.02128787147322414,1
real_20260706_130424_table_cluster004_table1_refined_from_identity_scale1_easy,real_previous_registration,384,292,0.007503664513771873,0.004685307922434207,0.5772858776129915,210.91189845788475,0.11583167736739194,1,0.005325544652891812,1
real_20260706_130424_table_cluster004_table1_refined_from_identity_scale1_easy,real_previous_registration,385,489,0.06560784056648485,0.029049454843374605,0.7473893510679995,252.8930240178862,0.9430872968267675,0,0.06721431104894439,1
real_20260706_130424_table_cluster004_table1_refined_from_identity_scale1_easy,real_previous_registration,386,17,0.11179004026268559,0.023361448715873978,0.9936888320316528,209.8477752556254,2.4848956498595,0,0.11701142038946828,0
real_20260706_130424_table_cluster004_table1_refined_from_identity_scale1_easy,real_previous_registration,387,558,0.027574720723122212,0.020317986126733266,0.14427777863608685,225.64332343219363,0.18449759836519528,1,0.03589456584179772,1
real_20260706_130424_table_cluster004_table1_refined_from_identity_scale1_easy,real_previous_registration,388,591,0.031045828847889537,0.009552975722323727,0.9722135573848576,211.3519190719691,0.1923717017385552,1,0.045449948440345805,1
real_20260706_130424_table_cluster004_table1_refined_from_identity_scale1_easy,real_previous_registration,389,318,0.009389980641923435,0.0009074370493726079,0.5880539287899665,169.0357674022819,0.5328037043991204,1,0.008767977680179088,1
real_20260706_130424_table_cluster004_table1_refined_from_identity_scale1_easy,real_previous_registration,390,85,0.06418411573517603,0.053881175427242134,0.9570523936384079,277.3391974042282,0.2699821964805323,1,0.055301623624855314,1
real_20260706_130424_table_cluster004_table1_refined_from_identity_scale1_easy,real_previous_registration,391,445,0.08812338761392625,0.012568443667100306,0.9997021151650547,272.20197208992886,0.5389957864479419,0,0.09408545655211693,1
real_20260706_130424_table_cluster004_table1_refined_from_identity_scale1_easy,real_previous_registration,392,388,0.13942274917760403,0.037532544627706915,0.8924190053926847,279.2133103326305,2.11580215016796,0,0.14749854632279175,0
real_20260706_130424_table_cluster004_table1_refined_from_identity_scale1_easy,real_previous_registration,393,552,0.05289587119981955,0.02966190303378967,0.9355186751623819,282.95672609774886,0.9430872968267675,0,0.06374788114161344,1
real_20260706_130424_table_cluster004_table1_refined_from_identity_scale1_easy,real_previous_registration,394,171,0.0605003434195883,0.03668087966529219,0.3649815154881754,232.76040629910986,-0.022472828579364557,0,0.040872144085703235,1
real_20260706_130424_table_cluster004_table1_refined_from_identity_scale1_easy,real_previous_registration,395,18,0.04087674385529616,0.0022517451071946346,0.9800656921940512,217.17379961197489,0.1584701810973283,0,0.05884477037010288,1
real_20260706_130424_table_cluster004_table1_refined_from_identity_scale1_easy,real_previous_registration,396,288,0.06117103954693235,0.006726299205219898,0.7553277500597829,256.49663683548357,-0.3772939168560186,0,0.061238242931756455,1
real_20260706_130424_table_cluster004_table1_refined_from_identity_scale1_easy,real_previous_registration,397,373,0.0320630090626907,0.008336532525959194,0.9874877991321684,269.709985743552,-0.18924182722489286,0,0.04662579612629,1
real_20260706_130424_table_cluster004_table1_refined_from_identity_scale1_easy,real_previous_registration,398,519,0.06024538455412782,0.04401965512046089,0.956600861273329,277.54156843493,0.9808275863481151,0,0.045307250622942816,1
real_20260706_130424_table_cluster004_table1_refined_from_identity_scale1_easy,real_previous_registration,399,28,0.03298665657259148,0.019592759712541357,0.898875402448767,232.79767157342314,-0.25131421399537546,1,0.039321148396249714,1
real_20260706_130424_table_cluster004_table1_refined_from_identity_scale1_easy,real_previous_registration,400,88,0.04810686031499339,0.038898751305432196,0.9249086012280392,256.70421920367755,0.47000302924651544,0,0.05644507691101096,1
real_20260706_130424_table_cluster004_table1_refined_from_identity_scale1_easy,real_previous_registration,401,46,0.05646831742323615,0.016785373509416557,0.9848050708578096,194.60678296408142,-0.012422508887455969,0,0.058439560610704225,1
real_20260706_130424_table_cluster004_table1_refined_from_identity_scale1_easy,real_previous_registration,402,501,0.027822999619926358,0.017800915060417834,0.8371417601537088,156.03816685300447,-0.20479418537353897,1,0.008872906811037199,1
real_20260706_130424_table_cluster004_table1_refined_from_identity_scale1_easy,real_previous_registration,403,466,0.08521525871985958,0.01264942403276759,0.9038138410956624,273.0904894027395,0.21868896525079856,0,0.10185935760242705,0
real_20260706_130424_table_cluster004_table1_refined_from_identity_scale1_easy,real_previous_registration,404,276,0.11415801792339467,0.04710083473677368,0.6917633614221896,233.42856364944961,0.6443562021058633,0,0.11651379031681107,0
real_20260706_130424_table_cluster004_table1_refined_from_identity_scale1_easy,real_previous_registration,405,392,0.06318148869039542,0.011898340350712583,0.9184734618634178,185.5930693513996,1.0216493275358984,0,0.06631594807797002,1
real_20260706_130424_table_cluster004_table1_refined_from_identity_scale1_easy,real_previous_registration,406,181,0.021219505686707656,0.01964177855253082,0.9522269103345146,207.28338119951806,0.07892717939720348,1,0.02759865939608126,1
real_20260706_130424_table_cluster004_table1_refined_from_identity_scale1_easy,real_previous_registration,407,244,0.039934785731645876,0.03518061889058148,0.9893463760635038,201.05398424998006,0.23361458802390822,0,0.03927702288059125,1
real_20260706_130424_table_cluster004_table1_refined_from_identity_scale1_easy,real_previous_registration,408,300,0.07392005558388826,0.018217208611120615,0.11515059774985308,203.70977973480214,0.9500562562788148,1,0.0828133731621107,1
real_20260706_130424_table_cluster004_table1_refined_from_identity_scale1_easy,real_previous_registration,409,624,0.03739569084035351,0.010797287346304325,0.690318958625536,182.56561128861327,0.04927099655928606,1,0.04281565246493354,1
real_20260706_130424_table_cluster004_table1_refined_from_identity_scale1_easy,real_previous_registration,410,161,0.0463331150028328,0.0027711534830496404,0.9778810198473,208.61708972043755,0.2699821964805323,0,0.04800565214095841,1
real_20260706_130424_table_cluster004_table1_refined_from_identity_scale1_easy,real_previous_registration,411,299,0.05497000960588997,0.025544683105736488,0.9517036688510788,213.7820897817415,0.35914063413553077,0,0.05723926743376536,1
real_20260706_130424_table_cluster004_table1_refined_from_identity_scale1_easy,real_previous_registration,412,466,0.04116085036505964,0.0029696968057920004,0.9045460953430857,256.59704207979604,0.1823213567941745,0,0.05995882297174384,1
real_20260706_130424_table_cluster004_table1_refined_from_identity_scale1_easy,real_previous_registration,413,243,0.029815479460728937,0.01589175299627885,0.5760971791245267,232.6276903536265,0.43428510166804285,0,0.05016065249796837,1
real_20260706_130424_table_cluster004_table1_refined_from_identity_scale1_easy,real_previous_registration,414,606,0.04609633468348768,0.007769586427305231,0.6173671028443352,291.18830419357414,0.3448400745275201,0,0.06485301628722559,1
real_20260706_130424_table_cluster004_table1_refined_from_identity_scale1_easy,real_previous_registration,415,457,0.09195974406599011,0.08276214091156493,0.9159208782207302,253.64313552532377,0.35222023733971586,0,0.07041667776763283,1
real_20260706_130424_table_cluster004_table1_refined_from_identity_scale1_easy,real_previous_registration,416,0,0.046550546409402385,0.03848748826684708,0.6600397157186417,109.64278825795742,-1.6438349826437293,0,0.05475050573195782,1
real_20260706_130424_table_cluster004_table1_refined_from_identity_scale1_easy,real_previous_registration,417,311,0.04129653679412664,0.03572238233025629,0.9431022801432505,170.78975390052648,-0.30010431245060115,1,0.040741934509331244,1
real_20260706_130424_table_cluster004_table1_refined_from_identity_scale1_easy,real_previous_registration,418,576,0.0195578822380624,0.017812746350897548,0.9838291462265691,198.28296292303943,0.2716814592162125,1,0.024513376406888412,1
real_20260706_130424_table_cluster004_table1_refined_from_identity_scale1_easy,real_previous_registration,419,295,0.1006960774306254,0.03632526060763687,0.992137933412139,260.37979126290304,1.828122077702179,0,0.09536181229603724,1
real_20260706_130424_table_cluster004_table1_refined_from_identity_scale1_easy,real_previous_registration,420,296,0.031064603862460443,0.01973780370869594,0.06910214266875421,97.15519874252264,0.6807233438973658,0,0.02338916567568057,1
real_20260706_130424_table_cluster004_table1_refined_from_identity_scale1_easy,real_previous_registration,421,578,0.023975579276314763,0.0038491765694743992,0.6871491224214795,284.90458212523953,0.47000302924651544,1,0.03728868225966291,1
real_20260706_130424_table_cluster004_table1_refined_from_identity_scale1_easy,real_previous_registration,422,609,0.036526702658218786,0.010117678861853788,0.9702679025058363,212.80386820669779,0.3050734830406025,0,0.027596713669034857,1
real_20260706_130424_table_cluster004_table1_refined_from_identity_scale1_easy,real_previous_registration,423,145,0.04212852928786123,0.037298629833079675,0.88890140298088,241.41100696243325,-0.2231433513143898,0,0.07689847429936697,1
real_20260706_130424_table_cluster004_table1_refined_from_identity_scale1_easy,real_previous_registration,424,436,0.05858441493534048,0.05010176834852176,0.9937180815736736,253.63626031852672,3.178030830635441,0,0.06181962351101613,1
real_20260706_130424_table_cluster004_table1_refined_from_identity_scale1_easy,real_previous_registration,425,295,0.06762270221210398,0.0402746978338067,0.9920224000757136,261.9943153628504,1.791754469245555,0,0.0656206627513372,1
real_20260706_130424_table_cluster004_table1_refined_from_identity_scale1_easy,real_previous_registration,426,368,0.03549472510393935,0.0332344467620337,0.469997392832994,212.3625568102983,1.1814971757538517,0,0.0461293288951568,1
real_20260706_130424_table_cluster004_table1_refined_from_identity_scale1_easy,real_previous_registration,427,75,0.043702142392392784,0.008279354507886836,0.8729495934994168,133.85975298536925,-0.29213609708724114,0,0.029565269195836876,1
real_20260706_130424_table_cluster004_table1_refined_from_identity_scale1_easy,real_previous_registration,428,462,0.023123739288267706,0.022567489180176568,0.992847977805984,179.18528579058983,-0.47879593455382236,0,0.01750281528617491,1
real_20260706_130424_table_cluster004_table1_refined_from_identity_scale1_easy,real_previous_registration,429,428,0.17129845735751636,0.02303371963477234,0.8785592467123424,264.52761641469107,0.9808275863481151,0,0.17024639563468502,0
real_20260706_130424_table_cluster004_table1_refined_from_identity_scale1_easy,real_previous_registration,430,600,0.06849329301461382,0.005756705736787587,0.7956791822088604,264.43254606903554,0.6771459958966217,0,0.07447470623849214,1
real_20260706_130424_table_cluster004_table1_refined_from_identity_scale1_easy,real_previous_registration,431,123,0.03864849636238865,0.026698593124155255,0.96255835187441,221.69919288536803,-1.5448958513061934,1,0.033966861271384576,1
real_20260706_130424_table_cluster004_table1_refined_from_identity_scale1_easy,real_previous_registration,432,72,0.06793792474996653,0.05915655108605344,0.9970854688106481,124.74818211327809,1.0273470673530423,0,0.05211061780272034,1
real_20260706_130424_table_cluster004_table1_refined_from_identity_scale1_easy,real_previous_registration,433,489,0.0734099920229046,0.001449777300378758,0.747389351067992,254.1152765937067,0.9808275863481151,0,0.06634628347707038,1
real_20260706_130424_table_cluster004_table1_refined_from_identity_scale1_easy,real_previous_registration,434,537,0.02142325053195702,0.0038311497288927403,0.8601412046070498,127.34558436355412,-0.2781254007077021,1,0.04663657776340967,1
real_20260706_130424_table_cluster004_table1_refined_from_identity_scale1_easy,real_previous_registration,435,195,0.09489637553734695,0.08712591312916455,0.8918372473643663,269.4071725679959,1.3862913611273906,1,0.08704689868385934,1
real_20260706_130424_table_cluster004_table1_refined_from_identity_scale1_easy,real_previous_registration,436,540,0.04320033220303067,0.036431598129678125,0.9739790666469152,153.28697665336773,-0.3225771099189163,0,0.06745754086277102,1
real_20260706_130424_table_cluster004_table1_refined_from_identity_scale1_easy,real_previous_registration,437,599,0.056598560207394275,0.03366627737554237,0.9827497451937749,185.16370456089808,0.09732825492838551,0,0.058933323962633705,1
real_20260706_130424_table_cluster004_table1_refined_from_identity_scale1_easy,real_previous_registration,438,443,0.09767832971447525,0.09034629746192473,0.7941066890116046,288.9580695669905,1.0986102886721099,0,0.10800539647291836,0
real_20260706_130424_table_cluster004_table1_refined_from_identity_scale1_easy,real_previous_registration,439,276,0.07494257803782563,0.015011142227689737,0.7167076840696739,224.32617269072188,0.6771459958966217,0,0.0777520218564976,1
real_20260706_130424_table_cluster004_table1_refined_from_identity_scale1_easy,real_previous_registration,440,112,0.09036244646514291,0.007743147300409046,0.8385146336811512,277.38066544953125,0.9808275863481151,0,0.10073368137895063,0
real_20260706_130424_table_cluster004_table1_refined_from_identity_scale1_easy,real_previous_registration,441,76,0.024723623939681215,0.0036504223713292473,0.7329900318641879,247.9037427533788,0.575363394904566,1,0.02688381143045724,1
real_20260706_130424_table_cluster004_table1_refined_from_identity_scale1_easy,real_previous_registration,442,394,0.03269233947959298,0.005719338437135138,0.981464132114832,234.5786826236613,-0.26088364083573745,0,0.0521901091951645,1
real_20260706_130424_table_cluster004_table1_refined_from_identity_scale1_easy,real_previous_registration,443,234,0.03506724812317475,0.017484660523489317,0.9845039835641441,170.20714495266924,1.1349772185604439,1,0.02288135665652705,1
real_20260706_130424_table_cluster004_table1_refined_from_identity_scale1_easy,real_previous_registration,444,338,0.017106699672588724,0.012452968827935583,0.6591772586739415,230.6259851593839,-0.022472828579364557,1,0.028141300023406698,1
real_20260706_130424_table_cluster004_table1_refined_from_identity_scale1_easy,real_previous_registration,445,600,0.04504975098767974,0.0368258766748093,0.8075597141725681,255.86702009768575,0.5389957864479419,0,0.04683686140816078,1
real_20260706_130424_table_cluster004_table1_refined_from_identity_scale1_easy,real_previous_registration,446,132,0.01352758880224322,0.013505711374324261,0.9927245266161568,205.740179283442,0.6198148995709486,1,0.03155171904220805,1
real_20260706_130424_table_cluster004_table1_refined_from_identity_scale1_easy,real_previous_registration,447,88,0.07083591061983306,0.05439218918833083,0.9249086012280259,257.1103784725303,0.47000302924651544,0,0.06915930479462991,1
real_20260706_130424_table_cluster004_table1_refined_from_identity_scale1_easy,real_previous_registration,448,532,0.09626601319509168,0.09372945994198467,0.3627104414643662,213.7371402776347,-0.8109277162244538,1,0.07454161407764723,1
real_20260706_130424_table_cluster004_table1_refined_from_identity_scale1_easy,real_previous_registration,449,56,0.05060550764756792,0.039012351991044705,0.6165557912143413,258.8603690567884,-1.0340694175504397,0,0.09454607783713216,1
real_20260706_130424_table_cluster004_table1_refined_from_identity_scale1_easy,real_previous_registration,450,76,0.04952166586471064,0.02739667275477277,0.7661880410607785,238.74127122488446,0.2876816438809951,0,0.05176364956298676,1
real_20260706_130424_table_cluster004_table1_refined_from_identity_scale1_easy,real_previous_registration,451,15,0.04132578606133735,0.012451804048510973,0.9729117892348181,202.09673195772442,-0.21622292743530522,0,0.042771375603121956,1
real_20260706_130424_table_cluster004_table1_refined_from_identity_scale1_easy,real_previous_registration,452,99,0.018406018466863582,0.009429804836237402,0.7141251796146812,213.03136899528732,0.6706731519827409,1,0.01707639146678217,1
real_20260706_130424_table_cluster004_table1_refined_from_identity_scale1_easy,real_previous_registration,453,152,0.066422686697969,0.04604111958025919,0.11385099543554264,191.063355494957,-0.1586048651768106,0,0.057862074417391336,1
real_20260706_130424_table_cluster004_table1_refined_from_identity_scale1_easy,real_previous_registration,454,508,0.06880184038199086,0.03271558680312147,0.12110167858282243,240.6726692805648,0.6131036267337668,0,0.051454642006221574,1
real_20260706_130424_table_cluster004_table1_refined_from_identity_scale1_easy,real_previous_registration,455,445,0.02728173906189891,0.011737883304241761,0.9999228050767427,251.1862700026314,0.5389957864479419,1,0.022052004636597677,1
real_20260706_130424_table_cluster004_table1_refined_from_identity_scale1_easy,real_previous_registration,456,182,0.06341562962074707,0.011510414338803253,0.8825304398192784,164.90346159690668,0.2652088438729765,0,0.04862136332758471,1
real_20260706_130424_table_cluster004_table1_refined_from_identity_scale1_easy,real_previous_registration,457,259,0.07600563746164701,0.050541681719770734,0.3900646715655202,230.11513524995058,0.18449759836519528,0,0.07168141277950314,1
real_20260706_130424_table_cluster004_table1_refined_from_identity_scale1_easy,real_previous_registration,458,541,0.06753471941568152,0.041705558337334865,0.2530060591309837,250.84181015599776,0.7512538361824467,0,0.07629825776630977,1
real_20260706_130424_table_cluster004_table1_refined_from_identity_scale1_easy,real_previous_registration,459,245,0.048632855614370356,0.03265348385004467,0.9862385046564328,81.22207150248086,-0.3088378948451873,0,0.05432536354207882,1
real_20260706_130424_table_cluster004_table1_refined_from_identity_scale1_easy,real_previous_registration,460,560,0.14084931270001824,0.08880946988796458,0.23377431721751396,260.5305025632808,0.9430872968267675,0,0.1279789135428334,0
real_20260706_130424_table_cluster004_table1_refined_from_identity_scale1_easy,real_previous_registration,461,286,0.05105722811414217,0.00117479079266318,0.997617303555549,136.07741924969088,-0.07856224404164211,0,0.054915227127866874,1
real_20260706_130424_table_cluster004_table1_refined_from_identity_scale1_easy,real_previous_registration,462,596,0.030141038092654282,0.02986094845769495,0.9967947494915009,166.87752211793438,-0.4405559697918396,0,0.018807221932957915,1
real_20260706_130424_table_cluster004_table1_refined_from_identity_scale1_easy,real_previous_registration,463,373,0.048809569327580196,0.00010766792209330437,0.987487799132158,243.34076567764123,-0.18924182722489286,0,0.05911519496527658,1
real_20260706_130424_table_cluster004_table1_refined_from_identity_scale1_easy,real_previous_registration,464,542,0.0581838461012179,0.025032601065132973,0.9889283207572778,283.19009821426556,0.8754673373562798,0,0.05015287388637661,1
real_20260706_130424_table_cluster004_table1_refined_from_identity_scale1_easy,real_previous_registration,465,484,0.044139540791470935,0.04383686717224255,0.7394840075113992,290.6095275780643,0.8754673373562798,0,0.0326737223307297,1
real_20260706_130424_table_cluster004_table1_refined_from_identity_scale1_easy,real_previous_registration,466,34,0.03657335904638846,0.0170930099906629,0.9570335494763965,220.37271308214142,-0.040821954520294405,0,0.026991902443717485,1
real_20260706_130424_table_cluster004_table1_refined_from_identity_scale1_easy,real_previous_registration,467,521,0.020076231550568223,0.018723333247970035,0.8993443289756938,266.3893992963582,1.0522864813648096,1,0.03757314483347436,1
real_20260706_130424_table_cluster004_table1_refined_from_identity_scale1_easy,real_previous_registration,468,600,0.05870040800678726,0.0446737827206348,0.8253201986653801,246.28269353501156,0.2876816438809951,0,0.0478176243856732,1
real_20260706_130424_table_cluster004_table1_refined_from_identity_scale1_easy,real_previous_registration,469,462,0.021042872344652717,0.019730917359103473,0.9960559768874306,156.72472743896307,-0.5697676009584441,1,0.04606096230177753,1
real_20260706_130424_table_cluster004_table1_refined_from_identity_scale1_easy,real_previous_registration,470,238,0.019146919329979254,0.014556891409582898,0.5624622221896158,183.2076737195432,-1.8094558207707856,1,0.018801676599474147,1
real_20260706_130424_table_cluster004_table1_refined_from_identity_scale1_easy,real_previous_registration,471,445,0.10919095552114133,0.01324972996812258,0.9997043708456598,272.55291095215335,0.575363394904566,0,0.11778650144167928,0
real_20260706_130424_table_cluster004_table1_refined_from_identity_scale1_easy,real_previous_registration,472,531,0.037196288400420524,0.003498578790538026,0.3623533661923798,241.18271474744324,1.568612117924865,1,0.04032182352508588,1
real_20260706_130424_table_cluster004_table1_refined_from_identity_scale1_easy,real_previous_registration,473,531,0.06121176868652932,0.05676141361746926,0.36407098559162065,257.5113710963901,1.568612117924865,0,0.05219030329543385,1
real_20260706_130424_table_cluster004_table1_refined_from_identity_scale1_easy,real_previous_registration,474,551,0.05207576045568568,0.05155676786256483,0.9655999687516971,181.67605477256723,0.089856249795008,1,0.05907381638970351,1
real_20260706_130424_table_cluster004_table1_refined_from_identity_scale1_easy,real_previous_registration,475,436,0.057358872004014315,0.05504640488642132,0.9936888320316709,256.6156691745119,3.1402905411140933,1,0.05871228937099547,1
real_20260706_130424_table_cluster004_table1_refined_from_identity_scale1_easy,real_previous_registration,476,235,0.09165737543626765,0.08109542689973491,0.9759579474818294,236.38607089796477,0.5012554969265942,0,0.06496988202586373,1
real_20260706_130424_table_cluster004_table1_refined_from_identity_scale1_easy,real_previous_registration,477,586,0.04557038762218637,0.028662840871862428,0.9975010101727704,163.5513037508509,0.25691016662617533,0,0.04705304662808751,1
real_20260706_130424_table_cluster004_table1_refined_from_identity_scale1_easy,real_previous_registration,478,190,0.07867200425055554,0.05211638123242428,0.28743606301207664,133.81236825123162,0.10535991566124618,0,0.08856042678357591,1
real_20260706_130424_table_cluster004_table1_refined_from_identity_scale1_easy,real_previous_registration,479,427,0.010147871111996703,0.0029176847761437016,0.9884633949159852,98.83281435459895,-0.5232476437650364,1,0.03210644045161355,1
real_20260706_130424_table_cluster004_table1_refined_from_identity_scale1_easy,real_previous_registration,480,152,0.036646023748669286,0.001871990069572612,0.18499608505042553,199.82244580568997,0.09732825492838551,1,0.03730086970807314,1
real_20260706_130424_table_cluster004_table1_refined_from_identity_scale1_easy,real_previous_registration,481,578,0.046592842565732547,0.009589800444478101,0.6871491224215333,284.4485896581224,0.47000302924651544,0,0.04434273264645782,1
real_20260706_130424_table_cluster004_table1_refined_from_identity_scale1_easy,real_previous_registration,482,443,0.06345938580108965,0.053918988762358594,0.7939902401540746,288.8805646800356,1.0986102886721099,0,0.06713754310461911,1
real_20260706_130424_table_cluster004_table1_refined_from_identity_scale1_easy,real_previous_registration,483,391,0.020840580239475145,0.009233753669493548,0.9549203665275103,160.6785307790614,0.08288755374529727,1,0.02634527773219653,1
real_20260706_130424_table_cluster004_table1_refined_from_identity_scale1_easy,real_previous_registration,484,545,0.1206544222540959,0.11347949811928774,0.23863616131987625,247.88871288048222,0.9808275863481151,0,0.11107307589192061,0
real_20260706_130424_table_cluster004_table1_refined_from_identity_scale1_easy,real_previous_registration,485,436,0.08488961553149328,0.060046812441010955,0.9936888320316604,257.43643490459044,3.178030830635441,0,0.08423275554096059,1
real_20260706_130424_table_cluster004_table1_refined_from_identity_scale1_easy,real_previous_registration,486,17,0.08319888336690881,0.03823696831977752,0.9936888320316513,227.88601834087038,2.4848956498595,0,0.07787713044733816,1
real_20260706_130424_table_cluster004_table1_refined_from_identity_scale1_easy,real_previous_registration,487,595,0.09126774278612618,0.08182162703739111,0.13322193145358568,256.2588609747748,0.4322627397251677,0,0.10090040467527568,0
real_20260706_130424_table_cluster004_table1_refined_from_identity_scale1_easy,real_previous_registration,488,58,0.09750878451091638,0.04619554858550716,0.8696284529531291,237.9825675394787,0.9808275863481151,0,0.08893410818748024,1
real_20260706_130424_table_cluster004_table1_refined_from_identity_scale1_easy,real_previous_registration,489,139,0.08804054181009485,0.023738528910505985,0.9308835010972608,290.2073526334493,0.9430872968267675,0,0.10024891202166991,0
real_20260706_130424_table_cluster004_table1_refined_from_identity_scale1_easy,real_previous_registration,490,246,0.04374432222873044,0.01957045986376351,0.9941396267538043,200.4999760403839,-0.21309304273357607,0,0.04123213134915435,1
real_20260706_130424_table_cluster004_table1_refined_from_identity_scale1_easy,real_previous_registration,491,151,0.02703083133039943,0.025627117158071266,0.9993535785612502,190.6899496246301,-0.4301574060646232,1,0.027806439029306858,1
real_20260706_130424_table_cluster004_table1_refined_from_identity_scale1_easy,real_previous_registration,492,476,0.028385421405478655,0.009099675241548604,0.9120524409328113,240.62555723923572,-0.3897164788187894,1,0.038285956136796855,1
real_20260706_130424_table_cluster004_table1_refined_from_identity_scale1_easy,real_previous_registration,493,212,0.1070381419437775,0.1064570804864653,0.017472279890731177,245.2056828115665,0.5753634449044368,0,0.12473124533411901,0
real_20260706_130424_table_cluster004_table1_refined_from_identity_scale1_easy,real_previous_registration,494,565,0.04233419060429863,0.005143800102189165,0.6593857282948955,161.92630718779486,-0.3589447223437871,0,0.01568123010707225,1
real_20260706_130424_table_cluster004_table1_refined_from_identity_scale1_easy,real_previous_registration,495,368,0.048308996653999875,0.012609745117573746,0.3775539639996207,188.3843371979264,1.1349772185604439,0,0.04270014033529796,1
real_20260706_130424_table_cluster004_table1_refined_from_identity_scale1_easy,real_previous_registration,496,609,0.040034712203294014,0.010814415144681977,0.9705758519856622,210.62081295226596,0.3050734830406025,0,0.04792741325849373,1
real_20260706_130424_table_cluster004_table1_refined_from_identity_scale1_easy,real_previous_registration,497,436,0.0993979105024884,0.06073384991250963,0.9936013338245743,257.6614466648126,3.178030830635441,0,0.09208361751768009,1
real_20260706_130424_table_cluster004_table1_refined_from_identity_scale1_easy,real_previous_registration,498,132,0.030796834521381246,0.028367571423515772,0.9941379914920119,174.9857845064012,0.5288432331663266,0,0.02240787752199608,1
real_20260706_130424_table_cluster004_table1_refined_from_identity_scale1_easy,real_previous_registration,499,357,0.023905999235422654,0.01951094573832625,0.19486580262562775,209.49383648904185,0.08288755374529727,1,0.04752441061383965,1
real_20260706_130424_table_cluster004_table1_refined_from_identity_scale1_easy,real_previous_registration,500,627,0.059147180369970694,0.03287367023096421,0.923162566321799,165.5716426758938,-0.3225771099189163,0,0.049181648849249256,1
real_20260706_130424_table_cluster004_table1_refined_from_identity_scale1_easy,real_previous_registration,501,596,0.01407904584461025,0.013473265738839441,0.99522574507946,131.49651615666204,-0.39403601259843185,1,0.0355401669241217,1
real_20260706_130424_table_cluster004_table1_refined_from_identity_scale1_easy,real_previous_registration,502,295,0.08587421714363881,0.054812492512559104,0.9923165159613635,272.7923035981945,1.754014179724207,0,0.09649842478441922,1
real_20260706_130424_table_cluster004_table1_refined_from_identity_scale1_easy,real_previous_registration,503,107,0.07063489871475861,0.05734411524111917,0.7017527297393273,244.36514169793233,0.38120768298414415,0,0.07557845692859681,1
real_20260706_130424_table_cluster004_table1_refined_from_identity_scale1_easy,real_previous_registration,504,225,0.025231689227928806,0.004170646377175689,0.8858122488966375,93.98719348948327,-0.11778290522174543,1,0.03309348039911028,1
real_20260706_130424_table_cluster004_table1_refined_from_identity_scale1_easy,real_previous_registration,505,256,0.06640455136689247,0.040239658067610526,0.6012799017719798,94.37727868095443,-0.7463899200831731,0,0.055921545641111514,1
real_20260706_130424_table_cluster004_table1_refined_from_identity_scale1_easy,real_previous_registration,506,405,0.034304168422383,0.012581047016783191,0.9945734463232854,176.1151625687506,-0.5232476437650364,1,0.04419343364643539,1
real_20260706_130424_table_cluster004_table1_refined_from_identity_scale1_easy,real_previous_registration,507,58,0.02681292893470094,0.006400577432078105,0.8219000761861542,218.69916454691864,0.9808275863481151,1,0.03554186510640474,1
real_20260706_130424_table_cluster004_table1_refined_from_identity_scale1_easy,real_previous_registration,508,470,0.057404762440614716,0.039506863523240586,0.9491636348534404,192.68483580899888,1.828122077702179,0,0.056883491357153246,1
real_20260706_130424_table_cluster004_table1_refined_from_identity_scale1_easy,real_previous_registration,509,282,0.067399536296305,0.05516245619303016,0.7491683091873631,280.1287664382674,-0.1570035918867448,0,0.0641555999933779,1
real_20260706_130424_table_cluster004_table1_refined_from_identity_scale1_easy,real_previous_registration,510,491,0.010930234161737456,0.009336689384721224,0.6306165500725947,194.054720865073,-0.1978255414070496,1,0.03753916950716928,1
real_20260706_130424_table_cluster004_table1_refined_from_identity_scale1_easy,real_previous_registration,511,521,0.05474794050820947,0.001775554843467528,0.917430198309784,262.69557639349443,1.1507264668936565,0,0.0517552332872124,1
real_20260706_130424_table_cluster004_table1_refined_from_identity_scale1_easy,real_previous_registration,512,88,0.07226509170032491,0.01851831909025788,0.9249086012280322,256.84326479727406,0.47000302924651544,0,0.08688305848704171,1
real_20260706_130424_table_cluster004_table1_refined_from_identity_scale1_easy,real_previous_registration,513,17,0.03934953852513399,0.02897291728369178,0.993688832031652,228.41597049279525,2.447155360338152,1,0.039064820912403306,1
real_20260706_130424_table_cluster004_table1_refined_from_identity_scale1_easy,real_previous_registration,514,585,0.02193908903882653,0.00926770983447045,0.9469544528335527,198.12073517518905,0.9183075851819533,1,0.012949280274482798,1
real_20260706_130424_table_cluster004_table1_refined_from_identity_scale1_easy,real_previous_registration,515,482,0.025231935921266525,0.02033455791645119,0.7386406260564431,237.51004003969655,0.25691016662617533,1,0.03206119488984442,1
real_20260706_130424_table_cluster004_table1_refined_from_identity_scale1_easy,real_previous_registration,516,380,0.03028984140659575,0.00021685646630157946,0.9794707325063515,190.89593712965493,-0.26731456532642905,1,0.01937751846318303,1
real_20260706_130424_table_cluster004_table1_refined_from_identity_scale1_easy,real_previous_registration,517,177,0.014919494044204463,0.0030015572276865317,0.928463188580648,149.3062818333155,-0.40546467953719495,1,0.03164815153856763,1
real_20260706_130424_table_cluster004_table1_refined_from_identity_scale1_easy,real_previous_registration,518,32,0.04131133646096176,0.025528855709911688,0.9719083164362735,214.40767015183215,0.14458106727282669,0,0.06559347324049937,1
real_20260706_130424_table_cluster004_table1_refined_from_identity_scale1_easy,real_previous_registration,519,179,0.04706458335395961,0.040937841204762945,0.9667471934878703,205.48038822422646,-1.504073896785899,1,0.0404268400021193,1
real_20260706_130424_table_cluster004_table1_refined_from_identity_scale1_easy,real_previous_registration,520,216,0.041756520895450906,0.029046050886870078,0.16038378114678517,153.67827580879532,0.8630415923816472,1,0.00809227406527591,1
real_20260706_130424_table_cluster004_table1_refined_from_identity_scale1_easy,real_previous_registration,521,558,0.028915489545188522,0.011296314277291183,0.12557269168192767,225.33621098319884,0.22705716387100378,0,0.02185427162706551,1
real_20260706_130424_table_cluster004_table1_refined_from_identity_scale1_easy,real_previous_registration,522,214,0.06555168089972851,0.009574573885922786,0.4824893523185495,126.72515459950513,0.12733926295651146,0,0.07992861952101367,1
real_20260706_130424_table_cluster004_table1_refined_from_identity_scale1_easy,real_previous_registration,523,423,0.05367761754698192,0.014759541377392806,0.9306430821762975,251.34358541979833,0.3448400745275201,0,0.04679241214600713,1
real_20260706_130424_table_cluster004_table1_refined_from_identity_scale1_easy,real_previous_registration,524,384,0.041325875632914205,0.004354542086457832,0.952442911108841,243.68050544758935,0.7088946669934834,0,0.033036796009016586,1
real_20260706_130424_table_cluster004_table1_refined_from_identity_scale1_easy,real_previous_registration,525,268,0.02596660079808259,0.012866645885940203,0.996790883350619,145.01896591782034,-0.20479418537353897,0,0.027575414308894007,1
real_20260706_130424_table_cluster004_table1_refined_from_identity_scale1_easy,real_previous_registration,526,545,0.03897894957768116,0.03435437401723843,0.16242934420789126,238.90778871513916,1.118977795796795,0,0.027608132212512636,1
real_20260706_130424_table_cluster004_table1_refined_from_identity_scale1_easy,real_previous_registration,527,112,0.034626544207083915,0.008271240987742078,0.8385200764423818,262.70513589360286,0.9808275863481151,0,0.048513812294100504,1
real_20260706_130424_table_cluster004_table1_refined_from_identity_scale1_easy,real_previous_registration,528,436,0.07814211528392769,0.04899292192923921,0.993688832031648,252.3105871168405,3.178030830635441,0,0.09051211541005046,1
real_20260706_130424_table_cluster004_table1_refined_from_identity_scale1_easy,real_previous_registration,529,98,0.04066623721039104,0.031820316167559363,0.9349309428093291,224.4955981377677,-0.3058350218393242,1,0.031476499297124295,1
real_20260706_130424_table_cluster004_table1_refined_from_identity_scale1_easy,real_previous_registration,530,406,0.07507882033042848,0.06678590115831165,0.9777786048867955,236.62418513803783,0.3930421547767577,0,0.04949587999096904,1
real_20260706_130424_table_cluster004_table1_refined_from_identity_scale1_easy,real_previous_registration,531,615,0.047532068166953774,0.0307768994444583,0.9789905894191793,195.22490726625983,-0.1177829388822696,0,0.058656478873054474,1
real_20260706_130424_table_cluster004_table1_refined_from_identity_scale1_easy,real_previous_registration,532,489,0.0610855180725924,0.047230305884770576,0.747389351068,232.68373003593567,0.9808275863481151,0,0.0728428264274881,1
real_20260706_130424_table_cluster004_table1_refined_from_identity_scale1_easy,real_previous_registration,533,17,0.04096188081755964,0.03395705675947713,0.993688832031652,228.5953754688027,2.4848956498595,0,0.04172064113276003,1
real_20260706_130424_table_cluster004_table1_refined_from_identity_scale1_easy,real_previous_registration,534,531,0.05164245874300609,0.04014402819930105,0.36403588781945495,241.46613696916356,1.6400710129415594,0,0.04305534375044491,1
real_20260706_130424_table_cluster004_table1_refined_from_identity_scale1_easy,real_previous_registration,535,323,0.02410524424575865,0.0226859150131081,0.3017436363730041,230.22539345871695,-0.38348582747671456,1,0.04827657166018984,1
real_20260706_130424_table_cluster004_table1_refined_from_identity_scale1_easy,real_previous_registration,536,112,0.07422644614101281,0.024245262988977813,0.8361119596518126,252.53424219616238,1.118977795796795,0,0.06519653348459986,1
real_20260706_130424_table_cluster004_table1_refined_from_identity_scale1_easy,real_previous_registration,537,226,0.038133440149409184,0.03358660551589132,0.9507929485415448,206.47644428145446,-0.21622292743530522,0,0.018401638459591307,1
real_20260706_130424_table_cluster004_table1_refined_from_identity_scale1_easy,real_previous_registration,538,17,0.11770900876865827,0.020793535338057945,0.9936888320316505,232.33663153274094,2.407934688723288,0,0.10822480421848973,0
real_20260706_130424_table_cluster004_table1_refined_from_identity_scale1_easy,real_previous_registration,539,17,0.13390176472378612,0.01661185419576261,0.993688832031652,229.28835133571818,2.4848956498595,0,0.12928662563591062,0
real_20260706_130424_table_cluster004_table1_refined_from_identity_scale1_easy,real_previous_registration,540,68,0.013843207842844322,0.006612454092219668,0.9561725539632449,172.5949507352928,-0.4150342063773664,1,0.0278108918118135,1
real_20260706_130424_table_cluster004_table1_refined_from_identity_scale1_easy,real_previous_registration,541,25,0.03345496903781164,0.01495135482012766,0.9823448720644019,87.75761339463176,-0.16657299268321651,0,0.013790802791459231,1
real_20260706_130424_table_cluster004_table1_refined_from_identity_scale1_easy,real_previous_registration,542,250,0.03365917093650027,0.004764094231063387,0.7120247047115931,286.547239201972,0.703196414597062,0,0.050769230592591315,1
real_20260706_130424_table_cluster004_table1_refined_from_identity_scale1_easy,real_previous_registration,543,610,0.050263900994394047,0.04706278519972999,0.9936689668349434,198.33420525206208,0.3034301303130741,1,0.05774574268450534,1
real_20260706_130424_table_cluster004_table1_refined_from_identity_scale1_easy,real_previous_registration,544,63,0.02374204060368097,0.023638917097078417,0.9241200094033698,88.45705022454077,-0.1177829245453773,1,0.04474983684533158,1
real_20260706_130424_table_cluster004_table1_refined_from_identity_scale1_easy,real_previous_registration,545,613,0.013744341137438176,0.008510355915540706,0.8481299499357187,249.94343482722152,-0.3772939168560186,1,0.021280756389485324,1
real_20260706_130424_table_cluster004_table1_refined_from_identity_scale1_easy,real_previous_registration,546,259,0.050867344198214905,0.029945845572836548,0.34946879971871636,211.2381107402639,0.18449759836519528,0,0.04187054928296199,1
real_20260706_130424_table_cluster004_table1_refined_from_identity_scale1_easy,real_previous_registration,547,44,0.10013108518982322,0.05359539286412478,0.7823369833261622,261.73121539567745,0.9808275863481151,0,0.11348063980027266,0
real_20260706_130424_table_cluster004_table1_refined_from_identity_scale1_easy,real_previous_registration,548,506,0.03436066194175242,0.01579610338706795,0.9782794869288476,231.90635904459734,0.089856249795008,1,0.04195800972241666,1
real_20260706_130424_table_cluster004_table1_refined_from_identity_scale1_easy,real_previous_registration,549,470,0.04200112101855149,0.035088389064096455,0.9501418452934026,220.4255072529974,1.828122077702179,0,0.024987859039237205,1
real_20260706_130424_table_cluster004_table1_refined_from_identity_scale1_easy,real_previous_registration,550,542,0.02487480839625651,0.015429109586218386,0.9887499171248523,281.6072706871822,0.8754673373562798,1,0.03479558831239832,1
real_20260706_130424_table_cluster004_table1_refined_from_identity_scale1_easy,real_previous_registration,551,278,0.0414398830094523,0.03419461145877275,0.7272934170917597,238.34544580010922,1.118977795796795,0,0.03227258856432449,1
real_20260706_130424_table_cluster004_table1_refined_from_identity_scale1_easy,real_previous_registration,552,436,0.07804334061975739,0.050912362419309964,0.9936673327537542,253.8288317814154,3.214398439092065,0,0.07223455690865811,1
real_20260706_130424_table_cluster004_table1_refined_from_identity_scale1_easy,real_previous_registration,553,396,0.02713584226037824,0.020167280322532226,0.9454941784424585,171.34888033487735,-0.20875457162636737,1,0.04225247461502676,1
real_20260706_130424_table_cluster004_table1_refined_from_identity_scale1_easy,real_previous_registration,554,361,0.0392905867147421,0.029630313746990634,0.2885834536167593,294.4565245502415,0.649471235190391,0,0.056701402787189804,1
real_20260706_130424_table_cluster004_table1_refined_from_identity_scale1_easy,real_previous_registration,555,244,0.028141262386788993,0.003751135100415505,0.9526531518590833,135.826990551204,-0.017699554543038575,1,0.02831763319979829,1
real_20260706_130424_table_cluster004_table1_refined_from_identity_scale1_easy,real_previous_registration,556,216,0.16944920472227176,0.008873945226481182,0.15795510264179446,143.55511629640134,0.39303998812702706,0,0.14352184695613124,0
real_20260706_130424_table_cluster004_table1_refined_from_identity_scale1_easy,real_previous_registration,557,185,0.09069892958276488,0.08898627736714013,0.9196785159712607,273.35618006340826,0.05657028863132136,0,0.07081556313530703,1
real_20260706_130424_table_cluster004_table1_refined_from_identity_scale1_easy,real_previous_registration,558,435,0.044257301720404964,0.013184135277816538,0.8849444628806444,275.5846051190719,0.1823213567941745,0,0.040083276017009214,1
real_20260706_130424_table_cluster004_table1_refined_from_identity_scale1_easy,real_previous_registration,559,508,0.06931555398420652,0.043959494944555505,0.12711385806564446,241.7602579906765,0.6131036267337668,0,0.05991932639103834,1
real_20260706_130424_table_cluster004_table1_refined_from_identity_scale1_easy,real_previous_registration,560,107,0.029907069482295302,0.025769871462401277,0.730628678586397,237.84833460207517,0.45020049018544145,0,0.037620527245374354,1
real_20260706_130424_table_cluster004_table1_refined_from_identity_scale1_easy,real_previous_registration,561,612,0.034749254647208995,0.008743234172742297,0.9820594904532817,215.55959237493772,0.20499014478422714,0,0.055831240478513844,1
real_20260706_130424_table_cluster004_table1_refined_from_identity_scale1_easy,real_previous_registration,562,46,0.0362303196956282,0.018843808863814974,0.9716416455515982,175.75471638907356,-0.2781254007077021,0,0.049555577822458605,1
real_20260706_130424_table_cluster004_table1_refined_from_identity_scale1_easy,real_previous_registration,563,226,0.060186736183086856,0.03381357146162958,0.9479587589841153,214.3673691628789,-0.25131421399537546,0,0.05925241054314532,1
real_20260706_130424_table_cluster004_table1_refined_from_identity_scale1_easy,real_previous_registration,564,521,0.034914081015167193,0.002551929187447441,0.9178064822191686,263.0820163566997,1.0861880020060364,0,0.04115203904564648,1
real_20260706_130424_table_cluster004_table1_refined_from_identity_scale1_easy,real_previous_registration,565,520,0.028090937758815743,0.00012704943602123969,0.9073134812769836,197.24631751785338,-0.44802429861432447,1,0.033629615884126496,1
real_20260706_130424_table_cluster004_table1_refined_from_identity_scale1_easy,real_previous_registration,566,17,0.09296181502948418,0.02161744947529365,0.993688832031652,231.14837034593353,2.4848956498595,0,0.08659782534183948,1
real_20260706_130424_table_cluster004_table1_refined_from_identity_scale1_easy,real_previous_registration,567,279,0.032381207077892014,0.024150864148319146,0.4702226574299487,200.76698912583595,-2.0148991205522098,1,0.043832385756355494,1
real_20260706_130424_table_cluster004_table1_refined_from_identity_scale1_easy,real_previous_registration,568,196,0.030530248794194727,0.03050625905491704,0.9418875678006087,194.92098159324925,-0.30010435911718747,1,0.059134575458406134,1
real_20260706_130424_table_cluster004_table1_refined_from_identity_scale1_easy,real_previous_registration,569,384,0.029833610441100753,0.0010190114631420345,0.9525352529543163,239.26928036557206,0.7088946669934834,1,0.037169490313663,1
real_20260706_130424_table_cluster004_table1_refined_from_identity_scale1_easy,real_previous_registration,570,17,0.08118232869183449,0.034937841504575684,0.9936888320316353,209.21306316485084,2.4848956498595,0,0.0893382335267679,1
real_20260706_130424_table_cluster004_table1_refined_from_identity_scale1_easy,real_previous_registration,571,489,0.028952898182152003,0.0084276890860654,0.7520916779534226,226.9201118128307,1.0522864813648096,0,0.03623168957491854,1
real_20260706_130424_table_cluster004_table1_refined_from_identity_scale1_easy,real_previous_registration,572,17,0.15313194805440444,0.0156879329480607,0.9936888320316525,229.21957471209484,2.447155360338152,0,0.14567656552693894,0
real_20260706_130424_table_cluster004_table1_refined_from_identity_scale1_easy,real_previous_registration,573,577,0.02029589810309315,0.00036173538338683787,0.9592455493310165,185.29753065551887,-0.3483064001508196,1,0.013965056269720397,1
real_20260706_130424_table_cluster004_table1_refined_from_identity_scale1_easy,real_previous_registration,574,560,0.10225190833341666,0.05101196659756418,0.23833773681776702,249.10703436735298,1.0522864813648096,0,0.08869666483276215,1
real_20260706_130424_table_cluster004_table1_refined_from_identity_scale1_easy,real_previous_registration,575,51,0.050540723584473604,0.0007152753116222293,0.49291368392996776,295.1235428543829,0.6131036267337668,0,0.05130789057627909,1
real_20260706_130424_table_cluster004_table1_refined_from_identity_scale1_easy,real_previous_registration,576,269,0.046317459042972416,0.03055806458970684,0.30646637562067586,94.9368240190261,0.1053603956579631,0,0.05277949235843508,1
real_20260706_130424_table_cluster004_table1_refined_from_identity_scale1_easy,real_previous_registration,577,449,0.015420876098381388,0.006131751727545344,0.9946706518103413,147.52855679551678,-0.690301616540166,1,0.03232707112732716,1
real_20260706_130424_table_cluster004_table1_refined_from_identity_scale1_easy,real_previous_registration,578,226,0.07556460126092346,0.05354047125501424,0.9588356642587765,210.5757203715259,-0.4924760078255387,0,0.06778388652050694,1
real_20260706_130424_table_cluster004_table1_refined_from_identity_scale1_easy,real_previous_registration,579,230,0.03200423767404815,0.009225931253740762,0.8194836244993616,239.04604334776332,0.2699821964805323,1,0.038596623882363935,1
real_20260706_130424_table_cluster004_table1_refined_from_identity_scale1_easy,real_previous_registration,580,339,0.02246978700310939,0.007622378967713437,0.9763249167924614,157.357665952278,-0.08004263075053339,1,0.03820490275105807,1
real_20260706_130424_table_cluster004_table1_refined_from_identity_scale1_easy,real_previous_registration,581,392,0.03558231121522462,0.02625558729671912,0.8505641299999926,204.9445967372162,1.203970704330031,0,0.024483138005895137,1
real_20260706_130424_table_cluster004_table1_refined_from_identity_scale1_easy,real_previous_registration,582,76,0.026610694387963395,0.00827038513620516,0.7312871600837153,248.51868938919708,0.575363394904566,0,0.04065095784950978,1
real_20260706_130424_table_cluster004_table1_refined_from_identity_scale1_easy,real_previous_registration,583,276,0.03566416826297933,0.02475522561065161,0.7521398919898951,194.9049660187507,0.3786533102856171,1,0.03386642215047165,1
real_20260706_130424_table_cluster004_table1_refined_from_identity_scale1_easy,real_previous_registration,584,182,0.058105158263820234,0.019317154739515643,0.9018913395422734,164.7669369853261,0.21868888667956868,0,0.04312214119122726,1
real_20260706_130424_table_cluster004_table1_refined_from_identity_scale1_easy,real_previous_registration,585,99,0.11479710888712026,0.05944455139188988,0.7715323697458984,234.84735294157338,1.0136175468049597,0,0.1035836052464628,0
real_20260706_130424_table_cluster004_table1_refined_from_identity_scale1_easy,real_previous_registration,586,556,0.05314756011129945,0.05312542608473018,0.6936748669143048,91.34406534022044,-0.9409824298313337,0,0.06497173901795462,1
real_20260706_130424_table_cluster004_table1_refined_from_identity_scale1_easy,real_previous_registration,587,83,0.028290939166697726,0.013009219874875223,0.6571949707422826,254.02465282965716,-0.15168445629769542,1,0.05331276918259213,1
real_20260706_130424_table_cluster004_table1_refined_from_identity_scale1_easy,real_previous_registration,588,325,0.03260115536079505,0.029743696373588056,0.7754898793773424,186.29061602707054,-0.4415698292711163,1,0.002286998148995768,1
real_20260706_130424_table_cluster004_table1_refined_from_identity_scale1_easy,real_previous_registration,589,555,0.04620512536489885,0.03847423508961355,0.5835712235754653,295.52109895372763,0.7424170862119257,0,0.02767916216231703,1
real_20260706_130424_table_cluster004_table1_refined_from_identity_scale1_easy,real_previous_registration,590,32,0.06241680396284687,0.03634045124643312,0.9719083164363013,229.61187084458112,0.1823213567941745,0,0.07564899124503346,1
real_20260706_130424_table_cluster004_table1_refined_from_identity_scale1_easy,real_previous_registration,591,4,0.06131064820860788,0.020883306218803625,0.614013787214426,296.8163952872404,1.4916511567886537,0,0.06760219682846146,1
real_20260706_130424_table_cluster004_table1_refined_from_identity_scale1_easy,real_previous_registration,592,303,0.0435356388120079,0.040792683521341244,0.26736853527584487,226.26698261305646,-2.06368925615023,1,0.04495957242239214,1
real_20260706_130424_table_cluster004_table1_refined_from_identity_scale1_easy,real_previous_registration,593,335,0.01792793905826594,0.00979304139342874,0.9896821961011353,193.50093165449124,-0.14953161300331977,1,0.020684265475086585,1
real_20260706_130424_table_cluster004_table1_refined_from_identity_scale1_easy,real_previous_registration,594,428,0.14375785446549333,0.049504099736143795,0.877220835667716,248.95804672454702,0.9808275863481151,0,0.1420915487993164,0
real_20260706_130424_table_cluster004_table1_refined_from_identity_scale1_easy,real_previous_registration,595,134,0.09009798893933585,0.0394282076605069,0.8730823433805596,265.6596379753506,1.060869999150762,0,0.09979956507058202,1
real_20260706_130424_table_cluster004_table1_refined_from_identity_scale1_easy,real_previous_registration,596,543,0.05066309295705103,0.012331497131593495,0.9634665113714356,192.19112491877212,-0.07126293560600626,0,0.049869666012720866,1
real_20260706_130424_table_cluster004_table1_refined_from_identity_scale1_easy,real_previous_registration,597,572,0.05760468006204876,0.033135256381998525,0.029299785168096566,238.44129611766155,-1.936937627731116,1,0.06555856096660516,1
real_20260706_130424_table_cluster004_table1_refined_from_identity_scale1_easy,real_previous_registration,598,513,0.08070651652307032,0.0007812188466311161,0.9325524059334978,233.0849941404515,0.7424170862119257,0,0.09408982665107392,1
real_20260706_130424_table_cluster004_table1_refined_from_identity_scale1_easy,real_previous_registration,599,591,0.04319514989757604,0.01759821190380426,0.9678282945000101,218.57531668215316,0.1584701810973283,0,0.04859037913631134,1
real_20260706_130424_table_cluster004_table1_refined_from_identity_scale1_easy,real_previous_registration,600,234,0.049057804095249166,0.010149216643673655,0.9838490080548631,150.01290146900595,1.2685084504708743,0,0.043076982642263145,1
real_20260706_130424_table_cluster004_table1_refined_from_identity_scale1_easy,real_previous_registration,601,552,0.06320816415255201,0.003651574357187548,0.9354743894675183,283.87977383123314,0.9808275863481151,0,0.05021884175044599,1
real_20260706_130424_table_cluster004_table1_refined_from_identity_scale1_easy,real_previous_registration,602,235,0.07711075714616641,0.07557501433296952,0.975988623389879,237.29776461511312,0.575363394904566,1,0.05366524126895933,1
real_20260706_130424_table_cluster004_table1_refined_from_identity_scale1_easy,real_previous_registration,603,192,0.027632210547321498,0.024661271073407463,0.9811958627232759,197.20877036359846,-0.18924182722489286,1,0.053199015219696714,1
real_20260706_130424_table_cluster004_table1_refined_from_identity_scale1_easy,real_previous_registration,604,250,0.08741618062301917,0.04563246986293738,0.7120247047113564,269.6940091105727,0.7424170862119257,0,0.0990023991877996,1
real_20260706_130424_table_cluster004_table1_refined_from_identity_scale1_easy,real_previous_registration,605,245,0.011112673682022685,0.009242619539343003,0.9148042177931519,75.14214074113504,-0.11778290522174543,1,0.030304623142163683,1
real_20260706_130424_table_cluster004_table1_refined_from_identity_scale1_easy,real_previous_registration,606,543,0.022128516446676297,0.014340407935473627,0.9598867372936389,199.59698365259766,0.09579096024618501,1,0.03738699711099022,1
real_20260706_130424_table_cluster004_table1_refined_from_identity_scale1_easy,real_previous_registration,607,615,0.04698603013608449,0.01560846462691386,0.9828478010873516,185.19074186252726,-0.25593314833094943,0,0.049148497926711235,1
real_20260706_130424_table_cluster004_table1_refined_from_identity_scale1_easy,real_previous_registration,608,564,0.02777068745189958,0.010477641803413588,0.9260778364172808,237.83344698757944,0.2699821964805323,1,0.023955714718297078,1
real_20260706_130424_table_cluster004_table1_refined_from_identity_scale1_easy,real_previous_registration,609,235,0.10116688670524972,0.0888873067718153,0.9849053616890403,231.25874991373772,0.6771459958966217,0,0.07254861615016452,1
real_20260706_130424_table_cluster004_table1_refined_from_identity_scale1_easy,real_previous_registration,610,466,0.020423081446080908,0.011760657378747177,0.904587643976607,252.0010365892493,0.1823213567941745,1,0.038014533080032914,1
real_20260706_130424_table_cluster004_table1_refined_from_identity_scale1_easy,real_previous_registration,611,384,0.08532594429829798,0.007852481162123472,0.9390414750249331,244.75708567387818,0.6771459958966217,0,0.07836860599694762,1
real_20260706_130424_table_cluster004_table1_refined_from_identity_scale1_easy,real_previous_registration,612,415,0.02167970642757727,0.01604472481589064,0.9957608573246405,190.76321567929566,0.02882040265036916,1,0.033655390699101076,1
real_20260706_130424_table_cluster004_table1_refined_from_identity_scale1_easy,real_previous_registration,613,415,0.028423262570474016,0.004213219540073019,0.9933207642814611,197.23107540603695,0.19587429850256044,0,0.0340165439212841,1
real_20260706_130424_table_cluster004_table1_refined_from_identity_scale1_easy,real_previous_registration,614,337,0.02318126471440896,0.015558419603943347,0.8660939461127254,132.26637156826712,-0.3225771099189163,1,0.04176869549703611,1
real_20260706_130424_table_cluster004_table1_refined_from_identity_scale1_easy,real_previous_registration,615,595,0.11093907968287818,0.0794961237997368,0.1369481523698241,278.95304953654846,0.47000302924651544,0,0.11214882423462649,0
real_20260706_130424_table_cluster004_table1_refined_from_identity_scale1_easy,real_previous_registration,616,423,0.018477553242346897,0.007153935853585187,0.9306430821762859,232.86944579359604,0.3070997850061723,1,0.007689667090068598,1
real_20260706_130424_table_cluster004_table1_refined_from_identity_scale1_easy,real_previous_registration,617,392,0.07583858054943339,0.05199022101152597,0.8413081479501426,205.22726177553847,1.3291337414017739,0,0.06505083818152434,1
real_20260706_130424_table_cluster004_table1_refined_from_identity_scale1_easy,real_previous_registration,618,480,0.07847264358708764,0.03995732637562458,0.8566215111122855,216.93990358640252,-0.5232463104377839,0,0.04675161852394106,1
real_20260706_130424_table_cluster004_table1_refined_from_identity_scale1_easy,real_previous_registration,619,559,0.0394230156749483,0.02246784775127041,0.0822863736791093,77.05384294560926,-0.8850369685916204,0,0.014062527874499095,1
real_20260706_130424_table_cluster004_table1_refined_from_identity_scale1_easy,real_previous_registration,620,276,0.08041290983851215,0.004232393248994524,0.7169874738153061,220.03037851320533,0.7396663000920766,0,0.0885293427752484,1
real_20260706_130424_table_cluster004_table1_refined_from_identity_scale1_easy,real_previous_registration,621,443,0.06558861768695382,0.027101103771613372,0.7939000339477182,289.8609823734781,1.0986102886721099,0,0.056266178180888346,1
real_20260706_130424_table_cluster004_table1_refined_from_identity_scale1_easy,real_previous_registration,622,392,0.023498607246947176,0.002515057988341702,0.8704162581554491,198.26390129227894,0.9808273780155935,1,0.02891177737766712,1
real_20260706_130424_table_cluster004_table1_refined_from_identity_scale1_easy,real_previous_registration,623,88,0.035388340370965346,0.031041132395426482,0.9249086012280257,240.85947800991522,0.4322627397251677,1,0.05222482497639748,1
real_20260706_130424_table_cluster004_table1_refined_from_identity_scale1_easy,real_previous_registration,624,564,0.06120274903378531,0.011282748585921501,0.941680702948503,228.82366172235734,0.02882040265036916,0,0.05813930829096822,1
real_20260706_130424_table_cluster004_table1_refined_from_identity_scale1_easy,real_previous_registration,625,345,0.023395226922629894,0.007289351600519035,0.6671413433881048,180.93025813948438,-0.42526736128703113,1,0.05132953602628163,1
real_20260706_130424_table_cluster004_table1_refined_from_identity_scale1_easy,real_previous_registration,626,575,0.03927639603805052,0.02196161184981179,0.5801474016670671,255.0396901725488,0.5436148175574691,0,0.070182851512667,1
real_20260706_130424_table_cluster004_table1_refined_from_identity_scale1_easy,real_previous_registration,627,58,0.043414563064717845,0.022882521613005236,0.8324244034040272,227.4097368161045,1.118977795796795,0,0.038627347758153276,1
real_20260706_130424_table_cluster004_table1_refined_from_identity_scale1_easy,real_previous_registration,628,623,0.06499000413848043,0.056504290204635044,0.8915672297836345,198.73195017255446,-0.8909702700521321,1,0.049963194425068684,1
real_20260706_130424_table_cluster004_table1_refined_from_identity_scale1_easy,real_previous_registration,629,480,0.10003037595300229,0.04852357821346126,0.7456031221851407,213.43790747424856,-0.5232463104377839,0,0.11154601069464196,0
real_20260706_130424_table_cluster004_table1_refined_from_identity_scale1_easy,real_previous_registration,630,324,0.06977271475939563,0.05157065584993728,0.9020386582607529,274.3278074861222,0.6554058910400975,0,0.04838884274783416,1
real_20260706_130424_table_cluster004_table1_refined_from_identity_scale1_easy,real_previous_registration,631,295,0.06927919604710224,0.04552809027431953,0.9922912247908636,272.5615715610536,1.791754469245555,0,0.07011222128192111,1
real_20260706_130424_table_cluster004_table1_refined_from_identity_scale1_easy,real_previous_registration,632,109,0.050558273052748674,0.004605476311504893,0.762724418727881,228.9462103051239,-1.3705409684587777,0,0.06004390610300452,1
real_20260706_130424_table_cluster004_table1_refined_from_identity_scale1_easy,real_previous_registration,633,423,0.028225815631110988,0.007185936121628889,0.9306430821763181,233.76268494507582,0.3070997850061723,0,0.04146984029610256,1
real_20260706_130424_table_cluster004_table1_refined_from_identity_scale1_easy,real_previous_registration,634,293,0.10317979347959483,0.08695722042818864,0.9984467524358825,201.02662238597915,0.10535991566124618,1,0.09038212530068394,1
real_20260706_130424_table_cluster004_table1_refined_from_identity_scale1_easy,real_previous_registration,635,57,0.0354897505979668,0.035286324760271125,0.9928961197267465,219.34070383940252,-0.11778294742115553,1,0.01267738698907943,1
real_20260706_130424_table_cluster004_table1_refined_from_identity_scale1_easy,real_previous_registration,636,214,0.03788285348005675,0.027186976850321686,0.5695153330952905,91.6741022849322,0.12733926295651146,1,0.043498320326558426,1
real_20260706_130424_table_cluster004_table1_refined_from_identity_scale1_easy,real_previous_registration,637,324,0.05560255911935875,0.03377682436025446,0.902038658260859,275.2849161908743,0.6554058910400975,0,0.05290760212092653,1
real_20260706_130424_table_cluster004_table1_refined_from_identity_scale1_easy,real_previous_registration,638,17,0.08740979343320994,0.027449748708592625,0.993688832031663,232.8733649453479,2.447155360338152,0,0.07495609387509294,1
real_20260706_130424_table_cluster004_table1_refined_from_identity_scale1_easy,real_previous_registration,639,56,0.028318627502372306,0.026333080782501392,0.6165557912143413,252.4093758370284,-1.0340694175504397,1,0.0684469794179406,1
real_20260706_130424_table_cluster004_table1_refined_from_identity_scale1_easy,real_previous_registration,640,25,0.02469618442936599,0.005411432748603921,0.8034880695089639,83.60944330466164,-0.07126293560600626,0,0.04435892661346652,1
real_20260706_130424_table_cluster004_table1_refined_from_identity_scale1_easy,real_previous_registration,641,475,0.014941832091768957,0.013436243024643779,0.3008881951169308,222.18623693002374,0.12733926295651146,1,0.01397504097151769,1
real_20260706_130424_table_cluster004_table1_refined_from_identity_scale1_easy,real_previous_registration,642,617,0.0266705700824064,0.010223157810508013,0.4353391095858286,219.89208010170464,0.575363269904929,1,0.010302522749820464,1
real_20260706_130424_table_cluster004_table1_refined_from_identity_scale1_easy,real_previous_registration,643,521,0.04746683352000325,0.02260359833394089,0.9097940261331412,266.67298463079703,1.118977795796795,0,0.0495698586023699,1
real_20260706_130424_table_cluster004_table1_refined_from_identity_scale1_easy,real_previous_registration,644,419,0.06300168302550303,0.05455476137415507,0.15402031915505002,133.65061785061647,0.7295106818982383,1,0.06687827512287779,1
real_20260706_130424_table_cluster004_table1_refined_from_identity_scale1_easy,real_previous_registration,645,279,0.04019431201110008,0.03336539310432772,0.4748585135309456,209.7716648960139,-2.1972197773506195,0,0.03778800407901988,1
real_20260706_130424_table_cluster004_table1_refined_from_identity_scale1_easy,real_previous_registration,646,411,0.03398701132894361,0.007499398751687293,0.9401467424407847,104.08032913587029,-0.4054646081087893,1,0.0468752368245413,1
real_20260706_130424_table_cluster004_table1_refined_from_identity_scale1_easy,real_previous_registration,647,585,0.033188630153184295,0.018276443278008626,0.9060876080405912,157.08179018337327,0.7801573757332734,0,0.039560635689672434,1
real_20260706_130424_table_cluster004_table1_refined_from_identity_scale1_easy,real_previous_registration,648,368,0.02587562494856161,0.00525685187722825,0.37012186799857416,184.85879089582818,1.1349772185604439,1,0.007283416686987956,1
real_20260706_130424_table_cluster004_table1_refined_from_identity_scale1_easy,real_previous_registration,649,609,0.03933720752462707,0.005086454237245758,0.9834505191622489,201.75394131225232,0.4035134685694496,0,0.05252905344856332,1
real_20260706_130424_table_cluster004_table1_refined_from_identity_scale1_easy,real_previous_registration,650,23,0.03165399801913079,0.01388387609310112,0.713444469618872,100.38138663643667,-0.6286078194235332,1,0.03166608981894056,1
real_20260706_130424_table_cluster004_table1_refined_from_identity_scale1_easy,real_previous_registration,651,489,0.04076788333383577,0.009448875636469584,0.7473893510679923,236.91306418380682,0.9430872968267675,0,0.02798913748752403,1
real_20260706_130424_table_cluster004_table1_refined_from_identity_scale1_easy,real_previous_registration,652,316,0.027516586102979794,0.0015540237489228069,0.6359891400231086,141.2390722159447,-0.4328637309452172,1,0.02515053842172166,1
real_20260706_130424_table_cluster004_table1_refined_from_identity_scale1_easy,real_previous_registration,653,415,0.044355825059945314,0.0010422904084332798,0.9906979918382052,203.66609973983242,0.23361458802390822,0,0.031045108203972053,1
real_20260706_130424_table_cluster004_table1_refined_from_identity_scale1_easy,real_previous_registration,654,612,0.03992367996936666,0.02182119719062369,0.9789229186868724,224.2132682100489,0.09579096024618501,0,0.04088781258653338,1
real_20260706_130424_table_cluster004_table1_refined_from_identity_scale1_easy,real_previous_registration,655,578,0.028762210366458128,0.027692841356652332,0.6871491224214181,283.83414983925184,0.47000302924651544,0,0.047652957350477136,1
real_20260706_130424_table_cluster004_table1_refined_from_identity_scale1_easy,real_previous_registration,656,434,0.02395851876381987,0.023868957809358445,0.9189609222429734,231.0551461581334,-0.1541505369702482,1,0.012955513352292858,1
real_20260706_130424_table_cluster004_table1_refined_from_identity_scale1_easy,real_previous_registration,657,47,0.018175369240879688,0.018118935563090362,0.7613628599026351,222.80296602188423,0.6198148995709486,1,0.04316928813250233,1
real_20260706_130424_table_cluster004_table1_refined_from_identity_scale1_easy,real_previous_registration,658,394,0.020279198312908912,0.0034182967641933353,0.9851522493434975,231.5682262747129,-0.47445749388133646,1,0.03059332922852615,1
real_20260706_130424_table_cluster004_table1_refined_from_identity_scale1_easy,real_previous_registration,659,134,0.04726857817999995,0.04537711350028374,0.8731137925285525,286.4070998559338,1.0986102886721099,1,0.04904944663892322,1
real_20260706_130424_table_cluster004_table1_refined_from_identity_scale1_easy,real_previous_registration,660,18,0.014999985151045574,0.008141830021051667,0.9767218111022655,229.56794069796715,0.0870112860806339,1,0.03649443091576702,1
real_20260706_130424_table_cluster004_table1_refined_from_identity_scale1_easy,real_previous_registration,661,295,0.1217479282319411,0.03234731641427127,0.9934852430301512,254.07850762032618,1.8971148849034762,0,0.11609494568448597,0
real_20260706_130424_table_cluster004_table1_refined_from_identity_scale1_easy,real_previous_registration,662,282,0.05751869692089923,0.051142067555024345,0.749168309187306,270.84009323265394,-0.08004263075053339,0,0.04225735963698343,1
real_20260706_130424_table_cluster004_table1_refined_from_identity_scale1_easy,real_previous_registration,663,147,0.0371744200695296,0.01520598448294947,0.848781730077748,156.96376190336574,-1.6582244337561471,1,0.038569503730670536,1
real_20260706_130424_table_cluster004_table1_refined_from_identity_scale1_easy,real_previous_registration,664,371,0.02633482576549509,0.009554412594278326,0.9852677827591195,151.18539912030997,0.14004588915398097,1,0.01727219395079648,1
real_20260706_130424_table_cluster004_table1_refined_from_identity_scale1_easy,real_previous_registration,665,148,0.06422519944373535,0.04426356955646891,0.963852709594281,262.33613644086125,0.6131036267337668,0,0.05905133725033574,1
real_20260706_130424_table_cluster004_table1_refined_from_identity_scale1_easy,real_previous_registration,666,72,0.07345958743033629,0.01415598490394481,0.9842672756028047,146.11918747870658,1.0273470673530423,0,0.06973932773531219,1
real_20260706_130424_table_cluster004_table1_refined_from_identity_scale1_easy,real_previous_registration,667,259,0.0465738567402356,0.03997881181559383,0.35662205493797877,214.66355951668262,0.18449759836519528,1,0.05081753542561457,1
real_20260706_130424_table_cluster004_table1_refined_from_identity_scale1_easy,real_previous_registration,668,506,0.04344500927942795,0.028224465265835053,0.9746775225439176,215.1959524160095,0.05810757869814645,0,0.03443334880703752,1
real_20260706_130424_table_cluster004_table1_refined_from_identity_scale1_easy,real_previous_registration,669,406,0.08526616738237906,0.04786022702407906,0.9743093753553976,239.08385420479163,0.42583194856751616,0,0.08036755297818175,1
real_20260706_130424_table_cluster004_table1_refined_from_identity_scale1_easy,real_previous_registration,670,289,0.012787031873888589,0.0078036402920653196,0.7668963883382662,188.95104876736858,0.703196414597062,1,0.015837081290064184,1
real_20260706_130424_table_cluster004_table1_refined_from_identity_scale1_easy,real_previous_registration,671,270,0.06070169192717102,0.05213445519820682,0.13323487826273858,68.75975455146316,-1.8756363808092014,0,0.07769062652870562,1
real_20260706_130424_table_cluster004_table1_refined_from_identity_scale1_easy,real_previous_registration,672,214,0.07763390484123145,0.0645509709601215,0.5256625948466542,108.36159893144615,0.03636759655188955,0,0.08080660016898135,1
real_20260706_130424_table_cluster004_table1_refined_from_identity_scale1_easy,real_previous_registration,673,510,0.04040747070190133,0.018746116180399883,0.6241834791062892,230.96677387521675,-0.5376363930183435,0,0.058377421173620055,1
real_20260706_130424_table_cluster004_table1_refined_from_identity_scale1_easy,real_previous_registration,674,470,0.07548301663782858,0.01918803247218392,0.9501418452934037,237.82957392983695,1.791754469245555,0,0.06779903294826159,1
real_20260706_130424_table_cluster004_table1_refined_from_identity_scale1_easy,real_previous_registration,675,484,0.06376639515429536,0.05016453113318153,0.7394840075113425,289.42925716205593,0.8377270478349321,0,0.045488171636683825,1
real_20260706_130424_table_cluster004_table1_refined_from_identity_scale1_easy,real_previous_registration,676,171,0.027692625302789407,0.016661133161330728,0.37488859067006625,218.09317517908875,0.021978880631849596,1,0.014918924601213301,1
real_20260706_130424_table_cluster004_table1_refined_from_identity_scale1_easy,real_previous_registration,677,470,0.11423493797642481,5.491048910345048e-05,0.9493976982884944,227.4840453665469,1.828122077702179,0,0.11422731369351069,0
real_20260706_130424_table_cluster004_table1_refined_from_identity_scale1_easy,real_previous_registration,678,565,0.028646257078037612,0.0034291602425618804,0.6626481152715205,139.08102271545275,-0.3589447223437871,1,0.06227355146436087,1
real_20260706_130424_table_cluster004_table1_refined_from_identity_scale1_easy,real_previous_registration,679,182,0.03004637433563099,0.012923797209836572,0.8821429173697621,151.41883305600226,0.3096605530841906,0,0.052501927279747514,1
real_20260706_130424_table_cluster004_table1_refined_from_identity_scale1_easy,real_previous_registration,680,186,0.047068360767700664,0.023738691551975943,0.1287236663075949,204.02812384951022,-0.20116443068261922,0,0.048703289070798544,1
real_20260706_130424_table_cluster004_table1_refined_from_identity_scale1_easy,real_previous_registration,681,490,0.03977166059170422,0.030418368806327013,0.9702674336292031,208.47891537726673,-0.1177829245453773,0,0.043067813707904065,1
real_20260706_130424_table_cluster004_table1_refined_from_identity_scale1_easy,real_previous_registration,682,600,0.04159315705750331,0.007895505368508221,0.8321253797552426,235.41322084012182,0.4212128757914257,0,0.04153455831022965,1
real_20260706_130424_table_cluster004_table1_refined_from_identity_scale1_easy,real_previous_registration,683,313,0.06554213328080509,0.010976196523701364,0.8337990932891415,242.77280606234012,0.3617894841668201,0,0.06217375158186071,1
real_20260706_130424_table_cluster004_table1_refined_from_identity_scale1_easy,real_previous_registration,684,17,0.14845104513725602,0.01828296745134339,0.9937234225076428,208.47515241252393,2.447155360338152,0,0.15217103863388734,0
real_20260706_130424_table_cluster004_table1_refined_from_identity_scale1_easy,real_previous_registration,685,316,0.030439009791879093,0.005892660830924694,0.5612965388299298,186.57428799805245,-0.32750331528729587,0,0.05114531577725007,1
real_20260706_130424_table_cluster004_table1_refined_from_identity_scale1_easy,real_previous_registration,686,466,0.029243640860343208,0.0008791559209412212,0.8887215523021751,246.10016941112397,0.2537802518108689,0,0.0306681995032259,1
real_20260706_130424_table_cluster004_table1_refined_from_identity_scale1_easy,real_previous_registration,687,623,0.07276176075521508,0.06941140640520368,0.43197755345318556,220.69278796941353,-0.7368202330793306,0,0.08237486162418578,1
real_20260706_130424_table_cluster004_table1_refined_from_identity_scale1_easy,real_previous_registration,688,243,0.08628327461374335,0.06579480263042062,0.6038279802120056,243.1847603489209,0.33897500368182953,0,0.1037286344203953,0
real_20260706_130424_table_cluster004_table1_refined_from_identity_scale1_easy,real_previous_registration,689,362,0.04683205313994947,0.007433664247289298,0.3023842161173502,139.7779982752873,0.7295134437811682,0,0.03993232665960638,1
real_20260706_130424_table_cluster004_table1_refined_from_identity_scale1_easy,real_previous_registration,690,318,0.05140936411649433,0.00016382528143114522,0.6993223170762506,129.01865669246843,0.6554058910400975,0,0.06195206640372076,1
real_20260706_130424_table_cluster004_table1_refined_from_identity_scale1_easy,real_previous_registration,691,182,0.04352354189230951,0.02018327251569665,0.8508675148602989,153.89037636874647,0.3096605530841906,0,0.06023835062525689,1
real_20260706_130424_table_cluster004_table1_refined_from_identity_scale1_easy,real_previous_registration,692,220,0.06200073936078097,0.05566274295645001,0.8734477317438963,206.794068016022,-0.25131421399537546,0,0.03610175488976258,1
real_20260706_130424_table_cluster004_table1_refined_from_identity_scale1_easy,real_previous_registration,693,324,0.06688869201527296,0.05988198870882231,0.902038658260789,271.6008844124217,0.7295137890180693,0,0.04856749464412438,1
real_20260706_130424_table_cluster004_table1_refined_from_identity_scale1_easy,real_previous_registration,694,152,0.04136057016885524,0.0015721611731523387,0.08480021984597702,154.28143904189798,-0.040821954520294405,0,0.022620436652732105,1
real_20260706_130424_table_cluster004_table1_refined_from_identity_scale1_easy,real_previous_registration,695,609,0.03605064908882231,0.006040783891130621,0.9826682607362991,204.11966198869436,0.33897500368182953,1,0.03486250699753734,1
real_20260706_130424_table_cluster004_table1_refined_from_identity_scale1_easy,real_previous_registration,696,436,0.07698890593901651,0.05571973213342851,0.9936807739499459,256.9506622127487,3.214398439092065,0,0.0693804815609351,1
