sample_id,scenario,source_index,target_index,distance_T0,point_to_plane_residual,normal_dot_abs,fpfh_distance,log_normalized_density_ratio,is_mutual_nn,label_distance,target_weight
real_20260702_150045_table1_cluster018_ransac_icp_voxel005_easy,real_previous_registration,0,2483,0.020596471992465382,0.0064129224662487876,0.11174855315194372,244.43143661039187,-0.23397766940606135,1,0.24375849956144108,0
real_20260702_150045_table1_cluster018_ransac_icp_voxel005_easy,real_previous_registration,1,1593,0.024738806889215093,0.014626116537426778,0.06913342682517942,240.38966040430267,0.926318267675909,1,0.26416662298775306,0
real_20260702_150045_table1_cluster018_ransac_icp_voxel005_easy,real_previous_registration,2,2300,0.06275387505833419,0.0036588975427416987,0.8654963941808612,87.22837476207768,0.8987309308689089,0,0.2893525174509577,0
real_20260702_150045_table1_cluster018_ransac_icp_voxel005_easy,real_previous_registration,3,2768,0.06758056804707316,0.04197616575225099,0.3092410872756816,134.52044034761025,0.8781863157102772,0,0.2266187471639963,0
real_20260702_150045_table1_cluster018_ransac_icp_voxel005_easy,real_previous_registration,4,1203,0.12343812903486179,0.10471704506552741,0.8599519540616533,178.44026829679936,0.453863880443319,0,0.17983004142449374,0
real_20260702_150045_table1_cluster018_ransac_icp_voxel005_easy,real_previous_registration,5,939,0.04646994632912249,0.027250419727132363,0.9470296743031437,205.90221263681204,-0.1381866848823503,0,0.23456907825846163,0
real_20260702_150045_table1_cluster018_ransac_icp_voxel005_easy,real_previous_registration,6,974,0.06402315575648677,0.040531763073395885,0.8344829286469041,133.25969227345394,0.4955362669660947,0,0.2144972582024219,0
real_20260702_150045_table1_cluster018_ransac_icp_voxel005_easy,real_previous_registration,7,3531,0.07055444525120493,0.033211825233332985,0.9876028881582193,91.1484657638808,0.4168934630229791,0,0.2738543503446718,0
real_20260702_150045_table1_cluster018_ransac_icp_voxel005_easy,real_previous_registration,8,908,0.04562310380204837,0.031052101859286675,0.8958654868402246,91.22969761831085,0.04128162077889468,1,0.2229325153102884,0
real_20260702_150045_table1_cluster018_ransac_icp_voxel005_easy,real_previous_registration,9,3380,0.08351878883625019,0.04958652176239969,0.4355226425310746,90.60768854103559,0.997392543819865,0,0.22036897778545494,0
real_20260702_150045_table1_cluster018_ransac_icp_voxel005_easy,real_previous_registration,10,3437,0.07097604606780433,0.036765605709538476,0.8961856205498098,276.0079101056429,-0.2086598832166244,0,0.2030666610123862,0
real_20260702_150045_table1_cluster018_ransac_icp_voxel005_easy,real_previous_registration,11,2310,0.08737890766081394,0.017172893781749694,0.2920545468162167,119.80372931401527,1.9082573103438416,0,0.25918688720560845,0
real_20260702_150045_table1_cluster018_ransac_icp_voxel005_easy,real_previous_registration,12,101,0.028444757253240794,0.027775494003249825,0.7970975734454293,322.80320004793475,-0.016825953223575534,1,0.20896570006938547,0
real_20260702_150045_table1_cluster018_ransac_icp_voxel005_easy,real_previous_registration,13,85,0.09892765459048518,0.07969312582111178,0.9005785327776668,268.4979541309225,-0.3062982716834104,0,0.16496606708210038,0
real_20260702_150045_table1_cluster018_ransac_icp_voxel005_easy,real_previous_registration,14,650,0.02464363806418759,0.011722533167421922,0.9175374163120736,124.07190505500353,0.029011542668771883,1,0.26426967449762334,0
real_20260702_150045_table1_cluster018_ransac_icp_voxel005_easy,real_previous_registration,15,3383,0.10559404554764974,0.0987837959112922,0.9881543498021943,239.8532431149335,0.23317239480570598,0,0.15201287152355075,0
real_20260702_150045_table1_cluster018_ransac_icp_voxel005_easy,real_previous_registration,16,1610,0.04129112669884486,0.02255172748575888,0.7188562446584933,122.04400608930584,0.025533275219478645,0,0.26457538309234385,0
real_20260702_150045_table1_cluster018_ransac_icp_voxel005_easy,real_previous_registration,17,817,0.07262082484701496,0.05698589663659757,0.7031434455844545,250.69453263026963,0.29259547118408796,0,0.2585972562518904,0
real_20260702_150045_table1_cluster018_ransac_icp_voxel005_easy,real_previous_registration,18,877,0.09945054013064218,0.06635035178417018,0.9595770850899773,90.57143358774424,0.04128162077889468,0,0.19740011424927714,0
real_20260702_150045_table1_cluster018_ransac_icp_voxel005_easy,real_previous_registration,19,3580,0.11793117318334702,0.10323730075394719,0.964107275185761,240.57271614273384,0.19680478899457893,0,0.24453669997611474,0
real_20260702_150045_table1_cluster018_ransac_icp_voxel005_easy,real_previous_registration,20,45,0.02068733329213446,0.0011027169932742902,0.7429192423230981,174.198961328929,-0.18721137135659519,1,0.2873626842397663,0
real_20260702_150045_table1_cluster018_ransac_icp_voxel005_easy,real_previous_registration,21,254,0.08925107020299705,0.05435718253660122,0.46057372833231897,160.65652245586182,0.7781025898514247,0,0.15799501031467553,0
real_20260702_150045_table1_cluster018_ransac_icp_voxel005_easy,real_previous_registration,22,2912,0.12014376485706797,0.11045257983321562,0.8608523478271323,78.02534101318392,-0.2464002023675477,0,0.1521493301312391,0
real_20260702_150045_table1_cluster018_ransac_icp_voxel005_easy,real_previous_registration,23,3347,0.03489143939619176,0.0034470008856681217,0.7250597147725086,104.74085038379657,1.2576749555237088,0,0.19975079522144215,0
real_20260702_150045_table1_cluster018_ransac_icp_voxel005_easy,real_previous_registration,24,466,0.04410005460997298,0.03424252508561185,0.3237506370266445,187.16967425813576,0.025533275219478645,0,0.27470179710322107,0
real_20260702_150045_table1_cluster018_ransac_icp_voxel005_easy,real_previous_registration,25,2768,0.11083973078077823,0.09077887704264927,0.22926046395159577,132.42438203886607,0.8255426224188648,0,0.2003756950307533,0
real_20260702_150045_table1_cluster018_ransac_icp_voxel005_easy,real_previous_registration,26,605,0.044485253683149935,0.02611895557693312,0.46134178827983285,206.30588944012416,-0.3062982716834104,0,0.22500436388577977,0
real_20260702_150045_table1_cluster018_ransac_icp_voxel005_easy,real_previous_registration,27,3605,0.048448824941964695,0.021101364895427195,0.9530090614029333,183.98731544724942,0.613800379134287,0,0.26393095083563994,0
real_20260702_150045_table1_cluster018_ransac_icp_voxel005_easy,real_previous_registration,28,1049,0.1127348532321279,0.0879562935468982,0.4415163307102591,220.98899351509755,1.0753535598407225,0,0.3294173825687709,0
real_20260702_150045_table1_cluster018_ransac_icp_voxel005_easy,real_previous_registration,29,209,0.07592230124941132,0.06874569469110911,0.9424179369305442,147.47882089436987,-0.10919917658049856,1,0.19219934511670025,0
real_20260702_150045_table1_cluster018_ransac_icp_voxel005_easy,real_previous_registration,30,605,0.02026184013264431,0.018172510209551733,0.460861401143989,210.90397282891587,-0.3832592268937089,1,0.23115308067620904,0
real_20260702_150045_table1_cluster018_ransac_icp_voxel005_easy,real_previous_registration,31,2996,0.06826843127353181,0.04799916903718581,0.9718106329992701,94.5014617254441,0.07682653022735875,0,0.17594685782806374,0
real_20260702_150045_table1_cluster018_ransac_icp_voxel005_easy,real_previous_registration,32,1459,0.10397240781201805,0.08227558927183105,0.952856486173743,126.20835331600553,-0.292920078464442,0,0.1930043593940198,0
real_20260702_150045_table1_cluster018_ransac_icp_voxel005_easy,real_previous_registration,33,1783,0.02134453994708995,0.01535520583248455,0.7719265702561116,258.81682167397906,-0.2038404648211007,1,0.2662651057953446,0
real_20260702_150045_table1_cluster018_ransac_icp_voxel005_easy,real_previous_registration,34,2929,0.09601993302232867,0.08829257282070249,0.890982486694751,194.9895052694548,0.3926792552412349,0,0.23240758343074305,0
real_20260702_150045_table1_cluster018_ransac_icp_voxel005_easy,real_previous_registration,35,2470,0.14542662505596693,0.09763643372478813,0.9674232025948536,128.27703102025293,0.6185963705000677,0,0.10404989316258251,0
real_20260702_150045_table1_cluster018_ransac_icp_voxel005_easy,real_previous_registration,36,2310,0.16160235781540042,0.004981859719964524,0.21302726820381565,188.48891686465453,1.6059768834830355,0,0.23881764304720582,0
real_20260702_150045_table1_cluster018_ransac_icp_voxel005_easy,real_previous_registration,37,3581,0.11225373241503366,0.10606171323604029,0.7066626477241984,148.20017718200796,0.8899506618647818,0,0.2772865875409992,0
real_20260702_150045_table1_cluster018_ransac_icp_voxel005_easy,real_previous_registration,38,396,0.10711514935746089,0.0883414229803583,0.9330406689828292,217.23437430063083,0.42142837448261666,0,0.17596724942186007,0
real_20260702_150045_table1_cluster018_ransac_icp_voxel005_easy,real_previous_registration,39,329,0.12668124816085172,0.09185568979028436,0.8908573176098732,108.67233538475384,1.0345319708747207,0,0.2401798185246842,0
real_20260702_150045_table1_cluster018_ransac_icp_voxel005_easy,real_previous_registration,40,877,0.05910441751151666,0.05127834669618565,0.9489312651202567,88.86282814895472,0.18646350815728005,0,0.2212177045877751,0
real_20260702_150045_table1_cluster018_ransac_icp_voxel005_easy,real_previous_registration,41,1645,0.06935156260427165,0.06530159853985072,0.9277156660434043,115.57554231334133,0.6698895279204548,0,0.21734831882485026,0
real_20260702_150045_table1_cluster018_ransac_icp_voxel005_easy,real_previous_registration,42,1224,0.022185967011776882,0.021762045616237832,0.8365697120840234,210.73100258870602,0.5337577179350826,1,0.24596154506146806,0
real_20260702_150045_table1_cluster018_ransac_icp_voxel005_easy,real_previous_registration,43,1798,0.07121930163659106,0.05467476132516977,0.35209551506898396,85.21608690506791,0.8899506618647818,1,0.32421349584260223,0
real_20260702_150045_table1_cluster018_ransac_icp_voxel005_easy,real_previous_registration,44,471,0.1155962158136974,0.08013264902204507,0.6521616438451726,121.27557018551042,0.79505138945994,0,0.17403795236081324,0
real_20260702_150045_table1_cluster018_ransac_icp_voxel005_easy,real_previous_registration,45,2457,0.07061662305230405,0.06613697171216859,0.99821787738438,83.52225947819984,0.1590645859341096,0,0.19571654030884275,0
real_20260702_150045_table1_cluster018_ransac_icp_voxel005_easy,real_previous_registration,46,329,0.09583662476669484,0.07328569192559592,0.8928027644636939,108.03430549242204,1.0063611169238786,0,0.24901503904045838,0
real_20260702_150045_table1_cluster018_ransac_icp_voxel005_easy,real_previous_registration,47,3357,0.1438814236411666,0.14180717008628108,0.7923778985167802,165.0310274086555,0.333417852250815,0,0.18890575404864732,0
real_20260702_150045_table1_cluster018_ransac_icp_voxel005_easy,real_previous_registration,48,2693,0.07871361901103296,0.04139906307533251,0.7927307365534925,151.15827003729024,1.734596388736995,0,0.3280085151719542,0
real_20260702_150045_table1_cluster018_ransac_icp_voxel005_easy,real_previous_registration,49,3383,0.10650431717019279,0.09507890683200257,0.988144739147853,242.34891169180221,0.19680478899457893,0,0.19145648424469927,0
real_20260702_150045_table1_cluster018_ransac_icp_voxel005_easy,real_previous_registration,50,1224,0.061830909215796113,0.028036135128197498,0.835980754094818,206.92994483687886,0.5543769928078938,0,0.27526939372815823,0
real_20260702_150045_table1_cluster018_ransac_icp_voxel005_easy,real_previous_registration,51,332,0.07789564256990872,0.000138821531600082,0.7912484860651033,271.6056871720344,0.7781025898514247,0,0.2798932671747827,0
real_20260702_150045_table1_cluster018_ransac_icp_voxel005_easy,real_previous_registration,52,3458,0.030484200249182195,0.009547287595132053,0.6158866214275058,85.72163742266528,1.3912065515203242,0,0.2693969547463767,0
real_20260702_150045_table1_cluster018_ransac_icp_voxel005_easy,real_previous_registration,53,3,0.034783645480991846,0.025434506738887478,0.008271131503398088,205.66897709579698,0.04986534563558303,0,0.2636489713405612,0
real_20260702_150045_table1_cluster018_ransac_icp_voxel005_easy,real_previous_registration,54,3282,0.02546732715104719,0.004022117380476538,0.6348739630166543,97.00910766786761,-0.257828882029574,1,0.2422645899487547,0
real_20260702_150045_table1_cluster018_ransac_icp_voxel005_easy,real_previous_registration,55,2158,0.06308101648302535,0.028606247924667552,0.8046243618812142,174.3196292299077,0.19543211525584528,0,0.20949223237003992,0
real_20260702_150045_table1_cluster018_ransac_icp_voxel005_easy,real_previous_registration,56,1308,0.12159639099277803,0.10467827464891873,0.7060280361669244,115.14573904067419,0.7569008749316938,0,0.16855475156427904,0
real_20260702_150045_table1_cluster018_ransac_icp_voxel005_easy,real_previous_registration,57,416,0.06526882569189119,0.05393354456453517,0.5081241719404214,99.81064490001108,0.13089370179007795,0,0.23092635539665834,0
real_20260702_150045_table1_cluster018_ransac_icp_voxel005_easy,real_previous_registration,58,3581,0.06906600423094374,0.04743107238236694,0.5358675376775175,119.58316043444479,1.2050314182146566,0,0.1850948331317069,0
real_20260702_150045_table1_cluster018_ransac_icp_voxel005_easy,real_previous_registration,59,877,0.06402163573444093,0.055735189662347355,0.9779412476595957,85.26366190045202,0.26442499084325244,0,0.2538374186275601,0
real_20260702_150045_table1_cluster018_ransac_icp_voxel005_easy,real_previous_registration,60,586,0.03070982405805589,0.015448177658773599,0.2976399410202181,149.53274976703563,-0.016825953223575534,1,0.2352664913727148,0
real_20260702_150045_table1_cluster018_ransac_icp_voxel005_easy,real_previous_registration,61,3215,0.05685930486648557,0.03431912961795248,0.9045307175136198,217.35074294866934,0.09007172552379418,0,0.22626167067806463,0
real_20260702_150045_table1_cluster018_ransac_icp_voxel005_easy,real_previous_registration,62,718,0.055447716882119906,0.04755277681849509,0.9739740927144033,85.68718414977684,0.28689787341242984,0,0.23995110016965338,0
real_20260702_150045_table1_cluster018_ransac_icp_voxel005_easy,real_previous_registration,63,650,0.03610850254033091,0.0286422913370085,0.8748421166159577,122.70427625302861,0.18316210741675118,0,0.2279608608407722,0
real_20260702_150045_table1_cluster018_ransac_icp_voxel005_easy,real_previous_registration,64,2237,0.11021813843249845,0.10860957600010072,0.984283328072724,155.36478023297397,-0.41147978758409387,1,0.20420549171647775,0
real_20260702_150045_table1_cluster018_ransac_icp_voxel005_easy,real_previous_registration,65,1308,0.09647372517400302,0.03789885069330616,0.3203424350395915,156.47553680012837,0.3638586358958465,0,0.2621009941876754,0
real_20260702_150045_table1_cluster018_ransac_icp_voxel005_easy,real_previous_registration,66,3437,0.0385240595706566,0.017478513859417802,0.8960588321460737,240.92606947151876,-0.24640016988897523,1,0.21331071156813228,0
real_20260702_150045_table1_cluster018_ransac_icp_voxel005_easy,real_previous_registration,67,1783,0.04200605732054418,0.02892813882445925,0.7707165564557864,272.81782930069335,-0.14321594962212542,0,0.2995224321860724,0
real_20260702_150045_table1_cluster018_ransac_icp_voxel005_easy,real_previous_registration,68,3212,0.03707389481737053,0.022089932863915866,0.06889352094132843,122.3990815081135,0.09007172552379418,0,0.23918372421539494,0
real_20260702_150045_table1_cluster018_ransac_icp_voxel005_easy,real_previous_registration,69,3131,0.15992896965893083,0.022015843159464837,0.0938274130491584,242.3294344705526,2.992245745144788,0,0.33995953167141507,0
real_20260702_150045_table1_cluster018_ransac_icp_voxel005_easy,real_previous_registration,70,235,0.0739997409624629,0.04671927803833287,0.7459015752498097,130.50290360342274,1.5941438008935573,0,0.17392662646312515,0
real_20260702_150045_table1_cluster018_ransac_icp_voxel005_easy,real_previous_registration,71,304,0.04800084578034386,0.0061129193710990695,0.33714939448388453,98.43677071104248,1.0063611169238786,0,0.3040052929246605,0
real_20260702_150045_table1_cluster018_ransac_icp_voxel005_easy,real_previous_registration,72,3580,0.11648647025803122,0.11241597018229656,0.9640971846337913,229.72708624349792,0.23317239480570598,0,0.19938996159434041,0
real_20260702_150045_table1_cluster018_ransac_icp_voxel005_easy,real_previous_registration,73,2258,0.01742879160144542,0.0103273253929989,0.9653103790455305,97.77520971261434,-0.19761006359493427,1,0.24163406241358645,0
real_20260702_150045_table1_cluster018_ransac_icp_voxel005_easy,real_previous_registration,74,3148,0.047486026082490335,0.024305565032429706,0.4724823884406718,82.31309937824955,0.5645292386358662,0,0.2364302449144523,0
real_20260702_150045_table1_cluster018_ransac_icp_voxel005_easy,real_previous_registration,75,1755,0.0420123495461788,0.02948454277967419,0.6892646454476148,290.6803705252988,-0.5059109692818478,0,0.2686635437631094,0
real_20260702_150045_table1_cluster018_ransac_icp_voxel005_easy,real_previous_registration,76,2446,0.12166590045069554,0.11084330606226131,0.8666922499771519,177.735658084486,0.6896923809864559,0,0.1438175369805493,0
real_20260702_150045_table1_cluster018_ransac_icp_voxel005_easy,real_previous_registration,77,7,0.12022076650806651,0.11713605811013336,0.4811652399552365,245.19084088023996,2.0632979071744577,0,0.24339494932517988,0
real_20260702_150045_table1_cluster018_ransac_icp_voxel005_easy,real_previous_registration,78,3061,0.04838923429194089,0.0009707049766230352,0.6009292640292974,115.17241365737887,0.2331724854648697,0,0.24273304020869782,0
real_20260702_150045_table1_cluster018_ransac_icp_voxel005_easy,real_previous_registration,79,752,0.08048559504258687,0.07136894641178032,0.33873937914086155,163.93831272313253,2.068599773623748,0,0.2943513951293582,0
real_20260702_150045_table1_cluster018_ransac_icp_voxel005_easy,real_previous_registration,80,304,0.08273497969059913,0.028926577020337352,0.42436610088544546,93.76498375869679,1.0063611169238786,0,0.3288839622380969,0
real_20260702_150045_table1_cluster018_ransac_icp_voxel005_easy,real_previous_registration,81,3347,0.0475808351372279,0.027313169298881702,0.82778576994621,112.34814405557098,1.2295041015728665,0,0.24920629827731564,0
real_20260702_150045_table1_cluster018_ransac_icp_voxel005_easy,real_previous_registration,82,2441,0.10127364516032253,0.10113152039968254,0.6159111261847446,227.56887849171002,0.42569303046072365,0,0.1995195246116446,0
real_20260702_150045_table1_cluster018_ransac_icp_voxel005_easy,real_previous_registration,83,3316,0.043881578492280825,0.03804972063862186,0.3346268878293748,264.76378200187634,0.05370411971266717,0,0.28278435677180164,0
real_20260702_150045_table1_cluster018_ransac_icp_voxel005_easy,real_previous_registration,84,3347,0.05056760791183504,8.027783733806013e-05,0.819866851092755,111.88670833307008,1.2295041015728665,0,0.22784071993085056,0
real_20260702_150045_table1_cluster018_ransac_icp_voxel005_easy,real_previous_registration,85,1593,0.05038558566399955,0.01008261778908318,0.06768069938405233,251.62353832411384,0.8899506618647818,0,0.2442871877351212,0
real_20260702_150045_table1_cluster018_ransac_icp_voxel005_easy,real_previous_registration,86,2693,0.07913303540250562,0.0028620024446905576,0.7980822026547382,180.13987169639583,1.6253972121564966,0,0.3374223503366933,0
real_20260702_150045_table1_cluster018_ransac_icp_voxel005_easy,real_previous_registration,87,332,0.08659925747141765,0.05801847424664479,0.7907879115475832,321.65387111101063,0.8158428765237756,0,0.15398702587133864,0
real_20260702_150045_table1_cluster018_ransac_icp_voxel005_easy,real_previous_registration,88,329,0.06544749704249724,0.055052850234894854,0.9510403554045233,111.00793547142659,1.0063611169238786,0,0.21526464286825855,0
real_20260702_150045_table1_cluster018_ransac_icp_voxel005_easy,real_previous_registration,89,3610,0.04282286093000437,0.02651170853479248,0.36355432606223936,219.15743368446854,-0.1381866848823503,0,0.252357297637878,0
real_20260702_150045_table1_cluster018_ransac_icp_voxel005_easy,real_previous_registration,90,2743,0.07239517484879202,0.02955113468940891,0.9105719215054742,93.43454535498586,-0.18721137135659519,0,0.17609366031530224,0
real_20260702_150045_table1_cluster018_ransac_icp_voxel005_easy,real_previous_registration,91,3458,0.06542118667165063,0.01809767511323357,0.6320577422952062,101.7655107525582,1.3912065515203242,0,0.24204853755305808,0
real_20260702_150045_table1_cluster018_ransac_icp_voxel005_easy,real_previous_registration,92,710,0.042652989377091576,0.02512200347321753,0.7236798689231251,92.1990316802501,0.644571837335192,0,0.26956859414054263,0
real_20260702_150045_table1_cluster018_ransac_icp_voxel005_easy,real_previous_registration,93,3126,0.02288015457234306,0.017478365512200902,0.2322689294597226,102.11136614312447,0.19296604055846228,1,0.21968974868616353,0
real_20260702_150045_table1_cluster018_ransac_icp_voxel005_easy,real_previous_registration,94,3531,0.06186348012410852,0.04238753703573508,0.979302725033347,84.05794851386347,0.46134519693770487,0,0.19848913030159424,0
real_20260702_150045_table1_cluster018_ransac_icp_voxel005_easy,real_previous_registration,95,3338,0.05140089972475673,0.04472140453135968,0.9526233922271927,83.77497489478834,-0.0786069037765492,0,0.25129832724613166,0
real_20260702_150045_table1_cluster018_ransac_icp_voxel005_easy,real_previous_registration,96,2599,0.07720669838767538,0.05210751502123797,0.5875038099344143,272.0690105183762,-0.24640014958987216,0,0.18619985704445674,0
real_20260702_150045_table1_cluster018_ransac_icp_voxel005_easy,real_previous_registration,97,1513,0.031264470528486334,0.003848853003726926,0.983719089030021,89.21819890063824,0.029011542668771883,1,0.2703680174392507,0
real_20260702_150045_table1_cluster018_ransac_icp_voxel005_easy,real_previous_registration,98,3288,0.024668507500349202,0.01984342496684237,0.9076616018985848,220.59173580943875,0.4875683971575567,1,0.23795208844972784,0
real_20260702_150045_table1_cluster018_ransac_icp_voxel005_easy,real_previous_registration,99,3265,0.2186362774157502,0.20396606578725066,0.9280019256927471,77.63938782651823,0.5819207559771377,0,0.20421481641826328,0
real_20260702_150045_table1_cluster018_ransac_icp_voxel005_easy,real_previous_registration,100,329,0.058985766957362906,0.024788231660663414,0.0743382134643879,98.33699843635988,1.139892405977053,0,0.28576229072709347,0
real_20260702_150045_table1_cluster018_ransac_icp_voxel005_easy,real_previous_registration,101,3038,0.0917701124708155,0.05590321045923515,0.9838205556250692,259.4885580410004,0.5306275510631152,0,0.25213496503018323,0
real_20260702_150045_table1_cluster018_ransac_icp_voxel005_easy,real_previous_registration,102,1546,0.06450435112975555,0.00939353846315473,0.029945773213038596,150.50481174778062,2.104967379434875,0,0.25407548398983965,0
real_20260702_150045_table1_cluster018_ransac_icp_voxel005_easy,real_previous_registration,103,659,0.1112942124530079,0.09826846529252177,0.9922678709394198,146.05705733591756,-0.09224964238146768,0,0.26515948589482885,0
real_20260702_150045_table1_cluster018_ransac_icp_voxel005_easy,real_previous_registration,104,2496,0.037041067082435666,0.03609308255684625,0.7865119515899103,215.55408904082654,0.33731268860461705,1,0.23405524237148495,0
real_20260702_150045_table1_cluster018_ransac_icp_voxel005_easy,real_previous_registration,105,3241,0.06210008395512101,0.05375322207171957,0.8380708217261665,124.44411343760055,0.27969246971450223,0,0.18098860668302577,0
real_20260702_150045_table1_cluster018_ransac_icp_voxel005_easy,real_previous_registration,106,3663,0.03572889725401052,0.013246223002997295,0.9083889538809873,110.52968996611028,-0.3608103653937684,1,0.2697797185503045,0
real_20260702_150045_table1_cluster018_ransac_icp_voxel005_easy,real_previous_registration,107,3347,0.03809066920075784,0.029218197560552394,0.4367986565004769,101.246199983449,1.337717601231481,0,0.2252341381032023,0
real_20260702_150045_table1_cluster018_ransac_icp_voxel005_easy,real_previous_registration,108,3780,0.07963865161243733,0.0020855261587523943,0.4611367266497834,227.3828349364655,1.640663753757972,0,0.3032583088798021,0
real_20260702_150045_table1_cluster018_ransac_icp_voxel005_easy,real_previous_registration,109,2912,0.10793241870624593,0.09950728507523705,0.8722288694640334,72.27841144914613,-0.12123717313892843,0,0.1913345815878559,0
real_20260702_150045_table1_cluster018_ransac_icp_voxel005_easy,real_previous_registration,110,2463,0.05264787422432612,0.03759208879016577,0.167076618230505,143.67239249186812,0.05370409008311936,0,0.2836710450211659,0
real_20260702_150045_table1_cluster018_ransac_icp_voxel005_easy,real_previous_registration,111,454,0.09132489009653919,0.09114562059902083,0.9920514469268197,257.83794624194235,-0.3062982716834104,1,0.19737219022785124,0
real_20260702_150045_table1_cluster018_ransac_icp_voxel005_easy,real_previous_registration,112,2919,0.07485868948180738,0.07236141311617568,0.5587537352622378,186.71033715692627,-0.6882323641711848,1,0.2756975143286095,0
real_20260702_150045_table1_cluster018_ransac_icp_voxel005_easy,real_previous_registration,113,2386,0.03226982013839007,0.007734574431492485,0.4769219289410131,303.12034231213244,-0.3399259798933796,1,0.21181101112493497,0
real_20260702_150045_table1_cluster018_ransac_icp_voxel005_easy,real_previous_registration,114,3782,0.07580577528448114,0.0712600196720656,0.03120744610457956,181.17463033998538,0.2768473876939049,0,0.3061861531738826,0
real_20260702_150045_table1_cluster018_ransac_icp_voxel005_easy,real_previous_registration,115,3038,0.08918259510401536,0.07676420207391957,0.9842143288939957,275.68160379431765,0.2078545397519917,0,0.1899614575315064,0
real_20260702_150045_table1_cluster018_ransac_icp_voxel005_easy,real_previous_registration,116,2258,0.0897089103612874,0.06801261456988437,0.973942746459049,107.32681268554856,-0.2717179560784123,0,0.19812690910550504,0
real_20260702_150045_table1_cluster018_ransac_icp_voxel005_easy,real_previous_registration,117,3501,0.0443291074143694,0.027789687211446618,0.312270692643917,216.20768894171508,-0.3062982716834104,0,0.24121906540080254,0
real_20260702_150045_table1_cluster018_ransac_icp_voxel005_easy,real_previous_registration,118,2693,0.05097775328521108,0.04661840641197139,0.675821405110307,104.61283647855001,1.8638079990049938,0,0.2642990350848202,0
real_20260702_150045_table1_cluster018_ransac_icp_voxel005_easy,real_previous_registration,119,116,0.058868195046612934,0.031796814777842554,0.32102224055326933,58.43001401901982,0.24362186644172706,0,0.2634747670222398,0
real_20260702_150045_table1_cluster018_ransac_icp_voxel005_easy,real_previous_registration,120,2470,0.17967213646845628,0.07821186056597726,0.6716680661467272,139.64315589533888,0.6698896267297519,0,0.1627637968638826,0
real_20260702_150045_table1_cluster018_ransac_icp_voxel005_easy,real_previous_registration,121,1342,0.05045245101611139,0.0354910011614164,0.6050629387534269,109.34415022210652,0.36878487606254196,1,0.26700274504089766,0
real_20260702_150045_table1_cluster018_ransac_icp_voxel005_easy,real_previous_registration,122,3142,0.06751939861949614,0.05187301450318471,0.523412617142296,312.1741938901947,0.34138559586935774,0,0.16067837845438837,0
real_20260702_150045_table1_cluster018_ransac_icp_voxel005_easy,real_previous_registration,123,2446,0.1555471131598268,0.14278364992655376,0.8675165679367701,159.9924117697797,0.6698897650628186,0,0.12418417408828553,0
real_20260702_150045_table1_cluster018_ransac_icp_voxel005_easy,real_previous_registration,124,752,0.11724061157654793,0.07582230973951448,0.35362496628011436,153.47025670702925,2.068599773623748,0,0.3462905165360124,0
real_20260702_150045_table1_cluster018_ransac_icp_voxel005_easy,real_previous_registration,125,2279,0.03252344377896806,0.022376327369599398,0.4019744183142705,169.11420223333124,0.12269691024733272,1,0.2769407838468611,0
real_20260702_150045_table1_cluster018_ransac_icp_voxel005_easy,real_previous_registration,126,2693,0.08125404511602209,0.02301115248383326,0.7988772177259791,179.72620083008798,1.5027950355489412,0,0.3139483413934185,0
real_20260702_150045_table1_cluster018_ransac_icp_voxel005_easy,real_previous_registration,127,972,0.12627809593387973,0.11766341948362335,0.9422643483620934,78.32453603237582,-0.351760610618076,0,0.14928171798539963,0
real_20260702_150045_table1_cluster018_ransac_icp_voxel005_easy,real_previous_registration,128,2743,0.0437049318333433,0.02469500952181613,0.9261113433756514,92.97513432241934,-0.12052006137398968,1,0.20373157153967864,0
real_20260702_150045_table1_cluster018_ransac_icp_voxel005_easy,real_previous_registration,129,3065,0.08930359572198891,0.007392760744838547,0.35952006069171716,137.2611823433509,2.133139726230048,0,0.3144446992588836,0
real_20260702_150045_table1_cluster018_ransac_icp_voxel005_easy,real_previous_registration,130,2188,0.13626567621497715,0.059051280486279806,0.6939980662130731,110.4411459841391,0.6918685962905708,0,0.1929164870214674,0
real_20260702_150045_table1_cluster018_ransac_icp_voxel005_easy,real_previous_registration,131,3265,0.20643829089992505,0.16150897790406066,0.8050854348408382,111.47901569625886,0.9035041051048371,0,0.26095159524607664,0
real_20260702_150045_table1_cluster018_ransac_icp_voxel005_easy,real_previous_registration,132,1667,0.013890795403035682,0.013084518486017415,0.12034879440634524,209.91203091722653,0.025533275219478645,1,0.20947480032773694,0
real_20260702_150045_table1_cluster018_ransac_icp_voxel005_easy,real_previous_registration,133,939,0.05915094872938903,0.019568033374520035,0.9478825155024828,208.1139375150269,-0.10044639820999943,0,0.20620688469045692,0
real_20260702_150045_table1_cluster018_ransac_icp_voxel005_easy,real_previous_registration,134,752,0.1175266143092537,0.11396668977330573,0.3378388466262785,178.88001842071517,2.030859486951397,0,0.32956892652202086,0
real_20260702_150045_table1_cluster018_ransac_icp_voxel005_easy,real_previous_registration,135,3511,0.08275064462567895,0.006266910983886542,0.47023665122088204,89.83628013107689,1.1000466214132947,0,0.25895218111403945,0
real_20260702_150045_table1_cluster018_ransac_icp_voxel005_easy,real_previous_registration,136,1305,0.057562324867388506,0.0013406508462590408,0.1216621277707221,101.63955734675814,0.2816666538462361,0,0.24955911795089764,0
real_20260702_150045_table1_cluster018_ransac_icp_voxel005_easy,real_previous_registration,137,2004,0.06311434761826862,0.05853293322329206,0.05374793263981509,271.8031203182757,-0.12861724819259465,0,0.22046643029975233,0
real_20260702_150045_table1_cluster018_ransac_icp_voxel005_easy,real_previous_registration,138,317,0.1168293124516959,0.11476940765230055,0.8331817192426986,279.01547377476834,-0.16635753486494562,0,0.1698989606176659,0
real_20260702_150045_table1_cluster018_ransac_icp_voxel005_easy,real_previous_registration,139,3644,0.10613716365782797,0.09972674837898567,0.9940627536536016,195.19635552838187,-0.06407879239887242,1,0.2564144927659703,0
real_20260702_150045_table1_cluster018_ransac_icp_voxel005_easy,real_previous_registration,140,2133,0.08560385482400792,0.056138140640299,0.07997864622562277,107.97198351362316,0.5819207559771377,0,0.24789875032999387,0
real_20260702_150045_table1_cluster018_ransac_icp_voxel005_easy,real_previous_registration,141,3627,0.06891007488645073,0.009618482551874634,0.19583789563878007,173.77298329479876,0.5267887012518931,0,0.2395810202514244,0
real_20260702_150045_table1_cluster018_ransac_icp_voxel005_easy,real_previous_registration,142,3060,0.034573924408974936,0.007845735432320252,0.5226456274651997,237.85518428192597,-0.01083433059164844,0,0.2652418866695117,0
real_20260702_150045_table1_cluster018_ransac_icp_voxel005_easy,real_previous_registration,143,1546,0.08691417785802402,0.002561202645889292,0.20530070369994363,196.24017574036628,1.9916388184134495,0,0.27720684924557715,0
real_20260702_150045_table1_cluster018_ransac_icp_voxel005_easy,real_previous_registration,144,54,0.06505019722635579,0.038091662966181355,0.5401042070029681,131.69267603279798,-0.0350912840970206,0,0.21656401365844433,0
real_20260702_150045_table1_cluster018_ransac_icp_voxel005_easy,real_previous_registration,145,3265,0.21581053478001325,0.1746582487187138,0.8939700579769283,82.46604106663972,0.8255426224188648,0,0.2510270796108243,0
real_20260702_150045_table1_cluster018_ransac_icp_voxel005_easy,real_previous_registration,146,3511,0.056061944242150066,0.03215232431576356,0.6215031368340705,98.49185540189715,0.8522106564414798,0,0.2731415982006009,0
real_20260702_150045_table1_cluster018_ransac_icp_voxel005_easy,real_previous_registration,147,777,0.049630853032829776,0.017039889029458175,0.377117473408963,84.61598587589917,-0.4722066456168369,1,0.21086412670782034,0
real_20260702_150045_table1_cluster018_ransac_icp_voxel005_easy,real_previous_registration,148,3215,0.0470108163862836,0.03880397081956154,0.9039627679420643,255.43574459651705,0.05370411971266717,1,0.24634461604100355,0
real_20260702_150045_table1_cluster018_ransac_icp_voxel005_easy,real_previous_registration,149,1880,0.029179950507464386,0.003965700137365266,0.19894122111969603,223.8860752884004,0.5943813808641168,1,0.21292926542559185,0
real_20260702_150045_table1_cluster018_ransac_icp_voxel005_easy,real_previous_registration,150,2188,0.12211421893701908,0.09728050730450748,0.9816624975188935,82.57831967296762,0.5767993433880226,0,0.1991441775540535,0
real_20260702_150045_table1_cluster018_ransac_icp_voxel005_easy,real_previous_registration,151,2917,0.08620641324868974,0.06610161465660672,0.97186076191342,140.48277762315374,0.05370411971266717,0,0.1478859977647659,0
real_20260702_150045_table1_cluster018_ransac_icp_voxel005_easy,real_previous_registration,152,298,0.05388302706056543,0.04031458381373969,0.7427578580572909,166.42391915437818,-0.09224964238146768,0,0.17846554020815678,0
real_20260702_150045_table1_cluster018_ransac_icp_voxel005_easy,real_previous_registration,153,304,0.04059184890452784,0.029158191405515496,0.14410757083672177,88.18736382116332,1.0619309232910807,0,0.25502829031489455,0
real_20260702_150045_table1_cluster018_ransac_icp_voxel005_easy,real_previous_registration,154,1780,0.04276275489225573,0.013043940443183093,0.4031011856117733,278.2728186192185,0.15906454311468035,0,0.25238894903710324,0
real_20260702_150045_table1_cluster018_ransac_icp_voxel005_easy,real_previous_registration,155,2441,0.10965544849021247,0.10276254254143363,0.6439073028464339,238.98897977347917,0.42569303046072365,0,0.23946305875441082,0
real_20260702_150045_table1_cluster018_ransac_icp_voxel005_easy,real_previous_registration,156,2768,0.03618484998543611,0.0023059853725129233,0.43449984795487456,132.07983650477644,1.0212870602057202,0,0.24548657783313482,0
real_20260702_150045_table1_cluster018_ransac_icp_voxel005_easy,real_previous_registration,157,2446,0.09888389718253107,0.08911842526143542,0.8594379959604415,178.0166418465747,0.649687069582027,0,0.22253042839102327,0
real_20260702_150045_table1_cluster018_ransac_icp_voxel005_easy,real_previous_registration,158,3061,0.016894291214202738,0.0009279251464567196,0.6147220191369842,129.14080614497465,0.4657946374273327,1,0.2375355514686763,0
real_20260702_150045_table1_cluster018_ransac_icp_voxel005_easy,real_previous_registration,159,3212,0.0615412960983424,0.03096843816288109,0.1912535348602435,156.2545829328758,0.05370411971266717,0,0.27350415973025366,0
real_20260702_150045_table1_cluster018_ransac_icp_voxel005_easy,real_previous_registration,160,517,0.09147872180249725,0.07669858526012416,0.9930295332834371,225.10646863943035,-0.35972874830963486,0,0.22484878616241794,0
real_20260702_150045_table1_cluster018_ransac_icp_voxel005_easy,real_previous_registration,161,1073,0.08932325197971216,0.07713831941644342,0.023985159985524793,149.44257870089973,0.6515396999329808,0,0.27707417288761843,0
real_20260702_150045_table1_cluster018_ransac_icp_voxel005_easy,real_previous_registration,162,3060,0.023615941389979495,0.01127560723744946,0.5226247458030164,171.67243209223523,-0.04857461726399929,1,0.23475508095377542,0
real_20260702_150045_table1_cluster018_ransac_icp_voxel005_easy,real_previous_registration,163,3383,0.11372635613356168,0.09721452316631628,0.9881260951272967,194.42676948950117,0.15906450232222807,0,0.13578649696032002,0
real_20260702_150045_table1_cluster018_ransac_icp_voxel005_easy,real_previous_registration,164,3722,0.044218755227983436,0.03857096023130948,0.921256615637802,256.43755692434775,-0.2856208384269229,0,0.2617296931179032,0
real_20260702_150045_table1_cluster018_ransac_icp_voxel005_easy,real_previous_registration,165,710,0.034786131362355956,0.016611167422359092,0.7132525192913203,76.43958656967652,0.6185963705000677,0,0.27514436511226836,0
real_20260702_150045_table1_cluster018_ransac_icp_voxel005_easy,real_previous_registration,166,2728,0.10213309051591239,0.08924402294376407,0.992988170899364,247.12794886984264,-0.3670280586100725,0,0.15749596439704475,0
real_20260702_150045_table1_cluster018_ransac_icp_voxel005_easy,real_previous_registration,167,3267,0.0368396824462534,0.02702228050805914,0.8396839331065966,90.90154892374993,-0.08388142564740932,1,0.24554891163332443,0
real_20260702_150045_table1_cluster018_ransac_icp_voxel005_easy,real_previous_registration,168,3326,0.12158673012539506,0.1157512467448967,0.835751096238308,83.48052082346278,-0.2929201661265946,0,0.21072053835019702,0
real_20260702_150045_table1_cluster018_ransac_icp_voxel005_easy,real_previous_registration,169,3077,0.059447858440077245,0.01018273877493554,0.21926924195894615,286.7735598226856,-0.041605935176001765,0,0.2413404921631799,0
real_20260702_150045_table1_cluster018_ransac_icp_voxel005_easy,real_previous_registration,170,3702,0.05119411771184963,0.03602237107075887,0.17502514544328443,124.57312910330823,0.06375445118906245,0,0.259130881644801,0
real_20260702_150045_table1_cluster018_ransac_icp_voxel005_easy,real_previous_registration,171,396,0.08081053091324111,0.0741033465181909,0.9330553102753052,212.050364506359,0.2078545397519917,0,0.20987452924422798,0
real_20260702_150045_table1_cluster018_ransac_icp_voxel005_easy,real_previous_registration,172,3,0.04889010447000769,0.04585269486347505,0.008754215749720837,212.44783459964705,0.04986534563558303,0,0.24504365845210258,0
real_20260702_150045_table1_cluster018_ransac_icp_voxel005_easy,real_previous_registration,173,1909,0.09032405421326192,0.08598562887597207,0.9737675002183549,258.45321944338707,0.02091433344877533,0,0.16309874887061554,0
real_20260702_150045_table1_cluster018_ransac_icp_voxel005_easy,real_previous_registration,174,939,0.06546778706551054,0.04714091809656792,0.9481011285959935,240.68674421900604,-0.1381866848823503,0,0.28561682930303706,0
real_20260702_150045_table1_cluster018_ransac_icp_voxel005_easy,real_previous_registration,175,2189,0.07365827801208745,0.015421971020965703,0.8729014349629187,201.50494504702255,0.07205321915534359,0,0.300137156050682,0
real_20260702_150045_table1_cluster018_ransac_icp_voxel005_easy,real_previous_registration,176,1630,0.12517461461904142,0.12162082750370828,0.8905557455538308,86.86746197356881,-0.19457519023039202,0,0.17884971528958285,0
real_20260702_150045_table1_cluster018_ransac_icp_voxel005_easy,real_previous_registration,177,839,0.12140029923665929,0.11465833740320071,0.9951981318263283,253.17292572079353,-0.12861724819259465,0,0.20065512999249147,0
real_20260702_150045_table1_cluster018_ransac_icp_voxel005_easy,real_previous_registration,178,3597,0.10048293789312285,0.08374024650571582,0.9806096410620381,72.92012536759796,0.09237322335692288,0,0.22089448013759438,0
real_20260702_150045_table1_cluster018_ransac_icp_voxel005_easy,real_previous_registration,179,1598,0.08897299170150447,0.07637277651011633,0.8325875292588986,112.74782230220745,0.2858161718262867,0,0.18820586687942664,0
real_20260702_150045_table1_cluster018_ransac_icp_voxel005_easy,real_previous_registration,180,2300,0.04484329601831101,0.012682096987077172,0.9066749570229564,91.73084925380421,0.8522109466192762,0,0.2270541593916202,0
real_20260702_150045_table1_cluster018_ransac_icp_voxel005_easy,real_previous_registration,181,3656,0.11046337316819053,0.10974452651109584,0.968618246081782,193.2563120698339,-0.04160595706146605,0,0.18196838939025656,0
real_20260702_150045_table1_cluster018_ransac_icp_voxel005_easy,real_previous_registration,182,3131,0.17937885337893114,0.057655664491327197,0.09416375402695328,238.07961476531054,3.154764418760614,0,0.367096323425779,0
real_20260702_150045_table1_cluster018_ransac_icp_voxel005_easy,real_previous_registration,183,2338,0.030680573741025428,0.007983378321051983,0.8707258128193665,271.6609451292701,0.0849566235749818,0,0.2645095229195131,0
real_20260702_150045_table1_cluster018_ransac_icp_voxel005_easy,real_previous_registration,184,2231,0.04359690230921808,0.03411650714591634,0.8749425554418275,247.56531256892146,0.1213242227723673,0,0.21171133103329784,0
real_20260702_150045_table1_cluster018_ransac_icp_voxel005_easy,real_previous_registration,185,2923,0.06570207499540238,0.053524483075571075,0.9046505119165071,135.71486770379894,0.02186355426252317,0,0.20377828266412068,0
real_20260702_150045_table1_cluster018_ransac_icp_voxel005_easy,real_previous_registration,186,752,0.08283834709205254,0.07329813617333944,0.35360541804243173,158.16820783646648,2.068599773623748,0,0.313060026285879,0
real_20260702_150045_table1_cluster018_ransac_icp_voxel005_easy,real_previous_registration,187,762,0.055553591488140576,0.032662933235939336,0.9498331000516816,123.9619370505209,-0.03938621677709679,0,0.20513656193362162,0
real_20260702_150045_table1_cluster018_ransac_icp_voxel005_easy,real_previous_registration,188,7,0.12366804831223867,0.11752500433104014,0.5053061195340536,249.80279484050774,2.0843513035176877,0,0.2901933637729773,0
real_20260702_150045_table1_cluster018_ransac_icp_voxel005_easy,real_previous_registration,189,3155,0.1422266336398371,0.13209144395677908,0.9832697840452238,80.70663268176874,0.38958794692386595,0,0.254116140513262,0
real_20260702_150045_table1_cluster018_ransac_icp_voxel005_easy,real_previous_registration,190,3077,0.03429083269894082,0.021655513163763494,0.22060331467229274,292.2828406001624,-0.09876425424486582,1,0.2048091405343786,0
real_20260702_150045_table1_cluster018_ransac_icp_voxel005_easy,real_previous_registration,191,641,0.013335436038001863,0.00045060806065367557,0.8898081103543893,95.13569910335931,0.4844865929280938,1,0.2616665950870909,0
real_20260702_150045_table1_cluster018_ransac_icp_voxel005_easy,real_previous_registration,192,945,0.15725769436132073,0.15597499585032243,0.922166708900273,151.62078761029105,0.2016241740848057,0,0.17763660661050093,0
real_20260702_150045_table1_cluster018_ransac_icp_voxel005_easy,real_previous_registration,193,2917,0.06047677164056318,0.052788605635653706,0.9360722456035699,99.25428412009266,0.1590645279631956,1,0.19995738012842112,0
real_20260702_150045_table1_cluster018_ransac_icp_voxel005_easy,real_previous_registration,194,2286,0.008683454794774951,0.004781728862743823,0.35219221081650365,143.9320372942991,0.6008965937353711,1,0.20764659076612837,0
real_20260702_150045_table1_cluster018_ransac_icp_voxel005_easy,real_previous_registration,195,1645,0.07344600210185719,0.06881481987243714,0.9327232282049978,119.19053743113726,0.6698895279204548,0,0.2520158980018947,0
real_20260702_150045_table1_cluster018_ransac_icp_voxel005_easy,real_previous_registration,196,880,0.1254694324078566,0.1253570593674459,0.39542233124974807,187.31646163146547,-0.08209729292318987,0,0.14420851616048316,0
real_20260702_150045_table1_cluster018_ransac_icp_voxel005_easy,real_previous_registration,197,45,0.04536838000725252,0.04022938924290536,0.6361868105374537,208.3126905022644,-0.33563121647504124,0,0.24827622871761945,0
real_20260702_150045_table1_cluster018_ransac_icp_voxel005_easy,real_previous_registration,198,876,0.09096019435356563,0.08695950645991084,0.9702898818514741,151.97885467402477,0.0849566235749818,0,0.1507948881173309,0
real_20260702_150045_table1_cluster018_ransac_icp_voxel005_easy,real_previous_registration,199,2188,0.1349248363043816,0.10079058681309642,0.9845943797026837,82.72845685026257,0.47414526579459304,0,0.1579390059352982,0
real_20260702_150045_table1_cluster018_ransac_icp_voxel005_easy,real_previous_registration,200,3316,0.03410683958205704,0.017581008664030846,0.3400662471638507,211.8003057562568,0.09007172552379418,0,0.2625314115233355,0
real_20260702_150045_table1_cluster018_ransac_icp_voxel005_easy,real_previous_registration,201,304,0.09467901010047293,0.09178385349188632,0.03753553687865552,83.99991563673608,1.139892405977053,0,0.26209602770285356,0
real_20260702_150045_table1_cluster018_ransac_icp_voxel005_easy,real_previous_registration,202,2125,0.04912931250453351,0.017890881975865722,0.9127124049140095,244.45716875484433,0.2816666538462361,0,0.28263698099848955,0
real_20260702_150045_table1_cluster018_ransac_icp_voxel005_easy,real_previous_registration,203,1835,0.06802541969390351,0.06431161878043831,0.9397332266305348,190.18331304455089,0.28422765065571254,0,0.20838821362777038,0
real_20260702_150045_table1_cluster018_ransac_icp_voxel005_easy,real_previous_registration,204,2386,0.04238787200264966,0.02552983969627615,0.47686577592707613,291.056372671975,-0.12861721115564315,0,0.23435757574789617,0
real_20260702_150045_table1_cluster018_ransac_icp_voxel005_easy,real_previous_registration,205,1513,0.0375775558547701,0.0015413225183951397,0.9935176988010868,91.45148448505918,0.20669258876937052,0,0.2540099201062722,0
real_20260702_150045_table1_cluster018_ransac_icp_voxel005_easy,real_previous_registration,206,3265,0.17029333368203142,0.11827084745828537,0.6854174790581684,87.96041185516141,0.7981436700025047,0,0.23251374246941278,0
real_20260702_150045_table1_cluster018_ransac_icp_voxel005_easy,real_previous_registration,207,2960,0.04921877622175391,0.044506110676439184,0.12163628947731102,86.32778342044755,0.3359950897986501,0,0.2212396480805515,0
real_20260702_150045_table1_cluster018_ransac_icp_voxel005_easy,real_previous_registration,208,2393,0.03326906217856434,0.032398526411144976,0.40226851698170296,295.0162395082216,-0.37501725783277856,1,0.2126387802574155,0
real_20260702_150045_table1_cluster018_ransac_icp_voxel005_easy,real_previous_registration,209,1001,0.02112711168120695,0.01900447456113305,0.9475801624534513,89.54037707005915,0.469219044146375,1,0.24723389635298587,0
real_20260702_150045_table1_cluster018_ransac_icp_voxel005_easy,real_previous_registration,210,3084,0.10483191698239631,0.09066501575494997,0.8667423544775732,66.63623047938464,-0.11422855092907042,0,0.16156246632436266,0
real_20260702_150045_table1_cluster018_ransac_icp_voxel005_easy,real_previous_registration,211,2215,0.0552993660346232,0.02847099846686036,0.15047323965065262,296.67256780802256,-0.1381866848823503,0,0.2297516686258757,0
real_20260702_150045_table1_cluster018_ransac_icp_voxel005_easy,real_previous_registration,212,769,0.0670981400337091,0.04876490534031845,0.989352941416294,101.32405673767137,0.6698893961747725,0,0.21989200051016883,0
real_20260702_150045_table1_cluster018_ransac_icp_voxel005_easy,real_previous_registration,213,1880,0.0640840927946091,0.0373366728915929,0.20268739213943654,266.899428232806,0.5337568656651415,0,0.18830587676486507,0
real_20260702_150045_table1_cluster018_ransac_icp_voxel005_easy,real_previous_registration,214,1076,0.11448836924856688,0.10950699750303938,0.9885589927326576,192.73162377403762,-0.47465864395277413,1,0.1990523890512363,0
real_20260702_150045_table1_cluster018_ransac_icp_voxel005_easy,real_previous_registration,215,3126,0.05431264182874336,0.011342473252357089,0.23254306175606435,95.54328844625815,0.19296604055846228,0,0.2334643772613747,0
real_20260702_150045_table1_cluster018_ransac_icp_voxel005_easy,real_previous_registration,216,2912,0.0795732552611372,0.07880090476887111,0.8595090366774116,68.72714033088153,-0.01001162781191325,0,0.2166325521715471,0
real_20260702_150045_table1_cluster018_ransac_icp_voxel005_easy,real_previous_registration,217,1619,0.06469933712476104,0.03314893801900073,0.8431753294470694,209.65270047957532,-0.24640016988897523,0,0.23874943947374247,0
real_20260702_150045_table1_cluster018_ransac_icp_voxel005_easy,real_previous_registration,218,3131,0.11827652816073649,0.11699320694120216,0.09476151190535026,294.0618448728788,3.2500744667469394,0,0.29627656399287217,0
real_20260702_150045_table1_cluster018_ransac_icp_voxel005_easy,real_previous_registration,219,1305,0.020414057143285407,0.012105514765831925,0.5862998995435182,129.92363238109962,0.3908658304267346,1,0.22536718151997,0
real_20260702_150045_table1_cluster018_ransac_icp_voxel005_easy,real_previous_registration,220,510,0.09085375783939496,0.08774271753788737,0.9845286779171198,249.8892005738435,-0.39524569040653845,1,0.18557320551831322,0
real_20260702_150045_table1_cluster018_ransac_icp_voxel005_easy,real_previous_registration,221,1577,0.04716078798795217,0.016451901021803716,0.11625650940669635,243.41214539786236,-0.18577550244680766,0,0.26357939886107656,0
real_20260702_150045_table1_cluster018_ransac_icp_voxel005_easy,real_previous_registration,222,3776,0.04754031425397618,0.027003329503118505,0.5081177394538234,105.31693944693619,0.12516300962081475,0,0.18903186581226844,0
real_20260702_150045_table1_cluster018_ransac_icp_voxel005_easy,real_previous_registration,223,91,0.0323383847194689,0.0034658723191935002,0.9634608398823377,77.86917433813298,0.08844706200558267,0,0.26687455628433154,0
real_20260702_150045_table1_cluster018_ransac_icp_voxel005_easy,real_previous_registration,224,3265,0.179013661812395,0.16738409684528258,0.9517547035262202,84.04479953242809,0.7111323662451366,0,0.1969890744099607,0
real_20260702_150045_table1_cluster018_ransac_icp_voxel005_easy,real_previous_registration,225,1342,0.06805692754660897,0.039224424196211104,0.6304493881428971,121.9506642999001,0.3132150696953398,0,0.24931557872652224,0
real_20260702_150045_table1_cluster018_ransac_icp_voxel005_easy,real_previous_registration,226,1308,0.13584561212623517,0.12052863640128858,0.8290754567039959,118.90042120683918,0.7815934698391508,0,0.18268465824147526,0
real_20260702_150045_table1_cluster018_ransac_icp_voxel005_easy,real_previous_registration,227,1305,0.0715619556529852,0.01279748389233401,0.569720689299246,136.46440836337308,0.24244598530828854,0,0.26003847647257544,0
real_20260702_150045_table1_cluster018_ransac_icp_voxel005_easy,real_previous_registration,228,1383,0.08510356484526603,0.05722132183622574,0.6608972905969367,124.45373677613009,0.79505138945994,1,0.20898135350553654,0
real_20260702_150045_table1_cluster018_ransac_icp_voxel005_easy,real_previous_registration,229,3,0.03538342582054172,0.004140298775698207,0.005882863052741792,179.7834042726028,0.12397323811906093,0,0.21936909579524572,0
real_20260702_150045_table1_cluster018_ransac_icp_voxel005_easy,real_previous_registration,230,557,0.10545288951279828,0.09184556167254358,0.9938107083876229,151.7201852944009,0.09007172552379418,0,0.2366733832387558,0
real_20260702_150045_table1_cluster018_ransac_icp_voxel005_easy,real_previous_registration,231,2572,0.10736567112842442,0.10481201442786547,0.9962966023401706,72.24179826236896,-0.04453421986456066,0,0.20699070039036896,0
real_20260702_150045_table1_cluster018_ransac_icp_voxel005_easy,real_previous_registration,232,867,0.022602921971416935,0.009380193310606313,0.304549863427483,291.65221421984666,0.02091433344877533,1,0.26057464901813643,0
real_20260702_150045_table1_cluster018_ransac_icp_voxel005_easy,real_previous_registration,233,3437,0.08618714969862766,0.05383091207768061,0.8960327578340531,294.13227360081737,-0.1722922774054974,0,0.23425113463944552,0
real_20260702_150045_table1_cluster018_ransac_icp_voxel005_easy,real_previous_registration,234,2768,0.06737886835934646,0.021668191037364674,0.4631960662313551,132.8192344453585,0.7981436700025047,0,0.27154415793654646,0
real_20260702_150045_table1_cluster018_ransac_icp_voxel005_easy,real_previous_registration,235,350,0.07218368898020083,0.04674481141383154,0.2490162519688705,190.77439970886041,0.2768472163981421,0,0.2048033610387607,0
real_20260702_150045_table1_cluster018_ransac_icp_voxel005_easy,real_previous_registration,236,3131,0.08446774855168006,0.07896016295266037,0.09324947902690994,292.84916215455024,2.992245745144788,0,0.25969039928477355,0
real_20260702_150045_table1_cluster018_ransac_icp_voxel005_easy,real_previous_registration,237,304,0.07026018353625597,0.059591451957788366,0.014363742470587249,88.95544088793672,1.1645850008845104,0,0.2316742415987852,0
real_20260702_150045_table1_cluster018_ransac_icp_voxel005_easy,real_previous_registration,238,1619,0.05484399748016765,0.05458928710721075,0.8440296336652297,196.15030567362808,-0.1722922774054974,0,0.2735618970010007,0
real_20260702_150045_table1_cluster018_ransac_icp_voxel005_easy,real_previous_registration,239,2753,0.06777516010725394,0.007837551164385222,0.8724790518904485,119.09532072256258,1.4442609405181002,0,0.2240268568698482,0
real_20260702_150045_table1_cluster018_ransac_icp_voxel005_easy,real_previous_registration,240,2753,0.0409596988728978,0.014090283487223116,0.8903895040390521,115.06555933284717,1.282992900900629,0,0.2834941295764889,0
real_20260702_150045_table1_cluster018_ransac_icp_voxel005_easy,real_previous_registration,241,1546,0.046676722110201616,0.01664425843442771,0.07760508018925652,156.59713976481083,2.173960181874276,1,0.27667211681773796,0
real_20260702_150045_table1_cluster018_ransac_icp_voxel005_easy,real_previous_registration,242,2286,0.047957592943027864,0.04553097582106889,0.34870164323417063,145.2556236467105,0.7026791878149972,0,0.24370957556827644,0
real_20260702_150045_table1_cluster018_ransac_icp_voxel005_easy,real_previous_registration,243,2969,0.12343536039689285,0.11697456306340269,0.9532134034349069,94.09366002222349,0.5919281440437796,0,0.17794284435263166,0
real_20260702_150045_table1_cluster018_ransac_icp_voxel005_easy,real_previous_registration,244,737,0.05750908183533034,0.05206320277828491,0.921215646527328,101.74668975804,-0.20384063194025345,1,0.21025229728792627,0
real_20260702_150045_table1_cluster018_ransac_icp_voxel005_easy,real_previous_registration,245,635,0.0744151041657587,0.06366483254243732,0.9901587333283624,133.09655636747468,0.1590645755821575,0,0.22633249371472697,0
real_20260702_150045_table1_cluster018_ransac_icp_voxel005_easy,real_previous_registration,246,635,0.0902605516248036,0.05335490940156076,0.9779740095949252,136.05518858775426,0.27154248555398186,0,0.1682047863082388,0
real_20260702_150045_table1_cluster018_ransac_icp_voxel005_easy,real_previous_registration,247,1073,0.05358584329501102,0.019212608172277122,0.29227483332598975,150.61279338048035,0.9800433157945306,0,0.21996053509040964,0
real_20260702_150045_table1_cluster018_ransac_icp_voxel005_easy,real_previous_registration,248,3627,0.06627962007221698,0.01939824262870339,0.19582749371353395,226.32211123379557,0.564528987924244,1,0.1888922098899966,0
real_20260702_150045_table1_cluster018_ransac_icp_voxel005_easy,real_previous_registration,249,2680,0.10513709355731134,0.1045532486346382,0.9891482213971144,196.42890453004875,-0.41147978758409387,0,0.18508815258907615,0
real_20260702_150045_table1_cluster018_ransac_icp_voxel005_easy,real_previous_registration,250,15,0.06605808693891509,0.015324544748745684,0.27634297910568056,257.6502348429203,0.04986534563558303,0,0.30663312007838395,0
real_20260702_150045_table1_cluster018_ransac_icp_voxel005_easy,real_previous_registration,251,54,0.0660444995321999,0.045742296227903205,0.7389391753624586,108.09003176689484,0.0,0,0.23332773752060393,0
real_20260702_150045_table1_cluster018_ransac_icp_voxel005_easy,real_previous_registration,252,2599,0.03604589083471957,0.0068172010853230075,0.5718567682651591,286.59937078028577,-0.2055782034028931,1,0.2513438791883296,0
real_20260702_150045_table1_cluster018_ransac_icp_voxel005_easy,real_previous_registration,253,1681,0.0838196806829302,0.07518249804190003,0.9141144531855948,189.4489801837395,0.40752576213352704,0,0.22648090858429668,0
real_20260702_150045_table1_cluster018_ransac_icp_voxel005_easy,real_previous_registration,254,817,0.1270103011556228,0.12218674139879906,0.7015857440078156,262.07444355270553,0.29259547118408796,0,0.17634755806012228,0
real_20260702_150045_table1_cluster018_ransac_icp_voxel005_easy,real_previous_registration,255,3531,0.04246463412134235,0.029569639202624,0.9523106145773009,106.84399499519485,0.5447267554420038,0,0.2793652152356178,0
real_20260702_150045_table1_cluster018_ransac_icp_voxel005_easy,real_previous_registration,256,877,0.03890527421401266,0.006771944104033148,0.9856404439687966,64.66257311177925,0.35973510473853193,0,0.2617060002534296,0
real_20260702_150045_table1_cluster018_ransac_icp_voxel005_easy,real_previous_registration,257,522,0.023913647548535966,0.009014495941392016,0.58062253612459,267.1564832463005,-0.07934624373381696,1,0.2555465875218605,0
real_20260702_150045_table1_cluster018_ransac_icp_voxel005_easy,real_previous_registration,258,3131,0.11415697948914115,0.08942951094320228,0.0943538267548274,285.13314156024467,3.2500744667469394,0,0.316057889193507,0
real_20260702_150045_table1_cluster018_ransac_icp_voxel005_easy,real_previous_registration,259,2923,0.06174922522776511,0.05060705652235719,0.9452745212903202,126.77223806734072,0.20907495072667992,0,0.2603189816309486,0
real_20260702_150045_table1_cluster018_ransac_icp_voxel005_easy,real_previous_registration,260,877,0.036464957569444546,0.02364082553960608,0.973737790248815,88.08749179084785,0.13089370179007795,0,0.29036631558668985,0
real_20260702_150045_table1_cluster018_ransac_icp_voxel005_easy,real_previous_registration,261,3782,0.04578969470908884,0.036440717011558516,0.03118081065115267,132.40405697838096,0.2768473876939049,0,0.2826500924518408,0
real_20260702_150045_table1_cluster018_ransac_icp_voxel005_easy,real_previous_registration,262,1453,0.039054947507456285,0.021002439026408696,0.24695663487929295,142.95956215614262,0.5317395275855055,0,0.24606067223141045,0
real_20260702_150045_table1_cluster018_ransac_icp_voxel005_easy,real_previous_registration,263,1974,0.03857755576139893,0.03659585214338274,0.6935757491510327,130.35362880339028,-0.2464001872882094,1,0.19971041061544662,0
real_20260702_150045_table1_cluster018_ransac_icp_voxel005_easy,real_previous_registration,264,1123,0.04538491179802136,0.03434573637931711,0.7797035787419688,208.42746649144732,0.7550474593140781,0,0.2376757148854853,0
real_20260702_150045_table1_cluster018_ransac_icp_voxel005_easy,real_previous_registration,265,3538,0.08226983428740835,0.03584883011432742,0.9191387148011216,160.1034330204371,-0.43298597707888936,0,0.1660166650854053,0
real_20260702_150045_table1_cluster018_ransac_icp_voxel005_easy,real_previous_registration,266,3458,0.03513361110231811,0.025920475520946687,0.20522802804306414,80.78503637732344,1.2088851155596227,0,0.2483966381828148,0
real_20260702_150045_table1_cluster018_ransac_icp_voxel005_easy,real_previous_registration,267,1264,0.06117804407355213,0.03744242697866632,0.8228279254146433,74.56221024867925,0.42476734876911537,0,0.2829503024970576,0
real_20260702_150045_table1_cluster018_ransac_icp_voxel005_easy,real_previous_registration,268,3605,0.06890536061037472,0.02762233757149226,0.9518078310809047,190.97948674901536,0.5337577179350826,0,0.24012902579627365,0
real_20260702_150045_table1_cluster018_ransac_icp_voxel005_easy,real_previous_registration,269,2188,0.09322972869377404,0.0714096176968586,0.9795872772019163,93.38927783214035,0.5267889590860054,0,0.25371898514214103,0
real_20260702_150045_table1_cluster018_ransac_icp_voxel005_easy,real_previous_registration,270,1100,0.04159268058696307,0.039644666729063756,0.7545171479886033,120.89874350349987,0.5420564726437939,0,0.3066937784458842,0
real_20260702_150045_table1_cluster018_ransac_icp_voxel005_easy,real_previous_registration,271,3383,0.09521934238936741,0.08910314857345909,0.9881192559386367,200.27236467105303,0.19680478899457893,0,0.20914981875124725,0
real_20260702_150045_table1_cluster018_ransac_icp_voxel005_easy,real_previous_registration,272,3585,0.0907739496305525,0.07197589452033722,0.9496045389029465,276.49353472789977,-0.23397766940606135,0,0.20016780048900853,0
real_20260702_150045_table1_cluster018_ransac_icp_voxel005_easy,real_previous_registration,273,2300,0.054082371753143316,0.029596325535038322,0.9833565537219153,95.45234517457259,0.7254593342876571,0,0.2983455146270989,0
real_20260702_150045_table1_cluster018_ransac_icp_voxel005_easy,real_previous_registration,274,3040,0.0630937632481943,0.05794244921546292,0.06131987697042818,137.16912484148543,0.23317239480570598,0,0.22271314196767977,0
real_20260702_150045_table1_cluster018_ransac_icp_voxel005_easy,real_previous_registration,275,988,0.06256324330746206,0.03760244419910664,0.9856584789395885,161.53631608203003,0.5943823042123225,0,0.2789585393058439,0
real_20260702_150045_table1_cluster018_ransac_icp_voxel005_easy,real_previous_registration,276,19,0.16264752242137143,0.12724375067131433,0.7171681354461876,165.16826990036668,0.4399667530141525,0,0.18586830922041087,0
real_20260702_150045_table1_cluster018_ransac_icp_voxel005_easy,real_previous_registration,277,1049,0.07674218695040347,0.03402097120931136,0.49358530217590635,185.18685591695174,1.006360757401321,0,0.3032649959654911,0
real_20260702_150045_table1_cluster018_ransac_icp_voxel005_easy,real_previous_registration,278,2929,0.08422270239518705,0.07223243452267576,0.8990357924849605,192.3823853791178,0.45330384151847486,0,0.19860457728150796,0
real_20260702_150045_table1_cluster018_ransac_icp_voxel005_easy,real_previous_registration,279,3108,0.04806991714690819,0.019109042433305242,0.47335546775838183,126.62629681684649,-0.3315579490298946,0,0.257659722463394,0
real_20260702_150045_table1_cluster018_ransac_icp_voxel005_easy,real_previous_registration,280,471,0.0742583999678255,0.035973243829929405,0.3091374597894348,94.01550647637873,1.3291331695088,0,0.19460586033815316,0
real_20260702_150045_table1_cluster018_ransac_icp_voxel005_easy,real_previous_registration,281,517,0.07899545578126116,0.076000676161378,0.9930342792425891,245.07911153523676,-0.28276779309933636,0,0.23610882878330802,0
real_20260702_150045_table1_cluster018_ransac_icp_voxel005_easy,real_previous_registration,282,3597,0.0920187944711813,0.08677737819446657,0.9807185515302481,72.54571135557676,0.05728193925990231,0,0.2516315357681969,0
real_20260702_150045_table1_cluster018_ransac_icp_voxel005_easy,real_previous_registration,283,2673,0.01931091797368317,0.004776789633005679,0.9991314977693713,94.53255594014628,-0.1223476813179891,1,0.2401324834387559,0
real_20260702_150045_table1_cluster018_ransac_icp_voxel005_easy,real_previous_registration,284,471,0.1096110197110824,0.10851066112493435,0.3060231485963055,95.63978181587734,1.3291331695088,0,0.26754757274094826,0
real_20260702_150045_table1_cluster018_ransac_icp_voxel005_easy,real_previous_registration,285,2188,0.09213103301295203,0.03168463758147648,0.8892844925762184,139.9805084331893,0.08210355423441973,0,0.28468436679029396,0
real_20260702_150045_table1_cluster018_ransac_icp_voxel005_easy,real_previous_registration,286,827,0.044969301070934206,0.006953122994843387,0.29200811547961786,112.42167091184238,0.7699728160516627,0,0.23040772303188578,0
real_20260702_150045_table1_cluster018_ransac_icp_voxel005_easy,real_previous_registration,287,556,0.06743828350943752,0.011046358086625036,0.3342386220035505,135.42481272181314,0.8096506883102876,0,0.19756489388304307,0
real_20260702_150045_table1_cluster018_ransac_icp_voxel005_easy,real_previous_registration,288,3038,0.11172993912933528,0.050499541124072074,0.9838443059694064,240.03223631491818,0.4955362669660947,0,0.24690995335809027,0
real_20260702_150045_table1_cluster018_ransac_icp_voxel005_easy,real_previous_registration,289,2070,0.028510943030629534,0.013081966974622546,0.06788322084199394,124.16813766582865,0.1213242227723673,1,0.19836273656935388,0
real_20260702_150045_table1_cluster018_ransac_icp_voxel005_easy,real_previous_registration,290,471,0.07974923434162293,0.0699256152810784,0.29180877275505823,93.58413228143353,1.363034687851181,0,0.22835178010510487,0
real_20260702_150045_table1_cluster018_ransac_icp_voxel005_easy,real_previous_registration,291,991,0.0816168039181638,0.06932943967583709,0.912360983498663,156.25559217096193,0.000840688717929662,0,0.19913805390632758,0
real_20260702_150045_table1_cluster018_ransac_icp_voxel005_easy,real_previous_registration,292,517,0.07866974918628655,0.06882844255052217,0.9930570428446687,238.8625445662387,-0.2464001872882094,1,0.18517770366764694,0
real_20260702_150045_table1_cluster018_ransac_icp_voxel005_easy,real_previous_registration,293,1774,0.05122969513533867,0.01472595306336198,0.21511137898923516,138.97599746217736,-0.4054647747751089,1,0.2594417876745953,0
real_20260702_150045_table1_cluster018_ransac_icp_voxel005_easy,real_previous_registration,294,3213,0.10180450362491622,0.09990053504492463,0.9807045852210091,207.527547115774,-0.15601619685520723,0,0.17035733510655182,0
real_20260702_150045_table1_cluster018_ransac_icp_voxel005_easy,real_previous_registration,295,886,0.03928398995630844,0.028410043227309875,0.700408882349109,145.0057538401415,0.5039047850884011,0,0.23909931678080287,0
real_20260702_150045_table1_cluster018_ransac_icp_voxel005_easy,real_previous_registration,296,877,0.08651077830262274,0.04038100087296596,0.9920167820632771,82.26386104086701,0.3367456018415186,0,0.2908803116438893,0
real_20260702_150045_table1_cluster018_ransac_icp_voxel005_easy,real_previous_registration,297,402,0.07569693192309482,0.034882321905603815,0.8008232279853897,95.03158414893738,0.30014302574469676,0,0.30577485294391143,0
real_20260702_150045_table1_cluster018_ransac_icp_voxel005_easy,real_previous_registration,298,3343,0.029108408704849948,0.02425466672259073,0.25551956918992097,127.36726805061674,-0.33877346479250336,0,0.24535708337630355,0
real_20260702_150045_table1_cluster018_ransac_icp_voxel005_easy,real_previous_registration,299,332,0.04815239390428044,0.03487194002400934,0.7911634411316507,294.18101368584075,0.7781025898514247,0,0.2132047608760698,0
real_20260702_150045_table1_cluster018_ransac_icp_voxel005_easy,real_previous_registration,300,3383,0.09465394625120442,0.09321375468648295,0.9881405400227548,198.16932956656288,0.19680478899457893,1,0.17037732501711714,0
real_20260702_150045_table1_cluster018_ransac_icp_voxel005_easy,real_previous_registration,301,847,0.02082168330908884,0.010397669914346878,0.6771832253237574,151.48360158588113,-0.08209729292318987,1,0.27133583149482526,0
real_20260702_150045_table1_cluster018_ransac_icp_voxel005_easy,real_previous_registration,302,2158,0.0549038820197015,0.041156086797985214,0.804624698955577,175.14146148473097,0.1590645094447182,0,0.25394715001433205,0
real_20260702_150045_table1_cluster018_ransac_icp_voxel005_easy,real_previous_registration,303,946,0.005978270387506333,0.0038349923527516137,0.006292178661408285,214.16932741209712,-0.12861724819259465,1,0.2095222672819598,0
real_20260702_150045_table1_cluster018_ransac_icp_voxel005_easy,real_previous_registration,304,3531,0.03760957471474387,0.02840498110610169,0.9897127603070435,90.46215308184105,0.5245240599612122,1,0.2462484625631483,0
real_20260702_150045_table1_cluster018_ransac_icp_voxel005_easy,real_previous_registration,305,2470,0.1413020506184271,0.023731562583853803,0.3284736743318188,154.19783219723953,0.8728303375632646,0,0.22939165847933543,0
real_20260702_150045_table1_cluster018_ransac_icp_voxel005_easy,real_previous_registration,306,19,0.192373213472825,0.17313329202823688,0.7253745058129599,153.34740221072718,0.30934665317890603,0,0.170459102595518,0
real_20260702_150045_table1_cluster018_ransac_icp_voxel005_easy,real_previous_registration,307,3065,0.06532092627300032,0.00023497761813919688,0.34306606800621176,161.31007295219365,2.015356791268023,0,0.2801274975900537,0
real_20260702_150045_table1_cluster018_ransac_icp_voxel005_easy,real_previous_registration,308,2407,0.0018492861001284176,0.001723158434053667,0.07158583703266548,180.64431811409017,-0.3670280586100725,1,0.21397366544134178,0
real_20260702_150045_table1_cluster018_ransac_icp_voxel005_easy,real_previous_registration,309,933,0.05195775812965186,0.03043914990556216,0.29881856500983306,264.3488288916776,1.0240594084399477,1,0.26607123557875073,0
real_20260702_150045_table1_cluster018_ransac_icp_voxel005_easy,real_previous_registration,310,254,0.13193222408346103,0.11784127700076306,0.4612997479472331,209.92751494677324,0.7781025898514247,0,0.09501365494687421,1
real_20260702_150045_table1_cluster018_ransac_icp_voxel005_easy,real_previous_registration,311,2188,0.07776766958476314,0.0379622694644635,0.8893854728773233,143.29432286849882,0.1213242227723673,0,0.2375208975627978,0
real_20260702_150045_table1_cluster018_ransac_icp_voxel005_easy,real_previous_registration,312,3722,0.05446997898162213,0.030828372040819584,0.9216166232925262,255.8500037394658,-0.2086598832166244,0,0.22473384193676116,0
real_20260702_150045_table1_cluster018_ransac_icp_voxel005_easy,real_previous_registration,313,3004,0.11475168656296544,0.11215861646728205,0.9900689550574768,208.2136728765665,-0.45712105072040116,0,0.1689074227018346,0
real_20260702_150045_table1_cluster018_ransac_icp_voxel005_easy,real_previous_registration,314,3017,0.05502146110028655,0.0485088302446266,0.9106185229367687,77.69910751992929,0.1590645755821575,1,0.25386652049754904,0
real_20260702_150045_table1_cluster018_ransac_icp_voxel005_easy,real_previous_registration,315,3084,0.07521759241192726,0.07262093350154317,0.8961544086178284,73.97509336451812,-0.0060150512704557095,0,0.2284795992141006,0
real_20260702_150045_table1_cluster018_ransac_icp_voxel005_easy,real_previous_registration,316,448,0.07629655870474752,0.0658818404078848,0.9667128763789073,101.58320847509057,0.6931461805614452,0,0.27211015432944735,0
real_20260702_150045_table1_cluster018_ransac_icp_voxel005_easy,real_previous_registration,317,880,0.10832030385355695,0.09855996866317951,0.37782517086243267,195.08581954798325,0.22805740103739372,0,0.19760166825429387,0
real_20260702_150045_table1_cluster018_ransac_icp_voxel005_easy,real_previous_registration,318,557,0.0955375880774544,0.09095339677326866,0.9935894362382249,149.48591966188246,0.0159638330403164,0,0.2558607999398734,0
real_20260702_150045_table1_cluster018_ransac_icp_voxel005_easy,real_previous_registration,319,3142,0.02360730148529663,0.00487383938661894,0.5241521361761305,326.91911071613697,0.28422727680049353,0,0.22247969440487658,0
real_20260702_150045_table1_cluster018_ransac_icp_voxel005_easy,real_previous_registration,320,939,0.03926122752752533,0.038981490133078285,0.9473055821829501,242.844675516846,-0.06407879239887242,1,0.2533739094777615,0
real_20260702_150045_table1_cluster018_ransac_icp_voxel005_easy,real_previous_registration,321,2125,0.06088947537928302,0.04315279963970085,0.9155535559229059,185.6046753148994,0.319406940518587,0,0.28657391393164117,0
real_20260702_150045_table1_cluster018_ransac_icp_voxel005_easy,real_previous_registration,322,3040,0.04078397933561797,0.02066910325638252,0.058024499022671705,158.70655064944026,0.19680478899457893,1,0.24055109692810778,0
real_20260702_150045_table1_cluster018_ransac_icp_voxel005_easy,real_previous_registration,323,1089,0.07986493536278065,0.07122685608442805,0.9394356456541453,296.47399037742144,-0.22230265545361577,1,0.22805106047802493,0
real_20260702_150045_table1_cluster018_ransac_icp_voxel005_easy,real_previous_registration,324,1776,0.052431594432446056,0.047970982673712255,0.10058402323482789,145.95214412562785,-0.6882326313664131,0,0.24800475797415195,0
real_20260702_150045_table1_cluster018_ransac_icp_voxel005_easy,real_previous_registration,325,1073,0.054082362591906574,0.050115238766283134,0.15675510691414551,148.62649207946762,0.6515396999329808,0,0.24785328683878763,0
real_20260702_150045_table1_cluster018_ransac_icp_voxel005_easy,real_previous_registration,326,2189,0.0350105407331747,0.005368206898600468,0.873004053038362,240.74892286157413,0.02553326629092883,0,0.2737063138173804,0
real_20260702_150045_table1_cluster018_ransac_icp_voxel005_easy,real_previous_registration,327,209,0.1038511847447454,0.09325888274072669,0.9425148910896034,199.9942936534235,-0.0350912840970206,0,0.12574247224559557,0
real_20260702_150045_table1_cluster018_ransac_icp_voxel005_easy,real_previous_registration,328,3038,0.09702200150369109,0.05628902218879494,0.9840260968037515,239.0078849675799,0.42142837448261666,0,0.2025688119931772,0
real_20260702_150045_table1_cluster018_ransac_icp_voxel005_easy,real_previous_registration,329,3142,0.0705203863731044,0.05554408010589208,0.5249534863840909,327.33767007606576,0.09007162790506426,0,0.1881488629797242,0
real_20260702_150045_table1_cluster018_ransac_icp_voxel005_easy,real_previous_registration,330,821,0.04990029859769133,0.016027301412009535,0.7349987628278845,327.5887419990114,0.546829471880117,0,0.20994745648895538,0
real_20260702_150045_table1_cluster018_ransac_icp_voxel005_easy,real_previous_registration,331,1249,0.027697654300079384,0.009250371424350276,0.8443718930984981,122.29320539508105,0.13607507809639177,0,0.2608642758310164,0
real_20260702_150045_table1_cluster018_ransac_icp_voxel005_easy,real_previous_registration,332,2286,0.058575504866013,0.04810348187944138,0.3868425759041023,144.7686765987285,0.4467460865269666,0,0.16783298582949002,0
real_20260702_150045_table1_cluster018_ransac_icp_voxel005_easy,real_previous_registration,333,3179,0.03913427079691157,0.016932317700278216,0.7299290539436369,134.51226980101168,-0.2596453749656123,1,0.25799555252507816,0
real_20260702_150045_table1_cluster018_ransac_icp_voxel005_easy,real_previous_registration,334,752,0.05616734700214597,0.014765208533520837,0.610843273382934,123.17927228356126,2.3562815775572625,1,0.25241153106471054,0
real_20260702_150045_table1_cluster018_ransac_icp_voxel005_easy,real_previous_registration,335,304,0.033737098813027146,0.015667354380470296,0.1401458451255178,93.81591711977322,1.1886825356227,1,0.28152877971159823,0
real_20260702_150045_table1_cluster018_ransac_icp_voxel005_easy,real_previous_registration,336,635,0.05765958840375057,0.045044622551651876,0.9714403408793157,130.36801566083793,0.22805740103739372,0,0.20280693798427202,0
real_20260702_150045_table1_cluster018_ransac_icp_voxel005_easy,real_previous_registration,337,635,0.07452681934818277,0.0688993790516002,0.9736941911368502,148.33421799858272,0.1825950569347768,0,0.19591483633980433,0
real_20260702_150045_table1_cluster018_ransac_icp_voxel005_easy,real_previous_registration,338,3070,0.01841003994172928,0.0014694094711595598,0.9061831781890383,307.8151971309852,0.15906451605845984,1,0.24952358521363568,0
real_20260702_150045_table1_cluster018_ransac_icp_voxel005_easy,real_previous_registration,339,3265,0.22033292487004438,0.2163148675831175,0.9786006818143139,99.91218910554778,0.43350091085869163,0,0.16744046115675615,0
real_20260702_150045_table1_cluster018_ransac_icp_voxel005_easy,real_previous_registration,340,4,0.07456061163157854,0.06642197975793239,0.9124324266384263,198.7501969413286,0.7586851715211215,0,0.20096179526198177,0
real_20260702_150045_table1_cluster018_ransac_icp_voxel005_easy,real_previous_registration,341,2480,0.06285357180560126,0.03437906909745168,0.8346431024013048,217.84164372869577,0.7296088758404314,0,0.20398397329682372,0
real_20260702_150045_table1_cluster018_ransac_icp_voxel005_easy,real_previous_registration,342,3538,0.04533541030337657,0.036290632401439156,0.9095674419434584,116.11347938240637,-0.32378680049839087,0,0.18018379928003272,0
real_20260702_150045_table1_cluster018_ransac_icp_voxel005_easy,real_previous_registration,343,827,0.09538914735433696,0.08177380385150354,0.9986864459728306,107.43673522195805,0.7699728160516627,0,0.25502992350535375,0
real_20260702_150045_table1_cluster018_ransac_icp_voxel005_easy,real_previous_registration,344,1308,0.0542155473665617,0.022065978853036808,0.5387731392103051,115.18399648126699,0.7056076187020093,0,0.29149478701170645,0
real_20260702_150045_table1_cluster018_ransac_icp_voxel005_easy,real_previous_registration,345,3627,0.09563092192243175,0.027661859934765873,0.1957555181702375,257.5300801102607,0.5267887012518931,0,0.1535301626933715,0
real_20260702_150045_table1_cluster018_ransac_icp_voxel005_easy,real_previous_registration,346,235,0.06733455180690627,0.023811352490037484,0.7546914379168075,152.96587305628685,1.640663753757972,0,0.20695161631208364,0
real_20260702_150045_table1_cluster018_ransac_icp_voxel005_easy,real_previous_registration,347,1035,0.062316364677094005,0.06073918699996074,0.2342664185998289,89.72507381304669,-0.7875307788183611,0,0.18911459863805477,0
real_20260702_150045_table1_cluster018_ransac_icp_voxel005_easy,real_previous_registration,348,3386,0.013111845975025236,0.012953991188772626,0.1905808823292412,125.47723970163095,-0.0350912840970206,1,0.23952583942894504,0
real_20260702_150045_table1_cluster018_ransac_icp_voxel005_easy,real_previous_registration,349,2493,0.11244110926911433,0.1075717775428887,0.9829337541152401,256.28184708893014,-0.45403937120581056,0,0.1626929091051122,0
real_20260702_150045_table1_cluster018_ransac_icp_voxel005_easy,real_previous_registration,350,2004,0.04936337342810842,0.005464033794132064,0.053131279982125454,255.33077302454825,-0.12861724819259465,0,0.2584472901731306,0
real_20260702_150045_table1_cluster018_ransac_icp_voxel005_easy,real_previous_registration,351,1593,0.0752641440299527,0.05471439171978097,0.069402925188791,249.51020822591147,0.8899506618647818,0,0.2827888539273877,0
real_20260702_150045_table1_cluster018_ransac_icp_voxel005_easy,real_previous_registration,352,3722,0.03938723390032118,0.021793865043308276,0.9221282612944508,218.49556350068428,-0.2086598832166244,1,0.23885371387837065,0
real_20260702_150045_table1_cluster018_ransac_icp_voxel005_easy,real_previous_registration,353,2753,0.04820000083020508,0.03726519882038881,0.8726489527604195,106.65444574574121,1.400775856001512,0,0.29590216038205563,0
real_20260702_150045_table1_cluster018_ransac_icp_voxel005_easy,real_previous_registration,354,2753,0.06904654698772146,0.0324563909833034,0.8916653366107691,135.023956087968,1.3076854958080864,0,0.20505033910310774,0
real_20260702_150045_table1_cluster018_ransac_icp_voxel005_easy,real_previous_registration,355,2296,0.05895605591034346,0.026311551617245757,0.7548358284067443,171.82532863108622,-0.10919917658049856,0,0.20402078725366762,0
real_20260702_150045_table1_cluster018_ransac_icp_voxel005_easy,real_previous_registration,356,1593,0.10288344322934799,0.09388608649666724,0.06832175013405084,215.54138421829572,0.8899506618647818,0,0.16828914018540003,0
real_20260702_150045_table1_cluster018_ransac_icp_voxel005_easy,real_previous_registration,357,2015,0.07496797382705117,0.052447290827859254,0.49568334202214137,102.03835986927035,1.2295041015728665,0,0.23999326145353142,0
real_20260702_150045_table1_cluster018_ransac_icp_voxel005_easy,real_previous_registration,358,1645,0.09519811152035398,0.05802004350673323,0.9443740600809524,118.07956886124528,0.7254593342876571,0,0.2575254988683441,0
real_20260702_150045_table1_cluster018_ransac_icp_voxel005_easy,real_previous_registration,359,3282,0.03432386221373334,0.0007891165945004427,0.638941459401255,97.24993139395656,-0.257828882029574,0,0.21438478089622276,0
real_20260702_150045_table1_cluster018_ransac_icp_voxel005_easy,real_previous_registration,360,2159,0.036246236536630574,0.03387794278714882,0.11353936439755487,278.9619239370947,-0.5074136314519685,1,0.23428053386733422,0
real_20260702_150045_table1_cluster018_ransac_icp_voxel005_easy,real_previous_registration,361,687,0.11650494848910921,0.10939939014471609,0.990890144513907,250.5856851805637,-0.2113089031911889,0,0.20231128455206718,0
real_20260702_150045_table1_cluster018_ransac_icp_voxel005_easy,real_previous_registration,362,3580,0.13602162131412493,0.1199473245581243,0.9641118572364824,224.58366442925708,0.19680478899457893,0,0.1682898239994982,0
real_20260702_150045_table1_cluster018_ransac_icp_voxel005_easy,real_previous_registration,363,2401,0.042855339727909725,0.00935537148766786,0.9466375583831768,146.49251679413257,-0.07934624373381696,0,0.2803978749584857,0
real_20260702_150045_table1_cluster018_ransac_icp_voxel005_easy,real_previous_registration,364,3060,0.05769621656952401,0.04311856373758044,0.5226286202577274,249.49403904322028,-0.01083433059164844,0,0.29880982684261825,0
real_20260702_150045_table1_cluster018_ransac_icp_voxel005_easy,real_previous_registration,365,3051,0.06979931622430023,0.06000413246034848,0.9612107675769113,138.93725164803453,0.05370409008311936,0,0.19188543391217072,0
real_20260702_150045_table1_cluster018_ransac_icp_voxel005_easy,real_previous_registration,366,2763,0.06074681794662137,0.06053949176603843,0.9698999097568687,290.962360325726,-0.31539300480694915,1,0.2336073375754166,0
real_20260702_150045_table1_cluster018_ransac_icp_voxel005_easy,real_previous_registration,367,1351,0.022113480505608463,0.017008937442272613,0.050918292845268866,95.36527814487285,0.18573278595095552,1,0.25364375698840874,0
real_20260702_150045_table1_cluster018_ransac_icp_voxel005_easy,real_previous_registration,368,2587,0.055813606730818116,0.0421406216544519,0.9267699022470073,225.1809538093763,0.19680478899457893,0,0.23744439760958952,0
real_20260702_150045_table1_cluster018_ransac_icp_voxel005_easy,real_previous_registration,369,2684,0.040887350228688175,0.016139602759403272,0.3006372484143853,129.81216850455223,-0.017865996964454147,0,0.2586786903808484,0
real_20260702_150045_table1_cluster018_ransac_icp_voxel005_easy,real_previous_registration,370,3070,0.05961338491997294,0.0025951513848003387,0.9063499198084584,312.86885772621474,0.12269691024733272,0,0.24140710819678327,0
real_20260702_150045_table1_cluster018_ransac_icp_voxel005_easy,real_previous_registration,371,1435,0.04027376904700587,0.03298754036541875,0.34399163706434577,126.51248590313253,1.3828375791983956,0,0.25924012063265356,0
real_20260702_150045_table1_cluster018_ransac_icp_voxel005_easy,real_previous_registration,372,1217,0.060490999544509066,0.03320361503572167,0.4699137040253413,271.52365761030984,1.0973318163207462,1,0.2205283202919831,0
real_20260702_150045_table1_cluster018_ransac_icp_voxel005_easy,real_previous_registration,373,1100,0.04626232162114174,0.01017335794744494,0.7804946291993566,132.1242222567217,0.649687069582027,0,0.2628861417908971,0
real_20260702_150045_table1_cluster018_ransac_icp_voxel005_easy,real_previous_registration,374,880,0.11042901033047657,0.09911249049211045,0.3996389236979746,210.8886838837655,-0.11286892412784702,0,0.15959789393136864,0
real_20260702_150045_table1_cluster018_ransac_icp_voxel005_easy,real_previous_registration,375,1022,0.07417718975394538,0.05076187662248429,0.9683275257904972,180.92727982738896,-0.4507004561220414,0,0.27322388162934536,0
real_20260702_150045_table1_cluster018_ransac_icp_voxel005_easy,real_previous_registration,376,1804,0.09998398645285153,0.0828015266039012,0.9975513472287373,270.53577307029815,-0.2464001872882094,0,0.14737643461435834,0
real_20260702_150045_table1_cluster018_ransac_icp_voxel005_easy,real_previous_registration,377,2736,0.10529755558962779,0.09810248363124409,0.2300405016156932,242.45532316272073,0.3557745463297139,0,0.29234380265802445,0
real_20260702_150045_table1_cluster018_ransac_icp_voxel005_easy,real_previous_registration,378,2386,0.03255559437663559,0.010177143795564857,0.4772050070563224,303.33407798969995,-0.2827676608245155,0,0.2516832152825861,0
real_20260702_150045_table1_cluster018_ransac_icp_voxel005_easy,real_previous_registration,379,1783,0.057016251752128634,0.03707037027998489,0.7709864815517165,263.5636702665052,0.11461277198002577,0,0.2897724898752321,0
real_20260702_150045_table1_cluster018_ransac_icp_voxel005_easy,real_previous_registration,380,2310,0.10860261535575055,0.028977273537693846,0.2255708421161135,150.2938576264593,1.8638056050851868,0,0.2543014357249598,0
real_20260702_150045_table1_cluster018_ransac_icp_voxel005_easy,real_previous_registration,381,2736,0.005637147155747102,0.0030818640946120887,0.2305864471900731,297.1839489873437,0.319406940518587,1,0.238601650804491,0
real_20260702_150045_table1_cluster018_ransac_icp_voxel005_easy,real_previous_registration,382,485,0.027464078308723813,0.016416833645721773,0.16343169308283095,190.76069555914052,-0.10044639820999943,1,0.20361256960158688,0
real_20260702_150045_table1_cluster018_ransac_icp_voxel005_easy,real_previous_registration,383,2470,0.07783600665921307,0.0684143439804752,0.9770085626468791,159.76369754777087,0.23910710102155394,0,0.2263412135127451,0
real_20260702_150045_table1_cluster018_ransac_icp_voxel005_easy,real_previous_registration,384,2665,0.04413137062394894,0.03495510244623927,0.8755745056324828,163.11092747014928,1.402256503136959,0,0.30111435818606397,0
real_20260702_150045_table1_cluster018_ransac_icp_voxel005_easy,real_previous_registration,385,1217,0.06380430523860993,0.013200485818310743,0.46848274344071233,298.4715161348303,1.0063601581976767,0,0.17365585632941968,0
real_20260702_150045_table1_cluster018_ransac_icp_voxel005_easy,real_previous_registration,386,4,0.10556612797271524,0.10345368557207998,0.9156320278554152,182.23944112982795,0.7781032464430859,0,0.1863965933064806,0
real_20260702_150045_table1_cluster018_ransac_icp_voxel005_easy,real_previous_registration,387,2969,0.06996014477793686,0.04769188088830882,0.15306552834603998,108.44518114209204,0.6698896267297519,0,0.24259685971728775,0
real_20260702_150045_table1_cluster018_ransac_icp_voxel005_easy,real_previous_registration,388,1750,0.044879814159108994,0.021407054088600906,0.6725531066723965,75.46122258060913,1.0240607702761533,0,0.2427601888312554,0
real_20260702_150045_table1_cluster018_ransac_icp_voxel005_easy,real_previous_registration,389,254,0.11317772375282943,0.1054500760141113,0.4608695785682838,210.0734674631806,0.8158428765237756,0,0.1371828671135035,0
real_20260702_150045_table1_cluster018_ransac_icp_voxel005_easy,real_previous_registration,390,2208,0.0854912724002936,0.06454083025634752,0.8387193720369244,274.73472492170436,-0.4507004561220414,0,0.26060927718732363,0
real_20260702_150045_table1_cluster018_ransac_icp_voxel005_easy,real_previous_registration,391,938,0.058804554919252176,0.00816934168305974,0.063147086158055,98.14432011568913,0.4467461837489093,1,0.19917278501526936,0
real_20260702_150045_table1_cluster018_ransac_icp_voxel005_easy,real_previous_registration,392,1204,0.06924156693096484,0.06435013534906187,0.8773245235384076,67.8248721077155,-0.3315579490298946,0,0.1753816773791012,0
real_20260702_150045_table1_cluster018_ransac_icp_voxel005_easy,real_previous_registration,393,1308,0.038364221500277546,0.027103518599657074,0.43408578922852825,129.42290039685884,0.43531752580399413,0,0.26447513671275324,0
real_20260702_150045_table1_cluster018_ransac_icp_voxel005_easy,real_previous_registration,394,2644,0.10366756118048075,0.08061029595300255,0.6514800282008414,92.36966617461634,0.3726382912654313,0,0.1614258335420532,0
real_20260702_150045_table1_cluster018_ransac_icp_voxel005_easy,real_previous_registration,395,2719,0.04884137617041244,0.01514794131817907,0.4790313519817717,123.76232582163081,0.25003611465787606,1,0.2513704316781592,0
real_20260702_150045_table1_cluster018_ransac_icp_voxel005_easy,real_previous_registration,396,946,0.04752092863835156,0.045240876899990165,0.005626501870365577,185.6867282217668,-0.09224964238146768,0,0.18771797693018347,0
real_20260702_150045_table1_cluster018_ransac_icp_voxel005_easy,real_previous_registration,397,3768,0.06920399177373344,0.05370734179509138,0.12932369732841872,223.36917071073864,0.2768472163981421,0,0.20955667506431178,0
real_20260702_150045_table1_cluster018_ransac_icp_voxel005_easy,real_previous_registration,398,3241,0.045605786424933396,0.00046246045211707516,0.8198224341207748,95.78590860965983,0.40752576213352704,1,0.2580986217485479,0
real_20260702_150045_table1_cluster018_ransac_icp_voxel005_easy,real_previous_registration,399,3708,0.13822791420784333,0.12998899733352554,0.7694763418764883,94.19805546844026,0.6409020154169298,0,0.2504107929495688,0
real_20260702_150045_table1_cluster018_ransac_icp_voxel005_easy,real_previous_registration,400,972,0.11061602270305465,0.10787509545949743,0.8733984324590655,79.58009102685351,-0.31539300480694915,0,0.21572019374430643,0
real_20260702_150045_table1_cluster018_ransac_icp_voxel005_easy,real_previous_registration,401,2973,0.03336004855291438,0.01397450298420839,0.43854734936629824,80.57220733474216,-0.5511764955610784,0,0.1978907879713819,0
real_20260702_150045_table1_cluster018_ransac_icp_voxel005_easy,real_previous_registration,402,2300,0.10104887468807697,0.03860536219903132,0.8403701765426347,92.61975990399677,0.9212037720745124,0,0.21133275257436507,0
real_20260702_150045_table1_cluster018_ransac_icp_voxel005_easy,real_previous_registration,403,254,0.0871658441785287,0.041877773330413384,0.44326950772017143,162.3424623776202,0.7781025898514247,1,0.1970890849790167,0
real_20260702_150045_table1_cluster018_ransac_icp_voxel005_easy,real_previous_registration,404,3644,0.10896887485329233,0.10651612318570676,0.9939600076118367,220.6956858350529,-0.17740735342029781,0,0.22082794518814,0
real_20260702_150045_table1_cluster018_ransac_icp_voxel005_easy,real_previous_registration,405,2015,0.0729862470827534,0.014989406461148536,0.49734471207962705,115.39757619503739,1.2295041015728665,0,0.2602171234632717,0
real_20260702_150045_table1_cluster018_ransac_icp_voxel005_easy,real_previous_registration,406,1264,0.03159849093984586,0.021816992377863997,0.3247855574609699,91.58960818603444,0.5499303779977346,1,0.22989404443222902,0
real_20260702_150045_table1_cluster018_ransac_icp_voxel005_easy,real_previous_registration,407,2310,0.09902332382079446,0.02039803432695915,0.3303054016127921,121.78120283709102,1.6631352025518997,0,0.24008892732785672,0
real_20260702_150045_table1_cluster018_ransac_icp_voxel005_easy,real_previous_registration,408,3434,0.11771686963215902,0.10458276774889486,0.30895360100376823,256.7381454929263,2.6847774990817683,1,0.34816319510553645,0
real_20260702_150045_table1_cluster018_ransac_icp_voxel005_easy,real_previous_registration,409,2300,0.04238832199875812,0.010791367717855237,0.8780153715106731,94.79457383191513,1.0657849141335354,0,0.23870028716379682,0
real_20260702_150045_table1_cluster018_ransac_icp_voxel005_easy,real_previous_registration,410,3077,0.07162393343843758,0.059959729073571666,0.22028026086912011,278.9729883956988,0.11254451449287073,0,0.1912635955490233,0
real_20260702_150045_table1_cluster018_ransac_icp_voxel005_easy,real_previous_registration,411,1835,0.06431851495389103,0.06141721759155014,0.9395691683667818,190.82727910531855,0.2442223392512837,0,0.24300615346749627,0
real_20260702_150045_table1_cluster018_ransac_icp_voxel005_easy,real_previous_registration,412,1750,0.04223657990338023,0.015307976138767207,0.322632301608654,72.98884429709959,0.997392543819865,0,0.25555135428030606,0
real_20260702_150045_table1_cluster018_ransac_icp_voxel005_easy,real_previous_registration,413,2310,0.11786068090700276,0.007984197627527605,0.21314142339306724,142.71803588346367,1.5453523682840602,0,0.23399476317359388,0
real_20260702_150045_table1_cluster018_ransac_icp_voxel005_easy,real_previous_registration,414,1583,0.03434392398297583,0.02964608844114071,0.8995652690242874,244.88587811090196,0.15906450232222807,1,0.2488000855680581,0
real_20260702_150045_table1_cluster018_ransac_icp_voxel005_easy,real_previous_registration,415,1796,0.09010631609825182,0.08419117356841724,0.9185359451433361,305.3989284321024,-0.15601619685520723,1,0.2216039405726992,0
real_20260702_150045_table1_cluster018_ransac_icp_voxel005_easy,real_previous_registration,416,2058,0.06676796342885058,0.05805463228548711,0.939696165801013,91.52178058110808,-0.15330985301421438,1,0.20934286475890998,0
real_20260702_150045_table1_cluster018_ransac_icp_voxel005_easy,real_previous_registration,417,2480,0.024070043770367155,0.022076367072288793,0.8290216865461033,216.57839801280284,0.7511150676478974,0,0.25136952114991457,0
real_20260702_150045_table1_cluster018_ransac_icp_voxel005_easy,real_previous_registration,418,329,0.10416254894660898,0.0734266695489236,0.8776811368938273,114.2653358675108,1.0345319708747207,0,0.2039545631474793,0
real_20260702_150045_table1_cluster018_ransac_icp_voxel005_easy,real_previous_registration,419,3215,0.06731841706710306,0.05306742485967782,0.9043360944069726,218.38172868370572,0.09007172552379418,0,0.25839530373507197,0
real_20260702_150045_table1_cluster018_ransac_icp_voxel005_easy,real_previous_registration,420,710,0.044451559222225975,0.016709055573730945,0.7081331931818622,107.10127920619153,0.3822077959444332,0,0.2965120390741809,0
real_20260702_150045_table1_cluster018_ransac_icp_voxel005_easy,real_previous_registration,421,974,0.05867702593503435,0.02613530316624731,0.7338465204952033,97.75118456495903,0.7186796111376402,0,0.2460983491431928,0
real_20260702_150045_table1_cluster018_ransac_icp_voxel005_easy,real_previous_registration,422,2693,0.043287868302571676,0.02151447108284122,0.7916147912695884,148.24197513671962,1.6253972121564966,1,0.3030060997759141,0
real_20260702_150045_table1_cluster018_ransac_icp_voxel005_easy,real_previous_registration,423,329,0.02443084211424886,0.0020729142321234163,0.059454747364477145,100.15577870834959,1.1145746165824932,1,0.25462195555030254,0
real_20260702_150045_table1_cluster018_ransac_icp_voxel005_easy,real_previous_registration,424,2785,0.028913977602374696,0.02165508699076205,0.43358099203656797,177.11181188919443,-0.5881492296180866,1,0.23928997074582886,0
real_20260702_150045_table1_cluster018_ransac_icp_voxel005_easy,real_previous_registration,425,376,0.013902280108046223,0.006117336428686777,0.651723989129382,172.62490034063026,-0.45403937120581056,1,0.2231167761164249,0
real_20260702_150045_table1_cluster018_ransac_icp_voxel005_easy,real_previous_registration,426,2738,0.06075796067050811,0.033787211997439254,0.4553616274345536,215.219042850935,0.9010000203162722,1,0.20126947494223085,0
real_20260702_150045_table1_cluster018_ransac_icp_voxel005_easy,real_previous_registration,427,2665,0.02732230816717298,0.01177037932655843,0.8818688050564155,193.23185758008682,1.4213046875851632,1,0.2615379036667438,0
real_20260702_150045_table1_cluster018_ransac_icp_voxel005_easy,real_previous_registration,428,1308,0.07268863663369415,0.05942180058941281,0.7831515390468041,121.81196512671002,0.7569008749316938,0,0.23026685576714218,0
real_20260702_150045_table1_cluster018_ransac_icp_voxel005_easy,real_previous_registration,429,3588,0.04503545161021971,0.027858852004927274,0.9901986758438952,244.6397978648144,-0.2717179560784123,1,0.21778272900144272,0
real_20260702_150045_table1_cluster018_ransac_icp_voxel005_easy,real_previous_registration,430,1796,0.09608328308386693,0.08677489978091973,0.9184631252458493,304.29396313001905,-0.19375648352755823,0,0.17474192788056875,0
real_20260702_150045_table1_cluster018_ransac_icp_voxel005_easy,real_previous_registration,431,821,0.0836869770960672,0.05269120822267265,0.7347947188060068,328.75357976182136,0.51046186606899,0,0.16869525145788847,0
real_20260702_150045_table1_cluster018_ransac_icp_voxel005_easy,real_previous_registration,432,2308,0.12013896016867841,0.10651942470626363,0.9691797821704591,283.5878832012009,-0.32928777193772163,0,0.18141782888400512,0
real_20260702_150045_table1_cluster018_ransac_icp_voxel005_easy,real_previous_registration,433,2188,0.1498308413163582,0.06441835138754017,0.4687184711408582,144.804212973172,0.6698897035814484,0,0.23175757313188639,0
real_20260702_150045_table1_cluster018_ransac_icp_voxel005_easy,real_previous_registration,434,3605,0.08471201696384936,0.053481993339159206,0.9803778074022291,105.46537381319355,0.5127043215918523,0,0.17730696559646592,0
real_20260702_150045_table1_cluster018_ransac_icp_voxel005_easy,real_previous_registration,435,641,0.04448112916657683,0.0004303974360619373,0.8886934836010725,122.54831785668279,0.2682636789027266,0,0.2856524905343018,0
real_20260702_150045_table1_cluster018_ransac_icp_voxel005_easy,real_previous_registration,436,2125,0.03240727442891679,0.03226653206863779,0.9160435105371539,200.17281687946272,0.3557745463297139,1,0.261365154082295,0
real_20260702_150045_table1_cluster018_ransac_icp_voxel005_easy,real_previous_registration,437,2587,0.0558259082874728,0.03416055312059325,0.9296870945181734,223.53860102414293,0.19680478899457893,0,0.27214561767956785,0
real_20260702_150045_table1_cluster018_ransac_icp_voxel005_easy,real_previous_registration,438,3382,0.03079647945983027,0.005145605325445353,0.9535634346780965,232.2863147113057,0.031231281301676447,0,0.24730969070992628,0
real_20260702_150045_table1_cluster018_ransac_icp_voxel005_easy,real_previous_registration,439,2738,0.07359143291860631,0.022625071596583834,0.4616944881068319,252.240558039298,0.9475199731806868,0,0.16556769897900012,0
real_20260702_150045_table1_cluster018_ransac_icp_voxel005_easy,real_previous_registration,440,2665,0.06941093868346483,0.005406992944928409,0.8838245710263497,203.6628708611387,1.3011604455945243,0,0.23417735561762112,0
real_20260702_150045_table1_cluster018_ransac_icp_voxel005_easy,real_previous_registration,441,958,0.07779010269897141,0.07104478306921638,0.06057784456571816,263.76706831151563,0.5767993433880226,0,0.2134512547761359,0
real_20260702_150045_table1_cluster018_ransac_icp_voxel005_easy,real_previous_registration,442,1224,0.05722815494835983,0.04046674615593463,0.852544740879074,185.5974383367531,0.5543769928078938,0,0.22808442809546892,0
real_20260702_150045_table1_cluster018_ransac_icp_voxel005_easy,real_previous_registration,443,1796,0.09577869180909317,0.06848606718207212,0.9186004494158603,309.8869209488185,-0.05065578860467878,0,0.16207279835562904,0
real_20260702_150045_table1_cluster018_ransac_icp_voxel005_easy,real_previous_registration,444,3179,0.061699517781665006,0.05546757905904222,0.7255926497558516,165.939089265396,-0.1826844197553138,0,0.22361910487084433,0
real_20260702_150045_table1_cluster018_ransac_icp_voxel005_easy,real_previous_registration,445,2493,0.10394012223339284,0.10276208877621568,0.9829803520373096,259.4073132138839,-0.3448401946253121,1,0.19759664767734686,0
real_20260702_150045_table1_cluster018_ransac_icp_voxel005_easy,real_previous_registration,446,3605,0.1315665584583419,0.088350250475251,0.9550857042447768,124.16984756601148,0.4002264116200279,0,0.12505924267953214,0
real_20260702_150045_table1_cluster018_ransac_icp_voxel005_easy,real_previous_registration,447,3605,0.11502433670799309,0.0616525703197075,0.9825665236388478,117.47834695602627,0.5337577179350826,0,0.14332687030575372,0
real_20260702_150045_table1_cluster018_ransac_icp_voxel005_easy,real_previous_registration,448,958,0.11818991278781585,0.0791206800911575,0.016388643894198668,240.61882407108445,0.7550474593140781,0,0.2358687161020105,0
real_20260702_150045_table1_cluster018_ransac_icp_voxel005_easy,real_previous_registration,449,329,0.07775028800589723,0.06611234375923906,0.024492400812643034,127.24290258070887,1.0345319708747207,0,0.3077784721394103,0
real_20260702_150045_table1_cluster018_ransac_icp_voxel005_easy,real_previous_registration,450,1073,0.04733321230065613,0.008057194164306612,0.4534009928451175,172.0616962453697,0.8056901496018534,0,0.18399792985592048,0
real_20260702_150045_table1_cluster018_ransac_icp_voxel005_easy,real_previous_registration,451,2243,0.08712969518158083,0.08372520559931262,0.9893752365794874,283.48648022673126,-0.2699306658722835,1,0.18562776861433486,0
real_20260702_150045_table1_cluster018_ransac_icp_voxel005_easy,real_previous_registration,452,1121,0.06001469825958689,0.04642196753153875,0.89916005829598,259.226403755147,0.28689768068554816,1,0.19262598929530741,0
real_20260702_150045_table1_cluster018_ransac_icp_voxel005_easy,real_previous_registration,453,396,0.07580593043206349,0.0595130413576992,0.9337307880581719,212.64795919831067,0.05370409008311936,1,0.2447415823354594,0
real_20260702_150045_table1_cluster018_ransac_icp_voxel005_easy,real_previous_registration,454,105,0.021799183209212567,0.015645002117446547,0.4579914779166493,262.4676323202766,0.5839470039809467,1,0.2138246344574019,0
real_20260702_150045_table1_cluster018_ransac_icp_voxel005_easy,real_previous_registration,455,1645,0.1289967660147302,0.05349927607877235,0.91844933167314,114.98219000057341,0.6409020154169298,0,0.29056656452170754,0
real_20260702_150045_table1_cluster018_ransac_icp_voxel005_easy,real_previous_registration,456,556,0.08982477144425369,0.041198090107495325,0.3938866408548224,158.18779087877596,0.6185957169934327,0,0.20208023722028717,0
real_20260702_150045_table1_cluster018_ransac_icp_voxel005_easy,real_previous_registration,457,2778,0.05107616648324974,0.05036569281160787,0.14063322352458626,312.1619648065318,0.79505138945994,1,0.207399237206601,0
real_20260702_150045_table1_cluster018_ransac_icp_voxel005_easy,real_previous_registration,458,3511,0.06740977178927632,0.017162246810646303,0.44712179105085803,96.05782754432644,0.969993591403505,0,0.2221683838438068,0
real_20260702_150045_table1_cluster018_ransac_icp_voxel005_easy,real_previous_registration,459,2015,0.09861395190919654,0.08910962246650198,0.4808965326615155,103.63780952212639,1.2295041015728665,0,0.2262455308504947,0
real_20260702_150045_table1_cluster018_ransac_icp_voxel005_easy,real_previous_registration,460,132,0.04546829373327046,0.018165993762147448,0.225374647130973,148.62894842508575,-0.37373950091174296,1,0.22126213931568,0
real_20260702_150045_table1_cluster018_ransac_icp_voxel005_easy,real_previous_registration,461,753,0.0437889368598162,0.03747700774002502,0.8187931607885053,61.772359485593014,1.5223671210389425,0,0.27042215916605244,0
real_20260702_150045_table1_cluster018_ransac_icp_voxel005_easy,real_previous_registration,462,54,0.07569886025106032,0.07205050747824229,0.7298262398792292,111.98449668432558,0.0,0,0.19519916063605938,0
real_20260702_150045_table1_cluster018_ransac_icp_voxel005_easy,real_previous_registration,463,2917,0.08413251148960174,0.05726640063048531,0.9740534013619948,142.56425415462263,-0.023256835497631197,0,0.187861410037789,0
real_20260702_150045_table1_cluster018_ransac_icp_voxel005_easy,real_previous_registration,464,3298,0.05022862696292905,0.047562524061289704,0.8066173388847835,153.32880486641827,-0.3588780845954114,1,0.21259787736994162,0
real_20260702_150045_table1_cluster018_ransac_icp_voxel005_easy,real_previous_registration,465,1214,0.04012121293894933,0.022569674043421577,0.6093629980828275,108.50891395978313,-0.25867026126474285,0,0.23240541120587963,0
real_20260702_150045_table1_cluster018_ransac_icp_voxel005_easy,real_previous_registration,466,1262,0.03190265525374702,0.011106347967809344,0.13423659717266018,104.00807580920396,0.5237072537737523,0,0.238168500614594,0
real_20260702_150045_table1_cluster018_ransac_icp_voxel005_easy,real_previous_registration,467,517,0.11298762110212607,0.08177904357277993,0.9930365891187403,226.14288640575472,-0.3205080797716874,0,0.2658361402249543,0
real_20260702_150045_table1_cluster018_ransac_icp_voxel005_easy,real_previous_registration,468,1879,0.017402258514364364,0.010532683208869863,0.2505152094682878,101.48005889402361,-0.48278882136755813,1,0.22610030183125016,0
real_20260702_150045_table1_cluster018_ransac_icp_voxel005_easy,real_previous_registration,469,457,0.07414270297593509,0.07054955113798131,0.9617575075386613,306.6711246925861,-0.3895008972904269,1,0.18387796826987043,0
real_20260702_150045_table1_cluster018_ransac_icp_voxel005_easy,real_previous_registration,470,1435,0.021695240132202663,0.016634213965924217,0.3243704437793956,140.58535236025247,1.4118250917019206,1,0.22668600810790873,0
real_20260702_150045_table1_cluster018_ransac_icp_voxel005_easy,real_previous_registration,471,1225,0.06090715206743354,0.0367436247203642,0.7563286422912077,311.73018867126075,-0.41345405175518557,0,0.251036752064679,0
real_20260702_150045_table1_cluster018_ransac_icp_voxel005_easy,real_previous_registration,472,2638,0.04708359846508111,0.03928036354340357,0.6987179626546343,289.12332718501074,-0.47345722073236074,1,0.22103127440209797,0
real_20260702_150045_table1_cluster018_ransac_icp_voxel005_easy,real_previous_registration,473,2159,0.06455509944116042,0.06254357807012055,0.1139887080387588,278.4525867569585,-0.812794735891349,0,0.20293286319282958,0
real_20260702_150045_table1_cluster018_ransac_icp_voxel005_easy,real_previous_registration,474,2470,0.11586274797721634,0.08951213474100017,0.9737514412024888,130.20044361760685,0.5919281440437796,0,0.14027006206244436,0
real_20260702_150045_table1_cluster018_ransac_icp_voxel005_easy,real_previous_registration,475,879,0.03721903223099569,0.0009764224069204906,0.901635485065568,227.30036823804565,0.4591686611549677,0,0.2799951635837852,0
real_20260702_150045_table1_cluster018_ransac_icp_voxel005_easy,real_previous_registration,476,1073,0.04455573202401234,0.018418413952998428,0.453242900264664,174.01967071581976,0.5337568656651415,1,0.20644195318818234,0
real_20260702_150045_table1_cluster018_ransac_icp_voxel005_easy,real_previous_registration,477,3627,0.0983225711676741,0.08052454387147778,0.19643280797595067,240.34696004652852,0.5267887012518931,0,0.25412154443578777,0
real_20260702_150045_table1_cluster018_ransac_icp_voxel005_easy,real_previous_registration,478,3459,0.02895449019431648,0.022876443057829175,0.335789952993759,121.81562645080521,-0.3448401946253121,1,0.20693959672643553,0
real_20260702_150045_table1_cluster018_ransac_icp_voxel005_easy,real_previous_registration,479,2188,0.15880362434436426,0.07146637919298195,0.4770210971926204,142.07754776339092,0.5521067484805654,0,0.19836093165692162,0
real_20260702_150045_table1_cluster018_ransac_icp_voxel005_easy,real_previous_registration,480,762,0.04668451317502888,0.04616168935170163,0.9579520403506496,121.96519104847036,-0.01528868203890713,1,0.22626177485002621,0
real_20260702_150045_table1_cluster018_ransac_icp_voxel005_easy,real_previous_registration,481,3597,0.10712732849460979,0.08671379461908504,0.9989378375832115,71.47738028385393,-0.016825953223575534,0,0.1878103645322097,0
real_20260702_150045_table1_cluster018_ransac_icp_voxel005_easy,real_previous_registration,482,3437,0.110035680340921,0.013802880445277442,0.8959790550126008,240.55343945611818,-0.1722922774054974,0,0.1493203749181493,0
real_20260702_150045_table1_cluster018_ransac_icp_voxel005_easy,real_previous_registration,483,847,0.042383962205403025,0.010518017740681151,0.7490139382376497,127.9221176839221,-0.3205080797716874,0,0.3013844819110625,0
real_20260702_150045_table1_cluster018_ransac_icp_voxel005_easy,real_previous_registration,484,909,0.08463189535687834,0.08424787322920904,0.9724712480063414,272.9896643942124,-0.3799314787223327,1,0.18770242365115034,0
real_20260702_150045_table1_cluster018_ransac_icp_voxel005_easy,real_previous_registration,485,3142,0.1047984012641616,0.08333831542364516,0.5256059437612228,314.8115205481196,0.09007162790506426,0,0.14328273236741534,0
real_20260702_150045_table1_cluster018_ransac_icp_voxel005_easy,real_previous_registration,486,2463,0.03943214622093119,0.007224442319905456,0.0741570989871482,110.28177262794334,0.29882619787506143,1,0.23566237873628612,0
real_20260702_150045_table1_cluster018_ransac_icp_voxel005_easy,real_previous_registration,487,441,0.026445687612269834,0.005782657316207907,0.39161692978934926,110.94383223948874,0.15906451605845984,1,0.25126866633645994,0
real_20260702_150045_table1_cluster018_ransac_icp_voxel005_easy,real_previous_registration,488,2763,0.08123451303926785,0.05541082151101276,0.9699721545564107,267.10066854184726,-0.31539300480694915,0,0.2552780263094621,0
real_20260702_150045_table1_cluster018_ransac_icp_voxel005_easy,real_previous_registration,489,1645,0.13209684523404755,0.05703042271515777,0.9073913931435773,117.06607911641015,0.6698895279204548,0,0.319981935348884,0
real_20260702_150045_table1_cluster018_ransac_icp_voxel005_easy,real_previous_registration,490,105,0.06584252681907077,0.06136712972341936,0.45986834241289376,252.65487153279594,0.32158307412841114,0,0.1761442320950896,0
real_20260702_150045_table1_cluster018_ransac_icp_voxel005_easy,real_previous_registration,491,827,0.048929044675043665,0.03523050344299772,0.29672396886924846,107.13687891802702,0.8522108488751529,0,0.23964100202950706,0
real_20260702_150045_table1_cluster018_ransac_icp_voxel005_easy,real_previous_registration,492,2338,0.020840018980009926,0.013207983053328336,0.8705333028419878,269.6572615994888,0.12269691024733272,1,0.24130906378440292,0
real_20260702_150045_table1_cluster018_ransac_icp_voxel005_easy,real_previous_registration,493,2441,0.1414126865330245,0.13730558837793252,0.6498772376696713,207.65602460237892,0.46736570167676517,0,0.18831564318037977,0
real_20260702_150045_table1_cluster018_ransac_icp_voxel005_easy,real_previous_registration,494,2480,0.06448736667393644,0.05405983165420215,0.824258723063143,196.45640966881464,0.7721684639911278,0,0.22524619287758355,0
real_20260702_150045_table1_cluster018_ransac_icp_voxel005_easy,real_previous_registration,495,2159,0.09098253714553972,0.09040064332962341,0.14633726767052224,270.37696959901444,-0.5074136314519685,0,0.18559962695964388,0
real_20260702_150045_table1_cluster018_ransac_icp_voxel005_easy,real_previous_registration,496,1049,0.11027581352804271,0.1029226594982802,0.44222831663385387,204.31351079303266,1.0414520414983415,0,0.3474070145901793,0
real_20260702_150045_table1_cluster018_ransac_icp_voxel005_easy,real_previous_registration,497,466,0.0283431910620312,0.004390449618587604,0.3196413542443176,162.02531371690614,0.025533275219478645,1,0.25119905462706077,0
real_20260702_150045_table1_cluster018_ransac_icp_voxel005_easy,real_previous_registration,498,19,0.18483375423311119,0.14337812622659646,0.7096478758584562,169.663520835224,0.33233615607591926,0,0.19763080154341295,0
real_20260702_150045_table1_cluster018_ransac_icp_voxel005_easy,real_previous_registration,499,2736,0.04886469402268673,0.014146780998486128,0.23050476305135353,295.1281786685331,0.3557745463297139,0,0.2628476534533776,0
real_20260702_150045_table1_cluster018_ransac_icp_voxel005_easy,real_previous_registration,500,1453,0.05576586873130718,0.015060002255321527,0.1583527577572577,133.3226747966044,0.6168972833181352,0,0.2603506782414081,0
real_20260702_150045_table1_cluster018_ransac_icp_voxel005_easy,real_previous_registration,501,3089,0.03303686182903877,0.011911583170154061,0.0029971596224402097,315.4007964942709,-0.003454228985744796,1,0.20720287325208064,0
real_20260702_150045_table1_cluster018_ransac_icp_voxel005_easy,real_previous_registration,502,231,0.03714282188965505,0.00997285749676807,0.10400110663020395,302.0526578230005,-0.23039978795420055,1,0.22556365551459875,0
real_20260702_150045_table1_cluster018_ransac_icp_voxel005_easy,real_previous_registration,503,821,0.010140879795871893,0.0026169903269841126,0.734945628343779,323.0036955511794,0.47272157939663917,1,0.22512220347324013,0
real_20260702_150045_table1_cluster018_ransac_icp_voxel005_easy,real_previous_registration,504,2693,0.055632321736297986,0.02009642542497222,0.6772004189034467,95.61231324674034,1.734596388736995,0,0.23491903402818623,0
real_20260702_150045_table1_cluster018_ransac_icp_voxel005_easy,real_previous_registration,505,3782,0.06652935161202354,0.03817300877803527,0.03080289398006162,207.94815295810335,0.3483062776020523,0,0.2741908779486877,0
real_20260702_150045_table1_cluster018_ransac_icp_voxel005_easy,real_previous_registration,506,329,0.05413162160809826,0.01580550467589557,0.09045597276182593,118.74921596613257,1.1145746165824932,0,0.23493714070626814,0
real_20260702_150045_table1_cluster018_ransac_icp_voxel005_easy,real_previous_registration,507,254,0.11139244019572939,0.06563722073531016,0.443876158141188,159.35983089295746,0.8158428765237756,0,0.12302419276837652,0
real_20260702_150045_table1_cluster018_ransac_icp_voxel005_easy,real_previous_registration,508,1783,0.06676461863855894,0.04939285227118714,0.7712465706049314,276.1246497236115,0.06809281911561102,0,0.3203414369011351,0
real_20260702_150045_table1_cluster018_ransac_icp_voxel005_easy,real_previous_registration,509,2188,0.0802736150275708,0.051950683844540664,0.9365647568621662,111.53345965224324,0.1590645094447182,0,0.2645163888644305,0
real_20260702_150045_table1_cluster018_ransac_icp_voxel005_easy,real_previous_registration,510,3776,0.0405243700120812,0.03461795886555595,0.7949041817391338,95.96825830100204,0.09007172552379418,0,0.2076646928027708,0
real_20260702_150045_table1_cluster018_ransac_icp_voxel005_easy,real_previous_registration,511,235,0.060093714656229986,0.023236745515620782,0.8367140731851519,157.52089519065433,1.494060487699772,0,0.26594043681484075,0
real_20260702_150045_table1_cluster018_ransac_icp_voxel005_easy,real_previous_registration,512,2863,0.13443109427641303,0.12371692730699126,0.9449284844597787,267.5545761614196,-0.06407879239887242,0,0.14221363946458682,0
real_20260702_150045_table1_cluster018_ransac_icp_voxel005_easy,real_previous_registration,513,3627,0.06988746407598205,0.03897045065997301,0.19598172640828787,237.90568629463453,0.4875680327139456,0,0.22335370652656916,0
real_20260702_150045_table1_cluster018_ransac_icp_voxel005_easy,real_previous_registration,514,2502,0.03362436388897473,0.0316928330742036,0.9051421121770729,238.34594507543528,0.6789393922457212,0,0.24705660849807046,0
real_20260702_150045_table1_cluster018_ransac_icp_voxel005_easy,real_previous_registration,515,2587,0.04800704102073212,0.03538175671955694,0.9252930598973508,209.46777572978118,0.3974752891707255,1,0.25625949837814116,0
real_20260702_150045_table1_cluster018_ransac_icp_voxel005_easy,real_previous_registration,516,1014,0.044469225488869585,0.005567940654752248,0.8867194853892475,167.79908196141088,0.8113891248367864,0,0.25854738656278403,0
real_20260702_150045_table1_cluster018_ransac_icp_voxel005_easy,real_previous_registration,517,3702,0.038650735092219765,0.008021397681232868,0.11722679557297097,113.18785577863169,-0.005238351250339022,1,0.23338117681878429,0
real_20260702_150045_table1_cluster018_ransac_icp_voxel005_easy,real_previous_registration,518,2296,0.037925647356415265,0.03503554874181401,0.7548659314741866,151.2587315689648,-0.07145888990814764,1,0.22363412878348496,0
real_20260702_150045_table1_cluster018_ransac_icp_voxel005_easy,real_previous_registration,519,2015,0.08982566652029378,0.0586430246303612,0.5398677351581563,169.70023733028822,0.8930321963798956,0,0.16611103257077717,0
real_20260702_150045_table1_cluster018_ransac_icp_voxel005_easy,real_previous_registration,520,2929,0.10973144391199152,0.10633021977175551,0.9126286559455585,171.33557115956742,0.45330384151847486,0,0.17510326230099893,0
real_20260702_150045_table1_cluster018_ransac_icp_voxel005_easy,real_previous_registration,521,2376,0.04311699165176325,0.03548649585133443,0.7046225796054725,290.32573712160826,-0.23039978795420055,0,0.213963882170962,0
real_20260702_150045_table1_cluster018_ransac_icp_voxel005_easy,real_previous_registration,522,173,0.034468577087134585,0.00715944241581565,0.6602837964327495,327.64412311293404,0.23602544984023766,0,0.23420086359002912,0
real_20260702_150045_table1_cluster018_ransac_icp_voxel005_easy,real_previous_registration,523,1016,0.04810292613181202,0.013813791134308903,0.48157000362847596,108.41669242960664,-0.41629908453345976,0,0.2501205386260697,0
real_20260702_150045_table1_cluster018_ransac_icp_voxel005_easy,real_previous_registration,524,3605,0.06749013434141529,0.03681996484479532,0.9448006447471107,191.51727081188793,0.5943823042123225,0,0.2691411222389531,0
real_20260702_150045_table1_cluster018_ransac_icp_voxel005_easy,real_previous_registration,525,3089,0.059893123647684156,0.0467351858509674,0.002800410075388976,304.3994185320485,0.25437449261640654,0,0.18880603343196173,0
real_20260702_150045_table1_cluster018_ransac_icp_voxel005_easy,real_previous_registration,526,2684,0.024190890832508045,0.007284960093849213,0.17344651746235729,135.10109268309748,0.23702604218063994,1,0.22971040228382691,0
real_20260702_150045_table1_cluster018_ransac_icp_voxel005_easy,real_previous_registration,527,350,0.05150214669416995,0.008868538187034088,0.25122662360677606,199.59697784634173,0.4775176189314292,1,0.23114918833600176,0
real_20260702_150045_table1_cluster018_ransac_icp_voxel005_easy,real_previous_registration,528,1729,0.017005876373986647,0.014159695115381682,0.9652555787128628,140.69900525628128,-0.2658181011461333,1,0.25019450362541096,0
real_20260702_150045_table1_cluster018_ransac_icp_voxel005_easy,real_previous_registration,529,3265,0.20181451532859293,0.18570076512652645,0.9021687115075834,84.91880633070033,0.6486120659597432,0,0.2091112774809316,0
real_20260702_150045_table1_cluster018_ransac_icp_voxel005_easy,real_previous_registration,530,3212,0.05026334328966087,0.04797716928741199,0.18932452009537162,168.90295604843416,0.05370411971266717,0,0.24213040929616564,0
real_20260702_150045_table1_cluster018_ransac_icp_voxel005_easy,real_previous_registration,531,886,0.016511526503886657,0.0002515054654172663,0.7051246434082741,156.86398155446057,0.4168934630229791,1,0.26071459407534775,0
real_20260702_150045_table1_cluster018_ransac_icp_voxel005_easy,real_previous_registration,532,2806,0.070880724359757,0.0539223094626878,0.5375816401699559,92.76408948522939,0.0,0,0.2629963442853327,0
real_20260702_150045_table1_cluster018_ransac_icp_voxel005_easy,real_previous_registration,533,659,0.1237918687415746,0.10729865472171222,0.987640549266753,148.7410593662058,-0.12861724819259465,0,0.27283117183362193,0
real_20260702_150045_table1_cluster018_ransac_icp_voxel005_easy,real_previous_registration,534,1049,0.12690951299227785,0.05502680125602583,0.44986700429160664,191.6258022825275,0.969993151590194,0,0.24975072543684237,0
real_20260702_150045_table1_cluster018_ransac_icp_voxel005_easy,real_previous_registration,535,2969,0.12647942514558738,0.11640818592986953,0.9389117670257922,91.6694196135646,0.5919281440437796,0,0.23544324457371155,0
real_20260702_150045_table1_cluster018_ransac_icp_voxel005_easy,real_previous_registration,536,2912,0.0219948124282004,0.021060911851034914,0.815379020013866,122.93187714310426,-0.06407880668456138,1,0.2381809003958016,0
real_20260702_150045_table1_cluster018_ransac_icp_voxel005_easy,real_previous_registration,537,2133,0.07741144905079922,0.0071682083999820975,0.09409645843500189,101.45484494541317,0.7409853035481377,0,0.18550414155108835,0
real_20260702_150045_table1_cluster018_ransac_icp_voxel005_easy,real_previous_registration,538,2441,0.07394933560974012,0.0697437934880308,0.6469654211714381,247.7131051715947,0.4041868386532578,0,0.21264318247096278,0
real_20260702_150045_table1_cluster018_ransac_icp_voxel005_easy,real_previous_registration,539,2502,0.0736047863004676,0.054736579667764546,0.8997889419697382,219.22992279471785,0.9181689145491648,0,0.21974167291224997,0
real_20260702_150045_table1_cluster018_ransac_icp_voxel005_easy,real_previous_registration,540,2815,0.06794847492256888,0.04999157915285561,0.892835697257551,203.02127473146538,0.5943820733749942,0,0.31235417587636066,0
real_20260702_150045_table1_cluster018_ransac_icp_voxel005_easy,real_previous_registration,541,15,0.05984733506427863,0.032181838081976104,0.2750578233418422,260.7984084855871,0.04986534563558303,0,0.2860868725081843,0
real_20260702_150045_table1_cluster018_ransac_icp_voxel005_easy,real_previous_registration,542,2470,0.2052085390282785,0.0904050600873476,0.602687429357797,138.9982483396881,0.6185963705000677,0,0.13475876798027892,0
real_20260702_150045_table1_cluster018_ransac_icp_voxel005_easy,real_previous_registration,543,3610,0.047652102042056464,0.006030196900897018,0.3639498767116355,184.7125564769961,-0.10044639820999943,0,0.24181324817816544,0
real_20260702_150045_table1_cluster018_ransac_icp_voxel005_easy,real_previous_registration,544,3644,0.11782826822035107,0.10734181293787526,0.9936996828874952,224.0716449031928,-0.35176051961297516,0,0.2615484926325294,0
real_20260702_150045_table1_cluster018_ransac_icp_voxel005_easy,real_previous_registration,545,3581,0.10276944059420529,0.09102999690617622,0.5020939535072294,114.37673869083858,1.1776324657982966,0,0.20780453796399864,0
real_20260702_150045_table1_cluster018_ransac_icp_voxel005_easy,real_previous_registration,546,13,0.022009467704364145,0.009456484820908176,0.2934607121253395,127.69852571343712,-0.07577483420426284,1,0.25105159156542295,0
real_20260702_150045_table1_cluster018_ransac_icp_voxel005_easy,real_previous_registration,547,1038,0.12493207254394278,0.12198702635996334,0.8833397378786154,94.47594951044786,-0.4405560588721294,0,0.1529018692491858,0
real_20260702_150045_table1_cluster018_ransac_icp_voxel005_easy,real_previous_registration,548,2286,0.05333823738040445,0.008711257498357305,0.38318705203676723,187.64382606632276,0.5267887012518931,0,0.24625296332377344,0
real_20260702_150045_table1_cluster018_ransac_icp_voxel005_easy,real_previous_registration,549,279,0.06377868178781472,0.0538846199389653,0.9916524220688108,102.12690157272596,-0.35176064246987265,0,0.23253610356708496,0
real_20260702_150045_table1_cluster018_ransac_icp_voxel005_easy,real_previous_registration,550,2231,0.027937703885002187,0.00551552554987486,0.8745239486649309,291.376123186161,-0.0922496119582576,1,0.2401023544014543,0
real_20260702_150045_table1_cluster018_ransac_icp_voxel005_easy,real_previous_registration,551,1224,0.07051219154858673,0.06222582694960956,0.8525447408790687,187.94607371909436,0.5337577179350826,0,0.21771356980490242,0
real_20260702_150045_table1_cluster018_ransac_icp_voxel005_easy,real_previous_registration,552,1909,0.08673720846304862,0.07850277501062389,0.9734830864106113,262.41962182895656,0.09237322335692288,0,0.22382326405605912,0
real_20260702_150045_table1_cluster018_ransac_icp_voxel005_easy,real_previous_registration,553,3605,0.0826612240626956,0.03655820369507115,0.9498880683579591,155.627752592298,0.5943823042123225,0,0.28953484138149144,0
real_20260702_150045_table1_cluster018_ransac_icp_voxel005_easy,real_previous_registration,554,1217,0.07141333373539253,0.06606136927876977,0.4703904643908011,281.6721615581002,0.79505138945994,0,0.2425526035532095,0
real_20260702_150045_table1_cluster018_ransac_icp_voxel005_easy,real_previous_registration,555,1577,0.020574638695620276,0.015175869670225127,0.11699401006549584,259.0287496224431,-0.18577550244680766,1,0.23657505759455777,0
real_20260702_150045_table1_cluster018_ransac_icp_voxel005_easy,real_previous_registration,556,329,0.055234749090496145,0.0431166783093519,0.04934585021970117,133.92138495983318,0.9773736044203536,0,0.2774348158239977,0
real_20260702_150045_table1_cluster018_ransac_icp_voxel005_easy,real_previous_registration,557,2960,0.02178561660725307,0.011940182143171642,0.07482267840734788,104.64157351310453,0.05728193925990231,1,0.2455574257517162,0
real_20260702_150045_table1_cluster018_ransac_icp_voxel005_easy,real_previous_registration,558,85,0.08556909491972194,0.08008359599390574,0.9005223516417075,228.04498773695263,-0.3062982716834104,0,0.14272590293880252,0
real_20260702_150045_table1_cluster018_ransac_icp_voxel005_easy,real_previous_registration,559,3597,0.12338587911556574,0.0889159282100378,0.9987319799630757,71.01645855033895,0.02091433344877533,0,0.2249225156871422,0
real_20260702_150045_table1_cluster018_ransac_icp_voxel005_easy,real_previous_registration,560,1974,0.04031318773920695,0.01077170223267329,0.5936445224563935,98.85751409564155,-0.2113089031911889,0,0.22302300517315157,0
real_20260702_150045_table1_cluster018_ransac_icp_voxel005_easy,real_previous_registration,561,1264,0.060996132682884965,0.0011391139534385857,0.39316920218667206,89.24516722178599,0.6344876968684617,0,0.21104173637297968,0
real_20260702_150045_table1_cluster018_ransac_icp_voxel005_easy,real_previous_registration,562,1780,0.07922929604722886,0.07035764139504601,0.3913825503863915,257.23375919885035,0.5127043215918523,0,0.21706706982574525,0
real_20260702_150045_table1_cluster018_ransac_icp_voxel005_easy,real_previous_registration,563,1248,0.026548721726272817,0.019877435784464176,0.2623086106311132,184.00493675362745,0.08760563230793388,1,0.23508612206421478,0
real_20260702_150045_table1_cluster018_ransac_icp_voxel005_easy,real_previous_registration,564,2502,0.08174876769836797,0.039940338355657495,0.8937392257172083,218.67310534007663,0.8522109888269731,0,0.18659119770688345,0
real_20260702_150045_table1_cluster018_ransac_icp_voxel005_easy,real_previous_registration,565,1685,0.023675595012118206,0.019253366082741,0.9641404855134468,261.86319729530373,0.03646232571467281,1,0.2795455742104917,0
real_20260702_150045_table1_cluster018_ransac_icp_voxel005_easy,real_previous_registration,566,847,0.04424036503994006,0.020881510508938127,0.6657812882144104,154.35446341893385,0.004914010834178209,0,0.2862060771827882,0
real_20260702_150045_table1_cluster018_ransac_icp_voxel005_easy,real_previous_registration,567,3437,0.06004027524870842,0.039108907571146274,0.8962367805456214,273.2343891771153,-0.24640016988897523,0,0.27863148038228325,0
real_20260702_150045_table1_cluster018_ransac_icp_voxel005_easy,real_previous_registration,568,2917,0.06524413367820112,0.06206789356772069,0.9396695253516498,97.13548007389149,0.12516300962081475,0,0.16132384861690266,0
real_20260702_150045_table1_cluster018_ransac_icp_voxel005_easy,real_previous_registration,569,3511,0.08889479524362662,0.0622789070656149,0.6137074043414277,145.42891168682806,0.6823117874699903,0,0.29414059838596446,0
real_20260702_150045_table1_cluster018_ransac_icp_voxel005_easy,real_previous_registration,570,221,0.020725923340349436,0.0054127874694212185,0.717067685459795,298.3181874074308,-0.2156284991302095,1,0.2599235028237449,0
real_20260702_150045_table1_cluster018_ransac_icp_voxel005_easy,real_previous_registration,571,3089,0.06232143865238894,0.03652402251900677,0.0017012947024067082,316.52140212118707,-0.06407874418472001,0,0.24429784297907164,0
real_20260702_150045_table1_cluster018_ransac_icp_voxel005_easy,real_previous_registration,572,3131,0.13003167127973472,0.0979732409553137,0.09289130654150085,289.9511659538568,2.931621229945813,0,0.261054167993615,0
real_20260702_150045_table1_cluster018_ransac_icp_voxel005_easy,real_previous_registration,573,19,0.16683634931146182,0.12742188660205062,0.72641867945238,172.06806488649946,0.4399667530141525,0,0.22094578646791962,0
real_20260702_150045_table1_cluster018_ransac_icp_voxel005_easy,real_previous_registration,574,3089,0.07868390027090573,0.07001958643552539,0.0016924525457222561,304.8434895938904,0.2078545397519917,0,0.2297650297162208,0
real_20260702_150045_table1_cluster018_ransac_icp_voxel005_easy,real_previous_registration,575,329,0.04362395666406365,0.03907771828957813,0.9096390111841789,119.37729682198352,1.0619309232910807,0,0.2335855463735698,0
real_20260702_150045_table1_cluster018_ransac_icp_voxel005_easy,real_previous_registration,576,712,0.06166715479674024,0.039357338384903885,0.6514833464142392,106.31957707015474,-0.19761006359493427,1,0.19986377229678035,0
real_20260702_150045_table1_cluster018_ransac_icp_voxel005_easy,real_previous_registration,577,958,0.07189250900224435,0.04158288994627839,0.036523760870889155,260.46151470110584,0.6918685962905708,0,0.24674964932117704,0
real_20260702_150045_table1_cluster018_ransac_icp_voxel005_easy,real_previous_registration,578,827,0.05195477829558232,0.03746420152309186,0.2889156492761906,99.46916635177836,0.8522108488751529,0,0.20627608421914667,0
real_20260702_150045_table1_cluster018_ransac_icp_voxel005_easy,real_previous_registration,579,960,0.035014226255558244,0.02611094994128913,0.03361919344303419,83.90715028813483,-0.18721137135659519,0,0.21895468988852348,0
real_20260702_150045_table1_cluster018_ransac_icp_voxel005_easy,real_previous_registration,580,3126,0.03075237785496688,0.01651808161224019,0.015787269467704382,104.56888041736605,0.25750450127942337,0,0.2502320639868388,0
real_20260702_150045_table1_cluster018_ransac_icp_voxel005_easy,real_previous_registration,581,1645,0.07890624346955925,0.044928258437290404,0.9961076228452466,109.32178940648329,0.698060381871297,0,0.19117466018999932,0
real_20260702_150045_table1_cluster018_ransac_icp_voxel005_easy,real_previous_registration,582,1804,0.0825846877782193,0.07977095036782034,0.9975518314999557,271.3125037586107,-0.2464001872882094,1,0.19774183712994112,0
real_20260702_150045_table1_cluster018_ransac_icp_voxel005_easy,real_previous_registration,583,2470,0.16319060180513462,0.06458269223994983,0.5284008686439715,137.3588970223469,0.5919281440437796,0,0.2136783775936105,0
real_20260702_150045_table1_cluster018_ransac_icp_voxel005_easy,real_previous_registration,584,2401,0.048368076909975896,0.016008485938067685,0.9435757085290619,117.44753035360611,-0.04160595706146605,0,0.23755131234633922,0
real_20260702_150045_table1_cluster018_ransac_icp_voxel005_easy,real_previous_registration,585,986,0.0845771063345132,0.07136379267178025,0.39013964969448295,117.27527204622758,0.8522108488751529,0,0.3058197201045457,0
real_20260702_150045_table1_cluster018_ransac_icp_voxel005_easy,real_previous_registration,586,1121,0.06458695372580518,0.06312156427536422,0.8991965556653866,216.632251046107,0.3638586358958465,0,0.21567231244466428,0
real_20260702_150045_table1_cluster018_ransac_icp_voxel005_easy,real_previous_registration,587,2835,0.027426652765784647,0.02260247821284657,0.905752414586618,247.25654245536253,-0.10919917658049856,1,0.27395027890001394,0
real_20260702_150045_table1_cluster018_ransac_icp_voxel005_easy,real_previous_registration,588,2401,0.004251323008766662,0.00360650760105744,0.9445560538915349,129.5043951587463,-0.04160595706146605,1,0.255607186414174,0
real_20260702_150045_table1_cluster018_ransac_icp_voxel005_easy,real_previous_registration,589,1524,0.03791726186998495,0.011566758790018823,0.0851356378020642,107.07362457749588,0.09452607765888,1,0.25009021842453066,0
real_20260702_150045_table1_cluster018_ransac_icp_voxel005_easy,real_previous_registration,590,1799,0.052352360202664795,0.050894032215538426,0.9760018290245916,127.74242926388466,0.09237322335692288,0,0.2350434043094979,0
real_20260702_150045_table1_cluster018_ransac_icp_voxel005_easy,real_previous_registration,591,3627,0.0944463833816652,0.06380852227829532,0.19610364144685077,213.91252377380405,0.6008965937353711,0,0.17246407161174315,0
real_20260702_150045_table1_cluster018_ransac_icp_voxel005_easy,real_previous_registration,592,3179,0.06833844855713572,0.06434054974577483,0.7253040880552156,144.55358713124437,-0.14631681394418686,0,0.203335077820507,0
real_20260702_150045_table1_cluster018_ransac_icp_voxel005_easy,real_previous_registration,593,2376,0.0442648570665013,0.007960715072282208,0.7047105271121198,300.8557060307975,-0.441708556691937,0,0.2362152802807923,0
real_20260702_150045_table1_cluster018_ransac_icp_voxel005_easy,real_previous_registration,594,3051,0.05767388387296972,0.04831801348382392,0.9858031062214331,110.92459450235589,0.1590644446300811,0,0.21693449158457004,0
real_20260702_150045_table1_cluster018_ransac_icp_voxel005_easy,real_previous_registration,595,2693,0.12085459683245264,0.061635854852320024,0.793588941595532,149.26643783904927,1.6995051046399745,0,0.357306097700892,0
real_20260702_150045_table1_cluster018_ransac_icp_voxel005_easy,real_previous_registration,596,3373,0.047566561915340345,0.039769897941253504,0.9715694154798336,73.8811661222254,0.3067004893360671,0,0.2320667056483396,0
real_20260702_150045_table1_cluster018_ransac_icp_voxel005_easy,real_previous_registration,597,2637,0.11467295489422728,0.1083696624283477,0.5424490132550099,311.2960430694634,1.103523057449291,0,0.31101548038752086,0
real_20260702_150045_table1_cluster018_ransac_icp_voxel005_easy,real_previous_registration,598,3040,0.05894837770086734,0.0498301532162654,0.051272011048997645,149.81512960483008,0.15906450232222807,0,0.2904213900971358,0
real_20260702_150045_table1_cluster018_ransac_icp_voxel005_easy,real_previous_registration,599,939,0.053767671779579106,0.03189902820021821,0.9471777498634254,246.4927431916447,-0.10044639820999943,0,0.22865071179202312,0
real_20260702_150045_table1_cluster018_ransac_icp_voxel005_easy,real_previous_registration,600,1019,0.07855003387232638,0.04133226856088359,0.4886083538601287,196.74767510300794,-0.42872156582837445,1,0.2698657118471544,0
real_20260702_150045_table1_cluster018_ransac_icp_voxel005_easy,real_previous_registration,601,1909,0.08366071297991831,0.07539100298740525,0.9734417306860187,260.85987112907884,0.02091433344877533,1,0.2050000167872299,0
real_20260702_150045_table1_cluster018_ransac_icp_voxel005_easy,real_previous_registration,602,2286,0.05346913207221542,0.01639792200861754,0.2571675552543986,118.73754402721204,0.6008965937353711,0,0.18753808412409642,0
real_20260702_150045_table1_cluster018_ransac_icp_voxel005_easy,real_previous_registration,603,753,0.0763111922733937,0.04140647973960357,0.25338893926710593,68.25121562915176,1.5223671210389425,0,0.3212538074285267,0
real_20260702_150045_table1_cluster018_ransac_icp_voxel005_easy,real_previous_registration,604,2827,0.041719070298219176,0.020105820809068316,0.9160141767807385,214.768300575756,0.4627467021302694,0,0.24346403960592136,0
real_20260702_150045_table1_cluster018_ransac_icp_voxel005_easy,real_previous_registration,605,91,0.046558014711768965,0.011817549393083385,0.9703590846242448,129.64850978089297,0.11254459674377248,0,0.2442063529275247,0
real_20260702_150045_table1_cluster018_ransac_icp_voxel005_easy,real_previous_registration,606,1094,0.0567405386261023,0.0396799205236309,0.6126976894563665,213.8044825478864,0.18805206007452502,1,0.3114589505856348,0
real_20260702_150045_table1_cluster018_ransac_icp_voxel005_easy,real_previous_registration,607,254,0.1114160380383106,0.09388645985751302,0.4609417041281961,213.76338889689376,0.7781025898514247,0,0.1807421884058279,0
real_20260702_150045_table1_cluster018_ransac_icp_voxel005_easy,real_previous_registration,608,235,0.11247939523565637,0.04215476251498054,0.7541506708755367,153.46550729717325,1.8077176356241824,0,0.1994263435078567,0
real_20260702_150045_table1_cluster018_ransac_icp_voxel005_easy,real_previous_registration,609,1996,0.07568107083061199,0.05824374261567826,0.8849832181646267,201.75295180457374,0.5337577179350826,0,0.18590141985647254,0
real_20260702_150045_table1_cluster018_ransac_icp_voxel005_easy,real_previous_registration,610,4,0.0806272873111948,0.07791878307819247,0.9122516609770773,202.3513914933209,0.6555009970931852,0,0.21580666372465399,0
real_20260702_150045_table1_cluster018_ransac_icp_voxel005_easy,real_previous_registration,611,1435,0.06433875487630676,0.053020045945048354,0.3347476162266162,126.53969667833843,1.3828375791983956,0,0.21253306145956072,0
real_20260702_150045_table1_cluster018_ransac_icp_voxel005_easy,real_previous_registration,612,3380,0.07070771425433096,0.015736538915583097,0.5557331132013142,72.97195231765275,1.0753540265058374,0,0.21638765714043334,0
real_20260702_150045_table1_cluster018_ransac_icp_voxel005_easy,real_previous_registration,613,2376,0.041303055159218637,0.0325262691155465,0.7045200506595998,290.5670236328606,-0.23039978795420055,1,0.24485625303598746,0
real_20260702_150045_table1_cluster018_ransac_icp_voxel005_easy,real_previous_registration,614,3288,0.06687604526185184,0.05522879405464377,0.9184527279326161,203.44435392492966,0.4875683971575567,0,0.21584160235966454,0
real_20260702_150045_table1_cluster018_ransac_icp_voxel005_easy,real_previous_registration,615,471,0.07730917253631887,0.047475073959773614,0.45295291242179675,117.07826142657017,0.957570063075766,0,0.18697034288135944,0
real_20260702_150045_table1_cluster018_ransac_icp_voxel005_easy,real_previous_registration,616,1038,0.06802873162648004,0.047831372880727134,0.9153087393182348,109.90251836238731,-0.33877346479250336,0,0.20424079226505407,0
real_20260702_150045_table1_cluster018_ransac_icp_voxel005_easy,real_previous_registration,617,3142,0.020908521482498887,0.0027761183298942835,0.5231281926204487,314.16213681548663,0.5420559984026448,1,0.19915928516765757,0
real_20260702_150045_table1_cluster018_ransac_icp_voxel005_easy,real_previous_registration,618,1203,0.14447476201160606,0.1257447282875482,0.8507996523956033,182.48248836227705,0.4749172767865493,0,0.181719062985051,0
real_20260702_150045_table1_cluster018_ransac_icp_voxel005_easy,real_previous_registration,619,1493,0.08350837877391099,0.07892914166198944,0.7085707157897436,267.0479738548746,-0.005238351250339022,0,0.26690056897220876,0
real_20260702_150045_table1_cluster018_ransac_icp_voxel005_easy,real_previous_registration,620,1308,0.08985116651067616,0.028680896943688177,0.7341668689832642,117.65555023151352,0.7315830855371337,0,0.280901645919811,0
real_20260702_150045_table1_cluster018_ransac_icp_voxel005_easy,real_previous_registration,621,1224,0.04859080176097088,0.006419024971421484,0.8359807540948154,206.70579328330334,0.5745796882886852,0,0.2839758133813458,0
real_20260702_150045_table1_cluster018_ransac_icp_voxel005_easy,real_previous_registration,622,3065,0.09343460655856616,0.04875364233248014,0.37690245242402665,169.08670119840718,1.916916812204681,0,0.2600220913102457,0
real_20260702_150045_table1_cluster018_ransac_icp_voxel005_easy,real_previous_registration,623,3458,0.03493952446707453,0.030797483195964887,0.7794294190018694,97.35963482391482,1.2088851155596227,0,0.2575674101644852,0
real_20260702_150045_table1_cluster018_ransac_icp_voxel005_easy,real_previous_registration,624,753,0.0705696397336959,0.06647530651035839,0.6176895284332473,54.40680768109733,1.5453566239359557,0,0.2955825623204971,0
real_20260702_150045_table1_cluster018_ransac_icp_voxel005_easy,real_previous_registration,625,3131,0.147528239899654,0.07131090732755839,0.09426014896803456,255.788735970869,3.2500744667469394,0,0.3436054769735389,0
real_20260702_150045_table1_cluster018_ransac_icp_voxel005_easy,real_previous_registration,626,2245,0.059183546448390224,0.01359290970478348,0.5755142853646092,87.47015831055835,0.7781030275790695,1,0.2830074199141922,0
real_20260702_150045_table1_cluster018_ransac_icp_voxel005_easy,real_previous_registration,627,3782,0.04293677326378472,0.034644486588192885,0.14557696047618293,126.88627671041718,0.2768473876939049,0,0.22257458701809596,0
real_20260702_150045_table1_cluster018_ransac_icp_voxel005_easy,real_previous_registration,628,960,0.031973939246230945,0.015585984037349784,0.3394522360773635,88.72969726964531,-0.25867026126474285,1,0.22472208940138777,0
real_20260702_150045_table1_cluster018_ransac_icp_voxel005_easy,real_previous_registration,629,988,0.07510149141103561,0.021551674806317218,0.980777350223131,186.27106290705254,0.5543769928078938,0,0.30862444131051325,0
real_20260702_150045_table1_cluster018_ransac_icp_voxel005_easy,real_previous_registration,630,317,0.1326957532986763,0.12100024714804687,0.8329767455699807,276.82279964549184,-0.12861724819259465,0,0.20097415981349767,0
real_20260702_150045_table1_cluster018_ransac_icp_voxel005_easy,real_previous_registration,631,1305,0.04071907596105833,0.02989716612082509,0.6040712937925247,118.44272557418027,0.3908658304267346,0,0.2102555171960718,0
real_20260702_150045_table1_cluster018_ransac_icp_voxel005_easy,real_previous_registration,632,317,0.10842712162970346,0.09077871184984111,0.8323652586029304,282.52223345340155,-0.16635753486494562,1,0.20577795704803664,0
real_20260702_150045_table1_cluster018_ransac_icp_voxel005_easy,real_previous_registration,633,1593,0.056873150101471474,0.034388145701679536,0.06813892142509431,243.67340984051697,0.8129897066544834,0,0.20890768782107427,0
real_20260702_150045_table1_cluster018_ransac_icp_voxel005_easy,real_previous_registration,634,3369,0.06479941730938092,0.06328017147447393,0.8491781950378505,179.37836985150366,-0.5340820414861919,0,0.27815054220044877,0
real_20260702_150045_table1_cluster018_ransac_icp_voxel005_easy,real_previous_registration,635,2477,0.04685002512309107,0.019040677680306716,0.12729576179059107,150.1546265601279,0.19828516316788672,0,0.24893816103300664,0
real_20260702_150045_table1_cluster018_ransac_icp_voxel005_easy,real_previous_registration,636,441,0.05147525139874469,0.043234279497559744,0.6136656063907675,117.95340760039302,0.004914008850055378,0,0.2312859227540318,0
real_20260702_150045_table1_cluster018_ransac_icp_voxel005_easy,real_previous_registration,637,1580,0.04418500649343692,0.008660489472569737,0.4209857834099986,101.0402842249024,0.36266331625493825,0,0.22859300636022356,0
real_20260702_150045_table1_cluster018_ransac_icp_voxel005_easy,real_previous_registration,638,2105,0.03238068555581952,0.02229302150121626,0.8634616778168633,225.84597107920726,0.5537184202946278,0,0.26503429116762883,0
real_20260702_150045_table1_cluster018_ransac_icp_voxel005_easy,real_previous_registration,639,2105,0.010568651015226745,0.008228497560918287,0.8641072822154123,224.45444291853858,0.5752246121020936,1,0.25519096259364815,0
real_20260702_150045_table1_cluster018_ransac_icp_voxel005_easy,real_previous_registration,640,298,0.024669600627131166,0.020725580430236534,0.6617470933527618,124.35527599436965,-0.05715835828444704,1,0.19891575522451171,0
real_20260702_150045_table1_cluster018_ransac_icp_voxel005_easy,real_previous_registration,641,471,0.036823781709717195,0.000916975339971501,0.425792422491769,107.1901069593745,1.2576742796006524,1,0.21974228671743587,0
real_20260702_150045_table1_cluster018_ransac_icp_voxel005_easy,real_previous_registration,642,924,0.04922511597842487,0.030854108322718263,0.7809685831859393,118.46868696666901,-0.23683078773718105,0,0.19994702418364596,0
real_20260702_150045_table1_cluster018_ransac_icp_voxel005_easy,real_previous_registration,643,1297,0.06886693696504656,0.03952850718410475,0.5046504483371427,282.91646956734354,0.9128339528959967,1,0.28281726257973394,0
real_20260702_150045_table1_cluster018_ransac_icp_voxel005_easy,real_previous_registration,644,2917,0.06589182102044758,0.047858371636232674,0.844157399140573,76.02667099413776,0.19185431960342028,0,0.2224206350026975,0
real_20260702_150045_table1_cluster018_ransac_icp_voxel005_easy,real_previous_registration,645,879,0.03200756564958956,0.016567408635237035,0.9023632293010274,228.37477247339288,0.4591686611549677,1,0.2325196220563365,0
real_20260702_150045_table1_cluster018_ransac_icp_voxel005_easy,real_previous_registration,646,2888,0.0179534037588488,0.006351511474218015,0.10011010264435533,169.38994783864695,0.09007172552379418,1,0.23090031222498333,0
real_20260702_150045_table1_cluster018_ransac_icp_voxel005_easy,real_previous_registration,647,2929,0.07089555237916828,0.06459799035176679,0.8900308947476507,194.41980536144425,0.3716258588980045,1,0.2355022533359313,0
real_20260702_150045_table1_cluster018_ransac_icp_voxel005_easy,real_previous_registration,648,3108,0.023822639839273338,0.003314416817710424,0.42379479981901313,116.6176504061011,-0.17740740729775054,0,0.23196355167764848,0
real_20260702_150045_table1_cluster018_ransac_icp_voxel005_easy,real_previous_registration,649,3038,0.11516448109490114,0.08247006302971377,0.9841958435685783,279.5101866424937,0.2078545397519917,0,0.21917052408320473,0
real_20260702_150045_table1_cluster018_ransac_icp_voxel005_easy,real_previous_registration,650,1022,0.0654781987056584,0.06486143894297242,0.9678543228291021,225.86690462198084,-0.37373950091174296,1,0.263174773746847,0
real_20260702_150045_table1_cluster018_ransac_icp_voxel005_easy,real_previous_registration,651,522,0.02934704115788782,0.026599576303806896,0.5714614587382347,260.7431026261895,-0.15938885845874348,0,0.29050830001211964,0
real_20260702_150045_table1_cluster018_ransac_icp_voxel005_easy,real_previous_registration,652,3131,0.08076591681484062,0.05229919971562494,0.09316462338847711,283.1938356042839,2.992245745144788,0,0.28406681077875207,0
real_20260702_150045_table1_cluster018_ransac_icp_voxel005_easy,real_previous_registration,653,3656,0.11347029223882113,0.10176440348265668,0.9683620551165166,196.80659591749762,-0.005238351250339022,0,0.2230141313343052,0
real_20260702_150045_table1_cluster018_ransac_icp_voxel005_easy,real_previous_registration,654,3265,0.16418261036301135,0.14134159186829337,0.7762605516883135,76.05738916247545,0.6158222743195185,0,0.17268799597128812,0
real_20260702_150045_table1_cluster018_ransac_icp_voxel005_easy,real_previous_registration,655,2813,0.057884643397930736,0.0176020057632707,0.47227242997605856,82.6494400910955,0.19185431960342028,0,0.26969158356735834,0
real_20260702_150045_table1_cluster018_ransac_icp_voxel005_easy,real_previous_registration,656,1307,0.02777823402797251,0.025552505343937985,0.8369055212783293,103.45216922162078,-0.023256839942066225,1,0.1997531356486398,0
real_20260702_150045_table1_cluster018_ransac_icp_voxel005_easy,real_previous_registration,657,254,0.09283233799879205,0.005630207489210901,0.323881449099008,128.46994865668626,0.9212032847743041,0,0.21745688497678542,0
real_20260702_150045_table1_cluster018_ransac_icp_voxel005_easy,real_previous_registration,658,3610,0.037052089544241745,0.021980099497858077,0.36418443178185067,233.74764461591266,-0.10044639820999943,1,0.21059769000328624,0
real_20260702_150045_table1_cluster018_ransac_icp_voxel005_easy,real_previous_registration,659,2279,0.04565459219894513,0.042132840150444544,0.40466930287585634,210.88475424833598,0.0849566235749818,0,0.29814913760088974,0
real_20260702_150045_table1_cluster018_ransac_icp_voxel005_easy,real_previous_registration,660,2470,0.1015436913672192,0.0792183366412985,0.9769648241088278,152.13033941098436,0.19988643248360638,0,0.18135290129202492,0
real_20260702_150045_table1_cluster018_ransac_icp_voxel005_easy,real_previous_registration,661,1049,0.022828908336213795,0.01443844446073775,0.4398287787873296,220.62953814206617,0.932252864917843,1,0.2644016558870206,0
real_20260702_150045_table1_cluster018_ransac_icp_voxel005_easy,real_previous_registration,662,3768,0.0490781793496988,0.013249332519638765,0.1275179405307229,225.75681494944212,0.4775176189314292,1,0.2342381717689533,0
real_20260702_150045_table1_cluster018_ransac_icp_voxel005_easy,real_previous_registration,663,1755,0.01874741378081886,0.008583477462014197,0.6915199606617514,281.27168479557866,-0.5059109692818478,1,0.24357550154753846,0
real_20260702_150045_table1_cluster018_ransac_icp_voxel005_easy,real_previous_registration,664,3051,0.06732902273578027,0.06095081510075094,0.9607878903477385,146.24771127555772,0.25437449261640654,0,0.1689608695084943,0
real_20260702_150045_table1_cluster018_ransac_icp_voxel005_easy,real_previous_registration,665,752,0.10037758927966833,0.0686409195535917,0.35142860843854906,163.26755675809525,2.068599773623748,0,0.28083897626094034,0
real_20260702_150045_table1_cluster018_ransac_icp_voxel005_easy,real_previous_registration,666,880,0.17586317077778624,0.17396466304660202,0.38642811161097884,165.990775485142,0.032312963250538215,0,0.1380646954058737,0
real_20260702_150045_table1_cluster018_ransac_icp_voxel005_easy,real_previous_registration,667,2015,0.09578667880749354,0.09436389421999154,0.510165991787848,126.25696011043918,1.0414520414983415,0,0.18317867907287044,0
real_20260702_150045_table1_cluster018_ransac_icp_voxel005_easy,real_previous_registration,668,2572,0.10629288953390345,0.10252919659444064,0.9951929796834327,66.47746121302471,-0.11122552984716626,1,0.2331609812688411,0
real_20260702_150045_table1_cluster018_ransac_icp_voxel005_easy,real_previous_registration,669,1225,0.04191541284488241,0.030272328409539365,0.7561235920330122,264.28076977247895,-0.2086598832166244,0,0.24726802133262885,0
real_20260702_150045_table1_cluster018_ransac_icp_voxel005_easy,real_previous_registration,670,3065,0.09536117831299398,0.045618039319772236,0.3624261764170687,203.5444116599813,1.8077176356241824,0,0.2302456674281263,0
real_20260702_150045_table1_cluster018_ransac_icp_voxel005_easy,real_previous_registration,671,3458,0.05642407987426403,0.01757546679053448,0.6971919902804014,76.13035568811291,1.1035246804572905,0,0.30618497431040254,0
real_20260702_150045_table1_cluster018_ransac_icp_voxel005_easy,real_previous_registration,672,904,0.04621234968449911,0.03869827332334949,0.17791147278608802,126.66586363913197,-0.2803017207099284,0,0.18800358033515713,0
real_20260702_150045_table1_cluster018_ransac_icp_voxel005_easy,real_previous_registration,673,1546,0.0742409775044598,0.035326966084875816,0.05645991673768591,159.62812594197757,2.104967379434875,0,0.30000746567867137,0
real_20260702_150045_table1_cluster018_ransac_icp_voxel005_easy,real_previous_registration,674,2300,0.020223089802928307,0.008923954693689477,0.9276395141302565,93.89585972584774,0.9212037720745124,1,0.26655626482225736,0
real_20260702_150045_table1_cluster018_ransac_icp_voxel005_easy,real_previous_registration,675,2470,0.09829684002941791,0.08392400103989864,0.9850875147010767,133.85705740637752,0.3483062776020523,0,0.15686909008616526,0
real_20260702_150045_table1_cluster018_ransac_icp_voxel005_easy,real_previous_registration,676,580,0.05781919355846929,0.0298941561845144,0.20271760765441155,96.4666252854342,0.41037857793778226,1,0.17813442918791,0
real_20260702_150045_table1_cluster018_ransac_icp_voxel005_easy,real_previous_registration,677,3511,0.09877693778077656,0.08256516394993166,0.7261672483622168,101.67446301327352,0.969993591403505,0,0.3294464510046051,0
real_20260702_150045_table1_cluster018_ransac_icp_voxel005_easy,real_previous_registration,678,2349,0.020624429398393228,0.0013879089638242268,0.19216754183404497,100.20805913529269,-0.371563256432728,1,0.2236246115535143,0
real_20260702_150045_table1_cluster018_ransac_icp_voxel005_easy,real_previous_registration,679,3070,0.0339790070309205,0.013105270166235482,0.9061216484466915,311.9393051376614,0.19415580015548037,0,0.21533820892043007,0
real_20260702_150045_table1_cluster018_ransac_icp_voxel005_easy,real_previous_registration,680,3673,0.03877684903533567,0.02073481654934285,0.2928947677084522,174.32499322669867,-0.25867026126474285,0,0.2520190718629878,0
real_20260702_150045_table1_cluster018_ransac_icp_voxel005_easy,real_previous_registration,681,3051,0.0743330148675298,0.037043013682785314,0.9924914469903461,119.20644232991056,0.3822077059446692,0,0.23031119891576998,0
real_20260702_150045_table1_cluster018_ransac_icp_voxel005_easy,real_previous_registration,682,2446,0.11974158321273921,0.1108889033314915,0.8631617197985911,179.39240102954506,0.6698897650628186,0,0.221836363628465,0
real_20260702_150045_table1_cluster018_ransac_icp_voxel005_easy,real_previous_registration,683,2693,0.1364540315184596,0.04306421768204509,0.7991055501290785,176.30889326891528,1.6631374988288474,0,0.3849562815455463,0
real_20260702_150045_table1_cluster018_ransac_icp_voxel005_easy,real_previous_registration,684,2286,0.0698675150543229,0.055218249572963375,0.23642614141880336,116.96274733627708,0.6359878778323916,0,0.22532958593056426,0
real_20260702_150045_table1_cluster018_ransac_icp_voxel005_easy,real_previous_registration,685,517,0.1039571579589663,0.08117128001367875,0.9930405111930839,246.9280083144522,-0.2464001872882094,0,0.27507670977442045,0
real_20260702_150045_table1_cluster018_ransac_icp_voxel005_easy,real_previous_registration,686,3226,0.0417070983266669,0.038299045080072674,0.9299923245636166,102.21789979346522,0.22360306437847263,0,0.23850092644774662,0
real_20260702_150045_table1_cluster018_ransac_icp_voxel005_easy,real_previous_registration,687,2572,0.12105917410703068,0.10907511872493884,0.9785511220274501,62.29383959158219,0.07682653022735875,0,0.25882550169856494,0
real_20260702_150045_table1_cluster018_ransac_icp_voxel005_easy,real_previous_registration,688,1645,0.08373127291050005,0.07371340880744337,0.9133429061128088,117.44246607104905,0.6698895279204548,0,0.23312504515664204,0
real_20260702_150045_table1_cluster018_ransac_icp_voxel005_easy,real_previous_registration,689,332,0.03966935915775067,0.001634583490386721,0.791120103251301,294.58521993554007,0.8158428765237756,1,0.25330589513619106,0
real_20260702_150045_table1_cluster018_ransac_icp_voxel005_easy,real_previous_registration,690,2243,0.09097266233507842,0.08267270355562033,0.98938985322027,283.1852736252,-0.2699306658722835,0,0.22634297497156464,0
real_20260702_150045_table1_cluster018_ransac_icp_voxel005_easy,real_previous_registration,691,2969,0.038679341048558434,0.003232835236144518,0.13619725042442146,131.41032891403333,0.6185963705000677,0,0.256628753668384,0
real_20260702_150045_table1_cluster018_ransac_icp_voxel005_easy,real_previous_registration,692,279,0.040128849496792,0.025641426374702563,0.9912837144946122,74.39338124404658,-0.22659761324125355,1,0.2153476087251005,0
real_20260702_150045_table1_cluster018_ransac_icp_voxel005_easy,real_previous_registration,693,3148,0.027437310075615676,0.026077227853766476,0.4687539976589664,61.61883795193231,0.5118855453444537,1,0.23615366396721005,0
real_20260702_150045_table1_cluster018_ransac_icp_voxel005_easy,real_previous_registration,694,254,0.09524787647077029,0.01524746181248669,0.2911416761386401,123.13768931550713,0.8522104823349026,0,0.18605315845540246,0
real_20260702_150045_table1_cluster018_ransac_icp_voxel005_easy,real_previous_registration,695,1018,0.08811396354233937,0.08067385619424619,0.762017066281014,252.54653486961598,-0.2464001872882094,1,0.21876459265021705,0
real_20260702_150045_table1_cluster018_ransac_icp_voxel005_easy,real_previous_registration,696,3776,0.05717626005962349,0.014266633437674436,0.73200437902227,102.65347513475243,0.0159638330403164,0,0.16307302061444515,0
real_20260702_150045_table1_cluster018_ransac_icp_voxel005_easy,real_previous_registration,697,641,0.057853150437992495,0.018652261765392607,0.8627493887430728,84.77312415323692,0.5385537718007419,0,0.2470061921884916,0
real_20260702_150045_table1_cluster018_ransac_icp_voxel005_easy,real_previous_registration,698,3386,0.036771968905402526,0.010724123619250913,0.16985600695690167,125.80384967793168,0.0,0,0.2731629353855826,0
real_20260702_150045_table1_cluster018_ransac_icp_voxel005_easy,real_previous_registration,699,235,0.08887077276789418,0.0009584676343474541,0.8405640532147072,160.76205026506676,1.7276750208992557,0,0.24478684319534327,0
real_20260702_150045_table1_cluster018_ransac_icp_voxel005_easy,real_previous_registration,700,827,0.11203367145559867,0.07096394797998566,0.9948547827938629,116.15469397855645,0.7699728160516627,0,0.29103563391156145,0
real_20260702_150045_table1_cluster018_ransac_icp_voxel005_easy,real_previous_registration,701,1351,0.0443173670208325,0.030091445088713913,0.14326866263822913,86.68876068512041,0.15906455949466747,0,0.2881927722611787,0
real_20260702_150045_table1_cluster018_ransac_icp_voxel005_easy,real_previous_registration,702,2863,0.10317884493303014,0.09119437150762115,0.9444799145574431,279.23432251403517,-0.10044639820999943,1,0.18645862547579736,0
real_20260702_150045_table1_cluster018_ransac_icp_voxel005_easy,real_previous_registration,703,2665,0.06348192997797934,0.05439974574931971,0.8859637314611036,148.05793244312918,1.3630358122913573,0,0.3143511108957273,0
real_20260702_150045_table1_cluster018_ransac_icp_voxel005_easy,real_previous_registration,704,3040,0.04209579096346112,0.012744030722549683,0.05893783515225404,124.54104713928585,0.2682636789027266,0,0.2694655553898529,0
real_20260702_150045_table1_cluster018_ransac_icp_voxel005_easy,real_previous_registration,705,1667,0.04103375872561921,0.009555830344019803,0.12196847277456258,209.6448605143814,-0.01083433059164844,0,0.17852579203388574,0
real_20260702_150045_table1_cluster018_ransac_icp_voxel005_easy,real_previous_registration,706,1049,0.052904121839500565,0.05237245330568052,0.44108192188980155,213.76380264753945,0.932252864917843,0,0.29797278377796305,0
real_20260702_150045_table1_cluster018_ransac_icp_voxel005_easy,real_previous_registration,707,2159,0.0745935860772249,0.06164697825991344,0.11277927213956404,261.399292379656,-0.3608103653937684,0,0.21319158936425447,0
real_20260702_150045_table1_cluster018_ransac_icp_voxel005_easy,real_previous_registration,708,3042,0.12356272827593145,0.12135488287919431,0.9358934962233463,65.63837357683772,0.019302738124104282,0,0.22983074877582668,0
real_20260702_150045_table1_cluster018_ransac_icp_voxel005_easy,real_previous_registration,709,1308,0.06274580985496277,0.004226794286830855,0.4341366183584581,127.76156845108,0.469219044146375,0,0.23541792802380984,0
real_20260702_150045_table1_cluster018_ransac_icp_voxel005_easy,real_previous_registration,710,580,0.08311629412729356,0.06894934133659532,0.14368762712248767,103.05048971290651,0.4467461837489093,0,0.1457282785666178,0
real_20260702_150045_table1_cluster018_ransac_icp_voxel005_easy,real_previous_registration,711,341,0.03971874730748343,0.01616789488448336,0.09279781144792214,164.87728258438472,0.19415580015548037,1,0.27393833209331314,0
real_20260702_150045_table1_cluster018_ransac_icp_voxel005_easy,real_previous_registration,712,3719,0.05526604323823991,0.016348992351057055,0.33244742965010565,105.31591946112256,-0.023256839942066225,0,0.21711860802685026,0
real_20260702_150045_table1_cluster018_ransac_icp_voxel005_easy,real_previous_registration,713,821,0.03746286640782952,0.02444064934489725,0.7350436391617443,321.8060796876576,0.51046186606899,0,0.2586501407953445,0
real_20260702_150045_table1_cluster018_ransac_icp_voxel005_easy,real_previous_registration,714,1108,0.10502187296208991,0.10404363429042057,0.9996723887102053,246.5669467328282,-0.2929201661265946,1,0.18978301344967183,0
real_20260702_150045_table1_cluster018_ransac_icp_voxel005_easy,real_previous_registration,715,988,0.058793982632305314,0.057484698862947575,0.9820367771775909,163.1700662439313,0.5543769928078938,0,0.2404800473873116,0
real_20260702_150045_table1_cluster018_ransac_icp_voxel005_easy,real_previous_registration,716,2753,0.051744123370118675,0.006873056891949078,0.8860348575137958,147.29297729839428,1.5061363072149332,0,0.2656761662022848,0
real_20260702_150045_table1_cluster018_ransac_icp_voxel005_easy,real_previous_registration,717,2188,0.14844769560656584,0.09972885262590897,0.7907174055941487,84.46927599643902,0.44674631337823295,0,0.20655031362684967,0
real_20260702_150045_table1_cluster018_ransac_icp_voxel005_easy,real_previous_registration,718,3265,0.20128402184373306,0.1972498736105917,0.9187103230413969,86.01243791955207,0.3926789646717127,0,0.15500320551712077,0
real_20260702_150045_table1_cluster018_ransac_icp_voxel005_easy,real_previous_registration,719,92,0.06224065217796803,0.046792434168595576,0.9773049877028239,193.21980447774789,0.220939954943613,0,0.2680667873369584,0
real_20260702_150045_table1_cluster018_ransac_icp_voxel005_easy,real_previous_registration,720,1804,0.08613976336651068,0.08233216774356733,0.9975200730140015,269.66281758423776,-0.3205080797716874,0,0.21854847265630017,0
real_20260702_150045_table1_cluster018_ransac_icp_voxel005_easy,real_previous_registration,721,938,0.07630615450036494,0.05281338567661789,0.36638060422308827,95.69759857322963,0.4467461837489093,0,0.1787104708922811,0
real_20260702_150045_table1_cluster018_ransac_icp_voxel005_easy,real_previous_registration,722,3120,0.10690765612693241,0.09619654376246829,0.9991942299372036,259.21468076731213,-0.3895008972904269,0,0.15320572891053522,0
real_20260702_150045_table1_cluster018_ransac_icp_voxel005_easy,real_previous_registration,723,3605,0.05702905845602967,0.025811035120681593,0.9574270757532062,147.90826173003737,0.6515406864618747,0,0.27248152418559507,0
real_20260702_150045_table1_cluster018_ransac_icp_voxel005_easy,real_previous_registration,724,2237,0.11903046262078162,0.11553493160126493,0.9843463139510688,154.06285246804757,-0.41147978758409387,0,0.16190509127465547,0
real_20260702_150045_table1_cluster018_ransac_icp_voxel005_easy,real_previous_registration,725,3780,0.16691842697949108,0.13540594641192147,0.11362670970462924,116.51931674073612,1.685115459016627,0,0.2764966776526197,0
real_20260702_150045_table1_cluster018_ransac_icp_voxel005_easy,real_previous_registration,726,116,0.03817796310325505,0.012418831946666268,0.17766000680352678,67.84789269244098,0.18805206007452502,1,0.26063519398748797,0
real_20260702_150045_table1_cluster018_ransac_icp_voxel005_easy,real_previous_registration,727,2866,0.0239445009000914,0.0218494965943089,0.9186523133898504,236.6812703933324,-0.04857461726399929,1,0.2487172547482921,0
real_20260702_150045_table1_cluster018_ransac_icp_voxel005_easy,real_previous_registration,728,1598,0.04952144382169223,0.037984982047361254,0.4941868317681239,112.26969501167198,0.2117082527860798,0,0.21947979808317777,0
real_20260702_150045_table1_cluster018_ransac_icp_voxel005_easy,real_previous_registration,729,1750,0.03127699490457617,0.007769441642792356,0.7044027680201287,69.07669703785776,1.1241441561514842,1,0.28394278365549885,0
real_20260702_150045_table1_cluster018_ransac_icp_voxel005_easy,real_previous_registration,730,3142,0.08536412125307015,0.07419274268246677,0.5207292891666533,314.72615495256537,0.5420559984026448,0,0.2727710159040649,0
real_20260702_150045_table1_cluster018_ransac_icp_voxel005_easy,real_previous_registration,731,3780,0.10761613071938353,0.04978948283570128,0.4610677862080116,175.76430553139357,1.5941438008935573,0,0.29729601444413567,0
real_20260702_150045_table1_cluster018_ransac_icp_voxel005_easy,real_previous_registration,732,1262,0.058779458233937126,0.010695409521914433,0.11910415197083789,119.87502527940808,0.5237072537737523,0,0.28515032430246345,0
real_20260702_150045_table1_cluster018_ransac_icp_voxel005_easy,real_previous_registration,733,2441,0.1528653450590407,0.147488047580476,0.6514966995179845,219.53835671585398,0.4875683971575567,0,0.23002296274764106,0
real_20260702_150045_table1_cluster018_ransac_icp_voxel005_easy,real_previous_registration,734,1070,0.11455137140044055,0.09475235088172577,0.6965510818938688,118.51406008304734,-0.5340819404762827,0,0.13528509992055004,0
real_20260702_150045_table1_cluster018_ransac_icp_voxel005_easy,real_previous_registration,735,3580,0.1171454415657447,0.08099647723935786,0.9640685320080722,292.8431958687369,0.23317239480570598,0,0.20125420699625296,0
real_20260702_150045_table1_cluster018_ransac_icp_voxel005_easy,real_previous_registration,736,3070,0.08649138041691778,0.03890722048462837,0.9063113587929845,309.25516993901135,0.15906451605845984,0,0.1663899778645066,0
real_20260702_150045_table1_cluster018_ransac_icp_voxel005_easy,real_previous_registration,737,815,0.10694012823464734,0.10687780312413472,0.9977570244315991,223.87215170655048,-0.4405560588721294,1,0.19145802779767213,0
real_20260702_150045_table1_cluster018_ransac_icp_voxel005_easy,real_previous_registration,738,3563,0.05350824620473381,0.049238025929188065,0.7381772568626402,152.42098255350018,0.02091433344877533,0,0.23394339334705683,0
real_20260702_150045_table1_cluster018_ransac_icp_voxel005_easy,real_previous_registration,739,3380,0.08693999252222634,0.07987737228929748,0.45862898223834536,101.96173888982446,0.969993591403505,0,0.2521929465642676,0
real_20260702_150045_table1_cluster018_ransac_icp_voxel005_easy,real_previous_registration,740,1645,0.05811297037600613,0.0010007746942442535,0.07171816274954629,119.16573203063693,0.8034208169736294,1,0.21374679451624642,0
real_20260702_150045_table1_cluster018_ransac_icp_voxel005_easy,real_previous_registration,741,3017,0.06745301396649739,0.06597557099847175,0.9044336584702188,68.8623435341832,0.058981189706826476,0,0.22443965589270023,0
real_20260702_150045_table1_cluster018_ransac_icp_voxel005_easy,real_previous_registration,742,235,0.0170446807214654,0.00029625629454025585,0.7553987117638069,134.4006684114831,1.3222105169568454,1,0.23096147884846296,0
real_20260702_150045_table1_cluster018_ransac_icp_voxel005_easy,real_previous_registration,743,2863,0.11170397938167531,0.11100230483408198,0.9444519987762766,271.0046710370681,-0.06407879239887242,0,0.1734127271863982,0
real_20260702_150045_table1_cluster018_ransac_icp_voxel005_easy,real_previous_registration,744,3070,0.041169283781653895,0.018481358644709046,0.9062917869426251,303.4618205722127,0.12269691024733272,0,0.2308211012531826,0
real_20260702_150045_table1_cluster018_ransac_icp_voxel005_easy,real_previous_registration,745,2587,0.06122349328160752,0.060741438808653805,0.9236416074593956,212.5836225760291,0.45631573897725164,0,0.2170547166141437,0
real_20260702_150045_table1_cluster018_ransac_icp_voxel005_easy,real_previous_registration,746,1780,0.02993078065907576,0.013807544797904943,0.4031011856117639,274.6289440394319,0.2734747992884086,1,0.2540762508363414,0
real_20260702_150045_table1_cluster018_ransac_icp_voxel005_easy,real_previous_registration,747,2310,0.09729979485532098,0.02933003555426782,0.45990916533628123,120.56620478186505,1.6631352025518997,0,0.2541519717232179,0
real_20260702_150045_table1_cluster018_ransac_icp_voxel005_easy,real_previous_registration,748,991,0.05369712469684307,0.05119763735552802,0.9210264153088732,159.8993217102557,0.13437197777110427,1,0.22742703822868865,0
real_20260702_150045_table1_cluster018_ransac_icp_voxel005_easy,real_previous_registration,749,858,0.12016512955838575,0.11562917643876969,0.9872729875112988,196.0140767492108,-0.3062982716834104,0,0.15638442257586901,0
real_20260702_150045_table1_cluster018_ransac_icp_voxel005_easy,real_previous_registration,750,3287,0.030231732943618878,0.0024577416946446806,0.09037837153783304,98.19003170121792,-0.5679836042729454,1,0.21227502507216067,0
real_20260702_150045_table1_cluster018_ransac_icp_voxel005_easy,real_previous_registration,751,1783,0.09995187801489702,0.06476787159573033,0.7725988963320778,268.851081807039,0.11461277198002577,0,0.354939930504692,0
real_20260702_150045_table1_cluster018_ransac_icp_voxel005_easy,real_previous_registration,752,3382,0.047711049891058004,0.013762199942668474,0.9530486412915667,253.31543765030926,-0.16943912123161062,0,0.2895675468302034,0
real_20260702_150045_table1_cluster018_ransac_icp_voxel005_easy,real_previous_registration,753,3458,0.07294458234540041,0.032725892096584885,0.805604644024273,100.0612753679001,1.4518311377975643,0,0.29793435986483924,0
real_20260702_150045_table1_cluster018_ransac_icp_voxel005_easy,real_previous_registration,754,2050,0.07171968344726554,0.0608279311139448,0.6623152805228013,268.13386350527605,-0.04160595706146605,0,0.2709426431691892,0
real_20260702_150045_table1_cluster018_ransac_icp_voxel005_easy,real_previous_registration,755,1762,0.0364238402194431,0.006187526130936944,0.2937430490808729,108.86101187158218,0.029011542668771883,0,0.2632579148147147,0
real_20260702_150045_table1_cluster018_ransac_icp_voxel005_easy,real_previous_registration,756,557,0.13084136467188676,0.09286779317440798,0.9952724596782366,154.18192273595113,-0.023256835497631197,0,0.22553028669584527,0
real_20260702_150045_table1_cluster018_ransac_icp_voxel005_easy,real_previous_registration,757,1619,0.062132289066016914,0.015278499673721161,0.8427798594864034,178.10488856821368,-0.24640016988897523,0,0.21607589436468283,0
real_20260702_150045_table1_cluster018_ransac_icp_voxel005_easy,real_previous_registration,758,1121,0.07635404480442468,0.057398292396990826,0.8990372478040609,256.62155499436864,0.4002262417069735,0,0.1563848032655361,0
real_20260702_150045_table1_cluster018_ransac_icp_voxel005_easy,real_previous_registration,759,1179,0.013963886969109128,0.008157731886723061,0.09173805718244941,199.21263537815895,-0.10919917658049856,1,0.2626028512740659,0
real_20260702_150045_table1_cluster018_ransac_icp_voxel005_easy,real_previous_registration,760,45,0.026945109116030545,0.00507699798224072,0.6788164189925021,189.49402120513298,-0.02814682378559522,0,0.25996439226477613,0
real_20260702_150045_table1_cluster018_ransac_icp_voxel005_easy,real_previous_registration,761,2380,0.017228844122470017,0.0017221104430138598,0.7050865347930595,184.86078184065735,0.4692192370752641,1,0.28067601805821996,0
real_20260702_150045_table1_cluster018_ransac_icp_voxel005_easy,real_previous_registration,762,152,0.046701333934927265,0.04354565093743729,0.09509380035103812,132.31759868748463,-0.4073303182581832,0,0.2735301100417712,0
real_20260702_150045_table1_cluster018_ransac_icp_voxel005_easy,real_previous_registration,763,1100,0.05753587961441931,0.04270441278540055,0.7604785219513703,140.10495252257206,0.6080143983659856,0,0.29019845512595177,0
real_20260702_150045_table1_cluster018_ransac_icp_voxel005_easy,real_previous_registration,764,710,0.032822491252393636,0.0247935225697362,0.6720125516146092,75.77932348118506,0.8096514745397574,1,0.24634934896621563,0
real_20260702_150045_table1_cluster018_ransac_icp_voxel005_easy,real_previous_registration,765,2806,0.027677862012051677,0.025964567752061293,0.14430059923671357,157.4074650835139,-0.07145888990814764,1,0.21215956043034004,0
real_20260702_150045_table1_cluster018_ransac_icp_voxel005_easy,real_previous_registration,766,817,0.09633809526647744,0.08935135281186332,0.7012452423685608,257.2767907675454,0.3532199863830632,0,0.2303863086243111,0
real_20260702_150045_table1_cluster018_ransac_icp_voxel005_easy,real_previous_registration,767,3089,0.04986209472978812,0.012688128747237348,0.002759162964410977,316.5238080270284,-0.003454228985744796,0,0.17312849255263885,0
real_20260702_150045_table1_cluster018_ransac_icp_voxel005_easy,real_previous_registration,768,1909,0.09252616386864532,0.08817909847172377,0.9738452796207329,259.40600853354624,-0.016825953223575534,0,0.1886950179381935,0
real_20260702_150045_table1_cluster018_ransac_icp_voxel005_easy,real_previous_registration,769,19,0.14858357406473102,0.10911811792307281,0.7094062107644525,171.91280852263128,0.5911976396733168,0,0.2325226325482802,0
real_20260702_150045_table1_cluster018_ransac_icp_voxel005_easy,real_previous_registration,770,3265,0.18148892119635643,0.12772009706623466,0.7336882565482046,137.34455506097729,1.0647721447223084,0,0.2705004975600718,0
real_20260702_150045_table1_cluster018_ransac_icp_voxel005_easy,real_previous_registration,771,974,0.08925775962241861,0.06867863268458446,0.900106345582455,173.74034423695113,0.4591686611549677,0,0.15453262460615513,0
real_20260702_150045_table1_cluster018_ransac_icp_voxel005_easy,real_previous_registration,772,867,0.0238677446717679,0.02191119306717791,0.29767417934709206,281.8509187541291,0.28042528343144785,0,0.24299977859331345,0
real_20260702_150045_table1_cluster018_ransac_icp_voxel005_easy,real_previous_registration,773,3314,0.06800853199402591,0.046555488765825846,0.8499390045958446,251.6875342682366,0.44674631337823295,0,0.19522941336286506,0
real_20260702_150045_table1_cluster018_ransac_icp_voxel005_easy,real_previous_registration,774,806,0.03365997858600768,0.03262793650426845,0.6591288042466718,112.67666295868263,-0.23624785710427654,0,0.2699884769367922,0
real_20260702_150045_table1_cluster018_ransac_icp_voxel005_easy,real_previous_registration,775,471,0.08901308637902379,0.07446377743450565,0.39205612180519933,103.23563563603444,1.2199339929283015,0,0.286445545751167,0
real_20260702_150045_table1_cluster018_ransac_icp_voxel005_easy,real_previous_registration,776,1121,0.1108945144227006,0.06727596991247432,0.8989626175545441,257.1550619607661,0.3638586358958465,0,0.12571109991740886,0
real_20260702_150045_table1_cluster018_ransac_icp_voxel005_easy,real_previous_registration,777,7,0.09994437199500696,0.08228076693174843,0.5057523733421448,271.7319397151482,2.0198128226578693,0,0.3069155164513567,0
real_20260702_150045_table1_cluster018_ransac_icp_voxel005_easy,real_previous_registration,778,1192,0.04160188465325688,0.036322930910304994,0.025520869010219494,88.57068724773059,0.5118855453444537,0,0.22849537708435713,0
real_20260702_150045_table1_cluster018_ransac_icp_voxel005_easy,real_previous_registration,779,1780,0.0882747047439877,0.042596789673094736,0.4095811645274788,262.93894990490094,0.5543769928078938,0,0.2663106533507131,0
real_20260702_150045_table1_cluster018_ransac_icp_voxel005_easy,real_previous_registration,780,152,0.06689724156884748,0.06297744663388614,0.18320715346248725,137.0294727733869,-0.4561204133800938,0,0.2985594418862669,0
real_20260702_150045_table1_cluster018_ransac_icp_voxel005_easy,real_previous_registration,781,827,0.08321579894056623,0.07733038402174292,0.8995820669183643,113.6832689376815,0.7981436700025047,0,0.2237927368186139,0
real_20260702_150045_table1_cluster018_ransac_icp_voxel005_easy,real_previous_registration,782,3635,0.022240376518868298,0.010727320533828494,0.22529952575618437,99.3513157258368,0.025533280576611268,1,0.23923406930662994,0
real_20260702_150045_table1_cluster018_ransac_icp_voxel005_easy,real_previous_registration,783,3458,0.029775578523958852,0.003033721597584769,0.3742180187847984,84.59828515141221,1.0463663140029231,1,0.236360855859956,0
real_20260702_150045_table1_cluster018_ransac_icp_voxel005_easy,real_previous_registration,784,2457,0.07688176829339276,0.05946274632971582,0.9752439242038959,85.54214076163443,0.1370856932249872,0,0.22879758561630437,0
real_20260702_150045_table1_cluster018_ransac_icp_voxel005_easy,real_previous_registration,785,3084,0.03707891081613053,0.012159737313263166,0.8915793960722104,68.87734715176266,-0.11422855092907042,0,0.21924562632319322,0
real_20260702_150045_table1_cluster018_ransac_icp_voxel005_easy,real_previous_registration,786,817,0.06708572847094424,0.061058779743220506,0.7020058453131274,262.50560080958087,0.00491400289769592,1,0.23045784642338646,0
real_20260702_150045_table1_cluster018_ransac_icp_voxel005_easy,real_previous_registration,787,1296,0.045287621932107884,0.02028487571890639,0.8774190366218821,237.01281759695146,0.4665488873193852,0,0.2611185148003162,0
real_20260702_150045_table1_cluster018_ransac_icp_voxel005_easy,real_previous_registration,788,2827,0.05102169845001608,0.007462063869171006,0.9183569076034668,216.73876985497412,0.3359950897986501,0,0.27869695603552325,0
real_20260702_150045_table1_cluster018_ransac_icp_voxel005_easy,real_previous_registration,789,2310,0.1543184228142053,0.042537979844810225,0.21229133485297985,197.78755674274583,1.7684955570988614,0,0.258554619244068,0
real_20260702_150045_table1_cluster018_ransac_icp_voxel005_easy,real_previous_registration,790,3780,0.08703386490326098,0.04354682195182347,0.46181585781869433,271.01186505894816,1.640663753757972,0,0.3174388284857121,0
real_20260702_150045_table1_cluster018_ransac_icp_voxel005_easy,real_previous_registration,791,903,0.054118047824165086,0.04077841640408015,0.1372227565259394,172.83452182841663,-0.10044639820999943,0,0.18985326598338956,0
real_20260702_150045_table1_cluster018_ransac_icp_voxel005_easy,real_previous_registration,792,1974,0.09247025757895326,0.04996892484919252,0.6371580696180061,128.12134073474382,-0.11286892412784702,0,0.1421280247173514,0
real_20260702_150045_table1_cluster018_ransac_icp_voxel005_easy,real_previous_registration,793,2763,0.07881488924863453,0.0647493207181365,0.9698581767024638,286.9321551314056,-0.2803017207099284,0,0.27075723992984285,0
real_20260702_150045_table1_cluster018_ransac_icp_voxel005_easy,real_previous_registration,794,1645,0.09833964297982128,0.062135764030497476,0.9184960763488859,118.57417994343979,0.698060381871297,0,0.2887841597778232,0
real_20260702_150045_table1_cluster018_ransac_icp_voxel005_easy,real_previous_registration,795,3605,0.08277061356797394,0.0512446474789556,0.9551577927505235,194.12109520224968,0.5543769928078938,0,0.23446953773917042,0
real_20260702_150045_table1_cluster018_ransac_icp_voxel005_easy,real_previous_registration,796,3656,0.1387804151290303,0.12025315867148384,0.9686761052212005,124.89047299346599,-0.07934624373381696,0,0.17211124536975095,0
real_20260702_150045_table1_cluster018_ransac_icp_voxel005_easy,real_previous_registration,797,319,0.03511848536413155,0.026321660650471472,0.9774058822191047,109.12164796607156,-0.10329949868400651,1,0.2187341578501261,0
real_20260702_150045_table1_cluster018_ransac_icp_voxel005_easy,real_previous_registration,798,817,0.09107235931232166,0.09097948414949215,0.703341374741286,262.3810915487234,0.15906433748763382,0,0.20126614954073505,0
real_20260702_150045_table1_cluster018_ransac_icp_voxel005_easy,real_previous_registration,799,1100,0.036552780223106034,0.022109346487393117,0.7882818748694703,138.40802821032105,0.6080143983659856,1,0.2742945621043289,0
real_20260702_150045_table1_cluster018_ransac_icp_voxel005_easy,real_previous_registration,800,1192,0.033682830548900845,0.0296726220326657,0.312757135001884,89.21806338672836,0.3349549888853321,0,0.21946422358270473,0
real_20260702_150045_table1_cluster018_ransac_icp_voxel005_easy,real_previous_registration,801,3780,0.13978112888605884,0.087039487271515,0.37000009905558623,157.40168900598843,1.640663753757972,0,0.29943660666681265,0
real_20260702_150045_table1_cluster018_ransac_icp_voxel005_easy,real_previous_registration,802,396,0.10476183391966395,0.08793088876298186,0.9319398621186796,176.9163077742265,0.1590644446300811,0,0.2739700761032443,0
real_20260702_150045_table1_cluster018_ransac_icp_voxel005_easy,real_previous_registration,803,3537,0.02347662863474075,0.0030129992862437767,0.04464472706325459,211.9833603319922,-0.19761006359493427,1,0.23079953655948998,0
real_20260702_150045_table1_cluster018_ransac_icp_voxel005_easy,real_previous_registration,804,3406,0.0382963148098027,0.0283794122746338,0.3650755320852486,95.28824751345822,0.25750450127942337,1,0.26519788219139917,0
real_20260702_150045_table1_cluster018_ransac_icp_voxel005_easy,real_previous_registration,805,3108,0.011909812905720388,0.0006888306464561079,0.4852867705619018,116.54928814027355,-0.14923655334690836,1,0.23962531890083216,0
real_20260702_150045_table1_cluster018_ransac_icp_voxel005_easy,real_previous_registration,806,904,0.022000633868551566,0.010742907721802595,0.16251258503036017,129.79776733506864,-0.2464002023675477,1,0.2177979597543573,0
real_20260702_150045_table1_cluster018_ransac_icp_voxel005_easy,real_previous_registration,807,2050,0.07244942511883426,0.07236719717458011,0.6621541150785933,262.8344001550608,-0.1185669122717645,0,0.254915972429115,0
real_20260702_150045_table1_cluster018_ransac_icp_voxel005_easy,real_previous_registration,808,2470,0.1329334310046848,0.09256501178571885,0.9847838900111192,131.37786713751353,0.47751788787005134,0,0.12356103668841804,0
real_20260702_150045_table1_cluster018_ransac_icp_voxel005_easy,real_previous_registration,809,580,0.064059947991945,0.007217878028602343,0.17426478833712133,88.12375079617881,0.41037857793778226,0,0.2136667065628146,0
real_20260702_150045_table1_cluster018_ransac_icp_voxel005_easy,real_previous_registration,810,3697,0.0403167501086946,0.029488389983126823,0.756638771986553,294.0072037455786,0.1590644673572854,0,0.278706642866572,0
real_20260702_150045_table1_cluster018_ransac_icp_voxel005_easy,real_previous_registration,811,2806,0.07875184062216412,0.07550602440280561,0.5126019496140857,91.27794977401823,0.0,0,0.29120567586928375,0
real_20260702_150045_table1_cluster018_ransac_icp_voxel005_easy,real_previous_registration,812,659,0.10662071976844524,0.10484283444589848,0.9922195538131171,154.7114125339836,-0.12861724819259465,0,0.2310446820009263,0
real_20260702_150045_table1_cluster018_ransac_icp_voxel005_easy,real_previous_registration,813,960,0.09430164913794789,0.05864519297538845,0.673863195766622,70.09366239558202,-0.15330985301421438,0,0.12160333551016497,0
real_20260702_150045_table1_cluster018_ransac_icp_voxel005_easy,real_previous_registration,814,101,0.0648439970853565,0.05460401935052871,0.7970078585267236,327.04744441636336,-0.016825953223575534,0,0.1773865219166705,0
real_20260702_150045_table1_cluster018_ransac_icp_voxel005_easy,real_previous_registration,815,3084,0.024724613858568632,0.019501657887453745,0.8689226448486259,69.57700057810227,-0.0060150512704557095,1,0.24471204187602627,0
real_20260702_150045_table1_cluster018_ransac_icp_voxel005_easy,real_previous_registration,816,3038,0.07287470344562,0.0615323529836009,0.9840208480308738,256.7418903366859,0.42142837448261666,1,0.2122104710637997,0
real_20260702_150045_table1_cluster018_ransac_icp_voxel005_easy,real_previous_registration,817,1750,0.03209400515308861,0.03081950887699704,0.3254653256745971,66.17163683048118,0.997392543819865,0,0.28235310162153515,0
real_20260702_150045_table1_cluster018_ransac_icp_voxel005_easy,real_previous_registration,818,3538,0.04153175775849717,0.03771246670075559,0.8265093086932271,93.23328391260347,-0.28988528215600995,1,0.20106778671210995,0
real_20260702_150045_table1_cluster018_ransac_icp_voxel005_easy,real_previous_registration,819,3212,0.014585735276073958,0.00901800459561219,0.07412974613296525,131.30417544545932,0.1590645279631956,1,0.2069246381502363,0
real_20260702_150045_table1_cluster018_ransac_icp_voxel005_easy,real_previous_registration,820,2058,0.067235747818277,0.06590285947704594,0.9363382730074267,93.34533524702992,-0.18721137135659519,0,0.17078755479167052,0
real_20260702_150045_table1_cluster018_ransac_icp_voxel005_easy,real_previous_registration,821,3782,0.013609531928699426,0.0004734016242265764,0.031845345347216496,140.65536102894796,0.2768473876939049,1,0.24517615344681123,0
real_20260702_150045_table1_cluster018_ransac_icp_voxel005_easy,real_previous_registration,822,3382,0.010872589215597854,0.004066830306134793,0.9546638118959553,224.40636785155212,-0.22659744030047468,1,0.26378781424223463,0
real_20260702_150045_table1_cluster018_ransac_icp_voxel005_easy,real_previous_registration,823,1776,0.03203170122255497,0.01773126872411827,0.026824211311289987,93.58135671610614,-0.6518650255552861,0,0.18503277845673236,0
real_20260702_150045_table1_cluster018_ransac_icp_voxel005_easy,real_previous_registration,824,2050,0.05140977986823596,0.038404234661483155,0.6621800538851222,286.44933652462464,-0.04160595706146605,1,0.2133688422680667,0
real_20260702_150045_table1_cluster018_ransac_icp_voxel005_easy,real_previous_registration,825,1459,0.07716566694218911,0.07464876646439217,0.9577007371874076,118.00324708680137,-0.34171017358635264,0,0.21425814953055985,0
real_20260702_150045_table1_cluster018_ransac_icp_voxel005_easy,real_previous_registration,826,1952,0.06248054301267977,0.053364894059527865,0.6417138604741112,263.4265908183064,-0.37501725783277856,1,0.19956012013643049,0
real_20260702_150045_table1_cluster018_ransac_icp_voxel005_easy,real_previous_registration,827,517,0.10153798948804761,0.06899626223400515,0.993038688570603,263.36687155361545,-0.28276779309933636,0,0.2283802338344208,0
real_20260702_150045_table1_cluster018_ransac_icp_voxel005_easy,real_previous_registration,828,3070,0.051154000896002756,0.028930718246562855,0.9062777640943969,307.73622719270793,0.12269691024733272,0,0.19627637235386997,0
real_20260702_150045_table1_cluster018_ransac_icp_voxel005_easy,real_previous_registration,829,1796,0.12153081520675374,0.08848790426485703,0.9184361994447522,302.69454513684246,-0.11964859104408025,0,0.1446515599151387,0
real_20260702_150045_table1_cluster018_ransac_icp_voxel005_easy,real_previous_registration,830,3314,0.04969456358243739,0.0210112256349509,0.8552295010557143,261.53970143596325,0.19543211525584528,0,0.21751488040059427,0
real_20260702_150045_table1_cluster018_ransac_icp_voxel005_easy,real_previous_registration,831,2441,0.1553723325918526,0.15455593366463163,0.6236720921293439,207.46441084346142,0.507371013081194,0,0.1875355613270234,0
real_20260702_150045_table1_cluster018_ransac_icp_voxel005_easy,real_previous_registration,832,3142,0.04306696323294976,0.03595143901733383,0.5233153882718038,314.97608926934294,0.5865077036612998,0,0.2347384978473023,0
real_20260702_150045_table1_cluster018_ransac_icp_voxel005_easy,real_previous_registration,833,3644,0.12682270638120238,0.11102915522023488,0.9936022967774942,236.38036617433096,-0.45184383280676066,0,0.20617502781074215,0
real_20260702_150045_table1_cluster018_ransac_icp_voxel005_easy,real_previous_registration,834,1044,0.06345101957879608,0.05768881372762002,0.9194631191846345,133.55326392753284,0.11254459674377248,1,0.21704544525281538,0
real_20260702_150045_table1_cluster018_ransac_icp_voxel005_easy,real_previous_registration,835,3084,0.07993743529016142,0.06454711460074948,0.8964614734758795,76.08774596492664,-0.031990518105580026,0,0.2008893135263484,0
real_20260702_150045_table1_cluster018_ransac_icp_voxel005_easy,real_previous_registration,836,1305,0.08085986955218596,0.03910405308272919,0.14959443143268208,134.13474049254827,0.11461277198002577,0,0.2966279806739311,0
real_20260702_150045_table1_cluster018_ransac_icp_voxel005_easy,real_previous_registration,837,2188,0.1636437100565795,0.10944176618956922,0.8291332210066173,81.44141017516317,0.5008134922508811,0,0.17106716875257777,0
real_20260702_150045_table1_cluster018_ransac_icp_voxel005_easy,real_previous_registration,838,1750,0.06554846442140137,0.025384607690181825,0.9219385260813198,90.13247140802599,1.1476746375041038,0,0.300460160045892,0
real_20260702_150045_table1_cluster018_ransac_icp_voxel005_easy,real_previous_registration,839,457,0.0766358190853839,0.07309764974812648,0.9617339461467049,307.9566201008158,-0.351760610618076,0,0.20795580331996316,0
real_20260702_150045_table1_cluster018_ransac_icp_voxel005_easy,real_previous_registration,840,3131,0.12205704501684804,0.03605822614228957,0.0935539131747238,257.40863786994174,3.049404064213652,0,0.3136560440390997,0
real_20260702_150045_table1_cluster018_ransac_icp_voxel005_easy,real_previous_registration,841,2457,0.06732175540907946,0.05039518299761158,0.9446924134508659,98.98591014810879,-0.058658744561868204,0,0.26044917752499686,0
real_20260702_150045_table1_cluster018_ransac_icp_voxel005_easy,real_previous_registration,842,877,0.06896124609926614,0.0535622315184277,0.9761663784332949,87.97197706642697,0.35973510473853193,0,0.23089078896634826,0
real_20260702_150045_table1_cluster018_ransac_icp_voxel005_easy,real_previous_registration,843,3,0.015210065200965408,0.01384270505490358,0.00530017428529686,178.04825651885082,0.12397323811906093,1,0.24101010355026348,0
real_20260702_150045_table1_cluster018_ransac_icp_voxel005_easy,real_previous_registration,844,2665,0.0450286551482876,0.015640280750928166,0.8724603755472292,209.85949825863148,1.3428331168105658,0,0.28014254228356533,0
real_20260702_150045_table1_cluster018_ransac_icp_voxel005_easy,real_previous_registration,845,173,0.023204888695528232,0.023035295316286085,0.6604541778919382,322.9679428922271,0.23602544984023766,1,0.2534275184204652,0
real_20260702_150045_table1_cluster018_ransac_icp_voxel005_easy,real_previous_registration,846,3597,0.10625010191736271,0.08903177958313409,0.9990101641983169,76.19160348632951,-0.05604662176152312,0,0.24936107107140604,0
real_20260702_150045_table1_cluster018_ransac_icp_voxel005_easy,real_previous_registration,847,1038,0.04603247305679639,0.037402801212385116,0.9293984071528848,100.58961075994073,-0.5146639513556073,1,0.2280718947390259,0
real_20260702_150045_table1_cluster018_ransac_icp_voxel005_easy,real_previous_registration,848,1427,0.036433367981975925,0.03454672895272005,0.4896632356818608,108.36702696361337,0.2608471101380859,0,0.2646385342456901,0
real_20260702_150045_table1_cluster018_ransac_icp_voxel005_easy,real_previous_registration,849,2863,0.10351423271892055,0.09767398787003442,0.9445188595381718,274.30242070816234,-0.1381866848823503,0,0.20739943228231658,0
real_20260702_150045_table1_cluster018_ransac_icp_voxel005_easy,real_previous_registration,850,1493,0.056068285391681225,0.054380429476932154,0.7086498102141812,286.28348219852467,-0.07934624373381696,0,0.22700779638215765,0
real_20260702_150045_table1_cluster018_ransac_icp_voxel005_easy,real_previous_registration,851,1974,0.07262871264942096,0.061689663370851626,0.6795341272031697,138.64451753762913,-0.28276779309933636,0,0.17371320054931713,0
real_20260702_150045_table1_cluster018_ransac_icp_voxel005_easy,real_previous_registration,852,3126,0.07934128556438595,0.07897922657677946,0.4740726609078144,99.8330377327863,0.12397323811906093,0,0.17380509491294457,0
real_20260702_150045_table1_cluster018_ransac_icp_voxel005_easy,real_previous_registration,853,2457,0.09611325028045321,0.06818816535445418,0.9865025368388929,77.4929836484639,0.28166683528401015,0,0.16741387975644706,0
real_20260702_150045_table1_cluster018_ransac_icp_voxel005_easy,real_previous_registration,854,3437,0.04174397238871397,0.03796462266487242,0.8962808992452369,277.69499668189746,-0.2856208384269229,0,0.2335249811819857,0
real_20260702_150045_table1_cluster018_ransac_icp_voxel005_easy,real_previous_registration,855,396,0.08242878586580182,0.08134271775307715,0.9321858784782571,196.6797225627963,0.2078545397519917,0,0.23961783706540796,0
real_20260702_150045_table1_cluster018_ransac_icp_voxel005_easy,real_previous_registration,856,235,0.033504187198613686,0.021978530980134293,0.7532945044854612,112.00108657705843,1.4399933512246847,0,0.20134435585113342,0
real_20260702_150045_table1_cluster018_ransac_icp_voxel005_easy,real_previous_registration,857,1261,0.1331215332855579,0.1290073671591732,0.9201616250893881,113.52034469322119,-0.3588780845954114,0,0.21156774577420753,0
real_20260702_150045_table1_cluster018_ransac_icp_voxel005_easy,real_previous_registration,858,3434,0.13421110074537848,0.10893028776919289,0.3100887137326045,233.01588758668385,2.723998167619716,0,0.33549853227920456,0
real_20260702_150045_table1_cluster018_ransac_icp_voxel005_easy,real_previous_registration,859,688,0.03211674645057646,0.026830005803287545,0.36075074722870326,87.91577050689813,-0.42872163323566354,1,0.19587941853549734,0
real_20260702_150045_table1_cluster018_ransac_icp_voxel005_easy,real_previous_registration,860,876,0.08678031480073352,0.07715920980992244,0.9253707402568951,111.50640925901848,0.19415580015548037,0,0.17476194247676938,0
real_20260702_150045_table1_cluster018_ransac_icp_voxel005_easy,real_previous_registration,861,2730,0.11699944589627824,0.11552619982344912,0.9996785753218309,237.62514836412586,-0.5340820243922044,1,0.17825402408169622,0
real_20260702_150045_table1_cluster018_ransac_icp_voxel005_easy,real_previous_registration,862,3563,0.04154037900467863,0.015117178834290607,0.6198048300308538,132.97823244601068,0.12627474169930392,1,0.2639595283090576,0
real_20260702_150045_table1_cluster018_ransac_icp_voxel005_easy,real_previous_registration,863,1022,0.0709608970926518,0.061953401343368734,0.9679114302437943,212.89702941160866,-0.41147978758409387,0,0.2889573735694178,0
real_20260702_150045_table1_cluster018_ransac_icp_voxel005_easy,real_previous_registration,864,684,0.06661944734985815,0.055418986884001424,0.9737466710975737,106.1882125235563,1.400775856001512,0,0.31388015597725544,0
real_20260702_150045_table1_cluster018_ransac_icp_voxel005_easy,real_previous_registration,865,1909,0.10122279951765635,0.06515480002544623,0.9734522138148795,264.1669173573995,0.02091433344877533,0,0.24775357301533002,0
real_20260702_150045_table1_cluster018_ransac_icp_voxel005_easy,real_previous_registration,866,404,0.06923829736782024,0.05331015288767363,0.3634553990250303,190.5995744045382,-0.37501725783277856,0,0.20530103017824106,0
real_20260702_150045_table1_cluster018_ransac_icp_voxel005_easy,real_previous_registration,867,2961,0.054081823356279,0.022492326644580875,0.2597211919184153,121.19640075365614,-0.13720099330847674,0,0.2745818594906838,0
real_20260702_150045_table1_cluster018_ransac_icp_voxel005_easy,real_previous_registration,868,3282,0.04307809629776489,0.03787603644182312,0.8548030175266611,87.5923308833926,-0.257828882029574,0,0.22293366917784918,0
real_20260702_150045_table1_cluster018_ransac_icp_voxel005_easy,real_previous_registration,869,886,0.05442884443133853,0.04374752700633808,0.7695475866297716,91.13531948507952,0.15906454757099997,0,0.29898756606623034,0
real_20260702_150045_table1_cluster018_ransac_icp_voxel005_easy,real_previous_registration,870,1049,0.0873903511181352,0.00437533274002723,0.4837427139912107,203.83284270867347,1.006360757401321,0,0.2763809379027067,0
real_20260702_150045_table1_cluster018_ransac_icp_voxel005_easy,real_previous_registration,871,1762,0.028572915216730048,0.01168465403570783,0.27126688970419605,109.92102687622204,0.08307872154142008,1,0.22718456339844043,0
real_20260702_150045_table1_cluster018_ransac_icp_voxel005_easy,real_previous_registration,872,1001,0.04448005959211092,0.020861972700798516,0.9488341863277963,128.67764096303856,0.24607573449856904,0,0.27221420464383694,0
real_20260702_150045_table1_cluster018_ransac_icp_voxel005_easy,real_previous_registration,873,2768,0.06999024323248866,0.03466928480303539,0.3117961584075497,123.84617219160374,0.8781863157102772,0,0.19663744676024464,0
real_20260702_150045_table1_cluster018_ransac_icp_voxel005_easy,real_previous_registration,874,1347,0.04009185450189937,0.03948489680291844,0.9632326342742865,290.67844794062415,-0.22659744030047468,1,0.2739601152533751,0
real_20260702_150045_table1_cluster018_ransac_icp_voxel005_easy,real_previous_registration,875,988,0.07083965259632487,0.06100670775330733,0.9815894009317975,146.67974382254263,0.44674639586966053,0,0.21865695562540577,0
real_20260702_150045_table1_cluster018_ransac_icp_voxel005_easy,real_previous_registration,876,3265,0.18285098278402226,0.1428087527642451,0.8595202796738474,93.27166478075831,0.9758247161031034,0,0.25040548505958166,0
real_20260702_150045_table1_cluster018_ransac_icp_voxel005_easy,real_previous_registration,877,91,0.10825238768212524,0.08072194505411011,0.9318687836060798,73.08585929186196,0.01246121086844123,0,0.16970776023381964,0
real_20260702_150045_table1_cluster018_ransac_icp_voxel005_easy,real_previous_registration,878,466,0.02998888957050062,0.02254488531091786,0.31986802920460355,144.5740084604579,0.060624559316499294,0,0.22785261135796256,0
real_20260702_150045_table1_cluster018_ransac_icp_voxel005_easy,real_previous_registration,879,1308,0.08927295715048703,0.0803782900414308,0.7592874456145235,118.80409038652176,0.6515404398293612,0,0.20184669205240482,0
real_20260702_150045_table1_cluster018_ransac_icp_voxel005_easy,real_previous_registration,880,2058,0.0827692258473811,0.07194251541681186,0.972105502451164,136.97138042171858,-0.25867026126474285,0,0.1525199185665819,0
real_20260702_150045_table1_cluster018_ransac_icp_voxel005_easy,real_previous_registration,881,3782,0.05666338192755043,0.00269419457659123,0.12886714840273328,117.44867769894975,0.4149975875846579,0,0.2603401225618032,0
real_20260702_150045_table1_cluster018_ransac_icp_voxel005_easy,real_previous_registration,882,960,0.032910327969376936,0.01845750882317975,0.3950919297616978,89.12254395330964,-0.25867026126474285,0,0.18933924831672674,0
real_20260702_150045_table1_cluster018_ransac_icp_voxel005_easy,real_previous_registration,883,972,0.11277383882618758,0.10386068465066706,0.8729643669273741,79.72304276114971,-0.31539300480694915,0,0.18537592717404733,0
real_20260702_150045_table1_cluster018_ransac_icp_voxel005_easy,real_previous_registration,884,3780,0.041318726677869906,0.005628699869652651,0.46097660207717034,235.95344579367674,1.4399933512246847,1,0.27035613718992935,0
real_20260702_150045_table1_cluster018_ransac_icp_voxel005_easy,real_previous_registration,885,3605,0.09860819512868774,0.06480147168336325,0.9563017234304663,153.73552238253427,0.5543769928078938,0,0.1682853735587778,0
real_20260702_150045_table1_cluster018_ransac_icp_voxel005_easy,real_previous_registration,886,3580,0.12521970279387828,0.11059429668048162,0.964118987913565,250.88407657257864,0.23317239480570598,0,0.1363709744789371,0
real_20260702_150045_table1_cluster018_ransac_icp_voxel005_easy,real_previous_registration,887,1203,0.13479769467313513,0.12997384579862184,0.8403478021654162,133.82077143104564,0.5157392471401521,0,0.1405297550665073,0
real_20260702_150045_table1_cluster018_ransac_icp_voxel005_easy,real_previous_registration,888,986,0.0759372097425183,0.033203765716678754,0.38695171342075546,140.16303518576927,0.8255426224188648,0,0.32028076536070405,0
real_20260702_150045_table1_cluster018_ransac_icp_voxel005_easy,real_previous_registration,889,3265,0.20457786861344196,0.1624452801944888,0.8445691999912497,78.68400831777426,0.7699728160516627,0,0.2387654468846745,0
real_20260702_150045_table1_cluster018_ransac_icp_voxel005_easy,real_previous_registration,890,3347,0.08269653198417376,0.06487225245353952,0.7240084617518787,88.99342402033913,1.337717601231481,0,0.2671332273974777,0
real_20260702_150045_table1_cluster018_ransac_icp_voxel005_easy,real_previous_registration,891,1100,0.07107227037096682,0.011904042602164131,0.763061006384762,120.88543882874525,0.7091104559084205,0,0.26479392556270226,0
real_20260702_150045_table1_cluster018_ransac_icp_voxel005_easy,real_previous_registration,892,2863,0.11062122652035551,0.10414961772017473,0.9445160596182108,276.0205839771964,-0.1381866848823503,0,0.14767208005062316,0
real_20260702_150045_table1_cluster018_ransac_icp_voxel005_easy,real_previous_registration,893,753,0.03677329790241769,0.007054678651260533,0.447446921745027,61.54150771352173,1.6323679460013778,1,0.29544278381557865,0
real_20260702_150045_table1_cluster018_ransac_icp_voxel005_easy,real_previous_registration,894,85,0.06788529550957821,0.0653393621979772,0.9005190299210014,223.4968435372492,-0.3062982716834104,1,0.17983568035875372,0
real_20260702_150045_table1_cluster018_ransac_icp_voxel005_easy,real_previous_registration,895,2158,0.026627787181405082,0.007094508424701939,0.8046383397784974,243.95958430214523,0.19543211525584528,1,0.272794134436047,0
real_20260702_150045_table1_cluster018_ransac_icp_voxel005_easy,real_previous_registration,896,2237,0.11392155977658368,0.10413440338835167,0.9842288932832376,193.59639718626062,-0.4507004561220414,0,0.22575319133568755,0
real_20260702_150045_table1_cluster018_ransac_icp_voxel005_easy,real_previous_registration,897,2470,0.08403966203862342,0.0654672855946535,0.9830807650209877,143.11301500652192,0.4149975875846579,0,0.2465360110280757,0
real_20260702_150045_table1_cluster018_ransac_icp_voxel005_easy,real_previous_registration,898,1264,0.05696785788528169,0.047185394058183894,0.45840324396292625,69.00925069371925,0.3557745463297139,0,0.2622952442590716,0
real_20260702_150045_table1_cluster018_ransac_icp_voxel005_easy,real_previous_registration,899,3038,0.07720778624026074,0.06866522831765451,0.9840246474837367,278.5307453985909,0.4591686611549677,0,0.23595830035612514,0
real_20260702_150045_table1_cluster018_ransac_icp_voxel005_easy,real_previous_registration,900,2446,0.1016765500249546,0.09979901423902439,0.8545376470712945,185.55759855348396,0.6080143983659856,0,0.18265825177341677,0
real_20260702_150045_table1_cluster018_ransac_icp_voxel005_easy,real_previous_registration,901,3061,0.037014433346621516,0.02962537266437186,0.6595892388899417,118.82065182538568,0.27969246971450223,0,0.26819521353964215,0
real_20260702_150045_table1_cluster018_ransac_icp_voxel005_easy,real_previous_registration,902,3197,0.03246491669498793,0.03040716872847881,0.9283317874215165,113.4989015867479,-0.27918988307611114,1,0.2861136894962574,0
real_20260702_150045_table1_cluster018_ransac_icp_voxel005_easy,real_previous_registration,903,3148,0.04544260011927153,0.0152114684980162,0.2775636140390316,66.11011086912458,0.6145396229378833,0,0.21393242298995854,0
real_20260702_150045_table1_cluster018_ransac_icp_voxel005_easy,real_previous_registration,904,1308,0.12234937574713371,0.10744303392594223,0.8479085348761648,118.80613782717015,0.6789393922457212,0,0.2060470173546309,0
real_20260702_150045_table1_cluster018_ransac_icp_voxel005_easy,real_previous_registration,905,855,0.09533393174467908,0.03602562350521768,0.07871511679923421,259.4349116208436,0.8899506618647818,0,0.32606969752632603,0
real_20260702_150045_table1_cluster018_ransac_icp_voxel005_easy,real_previous_registration,906,3347,0.030223960918399254,0.029367726898921028,0.6158862606567276,103.44714594472505,1.2850739079400688,1,0.2256076331493731,0
real_20260702_150045_table1_cluster018_ransac_icp_voxel005_easy,real_previous_registration,907,1427,0.03512744001040415,0.02562851578221081,0.40741042211868966,101.56979582584076,0.2608471101380859,0,0.22080995528944505,0
real_20260702_150045_table1_cluster018_ransac_icp_voxel005_easy,real_previous_registration,908,2753,0.05502670041103426,0.005216640145609689,0.7863724423436339,110.43485317234668,1.331783030546276,0,0.2300728816614473,0
real_20260702_150045_table1_cluster018_ransac_icp_voxel005_easy,real_previous_registration,909,3733,0.08732223484344212,0.068452399892367,0.9821793688484947,90.51436880499361,0.3067004893360671,0,0.2807452689024174,0
real_20260702_150045_table1_cluster018_ransac_icp_voxel005_easy,real_previous_registration,910,3126,0.051759873103003506,0.04557530008865098,0.42396010246950677,96.16420082430314,0.19296604055846228,0,0.2006237691224747,0
real_20260702_150045_table1_cluster018_ransac_icp_voxel005_easy,real_previous_registration,911,925,0.05821333560474537,0.010074709454738495,0.7337399781276015,278.81958819230556,0.2768473876939049,0,0.22497064402803488,0
real_20260702_150045_table1_cluster018_ransac_icp_voxel005_easy,real_previous_registration,912,3265,0.1989545433809163,0.18514022376017003,0.8852975995208783,80.29370719368211,0.5819207559771377,0,0.1864308725156509,0
real_20260702_150045_table1_cluster018_ransac_icp_voxel005_easy,real_previous_registration,913,485,0.03800439541636752,0.0006066799511147518,0.16356532692439682,152.17433676208128,-0.10044639820999943,0,0.23422503072692424,0
real_20260702_150045_table1_cluster018_ransac_icp_voxel005_easy,real_previous_registration,914,3715,0.038761953672889544,0.031868669884128516,0.9968762885857867,107.70447244294195,-0.13942812983113087,1,0.29408562720058073,0
real_20260702_150045_table1_cluster018_ransac_icp_voxel005_easy,real_previous_registration,915,2188,0.06427141568245144,0.058149802353866645,0.9397621129942015,112.18490719393226,0.19543211525584528,1,0.21380006616324757,0
real_20260702_150045_table1_cluster018_ransac_icp_voxel005_easy,real_previous_registration,916,3776,0.07018730430416478,0.04915891646966074,0.7309965365481943,102.09666127658119,0.05370411971266717,0,0.24465746653560272,0
real_20260702_150045_table1_cluster018_ransac_icp_voxel005_easy,real_previous_registration,917,3051,0.07616432789350049,0.035739393572356906,0.9832754543556337,104.07745068537378,0.1077712265582064,0,0.24817763275121954,0
real_20260702_150045_table1_cluster018_ransac_icp_voxel005_easy,real_previous_registration,918,886,0.03013265884687651,0.015009774084357266,0.6529567194739728,167.13251213096666,0.34627594403515677,0,0.2497292337507611,0
real_20260702_150045_table1_cluster018_ransac_icp_voxel005_easy,real_previous_registration,919,3004,0.10787364318923096,0.10592527849934151,0.9900265589305974,208.31089490656524,-0.49486133739275207,1,0.20725383786076582,0
real_20260702_150045_table1_cluster018_ransac_icp_voxel005_easy,real_previous_registration,920,1610,0.01888962951406434,0.015619976604355315,0.7565193361849942,125.75658240467263,0.12731586929910477,1,0.2267298028983043,0
real_20260702_150045_table1_cluster018_ransac_icp_voxel005_easy,real_previous_registration,921,2969,0.027267273583467158,0.01920830790077664,0.11505965503304454,129.67502966375758,0.5919281440437796,1,0.22398528173079807,0
real_20260702_150045_table1_cluster018_ransac_icp_voxel005_easy,real_previous_registration,922,1645,0.10254629789095256,0.038063279533977736,0.975031212976609,118.67107403760652,0.7254593342876571,0,0.23659162570543693,0
real_20260702_150045_table1_cluster018_ransac_icp_voxel005_easy,real_previous_registration,923,1225,0.03773372886770648,0.008452235431717747,0.756283307242916,267.618412130232,-0.24640016988897523,1,0.2148299933551774,0
real_20260702_150045_table1_cluster018_ransac_icp_voxel005_easy,real_previous_registration,924,2572,0.120109785542781,0.10736700850158055,0.9695107888070313,63.00615037529844,0.04783901772383367,0,0.2810786553200914,0
real_20260702_150045_table1_cluster018_ransac_icp_voxel005_easy,real_previous_registration,925,1546,0.0872214484820448,0.07550637390726242,0.0943749465272215,123.57795833870188,2.2384986425952373,0,0.32904210249202054,0
real_20260702_150045_table1_cluster018_ransac_icp_voxel005_easy,real_previous_registration,926,3768,0.08034805654762069,0.05842031895036068,0.13013167246419027,262.2687550345324,0.21968889732927793,0,0.23841354681547114,0
real_20260702_150045_table1_cluster018_ransac_icp_voxel005_easy,real_previous_registration,927,1712,0.022442047753659163,0.005843811082641866,0.26487002238929935,134.75341679347432,0.28422755719181486,1,0.2437595439029953,0
real_20260702_150045_table1_cluster018_ransac_icp_voxel005_easy,real_previous_registration,928,3501,0.035409515121929816,0.032651340606745155,0.3102216974353537,184.37208417738927,-0.2699306658722835,0,0.1816898061427211,0
real_20260702_150045_table1_cluster018_ransac_icp_voxel005_easy,real_previous_registration,929,3075,0.055227766082313626,0.037134991844979766,0.4234471425498321,117.7904147535186,-0.16251877949791366,0,0.22907984363340828,0
real_20260702_150045_table1_cluster018_ransac_icp_voxel005_easy,real_previous_registration,930,2815,0.023080532058755904,0.021928755815657116,0.8819779981308993,207.5277446918884,0.9181689145491648,1,0.2805493530597287,0
real_20260702_150045_table1_cluster018_ransac_icp_voxel005_easy,real_previous_registration,931,1546,0.06675032249716219,0.05718197792508672,0.06552569268482095,129.79723070878123,2.3281107236064202,0,0.30852760068507706,0
real_20260702_150045_table1_cluster018_ransac_icp_voxel005_easy,real_previous_registration,932,2753,0.025407604393003252,0.011954268271338468,0.9025770606195973,135.3564504610301,1.355313511898895,1,0.2379273686243362,0
real_20260702_150045_table1_cluster018_ransac_icp_voxel005_easy,real_previous_registration,933,2753,0.03468275863391336,0.00969189990278383,0.8888827991313097,126.59655358904061,1.4653143368613304,0,0.2502649242077762,0
real_20260702_150045_table1_cluster018_ransac_icp_voxel005_easy,real_previous_registration,934,1214,0.030340781128382933,0.020144627128294748,0.37507521970308216,108.54928009358188,-0.15330985301421438,1,0.19079564762325602,0
real_20260702_150045_table1_cluster018_ransac_icp_voxel005_easy,real_previous_registration,935,1567,0.057572216255436834,0.05200358889993091,0.9043512068688977,236.3709496521572,0.4955363998229102,0,0.20894744802829981,0
real_20260702_150045_table1_cluster018_ransac_icp_voxel005_easy,real_previous_registration,936,1567,0.05564471168042291,0.03788224191599382,0.9043512068688977,233.2602099882669,0.5777744326464005,0,0.20658357337892266,0
real_20260702_150045_table1_cluster018_ransac_icp_voxel005_easy,real_previous_registration,937,1645,0.07960962945389073,0.07010094326876111,0.951820789341048,119.15821895943282,0.7254593342876571,0,0.1938932327979865,0
real_20260702_150045_table1_cluster018_ransac_icp_voxel005_easy,real_previous_registration,938,659,0.11139465554262254,0.0953164338314708,0.9923163829490782,138.0197059503094,-0.12861724819259465,0,0.23430681597567543,0
real_20260702_150045_table1_cluster018_ransac_icp_voxel005_easy,real_previous_registration,939,3065,0.11252280544326011,0.05331599973076541,0.38030273475371956,139.3862512893637,2.1049688722792057,0,0.2943252219583112,0
real_20260702_150045_table1_cluster018_ransac_icp_voxel005_easy,real_previous_registration,940,770,0.11053759562139534,0.1075904669089166,0.9874238036409775,271.85973700324905,-0.2086598832166244,0,0.2227296657182575,0
real_20260702_150045_table1_cluster018_ransac_icp_voxel005_easy,real_previous_registration,941,1262,0.05067203725580223,0.0433664454915079,0.23770196588659454,81.3436816922804,0.6290676888760848,0,0.24189124335652842,0
real_20260702_150045_table1_cluster018_ransac_icp_voxel005_easy,real_previous_registration,942,2736,0.05250323368887078,0.048827010091466755,0.2307047507326837,271.8175454151147,0.319406940518587,0,0.276723150086049,0
real_20260702_150045_table1_cluster018_ransac_icp_voxel005_easy,real_previous_registration,943,396,0.12633120854560986,0.10300848902932991,0.9319915808041054,182.40280706282013,0.4591686611549677,0,0.24940835043440718,0
real_20260702_150045_table1_cluster018_ransac_icp_voxel005_easy,real_previous_registration,944,332,0.05057415587268131,0.03159637102696444,0.791064070195568,321.4350137200388,0.8158428765237756,0,0.1814138894867556,0
real_20260702_150045_table1_cluster018_ransac_icp_voxel005_easy,real_previous_registration,945,2912,0.054059418482153246,0.031246693286067218,0.783351087635417,61.34835176691154,-0.12123717313892843,0,0.21438479506348934,0
real_20260702_150045_table1_cluster018_ransac_icp_voxel005_easy,real_previous_registration,946,3108,0.054278016517515806,0.038803167945674594,0.38109348806409815,115.05103506171547,-0.17740740729775054,0,0.20045163209890912,0
real_20260702_150045_table1_cluster018_ransac_icp_voxel005_easy,real_previous_registration,947,485,0.059917917571509806,0.05680310788961562,0.169697081142912,133.0078438956727,-0.10044639820999943,0,0.2766377518446348,0
real_20260702_150045_table1_cluster018_ransac_icp_voxel005_easy,real_previous_registration,948,2258,0.07778966874616437,0.06250008124110566,0.9624130832450125,83.48312438314127,-0.0640788004345718,0,0.26111079545375965,0
real_20260702_150045_table1_cluster018_ransac_icp_voxel005_easy,real_previous_registration,949,3142,0.04346277212222581,0.033939786551090784,0.5239945422844134,325.87890511873877,0.3954527323444447,0,0.25426811851144454,0
real_20260702_150045_table1_cluster018_ransac_icp_voxel005_easy,real_previous_registration,950,3148,0.03191958852207942,0.012796855672057846,0.5003928680371598,76.76342642043184,0.5645292386358662,0,0.2560857693582614,0
real_20260702_150045_table1_cluster018_ransac_icp_voxel005_easy,real_previous_registration,951,3531,0.05621892030589438,0.037149733898730136,0.9723844184916259,93.4861096925294,0.5645293713656411,0,0.21896645405998993,0
real_20260702_150045_table1_cluster018_ransac_icp_voxel005_easy,real_previous_registration,952,1249,0.10548738826197951,0.09870833777064374,0.7666920869785084,78.50404689162514,-0.04160596800420695,0,0.18144566186816824,0
real_20260702_150045_table1_cluster018_ransac_icp_voxel005_easy,real_previous_registration,953,238,0.022980930544338366,0.005958521531859289,0.23359378407065232,300.75532216821296,-0.2607888614899056,1,0.23087004849720566,0
real_20260702_150045_table1_cluster018_ransac_icp_voxel005_easy,real_previous_registration,954,2470,0.08717959050167808,0.060418484984385123,0.9770408569335685,163.49632049986513,0.3132149935050318,0,0.2637699353029254,0
real_20260702_150045_table1_cluster018_ransac_icp_voxel005_easy,real_previous_registration,955,2470,0.15434791662988495,0.08816991270951785,0.855913436378897,137.62784816440546,0.644571837335192,0,0.1486820918680966,0
real_20260702_150045_table1_cluster018_ransac_icp_voxel005_easy,real_previous_registration,956,15,0.049112760610561,0.023550601986903313,0.28368881343280317,206.49693644921746,0.12397323811906093,0,0.28515319022530267,0
real_20260702_150045_table1_cluster018_ransac_icp_voxel005_easy,real_previous_registration,957,3776,0.025535347652401102,0.008724676677092688,0.461249412168774,101.74630723626777,0.1590645279631956,1,0.22911624386426907,0
real_20260702_150045_table1_cluster018_ransac_icp_voxel005_easy,real_previous_registration,958,517,0.09127507757877136,0.06925845616062307,0.993071855938186,218.59193592595506,-0.2464001872882094,0,0.16603335902664193,0
real_20260702_150045_table1_cluster018_ransac_icp_voxel005_easy,real_previous_registration,959,556,0.09547836614813654,0.046374903186172434,0.20686744225055215,139.46452667350397,0.6185957169934327,0,0.1755052998521232,0
real_20260702_150045_table1_cluster018_ransac_icp_voxel005_easy,real_previous_registration,960,3581,0.07446290935764639,0.07325061076140146,0.5600580436711975,117.0111214943735,1.0906211620409285,0,0.2228923362200514,0
real_20260702_150045_table1_cluster018_ransac_icp_voxel005_easy,real_previous_registration,961,1645,0.08783135034715292,0.05015436804444052,0.9885764059385129,117.35682861272102,0.698060381871297,0,0.16432000753268214,0
real_20260702_150045_table1_cluster018_ransac_icp_voxel005_easy,real_previous_registration,962,3131,0.10854734783661296,0.10471963652058128,0.09449095119022664,289.8629564555618,3.2500744667469394,0,0.30347898850227895,0
real_20260702_150045_table1_cluster018_ransac_icp_voxel005_easy,real_previous_registration,963,2482,0.094647698402935,0.07738202641897675,0.8773804243836759,175.0649667666565,0.6216877536151932,0,0.22142591283620075,0
real_20260702_150045_table1_cluster018_ransac_icp_voxel005_easy,real_previous_registration,964,2188,0.07848153311091666,0.07756990547124751,0.9723097155916627,102.89575601599857,0.47414526579459304,0,0.19878131311559688,0
real_20260702_150045_table1_cluster018_ransac_icp_voxel005_easy,real_previous_registration,965,2763,0.07895219548030562,0.05702053066911568,0.9698908433662288,297.4250461670589,-0.351760610618076,0,0.19779538482393785,0
real_20260702_150045_table1_cluster018_ransac_icp_voxel005_easy,real_previous_registration,966,1203,0.11827310979496622,0.10151799922770698,0.8416177040182721,180.83431978153766,0.5355418630637893,0,0.21648093949609917,0
real_20260702_150045_table1_cluster018_ransac_icp_voxel005_easy,real_previous_registration,967,3780,0.08256684536767593,0.057236563291105,0.460835294343897,167.58418458093587,1.3828350321558207,0,0.26312427633222774,0
real_20260702_150045_table1_cluster018_ransac_icp_voxel005_easy,real_previous_registration,968,3453,0.051562490307280606,0.04659526910610294,0.9956404175181333,106.91770471958594,0.0,1,0.21539263513432227,0
real_20260702_150045_table1_cluster018_ransac_icp_voxel005_easy,real_previous_registration,969,925,0.04494018476525881,0.03189579200362139,0.7342462209841462,242.97651778173068,0.2768473876939049,0,0.2708452560453123,0
real_20260702_150045_table1_cluster018_ransac_icp_voxel005_easy,real_previous_registration,970,3017,0.11894833740404888,0.11881101108408289,0.9166901695832604,111.13824135732335,0.11027444593651073,0,0.21751135252039547,0
real_20260702_150045_table1_cluster018_ransac_icp_voxel005_easy,real_previous_registration,971,2483,0.05259833139508653,0.04978982822813454,0.11103147937004608,232.82983865717867,-0.19761006359493427,0,0.2571338006601942,0
real_20260702_150045_table1_cluster018_ransac_icp_voxel005_easy,real_previous_registration,972,2457,0.019588783101845284,0.015268957755621187,0.9313497681527259,103.60702850183593,-0.0060150512704557095,1,0.24789676244343795,0
real_20260702_150045_table1_cluster018_ransac_icp_voxel005_easy,real_previous_registration,973,1996,0.03982315501533574,0.023535754464977715,0.8852234573957121,213.02426938341304,0.2460758468720486,1,0.26328475023801273,0
real_20260702_150045_table1_cluster018_ransac_icp_voxel005_easy,real_previous_registration,974,2835,0.031175097052106308,0.002349144139474426,0.8950457279731864,235.26184786963483,0.15906454757099997,0,0.25412934537468307,0
real_20260702_150045_table1_cluster018_ransac_icp_voxel005_easy,real_previous_registration,975,1453,0.03687744103531977,0.005072986769372392,0.04851904126605941,95.99896949498621,0.28042528343144785,1,0.2911436321180325,0
real_20260702_150045_table1_cluster018_ransac_icp_voxel005_easy,real_previous_registration,976,1351,0.04002123510589816,0.03285461501005971,0.36352751898159247,97.18462149164827,0.18573278595095552,0,0.2398883122410717,0
real_20260702_150045_table1_cluster018_ransac_icp_voxel005_easy,real_previous_registration,977,1690,0.13482162622821503,0.11711507335250555,0.9921801308945055,70.19266640366007,-0.25867026126474285,0,0.23301390612769624,0
real_20260702_150045_table1_cluster018_ransac_icp_voxel005_easy,real_previous_registration,978,2806,0.043893973948446324,0.03510168878556401,0.27748804158339113,118.83429855897677,0.06669130998260557,0,0.2656468280622128,0
real_20260702_150045_table1_cluster018_ransac_icp_voxel005_easy,real_previous_registration,979,2380,0.03781545203222252,0.00890684611675066,0.6804880119678329,192.99017066991487,0.44674639586966053,0,0.23731484562835534,0
real_20260702_150045_table1_cluster018_ransac_icp_voxel005_easy,real_previous_registration,980,1014,0.020312219743573882,0.01850693198786195,0.8859807244297753,172.9504051662202,0.7688295366860902,1,0.27716033897413866,0
real_20260702_150045_table1_cluster018_ransac_icp_voxel005_easy,real_previous_registration,981,2189,0.03073851443402456,0.0256423409297909,0.8724715218292093,258.3230287203193,0.02553326629092883,1,0.250572390886671,0
real_20260702_150045_table1_cluster018_ransac_icp_voxel005_easy,real_previous_registration,982,3314,0.03158348085266536,0.029497094900877822,0.8619687898004909,260.9429949294065,0.19543211525584528,1,0.2519983900963258,0
real_20260702_150045_table1_cluster018_ransac_icp_voxel005_easy,real_previous_registration,983,2728,0.09368003734384968,0.0818198980006158,0.9929601316373384,252.19833618875757,-0.2929201661265946,0,0.21964610896707007,0
real_20260702_150045_table1_cluster018_ransac_icp_voxel005_easy,real_previous_registration,984,684,0.08851829034809337,0.061518999681004695,0.9790973869187214,126.71336735617622,1.5061363072149332,0,0.29418758215848634,0
real_20260702_150045_table1_cluster018_ransac_icp_voxel005_easy,real_previous_registration,985,1101,0.12850430121907883,0.12495905034594017,0.959261091678399,50.17991645057022,-0.22392736368719313,0,0.22824160666529641,0
real_20260702_150045_table1_cluster018_ransac_icp_voxel005_easy,real_previous_registration,986,2467,0.0492831532904707,0.036407129974294475,0.701822950743679,155.87843869214524,0.23602544984023766,1,0.27704223428627933,0
real_20260702_150045_table1_cluster018_ransac_icp_voxel005_easy,real_previous_registration,987,1307,0.036033671540727084,0.010241628588704931,0.8489141508990473,101.54195129352902,-0.05715835828444704,0,0.23353181729729802,0
real_20260702_150045_table1_cluster018_ransac_icp_voxel005_easy,real_previous_registration,988,1049,0.05835470179873392,0.03829526866975423,0.44112957817318577,228.12693154178683,1.006360757401321,0,0.2782688561601692,0
real_20260702_150045_table1_cluster018_ransac_icp_voxel005_easy,real_previous_registration,989,2258,0.058125296225648826,0.056308832293880784,0.9752177053535297,87.70674439727289,-0.12861726115553287,0,0.22410605376932846,0
real_20260702_150045_table1_cluster018_ransac_icp_voxel005_easy,real_previous_registration,990,3434,0.1628693162910346,0.11881762297370296,0.30060230113323866,212.34531206442273,2.7981060601031937,0,0.33262031932979114,0
real_20260702_150045_table1_cluster018_ransac_icp_voxel005_easy,real_previous_registration,991,2470,0.17923627938510797,0.09298349147489393,0.8440600009349656,137.00239123424168,0.6698896267297519,0,0.11438233259971355,0
real_20260702_150045_table1_cluster018_ransac_icp_voxel005_easy,real_previous_registration,992,1835,0.06032959961191738,0.048161749794717136,0.9456904793213179,182.76384907120155,0.30364572557767716,0,0.20296118595197407,0
real_20260702_150045_table1_cluster018_ransac_icp_voxel005_easy,real_previous_registration,993,1796,0.11511227818602053,0.07012592323014788,0.9185906476445177,308.68047084380976,-0.15601619685520723,0,0.1249887376850044,0
real_20260702_150045_table1_cluster018_ransac_icp_voxel005_easy,real_previous_registration,994,2004,0.02132121209003745,0.014698951908240297,0.05313496143855796,276.9217054792546,-0.12861724819259465,1,0.23440045519634586,0
real_20260702_150045_table1_cluster018_ransac_icp_voxel005_easy,real_previous_registration,995,127,0.14042282567921435,0.1329247801144404,0.9411200873856465,84.17956739966566,-0.25867026126474285,0,0.18454624440006184,0
real_20260702_150045_table1_cluster018_ransac_icp_voxel005_easy,real_previous_registration,996,1783,0.0893554972167946,0.019064932519284025,0.77181244290143,212.87994805714231,0.11461277198002577,0,0.2554454156850322,0
real_20260702_150045_table1_cluster018_ransac_icp_voxel005_easy,real_previous_registration,997,635,0.11763547744491501,0.07861790850869464,0.9288264160152511,118.98294781457403,0.1349670408439679,0,0.14384756628701575,0
real_20260702_150045_table1_cluster018_ransac_icp_voxel005_easy,real_previous_registration,998,736,0.03138745020290079,0.02431544807453629,0.9784823373486328,111.91146899288071,-0.07355755167234222,1,0.22153072348073036,0
real_20260702_150045_table1_cluster018_ransac_icp_voxel005_easy,real_previous_registration,999,3458,0.05172879107728859,0.006401808174769436,0.3224641264335364,75.71036793846034,0.9539930764145287,0,0.28558193810460497,0
real_20260702_150045_table1_cluster018_ransac_icp_voxel005_easy,real_previous_registration,1000,1249,0.06018230709087138,0.008154385042154728,0.7986320254851951,132.20006908514398,-0.04160596800420695,0,0.26343353487869786,0
real_20260702_150045_table1_cluster018_ransac_icp_voxel005_easy,real_previous_registration,1001,1192,0.06783578782196156,0.05325224333311123,0.35653202279271784,93.20402154607359,0.2682636789027266,0,0.1931036045233045,0
real_20260702_150045_table1_cluster018_ransac_icp_voxel005_easy,real_previous_registration,1002,3780,0.12201482762265765,0.09536357232590269,0.3568093167611483,139.1058968698254,1.4399933512246847,0,0.2652703529477286,0
real_20260702_150045_table1_cluster018_ransac_icp_voxel005_easy,real_previous_registration,1003,517,0.09873633849396256,0.07533210769204395,0.9930174307910866,268.71004082218224,-0.28276779309933636,0,0.26455375959961613,0
real_20260702_150045_table1_cluster018_ransac_icp_voxel005_easy,real_previous_registration,1004,3373,0.05467140631370932,0.03902791750447828,0.9205266204773745,103.89342431976326,0.2666951779316381,0,0.2059925671246927,0
real_20260702_150045_table1_cluster018_ransac_icp_voxel005_easy,real_previous_registration,1005,3084,0.09998660517541233,0.09701312962730714,0.8712518391087106,69.15747839079191,-0.14321606343259538,0,0.19415543973248697,0
real_20260702_150045_table1_cluster018_ransac_icp_voxel005_easy,real_previous_registration,1006,2665,0.05031269067869369,0.023754342750282095,0.8680517193845573,191.19312623281908,1.3428331168105658,0,0.2633059520570613,0
real_20260702_150045_table1_cluster018_ransac_icp_voxel005_easy,real_previous_registration,1007,2243,0.09589217747242654,0.09084658004639662,0.9893301652755531,281.6680233118394,-0.3062982716834104,0,0.2174473788957417,0
real_20260702_150045_table1_cluster018_ransac_icp_voxel005_easy,real_previous_registration,1008,3347,0.03524833873348233,0.0039287203576543455,0.44417151379542397,92.3028299479466,1.311742134396357,0,0.24834712820596055,0
real_20260702_150045_table1_cluster018_ransac_icp_voxel005_easy,real_previous_registration,1009,2470,0.14136530007643533,0.08353242688929083,0.8675912521882834,136.61602146635636,0.5919281440437796,0,0.19672137834184755,0
real_20260702_150045_table1_cluster018_ransac_icp_voxel005_easy,real_previous_registration,1010,2728,0.08512598288551713,0.0850216776395381,0.9930093667519638,247.96461680094845,-0.32928777193772163,1,0.20292317662723466,0
real_20260702_150045_table1_cluster018_ransac_icp_voxel005_easy,real_previous_registration,1011,2673,0.0685837781372781,0.06797153144486638,0.9472185818774561,86.45523721932766,0.017414166492016183,0,0.2114534733361039,0
real_20260702_150045_table1_cluster018_ransac_icp_voxel005_easy,real_previous_registration,1012,2815,0.05918105064854822,0.02204826689549754,0.8910747552719293,202.55188951778993,0.9181689145491648,0,0.2678079340076926,0
real_20260702_150045_table1_cluster018_ransac_icp_voxel005_easy,real_previous_registration,1013,3605,0.06980817900367145,0.04486594628835847,0.987721267812826,119.7341351335012,0.5337577179350826,0,0.21603306412941287,0
real_20260702_150045_table1_cluster018_ransac_icp_voxel005_easy,real_previous_registration,1014,1685,0.05731883398481462,0.026067425645464902,0.9638872832558033,274.7230692275411,-0.00798937954398208,0,0.3038036236262333,0
real_20260702_150045_table1_cluster018_ransac_icp_voxel005_easy,real_previous_registration,1015,2457,0.0632336624125833,0.059799895839927904,0.9685077917278947,97.1153268545087,-0.058658744561868204,0,0.22934766200800913,0
real_20260702_150045_table1_cluster018_ransac_icp_voxel005_easy,real_previous_registration,1016,3708,0.05678106657049355,0.0006045139964694496,0.21710765186964504,131.52287402673403,0.6409020154169298,0,0.22932074458069326,0
real_20260702_150045_table1_cluster018_ransac_icp_voxel005_easy,real_previous_registration,1017,2815,0.04059055444393967,0.03020308991224881,0.8904848168936697,213.81362791591818,0.896662722741699,0,0.27573987271933753,0
real_20260702_150045_table1_cluster018_ransac_icp_voxel005_easy,real_previous_registration,1018,2310,0.10232799331780883,0.07411325936190735,0.24603615810468518,113.08229512195744,2.1400586635318954,0,0.2975626308186011,0
real_20260702_150045_table1_cluster018_ransac_icp_voxel005_easy,real_previous_registration,1019,2380,0.03329926374302327,0.02128583070368659,0.7142250495473914,184.2054663902074,0.5127043215918523,0,0.25634966572853374,0
real_20260702_150045_table1_cluster018_ransac_icp_voxel005_easy,real_previous_registration,1020,3581,0.07010324432315677,0.047243909164626674,0.5051188261483025,115.85713576776766,1.0598495308362712,0,0.25408311324571164,0
real_20260702_150045_table1_cluster018_ransac_icp_voxel005_easy,real_previous_registration,1021,152,0.06626261366620752,0.03551185584277585,0.19983030127169862,125.60883222920293,-0.31635866013511355,0,0.28986672380049894,0
real_20260702_150045_table1_cluster018_ransac_icp_voxel005_easy,real_previous_registration,1022,1249,0.02095416384839418,0.015076572462324215,0.7607511192108951,126.01499812855256,-0.04160596800420695,1,0.2300062083879861,0
real_20260702_150045_table1_cluster018_ransac_icp_voxel005_easy,real_previous_registration,1023,173,0.04880824928401387,0.024759785507908836,0.6603491551329675,331.7557821177884,0.27239305565136457,0,0.20208126110009056,0
real_20260702_150045_table1_cluster018_ransac_icp_voxel005_easy,real_previous_registration,1024,3663,0.04787787486444377,0.022116101721395165,0.7462200182096408,101.5525259424794,-0.4561204133800938,0,0.25268890663056176,0
real_20260702_150045_table1_cluster018_ransac_icp_voxel005_easy,real_previous_registration,1025,2189,0.057772889880664306,0.01437108829035352,0.873024015071899,224.30291777827884,0.23910710102155394,0,0.2507933128422781,0
real_20260702_150045_table1_cluster018_ransac_icp_voxel005_easy,real_previous_registration,1026,92,0.06094112347866378,0.055712811574472755,0.9764670584954284,183.77421648615646,0.24074257086725018,1,0.23043432988279244,0
real_20260702_150045_table1_cluster018_ransac_icp_voxel005_easy,real_previous_registration,1027,3265,0.18472653707112008,0.16866261304977026,0.8629579993826646,117.9862277051491,0.5819207559771377,0,0.19103608329145275,0
real_20260702_150045_table1_cluster018_ransac_icp_voxel005_easy,real_previous_registration,1028,2693,0.10175533137787379,0.022775110854557457,0.7984348818923388,177.83986586306168,1.734596388736995,0,0.35893871212993494,0
real_20260702_150045_table1_cluster018_ransac_icp_voxel005_easy,real_previous_registration,1029,2912,0.09494748883834055,0.08937979467348273,0.8380144465726967,65.69337843617295,-0.09224966063540359,0,0.1866685059905167,0
real_20260702_150045_table1_cluster018_ransac_icp_voxel005_easy,real_previous_registration,1030,827,0.0854256938891657,0.07935135958070845,0.902425880289485,95.86616350095703,0.8522108488751529,0,0.18898807366490425,0
real_20260702_150045_table1_cluster018_ransac_icp_voxel005_easy,real_previous_registration,1031,1435,0.04421029028976438,0.0017731156847419875,0.3961916174130884,160.35240081466625,1.188681747530375,0,0.1957889747381607,0
real_20260702_150045_table1_cluster018_ransac_icp_voxel005_easy,real_previous_registration,1032,3733,0.061374895903639475,0.020742093151793806,0.9951550888450225,78.97339129582036,0.2666951779316381,0,0.29776534851154374,0
real_20260702_150045_table1_cluster018_ransac_icp_voxel005_easy,real_previous_registration,1033,298,0.02710995416093708,0.00266562037370891,0.6584474710903919,123.378284201802,-0.05715835828444704,0,0.23122516027884632,0
real_20260702_150045_table1_cluster018_ransac_icp_voxel005_easy,real_previous_registration,1034,1123,0.010659661616412748,0.009083795088077683,0.7713721656215415,219.8401204332865,0.6918685962905708,1,0.26795923246682846,0
real_20260702_150045_table1_cluster018_ransac_icp_voxel005_easy,real_previous_registration,1035,2105,0.03958363677765149,0.022069017319594188,0.8648473214511846,228.9498741756703,0.5752246121020936,0,0.22786748959417116,0
real_20260702_150045_table1_cluster018_ransac_icp_voxel005_easy,real_previous_registration,1036,3605,0.050526997934927965,0.04873675058110998,0.9584829350319505,152.15240167761323,0.5943823042123225,0,0.2339988457694993,0
real_20260702_150045_table1_cluster018_ransac_icp_voxel005_easy,real_previous_registration,1037,1331,0.08240097180719454,0.08134689687083715,0.9707458534078168,280.07689716505297,-0.2717179560784123,0,0.18958271674324598,0
real_20260702_150045_table1_cluster018_ransac_icp_voxel005_easy,real_previous_registration,1038,2477,0.07473986783262096,0.03459020575201555,0.12727882843448468,219.4344567644242,0.23602544984023766,0,0.28040624164025535,0
real_20260702_150045_table1_cluster018_ransac_icp_voxel005_easy,real_previous_registration,1039,877,0.07357463776735235,0.05848272815892699,0.9414521032844357,81.42076025237094,0.3132151204888994,0,0.18806683554289136,0
real_20260702_150045_table1_cluster018_ransac_icp_voxel005_easy,real_previous_registration,1040,396,0.10757857293136612,0.09512676787772846,0.9318080269370457,198.7910569110875,0.4955362669660947,0,0.21178422913514122,0
real_20260702_150045_table1_cluster018_ransac_icp_voxel005_easy,real_previous_registration,1041,806,0.02697942892713319,0.010640248358097718,0.7008358802837186,109.43060593026925,0.028444492753690147,1,0.23257352981029372,0
real_20260702_150045_table1_cluster018_ransac_icp_voxel005_easy,real_previous_registration,1042,2004,0.04123231182247447,0.03248486165552459,0.05380450889916137,300.73253905572204,-0.12861724819259465,0,0.19285650387561867,0
real_20260702_150045_table1_cluster018_ransac_icp_voxel005_easy,real_previous_registration,1043,3155,0.06787661866060696,0.03723541655243317,0.11068891149907678,120.8669235313714,0.4185754594273908,0,0.1789095900084851,0
real_20260702_150045_table1_cluster018_ransac_icp_voxel005_easy,real_previous_registration,1044,815,0.11214497907748146,0.10414393562000547,0.9977459667809851,224.36051608109696,-0.4405560588721294,0,0.23178616080330777,0
real_20260702_150045_table1_cluster018_ransac_icp_voxel005_easy,real_previous_registration,1045,506,0.056085353750568764,0.02240104537807199,0.35447007641207134,67.34382381286767,0.4904213598886199,0,0.24881984809152424,0
real_20260702_150045_table1_cluster018_ransac_icp_voxel005_easy,real_previous_registration,1046,1305,0.04481404750985577,0.015949778644518735,0.22475898889800466,125.30079083549667,0.2816666538462361,0,0.26585563827163444,0
real_20260702_150045_table1_cluster018_ransac_icp_voxel005_easy,real_previous_registration,1047,3265,0.1645591941370263,0.14279665330737557,0.7667135809396941,129.5427153599908,0.8781863157102772,0,0.21682841050409152,0
real_20260702_150045_table1_cluster018_ransac_icp_voxel005_easy,real_previous_registration,1048,925,0.030672422534409532,0.015563112335375353,0.7340457154600527,277.4740600166955,0.2768473876939049,1,0.2399927218601057,0
real_20260702_150045_table1_cluster018_ransac_icp_voxel005_easy,real_previous_registration,1049,1524,0.06547535304862162,0.044675984202694224,0.38416237754561156,97.50452765983268,-0.01083433059164844,0,0.2899311359235343,0
real_20260702_150045_table1_cluster018_ransac_icp_voxel005_easy,real_previous_registration,1050,3733,0.04008102991635821,0.011562917171411592,0.913371964129276,65.09102822974384,-0.01420701558784682,1,0.22856601380440075,0
real_20260702_150045_table1_cluster018_ransac_icp_voxel005_easy,real_previous_registration,1051,1264,0.08986776802607625,0.08856891738029443,0.26505629279230014,82.21338678696488,0.20162403912130955,0,0.2888612211757043,0
real_20260702_150045_table1_cluster018_ransac_icp_voxel005_easy,real_previous_registration,1052,2969,0.09055167879241954,0.07557896105879178,0.23467221366800917,95.89034556751423,0.6698896267297519,0,0.18825594095855208,0
real_20260702_150045_table1_cluster018_ransac_icp_voxel005_easy,real_previous_registration,1053,2470,0.07457845905587432,0.07367397972270623,0.980256733032878,139.55463233727633,0.3132149935050318,1,0.20538712260910333,0
real_20260702_150045_table1_cluster018_ransac_icp_voxel005_easy,real_previous_registration,1054,118,0.06702111050015008,0.04320473869482967,0.004248120476067374,268.1103806531938,0.5404317441906371,0,0.27440194585519945,0
real_20260702_150045_table1_cluster018_ransac_icp_voxel005_easy,real_previous_registration,1055,1046,0.04151875784335338,0.00861614082252003,0.27186240103027326,203.96949660663753,0.029011542668771883,1,0.2709283721137998,0
real_20260702_150045_table1_cluster018_ransac_icp_voxel005_easy,real_previous_registration,1056,91,0.04404845000478416,0.019470107382344972,0.9135121935632583,136.4618619781988,-0.01420701558784682,0,0.20989637357073523,0
real_20260702_150045_table1_cluster018_ransac_icp_voxel005_easy,real_previous_registration,1057,880,0.163250128018558,0.16166738744142803,0.38598511230476684,163.30013405354075,0.032312963250538215,0,0.1370328529499886,0
real_20260702_150045_table1_cluster018_ransac_icp_voxel005_easy,real_previous_registration,1058,1309,0.06087197402641732,0.05047853853416639,0.8147993712094552,207.88518438975802,-0.29641054793709365,1,0.3021308014351506,0
real_20260702_150045_table1_cluster018_ransac_icp_voxel005_easy,real_previous_registration,1059,199,0.13083180242532413,0.10885494755839753,0.9381940842270722,66.40926884335484,-0.2156285843573131,0,0.15425883762830334,0
real_20260702_150045_table1_cluster018_ransac_icp_voxel005_easy,real_previous_registration,1060,3375,0.04710206792192737,0.04612320161418651,0.8680421381427175,73.02277189350531,-0.007989384788726989,1,0.20941937130894778,0
real_20260702_150045_table1_cluster018_ransac_icp_voxel005_easy,real_previous_registration,1061,1121,0.080275667750757,0.07384980876790317,0.8989940597889837,215.59086401371485,0.4002262417069735,0,0.18481135335234172,0
real_20260702_150045_table1_cluster018_ransac_icp_voxel005_easy,real_previous_registration,1062,960,0.07382163030215454,0.022541589962212644,0.5034657001046438,86.29110280712948,-0.25867026126474285,0,0.16174569733259936,0
real_20260702_150045_table1_cluster018_ransac_icp_voxel005_easy,real_previous_registration,1063,235,0.12636109024194678,0.02030786729125312,0.8270113401470699,159.5845563849468,1.916916812204681,0,0.23709988401182078,0
real_20260702_150045_table1_cluster018_ransac_icp_voxel005_easy,real_previous_registration,1064,91,0.08430126699586415,0.07245554872717776,0.9838850974303051,87.7654388706018,0.2035163149081309,0,0.2273322754666931,0
real_20260702_150045_table1_cluster018_ransac_icp_voxel005_easy,real_previous_registration,1065,2969,0.10463394742309255,0.10449235708435506,0.9509904774176554,97.32783865219938,0.5645291916274194,0,0.19707086445750432,0
real_20260702_150045_table1_cluster018_ransac_icp_voxel005_easy,real_previous_registration,1066,1049,0.0899573260568996,0.07070611576673587,0.4964670699957072,174.9731109786576,1.1398920205616834,0,0.33228220276286047,0
real_20260702_150045_table1_cluster018_ransac_icp_voxel005_easy,real_previous_registration,1067,648,0.07748309857645473,0.05337896736696091,0.9567698614911216,88.47513009834434,-0.37373950091174296,0,0.2570119375399457,0
real_20260702_150045_table1_cluster018_ransac_icp_voxel005_easy,real_previous_registration,1068,2483,0.027473920173451762,0.007896183839645635,0.11148895751841462,265.65323635438136,-0.23397766940606135,0,0.2224087678955883,0
real_20260702_150045_table1_cluster018_ransac_icp_voxel005_easy,real_previous_registration,1069,2258,0.08552212047680544,0.06307930464678653,0.9475626043600825,92.80785578143646,-0.19761006359493427,0,0.2897467199873754,0
real_20260702_150045_table1_cluster018_ransac_icp_voxel005_easy,real_previous_registration,1070,3531,0.07467133415982202,0.04505723217834059,0.9594680157678122,92.06898954093737,0.4393663042285825,0,0.1674997721835726,0
real_20260702_150045_table1_cluster018_ransac_icp_voxel005_easy,real_previous_registration,1071,3597,0.09858763835754336,0.08461032625611584,0.9988948250309676,76.3789694865723,0.02091433344877533,0,0.18111468706212736,0
real_20260702_150045_table1_cluster018_ransac_icp_voxel005_easy,real_previous_registration,1072,1796,0.12001641497434011,0.11005335029966684,0.9186098955278208,277.65424337193,-0.15601619685520723,0,0.21666680667827132,0
real_20260702_150045_table1_cluster018_ransac_icp_voxel005_easy,real_previous_registration,1073,2806,0.028815565692118832,0.01380903524575923,0.2718702084307725,125.45156762198593,0.03390151834238077,0,0.23457200688901977,0
real_20260702_150045_table1_cluster018_ransac_icp_voxel005_easy,real_previous_registration,1074,1123,0.015001114619240844,0.0104579069848834,0.7737009634277829,220.39488950769515,0.6474168623758448,0,0.2575056066135926,0
real_20260702_150045_table1_cluster018_ransac_icp_voxel005_easy,real_previous_registration,1075,1203,0.1527910570588232,0.15035098772366012,0.8477287486397639,139.41793310580857,0.453863880443319,0,0.14456642503625564,0
real_20260702_150045_table1_cluster018_ransac_icp_voxel005_easy,real_previous_registration,1076,3580,0.10531909397729906,0.09369213022968167,0.9641434518262507,263.97381320189083,0.19680478899457893,0,0.22052609438712156,0
real_20260702_150045_table1_cluster018_ransac_icp_voxel005_easy,real_previous_registration,1077,2482,0.10357077782977868,0.10190962529097403,0.8991514109140608,135.98134918095172,0.6757549466203765,0,0.18009367324573347,0
real_20260702_150045_table1_cluster018_ransac_icp_voxel005_easy,real_previous_registration,1078,1630,0.11448129535394695,0.1136882493885212,0.9121736639136967,95.90912504063077,-0.28988528215600995,0,0.21367559733481425,0
real_20260702_150045_table1_cluster018_ransac_icp_voxel005_easy,real_previous_registration,1079,332,0.08590731247564348,0.062092438840738604,0.7907874968686222,294.5669668243249,0.7781025898514247,0,0.1880404238050766,0
real_20260702_150045_table1_cluster018_ransac_icp_voxel005_easy,real_previous_registration,1080,3597,0.13032272466760794,0.08417300762675903,0.953098289617051,59.69518587749586,0.30859613738229014,0,0.27623520649990607,0
real_20260702_150045_table1_cluster018_ransac_icp_voxel005_easy,real_previous_registration,1081,1909,0.10254530352835907,0.06815896601396464,0.9734122777917075,265.97214865871206,-0.016825953223575534,0,0.2628848375522184,0
real_20260702_150045_table1_cluster018_ransac_icp_voxel005_easy,real_previous_registration,1082,2753,0.0354135352328012,0.00022919728017973748,0.8823230056388836,151.02781120357025,1.545356998060535,0,0.2692863441999243,0
real_20260702_150045_table1_cluster018_ransac_icp_voxel005_easy,real_previous_registration,1083,988,0.03396154977323556,0.03273586921954762,0.9820367771775907,159.80618898125817,0.632848563582491,1,0.248083522048174,0
real_20260702_150045_table1_cluster018_ransac_icp_voxel005_easy,real_previous_registration,1084,3142,0.108816098272846,0.08899047157643651,0.5274945520422025,324.7993265289874,-0.06407870668487364,0,0.17220338922940126,0
real_20260702_150045_table1_cluster018_ransac_icp_voxel005_easy,real_previous_registration,1085,304,0.0728085182930371,0.049405704800495914,0.19893023925018624,106.246438170306,1.0619309232910807,0,0.3060718450560286,0
real_20260702_150045_table1_cluster018_ransac_icp_voxel005_easy,real_previous_registration,1086,880,0.1521807335954842,0.136242686326804,0.4140129698517905,182.92588511464845,0.27154248555398186,0,0.19309580759427009,0
real_20260702_150045_table1_cluster018_ransac_icp_voxel005_easy,real_previous_registration,1087,1297,0.0827340708049765,0.0752220536457304,0.5043071318859678,310.1717047188947,0.8522094376970214,0,0.30192584888599017,0
real_20260702_150045_table1_cluster018_ransac_icp_voxel005_easy,real_previous_registration,1088,2470,0.17856712007123066,0.03920489739756231,0.19909051342871403,157.43326971029103,0.7186797563753987,0,0.19158047243920942,0
real_20260702_150045_table1_cluster018_ransac_icp_voxel005_easy,real_previous_registration,1089,2470,0.1555018410730452,0.034388129843452256,0.3390214204129707,151.1791937523172,0.8096514745397574,0,0.18456060356057327,0
real_20260702_150045_table1_cluster018_ransac_icp_voxel005_easy,real_previous_registration,1090,806,0.04453631189713144,0.0366334264785473,0.4946411350238379,105.0386591170081,0.15906459258893665,0,0.1950528868410817,0
real_20260702_150045_table1_cluster018_ransac_icp_voxel005_easy,real_previous_registration,1091,3265,0.18913233212782393,0.16165625777808093,0.7667135809396932,133.00733749533885,0.7699728160516627,0,0.22685550488288966,0
real_20260702_150045_table1_cluster018_ransac_icp_voxel005_easy,real_previous_registration,1092,91,0.02305584954458201,0.008390985812669664,0.9303985231509689,129.24400511548254,-0.01420701558784682,1,0.2430171508950184,0
real_20260702_150045_table1_cluster018_ransac_icp_voxel005_easy,real_previous_registration,1093,91,0.06791785407983673,0.06100369930405996,0.9336125589736689,116.0729667274315,0.01246121086844123,0,0.2254551566759662,0
real_20260702_150045_table1_cluster018_ransac_icp_voxel005_easy,real_previous_registration,1094,329,0.07005251881198915,0.01531371669447438,0.8804893206850233,106.82104625043154,1.0619309232910807,0,0.2691082970349898,0
real_20260702_150045_table1_cluster018_ransac_icp_voxel005_easy,real_previous_registration,1095,2300,0.06936433879924714,0.005578872747676336,0.862867168605543,91.54374596296822,0.9857422529343309,0,0.2705802297667473,0
real_20260702_150045_table1_cluster018_ransac_icp_voxel005_easy,real_previous_registration,1096,1435,0.08633086774491718,0.01244935400525081,0.451373701265468,199.90595797708215,1.1145738550468973,0,0.17039799350323995,0
real_20260702_150045_table1_cluster018_ransac_icp_voxel005_easy,real_previous_registration,1097,3453,0.06294348587854691,0.05339793673827153,0.9858134739912906,92.72837381080855,0.15906454757099997,0,0.24978966326265833,0
real_20260702_150045_table1_cluster018_ransac_icp_voxel005_easy,real_previous_registration,1098,880,0.09664286488030634,0.09117482508624544,0.3996389236979746,209.26245637946337,-0.08209729292318987,0,0.16187396307468327,0
real_20260702_150045_table1_cluster018_ransac_icp_voxel005_easy,real_previous_registration,1099,958,0.03246973079537,0.02189426193130691,0.03719053811209985,287.044365675323,0.38958794692386595,0,0.24059541644810958,0
real_20260702_150045_table1_cluster018_ransac_icp_voxel005_easy,real_previous_registration,1100,3134,0.067685640725162,0.055491550275988316,0.931415600637164,91.22640070617474,-0.20093786343288195,0,0.22752346728370074,0
real_20260702_150045_table1_cluster018_ransac_icp_voxel005_easy,real_previous_registration,1101,2110,0.03855735700208664,0.01369271580811178,0.8726611132498633,299.1666188883092,-0.3264426163451087,1,0.2517416820252367,0
real_20260702_150045_table1_cluster018_ransac_icp_voxel005_easy,real_previous_registration,1102,1459,0.06291208478197875,0.056659530243008474,0.9055575286089155,97.43034674902049,-0.07934624373381696,0,0.24170238831856858,0
real_20260702_150045_table1_cluster018_ransac_icp_voxel005_easy,real_previous_registration,1103,1459,0.11647323290379398,0.08484638341751047,0.9502023301919893,118.7706139809206,-0.07934624373381696,0,0.15424933199352037,0
real_20260702_150045_table1_cluster018_ransac_icp_voxel005_easy,real_previous_registration,1104,925,0.06666015034509204,0.006667747290167257,0.7340969004660008,247.33262305153946,0.19988643248360638,0,0.25698383475631015,0
real_20260702_150045_table1_cluster018_ransac_icp_voxel005_easy,real_previous_registration,1105,1203,0.12633127980771316,0.1259159907929016,0.8571217234107187,137.89502338853893,0.5740081224339577,0,0.18001402402175173,0
real_20260702_150045_table1_cluster018_ransac_icp_voxel005_easy,real_previous_registration,1106,3580,0.10459640164922056,0.10293561116695364,0.9640764500585953,254.24343184707212,0.15906450232222807,1,0.1702657689387036,0
real_20260702_150045_table1_cluster018_ransac_icp_voxel005_easy,real_previous_registration,1107,3597,0.11448034770384796,0.0837364485742454,0.9988832587494682,71.88167480963337,-0.05604662176152312,0,0.14514006737675642,0
real_20260702_150045_table1_cluster018_ransac_icp_voxel005_easy,real_previous_registration,1108,116,0.05974485562272729,0.01024243491465587,0.28201413324831776,67.6128060961132,0.2962655597331395,0,0.28506263012830085,0
real_20260702_150045_table1_cluster018_ransac_icp_voxel005_easy,real_previous_registration,1109,1305,0.06823971552374565,0.06329456182881496,0.017203733348957362,118.6396829172103,0.3908658304267346,0,0.24263601927192377,0
real_20260702_150045_table1_cluster018_ransac_icp_voxel005_easy,real_previous_registration,1110,3051,0.05496893500783828,0.04908360827362995,0.9952368701146047,125.86506239477596,0.42142837448261666,1,0.1971470759659554,0
real_20260702_150045_table1_cluster018_ransac_icp_voxel005_easy,real_previous_registration,1111,1049,0.12759773625663623,0.008558060579023405,0.5410104182451279,179.28572947038617,1.0753535598407225,0,0.3111662898142673,0
real_20260702_150045_table1_cluster018_ransac_icp_voxel005_easy,real_previous_registration,1112,2015,0.06845910197056529,0.05501550635665809,0.5158471271728596,132.2102345739405,1.0414520414983415,0,0.2039259381012046,0
real_20260702_150045_table1_cluster018_ransac_icp_voxel005_easy,real_previous_registration,1113,752,0.11973627752960939,0.11674736004698799,0.33751321778967436,177.53403507998712,2.030859486951397,0,0.3472482336676422,0
real_20260702_150045_table1_cluster018_ransac_icp_voxel005_easy,real_previous_registration,1114,2996,0.0373366963344105,0.02392439020136565,0.9223914849254229,104.17846535551965,0.13239633659456082,0,0.20696021164075915,0
real_20260702_150045_table1_cluster018_ransac_icp_voxel005_easy,real_previous_registration,1115,3038,0.1005043311834868,0.06095827153873,0.9838067129176052,281.88950592166805,0.5306275510631152,0,0.27994003815261015,0
real_20260702_150045_table1_cluster018_ransac_icp_voxel005_easy,real_previous_registration,1116,3605,0.10238947593479654,0.0570565321191425,0.9571110909973425,132.89884802248997,0.4911981297843865,0,0.26636159515184915,0
real_20260702_150045_table1_cluster018_ransac_icp_voxel005_easy,real_previous_registration,1117,635,0.05082244951307814,0.03699120399111222,0.9870697882317124,135.62581440307721,0.27154248555398186,0,0.24029082418432735,0
real_20260702_150045_table1_cluster018_ransac_icp_voxel005_easy,real_previous_registration,1118,752,0.06052745078010282,0.01672344704696595,0.5866481085924594,123.31114693872036,2.3281107236064202,0,0.2751623587509165,0
real_20260702_150045_table1_cluster018_ransac_icp_voxel005_easy,real_previous_registration,1119,304,0.053137625187069146,0.05153818818513803,0.2688298299252359,101.46691866891271,0.9167490359126955,0,0.2805478311485234,0
real_20260702_150045_table1_cluster018_ransac_icp_voxel005_easy,real_previous_registration,1120,298,0.05480652018258407,0.009429325736100462,0.7356929498446958,162.9056813628564,-0.09224964238146768,0,0.2234818593788289,0
real_20260702_150045_table1_cluster018_ransac_icp_voxel005_easy,real_previous_registration,1121,3605,0.05713571321763769,0.041840868571877146,0.9496238757863723,146.5126964167416,0.6515406864618747,0,0.20172741915012524,0
real_20260702_150045_table1_cluster018_ransac_icp_voxel005_easy,real_previous_registration,1122,3605,0.07362051097006031,0.06587274406549182,0.9532541316590661,153.74156889767417,0.613800379134287,0,0.1938973387488529,0
real_20260702_150045_table1_cluster018_ransac_icp_voxel005_easy,real_previous_registration,1123,676,0.1504096126765182,0.13907125450853383,0.7356532120472513,256.81901017147663,0.23602544984023766,0,0.14677822436066304,0
real_20260702_150045_table1_cluster018_ransac_icp_voxel005_easy,real_previous_registration,1124,2446,0.12159651340967573,0.121321857231985,0.8570480225948767,185.4215758193108,0.5645293138493974,0,0.18184647030174914,0
real_20260702_150045_table1_cluster018_ransac_icp_voxel005_easy,real_previous_registration,1125,2693,0.08256763995697287,0.06629495015707379,0.6160282985381627,92.70218927798115,1.893660936307995,0,0.2915307124411705,0
real_20260702_150045_table1_cluster018_ransac_icp_voxel005_easy,real_previous_registration,1126,2884,0.043882276678964605,0.028241963012349845,0.3790081410310676,218.02664368373104,-0.25867026126474285,0,0.2503472502774641,0
real_20260702_150045_table1_cluster018_ransac_icp_voxel005_easy,real_previous_registration,1127,396,0.10144929546977344,0.07408712068805755,0.9318281354368946,172.21905248717505,0.1077712265582064,0,0.3017237423088608,0
real_20260702_150045_table1_cluster018_ransac_icp_voxel005_easy,real_previous_registration,1128,379,0.009779235498220679,0.0030262619520115153,0.16018091085047614,128.57669344759896,-0.027521240765251306,1,0.24346435202418573,0
real_20260702_150045_table1_cluster018_ransac_icp_voxel005_easy,real_previous_registration,1129,471,0.05028930360794658,0.03705251355371594,0.456042579605219,106.63326304289772,1.2199339929283015,0,0.2507316808504164,0
real_20260702_150045_table1_cluster018_ransac_icp_voxel005_easy,real_previous_registration,1130,2587,0.06801186738855303,0.059218575906684896,0.9252930598973508,204.43745948171082,0.45631573897725164,0,0.2483669743804486,0
real_20260702_150045_table1_cluster018_ransac_icp_voxel005_easy,real_previous_registration,1131,2502,0.028937283972692473,0.025337151026087204,0.905142112177068,228.48840271914437,0.8522109888269731,1,0.24203856104463672,0
real_20260702_150045_table1_cluster018_ransac_icp_voxel005_easy,real_previous_registration,1132,1035,0.03290025347454599,0.018450861115125488,0.01280877293891345,85.62427752530861,-0.611640292255257,1,0.2096984999835635,0
real_20260702_150045_table1_cluster018_ransac_icp_voxel005_easy,real_previous_registration,1133,288,0.034100555223908466,0.01469755020283062,0.03416572998666612,162.03444555867495,-0.06407879239887242,1,0.23496516517239313,0
real_20260702_150045_table1_cluster018_ransac_icp_voxel005_easy,real_previous_registration,1134,2693,0.04980257082036978,0.00462485658979395,0.7981179734905781,142.90418078550897,1.4583433302902864,0,0.2787774836802735,0
real_20260702_150045_table1_cluster018_ransac_icp_voxel005_easy,real_previous_registration,1135,2587,0.05375527880866079,0.04749154594205588,0.9236416074593942,210.5780335905412,0.5898470280304262,0,0.209410809563313,0
real_20260702_150045_table1_cluster018_ransac_icp_voxel005_easy,real_previous_registration,1136,2827,0.030864331182264445,0.028744958303476953,0.9160141767807385,225.02136400845805,0.22158483362492187,0,0.24347516957260507,0
real_20260702_150045_table1_cluster018_ransac_icp_voxel005_easy,real_previous_registration,1137,1780,0.06847763207705503,0.006038647062882386,0.401652868448323,274.99880110157295,0.32611849257982106,0,0.2954219365467511,0
real_20260702_150045_table1_cluster018_ransac_icp_voxel005_easy,real_previous_registration,1138,958,0.02924985432912711,0.00499873471174465,0.04069371269603783,281.0440020511242,0.5008134922508811,1,0.2734835274427288,0
real_20260702_150045_table1_cluster018_ransac_icp_voxel005_easy,real_previous_registration,1139,2502,0.09245082690283013,0.06309488508894082,0.8933614436635307,216.9881473021776,0.8746838300325767,0,0.17481648789241802,0
real_20260702_150045_table1_cluster018_ransac_icp_voxel005_easy,real_previous_registration,1140,1780,0.07564688109381815,0.05609054283253289,0.3817353451487734,257.9609835502909,0.5543769928078938,0,0.23839330605830247,0
real_20260702_150045_table1_cluster018_ransac_icp_voxel005_easy,real_previous_registration,1141,2133,0.08965386892852571,0.023517632290130153,0.021969885020730648,108.00113468773351,0.7981436700025047,0,0.22534073873056715,0
real_20260702_150045_table1_cluster018_ransac_icp_voxel005_easy,real_previous_registration,1142,1685,0.05428932547565404,0.030857171763336178,0.9644205286164949,246.22855535755775,0.15906450232222807,0,0.25698370191280684,0
real_20260702_150045_table1_cluster018_ransac_icp_voxel005_easy,real_previous_registration,1143,3288,0.04551726630031423,0.042565879880873674,0.9076616018985848,222.27310844158103,0.446746426803954,0,0.22970639236187954,0
real_20260702_150045_table1_cluster018_ransac_icp_voxel005_easy,real_previous_registration,1144,1783,0.07136471704192651,0.004168808425404531,0.773135297554883,221.24930190068017,-0.14321594962212542,0,0.22732026403596808,0
real_20260702_150045_table1_cluster018_ransac_icp_voxel005_easy,real_previous_registration,1145,3065,0.06378234007548965,0.009328717599324061,0.362452413178151,204.62982858295013,1.845457922296533,1,0.24677859249752826,0
real_20260702_150045_table1_cluster018_ransac_icp_voxel005_easy,real_previous_registration,1146,1248,0.038351089578731214,0.022335692187907413,0.267959962171539,227.4100157687767,0.04986534563558303,0,0.25843805334444275,0
real_20260702_150045_table1_cluster018_ransac_icp_voxel005_easy,real_previous_registration,1147,402,0.04540226041901802,0.014075070800461945,0.5063078948312686,104.34859088036588,0.30014302574469676,1,0.27364026588703644,0
real_20260702_150045_table1_cluster018_ransac_icp_voxel005_easy,real_previous_registration,1148,3697,0.04811573009804003,0.03188958057534238,0.7614367472531423,299.80893004533135,-0.09876425424486582,0,0.2740057787450145,0
real_20260702_150045_table1_cluster018_ransac_icp_voxel005_easy,real_previous_registration,1149,2470,0.13497940704852734,0.08730007089377173,0.9770155458245218,152.06796173264348,0.2768473876939049,0,0.1551429513709668,0
real_20260702_150045_table1_cluster018_ransac_icp_voxel005_easy,real_previous_registration,1150,3042,0.07042817489853764,0.06781924231122824,0.9058431918733064,151.68746176659468,0.019302738124104282,1,0.2352710349522206,0
real_20260702_150045_table1_cluster018_ransac_icp_voxel005_easy,real_previous_registration,1151,2457,0.024852992714171827,0.012505474179298448,0.9468019779888277,104.49815775911732,-0.0060150512704557095,0,0.2573324863672386,0
real_20260702_150045_table1_cluster018_ransac_icp_voxel005_easy,real_previous_registration,1152,827,0.11216192118911769,0.0724766133466113,0.9991411414991771,111.65491036594557,0.7981436700025047,0,0.2638074913308766,0
real_20260702_150045_table1_cluster018_ransac_icp_voxel005_easy,real_previous_registration,1153,635,0.055236776835418465,0.043821983271737655,0.9650485413812627,171.3393025013929,0.35322046817445224,0,0.2612867874889802,0
real_20260702_150045_table1_cluster018_ransac_icp_voxel005_easy,real_previous_registration,1154,510,0.09788461411515452,0.08125986503353685,0.9845418634516152,251.30017336927887,-0.43298597707888936,0,0.2466658924964693,0
real_20260702_150045_table1_cluster018_ransac_icp_voxel005_easy,real_previous_registration,1155,635,0.03525895433301014,0.031507823026193496,0.9706010331648884,160.76908938836974,0.3726385430964167,1,0.24840925302774905,0
real_20260702_150045_table1_cluster018_ransac_icp_voxel005_easy,real_previous_registration,1156,199,0.10856805992107947,0.10364890825675432,0.929844978599297,70.14107565457978,-0.15678813455078716,0,0.17556575741465943,0
real_20260702_150045_table1_cluster018_ransac_icp_voxel005_easy,real_previous_registration,1157,659,0.12432288356422497,0.11019605652129486,0.9923301181289294,158.44081894779205,-0.12861724819259465,0,0.21311305379324477,0
real_20260702_150045_table1_cluster018_ransac_icp_voxel005_easy,real_previous_registration,1158,2712,0.03669683106907071,0.019727880541545843,0.9664968676186855,308.04648027744105,-0.07145888990814764,0,0.2291695827164386,0
real_20260702_150045_table1_cluster018_ransac_icp_voxel005_easy,real_previous_registration,1159,1435,0.056577899465508265,0.04822357772847229,0.37787530020217863,153.70667203553205,1.2237730316273956,0,0.23162277001278778,0
real_20260702_150045_table1_cluster018_ransac_icp_voxel005_easy,real_previous_registration,1160,3241,0.0534836660759354,0.04319077539592202,0.812902483431663,115.93124639146934,0.44674645297912874,0,0.23151701297689642,0
real_20260702_150045_table1_cluster018_ransac_icp_voxel005_easy,real_previous_registration,1161,2753,0.0647766146985893,0.04602109559785267,0.8947001231223296,110.95931309003086,1.5259389231385705,0,0.3257007554005012,0
real_20260702_150045_table1_cluster018_ransac_icp_voxel005_easy,real_previous_registration,1162,2753,0.042816788152503636,0.020963897657624672,0.9031904406424336,124.66255306303341,1.5644051825087388,0,0.3020269620082148,0
real_20260702_150045_table1_cluster018_ransac_icp_voxel005_easy,real_previous_registration,1163,687,0.11093151774780353,0.09803264880453057,0.9908862917346357,259.37325434348605,-0.3205080797716874,0,0.22254273790569284,0
real_20260702_150045_table1_cluster018_ransac_icp_voxel005_easy,real_previous_registration,1164,3437,0.06969877681191468,0.016869642607440703,0.8960515533125618,241.24319313044887,-0.2856208384269229,0,0.1777681037347511,0
real_20260702_150045_table1_cluster018_ransac_icp_voxel005_easy,real_previous_registration,1165,2684,0.0541445014695835,0.05274360687208349,0.27596693860558746,123.76901231123045,-0.11964859104408025,0,0.28666070099030255,0
real_20260702_150045_table1_cluster018_ransac_icp_voxel005_easy,real_previous_registration,1166,3265,0.1982091775190906,0.1931307578620513,0.9036432445858669,87.57631214481094,0.3926789646717127,0,0.17058248515206775,0
real_20260702_150045_table1_cluster018_ransac_icp_voxel005_easy,real_previous_registration,1167,254,0.15923910841923078,0.15447601364673294,0.4614853736313459,250.0830864472823,0.7781025898514247,0,0.09671187762017812,1
real_20260702_150045_table1_cluster018_ransac_icp_voxel005_easy,real_previous_registration,1168,1783,0.08530726292474582,0.042362931803846066,0.7729563163057555,278.2654399807888,-0.14321594962212542,0,0.33679066689252346,0
real_20260702_150045_table1_cluster018_ransac_icp_voxel005_easy,real_previous_registration,1169,1308,0.10738440974768425,0.07858562695681158,0.8563728522490155,120.20121310633226,0.7315830855371337,0,0.24195208793589554,0
real_20260702_150045_table1_cluster018_ransac_icp_voxel005_easy,real_previous_registration,1170,2338,0.049060566685158694,0.005360677325826934,0.8706813530849498,290.45330678624396,-0.08209725829122837,0,0.27243670151812915,0
real_20260702_150045_table1_cluster018_ransac_icp_voxel005_easy,real_previous_registration,1171,279,0.06833296826825792,0.06367075169223887,0.9912837144946299,91.0780281651976,-0.22659761324125355,0,0.20258098632302385,0
real_20260702_150045_table1_cluster018_ransac_icp_voxel005_easy,real_previous_registration,1172,3605,0.08268702466982572,0.06798838691076282,0.9599930019184517,133.86118377254928,0.4911981297843865,0,0.21105930174761783,0
real_20260702_150045_table1_cluster018_ransac_icp_voxel005_easy,real_previous_registration,1173,988,0.05294597899906277,0.036525945705473226,0.963340984348163,131.2811961775421,0.4911981297843865,0,0.22547719163635763,0
real_20260702_150045_table1_cluster018_ransac_icp_voxel005_easy,real_previous_registration,1174,2617,0.10164348263918849,0.10011127621569817,0.951831950374682,72.41777696902189,-0.13573474042386585,0,0.1951189000789092,0
real_20260702_150045_table1_cluster018_ransac_icp_voxel005_easy,real_previous_registration,1175,3679,0.05995137412577242,0.05299335718475593,0.9971179718205381,78.03002328807445,-0.023256843116663938,0,0.24146725383385198,0
real_20260702_150045_table1_cluster018_ransac_icp_voxel005_easy,real_previous_registration,1176,2188,0.09624473698095524,0.08335363985494791,0.9822337263573803,95.7287737841405,0.47414526579459304,0,0.15821922384445486,0
real_20260702_150045_table1_cluster018_ransac_icp_voxel005_easy,real_previous_registration,1177,1203,0.10238064024145536,0.09620533601361941,0.8513686627679272,164.90905386923635,0.5740081224339577,0,0.20373650704233995,0
real_20260702_150045_table1_cluster018_ransac_icp_voxel005_easy,real_previous_registration,1178,1598,0.07324802377119101,0.06848603361971509,0.7859837543265557,113.00838001965764,0.23702604218063994,0,0.2285349093232758,0
real_20260702_150045_table1_cluster018_ransac_icp_voxel005_easy,real_previous_registration,1179,2624,0.04751358568447927,0.016115473392269927,0.404773248618149,188.58912298646206,0.23602544984023766,1,0.2687489482956495,0
real_20260702_150045_table1_cluster018_ransac_icp_voxel005_easy,real_previous_registration,1180,3733,0.09206508235724388,0.07961751170277995,0.9540791972785501,76.42839496884542,0.11254459674377248,0,0.24098887697425084,0
real_20260702_150045_table1_cluster018_ransac_icp_voxel005_easy,real_previous_registration,1181,3511,0.059838437635963186,0.057144684504204304,0.6899526485471352,104.1953564481333,0.7876721957205188,0,0.2928167066810522,0
real_20260702_150045_table1_cluster018_ransac_icp_voxel005_easy,real_previous_registration,1182,510,0.09108009697888259,0.08863037320790722,0.984538837395228,251.10789685692902,-0.3588780845954114,0,0.20965220717952482,0
real_20260702_150045_table1_cluster018_ransac_icp_voxel005_easy,real_previous_registration,1183,635,0.05750784939655988,0.04896665557724597,0.9695962740385086,169.52185599337045,0.3726385430964167,0,0.22254356848702384,0
real_20260702_150045_table1_cluster018_ransac_icp_voxel005_easy,real_previous_registration,1184,3605,0.03925684557533488,0.036694261079748464,0.9589529017923166,143.97687722336192,0.6515406864618747,1,0.22324415836088282,0
real_20260702_150045_table1_cluster018_ransac_icp_voxel005_easy,real_previous_registration,1185,1593,0.0931381852062105,0.08862981659147161,0.06906062952669485,209.37238803547731,0.926318267675909,0,0.1970911146093057,0
real_20260702_150045_table1_cluster018_ransac_icp_voxel005_easy,real_previous_registration,1186,3131,0.06914932513037333,0.0647801948717451,0.09377362075547128,290.86472728326424,3.049404064213652,1,0.2694068110039393,0
real_20260702_150045_table1_cluster018_ransac_icp_voxel005_easy,real_previous_registration,1187,2997,0.1431920493207133,0.10185409531467603,0.6727370599893235,171.08657124077297,0.4844867603067165,1,0.22156879035168095,0
real_20260702_150045_table1_cluster018_ransac_icp_voxel005_easy,real_previous_registration,1188,1049,0.04746063298304803,0.023689639080317362,0.4396076672231048,216.71723832755333,0.932252864917843,0,0.23365324809460392,0
real_20260702_150045_table1_cluster018_ransac_icp_voxel005_easy,real_previous_registration,1189,2480,0.02063435194015924,0.012133026362747398,0.8295562250103616,213.74739310755922,0.7927877388639388,1,0.24071126244437513,0
real_20260702_150045_table1_cluster018_ransac_icp_voxel005_easy,real_previous_registration,1190,1123,0.043263449174787964,0.013194815562078839,0.7809788271470872,215.26225496956548,0.6918685962905708,0,0.2967637405002373,0
real_20260702_150045_table1_cluster018_ransac_icp_voxel005_easy,real_previous_registration,1191,3362,0.05285866074076734,0.01158562154474167,0.05072263420079253,136.65775432979723,0.5485287778285354,1,0.2343982530870473,0
real_20260702_150045_table1_cluster018_ransac_icp_voxel005_easy,real_previous_registration,1192,221,0.05119128003400733,0.021545899720961856,0.7187726771395708,273.3269326883427,-0.01083433059164844,0,0.23624815403879254,0
real_20260702_150045_table1_cluster018_ransac_icp_voxel005_easy,real_previous_registration,1193,3065,0.06905893958333055,0.05025110192466506,0.36258425395098554,204.4975264076286,1.8818255281076601,0,0.26753293523570526,0
real_20260702_150045_table1_cluster018_ransac_icp_voxel005_easy,real_previous_registration,1194,880,0.139255841664599,0.137191560386714,0.3954223312497529,187.05122728132116,-0.17740738484880791,0,0.13705614089691567,0
real_20260702_150045_table1_cluster018_ransac_icp_voxel005_easy,real_previous_registration,1195,3511,0.031200910300117124,0.005742239132409208,0.5615007463429131,105.47148254415376,0.7186793932811173,1,0.23571310614718435,0
real_20260702_150045_table1_cluster018_ransac_icp_voxel005_easy,real_previous_registration,1196,3199,0.057519197640014286,0.023638555393881787,0.32658804485009285,89.22588985916188,-0.5340820414861919,1,0.1872934538106174,0
real_20260702_150045_table1_cluster018_ransac_icp_voxel005_easy,real_previous_registration,1197,877,0.10957847190019755,0.0727851674058867,0.9554149132260787,87.59538704580233,0.18646350815728005,0,0.15807439962001524,0
real_20260702_150045_table1_cluster018_ransac_icp_voxel005_easy,real_previous_registration,1198,2736,0.09381353281053209,0.08456723125156283,0.22987800264210573,239.96192244636106,0.2816666538462361,0,0.3140416305570059,0
real_20260702_150045_table1_cluster018_ransac_icp_voxel005_easy,real_previous_registration,1199,2300,0.10830505634036473,0.05960521264092693,0.861158864995143,94.56767375980421,0.9212037720745124,0,0.1602687853102878,0
real_20260702_150045_table1_cluster018_ransac_icp_voxel005_easy,real_previous_registration,1200,1681,0.05983385500308194,0.05213953296461653,0.9141144531855976,190.72425537313688,0.44674645297912874,1,0.23043903785341016,0
real_20260702_150045_table1_cluster018_ransac_icp_voxel005_easy,real_previous_registration,1201,1192,0.033566023113053865,0.008393723454447843,0.06826243105956581,107.97571741240449,0.36670365796606846,1,0.1921657162950393,0
real_20260702_150045_table1_cluster018_ransac_icp_voxel005_easy,real_previous_registration,1202,3511,0.03616398887387575,0.03068583728959711,0.6139155381422384,116.64236404755778,0.605350832259692,0,0.2577754684656296,0
real_20260702_150045_table1_cluster018_ransac_icp_voxel005_easy,real_previous_registration,1203,3597,0.10892390928831928,0.08890642830991448,0.9796931565476322,76.32989417239168,0.02091433344877533,0,0.2797346211543887,0
real_20260702_150045_table1_cluster018_ransac_icp_voxel005_easy,real_previous_registration,1204,1413,0.04552277547103301,0.0352594583883944,0.9360051026431004,90.3423941139193,-0.06407881168455398,0,0.21807449063061032,0
real_20260702_150045_table1_cluster018_ransac_icp_voxel005_easy,real_previous_registration,1205,1049,0.10452383915732964,0.07397315277504467,0.4411085605701306,197.39856821726363,0.932252864917843,0,0.20197215034931196,0
real_20260702_150045_table1_cluster018_ransac_icp_voxel005_easy,real_previous_registration,1206,960,0.06930857309709709,0.05631888547994777,0.674307425242488,70.39981358129036,-0.18721137135659519,0,0.1552283271556043,0
real_20260702_150045_table1_cluster018_ransac_icp_voxel005_easy,real_previous_registration,1207,3679,0.03393772448437393,0.009112310224242042,0.9893213270127924,95.85888176233478,0.058981189706826476,0,0.2476814692765713,0
real_20260702_150045_table1_cluster018_ransac_icp_voxel005_easy,real_previous_registration,1208,3038,0.0853746991418427,0.0695007481442049,0.9841307228301177,250.29776890470404,0.2078545397519917,0,0.15936617622391422,0
real_20260702_150045_table1_cluster018_ransac_icp_voxel005_easy,real_previous_registration,1209,1729,0.038219879712172576,0.006865702603218123,0.9654366711578711,148.67261819649195,-0.05450933240839688,0,0.23380336264742035,0
real_20260702_150045_table1_cluster018_ransac_icp_voxel005_easy,real_previous_registration,1210,2572,0.11906118696336186,0.10080571788000184,0.9968240391686307,74.36162178614723,-0.22042470642766473,0,0.2015643632115358,0
real_20260702_150045_table1_cluster018_ransac_icp_voxel005_easy,real_previous_registration,1211,1667,0.03260972912194175,0.030211019859390672,0.12148481159224256,247.7485862563749,-0.01083433059164844,0,0.23553253386736173,0
real_20260702_150045_table1_cluster018_ransac_icp_voxel005_easy,real_previous_registration,1212,2912,0.10116044065502149,0.07254793487550357,0.8292800347352529,67.39144480223379,-0.06407880668456138,0,0.23031365435251,0
real_20260702_150045_table1_cluster018_ransac_icp_voxel005_easy,real_previous_registration,1213,2310,0.08659433132855995,0.00823960036753833,0.3568091079192134,114.67082013153302,1.9082573103438416,1,0.2738823973808925,0
real_20260702_150045_table1_cluster018_ransac_icp_voxel005_easy,real_previous_registration,1214,3597,0.08876177278324658,0.08627338812490341,0.9989284655471461,76.17526513683823,0.02091433344877533,1,0.21696053449153238,0
real_20260702_150045_table1_cluster018_ransac_icp_voxel005_easy,real_previous_registration,1215,2673,0.02407807617043578,0.00935737174109689,0.9968570393002524,74.5383242208151,-0.17364093754767337,0,0.24853910489051892,0
real_20260702_150045_table1_cluster018_ransac_icp_voxel005_easy,real_previous_registration,1216,1262,0.013748751120973141,0.00012978131278629354,0.09145054765732141,111.28802007896194,0.5237072537737523,1,0.25852418032758384,0
real_20260702_150045_table1_cluster018_ransac_icp_voxel005_easy,real_previous_registration,1217,3597,0.12372082379247289,0.08705557127794196,0.948122819017297,57.43526557588931,0.2514377709279229,0,0.3006832833799117,0
real_20260702_150045_table1_cluster018_ransac_icp_voxel005_easy,real_previous_registration,1218,2300,0.11662028489900941,0.04333096969284626,0.8477133712701777,91.52053367503527,0.9212037720745124,0,0.24006036860613597,0
real_20260702_150045_table1_cluster018_ransac_icp_voxel005_easy,real_previous_registration,1219,2768,0.033883270240967815,0.006078031048553828,0.4780514540404814,129.40802718197475,1.0212870602057202,1,0.21333070309540533,0
real_20260702_150045_table1_cluster018_ransac_icp_voxel005_easy,real_previous_registration,1220,1014,0.05874617717796155,0.01680978357490643,0.895689627189026,161.16465545651909,0.7688295366860902,0,0.2748724021175511,0
real_20260702_150045_table1_cluster018_ransac_icp_voxel005_easy,real_previous_registration,1221,288,0.05298259587709424,0.0017472933719859054,0.03219721231724908,155.91128499467783,-0.028987508301851726,0,0.20524830368961272,0
real_20260702_150045_table1_cluster018_ransac_icp_voxel005_easy,real_previous_registration,1222,2502,0.04744639370002306,0.015920235280927973,0.9051854498427373,231.87453938686596,0.6515404398293612,0,0.215602706491274,0
real_20260702_150045_table1_cluster018_ransac_icp_voxel005_easy,real_previous_registration,1223,2502,0.06098491305436024,0.03760681443379606,0.9051854498427374,229.72351334031958,0.5943820733749942,0,0.20855321302605198,0
real_20260702_150045_table1_cluster018_ransac_icp_voxel005_easy,real_previous_registration,1224,4,0.06965996018894216,0.056806853663341296,0.9103872196850618,199.75657702663648,0.6770071889006511,1,0.25657676771396154,0
real_20260702_150045_table1_cluster018_ransac_icp_voxel005_easy,real_previous_registration,1225,235,0.11504317459932921,0.0639278303680544,0.7537451629551256,136.32811664420458,1.7684969670862347,0,0.1631622973850658,0
real_20260702_150045_table1_cluster018_ransac_icp_voxel005_easy,real_previous_registration,1226,4,0.08932698489384046,0.07936771960743888,0.9155837734538563,201.81259314037356,0.6335221043840629,0,0.24852600789116008,0
real_20260702_150045_table1_cluster018_ransac_icp_voxel005_easy,real_previous_registration,1227,2470,0.1578950479411529,0.01836436634049155,0.11096961452675645,176.0040970349159,0.8930330330440562,0,0.2596525328674661,0
real_20260702_150045_table1_cluster018_ransac_icp_voxel005_easy,real_previous_registration,1228,1909,0.12822969092762768,0.10170179751035317,0.9741834756192422,258.93650934639913,-0.27918988307611114,0,0.14952679595716886,0
real_20260702_150045_table1_cluster018_ransac_icp_voxel005_easy,real_previous_registration,1229,2470,0.11369647208672481,0.06141568055167638,0.9769802459677072,223.09235460591333,0.3483062776020523,0,0.2629305334018024,0
real_20260702_150045_table1_cluster018_ransac_icp_voxel005_easy,real_previous_registration,1230,2923,0.05702221667498977,0.05655903322802522,0.919093460065398,71.34276554982313,0.10642087313325044,1,0.23152214138993576,0
real_20260702_150045_table1_cluster018_ransac_icp_voxel005_easy,real_previous_registration,1231,235,0.09189817044721492,0.05260186406562209,0.6132533932655944,90.77793349598495,1.5941438008935573,0,0.1730235787116745,0
real_20260702_150045_table1_cluster018_ransac_icp_voxel005_easy,real_previous_registration,1232,396,0.0781350297504923,0.06693301080958089,0.9330111546316107,188.17801939757769,0.1077712265582064,0,0.271767592637962,0
real_20260702_150045_table1_cluster018_ransac_icp_voxel005_easy,real_previous_registration,1233,827,0.09705377052813358,0.08450619716384868,0.996573261372573,107.1495219266291,0.8255426224188648,0,0.22225966948481832,0
real_20260702_150045_table1_cluster018_ransac_icp_voxel005_easy,real_previous_registration,1234,2470,0.16638109375397184,0.028588399355736586,0.17997716416514006,161.40085750617453,0.742210237728018,0,0.23438055081335873,0
real_20260702_150045_table1_cluster018_ransac_icp_voxel005_easy,real_previous_registration,1235,19,0.17066277140855177,0.15554612991023126,0.861836510819299,138.2686730968237,0.4399667530141525,0,0.15870953662094517,0
real_20260702_150045_table1_cluster018_ransac_icp_voxel005_easy,real_previous_registration,1236,3733,0.09061639895999117,0.08788926592531127,0.9719387951279985,72.87463940334172,0.13607507809639177,0,0.20464499232847186,0
real_20260702_150045_table1_cluster018_ransac_icp_voxel005_easy,real_previous_registration,1237,3697,0.02221841302779349,0.012603231481478065,0.759216656178861,299.67881031302267,0.11254451449287073,1,0.2551568999507669,0
real_20260702_150045_table1_cluster018_ransac_icp_voxel005_easy,real_previous_registration,1238,3776,0.06381285647489597,0.00923149397746567,0.4810895481468086,102.17155528323104,0.12516300962081475,0,0.2628609932701692,0
real_20260702_150045_table1_cluster018_ransac_icp_voxel005_easy,real_previous_registration,1239,1546,0.06294947063451367,0.02223969036292273,0.20512665451267226,191.41974570908545,2.030859486951397,0,0.25025890839969556,0
real_20260702_150045_table1_cluster018_ransac_icp_voxel005_easy,real_previous_registration,1240,1427,0.06605404918886064,0.039324262303423056,0.40382334696754596,131.31096736581154,0.2608471101380859,0,0.26766490697615786,0
real_20260702_150045_table1_cluster018_ransac_icp_voxel005_easy,real_previous_registration,1241,3316,0.020055804646780077,0.01951361771580561,0.3379194752976814,214.53695041569787,0.09007172552379418,1,0.2377099940349158,0
real_20260702_150045_table1_cluster018_ransac_icp_voxel005_easy,real_previous_registration,1242,3632,0.03339990094004578,0.019023728948716144,0.008840686613600157,253.04950164034923,-0.1381866848823503,0,0.2240118525725354,0
real_20260702_150045_table1_cluster018_ransac_icp_voxel005_easy,real_previous_registration,1243,493,0.12990156579341344,0.12557749994921594,0.9971622632389869,63.33159296607092,-0.15601619685520723,0,0.22366334373821198,0
real_20260702_150045_table1_cluster018_ransac_icp_voxel005_easy,real_previous_registration,1244,659,0.13844091315081294,0.11194353693999085,0.9899847363325655,165.9493181711403,-0.12861724819259465,0,0.2572443437663774,0
real_20260702_150045_table1_cluster018_ransac_icp_voxel005_easy,real_previous_registration,1245,557,0.15040867173013292,0.09710532986591128,0.9952485235100893,171.54395240829098,0.0159638330403164,0,0.2698657537178452,0
real_20260702_150045_table1_cluster018_ransac_icp_voxel005_easy,real_previous_registration,1246,1427,0.029605497093185603,0.006394175548899396,0.37175453553984183,111.51055929052464,0.2608471101380859,1,0.24136358291551951,0
real_20260702_150045_table1_cluster018_ransac_icp_voxel005_easy,real_previous_registration,1247,1308,0.009002164692205897,0.008940891512113578,0.5557885795612814,115.99151854853763,0.7056076187020093,1,0.24416841936371977,0
real_20260702_150045_table1_cluster018_ransac_icp_voxel005_easy,real_previous_registration,1248,3061,0.029594589401120343,0.018050203283514386,0.5803145572082754,125.02796189296465,0.40752576213352704,0,0.21676441956178916,0
real_20260702_150045_table1_cluster018_ransac_icp_voxel005_easy,real_previous_registration,1249,2125,0.06118105462393811,0.04614104457719592,0.9166766974205282,174.26221767220233,0.3557745463297139,0,0.245799141246144,0
real_20260702_150045_table1_cluster018_ransac_icp_voxel005_easy,real_previous_registration,1250,2401,0.04489283007488923,0.010948132408752463,0.9167762074084389,106.1798969336861,0.12829291191002348,0,0.23732856609023276,0
real_20260702_150045_table1_cluster018_ransac_icp_voxel005_easy,real_previous_registration,1251,2470,0.09512520118300194,0.0786279503005651,0.9666155781901731,135.38102452427972,0.644571837335192,0,0.19543499642697917,0
real_20260702_150045_table1_cluster018_ransac_icp_voxel005_easy,real_previous_registration,1252,3453,0.07121758496818469,0.0477609479433963,0.9848154758179268,108.87445068639991,0.2162229140253671,0,0.22263140751995367,0
real_20260702_150045_table1_cluster018_ransac_icp_voxel005_easy,real_previous_registration,1253,2477,0.11024812857510799,0.09365876584846242,0.127638377557554,231.61219299983654,0.19828516316788672,0,0.3330405570379893,0
real_20260702_150045_table1_cluster018_ransac_icp_voxel005_easy,real_previous_registration,1254,958,0.11822490737789319,0.10566449617428444,0.054882423583918094,237.54442279829223,0.6698897035814484,0,0.19691366436752683,0
real_20260702_150045_table1_cluster018_ransac_icp_voxel005_easy,real_previous_registration,1255,3501,0.02919263021860921,0.0007279471093345913,0.30928107168633334,188.98814407886167,-0.2699306658722835,1,0.2150349032030678,0
real_20260702_150045_table1_cluster018_ransac_icp_voxel005_easy,real_previous_registration,1256,152,0.012774736573823017,0.003936296566997471,0.10111960312638749,127.1014350264884,-0.19375648352755823,1,0.23492301426852677,0
real_20260702_150045_table1_cluster018_ransac_icp_voxel005_easy,real_previous_registration,1257,2496,0.061076176991501675,0.057033203276195994,0.7958275894178295,217.13147633863414,0.29564001738857554,0,0.22543300642003047,0
real_20260702_150045_table1_cluster018_ransac_icp_voxel005_easy,real_previous_registration,1258,1593,0.037670882179411246,0.03031526287873368,0.06856541068681518,237.14879882059512,0.9614095517729294,0,0.23093710798636014,0
real_20260702_150045_table1_cluster018_ransac_icp_voxel005_easy,real_previous_registration,1259,1054,0.052408078374692545,0.01788650633762776,0.3933070188535993,174.63582256661434,0.4467461837489093,1,0.20646511003845658,0
real_20260702_150045_table1_cluster018_ransac_icp_voxel005_easy,real_previous_registration,1260,2599,0.04080453376984719,0.039729220924330906,0.5628665359440264,270.65308550665526,0.18646350815728005,0,0.22447277243999164,0
real_20260702_150045_table1_cluster018_ransac_icp_voxel005_easy,real_previous_registration,1261,1192,0.039450557124642065,0.001555520912490175,0.2121642593555103,82.9851753532176,0.42732822647372665,0,0.24992411884107618,0
real_20260702_150045_table1_cluster018_ransac_icp_voxel005_easy,real_previous_registration,1262,3265,0.15345647843289267,0.08547647415477165,0.6145484049115588,96.98248359890111,0.5819207559771377,0,0.23599402588136797,0
real_20260702_150045_table1_cluster018_ransac_icp_voxel005_easy,real_previous_registration,1263,402,0.0665857904364185,0.050454590380555414,0.7584906905389438,99.75975328774973,0.2734747992884086,0,0.26689644828079123,0
real_20260702_150045_table1_cluster018_ransac_icp_voxel005_easy,real_previous_registration,1264,2923,0.10980682925190617,0.1096342230928858,0.9225055423045236,61.60258155084421,0.1330890995895385,0,0.22272968721900313,0
real_20260702_150045_table1_cluster018_ransac_icp_voxel005_easy,real_previous_registration,1265,2300,0.05437663461245751,0.021950679691293454,0.8729756515498827,96.66760434813075,1.006361527807142,0,0.20384504822006563,0
real_20260702_150045_table1_cluster018_ransac_icp_voxel005_easy,real_previous_registration,1266,3065,0.06663167613661758,0.04811556066653097,0.3592067316246533,164.81556698508572,1.916916812204681,0,0.29539642246606235,0
real_20260702_150045_table1_cluster018_ransac_icp_voxel005_easy,real_previous_registration,1267,1413,0.05836861975786664,0.046758880787704744,0.9980461931317453,73.81842766662942,0.13886189914895855,0,0.18653532021925673,0
real_20260702_150045_table1_cluster018_ransac_icp_voxel005_easy,real_previous_registration,1268,2133,0.07265367554554969,0.026606179058411557,0.08114808668035425,102.19535184696439,0.6158222743195185,0,0.2135079708438878,0
real_20260702_150045_table1_cluster018_ransac_icp_voxel005_easy,real_previous_registration,1269,2969,0.0629984996580251,0.06245250358801239,0.11982208120289116,108.76003418766891,0.6698896267297519,0,0.2075108613461177,0
real_20260702_150045_table1_cluster018_ransac_icp_voxel005_easy,real_previous_registration,1270,1082,0.1359704862981724,0.1308950448898871,0.9299890836534616,116.10983015977988,-0.2464002023675477,0,0.2199790663775666,0
real_20260702_150045_table1_cluster018_ransac_icp_voxel005_easy,real_previous_registration,1271,821,0.07556395995690515,0.04895544655986424,0.7350532246088293,295.0917929815463,0.546829471880117,0,0.29515545280566813,0
real_20260702_150045_table1_cluster018_ransac_icp_voxel005_easy,real_previous_registration,1272,2300,0.06699597868233964,0.008196392924782768,0.9826349617697819,93.63180582970543,0.6409020154169298,0,0.2642135597578715,0
real_20260702_150045_table1_cluster018_ransac_icp_voxel005_easy,real_previous_registration,1273,2380,0.04041298660842096,0.03128547597218572,0.682871812532504,197.6967510840523,0.2460758468720486,0,0.2581466689809641,0
real_20260702_150045_table1_cluster018_ransac_icp_voxel005_easy,real_previous_registration,1274,718,0.05321324769417538,0.04711308003985836,0.9891887985364316,89.23549760841424,0.2666951779316381,0,0.20495309525430372,0
real_20260702_150045_table1_cluster018_ransac_icp_voxel005_easy,real_previous_registration,1275,522,0.045874580567414364,0.008458782971409968,0.5738845289556831,260.53450376445915,0.18891748041768144,0,0.2696207459098478,0
real_20260702_150045_table1_cluster018_ransac_icp_voxel005_easy,real_previous_registration,1276,1835,0.046509332504044154,0.03169732925906385,0.9281062474087436,209.12752740456162,0.28422765065571254,1,0.23354431606370663,0
real_20260702_150045_table1_cluster018_ransac_icp_voxel005_easy,real_previous_registration,1277,2050,0.05214444317931416,0.028337758171901754,0.6622548729211507,288.95018494686343,-0.07934624373381696,0,0.2346074219268287,0
real_20260702_150045_table1_cluster018_ransac_icp_voxel005_easy,real_previous_registration,1278,3581,0.06554703424349098,0.022317357648543874,0.5276864430033548,112.00826528927853,1.1776324657982966,0,0.22091910727885572,0
real_20260702_150045_table1_cluster018_ransac_icp_voxel005_easy,real_previous_registration,1279,3605,0.09512903212242413,0.07668710473828823,0.9524118600816954,127.80283983628422,0.4002264116200279,0,0.17128651191856037,0
real_20260702_150045_table1_cluster018_ransac_icp_voxel005_easy,real_previous_registration,1280,2188,0.12479155905107314,0.054921594426110235,0.62985091933236,129.37324309478612,0.7133747880980367,0,0.22676006602827775,0
real_20260702_150045_table1_cluster018_ransac_icp_voxel005_easy,real_previous_registration,1281,2973,0.024060324462558676,0.0053657136482016315,0.4037593674978855,76.00862931032923,-0.5172749772186978,1,0.23198401207653635,0
real_20260702_150045_table1_cluster018_ransac_icp_voxel005_easy,real_previous_registration,1282,1308,0.05121320789365279,0.03345562482474435,0.5747033684470104,114.4200112818429,0.7056076187020093,0,0.21120229061879317,0
real_20260702_150045_table1_cluster018_ransac_icp_voxel005_easy,real_previous_registration,1283,91,0.0790467779627485,0.07295114233460759,0.9436636988046836,75.5666183042527,0.03843667770356553,0,0.18828805970280083,0
real_20260702_150045_table1_cluster018_ransac_icp_voxel005_easy,real_previous_registration,1284,2457,0.027962617674462623,0.000554459467931993,0.953439076051567,97.8841584272156,0.0680928677697511,0,0.22497174427288127,0
real_20260702_150045_table1_cluster018_ransac_icp_voxel005_easy,real_previous_registration,1285,118,0.0515929620265415,0.004040717218653435,0.008563709215400672,276.8804704832484,0.38220786023000525,1,0.24411068581784895,0
real_20260702_150045_table1_cluster018_ransac_icp_voxel005_easy,real_previous_registration,1286,522,0.04745347227048823,0.028798760254552268,0.5744242946946905,258.4066609695854,0.2179049929212064,0,0.23125843558642353,0
