sample_id,scenario,source_index,target_index,distance_T0,point_to_plane_residual,normal_dot_abs,fpfh_distance,log_normalized_density_ratio,is_mutual_nn,label_distance,target_weight
real_20260626_143302_palletizer_005_part_2_refined_from_voxel005_hard,real_previous_registration,12,1251,0.4566342932079604,0.3714451069842821,0.9831682872117644,45.240065944663236,0.9181429352057835,0,0.4442611070987072,0
real_20260626_143302_palletizer_005_part_2_refined_from_voxel005_hard,real_previous_registration,13,3594,0.08936106520896223,0.0016509432076417929,0.9825754414373481,88.323000401682,0.35667444393944064,0,0.6873834734585447,0
real_20260626_143302_palletizer_005_part_2_refined_from_voxel005_hard,real_previous_registration,15,1251,0.47086094496151115,0.404388199810535,0.8491284095553396,96.8359625934418,0.7578004429404325,0,0.4041892361645894,0
real_20260626_143302_palletizer_005_part_2_refined_from_voxel005_hard,real_previous_registration,21,1521,0.2807377300875721,0.2496971405220283,0.6703572850262125,58.33944323988334,0.7988710788813012,0,0.47968049431779614,0
real_20260626_143302_palletizer_005_part_2_refined_from_voxel005_hard,real_previous_registration,22,3363,0.5543366980348272,0.11571802372743256,0.9912120900507945,165.62580598211485,-0.1874363353458956,0,0.09269613209665492,1
real_20260626_143302_palletizer_005_part_2_refined_from_voxel005_hard,real_previous_registration,23,3763,0.460386841416723,0.08297818284732605,0.8870774140793182,80.58957360612908,0.7133484712137299,0,0.2224285099491767,0
real_20260626_143302_palletizer_005_part_2_refined_from_voxel005_hard,real_previous_registration,28,3437,0.4343298785611473,0.323332549372095,0.584713200280504,86.96998466313373,1.3042161953889417,0,0.584449785483012,0
real_20260626_143302_palletizer_005_part_2_refined_from_voxel005_hard,real_previous_registration,30,274,0.5472839757051811,0.24346250951452902,0.2850106412613676,100.98058936449618,1.19292162839744,0,0.5796814202662501,0
real_20260626_143302_palletizer_005_part_2_refined_from_voxel005_hard,real_previous_registration,31,274,0.20970202704995078,0.1013614144149583,0.883056637905028,69.199274659105,0.5907467079268824,0,0.6292458699775593,0
real_20260626_143302_palletizer_005_part_2_refined_from_voxel005_hard,real_previous_registration,33,1258,0.4136360759974969,0.26604607921337303,0.95420107999163,80.3808676939255,0.1379854744559078,0,0.3635015192017627,0
real_20260626_143302_palletizer_005_part_2_refined_from_voxel005_hard,real_previous_registration,36,2972,0.5674427060064434,0.3472940105583643,0.567693980935496,72.98225184566844,0.5475570474251622,0,0.2785735344261791,0
real_20260626_143302_palletizer_005_part_2_refined_from_voxel005_hard,real_previous_registration,42,563,0.5816285401216187,0.5703317014094256,0.2180881891012562,63.79203208655869,0.40796779753729184,0,0.18014224669442613,0
real_20260626_143302_palletizer_005_part_2_refined_from_voxel005_hard,real_previous_registration,44,44,0.4453822355877181,0.3090462696285863,0.9396982882090797,40.433128392822226,0.8632891848341976,0,0.39696007933684135,0
real_20260626_143302_palletizer_005_part_2_refined_from_voxel005_hard,real_previous_registration,48,3713,0.25205589614822604,0.237770546497434,0.7024960998919404,84.38738999183343,0.7461388343574462,0,0.43443082991767634,0
real_20260626_143302_palletizer_005_part_2_refined_from_voxel005_hard,real_previous_registration,50,2835,0.5544575737587815,0.19455790786016008,0.8407703871932074,62.707208871859976,1.2488666384634608,0,0.2600352825805371,0
real_20260626_143302_palletizer_005_part_2_refined_from_voxel005_hard,real_previous_registration,51,1181,0.0782816402255997,0.06321283650682805,0.08822909755560418,196.5454366176955,-0.3852617480139869,0,0.8322507501539644,0
real_20260626_143302_palletizer_005_part_2_refined_from_voxel005_hard,real_previous_registration,57,1823,0.35240160860400094,0.04772918924062165,0.3239962480713663,75.53596456100028,2.1454482663911967,0,0.480108650296377,0
real_20260626_143302_palletizer_005_part_2_refined_from_voxel005_hard,real_previous_registration,60,3571,0.4773516553435789,0.06288434116748386,0.9856932585331819,59.64349894197503,1.7951508887498229,0,0.3174537430343697,0
real_20260626_143302_palletizer_005_part_2_refined_from_voxel005_hard,real_previous_registration,62,3613,0.5237332574487399,0.054673610945923976,0.29036985623981754,83.26631520216871,-0.1516473341489202,0,0.4363117515094135,0
real_20260626_143302_palletizer_005_part_2_refined_from_voxel005_hard,real_previous_registration,70,274,0.25672699605314264,0.06617710540937002,0.7347968406968659,95.33816502296911,0.8729789136726404,0,0.5708123666545702,0
real_20260626_143302_palletizer_005_part_2_refined_from_voxel005_hard,real_previous_registration,75,175,0.5034281085192326,0.20875343090647697,0.7675969408434931,96.04591074542112,0.4584567188957119,0,0.4884582544625489,0
real_20260626_143302_palletizer_005_part_2_refined_from_voxel005_hard,real_previous_registration,76,6,0.3757288332599439,0.32118428281158,0.8486679314711406,71.89733410644774,0.8956699655073567,0,0.36217032455077347,0
real_20260626_143302_palletizer_005_part_2_refined_from_voxel005_hard,real_previous_registration,81,2921,0.3264054033609064,0.13824748592220476,0.6666065866343497,79.36512401274459,1.054274438741237,0,0.47220909043601095,0
real_20260626_143302_palletizer_005_part_2_refined_from_voxel005_hard,real_previous_registration,84,2470,0.2400601195698141,0.031780955803529076,0.4972920118659616,66.35455564403269,0.9209880952053421,0,0.4822468851711956,0
real_20260626_143302_palletizer_005_part_2_refined_from_voxel005_hard,real_previous_registration,88,655,0.4870367347258979,0.13431556879044676,0.27558147165571656,77.77806451080323,0.8396425206348125,0,0.38103682346690537,0
real_20260626_143302_palletizer_005_part_2_refined_from_voxel005_hard,real_previous_registration,91,1119,0.34719195127989316,0.33945099130073325,0.8662020591865935,68.37965430708229,0.8134326139790024,0,0.40084649880369905,0
real_20260626_143302_palletizer_005_part_2_refined_from_voxel005_hard,real_previous_registration,94,909,0.19965219742448873,0.10534760867854079,0.279476279568366,68.53468661501273,0.17435312047852006,0,0.5810687537791792,0
real_20260626_143302_palletizer_005_part_2_refined_from_voxel005_hard,real_previous_registration,100,2723,0.2062114701048492,0.18566852687538027,0.37583890218077426,67.73963304960327,0.23276387606523213,0,0.6329972245086866,0
real_20260626_143302_palletizer_005_part_2_refined_from_voxel005_hard,real_previous_registration,105,987,0.5197370106107675,0.18201817965803688,0.686584327898899,82.76804250463466,1.2291612845006357,0,0.27646959289959727,0
real_20260626_143302_palletizer_005_part_2_refined_from_voxel005_hard,real_previous_registration,106,175,0.525290446308641,0.22717205094132825,0.7174094376911978,94.46021743080247,0.6620553829658921,0,0.5300751459789037,0
real_20260626_143302_palletizer_005_part_2_refined_from_voxel005_hard,real_previous_registration,111,451,0.2150262230504707,0.0742534941231745,0.4491889439413307,85.10586440864505,0.9545105469692797,0,0.4008921743247073,0
real_20260626_143302_palletizer_005_part_2_refined_from_voxel005_hard,real_previous_registration,113,1323,0.5513349182796726,0.3496394039220598,0.3710670453598386,76.43435984261306,0.4946599900882399,0,0.2960262913970512,0
real_20260626_143302_palletizer_005_part_2_refined_from_voxel005_hard,real_previous_registration,115,175,0.500177421919252,0.25039942521364167,0.818522586969576,74.6873256879382,1.1516031091340133,0,0.5314497502087119,0
real_20260626_143302_palletizer_005_part_2_refined_from_voxel005_hard,real_previous_registration,130,1507,0.4232729638435897,0.4158101722607822,0.9817342100389064,95.49633813010156,0.7484402668032727,0,0.3627329993254821,0
real_20260626_143302_palletizer_005_part_2_refined_from_voxel005_hard,real_previous_registration,138,3465,0.4700425129312005,0.4219424341817296,0.7091580743406553,67.07664080451482,2.5459236716602835,0,0.4988196400804551,0
real_20260626_143302_palletizer_005_part_2_refined_from_voxel005_hard,real_previous_registration,140,852,0.4701690173238541,0.3121124767983423,0.6570133535749146,118.55032604488932,0.570248319878762,0,0.39645265160397003,0
real_20260626_143302_palletizer_005_part_2_refined_from_voxel005_hard,real_previous_registration,143,175,0.41182147121868895,0.3140264375189765,0.7102208184057053,47.57832645278421,1.45528531594313,0,0.4147173596675158,0
real_20260626_143302_palletizer_005_part_2_refined_from_voxel005_hard,real_previous_registration,144,1507,0.5623553307761859,0.5291682138203732,0.9828293096011056,104.40962852655488,0.5798177095397506,0,0.32138248816399145,0
real_20260626_143302_palletizer_005_part_2_refined_from_voxel005_hard,real_previous_registration,147,274,0.4575396882678658,0.07408652910698968,0.2761631184850241,92.72855686468819,1.1059103044380811,0,0.4386234490475992,0
real_20260626_143302_palletizer_005_part_2_refined_from_voxel005_hard,real_previous_registration,148,3465,0.05463281744002952,0.006637198029894594,0.23023599976682754,73.57521746542155,2.355570080158213,0,0.6945713067785207,0
real_20260626_143302_palletizer_005_part_2_refined_from_voxel005_hard,real_previous_registration,150,1115,0.27595232279544524,0.19361834983371615,0.4895230438370509,48.24577276578497,0.7510892001922334,0,0.553664031972278,0
real_20260626_143302_palletizer_005_part_2_refined_from_voxel005_hard,real_previous_registration,158,3919,0.16772679441068977,0.01585120676178413,0.6680766116416592,59.606003133830725,0.8956699655073567,0,0.8491200396220417,0
real_20260626_143302_palletizer_005_part_2_refined_from_voxel005_hard,real_previous_registration,166,238,0.27991563643957057,0.07519049330010166,0.5089631030172116,46.35210811477374,1.7979724580534553,0,0.4027645909116323,0
real_20260626_143302_palletizer_005_part_2_refined_from_voxel005_hard,real_previous_registration,167,3614,0.5240351602204444,0.3055438114767144,0.2554927393672355,65.37717600344652,0.5462949937749682,0,0.30517190526700283,0
real_20260626_143302_palletizer_005_part_2_refined_from_voxel005_hard,real_previous_registration,174,2154,0.33319613806994225,0.3010302638970089,0.4029669224703649,46.784890639453906,0.6592820313739048,0,0.38548866915869257,0
real_20260626_143302_palletizer_005_part_2_refined_from_voxel005_hard,real_previous_registration,176,2215,0.49543764766707094,0.032625466668389023,0.13234191232108633,110.07485093877376,0.7133491378782864,0,0.3654917814896129,0
real_20260626_143302_palletizer_005_part_2_refined_from_voxel005_hard,real_previous_registration,181,2039,0.24414311605698436,0.18047411554307402,0.06636322278988654,106.77044631697397,0.15740361465331756,0,0.3778971747444384,0
real_20260626_143302_palletizer_005_part_2_refined_from_voxel005_hard,real_previous_registration,188,1485,0.06214606397651768,0.03377553180837222,0.18579360549877277,131.46532598906867,0.7133488253791139,0,0.8039891473980896,0
real_20260626_143302_palletizer_005_part_2_refined_from_voxel005_hard,real_previous_registration,190,1823,0.31340426999320914,0.15736311308149184,0.9103143455628447,53.3679583563757,2.4066635975300303,0,0.43436550990514355,0
real_20260626_143302_palletizer_005_part_2_refined_from_voxel005_hard,real_previous_registration,207,1823,0.5026565256892888,0.2588419896471702,0.16994207561419294,86.77230465819201,1.467116881448808,0,0.22276832605586983,0
real_20260626_143302_palletizer_005_part_2_refined_from_voxel005_hard,real_previous_registration,233,3725,0.347974683495143,0.2222922925111405,0.7455607296835206,85.80644386527153,-0.2674788859684585,0,0.33123973322077,0
real_20260626_143302_palletizer_005_part_2_refined_from_voxel005_hard,real_previous_registration,237,1507,0.576819884647453,0.572092194149908,0.20501849984562515,79.77029492755585,0.9920621667957367,0,0.2143227714735173,0
real_20260626_143302_palletizer_005_part_2_refined_from_voxel005_hard,real_previous_registration,239,3437,0.3941761042746255,0.3165812576977083,0.8019343556838824,80.28084861314804,1.1902720270210838,0,0.6096708794722588,0
real_20260626_143302_palletizer_005_part_2_refined_from_voxel005_hard,real_previous_registration,253,1276,0.20430318403994943,0.20222754052254055,0.9869148696851291,77.50778823878738,0.9852816450319756,1,0.7948459995603954,0
real_20260626_143302_palletizer_005_part_2_refined_from_voxel005_hard,real_previous_registration,254,655,0.5098501994242978,0.17529726691482053,0.08991787439567465,64.23742361125542,0.6939308397291412,0,0.44796901671964673,0
real_20260626_143302_palletizer_005_part_2_refined_from_voxel005_hard,real_previous_registration,256,1181,0.06066361878405716,0.03753354720242977,0.052513944998113404,184.33420213095687,-0.3444398351602349,0,0.8041754008273805,0
real_20260626_143302_palletizer_005_part_2_refined_from_voxel005_hard,real_previous_registration,257,1449,0.5105929913487239,0.13422272192167817,0.04467970284112625,81.33857042547002,0.18272139122738995,0,0.384310882690271,0
real_20260626_143302_palletizer_005_part_2_refined_from_voxel005_hard,real_previous_registration,264,1574,0.5918845782712676,0.41376231126779867,0.39012386162286805,107.41687027970231,0.24334580863256552,0,0.09415788226726263,1
real_20260626_143302_palletizer_005_part_2_refined_from_voxel005_hard,real_previous_registration,265,3465,0.2911288276094902,0.23809467291236455,0.3734540692390794,69.87944721624503,1.98963616001865,0,0.6053386079487512,0
real_20260626_143302_palletizer_005_part_2_refined_from_voxel005_hard,real_previous_registration,268,3465,0.3098898844233483,0.2942184161131139,0.22651370101814378,85.63536842749664,2.4911154719727753,0,0.4274074816988584,0
real_20260626_143302_palletizer_005_part_2_refined_from_voxel005_hard,real_previous_registration,269,2711,0.5148138744790479,0.0901567784984229,0.9151078466415039,63.30006129418637,0.5475570474251622,0,0.15201358004784965,0
real_20260626_143302_palletizer_005_part_2_refined_from_voxel005_hard,real_previous_registration,272,3263,0.09474760802767986,0.019002643728021237,0.9454466719670276,75.87423651883464,-1.078407560521404,0,0.588022777839913,0
real_20260626_143302_palletizer_005_part_2_refined_from_voxel005_hard,real_previous_registration,273,1181,0.0836357891159925,0.05610227815370936,0.112495969319216,194.05613137094215,-0.12932883489745653,0,0.8377588195494572,0
real_20260626_143302_palletizer_005_part_2_refined_from_voxel005_hard,real_previous_registration,275,3713,0.2765034810303567,0.24884507350298343,0.9230262424349558,98.1743302560091,0.6965419334039353,0,0.4567075705020946,0
real_20260626_143302_palletizer_005_part_2_refined_from_voxel005_hard,real_previous_registration,276,3437,0.36736887460548034,0.15077202268671674,0.12512184222138864,77.53888688529975,1.36393538638937,0,0.41159072357672455,0
real_20260626_143302_palletizer_005_part_2_refined_from_voxel005_hard,real_previous_registration,282,3465,0.1064449003242951,0.03240065977226721,0.8716103653027863,80.18925878585321,2.235768980932018,0,0.6976225287335538,0
real_20260626_143302_palletizer_005_part_2_refined_from_voxel005_hard,real_previous_registration,284,1823,0.5835746951553238,0.016132215920897613,0.01321550142280687,69.90692621136559,2.130410400107607,0,0.3717309275835344,0
real_20260626_143302_palletizer_005_part_2_refined_from_voxel005_hard,real_previous_registration,286,1608,0.24002135222711968,0.17336099676634922,0.005342910272474216,188.8564906026978,-0.5347934800431938,0,0.6517890252328917,0
real_20260626_143302_palletizer_005_part_2_refined_from_voxel005_hard,real_previous_registration,288,175,0.42523659821761817,0.3052890682163736,0.843033188421529,58.13891241328482,1.1188133126550872,0,0.5671111774602312,0
real_20260626_143302_palletizer_005_part_2_refined_from_voxel005_hard,real_previous_registration,289,1574,0.5635686590368899,0.43636538398644137,0.3915321524940139,117.47919091841544,0.36850875943000433,0,0.1543805008154534,0
real_20260626_143302_palletizer_005_part_2_refined_from_voxel005_hard,real_previous_registration,291,1498,0.04193170926769235,0.04064944717279905,0.3597553597957669,101.47895690071644,0.3078842276869648,1,0.7398114789880234,0
real_20260626_143302_palletizer_005_part_2_refined_from_voxel005_hard,real_previous_registration,303,498,0.38898098296050804,0.24432304933222865,0.12349531796760031,97.66628999078782,-0.9606245290320945,0,0.47339542392833706,0
real_20260626_143302_palletizer_005_part_2_refined_from_voxel005_hard,real_previous_registration,307,2711,0.39955046503034136,0.11544509839058441,0.6059925891432778,96.29422445308688,0.30788441171418823,0,0.23861576252240663,0
real_20260626_143302_palletizer_005_part_2_refined_from_voxel005_hard,real_previous_registration,311,2470,0.3217310745124024,0.0023913375921386926,0.160038002765136,47.0581596186367,0.9816126719850455,0,0.38787194512279094,0
real_20260626_143302_palletizer_005_part_2_refined_from_voxel005_hard,real_previous_registration,313,274,0.3295229855290948,0.15033157110195033,0.7443162044867916,108.87458905074753,0.9209880952053421,0,0.5900202735860859,0
real_20260626_143302_palletizer_005_part_2_refined_from_voxel005_hard,real_previous_registration,317,1372,0.20127041075156824,0.2007667661039793,0.5262831738729369,85.2620040016127,1.455283399285328,0,0.6401861111061609,0
real_20260626_143302_palletizer_005_part_2_refined_from_voxel005_hard,real_previous_registration,321,175,0.5451077989635141,0.3771101061086004,0.37951549722470906,50.79278691096599,1.4671197667273919,0,0.5217684309510515,0
real_20260626_143302_palletizer_005_part_2_refined_from_voxel005_hard,real_previous_registration,327,451,0.2620320330654969,0.17520081290407874,0.48665751953358266,60.63804166740172,0.6903592364623105,0,0.36461869640437466,0
real_20260626_143302_palletizer_005_part_2_refined_from_voxel005_hard,real_previous_registration,330,3571,0.4248014213202205,0.06374286691385833,0.9483160005484875,53.286647031094596,1.8607481185049817,0,0.28278726232966755,0
real_20260626_143302_palletizer_005_part_2_refined_from_voxel005_hard,real_previous_registration,333,3713,0.3066567261819974,0.28615421066516006,0.05537323046255002,67.92849527788131,0.5508302524982641,0,0.3131341090807638,0
real_20260626_143302_palletizer_005_part_2_refined_from_voxel005_hard,real_previous_registration,334,3763,0.2449488659516814,0.09396346995466667,0.4426072218977543,78.10722436038078,1.061654765155613,0,0.410896033161713,0
real_20260626_143302_palletizer_005_part_2_refined_from_voxel005_hard,real_previous_registration,335,3437,0.5190580094647186,0.39764247105607975,0.04312000798792137,79.06154565084839,1.3493365974115175,0,0.5695083569336407,0
real_20260626_143302_palletizer_005_part_2_refined_from_voxel005_hard,real_previous_registration,339,3400,0.5440639871964652,0.5304616909185748,0.9579837719564949,112.07766032093389,1.467116881448808,0,0.2775322678133275,0
real_20260626_143302_palletizer_005_part_2_refined_from_voxel005_hard,real_previous_registration,340,693,0.3791194360751164,0.2334319465608621,0.7534426416825744,47.73581739042459,1.3236077408450408,0,0.3580418232865499,0
real_20260626_143302_palletizer_005_part_2_refined_from_voxel005_hard,real_previous_registration,343,1323,0.5340204119887435,0.34757018705886744,0.3710670453598519,64.14062840217636,0.40156967325516907,0,0.3156909165147676,0
real_20260626_143302_palletizer_005_part_2_refined_from_voxel005_hard,real_previous_registration,345,731,0.06434602628149269,0.0007055270835083678,0.7175379132158589,117.56409040217522,-0.717395095498944,0,0.6871121246979488,0
real_20260626_143302_palletizer_005_part_2_refined_from_voxel005_hard,real_previous_registration,348,381,0.5000737390664052,0.34769276564747076,0.14733964247950962,83.95975320330614,0.5462949937749682,0,0.4009087503134606,0
real_20260626_143302_palletizer_005_part_2_refined_from_voxel005_hard,real_previous_registration,352,2193,0.4647764963586157,0.1460994370541917,0.9926350681442341,135.0906046834662,-0.24216103022804697,0,0.3356361534305782,0
real_20260626_143302_palletizer_005_part_2_refined_from_voxel005_hard,real_previous_registration,354,2921,0.15059675419775884,0.008782378761501272,0.22959265114590194,84.50374848727195,0.7739728258742146,0,0.6690920175989807,0
real_20260626_143302_palletizer_005_part_2_refined_from_voxel005_hard,real_previous_registration,360,1563,0.10159883654220954,0.007131922382561455,0.08285450605654897,119.58107216558774,-0.4722729393979522,0,0.6779088710435769,0
real_20260626_143302_palletizer_005_part_2_refined_from_voxel005_hard,real_previous_registration,369,1251,0.48516810978443103,0.4664387660732464,0.7532819347703245,92.56258417024938,1.0722934854035215,0,0.40217559146803067,0
real_20260626_143302_palletizer_005_part_2_refined_from_voxel005_hard,real_previous_registration,372,3363,0.317727582080059,0.09575252874284834,0.9999198245436937,142.9824643742659,-0.35449007735242377,0,0.32316080394548313,0
real_20260626_143302_palletizer_005_part_2_refined_from_voxel005_hard,real_previous_registration,376,1864,0.4582003540958674,0.3434660443281366,0.8675710665785958,113.83461749361261,0.1920526912182522,0,0.4379230166350638,0
real_20260626_143302_palletizer_005_part_2_refined_from_voxel005_hard,real_previous_registration,378,693,0.592969135432237,0.4326582517826799,0.6989632283258724,81.3560833585743,0.666828766183868,0,0.1415226935531329,0
real_20260626_143302_palletizer_005_part_2_refined_from_voxel005_hard,real_previous_registration,381,175,0.5939449817159774,0.345119668582971,0.7630888525184212,45.199202279472736,1.443309131924523,0,0.6064014274586126,0
real_20260626_143302_palletizer_005_part_2_refined_from_voxel005_hard,real_previous_registration,388,1372,0.13439441993981438,0.11314833524418125,0.6684858886309251,90.16741647745013,1.6094339124461001,0,0.6201478092567058,0
real_20260626_143302_palletizer_005_part_2_refined_from_voxel005_hard,real_previous_registration,392,3966,0.2974087855773455,0.29295753942795255,0.8145380748170902,65.99419291868956,3.3700826545533724,0,0.46242491625954874,0
real_20260626_143302_palletizer_005_part_2_refined_from_voxel005_hard,real_previous_registration,394,1485,0.10059739801093259,0.05875617291645291,0.6218828409274326,120.43321038376926,0.5798175785877652,0,0.8437801641031132,0
real_20260626_143302_palletizer_005_part_2_refined_from_voxel005_hard,real_previous_registration,395,498,0.2624397042711199,0.16660340875147964,0.12318843285854206,80.77911636995394,-0.2674789818014808,0,0.7063949548699174,0
real_20260626_143302_palletizer_005_part_2_refined_from_voxel005_hard,real_previous_registration,397,6,0.3377845252027108,0.328577232591616,0.9693172699554761,74.16675992817848,1.19885595750816,0,0.4716198138414383,0
real_20260626_143302_palletizer_005_part_2_refined_from_voxel005_hard,real_previous_registration,401,1251,0.46880212969143903,0.4372194688553423,0.8570737623841035,111.15854727647998,0.5667454304337523,0,0.4127899605582482,0
real_20260626_143302_palletizer_005_part_2_refined_from_voxel005_hard,real_previous_registration,410,2723,0.18439119697766818,0.1820891643323992,0.47510611594656105,97.63051086915642,0.02020268100176426,0,0.5849083349429551,0
real_20260626_143302_palletizer_005_part_2_refined_from_voxel005_hard,real_previous_registration,414,2711,0.2234598466182736,0.0430008040521196,0.06135769764896473,81.07510015541999,0.40697521805348136,0,0.4192791103444528,0
real_20260626_143302_palletizer_005_part_2_refined_from_voxel005_hard,real_previous_registration,417,1563,0.1317528527915399,0.12925863665970758,0.036732216686471475,133.04649446753172,-0.8552641522629738,0,0.6962184586453475,0
real_20260626_143302_palletizer_005_part_2_refined_from_voxel005_hard,real_previous_registration,421,3763,0.521905558317717,0.042568045102854446,0.9223991662732781,65.00229496392316,1.1001210097274314,0,0.12029719869197643,0
real_20260626_143302_palletizer_005_part_2_refined_from_voxel005_hard,real_previous_registration,425,3437,0.28425813728404137,0.18400810243253035,0.6368240163163251,83.5203233387607,1.2887120206318137,0,0.5339132307768918,0
real_20260626_143302_palletizer_005_part_2_refined_from_voxel005_hard,real_previous_registration,429,3942,0.2789011924249972,0.15873925777799913,0.7868949853584131,104.61471675113768,0.7874568119557297,0,0.4516425795487302,0
real_20260626_143302_palletizer_005_part_2_refined_from_voxel005_hard,real_previous_registration,432,2470,0.34903064687848967,0.09070444957511989,0.10892820116336041,71.335277743445,0.49977503117031774,0,0.42563424021141066,0
real_20260626_143302_palletizer_005_part_2_refined_from_voxel005_hard,real_previous_registration,433,852,0.4854863990507163,0.40814528029221764,0.2695782923912566,81.2996552575782,0.4476461206960053,0,0.42692524951924876,0
real_20260626_143302_palletizer_005_part_2_refined_from_voxel005_hard,real_previous_registration,435,2745,0.07913941907297461,0.021204908105213804,0.4767685514106964,95.63718856705789,0.15373384547817823,0,0.7695432201459695,0
real_20260626_143302_palletizer_005_part_2_refined_from_voxel005_hard,real_previous_registration,436,1563,0.029040764938123225,0.02010316773498081,0.04344532912618574,103.86691615401028,-0.26747893920901794,1,0.685052771960204,0
real_20260626_143302_palletizer_005_part_2_refined_from_voxel005_hard,real_previous_registration,441,1057,0.4638981901257788,0.43635514458354113,0.9810188354475411,122.01599467446556,0.9111737626217346,0,0.39550524297524575,0
real_20260626_143302_palletizer_005_part_2_refined_from_voxel005_hard,real_previous_registration,443,1823,0.30195750988330633,0.05044929896324114,0.37836130018406866,92.33438556742226,2.0678900910245743,0,0.5568399988325359,0
real_20260626_143302_palletizer_005_part_2_refined_from_voxel005_hard,real_previous_registration,445,451,0.5996861552897531,0.23962434608050126,0.24570019107639962,83.84884630207301,0.8411819666621795,0,0.14364930695371123,0
real_20260626_143302_palletizer_005_part_2_refined_from_voxel005_hard,real_previous_registration,447,1258,0.4298282057052775,0.25886799202568256,0.9305869181030912,80.14944742511865,-0.022356859999926336,0,0.3448968797048786,0
real_20260626_143302_palletizer_005_part_2_refined_from_voxel005_hard,real_previous_registration,448,354,0.14127514724404663,0.09645250588198565,0.2791681267248342,85.84603787138407,0.33865583995227344,0,0.800445921761628,0
real_20260626_143302_palletizer_005_part_2_refined_from_voxel005_hard,real_previous_registration,450,274,0.16147196726190002,0.07427345637156924,0.7524912430111462,79.33027086560406,0.6122528904836699,0,0.6452872414547322,0
real_20260626_143302_palletizer_005_part_2_refined_from_voxel005_hard,real_previous_registration,452,1823,0.31218271632328354,0.11740433594997997,0.06118104426490067,48.42996082402268,2.3352046752677422,0,0.44390215695982205,0
real_20260626_143302_palletizer_005_part_2_refined_from_voxel005_hard,real_previous_registration,455,3331,0.20806409735192033,0.20777455638366557,0.18443704336131794,160.5825307591201,-0.4970531876728487,0,0.6501540085094198,0
real_20260626_143302_palletizer_005_part_2_refined_from_voxel005_hard,real_previous_registration,458,2745,0.07013111997079564,0.0008845968683067968,0.8346500901251888,81.81849330657039,0.40156967325516907,0,0.7164718982760336,0
real_20260626_143302_palletizer_005_part_2_refined_from_voxel005_hard,real_previous_registration,463,3467,0.3633362826733329,0.015142503957416092,0.7214524610088708,74.09346246408128,0.579817884142493,0,0.40029119715065775,0
real_20260626_143302_palletizer_005_part_2_refined_from_voxel005_hard,real_previous_registration,466,1823,0.2945663632449302,0.08387486970918015,0.38766333109780193,75.45305642131308,1.9297398696284846,0,0.42618860996463365,0
real_20260626_143302_palletizer_005_part_2_refined_from_voxel005_hard,real_previous_registration,469,693,0.34931435564379215,0.18795334463831195,0.21218938487860406,46.06299109497407,1.3111852284082075,0,0.39643369401335277,0
real_20260626_143302_palletizer_005_part_2_refined_from_voxel005_hard,real_previous_registration,472,238,0.5638360191991008,0.08193123009580343,0.9922104131874452,157.8589556372745,1.224172569984719,0,0.138704454719631,0
real_20260626_143302_palletizer_005_part_2_refined_from_voxel005_hard,real_previous_registration,474,3571,0.30001641605777574,0.09212575848683423,0.02222708370146785,62.32316528031602,1.937121040100056,0,0.5199341239860168,0
real_20260626_143302_palletizer_005_part_2_refined_from_voxel005_hard,real_previous_registration,477,3465,0.4196385265758111,0.4152159523393184,0.7962344860704509,78.34680954232151,2.4180903892412453,0,0.41614620781902495,0
real_20260626_143302_palletizer_005_part_2_refined_from_voxel005_hard,real_previous_registration,478,3571,0.5723371654808417,0.10920462396114403,0.9620804116590572,51.686246182905904,1.7065975683072436,0,0.15622946361446371,0
real_20260626_143302_palletizer_005_part_2_refined_from_voxel005_hard,real_previous_registration,483,3571,0.27109640326494977,0.015454230722286294,0.5314927898810493,59.16474911175283,1.8920006380774803,0,0.4532155102683924,0
real_20260626_143302_palletizer_005_part_2_refined_from_voxel005_hard,real_previous_registration,491,175,0.5994482217529457,0.4512203917061047,0.7181372834187011,49.5507117179115,0.91628923187678,0,0.40551858646131367,0
real_20260626_143302_palletizer_005_part_2_refined_from_voxel005_hard,real_previous_registration,494,274,0.3607541669266553,0.22716383144912208,0.8434118197406298,95.525340838802,0.6333062779616665,0,0.6624474150270099,0
real_20260626_143302_palletizer_005_part_2_refined_from_voxel005_hard,real_previous_registration,495,3763,0.288968393668301,0.03986399919175665,0.0673131297917644,78.44578885914052,0.7133484712137299,0,0.4222011715404628,0
real_20260626_143302_palletizer_005_part_2_refined_from_voxel005_hard,real_previous_registration,500,274,0.2875017238250945,0.1324672209125488,0.7372596353670664,103.96747684055902,1.0106001882700772,0,0.5931693995372577,0
real_20260626_143302_palletizer_005_part_2_refined_from_voxel005_hard,real_previous_registration,501,492,0.20790504376694705,0.038120716665009755,0.5407163455299062,67.92834106015563,1.8919978073299668,0,0.6925736833870495,0
real_20260626_143302_palletizer_005_part_2_refined_from_voxel005_hard,real_previous_registration,505,1057,0.47837256144395646,0.46421816322594256,0.9725796363520397,127.36548350565992,1.0762533217885402,0,0.3885458371285296,0
real_20260626_143302_palletizer_005_part_2_refined_from_voxel005_hard,real_previous_registration,512,498,0.42328831446435133,0.25746660838052715,0.3610129850764527,122.09143569544315,-1.1037248701104332,0,0.43120536522810243,0
real_20260626_143302_palletizer_005_part_2_refined_from_voxel005_hard,real_previous_registration,517,3465,0.4039414527718913,0.37554022378305774,0.895951375731809,94.10751321361693,2.0996369365315566,0,0.41057759085690626,0
real_20260626_143302_palletizer_005_part_2_refined_from_voxel005_hard,real_previous_registration,524,44,0.48044231360349354,0.25957727944032577,0.6251129025192358,53.28877937806299,0.36504274385490715,0,0.3127897992192534,0
real_20260626_143302_palletizer_005_part_2_refined_from_voxel005_hard,real_previous_registration,525,314,0.11135245151768162,0.0931673506818693,0.1170310327275157,105.42566214368973,1.629633919785008,0,0.7595180317056679,0
real_20260626_143302_palletizer_005_part_2_refined_from_voxel005_hard,real_previous_registration,526,6,0.3959692177851615,0.37503480709723297,0.6265782977975209,42.6352201706294,1.4189176933771808,0,0.3451096401573943,0
real_20260626_143302_palletizer_005_part_2_refined_from_voxel005_hard,real_previous_registration,528,693,0.3984879142783586,0.24466579206601252,0.3829625749547091,62.783116163941585,1.1338513319684957,0,0.4070176554499632,0
real_20260626_143302_palletizer_005_part_2_refined_from_voxel005_hard,real_previous_registration,531,1823,0.39518337512465956,0.09046545633302625,0.01767569288333154,57.85260748685246,2.130410400107607,0,0.3687613785279865,0
real_20260626_143302_palletizer_005_part_2_refined_from_voxel005_hard,real_previous_registration,533,2977,0.3292281113890351,0.27624191991787483,0.40019868604138875,55.97094184063734,1.524277310449075,0,0.2909715015454684,0
real_20260626_143302_palletizer_005_part_2_refined_from_voxel005_hard,real_previous_registration,534,1291,0.2590713283469826,0.2408044105155732,0.9339315177240416,66.10610317395148,-0.036955671664074305,0,0.5749675505749352,0
real_20260626_143302_palletizer_005_part_2_refined_from_voxel005_hard,real_previous_registration,539,2711,0.5088366999041196,0.07277623664255528,0.9289368005474093,65.19532222820841,0.4620349457082514,0,0.15905997620087145,0
real_20260626_143302_palletizer_005_part_2_refined_from_voxel005_hard,real_previous_registration,540,2977,0.48089372844163414,0.38470310257523116,0.3898500957691706,161.78406743461952,1.187805384938683,0,0.14168816330331852,0
real_20260626_143302_palletizer_005_part_2_refined_from_voxel005_hard,real_previous_registration,546,3942,0.2767791735492211,0.1828305925767839,0.8313962221332543,114.63875238605479,0.5462949937749682,0,0.4496079481555736,0
real_20260626_143302_palletizer_005_part_2_refined_from_voxel005_hard,real_previous_registration,552,2711,0.47216122572143293,0.07755943970998588,0.9370665048953892,65.22194694751286,0.49712623534713357,0,0.1917576158242541,0
real_20260626_143302_palletizer_005_part_2_refined_from_voxel005_hard,real_previous_registration,555,44,0.516936385573863,0.3241986188926127,0.9530971563278808,36.00141339986049,0.4641335501942003,0,0.3238753697493624,0
real_20260626_143302_palletizer_005_part_2_refined_from_voxel005_hard,real_previous_registration,559,1525,0.4731936414287509,0.37142867162497817,0.890522157413672,64.65170886146205,0.1537339302993725,0,0.3797661473606245,0
real_20260626_143302_palletizer_005_part_2_refined_from_voxel005_hard,real_previous_registration,560,3725,0.26398159487742245,0.11327454077380658,0.1483921407267449,88.15890173587744,0.3156664972468105,0,0.4578738887783667,0
real_20260626_143302_palletizer_005_part_2_refined_from_voxel005_hard,real_previous_registration,561,3614,0.4831016147169312,0.148779841428807,0.12444008927217226,70.3578964176891,1.1441314933946574,0,0.34630421952928847,0
real_20260626_143302_palletizer_005_part_2_refined_from_voxel005_hard,real_previous_registration,567,1507,0.4796434574640848,0.46561797760949347,0.7971897074130875,87.84145516395178,0.9075048371937062,0,0.3174632966404955,0
real_20260626_143302_palletizer_005_part_2_refined_from_voxel005_hard,real_previous_registration,568,1608,0.330371773360259,0.1991833333573872,0.03481271928429622,168.43531880982877,-0.9242574941182182,0,0.6444828677046196,0
real_20260626_143302_palletizer_005_part_2_refined_from_voxel005_hard,real_previous_registration,573,3359,0.3130099653881719,0.29628394946183584,0.9454519808272257,75.69626700991859,0.4256672376487022,0,0.7193371553580848,0
real_20260626_143302_palletizer_005_part_2_refined_from_voxel005_hard,real_previous_registration,574,3725,0.40209551826444,0.2614629746551331,0.33734788328320153,46.98984701653555,-0.14969607716348943,0,0.2822118425495007,0
real_20260626_143302_palletizer_005_part_2_refined_from_voxel005_hard,real_previous_registration,580,78,0.1352925530988336,0.07724997685768772,0.0030584715185239253,108.83341764876555,-0.12087572188361169,0,0.795190227348627,0
real_20260626_143302_palletizer_005_part_2_refined_from_voxel005_hard,real_previous_registration,581,175,0.5112249209139718,0.40998669911661567,0.9047300162297035,52.50437210907194,1.1188133126550872,0,0.34942828346772437,0
real_20260626_143302_palletizer_005_part_2_refined_from_voxel005_hard,real_previous_registration,582,693,0.29220305844673483,0.15150929010383302,0.2001544109748719,44.30916472737714,1.1188134656849058,0,0.46037860719623724,0
real_20260626_143302_palletizer_005_part_2_refined_from_voxel005_hard,real_previous_registration,583,1823,0.3089744914275654,0.13690857760533875,0.3427498474593658,78.885742373872,1.7019561708850115,0,0.40174650784380417,0
real_20260626_143302_palletizer_005_part_2_refined_from_voxel005_hard,real_previous_registration,584,84,0.09582227793718083,0.07995065415870242,0.4567568391662791,75.25943898292435,-0.336471736621963,0,0.6756441989424734,0
real_20260626_143302_palletizer_005_part_2_refined_from_voxel005_hard,real_previous_registration,586,3842,0.1503148014508462,0.12441584617528373,0.5661466681793378,222.92088561051085,-0.21032060706829897,0,0.7363987291656287,0
real_20260626_143302_palletizer_005_part_2_refined_from_voxel005_hard,real_previous_registration,590,498,0.35915326233617534,0.23216641139694447,0.9464803714783736,77.93249103940452,-0.7242364386851524,0,0.5153263798893778,0
real_20260626_143302_palletizer_005_part_2_refined_from_voxel005_hard,real_previous_registration,591,2972,0.4063903681292669,0.24696460440228563,0.8895094009919673,68.59710936404505,0.5310277588619189,0,0.39043092976913324,0
real_20260626_143302_palletizer_005_part_2_refined_from_voxel005_hard,real_previous_registration,592,3613,0.4791279260892011,0.008198723548694192,0.2127355696450322,77.092157429254,0.4769606106909595,0,0.43017713702448007,0
real_20260626_143302_palletizer_005_part_2_refined_from_voxel005_hard,real_previous_registration,598,3942,0.23360534597950103,0.14283672638798364,0.7971727978981984,80.3270912653635,0.7874568119557297,0,0.3961836649875241,0
real_20260626_143302_palletizer_005_part_2_refined_from_voxel005_hard,real_previous_registration,600,2005,0.14910706852716182,0.046154431912785544,0.8653600652124158,92.40505056994245,0.49020536781520757,0,0.7011666557511995,0
real_20260626_143302_palletizer_005_part_2_refined_from_voxel005_hard,real_previous_registration,606,2470,0.4303719419415714,0.07602814078389654,0.10884867543974829,63.83143916360471,0.9517597306713557,0,0.299875615349248,0
real_20260626_143302_palletizer_005_part_2_refined_from_voxel005_hard,real_previous_registration,608,1515,0.394321062731467,0.3681746162708527,0.6888149351234012,52.32509615390284,0.6561908057375674,0,0.36120519314112476,0
real_20260626_143302_palletizer_005_part_2_refined_from_voxel005_hard,real_previous_registration,614,256,0.12267657135503314,0.008397962122784645,0.5670643438947175,96.94481897526369,0.7541707790660765,0,0.6438094076993045,0
real_20260626_143302_palletizer_005_part_2_refined_from_voxel005_hard,real_previous_registration,616,3220,0.18416919699482837,0.11083076670493175,0.23948476371384841,102.83573254964803,0.2964555008747326,0,0.6361435207337499,0
real_20260626_143302_palletizer_005_part_2_refined_from_voxel005_hard,real_previous_registration,619,3713,0.3306867021750559,0.32282518554607215,0.6075502131217522,84.22153689367057,0.6079886129613562,0,0.3489098843280931,0
real_20260626_143302_palletizer_005_part_2_refined_from_voxel005_hard,real_previous_registration,620,238,0.32019963791253986,0.09089170190001213,0.9990479942865215,47.390958843027114,1.7979724580534553,0,0.31697152927261324,0
real_20260626_143302_palletizer_005_part_2_refined_from_voxel005_hard,real_previous_registration,621,3966,0.04938412684727755,0.01730460816432089,0.15827103287400907,77.51923707811594,3.1771791713327753,0,0.741589140248333,0
real_20260626_143302_palletizer_005_part_2_refined_from_voxel005_hard,real_previous_registration,623,3465,0.1882361466279173,0.16569975014924407,0.4297940412483309,66.1699907466922,1.8660223539900918,0,0.6418993627440115,0
real_20260626_143302_palletizer_005_part_2_refined_from_voxel005_hard,real_previous_registration,628,3353,0.3089635622077576,0.28893981230142224,0.33773462708975943,59.316690599344234,1.2241735505358688,0,0.37963227647396885,0
real_20260626_143302_palletizer_005_part_2_refined_from_voxel005_hard,real_previous_registration,629,1823,0.44055665272231703,0.012757756904509948,0.2551446598685207,74.92238328323901,2.0678900910245743,0,0.43911619632704957,0
real_20260626_143302_palletizer_005_part_2_refined_from_voxel005_hard,real_previous_registration,631,1928,0.4662293346907897,0.42392830136219783,0.018876643845242957,84.63986519193863,-0.053905215385698424,0,0.42442066541350526,0
real_20260626_143302_palletizer_005_part_2_refined_from_voxel005_hard,real_previous_registration,632,1862,0.16290732221780194,0.12130001089985265,0.16873972075823984,66.34582353662888,3.0406037888956137,0,0.6288141006502976,0
real_20260626_143302_palletizer_005_part_2_refined_from_voxel005_hard,real_previous_registration,639,293,0.08169193352493882,0.06539120294904531,0.32769351283330816,92.82942296944958,1.2439745801275672,0,0.7964075557527681,0
real_20260626_143302_palletizer_005_part_2_refined_from_voxel005_hard,real_previous_registration,645,3966,0.11535011695690693,0.043736841784729696,0.3898687922757228,97.25933875166412,2.728229542064224,0,0.7974831070638558,0
real_20260626_143302_palletizer_005_part_2_refined_from_voxel005_hard,real_previous_registration,657,3220,0.17421434230486718,0.05183140625954785,0.6823562350112606,142.05620094304007,-0.23762579236048317,0,0.7385968109844341,0
real_20260626_143302_palletizer_005_part_2_refined_from_voxel005_hard,real_previous_registration,659,2977,0.5026218794334311,0.36508533145988525,0.4229954885950006,149.43071933002653,1.2312904505427735,0,0.16046255440544555,0
real_20260626_143302_palletizer_005_part_2_refined_from_voxel005_hard,real_previous_registration,667,563,0.4394298025139672,0.419818622022926,0.9146505201734305,44.985840715341965,0.7133492168254908,0,0.3100777858173776,0
real_20260626_143302_palletizer_005_part_2_refined_from_voxel005_hard,real_previous_registration,669,1508,0.3547208083626308,0.041100079573222884,0.942194922686616,151.48083114424804,-0.22095890794181325,0,0.33856929968110555,0
real_20260626_143302_palletizer_005_part_2_refined_from_voxel005_hard,real_previous_registration,675,1823,0.5161818556031265,0.032319571069132025,0.5012987580004113,67.22800354129055,1.8527789010848805,0,0.3521836681369873,0
real_20260626_143302_palletizer_005_part_2_refined_from_voxel005_hard,real_previous_registration,678,1372,0.08861414289171138,0.08568371649010316,0.6317927813851683,90.11305970534728,1.6296365997636395,0,0.6825086458618175,0
real_20260626_143302_palletizer_005_part_2_refined_from_voxel005_hard,real_previous_registration,680,175,0.4298373927106508,0.33289725856711616,0.46537057085766703,46.8049233889378,1.4311877785917038,0,0.3449733290594889,0
real_20260626_143302_palletizer_005_part_2_refined_from_voxel005_hard,real_previous_registration,683,3465,0.2272172275300229,0.21312259623319676,0.5880433338406535,69.37508671612026,1.8660223539900918,0,0.5933673511253639,0
real_20260626_143302_palletizer_005_part_2_refined_from_voxel005_hard,real_previous_registration,694,145,0.5757139284544348,0.12341433525246129,0.04875295257205295,59.44915868583742,1.629638107256315,0,0.19341884075184945,0
real_20260626_143302_palletizer_005_part_2_refined_from_voxel005_hard,real_previous_registration,700,2978,0.14179426641235982,0.10193352384240946,0.2148273721346604,86.01853377064836,0.6333062779616665,0,0.6626595717228836,0
real_20260626_143302_palletizer_005_part_2_refined_from_voxel005_hard,real_previous_registration,702,1251,0.5552687343538046,0.4639004027450572,0.12372121220122355,53.69246356580145,0.972210108717817,0,0.36280949666630447,0
real_20260626_143302_palletizer_005_part_2_refined_from_voxel005_hard,real_previous_registration,705,1508,0.5961496016197373,0.07402094671554706,0.9750052650123311,181.7997491761752,0.055293931069843115,0,0.16192206552711422,0
real_20260626_143302_palletizer_005_part_2_refined_from_voxel005_hard,real_previous_registration,706,2921,0.18857144356819694,0.14839731442188372,0.403782160001045,99.05395004889375,0.9364915391958071,0,0.8329067839384795,0
real_20260626_143302_palletizer_005_part_2_refined_from_voxel005_hard,real_previous_registration,707,3942,0.5279320011761863,0.2666429398605452,0.8884880672402887,165.80377393668138,0.5233055014487602,0,0.21755484439829922,0
real_20260626_143302_palletizer_005_part_2_refined_from_voxel005_hard,real_previous_registration,711,3942,0.22724471226247156,0.1855298207094888,0.7147746667074109,108.00131512662828,0.4509849253341494,0,0.4071784550575051,0
real_20260626_143302_palletizer_005_part_2_refined_from_voxel005_hard,real_previous_registration,713,2194,0.08910260605122616,0.05866016440873871,0.2428670226545609,69.21814909917457,0.7133488253791139,0,0.7018304970597685,0
real_20260626_143302_palletizer_005_part_2_refined_from_voxel005_hard,real_previous_registration,719,2039,0.24001945432622743,0.18860683769588488,0.11809645111098732,105.02258206107044,0.18272139122738995,0,0.3721264203817289,0
real_20260626_143302_palletizer_005_part_2_refined_from_voxel005_hard,real_previous_registration,723,3465,0.13692800950473136,0.05774101551828516,0.8268364650726814,86.86591502145897,2.217419858762123,0,0.7034414529086858,0
real_20260626_143302_palletizer_005_part_2_refined_from_voxel005_hard,real_previous_registration,724,175,0.34443443973263,0.2529125851474294,0.8101477918061925,54.2356519114368,1.3285336891327661,0,0.4172403054418882,0
real_20260626_143302_palletizer_005_part_2_refined_from_voxel005_hard,real_previous_registration,727,1555,0.45953312279429476,0.06946785694313294,0.91631351893504,87.20611033164289,0.3831077037249325,0,0.19474538311944747,0
real_20260626_143302_palletizer_005_part_2_refined_from_voxel005_hard,real_previous_registration,731,3465,0.39986226369006683,0.34645792902771244,0.8187863746608208,91.28415814533419,2.140458890218519,0,0.4093168768801545,0
real_20260626_143302_palletizer_005_part_2_refined_from_voxel005_hard,real_previous_registration,736,256,0.16116713095123028,0.13161799184482884,0.10915620481216542,102.31748640531443,0.9530214610900878,0,0.7635329601514249,0
real_20260626_143302_palletizer_005_part_2_refined_from_voxel005_hard,real_previous_registration,755,1119,0.2845120453809473,0.26635358832126294,0.879578224642374,81.48431054036678,0.27443652991265216,0,0.4598635571978514,0
real_20260626_143302_palletizer_005_part_2_refined_from_voxel005_hard,real_previous_registration,762,693,0.547673279783684,0.3493050505271209,0.48632766421822676,79.86371608069337,0.6903592364623105,0,0.20418793163276602,0
real_20260626_143302_palletizer_005_part_2_refined_from_voxel005_hard,real_previous_registration,766,3467,0.5580205024851486,0.1173290895655737,0.8317895795363328,59.58058686591393,0.34870636540115085,0,0.1960242635657677,0
real_20260626_143302_palletizer_005_part_2_refined_from_voxel005_hard,real_previous_registration,768,3465,0.09406190742165839,0.05842717885880998,0.81484449740446,81.75498138151892,2.2714870322741567,0,0.6891329870113477,0
real_20260626_143302_palletizer_005_part_2_refined_from_voxel005_hard,real_previous_registration,777,2835,0.48991188331943686,0.21602936221727614,0.3925336807302792,68.44280671363508,0.9692819690057706,0,0.33347990352404916,0
real_20260626_143302_palletizer_005_part_2_refined_from_voxel005_hard,real_previous_registration,779,3763,0.27753253563902414,0.012244103479893211,0.14859326235318684,79.63066607493644,1.061654765155613,0,0.4010211149350533,0
real_20260626_143302_palletizer_005_part_2_refined_from_voxel005_hard,real_previous_registration,780,175,0.42982708970921296,0.3266640145422904,0.14082196966375815,51.33802215958341,1.45528531594313,0,0.43810436286150706,0
real_20260626_143302_palletizer_005_part_2_refined_from_voxel005_hard,real_previous_registration,781,274,0.3230284810672322,0.0028305355317808645,0.8240838588304217,97.19308862319097,1.0247848134028859,0,0.47642078459000126,0
real_20260626_143302_palletizer_005_part_2_refined_from_voxel005_hard,real_previous_registration,785,3437,0.35232052876667913,0.16813835349366135,0.3724123882146746,79.95124332299218,1.4473169385168652,0,0.42399002505830397,0
real_20260626_143302_palletizer_005_part_2_refined_from_voxel005_hard,real_previous_registration,786,2682,0.1574423153766061,0.016788992986723802,0.1663961004142595,68.45685606285284,1.5957324244310722,0,0.8263318627054536,0
real_20260626_143302_palletizer_005_part_2_refined_from_voxel005_hard,real_previous_registration,789,256,0.25080405771206593,0.07292560942392312,0.6701897568843547,81.51940640110071,0.812439631718407,0,0.5108749102961587,0
real_20260626_143302_palletizer_005_part_2_refined_from_voxel005_hard,real_previous_registration,790,3465,0.23610140983803238,0.18703998448051404,0.743528937314995,90.93127729707258,2.140458890218519,0,0.5627669102815793,0
real_20260626_143302_palletizer_005_part_2_refined_from_voxel005_hard,real_previous_registration,799,3614,0.4956186279972951,0.26394479839186097,0.17259477699856698,55.92574974663768,0.8564496251093973,0,0.30743341699181015,0
real_20260626_143302_palletizer_005_part_2_refined_from_voxel005_hard,real_previous_registration,806,1507,0.5399877608207612,0.5187432150908428,0.9811069511787508,93.70437128984288,0.9075048371937062,0,0.3041379923664803,0
real_20260626_143302_palletizer_005_part_2_refined_from_voxel005_hard,real_previous_registration,809,3942,0.2565545860632525,0.1264088551696488,0.816140339536959,88.50710787065424,0.9517597306713557,0,0.38640078654012594,0
real_20260626_143302_palletizer_005_part_2_refined_from_voxel005_hard,real_previous_registration,814,2977,0.5743672942910856,0.46985192694925815,0.38683566637243794,199.8182366144413,1.0447047088191805,0,0.053885794685391515,1
real_20260626_143302_palletizer_005_part_2_refined_from_voxel005_hard,real_previous_registration,823,3465,0.12255995620997975,0.021707778778911196,0.5554930384559257,86.86697755708519,2.0785835490535596,0,0.6650739865271121,0
real_20260626_143302_palletizer_005_part_2_refined_from_voxel005_hard,real_previous_registration,832,314,0.1497692248223577,0.10879809208343058,0.1678379627106337,76.5335918293117,1.7547968705824468,0,0.8304535472442298,0
real_20260626_143302_palletizer_005_part_2_refined_from_voxel005_hard,real_previous_registration,836,44,0.3431191565533264,0.23633513281221255,0.8152522044295841,59.48239954992523,0.48282566608547384,0,0.46655871729119824,0
real_20260626_143302_palletizer_005_part_2_refined_from_voxel005_hard,real_previous_registration,837,1251,0.4717228485637657,0.36653547240757756,0.9576767794794121,73.60471977340663,0.7793066254972202,0,0.4434963440770314,0
real_20260626_143302_palletizer_005_part_2_refined_from_voxel005_hard,real_previous_registration,841,498,0.3950084776787608,0.2829229855448181,0.7295492502456528,88.98525747694099,-0.8960862120605442,0,0.5296818646006171,0
real_20260626_143302_palletizer_005_part_2_refined_from_voxel005_hard,real_previous_registration,843,852,0.4763216738123633,0.32776414727220426,0.5910133952426181,116.1316992617424,0.7298783264417633,0,0.38956283784617357,0
real_20260626_143302_palletizer_005_part_2_refined_from_voxel005_hard,real_previous_registration,844,2066,0.5205861845615862,0.5041993474780296,0.408986362447559,234.82936882438386,-0.267478817516342,0,0.3098609986754192,0
real_20260626_143302_palletizer_005_part_2_refined_from_voxel005_hard,real_previous_registration,849,3354,0.03351077458931646,0.017385985599009234,0.4651366331885355,190.75029612827535,-0.518792848972481,1,0.7937750862660413,0
real_20260626_143302_palletizer_005_part_2_refined_from_voxel005_hard,real_previous_registration,855,1501,0.4289663500847765,0.3723354028384199,0.4079975087469152,37.10275957526954,0.18725659792494326,0,0.31431342047194977,0
real_20260626_143302_palletizer_005_part_2_refined_from_voxel005_hard,real_previous_registration,856,1864,0.4648690851499626,0.39411296211622265,0.8485726202720588,93.65274691182765,0.4862918355271914,0,0.3841500878453045,0
real_20260626_143302_palletizer_005_part_2_refined_from_voxel005_hard,real_previous_registration,857,1507,0.5609118700174752,0.5367050067587731,0.9351811238965991,65.48469359910746,1.0824461710401514,0,0.29396529758469425,0
real_20260626_143302_palletizer_005_part_2_refined_from_voxel005_hard,real_previous_registration,865,3465,0.2051083702958087,0.1841497312442369,0.8648985818330843,84.24178026122148,2.235768980932018,0,0.5212626287731305,0
real_20260626_143302_palletizer_005_part_2_refined_from_voxel005_hard,real_previous_registration,870,1698,0.5201924871671311,0.43739957980468086,0.27155797917210467,87.50062655803006,0.4946599900882399,0,0.36011515221287954,0
real_20260626_143302_palletizer_005_part_2_refined_from_voxel005_hard,real_previous_registration,872,3942,0.4029996671301222,0.20964584449457743,0.7211632360740406,101.22143790877733,0.6539255443310898,0,0.2128204896854171,0
real_20260626_143302_palletizer_005_part_2_refined_from_voxel005_hard,real_previous_registration,873,2972,0.45567148084039166,0.3936334362986608,0.7547378300620806,57.3881742415111,0.7271424923545277,0,0.4212015406882058,0
real_20260626_143302_palletizer_005_part_2_refined_from_voxel005_hard,real_previous_registration,881,2154,0.2719049851148221,0.22631408899802463,0.42886777153825606,46.59753092624812,0.6021236575666079,0,0.44446570082908493,0
real_20260626_143302_palletizer_005_part_2_refined_from_voxel005_hard,real_previous_registration,882,3571,0.4010128279309621,0.17741738098900958,0.08695068077318048,60.76684213949903,1.8607481185049817,0,0.4859423231905457,0
real_20260626_143302_palletizer_005_part_2_refined_from_voxel005_hard,real_previous_registration,884,3571,0.4744974312444819,0.03496815938550771,0.8894864829183527,51.150240155749145,1.6296365997636395,0,0.2913336161461135,0
real_20260626_143302_palletizer_005_part_2_refined_from_voxel005_hard,real_previous_registration,894,2972,0.585928573287955,0.31146435853002324,0.22316079605547934,59.20570030233231,0.2653248416794042,0,0.22921846226417586,0
real_20260626_143302_palletizer_005_part_2_refined_from_voxel005_hard,real_previous_registration,895,1823,0.35552977684531145,0.01732299126966301,0.3708986809883339,71.07066585747582,2.310203388377208,0,0.49640131617614025,0
real_20260626_143302_palletizer_005_part_2_refined_from_voxel005_hard,real_previous_registration,902,693,0.3460245530595998,0.163490848055897,0.5714879844875054,47.61739788007838,1.3358778260595638,0,0.4137190432751176,0
real_20260626_143302_palletizer_005_part_2_refined_from_voxel005_hard,real_previous_registration,906,1574,0.4921690298733128,0.4222022273357182,0.3811644287002252,139.30950972778174,-0.11332843530755525,0,0.27137695308608056,0
real_20260626_143302_palletizer_005_part_2_refined_from_voxel005_hard,real_previous_registration,920,3966,0.2917383234930947,0.29094465933715863,0.13025280748633306,60.84554544352662,3.2782751879587444,0,0.4761978495396305,0
real_20260626_143302_palletizer_005_part_2_refined_from_voxel005_hard,real_previous_registration,921,3467,0.5176050340206315,0.07893313328459012,0.9221405956430315,56.85354001913355,0.32850367808361153,0,0.26302401641985135,0
real_20260626_143302_palletizer_005_part_2_refined_from_voxel005_hard,real_previous_registration,923,3571,0.5122001613509702,0.03873269979019234,0.7574470655094184,54.55733043415209,1.6094339124461001,0,0.26874621347914657,0
real_20260626_143302_palletizer_005_part_2_refined_from_voxel005_hard,real_previous_registration,924,2682,0.1421380384268423,0.034877262546770316,0.28311990057892644,64.77613751239025,1.8660223539900918,0,0.7730748225630865,0
real_20260626_143302_palletizer_005_part_2_refined_from_voxel005_hard,real_previous_registration,930,2215,0.5022174562945615,0.11824907659372527,0.00036971079143482966,77.29275966328458,0.20741397393974897,0,0.39100499824453855,0
real_20260626_143302_palletizer_005_part_2_refined_from_voxel005_hard,real_previous_registration,931,238,0.2306614120174282,0.04047137591971661,0.3251050380332182,67.2740666829332,1.6941757398559116,0,0.4133799101198386,0
real_20260626_143302_palletizer_005_part_2_refined_from_voxel005_hard,real_previous_registration,936,274,0.4763651070837631,0.08696185562484446,0.23682517692015007,94.50037500692383,0.9517597306713557,0,0.4407884772859315,0
real_20260626_143302_palletizer_005_part_2_refined_from_voxel005_hard,real_previous_registration,942,3571,0.21329106678051404,0.14997016414186254,0.9938339579884895,65.80792067042256,1.4311858761615186,0,0.6260778649501457,0
real_20260626_143302_palletizer_005_part_2_refined_from_voxel005_hard,real_previous_registration,943,1823,0.26203972360871103,0.12731090503840795,0.19920052899274318,64.78893708459394,2.0996387646415933,0,0.4886850469741585,0
real_20260626_143302_palletizer_005_part_2_refined_from_voxel005_hard,real_previous_registration,953,1507,0.5872233614585506,0.5466920423931187,0.2527160164254015,66.14417746131728,1.0947162562546742,0,0.31728791871796663,0
real_20260626_143302_palletizer_005_part_2_refined_from_voxel005_hard,real_previous_registration,954,3763,0.5875302381571766,0.09719328855843791,0.8482368370906508,100.77007714340591,0.891029426875232,0,0.10716534811272634,0
real_20260626_143302_palletizer_005_part_2_refined_from_voxel005_hard,real_previous_registration,956,498,0.3027964900353949,0.2491516040502766,0.34641220128844574,75.00371776484366,-0.11332853530720198,0,0.7250651639581593,0
real_20260626_143302_palletizer_005_part_2_refined_from_voxel005_hard,real_previous_registration,968,2977,0.2397157674757323,0.22091316666696278,0.6339985321581165,87.10395892625878,1.458680080693916,0,0.402574397300838,0
real_20260626_143302_palletizer_005_part_2_refined_from_voxel005_hard,real_previous_registration,972,693,0.44009766903483905,0.2647443063877007,0.049999417805463686,63.100974433541154,0.8609845747426915,0,0.30332542647110106,0
real_20260626_143302_palletizer_005_part_2_refined_from_voxel005_hard,real_previous_registration,977,3465,0.09194005498168414,0.045039442498130675,0.6324043973236745,79.4780072838243,2.355570080158213,0,0.7751480510902325,0
real_20260626_143302_palletizer_005_part_2_refined_from_voxel005_hard,real_previous_registration,982,238,0.368300519313417,0.09104025716572799,0.975058553861134,65.54388260917509,1.5426259670126978,0,0.2863655528565585,0
real_20260626_143302_palletizer_005_part_2_refined_from_voxel005_hard,real_previous_registration,983,1864,0.4507829400952273,0.3900886125768283,0.8509521264210419,82.88234841929187,0.5434501959902835,0,0.38779814905900867,0
real_20260626_143302_palletizer_005_part_2_refined_from_voxel005_hard,real_previous_registration,985,2921,0.2853533816583179,0.10041921659806834,0.5104323941457279,83.0066414048793,1.0977595043453277,0,0.5197546613466608,0
real_20260626_143302_palletizer_005_part_2_refined_from_voxel005_hard,real_previous_registration,988,997,0.35774595007256005,0.17138904026355462,0.453476891040546,71.13097907245437,1.1988555209712968,0,0.3691635862210379,0
real_20260626_143302_palletizer_005_part_2_refined_from_voxel005_hard,real_previous_registration,996,2745,0.027358299197632836,0.014254543368184517,0.48685976456500346,77.23335786987883,0.3255838606288627,1,0.7139782312673654,0
real_20260626_143302_palletizer_005_part_2_refined_from_voxel005_hard,real_previous_registration,999,3353,0.28692943275052524,0.24761830758168699,0.7873435012606261,81.61462634134809,1.2887120206318137,0,0.40780440022972947,0
real_20260626_143302_palletizer_005_part_2_refined_from_voxel005_hard,real_previous_registration,1008,2977,0.390426536549382,0.2830781453321951,0.5755835402974351,71.60232115208099,1.2931657917077326,0,0.2495513363980534,0
real_20260626_143302_palletizer_005_part_2_refined_from_voxel005_hard,real_previous_registration,1027,1555,0.5874293266122508,0.08943791175652734,0.9953410342687152,105.03695461816302,0.2680385038445585,0,0.06585832719911894,1
real_20260626_143302_palletizer_005_part_2_refined_from_voxel005_hard,real_previous_registration,1034,3437,0.3347084450643094,0.2345275194558383,0.32846891961231517,82.89447261591529,1.207366446061284,0,0.5112472819388313,0
real_20260626_143302_palletizer_005_part_2_refined_from_voxel005_hard,real_previous_registration,1043,2682,0.15898052967661636,0.10534624674054523,0.9296411464079793,59.485881682738814,1.629633919785008,0,0.8682831812456608,0
real_20260626_143302_palletizer_005_part_2_refined_from_voxel005_hard,real_previous_registration,1044,2977,0.29095142076164193,0.1333048895268097,0.7337226880189531,122.11147631090483,0.9920610432477387,0,0.38912959681604403,0
real_20260626_143302_palletizer_005_part_2_refined_from_voxel005_hard,real_previous_registration,1047,2977,0.5884629220994104,0.4616877423295635,0.4187134509470381,184.96971270956107,1.094715068105612,0,0.08952652520372946,1
real_20260626_143302_palletizer_005_part_2_refined_from_voxel005_hard,real_previous_registration,1052,909,0.3689201741723508,0.26475550925265606,0.9327355005041889,83.13236009087902,0.5508302524982641,0,0.38886713998629713,0
real_20260626_143302_palletizer_005_part_2_refined_from_voxel005_hard,real_previous_registration,1054,3437,0.47379717681346706,0.31589300686765004,0.5034013236831859,84.38174110494785,1.256963347014795,0,0.5150285880567432,0
real_20260626_143302_palletizer_005_part_2_refined_from_voxel005_hard,real_previous_registration,1067,1001,0.07554048139678675,0.07487250918714708,0.3737896131976888,47.73494737850851,-0.518793085082823,0,0.7074850332218967,0
real_20260626_143302_palletizer_005_part_2_refined_from_voxel005_hard,real_previous_registration,1073,354,0.08587970843952468,0.08221724779424036,0.12179635389996835,100.39719941633456,0.3078842276869648,0,0.8055692919129228,0
real_20260626_143302_palletizer_005_part_2_refined_from_voxel005_hard,real_previous_registration,1075,175,0.31316744981579064,0.23330858779982372,0.9015550775486239,66.29223006770204,1.2291612845006357,0,0.44597370419132965,0
real_20260626_143302_palletizer_005_part_2_refined_from_voxel005_hard,real_previous_registration,1076,175,0.5818615463432795,0.41360206216820855,0.3427871774546968,40.4598991032094,1.2291612845006357,0,0.4914730602973222,0
real_20260626_143302_palletizer_005_part_2_refined_from_voxel005_hard,real_previous_registration,1081,2977,0.43563042797152485,0.3283883822185087,0.5176556671190098,112.30790085579169,1.1188125912294213,0,0.1963328114853546,0
real_20260626_143302_palletizer_005_part_2_refined_from_voxel005_hard,real_previous_registration,1082,1823,0.2638348280596997,0.128352854383262,0.31056214670942145,67.94770928058898,2.051629583108892,0,0.5170074744079118,0
real_20260626_143302_palletizer_005_part_2_refined_from_voxel005_hard,real_previous_registration,1084,274,0.2853883113356567,0.008982025431742438,0.4170470872976524,97.75357795302783,1.0928382312439286,0,0.4857496725183562,0
real_20260626_143302_palletizer_005_part_2_refined_from_voxel005_hard,real_previous_registration,1085,3571,0.33310658723900577,0.06375738437662666,0.07190113398191131,54.164966370783795,2.099639861509668,0,0.4227129686561596,0
real_20260626_143302_palletizer_005_part_2_refined_from_voxel005_hard,real_previous_registration,1089,1508,0.5793402002687101,0.08292023873195095,0.9656736231147451,185.4469128206962,-0.016164907752878908,0,0.09660034320767306,1
real_20260626_143302_palletizer_005_part_2_refined_from_voxel005_hard,real_previous_registration,1093,1291,0.45850607387549563,0.411222618318403,0.4561314102612528,53.8832348250955,0.2797136768768617,0,0.452706215878753,0
real_20260626_143302_palletizer_005_part_2_refined_from_voxel005_hard,real_previous_registration,1096,238,0.3283935436634997,0.002951678968601809,0.9284973952987017,56.168639347098136,1.467118484379711,0,0.3567769147928583,0
real_20260626_143302_palletizer_005_part_2_refined_from_voxel005_hard,real_previous_registration,1097,44,0.43200348641515657,0.3204739375258456,0.8309342279280101,49.54591521364801,0.8758679592878978,0,0.4267782725569489,0
real_20260626_143302_palletizer_005_part_2_refined_from_voxel005_hard,real_previous_registration,1099,1508,0.32449274466517597,0.007506866559469652,0.9422033721545443,183.20216600906272,-0.267478817516342,0,0.3290992898711346,0
real_20260626_143302_palletizer_005_part_2_refined_from_voxel005_hard,real_previous_registration,1100,1507,0.512992108189288,0.5068736002000376,0.8083279167428864,71.38986420515535,1.1423442774504111,0,0.27800242570979017,0
real_20260626_143302_palletizer_005_part_2_refined_from_voxel005_hard,real_previous_registration,1103,3437,0.3864578484581066,0.32238596704706923,0.8332472740014856,83.3069717509879,1.3042161953889417,0,0.6063079312013078,0
real_20260626_143302_palletizer_005_part_2_refined_from_voxel005_hard,real_previous_registration,1106,3763,0.2698416989981395,0.08225926875873857,0.11863223656290849,76.14078948598434,0.84340143347298,0,0.4137311634755005,0
real_20260626_143302_palletizer_005_part_2_refined_from_voxel005_hard,real_previous_registration,1109,3359,0.16927117257884966,0.1593326191550257,0.9843656139190585,72.72642570488172,0.6794475143637349,0,0.712936859461826,0
real_20260626_143302_palletizer_005_part_2_refined_from_voxel005_hard,real_previous_registration,1113,354,0.122732964071862,0.05414019150072545,0.5313626943088132,68.85510949712832,0.4256670932047057,0,0.7393393104598583,0
real_20260626_143302_palletizer_005_part_2_refined_from_voxel005_hard,real_previous_registration,1114,314,0.20806575615276734,0.16953466414589802,0.33634622262556213,102.19063544874305,2.035098483449469,0,0.610467242894019,0
real_20260626_143302_palletizer_005_part_2_refined_from_voxel005_hard,real_previous_registration,1116,3102,0.07097091146481403,0.07084697281899972,0.17969062717733622,169.59875486628877,-0.7653169480233761,0,0.7668588604228438,0
real_20260626_143302_palletizer_005_part_2_refined_from_voxel005_hard,real_previous_registration,1121,238,0.48122683646075026,0.10563021166044657,0.9999857493195087,129.30690174390253,1.341955469530149,0,0.23977523919122462,0
real_20260626_143302_palletizer_005_part_2_refined_from_voxel005_hard,real_previous_registration,1124,238,0.2729447091853078,0.0012360852275947534,0.9676876950240084,52.73992851573703,1.5426259670126978,0,0.39898618567367833,0
real_20260626_143302_palletizer_005_part_2_refined_from_voxel005_hard,real_previous_registration,1128,3876,0.57664832724257,0.18933171889831765,0.8215092779171617,151.64821657264613,0.1743530538120833,0,0.0481254257677249,1
real_20260626_143302_palletizer_005_part_2_refined_from_voxel005_hard,real_previous_registration,1130,1372,0.11435250860400968,0.1085648404156785,0.3583201532994054,95.76466609062327,1.4064932934491599,0,0.6828801344338126,0
real_20260626_143302_palletizer_005_part_2_refined_from_voxel005_hard,real_previous_registration,1134,3465,0.3556599491495177,0.2446834468643297,0.5219642654514326,79.16466758983015,2.217419858762123,0,0.6415080723790175,0
real_20260626_143302_palletizer_005_part_2_refined_from_voxel005_hard,real_previous_registration,1135,44,0.21035970902825538,0.1776456625336844,0.5018127387565163,54.31625350860553,-0.3281034158732681,0,0.6156723982495887,0
real_20260626_143302_palletizer_005_part_2_refined_from_voxel005_hard,real_previous_registration,1139,2752,0.06824482138226018,0.05799512664343964,0.385752075610354,91.13746029646077,0.7933910741865488,0,0.7088186902315868,0
real_20260626_143302_palletizer_005_part_2_refined_from_voxel005_hard,real_previous_registration,1146,238,0.3163291711060206,0.01320729849186842,0.897827511564432,52.38418900794503,1.4865365517602087,0,0.3324898904822116,0
real_20260626_143302_palletizer_005_part_2_refined_from_voxel005_hard,real_previous_registration,1148,1057,0.4790707778984234,0.47482134024981043,0.963491285548014,112.27535492650091,1.0977595043453277,0,0.4069622762231811,0
real_20260626_143302_palletizer_005_part_2_refined_from_voxel005_hard,real_previous_registration,1151,1507,0.40846825849337043,0.407456398317268,0.9394152385743499,99.53315031320565,0.7823417903180578,0,0.36266229383289944,0
real_20260626_143302_palletizer_005_part_2_refined_from_voxel005_hard,real_previous_registration,1157,3571,0.3243710544802304,0.022043040193859227,0.6861155972412353,79.07581107176227,2.1364538124938433,0,0.40378650219724943,0
real_20260626_143302_palletizer_005_part_2_refined_from_voxel005_hard,real_previous_registration,1158,2977,0.24559157002274473,0.160743588542895,0.7784173529423739,107.75286421264684,1.4064943720148333,0,0.39395861912613256,0
real_20260626_143302_palletizer_005_part_2_refined_from_voxel005_hard,real_previous_registration,1159,274,0.441442603084116,0.030740542598026305,0.4813238348304843,91.95424020031327,0.9816126719850455,0,0.4025360397307245,0
real_20260626_143302_palletizer_005_part_2_refined_from_voxel005_hard,real_previous_registration,1162,3465,0.3532219955202471,0.3483881366135888,0.8214535201943702,72.90451528958084,2.3715704089598613,0,0.48007354643871325,0
real_20260626_143302_palletizer_005_part_2_refined_from_voxel005_hard,real_previous_registration,1164,2576,0.07987805676463099,0.06846699561089048,0.09263450618487748,77.73507305010305,-0.6365760049985796,0,0.7070516688662628,0
real_20260626_143302_palletizer_005_part_2_refined_from_voxel005_hard,real_previous_registration,1169,1508,0.3806543574782962,0.017039307933648516,0.9543891942718482,175.64582520624188,-0.31626886501938617,0,0.2763179913869188,0
real_20260626_143302_palletizer_005_part_2_refined_from_voxel005_hard,real_previous_registration,1170,3437,0.27575719889513006,0.12548668949984035,0.3120350390621347,64.89062378899094,1.2407028390991122,0,0.48389610241671227,0
real_20260626_143302_palletizer_005_part_2_refined_from_voxel005_hard,real_previous_registration,1180,1508,0.3996495996762204,0.05132984228637308,0.9347019790712844,152.7213954471025,-0.17650724220871297,0,0.29412759451154225,0
real_20260626_143302_palletizer_005_part_2_refined_from_voxel005_hard,real_previous_registration,1185,3614,0.4954517387678085,0.19044176534157528,0.038041008085395844,56.56379857667781,1.1688240910460135,0,0.363396914562485,0
real_20260626_143302_palletizer_005_part_2_refined_from_voxel005_hard,real_previous_registration,1189,1079,0.3508232285961415,0.23390825608376586,0.9294152923003951,194.26639948893936,-0.267478817516342,0,0.3200899427866958,0
real_20260626_143302_palletizer_005_part_2_refined_from_voxel005_hard,real_previous_registration,1193,2039,0.2822224265554198,0.2041299136485639,0.023476067893767716,63.94594231504307,-0.009650241571933393,0,0.348410939654377,0
real_20260626_143302_palletizer_005_part_2_refined_from_voxel005_hard,real_previous_registration,1195,314,0.05096256499148833,0.045546004801230076,0.3010981828180707,123.80048746184958,1.6624236899199116,0,0.7656767457363844,0
real_20260626_143302_palletizer_005_part_2_refined_from_voxel005_hard,real_previous_registration,1200,3571,0.5175694657506399,0.004247183966205981,0.45111079051819425,70.62647850405082,1.6296365997636395,0,0.2691736445643259,0
real_20260626_143302_palletizer_005_part_2_refined_from_voxel005_hard,real_previous_registration,1207,498,0.522137312522292,0.3321366991359236,0.35380851656898704,181.33777993004375,-1.1837672636826388,0,0.35113534843616095,0
real_20260626_143302_palletizer_005_part_2_refined_from_voxel005_hard,real_previous_registration,1212,3942,0.5808587060052314,0.2886876193532013,0.8603395648606834,196.19361735464025,0.3730234831886352,0,0.2526810894585306,0
real_20260626_143302_palletizer_005_part_2_refined_from_voxel005_hard,real_previous_registration,1216,1501,0.34334152098333015,0.28406185993681254,0.34622276416049114,60.8649483992584,0.34688660448794456,0,0.37851716551414366,0
real_20260626_143302_palletizer_005_part_2_refined_from_voxel005_hard,real_previous_registration,1221,1823,0.2702634919251094,0.17895302635652197,0.42207636765031303,69.5299661978724,2.0996387646415933,0,0.48848675226422916,0
real_20260626_143302_palletizer_005_part_2_refined_from_voxel005_hard,real_previous_registration,1224,1515,0.5034865233400703,0.4895833345933487,0.4175598854557109,51.167944679429276,0.40697521805348136,0,0.2443539580631376,0
real_20260626_143302_palletizer_005_part_2_refined_from_voxel005_hard,real_previous_registration,1231,3354,0.04920948631246117,0.0002670297254420287,0.49844264815208045,195.62892386135027,-0.6729431399118334,0,0.7917593254704824,0
real_20260626_143302_palletizer_005_part_2_refined_from_voxel005_hard,real_previous_registration,1241,354,0.06517056162488909,0.004070087761265741,0.7078274083208056,108.46088175771969,0.4256670932047057,0,0.7020770204602694,0
real_20260626_143302_palletizer_005_part_2_refined_from_voxel005_hard,real_previous_registration,1242,3465,0.3860103060579847,0.3656047368114609,0.8499093121656209,74.10446867235295,2.160261498299031,0,0.35556989826777136,0
real_20260626_143302_palletizer_005_part_2_refined_from_voxel005_hard,real_previous_registration,1248,804,0.21553653980620516,0.0409957609266519,0.16515372749712565,193.30376976538662,-0.6729424732485925,0,0.9436431171809532,0
real_20260626_143302_palletizer_005_part_2_refined_from_voxel005_hard,real_previous_registration,1251,1251,0.49141067999586074,0.43399395266157276,0.29818746392553974,48.78575062693358,1.1188134656849058,0,0.4064682735587254,0
real_20260626_143302_palletizer_005_part_2_refined_from_voxel005_hard,real_previous_registration,1252,3465,0.4317450920631145,0.41853846439347275,0.7003430098311171,70.16443742637954,2.4180903892412453,0,0.4391255766084517,0
real_20260626_143302_palletizer_005_part_2_refined_from_voxel005_hard,real_previous_registration,1255,1515,0.5939368236435606,0.5746860865708442,0.08285896869637593,57.38828484548929,0.17435316492283948,0,0.15459924800342745,0
real_20260626_143302_palletizer_005_part_2_refined_from_voxel005_hard,real_previous_registration,1258,228,0.39934235388652367,0.16949603389451365,0.540970022436204,117.53979941147372,0.1892788104611415,0,0.26185326328954617,0
real_20260626_143302_palletizer_005_part_2_refined_from_voxel005_hard,real_previous_registration,1259,238,0.23966377514334739,0.0894764265446481,0.15365639869107933,73.66232394876906,1.783787832920647,0,0.4181832953854517,0
real_20260626_143302_palletizer_005_part_2_refined_from_voxel005_hard,real_previous_registration,1269,238,0.4707840744174862,0.09085067168797503,0.9808756272046307,109.4887134526706,1.0616538566631266,0,0.34460859374647645,0
real_20260626_143302_palletizer_005_part_2_refined_from_voxel005_hard,real_previous_registration,1271,1115,0.258775844017454,0.1563350114985214,0.8697723914123797,49.91102478767319,0.6333062779616665,0,0.5381690859420398,0
real_20260626_143302_palletizer_005_part_2_refined_from_voxel005_hard,real_previous_registration,1277,175,0.4557994878930559,0.21450328572535693,0.7456537567123663,88.4688137694216,0.6620553829658921,0,0.4685794448031371,0
real_20260626_143302_palletizer_005_part_2_refined_from_voxel005_hard,real_previous_registration,1280,981,0.051766894324078855,0.028067368734870864,0.2029346392092998,106.65075021222168,-0.8472965270560925,0,0.6613797539703656,0
real_20260626_143302_palletizer_005_part_2_refined_from_voxel005_hard,real_previous_registration,1281,175,0.41304843759981413,0.21115603274720843,0.724880265234787,82.64306473664087,0.7621387187160079,0,0.38760209415612884,0
real_20260626_143302_palletizer_005_part_2_refined_from_voxel005_hard,real_previous_registration,1290,2723,0.3783246970503576,0.36010948884854116,0.01266999603667246,63.145715614522075,0.6311111738516395,0,0.4052510795959939,0
real_20260626_143302_palletizer_005_part_2_refined_from_voxel005_hard,real_previous_registration,1291,274,0.33885551755746807,0.12637621740821914,0.26018234026492043,108.35820826275454,1.2164521122417504,0,0.3808206440565602,0
real_20260626_143302_palletizer_005_part_2_refined_from_voxel005_hard,real_previous_registration,1293,6,0.32040346729933944,0.3070095789515024,0.9905073509544334,80.38975735257976,1.314928046147696,0,0.4474365573399513,0
real_20260626_143302_palletizer_005_part_2_refined_from_voxel005_hard,real_previous_registration,1301,175,0.4244644034721862,0.28558791198969546,0.8127439941495339,57.30713669720307,1.45528531594313,0,0.43092972953558795,0
real_20260626_143302_palletizer_005_part_2_refined_from_voxel005_hard,real_previous_registration,1307,274,0.4719179988372636,0.21469094767199254,0.46567470626163343,81.2894592112967,1.0795930130903935,0,0.5746924410574729,0
real_20260626_143302_palletizer_005_part_2_refined_from_voxel005_hard,real_previous_registration,1322,2400,0.3352964668617147,0.31301702516432073,0.06874191063589025,203.84446125338852,-0.41511460725723326,0,0.644080300526754,0
real_20260626_143302_palletizer_005_part_2_refined_from_voxel005_hard,real_previous_registration,1327,586,0.4867011365073509,0.47554064675940894,0.9697646563781062,105.01609070875364,1.0447047088191805,0,0.37024012116626503,0
real_20260626_143302_palletizer_005_part_2_refined_from_voxel005_hard,real_previous_registration,1331,2977,0.3625825076011082,0.24077945428847022,0.4261750508087268,58.247527180571566,1.6716019186611095,0,0.2970462338472157,0
real_20260626_143302_palletizer_005_part_2_refined_from_voxel005_hard,real_previous_registration,1333,1507,0.5095576627617072,0.5019416254422335,0.2519948258157144,73.40303092691869,1.0447058663241466,0,0.281033720021637,0
real_20260626_143302_palletizer_005_part_2_refined_from_voxel005_hard,real_previous_registration,1335,238,0.2556400984925994,0.14413320859487774,0.22811375480754803,96.17237350812313,1.524276844842803,0,0.41894209289922996,0
real_20260626_143302_palletizer_005_part_2_refined_from_voxel005_hard,real_previous_registration,1336,852,0.5747665322961656,0.4715633006081071,0.3176766417427255,62.85272267342264,0.2825665615291999,0,0.3694452100774598,0
real_20260626_143302_palletizer_005_part_2_refined_from_voxel005_hard,real_previous_registration,1341,3942,0.19419403690922643,0.15294093899942973,0.69549400021043,83.4300444534823,0.2884662120125568,0,0.4391289352905155,0
real_20260626_143302_palletizer_005_part_2_refined_from_voxel005_hard,real_previous_registration,1343,354,0.1303879871648755,0.1295998825298974,0.21233667228938663,88.20716419007749,0.36850875943000433,0,0.8213054958294905,0
real_20260626_143302_palletizer_005_part_2_refined_from_voxel005_hard,real_previous_registration,1345,274,0.1915238194769237,0.11944525383736716,0.9082275824477197,66.22126289376864,0.5462949937749682,0,0.6686126725851121,0
real_20260626_143302_palletizer_005_part_2_refined_from_voxel005_hard,real_previous_registration,1348,693,0.2878938988555558,0.1631828316961957,0.38748642035075165,65.69446413120525,1.1188134656849058,0,0.45002896490054617,0
real_20260626_143302_palletizer_005_part_2_refined_from_voxel005_hard,real_previous_registration,1355,274,0.42187572675913276,0.15521012221212838,0.9856167498473671,97.18411089574737,1.1059103044380811,0,0.5379383328182571,0
real_20260626_143302_palletizer_005_part_2_refined_from_voxel005_hard,real_previous_registration,1356,1507,0.5118721138449872,0.5036895767113391,0.8520770036846521,83.86513499852354,1.0447058663241466,0,0.27731694540843577,0
real_20260626_143302_palletizer_005_part_2_refined_from_voxel005_hard,real_previous_registration,1358,3713,0.2606034541663133,0.243946849789059,0.22954750108848765,93.26136313538362,0.4256672376487022,0,0.37807683425541744,0
real_20260626_143302_palletizer_005_part_2_refined_from_voxel005_hard,real_previous_registration,1360,3919,0.15898304898861726,0.083630847909643,0.7566001087285084,43.434483983426304,0.9947607718466498,0,0.7002631926382095,0
real_20260626_143302_palletizer_005_part_2_refined_from_voxel005_hard,real_previous_registration,1361,4005,0.1351965690481734,0.030590555672933322,0.8974466833509708,87.27204294875837,-1.0559345952001913,0,0.5491338108572972,0
real_20260626_143302_palletizer_005_part_2_refined_from_voxel005_hard,real_previous_registration,1366,693,0.43096671075727094,0.2747890920303433,0.8385614458920383,46.363934982427914,1.0235033601229475,0,0.3079838849826875,0
real_20260626_143302_palletizer_005_part_2_refined_from_voxel005_hard,real_previous_registration,1372,480,0.5768816565769027,0.50430153162852,0.14790161113621797,42.9036658025123,0.047601616941156895,0,0.34863192014245586,0
real_20260626_143302_palletizer_005_part_2_refined_from_voxel005_hard,real_previous_registration,1377,1555,0.40088049105234186,0.05611080936471948,0.8494332121957868,75.34365634089318,0.2921360269683679,0,0.2546045327511844,0
real_20260626_143302_palletizer_005_part_2_refined_from_voxel005_hard,real_previous_registration,1390,571,0.28805921902747644,0.23553076374493742,0.4525927225701941,134.76208583982162,-0.38526142162649757,0,0.5700462394988061,0
real_20260626_143302_palletizer_005_part_2_refined_from_voxel005_hard,real_previous_registration,1391,604,0.05204098334422558,0.04932109231070128,0.9262608474786316,177.84122658587188,-0.8472965270560925,1,0.7640417251359156,0
real_20260626_143302_palletizer_005_part_2_refined_from_voxel005_hard,real_previous_registration,1398,2723,0.12612927574005386,0.11439962377965733,0.5208156920380216,93.4233809770893,-0.1516473341489202,0,0.6719090492511476,0
real_20260626_143302_palletizer_005_part_2_refined_from_voxel005_hard,real_previous_registration,1401,2977,0.40656369630201566,0.3001445159641635,0.6606075041236409,76.72847832614053,1.25234383802077,0,0.24725785152360275,0
real_20260626_143302_palletizer_005_part_2_refined_from_voxel005_hard,real_previous_registration,1402,3978,0.5555649653799238,0.20145442684776854,0.5186199230548609,76.57871718268137,0.1920526912182522,0,0.342476904980265,0
real_20260626_143302_palletizer_005_part_2_refined_from_voxel005_hard,real_previous_registration,1404,1864,0.4165683376848113,0.38965515396476924,0.8423139165455698,91.10485351902702,0.42566727375971675,0,0.46512578991769205,0
real_20260626_143302_palletizer_005_part_2_refined_from_voxel005_hard,real_previous_registration,1407,804,0.09464712621302454,0.057582550775030356,0.09459855129778966,179.59818834802658,0.47973424283764937,0,0.8362221574965866,0
real_20260626_143302_palletizer_005_part_2_refined_from_voxel005_hard,real_previous_registration,1410,498,0.2826946345432762,0.03370740873196122,0.2147762700419315,146.44884581469913,-0.577633316167073,0,0.6805836207614574,0
real_20260626_143302_palletizer_005_part_2_refined_from_voxel005_hard,real_previous_registration,1411,3725,0.3186229498060299,0.1591750418759182,0.41367134875103495,76.73965196882104,0.5247580800990099,0,0.3967023285185752,0
real_20260626_143302_palletizer_005_part_2_refined_from_voxel005_hard,real_previous_registration,1418,3876,0.28145202843930545,0.05893438631324548,0.9261004220015748,129.65177015773864,0.06102457850469077,0,0.3417206874263678,0
real_20260626_143302_palletizer_005_part_2_refined_from_voxel005_hard,real_previous_registration,1419,2088,0.037763833344952466,0.03379184922702375,0.7074477592072703,52.213824645073814,-0.03695560194756173,1,0.7145567346554904,0
real_20260626_143302_palletizer_005_part_2_refined_from_voxel005_hard,real_previous_registration,1426,2835,0.5920230750288642,0.07532185428940694,0.34252718973398527,83.67388313238592,0.7541707790660765,0,0.258392147447511,0
real_20260626_143302_palletizer_005_part_2_refined_from_voxel005_hard,real_previous_registration,1428,852,0.47891109431249845,0.3743003964540296,0.4853970067743345,90.80629783806789,0.6079886129613562,0,0.43414432549584026,0
real_20260626_143302_palletizer_005_part_2_refined_from_voxel005_hard,real_previous_registration,1438,1251,0.49314161179196053,0.4124030851335826,0.6675762290737245,50.65723726808553,0.972210108717817,0,0.41906503244539167,0
real_20260626_143302_palletizer_005_part_2_refined_from_voxel005_hard,real_previous_registration,1439,274,0.3914352269762185,0.18669542786675192,0.88448193379349,92.63511957282215,0.9517597306713557,0,0.5877935270269508,0
real_20260626_143302_palletizer_005_part_2_refined_from_voxel005_hard,real_previous_registration,1445,2723,0.1336938616081153,0.07288866858355911,0.5874593992143903,75.19716547444813,0.02020268100176426,0,0.7307448607199215,0
real_20260626_143302_palletizer_005_part_2_refined_from_voxel005_hard,real_previous_registration,1449,1251,0.4901805685061439,0.4497119404503213,0.8568077743123832,115.21983956550869,0.39489541528306776,0,0.39372733925207537,0
real_20260626_143302_palletizer_005_part_2_refined_from_voxel005_hard,real_previous_registration,1450,3571,0.4392586403882629,0.05306565379583633,0.9385834559774672,63.81216471581589,2.0351013812054037,0,0.3673601130574059,0
real_20260626_143302_palletizer_005_part_2_refined_from_voxel005_hard,real_previous_registration,1462,293,0.10963171287698657,0.08580740642755669,0.07846598820617795,73.26961597645077,1.5242761929945894,0,0.6427066729814963,0
real_20260626_143302_palletizer_005_part_2_refined_from_voxel005_hard,real_previous_registration,1473,1119,0.43456913946416903,0.4031349387810108,0.2517210043977748,75.98055409158285,0.7520637045225192,0,0.30427886501406204,0
real_20260626_143302_palletizer_005_part_2_refined_from_voxel005_hard,real_previous_registration,1479,175,0.5040391399930828,0.3817668067995452,0.5973745598511606,47.817982756101536,1.2291612845006357,0,0.3375176293300315,0
real_20260626_143302_palletizer_005_part_2_refined_from_voxel005_hard,real_previous_registration,1483,693,0.34128749050114904,0.19972310832757895,0.5543039943223695,45.132037017943496,1.3236077408450408,0,0.396796423869803,0
real_20260626_143302_palletizer_005_part_2_refined_from_voxel005_hard,real_previous_registration,1485,145,0.5141040740472328,0.0984498235079171,0.3695015688664829,71.40531756658432,1.374746035449981,0,0.25497350372326866,0
real_20260626_143302_palletizer_005_part_2_refined_from_voxel005_hard,real_previous_registration,1494,3353,0.273253940512333,0.22116261609054674,0.8053815669071741,82.6494089313189,1.2407028390991122,0,0.38749174990271423,0
real_20260626_143302_palletizer_005_part_2_refined_from_voxel005_hard,real_previous_registration,1495,1507,0.4533675228430052,0.437992821833633,0.915100227673514,94.9505711854195,0.7988710788813012,0,0.3532008886260918,0
real_20260626_143302_palletizer_005_part_2_refined_from_voxel005_hard,real_previous_registration,1498,3467,0.422460469079106,0.013260671543065844,0.8101361181738078,69.6748256828968,0.44401645611464985,0,0.35342937712864697,0
real_20260626_143302_palletizer_005_part_2_refined_from_voxel005_hard,real_previous_registration,1504,852,0.4758752426894609,0.37540130687779993,0.36754790600620224,90.36968607051658,0.570248319878762,0,0.4154617979606714,0
real_20260626_143302_palletizer_005_part_2_refined_from_voxel005_hard,real_previous_registration,1508,274,0.5461070483892715,0.24588436121793478,0.12802458087898375,82.53193882946064,1.2394416175171965,0,0.5818794949959051,0
real_20260626_143302_palletizer_005_part_2_refined_from_voxel005_hard,real_previous_registration,1509,228,0.35406329336162473,0.144150439605093,0.9113317252237887,95.88798069957133,0.1892788104611415,0,0.30690147084306346,0
real_20260626_143302_palletizer_005_part_2_refined_from_voxel005_hard,real_previous_registration,1514,1521,0.35780982552685164,0.3090130438755845,0.8315706011637334,74.79452430268412,0.7133489771643903,0,0.38385572871912926,0
real_20260626_143302_palletizer_005_part_2_refined_from_voxel005_hard,real_previous_registration,1528,1698,0.4890040890053072,0.408679370511661,0.3006731257076557,102.77165351952603,0.47218715898362884,0,0.40822367475523985,0
real_20260626_143302_palletizer_005_part_2_refined_from_voxel005_hard,real_previous_registration,1534,1258,0.24955679271091774,0.15992735536477065,0.8548734095317254,55.45195262602303,-0.21341164825110592,1,0.5466246150092957,0
real_20260626_143302_palletizer_005_part_2_refined_from_voxel005_hard,real_previous_registration,1535,274,0.4907497950913464,0.021030955739043594,0.09135757444146052,97.38571523701413,0.6333062779616665,0,0.3709994631006905,0
real_20260626_143302_palletizer_005_part_2_refined_from_voxel005_hard,real_previous_registration,1538,1686,0.05562088330778435,0.00991880833202594,0.22175852462973805,182.69614699377613,-0.14231603100404214,0,0.7826854823895684,0
real_20260626_143302_palletizer_005_part_2_refined_from_voxel005_hard,real_previous_registration,1539,1269,0.04111093460815077,0.02677830522889144,0.351344428545988,175.85249460649365,-0.6411950501303055,0,0.7405081210896657,0
real_20260626_143302_palletizer_005_part_2_refined_from_voxel005_hard,real_previous_registration,1540,3247,0.46897545170334903,0.19405122212753914,0.9579208847881876,156.29062900058338,-0.4365547828994304,0,0.32612956518378966,0
real_20260626_143302_palletizer_005_part_2_refined_from_voxel005_hard,real_previous_registration,1541,3571,0.26839484409383874,0.06602880416758483,0.02047778596191213,55.47887534390413,1.8284872817876507,0,0.47222539047527096,0
real_20260626_143302_palletizer_005_part_2_refined_from_voxel005_hard,real_previous_registration,1551,314,0.0834848054378844,0.06014933031110066,0.10432408815684395,123.75184454896595,1.8393541417585249,0,0.7073544493346997,0
real_20260626_143302_palletizer_005_part_2_refined_from_voxel005_hard,real_previous_registration,1552,3942,0.18547421414914764,0.12254908371036301,0.7182437289458523,92.2135604441369,0.5687678248795792,0,0.4354215328721059,0
real_20260626_143302_palletizer_005_part_2_refined_from_voxel005_hard,real_previous_registration,1556,2723,0.26818516608523146,0.2514809131135059,0.20582175417978554,66.07751601012725,0.46015350621637463,0,0.6032582922920589,0
real_20260626_143302_palletizer_005_part_2_refined_from_voxel005_hard,real_previous_registration,1560,3942,0.22962739987673636,0.1805726307358148,0.684841364043035,86.83983760410248,0.4756775080465082,0,0.39904021011011964,0
real_20260626_143302_palletizer_005_part_2_refined_from_voxel005_hard,real_previous_registration,1565,3465,0.41291318217290734,0.35687072358212407,0.6927142256263215,72.75137291375209,2.4625421195327877,0,0.5533330645963874,0
real_20260626_143302_palletizer_005_part_2_refined_from_voxel005_hard,real_previous_registration,1568,3876,0.5803126339524015,0.15763077290766125,0.8490509429485549,235.0929417190877,0.1743530538120833,0,0.10015149640234237,0
real_20260626_143302_palletizer_005_part_2_refined_from_voxel005_hard,real_previous_registration,1570,314,0.06359082229238956,0.044241130811394136,0.13901916768950867,116.13033218620808,1.811955204357148,0,0.7571319898847304,0
real_20260626_143302_palletizer_005_part_2_refined_from_voxel005_hard,real_previous_registration,1576,1574,0.47997789247301675,0.23199868266063933,0.4828762335686107,82.36230977789677,-0.324636979956586,0,0.24891127107299763,0
real_20260626_143302_palletizer_005_part_2_refined_from_voxel005_hard,real_previous_registration,1582,314,0.3260869689652714,0.060302523426277406,0.19939311619187094,72.3397339477961,2.1202562029009795,0,0.43460468190536844,0
real_20260626_143302_palletizer_005_part_2_refined_from_voxel005_hard,real_previous_registration,1583,2470,0.3344349992576406,0.0028445558844454183,0.11728734287216991,45.424606377772456,0.9816126719850455,0,0.37620654992052516,0
real_20260626_143302_palletizer_005_part_2_refined_from_voxel005_hard,real_previous_registration,1587,3614,0.43086695402161684,0.1797605997082924,0.2432409964285316,63.818805584857955,0.93649226996247,0,0.3478488010382805,0
real_20260626_143302_palletizer_005_part_2_refined_from_voxel005_hard,real_previous_registration,1592,1115,0.12632767232556233,0.1245178331023038,0.8215846955847301,81.95641462797597,0.1633032612151183,1,0.7172402003644582,0
real_20260626_143302_palletizer_005_part_2_refined_from_voxel005_hard,real_previous_registration,1593,3571,0.36766102318556443,0.1683928391292424,0.1405166452176346,53.52820516508278,1.4311858761615186,0,0.40488825638377246,0
real_20260626_143302_palletizer_005_part_2_refined_from_voxel005_hard,real_previous_registration,1599,2972,0.5607787515961851,0.3242924183404342,0.6799254714236385,76.09865783292723,0.5310277588619189,0,0.2818353549393138,0
real_20260626_143302_palletizer_005_part_2_refined_from_voxel005_hard,real_previous_registration,1602,314,0.15586215346951934,0.15264808253057588,0.2629968132984949,97.21707188984068,1.9420081666163982,0,0.7143476877036404,0
real_20260626_143302_palletizer_005_part_2_refined_from_voxel005_hard,real_previous_registration,1604,3614,0.5193871371743071,0.13524618719365983,0.26801880810765377,65.6686003283916,1.0795930130903935,0,0.28316207814661626,0
real_20260626_143302_palletizer_005_part_2_refined_from_voxel005_hard,real_previous_registration,1606,314,0.13569891409241597,0.0901405817872875,0.23237885403409475,121.49570516637951,1.5606411649645258,0,0.6956307650985077,0
real_20260626_143302_palletizer_005_part_2_refined_from_voxel005_hard,real_previous_registration,1610,3335,0.08994915318886437,0.0004784557627229395,0.09662850292906897,101.66529478010254,0.09431050639463602,0,0.7855035456104738,0
real_20260626_143302_palletizer_005_part_2_refined_from_voxel005_hard,real_previous_registration,1618,1555,0.5443402620730519,0.08117986577364855,0.9787526773529537,98.1490074094156,0.3831077037249325,0,0.10856349936431756,0
real_20260626_143302_palletizer_005_part_2_refined_from_voxel005_hard,real_previous_registration,1620,1507,0.5524664463975818,0.5149760357927122,0.9731299877943683,96.28079656002144,0.8311319155986321,0,0.33672340752298774,0
real_20260626_143302_palletizer_005_part_2_refined_from_voxel005_hard,real_previous_registration,1624,1508,0.3272393962827436,0.027934857082998053,0.939686375730754,170.68428149960428,-0.31626886501938617,0,0.3293680710801679,0
real_20260626_143302_palletizer_005_part_2_refined_from_voxel005_hard,real_previous_registration,1626,256,0.2918868857154399,0.014092230269372175,0.7309288638721089,99.9384126904839,1.031802278088803,0,0.5395304823928553,0
real_20260626_143302_palletizer_005_part_2_refined_from_voxel005_hard,real_previous_registration,1628,498,0.17536983810410967,0.0005919540328017062,0.25484214456129733,136.95379250947127,-0.17216895048177303,0,0.6892035769215464,0
real_20260626_143302_palletizer_005_part_2_refined_from_voxel005_hard,real_previous_registration,1633,563,0.2883683826158776,0.282646897872178,0.3745158865401633,44.475870641247674,0.27443652991265216,0,0.475827794929752,0
real_20260626_143302_palletizer_005_part_2_refined_from_voxel005_hard,real_previous_registration,1634,3437,0.4541923746278788,0.3299693956296924,0.10672675635989168,89.58032061944019,1.061654765155613,0,0.5128340231309552,0
real_20260626_143302_palletizer_005_part_2_refined_from_voxel005_hard,real_previous_registration,1638,2921,0.2803392400720352,0.028878563766570414,0.6845434064796976,89.07323935795588,1.3907463642516291,0,0.5981509718956446,0
real_20260626_143302_palletizer_005_part_2_refined_from_voxel005_hard,real_previous_registration,1639,693,0.2885159611847852,0.13413418421788642,0.31870780926603764,66.08171898487493,1.0722934854035215,0,0.4646352601655634,0
real_20260626_143302_palletizer_005_part_2_refined_from_voxel005_hard,real_previous_registration,1642,1515,0.4454471109492583,0.4358859147101042,0.12421897854325442,49.96752507234774,0.34870636540115085,0,0.30238189105261415,0
real_20260626_143302_palletizer_005_part_2_refined_from_voxel005_hard,real_previous_registration,1648,3437,0.2974084801779191,0.22150081091275056,0.5365684633312547,83.45861748589282,1.2407028390991122,0,0.5490049551210159,0
real_20260626_143302_palletizer_005_part_2_refined_from_voxel005_hard,real_previous_registration,1649,2154,0.36647146877751424,0.34880232855284854,0.4397379915813101,46.78095832070304,0.6866809871686381,0,0.333137372767922,0
real_20260626_143302_palletizer_005_part_2_refined_from_voxel005_hard,real_previous_registration,1652,1623,0.34701522097180715,0.34654361961818453,0.6692590537125341,80.12751463171273,0.2868310242361917,0,0.38886400550770095,0
real_20260626_143302_palletizer_005_part_2_refined_from_voxel005_hard,real_previous_registration,1653,1823,0.3152542168870269,0.00040796285436991986,0.3565324204529801,80.09810500293433,1.8919995765458903,0,0.4604541540097829,0
real_20260626_143302_palletizer_005_part_2_refined_from_voxel005_hard,real_previous_registration,1659,1507,0.4255669962710101,0.41854496466697017,0.6590106977077259,88.3872393869155,0.8623844351711307,0,0.35940972482875,0
real_20260626_143302_palletizer_005_part_2_refined_from_voxel005_hard,real_previous_registration,1660,852,0.5115263231603292,0.3817961080474866,0.3167225280745715,84.5124868059952,0.6794475143637349,0,0.3632303385157654,0
real_20260626_143302_palletizer_005_part_2_refined_from_voxel005_hard,real_previous_registration,1661,1521,0.21600018862078607,0.19712777252412525,0.4738782889761743,51.53400656690004,0.47218715898362884,0,0.5389167510327506,0
real_20260626_143302_palletizer_005_part_2_refined_from_voxel005_hard,real_previous_registration,1665,3763,0.44592649100344484,0.06047556154845982,0.8846105922605326,75.56055568438289,0.7407474086151069,0,0.20959213065988017,0
real_20260626_143302_palletizer_005_part_2_refined_from_voxel005_hard,real_previous_registration,1666,3465,0.3078108125568486,0.29545547454492876,0.03318650292838282,84.06519372671679,2.3715704089598613,0,0.4417891634840386,0
real_20260626_143302_palletizer_005_part_2_refined_from_voxel005_hard,real_previous_registration,1671,1823,0.3079554097548259,0.08335604123264102,0.34361673187641345,71.37157970676442,1.7693973773631337,0,0.41496958906336257,0
real_20260626_143302_palletizer_005_part_2_refined_from_voxel005_hard,real_previous_registration,1676,1862,0.13243193485733878,0.07283665462552513,0.03209102910241774,66.18502990325858,2.8533924928616625,0,0.6755855290106128,0
real_20260626_143302_palletizer_005_part_2_refined_from_voxel005_hard,real_previous_registration,1693,3465,0.1873298297870149,0.07443199332813877,0.49343485609887605,73.98609605816586,1.8393541417585249,0,0.7600826340794996,0
real_20260626_143302_palletizer_005_part_2_refined_from_voxel005_hard,real_previous_registration,1694,6,0.3692295510815393,0.30274317215905633,0.9618838099531737,82.38180992564317,0.7621387187160079,0,0.3598930668317225,0
real_20260626_143302_palletizer_005_part_2_refined_from_voxel005_hard,real_previous_registration,1695,3763,0.4795076973719712,0.06061737499216722,0.8750383728479423,83.12889064974247,0.7933910741865488,0,0.1727878345934451,0
real_20260626_143302_palletizer_005_part_2_refined_from_voxel005_hard,real_previous_registration,1698,1515,0.4124246538437495,0.4057521246892921,0.4455502821647913,63.90643768786939,0.24334595863210093,0,0.33540542424342934,0
real_20260626_143302_palletizer_005_part_2_refined_from_voxel005_hard,real_previous_registration,1705,498,0.21299120031749655,0.14757569488950611,0.14020700122892216,76.58412318496522,0.044895265029909356,0,0.6944118234793066,0
real_20260626_143302_palletizer_005_part_2_refined_from_voxel005_hard,real_previous_registration,1713,563,0.539522815199806,0.5281279677138185,0.32195791345486463,57.64593548533168,0.5257507359715337,0,0.21867060415405098,0
real_20260626_143302_palletizer_005_part_2_refined_from_voxel005_hard,real_previous_registration,1714,2977,0.4986464475742666,0.38177570871884564,0.43630670395087356,142.9460004940094,1.2312904505427735,0,0.15629205341203828,0
real_20260626_143302_palletizer_005_part_2_refined_from_voxel005_hard,real_previous_registration,1720,2977,0.33628980234834954,0.24582461485914242,0.2075714685649625,57.520701001508975,1.6578086058514463,0,0.29493946038804625,0
real_20260626_143302_palletizer_005_part_2_refined_from_voxel005_hard,real_previous_registration,1721,274,0.405733047337569,0.06508881580853647,0.32759697325717874,84.9261292486471,1.1688240910460135,0,0.4518367189502964,0
real_20260626_143302_palletizer_005_part_2_refined_from_voxel005_hard,real_previous_registration,1726,909,0.39028165441925095,0.2519789834314421,0.896107453298199,90.54609808558898,0.49020569073078957,0,0.40992792409779233,0
real_20260626_143302_palletizer_005_part_2_refined_from_voxel005_hard,real_previous_registration,1727,1574,0.44965214764895634,0.37230570460147827,0.5000824301208345,122.34179914117577,-0.5929000796763868,0,0.30491447202086663,0
real_20260626_143302_palletizer_005_part_2_refined_from_voxel005_hard,real_previous_registration,1729,3359,0.22452672847379423,0.21272539057555576,0.4103068370952689,101.24989653463743,0.853110873732021,0,0.7294657114142836,0
real_20260626_143302_palletizer_005_part_2_refined_from_voxel005_hard,real_previous_registration,1732,804,0.08031285835468109,0.046436553992383216,0.15635233690738481,174.66555873031615,0.36850875943000433,0,0.8094021691620995,0
real_20260626_143302_palletizer_005_part_2_refined_from_voxel005_hard,real_previous_registration,1734,1823,0.39213477421028425,0.1379677921942427,0.0025105223271041643,54.747112061659706,2.051629583108892,0,0.3466614954214406,0
real_20260626_143302_palletizer_005_part_2_refined_from_voxel005_hard,real_previous_registration,1736,498,0.3543183637754076,0.3146490988063329,0.5058181226959835,91.97835114652352,-0.30138047715541677,0,0.7172127228245162,0
real_20260626_143302_palletizer_005_part_2_refined_from_voxel005_hard,real_previous_registration,1738,228,0.4477418686940178,0.2221934315525917,0.36855692805773443,114.76109863606878,0.1892788104611415,0,0.1985969118769464,0
real_20260626_143302_palletizer_005_part_2_refined_from_voxel005_hard,real_previous_registration,1739,3613,0.44508414167715055,0.08599853871255264,0.2270291414737694,66.40888037945601,-0.006465531229802616,0,0.4091195691598644,0
real_20260626_143302_palletizer_005_part_2_refined_from_voxel005_hard,real_previous_registration,1741,13,0.3741888424098232,0.34832875309194805,0.36514976956021533,70.21615498726108,-0.17824803628458158,0,0.4113715309616849,0
real_20260626_143302_palletizer_005_part_2_refined_from_voxel005_hard,real_previous_registration,1742,374,0.04808021452589584,0.03601381122765217,0.6504851375606615,87.39477182377883,0.020202676067567725,0,0.6682365226072413,0
real_20260626_143302_palletizer_005_part_2_refined_from_voxel005_hard,real_previous_registration,1744,1977,0.49518024766044466,0.3661765995186094,0.35587439719865527,96.28914110104485,0.2249966620520107,0,0.2707358514000785,0
real_20260626_143302_palletizer_005_part_2_refined_from_voxel005_hard,real_previous_registration,1745,2977,0.43766711512516954,0.34751157782981984,0.515541081358603,120.27289342395933,1.1423430615078638,0,0.18399258075298175,0
real_20260626_143302_palletizer_005_part_2_refined_from_voxel005_hard,real_previous_registration,1749,693,0.4395961403909125,0.2672852018968218,0.6463091682764142,38.816991849603646,1.0235033601229475,0,0.299753097160636,0
real_20260626_143302_palletizer_005_part_2_refined_from_voxel005_hard,real_previous_registration,1754,1563,0.1152706156355442,0.07372966593511301,0.06983507301670182,139.83205648302783,-0.4722729393979522,0,0.6807025031313183,0
real_20260626_143302_palletizer_005_part_2_refined_from_voxel005_hard,real_previous_registration,1758,175,0.5441776384939482,0.4156226069098296,0.7755248876397034,47.22318612309564,1.1676034379356615,0,0.40927399426727057,0
real_20260626_143302_palletizer_005_part_2_refined_from_voxel005_hard,real_previous_registration,1762,1372,0.08285967420364033,0.05019746981949161,0.8151395186634309,86.33739482636899,1.3811755168750872,0,0.6822556697936162,0
real_20260626_143302_palletizer_005_part_2_refined_from_voxel005_hard,real_previous_registration,1765,3942,0.5041886352464141,0.2785474835888025,0.8473381069873854,156.14785710719477,0.5462949937749682,0,0.14110330973218058,0
real_20260626_143302_palletizer_005_part_2_refined_from_voxel005_hard,real_previous_registration,1766,2972,0.44443371551965494,0.31961764239682366,0.9205898019454496,54.04376318595245,0.7933918348680076,0,0.3634800587727389,0
real_20260626_143302_palletizer_005_part_2_refined_from_voxel005_hard,real_previous_registration,1774,498,0.40871381500479653,0.29244424163781013,0.6698535037840436,100.14413085045649,-0.9606245290320945,0,0.4791720715889597,0
real_20260626_143302_palletizer_005_part_2_refined_from_voxel005_hard,real_previous_registration,1777,655,0.5192952244565749,0.03918318952269103,0.854870727571847,109.1435940112557,0.5687678248795792,0,0.3724090322981083,0
real_20260626_143302_palletizer_005_part_2_refined_from_voxel005_hard,real_previous_registration,1779,3247,0.5229161370212426,0.23062362100467787,0.9662855870184082,173.19628388570408,-0.4365547828994304,0,0.2742000056509009,0
real_20260626_143302_palletizer_005_part_2_refined_from_voxel005_hard,real_previous_registration,1781,2154,0.44418361145796176,0.4320419172838807,0.44262988103240336,40.78291971315176,0.35290806988252194,0,0.2780322932897149,0
real_20260626_143302_palletizer_005_part_2_refined_from_voxel005_hard,real_previous_registration,1782,3437,0.34130804784313923,0.3059876086559332,0.9141965847639738,77.43350564311189,1.061654765155613,0,0.6798495480560466,0
real_20260626_143302_palletizer_005_part_2_refined_from_voxel005_hard,real_previous_registration,1784,3571,0.3846848302852099,0.16222039195360272,0.06667282508630451,63.959249609211895,1.5677612585986804,0,0.4426265191485655,0
real_20260626_143302_palletizer_005_part_2_refined_from_voxel005_hard,real_previous_registration,1785,1574,0.5963532074743114,0.36465280281723733,0.40481886970508874,110.11321707319809,0.33865583995227344,0,0.10696211290209712,0
real_20260626_143302_palletizer_005_part_2_refined_from_voxel005_hard,real_previous_registration,1787,2470,0.35769621548483177,0.09393185924305204,0.10656084569150297,56.13983771513654,0.8051563737042667,0,0.4196680789899355,0
real_20260626_143302_palletizer_005_part_2_refined_from_voxel005_hard,real_previous_registration,1792,434,0.3146419686432022,0.28891349365243657,0.04842151638185921,65.55197817163706,1.5677612585986804,0,0.3190443085263314,0
real_20260626_143302_palletizer_005_part_2_refined_from_voxel005_hard,real_previous_registration,1797,498,0.27738781815376023,0.26786092817568213,0.3164352135069822,104.44779359128226,-0.4906221247831078,0,0.7475601694083924,0
real_20260626_143302_palletizer_005_part_2_refined_from_voxel005_hard,real_previous_registration,1801,451,0.5477260045125002,0.2071230630727497,0.3373078054980142,98.80740448417733,1.1035460049760202,0,0.16428534510016482,0
real_20260626_143302_palletizer_005_part_2_refined_from_voxel005_hard,real_previous_registration,1804,293,0.1265503112746721,0.0764229499825935,0.07474848780608995,73.13872737007483,1.3552000635352124,0,0.6541449750664423,0
real_20260626_143302_palletizer_005_part_2_refined_from_voxel005_hard,real_previous_registration,1808,1823,0.3254905291757843,0.23529365565341942,0.3562454369689357,75.86506453627919,2.0351002945456487,0,0.4115722569824363,0
real_20260626_143302_palletizer_005_part_2_refined_from_voxel005_hard,real_previous_registration,1812,693,0.3578414640331953,0.2889918078277286,0.582316178676176,62.088717695564824,1.0562931566018734,0,0.3887286106480676,0
real_20260626_143302_palletizer_005_part_2_refined_from_voxel005_hard,real_previous_registration,1813,44,0.3969085308059157,0.23174833279486018,0.992713348245754,55.32540296887469,0.5881860910026379,0,0.39978730231552706,0
real_20260626_143302_palletizer_005_part_2_refined_from_voxel005_hard,real_previous_registration,1816,451,0.5829116391026709,0.2669415651271394,0.17839156803147593,82.1941860709421,0.7578004429404325,0,0.08987180074452203,1
real_20260626_143302_palletizer_005_part_2_refined_from_voxel005_hard,real_previous_registration,1818,2309,0.029650766596000588,0.007335703280518045,0.3121705369436058,160.64663503303842,-0.503044831123698,0,0.7435353735375575,0
real_20260626_143302_palletizer_005_part_2_refined_from_voxel005_hard,real_previous_registration,1819,3966,0.43542192404457447,0.41948324339306026,0.9727959528192704,76.08700877279658,3.3874743824437177,0,0.3565936071802808,0
real_20260626_143302_palletizer_005_part_2_refined_from_voxel005_hard,real_previous_registration,1829,2921,0.1951518450593954,0.042346685139464636,0.580741266407659,84.97964333036478,0.9364915391958071,0,0.6816570183588772,0
real_20260626_143302_palletizer_005_part_2_refined_from_voxel005_hard,real_previous_registration,1831,3919,0.1372645334862852,0.026090388870856532,0.730614561982178,51.564622339953196,0.7856691889944503,0,0.810571480207303,0
real_20260626_143302_palletizer_005_part_2_refined_from_voxel005_hard,real_previous_registration,1832,2977,0.28185015704606425,0.21212857740752844,0.44072532707468615,75.3431168142153,1.585835157014049,0,0.35231525307614264,0
real_20260626_143302_palletizer_005_part_2_refined_from_voxel005_hard,real_previous_registration,1844,3763,0.26478686067345863,0.018274067220409935,0.22685784713615606,64.33622331624316,1.3493365974115175,0,0.3799801335827281,0
real_20260626_143302_palletizer_005_part_2_refined_from_voxel005_hard,real_previous_registration,1845,175,0.45213585239388593,0.3058687889088743,0.12872150481495934,41.805635707318025,1.45528531594313,0,0.4162255096143101,0
real_20260626_143302_palletizer_005_part_2_refined_from_voxel005_hard,real_previous_registration,1846,1515,0.5834558518331081,0.5507874874105988,0.03260596410321539,54.594506586583314,0.49712623534713357,0,0.16362350039972837,0
real_20260626_143302_palletizer_005_part_2_refined_from_voxel005_hard,real_previous_registration,1847,3614,0.51000336517325,0.17022116406330506,0.9851896113564205,61.841067004681115,1.1441314933946574,0,0.28795887395565817,0
real_20260626_143302_palletizer_005_part_2_refined_from_voxel005_hard,real_previous_registration,1856,434,0.5616722297899825,0.383394066593647,0.3192594141239404,198.18427288751099,1.455283399285328,0,0.19473976876168292,0
real_20260626_143302_palletizer_005_part_2_refined_from_voxel005_hard,real_previous_registration,1857,3467,0.3376021919330292,0.021485531593456023,0.5292546382240962,59.31023067455675,0.5310277588619189,0,0.4431925433572009,0
real_20260626_143302_palletizer_005_part_2_refined_from_voxel005_hard,real_previous_registration,1862,293,0.16101516472995972,0.12001369259482914,0.05748088945571937,67.59177165175906,1.3285318513036455,0,0.6105402893375899,0
real_20260626_143302_palletizer_005_part_2_refined_from_voxel005_hard,real_previous_registration,1870,3966,0.07293370336618964,0.030182428717867582,0.14096046354604186,74.61747996447234,3.0406037888956137,0,0.7982156495339111,0
real_20260626_143302_palletizer_005_part_2_refined_from_voxel005_hard,real_previous_registration,1871,3614,0.5244650086681958,0.1270035197357512,0.44481010019728423,69.06318807925331,1.052564358602006,0,0.307633029310243,0
real_20260626_143302_palletizer_005_part_2_refined_from_voxel005_hard,real_previous_registration,1873,3842,0.029121624255938092,0.0034085739517082884,0.5967998239962939,151.4846827878159,-0.461634516831762,0,0.704996952610292,0
real_20260626_143302_palletizer_005_part_2_refined_from_voxel005_hard,real_previous_registration,1875,2723,0.3992906635019936,0.3883365178823179,0.6425573205734756,70.81016861901124,0.6452957989844479,0,0.4530668996167225,0
real_20260626_143302_palletizer_005_part_2_refined_from_voxel005_hard,real_previous_registration,1877,1864,0.4714155751350781,0.3709411318735444,0.8466028337438496,103.30717258876156,0.13798554158530843,0,0.37956986909268264,0
real_20260626_143302_palletizer_005_part_2_refined_from_voxel005_hard,real_previous_registration,1882,3942,0.5710153655673179,0.3109821435341482,0.8791936971877734,193.40241526109185,0.4509849253341494,0,0.24774620121404525,0
real_20260626_143302_palletizer_005_part_2_refined_from_voxel005_hard,real_previous_registration,1886,3465,0.2847643312442164,0.1722414672691826,0.48492586377337665,63.45667794856943,2.012625652344858,0,0.7002868154592249,0
real_20260626_143302_palletizer_005_part_2_refined_from_voxel005_hard,real_previous_registration,1887,314,0.11100120144445547,0.04108916973797581,0.1620771269467275,102.29977695230312,1.6941723388394074,0,0.8427520058591309,0
real_20260626_143302_palletizer_005_part_2_refined_from_voxel005_hard,real_previous_registration,1893,13,0.28281041661455086,0.27898100547687454,0.5608650463763405,52.92835007114836,-0.45783251298106814,0,0.5229668010527235,0
real_20260626_143302_palletizer_005_part_2_refined_from_voxel005_hard,real_previous_registration,1895,712,0.5012892972478122,0.2551023693919036,0.8589062114120314,68.0339372957099,0.14803576610079353,0,0.3195662044301632,0
real_20260626_143302_palletizer_005_part_2_refined_from_voxel005_hard,real_previous_registration,1899,381,0.5123712950211018,0.37309668340036156,0.4944324324710465,66.23284396211875,0.7323970843009597,0,0.37608286444195627,0
real_20260626_143302_palletizer_005_part_2_refined_from_voxel005_hard,real_previous_registration,1901,1233,0.4986662218821369,0.007300586810476621,0.41641955794036845,96.80693260843607,0.047601616941156895,0,0.39465893810613856,0
real_20260626_143302_palletizer_005_part_2_refined_from_voxel005_hard,real_previous_registration,1902,492,0.1471114300468814,0.020806411239117622,0.20398724401928514,78.88281788050931,1.6941723388394074,1,0.7369435932561308,0
real_20260626_143302_palletizer_005_part_2_refined_from_voxel005_hard,real_previous_registration,1904,228,0.45456046671424655,0.19566128858830287,0.8660203872194694,96.45218972465136,0.25381726354322875,0,0.2077279665978479,0
real_20260626_143302_palletizer_005_part_2_refined_from_voxel005_hard,real_previous_registration,1913,3144,0.03809068658400583,0.005130909666255603,0.08879993487158881,103.45331474877914,-1.2070249388924905,1,0.7625107928725663,0
real_20260626_143302_palletizer_005_part_2_refined_from_voxel005_hard,real_previous_registration,1919,3876,0.5386468270157619,0.15543301396878748,0.8266605610720805,185.75642018684104,0.1743530538120833,0,0.09305599124088597,1
real_20260626_143302_palletizer_005_part_2_refined_from_voxel005_hard,real_previous_registration,1921,3571,0.29685051102474463,0.00012127245692739388,0.6927749432467736,57.60386072852288,1.8607481185049817,0,0.4920121276785157,0
real_20260626_143302_palletizer_005_part_2_refined_from_voxel005_hard,real_previous_registration,1925,1372,0.1551143775597335,0.14312988818990635,0.36992611532421904,91.99619315915014,1.4064932934491599,0,0.6246455813827372,0
real_20260626_143302_palletizer_005_part_2_refined_from_voxel005_hard,real_previous_registration,1926,498,0.24707547742811997,0.24448218144831263,0.4363350263998933,86.18735334615822,-0.2029405627470815,0,0.7231922074804236,0
real_20260626_143302_palletizer_005_part_2_refined_from_voxel005_hard,real_previous_registration,1936,1498,0.08825588009537971,0.07250962134043684,0.45501418261314003,87.94065194825728,0.39749625512684444,0,0.6809751184877666,0
real_20260626_143302_palletizer_005_part_2_refined_from_voxel005_hard,real_previous_registration,1940,1928,0.4104343346338159,0.37072763664920916,0.7694149999487373,84.59718302468035,-0.22095912872036932,0,0.465033050875435,0
real_20260626_143302_palletizer_005_part_2_refined_from_voxel005_hard,real_previous_registration,1942,1119,0.34291306581825254,0.294622336111246,0.8468293957491762,67.63625595023606,0.5097504071698855,0,0.4089406826869664,0
real_20260626_143302_palletizer_005_part_2_refined_from_voxel005_hard,real_previous_registration,1946,1928,0.46620077360313494,0.382178610212364,0.7684841241443416,85.81215516110078,0.27151692329700516,0,0.38447382806691865,0
real_20260626_143302_palletizer_005_part_2_refined_from_voxel005_hard,real_previous_registration,1949,1525,0.493459545150066,0.35383001972457434,0.8419441282676365,52.037216084700106,0.34297575393231794,0,0.36221270624569507,0
real_20260626_143302_palletizer_005_part_2_refined_from_voxel005_hard,real_previous_registration,1954,2203,0.05745250643884943,0.03963790260245716,0.14022266983889936,92.99635746080007,-0.9866004146914238,0,0.7147501069452145,0
real_20260626_143302_palletizer_005_part_2_refined_from_voxel005_hard,real_previous_registration,1958,1555,0.3123923366237138,0.03500866811713993,0.3024365412030011,109.71800844848399,0.4862918355271914,0,0.34523398131546734,0
real_20260626_143302_palletizer_005_part_2_refined_from_voxel005_hard,real_previous_registration,1961,1823,0.5637418932134266,0.05790891126625611,0.4799008970674187,69.5237426814739,2.0351002945456487,0,0.3144629797676922,0
real_20260626_143302_palletizer_005_part_2_refined_from_voxel005_hard,real_previous_registration,1965,498,0.2972464058072064,0.004464254195451441,0.2033905158616227,165.2892746493832,-0.6241532257416016,0,0.6873937099954698,0
real_20260626_143302_palletizer_005_part_2_refined_from_voxel005_hard,real_previous_registration,1970,2972,0.3903737511982594,0.34874424695422523,0.859283747623945,56.569791666368126,0.7541711468429153,0,0.4704856055814782,0
real_20260626_143302_palletizer_005_part_2_refined_from_voxel005_hard,real_previous_registration,1973,498,0.43436784527160655,0.2976036995590305,0.37251520343552275,118.31988911393992,-0.9606245290320945,0,0.4384209922663037,0
real_20260626_143302_palletizer_005_part_2_refined_from_voxel005_hard,real_previous_registration,1977,175,0.4357259597138161,0.22037420039171873,0.7967510208286976,77.16539202623889,0.91628923187678,0,0.4378965177331422,0
real_20260626_143302_palletizer_005_part_2_refined_from_voxel005_hard,real_previous_registration,1978,1823,0.44968607530352583,0.04918701815311313,0.22245397425003915,61.53812391170489,2.231215028038257,0,0.4553981874629304,0
real_20260626_143302_palletizer_005_part_2_refined_from_voxel005_hard,real_previous_registration,1980,1823,0.3099257164932493,0.17190274517932566,0.3882516272923823,83.73422480604079,1.5783423648564534,0,0.40696411547196426,0
real_20260626_143302_palletizer_005_part_2_refined_from_voxel005_hard,real_previous_registration,1982,1057,0.5712030232564475,0.5699476713209521,0.2917008644410086,74.37671491518749,1.159634845510287,0,0.38539492447216916,0
real_20260626_143302_palletizer_005_part_2_refined_from_voxel005_hard,real_previous_registration,1986,3465,0.39891934489275954,0.3925364103957181,0.88897031731012,81.24752832214719,2.2714870322741567,0,0.38438873342758856,0
real_20260626_143302_palletizer_005_part_2_refined_from_voxel005_hard,real_previous_registration,1987,3942,0.3170861586373093,0.15210571319182342,0.97890689596871,85.03106982775265,0.93649226996247,0,0.36295207849031796,0
real_20260626_143302_palletizer_005_part_2_refined_from_voxel005_hard,real_previous_registration,1988,1574,0.24436176589335062,0.02200131702432702,0.23684257310505366,105.33129266705814,-0.44979973859804806,0,0.5378721812814493,0
real_20260626_143302_palletizer_005_part_2_refined_from_voxel005_hard,real_previous_registration,1989,1574,0.2133390164357306,0.20208866458307057,0.5085866905545443,148.17482285384548,-0.7599534790276856,0,0.5239362943361769,0
real_20260626_143302_palletizer_005_part_2_refined_from_voxel005_hard,real_previous_registration,1997,451,0.23573539750392225,0.1626008536234803,0.07695923300235374,69.70738468399033,0.6180386603476996,0,0.3951064233857822,0
real_20260626_143302_palletizer_005_part_2_refined_from_voxel005_hard,real_previous_registration,2003,3465,0.13888308995323217,0.015437495817386928,0.6574838399939944,89.56561423794378,2.140458890218519,0,0.6868379666293118,0
real_20260626_143302_palletizer_005_part_2_refined_from_voxel005_hard,real_previous_registration,2004,354,0.08871011372493924,0.020540385617439844,0.5294572395623176,100.30804443636603,0.36850875943000433,0,0.7009142778590338,0
real_20260626_143302_palletizer_005_part_2_refined_from_voxel005_hard,real_previous_registration,2006,1001,0.3482017165760945,0.22051507569400974,0.2879625016031576,134.73731208065695,-1.2860462185712933,0,0.4308472790282975,0
real_20260626_143302_palletizer_005_part_2_refined_from_voxel005_hard,real_previous_registration,2013,2711,0.22157718166392706,0.07295459117480521,0.4408432833457101,92.43183884340682,0.2653248416794042,0,0.4179662214537525,0
real_20260626_143302_palletizer_005_part_2_refined_from_voxel005_hard,real_previous_registration,2021,2711,0.25072580436709135,0.028511718992751716,0.12615737015413542,111.58858369740648,0.22087312752748975,0,0.3959491188869329,0
real_20260626_143302_palletizer_005_part_2_refined_from_voxel005_hard,real_previous_registration,2023,6,0.406585539394206,0.3953435372414356,0.15681215038811397,39.013488920983306,1.381177388661176,0,0.37160117772833634,0
real_20260626_143302_palletizer_005_part_2_refined_from_voxel005_hard,real_previous_registration,2029,3353,0.36628341032855016,0.34956423070345005,0.5657062689111207,62.215789243655536,0.958470633353354,0,0.33203435236100853,0
real_20260626_143302_palletizer_005_part_2_refined_from_voxel005_hard,real_previous_registration,2032,1823,0.3444052258865758,0.07503306261016492,0.20476827589576874,51.52313376450206,2.310203388377208,0,0.4274116320286422,0
real_20260626_143302_palletizer_005_part_2_refined_from_voxel005_hard,real_previous_registration,2035,1507,0.5301137822941274,0.5067819064844482,0.9680663600172243,92.51647998330891,0.9221036261715588,0,0.3170969657038465,0
real_20260626_143302_palletizer_005_part_2_refined_from_voxel005_hard,real_previous_registration,2037,1555,0.2605945944698345,0.11269206979515295,0.4302823245583889,80.30422316681425,-0.3100384116193236,0,0.43638813449880576,0
real_20260626_143302_palletizer_005_part_2_refined_from_voxel005_hard,real_previous_registration,2041,434,0.2274050100339801,0.16209911283266615,0.8433075020053283,97.80283892325963,1.8920006380774803,0,0.43295673323038186,0
real_20260626_143302_palletizer_005_part_2_refined_from_voxel005_hard,real_previous_registration,2042,274,0.39487765669225044,0.16157331189248497,0.202865336290234,97.64148516032644,1.2507411665147492,0,0.3248967387951642,0
real_20260626_143302_palletizer_005_part_2_refined_from_voxel005_hard,real_previous_registration,2051,1449,0.45287277764930856,0.0018846990502967148,0.02338528313584326,142.731476203122,0.4641335501942003,0,0.407930325134193,0
real_20260626_143302_palletizer_005_part_2_refined_from_voxel005_hard,real_previous_registration,2055,1515,0.4014177259513006,0.38236311992631705,0.6843312928313435,60.2339133584783,0.6561908057375674,0,0.34031754925144264,0
real_20260626_143302_palletizer_005_part_2_refined_from_voxel005_hard,real_previous_registration,2059,274,0.28670556668249203,0.10748224979168756,0.37546934985405717,108.37669124670553,1.0795930130903935,0,0.5706600699571597,0
real_20260626_143302_palletizer_005_part_2_refined_from_voxel005_hard,real_previous_registration,2062,498,0.17488289448033706,0.16473852418497298,0.5675561749983336,76.5974610619752,-0.08515769722934077,0,0.7158347655436741,0
real_20260626_143302_palletizer_005_part_2_refined_from_voxel005_hard,real_previous_registration,2065,3467,0.43628522281180654,0.028769209424381006,0.8677929588846444,71.76727304435343,0.6263378644238774,0,0.36448345557586775,0
real_20260626_143302_palletizer_005_part_2_refined_from_voxel005_hard,real_previous_registration,2066,175,0.5513019969720103,0.23942267355549546,0.7360746672855458,94.3879398192459,0.8746165780293601,0,0.5639356472957501,0
real_20260626_143302_palletizer_005_part_2_refined_from_voxel005_hard,real_previous_registration,2069,1574,0.5842137255476573,0.4458249734193972,0.5405241745758593,104.32694644196687,0.4530660306060825,0,0.1295186453708957,0
real_20260626_143302_palletizer_005_part_2_refined_from_voxel005_hard,real_previous_registration,2072,2483,0.1047422601009022,0.06332145428052643,0.6188879629282219,51.943089217926335,0.936491750306051,0,0.7516708050714709,0
real_20260626_143302_palletizer_005_part_2_refined_from_voxel005_hard,real_previous_registration,2073,1823,0.3619052054807383,0.02614502449761183,0.11018405678551157,55.40419144995285,2.3595961138150843,0,0.47049832503924366,0
real_20260626_143302_palletizer_005_part_2_refined_from_voxel005_hard,real_previous_registration,2074,693,0.41911696190612197,0.16109913555665434,0.5739719141377984,90.06125603153879,0.8003600129752169,0,0.4392995699797245,0
real_20260626_143302_palletizer_005_part_2_refined_from_voxel005_hard,real_previous_registration,2090,274,0.5464849506527967,0.09608311353025628,0.32633564801003473,97.93464868275366,0.6333062779616665,0,0.4255677987417214,0
real_20260626_143302_palletizer_005_part_2_refined_from_voxel005_hard,real_previous_registration,2097,451,0.4998454159985987,0.28041925440544757,0.5866007124191399,60.22807670135741,0.7133487287885184,0,0.11400758559264901,0
real_20260626_143302_palletizer_005_part_2_refined_from_voxel005_hard,real_previous_registration,2098,3467,0.5057168966563548,0.07426170390185907,0.8638455748013865,57.25561502282552,0.34870636540115085,0,0.2517371833332573,0
real_20260626_143302_palletizer_005_part_2_refined_from_voxel005_hard,real_previous_registration,2100,3842,0.05931922582012209,0.046871271041932186,0.5988390591230426,179.64932527487886,-0.5617177297753128,0,0.7042538950213271,0
real_20260626_143302_palletizer_005_part_2_refined_from_voxel005_hard,real_previous_registration,2104,3353,0.31319459207058836,0.30144677375080353,0.06672938530223546,78.11177726315451,1.041852157075101,0,0.37419115289703037,0
real_20260626_143302_palletizer_005_part_2_refined_from_voxel005_hard,real_previous_registration,2109,451,0.5963701330593727,0.28677872169296104,0.3333829306195628,68.02807827497146,0.9364920573756783,0,0.16346734191521076,0
real_20260626_143302_palletizer_005_part_2_refined_from_voxel005_hard,real_previous_registration,2115,1001,0.21832661886706306,0.17423838412606563,0.9645080810892216,78.79884010988799,-0.9065577871460123,0,0.5725325837958626,0
real_20260626_143302_palletizer_005_part_2_refined_from_voxel005_hard,real_previous_registration,2116,693,0.23722275547446098,0.028829904727630876,0.5350369766102904,52.15965193207561,0.82097927934464,0,0.5929408408978477,0
real_20260626_143302_palletizer_005_part_2_refined_from_voxel005_hard,real_previous_registration,2119,3571,0.23338867253312098,0.16319698058897592,0.9960034639295177,74.8115472914188,1.5462550760418927,0,0.6076006414138857,0
real_20260626_143302_palletizer_005_part_2_refined_from_voxel005_hard,real_previous_registration,2122,3571,0.5814981417090379,0.04262989419536362,0.9855630125019395,54.36790991697467,1.9661085563850877,0,0.24619263386758514,0
real_20260626_143302_palletizer_005_part_2_refined_from_voxel005_hard,real_previous_registration,2123,1507,0.485963509071568,0.47880406777209955,0.962106728644422,97.02202179791983,0.8776518958800162,0,0.29696779711360793,0
real_20260626_143302_palletizer_005_part_2_refined_from_voxel005_hard,real_previous_registration,2124,293,0.2083156945750263,0.19030602095103788,0.2496468795157597,69.39682008144726,1.0849101339761926,0,0.5414500666259714,0
real_20260626_143302_palletizer_005_part_2_refined_from_voxel005_hard,real_previous_registration,2126,1874,0.5587841404251674,0.49434077659430686,0.38545518428344705,40.67115831371877,-0.16211870280990137,0,0.29417631677335243,0
real_20260626_143302_palletizer_005_part_2_refined_from_voxel005_hard,real_previous_registration,2127,3571,0.5161980486170759,0.07589881243895354,0.8646740214970055,45.22211153219493,1.6094339124461001,0,0.2626366616480478,0
real_20260626_143302_palletizer_005_part_2_refined_from_voxel005_hard,real_previous_registration,2128,1864,0.5534182486217499,0.4847154684720831,0.3107044120652893,59.28867823192436,0.6149090973926622,0,0.3760956448568625,0
real_20260626_143302_palletizer_005_part_2_refined_from_voxel005_hard,real_previous_registration,2132,3437,0.42828118607468124,0.30845702560792443,0.05254726071666152,91.50855054501721,1.1728802991307385,0,0.515853461133364,0
real_20260626_143302_palletizer_005_part_2_refined_from_voxel005_hard,real_previous_registration,2133,3571,0.3739625176064377,0.06310035876247498,0.9804279411317758,69.60193813041293,2.099639861509668,0,0.34394249478615535,0
real_20260626_143302_palletizer_005_part_2_refined_from_voxel005_hard,real_previous_registration,2135,434,0.4076640706464438,0.2507672342648247,0.13838826822079142,111.56177373001361,1.4311858761615186,0,0.2987590118762129,0
real_20260626_143302_palletizer_005_part_2_refined_from_voxel005_hard,real_previous_registration,2140,1874,0.5004176147428707,0.4767155471656456,0.23951070666164265,48.136691447472145,-0.14231609472938936,0,0.37513870280667583,0
real_20260626_143302_palletizer_005_part_2_refined_from_voxel005_hard,real_previous_registration,2143,498,0.10925704714645501,0.06152901854337714,0.13877754326270428,104.2497836366081,-0.23468921166657733,0,0.6867149491245276,0
real_20260626_143302_palletizer_005_part_2_refined_from_voxel005_hard,real_previous_registration,2148,2039,0.5346901872510348,0.36333732538893393,0.7636865031184454,91.62375513630607,-0.138861768245577,0,0.1240931688898396,0
real_20260626_143302_palletizer_005_part_2_refined_from_voxel005_hard,real_previous_registration,2157,44,0.43011871556604236,0.22076105352190445,0.8487009356773392,50.51515630942583,0.620975887481564,0,0.37239683013526587,0
real_20260626_143302_palletizer_005_part_2_refined_from_voxel005_hard,real_previous_registration,2161,498,0.3466560037415547,0.2645342389648612,0.9301347539699111,89.9166745006303,-0.577633316167073,0,0.576172830573711,0
real_20260626_143302_palletizer_005_part_2_refined_from_voxel005_hard,real_previous_registration,2165,480,0.4934793071449255,0.4387630134573066,0.17855722143789116,90.0547082352251,0.24334595863210093,0,0.4215859133714564,0
real_20260626_143302_palletizer_005_part_2_refined_from_voxel005_hard,real_previous_registration,2169,1507,0.5948734518684007,0.5872625770066842,0.13586823786790553,87.47681553507343,0.7823417903180578,0,0.2075426261216111,0
real_20260626_143302_palletizer_005_part_2_refined_from_voxel005_hard,real_previous_registration,2175,3465,0.3869499293594419,0.34626105572850335,0.8394114974817549,94.14200742513576,2.1202562029009795,0,0.3822551054679948,0
real_20260626_143302_palletizer_005_part_2_refined_from_voxel005_hard,real_previous_registration,2176,1698,0.5220147179716905,0.44270479284560676,0.13195631457312396,90.14845806703939,0.4946599900882399,0,0.35372459794878164,0
real_20260626_143302_palletizer_005_part_2_refined_from_voxel005_hard,real_previous_registration,2177,451,0.4126081642486795,0.24348302654469994,0.8063218244051265,43.70289987152789,0.8003600129752169,0,0.2440761376901719,0
real_20260626_143302_palletizer_005_part_2_refined_from_voxel005_hard,real_previous_registration,2179,1928,0.5944072149659025,0.4928222195293966,0.5952907093088344,71.67994360741505,-0.15500123201166746,0,0.2695312360643502,0
real_20260626_143302_palletizer_005_part_2_refined_from_voxel005_hard,real_previous_registration,2185,3942,0.3131443977948672,0.19401933158632123,0.7677224040785514,126.93009228568023,0.3456245457872582,0,0.49556528920950615,0
real_20260626_143302_palletizer_005_part_2_refined_from_voxel005_hard,real_previous_registration,2189,852,0.5086056878482698,0.39345619908348956,0.3026120560219404,82.92966773089324,0.626337735131251,0,0.4069877322650627,0
real_20260626_143302_palletizer_005_part_2_refined_from_voxel005_hard,real_previous_registration,2191,3550,0.06435611543407724,0.06193300838241247,0.7924125672908385,142.07964287397968,-0.6729436990498012,1,0.7554726425686114,0
real_20260626_143302_palletizer_005_part_2_refined_from_voxel005_hard,real_previous_registration,2196,1258,0.40742386715007944,0.30782418217775637,0.47388146690302185,49.975947910375254,0.6707892553443298,0,0.3666793552949213,0
real_20260626_143302_palletizer_005_part_2_refined_from_voxel005_hard,real_previous_registration,2199,3465,0.457167085236926,0.4015329205436024,0.7118480661885429,73.80888252859157,2.4479433305549354,0,0.48645784661794916,0
real_20260626_143302_palletizer_005_part_2_refined_from_voxel005_hard,real_previous_registration,2205,84,0.13097185865917219,0.1184612881642688,0.02868409159798569,74.68541206560585,-0.14231603100404214,0,0.6600359974309092,0
real_20260626_143302_palletizer_005_part_2_refined_from_voxel005_hard,real_previous_registration,2207,451,0.4016590870444708,0.18823647841857777,0.31900087886389755,71.12399966426572,0.9181429352057835,0,0.2328465648338333,0
real_20260626_143302_palletizer_005_part_2_refined_from_voxel005_hard,real_previous_registration,2210,1515,0.33676372211368516,0.25280000977056855,0.8604462651436015,45.04705839055122,0.6561908057375674,0,0.46292934081798953,0
real_20260626_143302_palletizer_005_part_2_refined_from_voxel005_hard,real_previous_registration,2216,3942,0.5584616699841047,0.3091119559190089,0.8711772450580203,184.08483854649825,0.4509849253341494,0,0.1921432595844066,0
real_20260626_143302_palletizer_005_part_2_refined_from_voxel005_hard,real_previous_registration,2219,175,0.5127969194564285,0.37469809966404893,0.9737708095791948,50.54187466704071,1.4788157997874407,0,0.4895420380914161,0
real_20260626_143302_palletizer_005_part_2_refined_from_voxel005_hard,real_previous_registration,2222,3919,0.1387184501887257,0.05286101627361771,0.7542311820699003,56.832518855131006,0.8746165780293601,0,0.7427462635729947,0
real_20260626_143302_palletizer_005_part_2_refined_from_voxel005_hard,real_previous_registration,2224,2977,0.2411210730288459,0.22718421363646463,0.2997139362518448,99.2156149657598,1.2729631043901934,0,0.3911458588437391,0
real_20260626_143302_palletizer_005_part_2_refined_from_voxel005_hard,real_previous_registration,2225,3571,0.35686174581893176,0.16883531083558498,0.0898372151297078,45.862268426114795,1.3552000635352124,0,0.4162258231906448,0
real_20260626_143302_palletizer_005_part_2_refined_from_voxel005_hard,real_previous_registration,2227,2752,0.05229211247597291,0.01845813716744582,0.11023138255881268,85.80965347354284,0.7933910741865488,0,0.7034808337236447,0
real_20260626_143302_palletizer_005_part_2_refined_from_voxel005_hard,real_previous_registration,2234,434,0.5483079270996017,0.4651392668288212,0.4314705176301959,214.38224964054282,1.3811755168750872,0,0.09252543219538294,1
real_20260626_143302_palletizer_005_part_2_refined_from_voxel005_hard,real_previous_registration,2239,1515,0.43415233721970276,0.4133431670012861,0.5496762787913113,55.214053484574535,0.6263378644238774,0,0.3080492352313071,0
real_20260626_143302_palletizer_005_part_2_refined_from_voxel005_hard,real_previous_registration,2240,1501,0.4074575092546564,0.36152207451241963,0.05426624973919314,41.88453429163313,0.042675515694883454,0,0.2964533607525008,0
real_20260626_143302_palletizer_005_part_2_refined_from_voxel005_hard,real_previous_registration,2241,1258,0.4863817276504137,0.3029463752835731,0.7157623233224415,92.39269435828905,0.02020266565093876,0,0.2874237319572289,0
real_20260626_143302_palletizer_005_part_2_refined_from_voxel005_hard,real_previous_registration,2242,3942,0.41892034812769624,0.22888306946240708,0.7437342263484096,139.02098663461615,0.4509849253341494,0,0.23470710347536072,0
real_20260626_143302_palletizer_005_part_2_refined_from_voxel005_hard,real_previous_registration,2243,1977,0.4319490528327673,0.33211626720301324,0.23902012065596184,94.32420973045879,0.6903592364623105,0,0.31526158883548594,0
real_20260626_143302_palletizer_005_part_2_refined_from_voxel005_hard,real_previous_registration,2248,314,0.1630636664158676,0.16211753335057258,0.7644286920774301,70.61605626269017,2.160261498299031,0,0.716099651961481,0
real_20260626_143302_palletizer_005_part_2_refined_from_voxel005_hard,real_previous_registration,2251,354,0.1349529804879769,0.020453677353323138,0.44883547185884415,105.26113029968609,0.24334580863256552,0,0.7784848168113256,0
real_20260626_143302_palletizer_005_part_2_refined_from_voxel005_hard,real_previous_registration,2252,3571,0.36491572365106706,0.0838818305836462,0.24575920865011566,63.890584096453125,2.112062373946501,0,0.4564583359250754,0
real_20260626_143302_palletizer_005_part_2_refined_from_voxel005_hard,real_previous_registration,2258,1515,0.5002501415152951,0.46853771225398244,0.055244627627289655,54.225795830672574,0.7271424923545277,0,0.258378992921891,0
real_20260626_143302_palletizer_005_part_2_refined_from_voxel005_hard,real_previous_registration,2266,3763,0.35924058014793725,0.1128899459263299,0.8491654490706764,66.17529539929394,1.118813125618705,0,0.3230967229318312,0
real_20260626_143302_palletizer_005_part_2_refined_from_voxel005_hard,real_previous_registration,2271,4102,0.17668932314416094,0.10957333783325979,0.8220922828477941,83.64824276968154,1.5242752152235095,0,0.7167854006745581,0
real_20260626_143302_palletizer_005_part_2_refined_from_voxel005_hard,real_previous_registration,2274,1823,0.3692180950913112,0.025751112696454526,0.1582356261994436,65.95900491251469,2.3474747604822648,0,0.5146582521873296,0
real_20260626_143302_palletizer_005_part_2_refined_from_voxel005_hard,real_previous_registration,2280,1181,0.0966859537985525,0.08349118767381346,0.08877462308097815,206.13138685219494,-0.16211860503236,0,0.8595617381691824,0
real_20260626_143302_palletizer_005_part_2_refined_from_voxel005_hard,real_previous_registration,2285,3571,0.3459387539355896,0.04334859028690226,0.36286643311007966,68.56143717341443,2.008072726717016,0,0.39212123197370435,0
real_20260626_143302_palletizer_005_part_2_refined_from_voxel005_hard,real_previous_registration,2289,1515,0.3448041087843114,0.29247432114460564,0.03845082445336445,29.304530516852925,0.7271424923545277,0,0.42225149813822976,0
real_20260626_143302_palletizer_005_part_2_refined_from_voxel005_hard,real_previous_registration,2291,1823,0.31883226477432325,0.20346491616127116,0.36427936982326986,62.27370205276814,2.3715722978336915,0,0.43940964324027765,0
real_20260626_143302_palletizer_005_part_2_refined_from_voxel005_hard,real_previous_registration,2295,3571,0.2676617419256939,0.027858421464346646,0.2977406142251167,62.275830251644564,1.980293181517896,0,0.44314779994211106,0
real_20260626_143302_palletizer_005_part_2_refined_from_voxel005_hard,real_previous_registration,2296,2723,0.4619919779284946,0.446494335284855,0.695704678554722,83.01306046482536,0.35290806988252194,0,0.3669557705043359,0
real_20260626_143302_palletizer_005_part_2_refined_from_voxel005_hard,real_previous_registration,2297,3966,0.07847779043967316,0.055851309643863756,0.08562405420137403,72.73915268355884,3.088231782297866,0,0.7117799306015958,0
real_20260626_143302_palletizer_005_part_2_refined_from_voxel005_hard,real_previous_registration,2301,2186,0.0187971785224145,0.008773391449879209,0.07720264207391381,77.73628586517655,-0.7470514536392832,1,0.6636626983540362,0
real_20260626_143302_palletizer_005_part_2_refined_from_voxel005_hard,real_previous_registration,2305,2576,0.031185561387910246,0.006928506747310903,0.07358843897380107,77.5496206788792,-1.135566038767249,1,0.7571045628701741,0
real_20260626_143302_palletizer_005_part_2_refined_from_voxel005_hard,real_previous_registration,2307,852,0.4917263381903819,0.41469963043757024,0.2566189518552231,77.4132616186275,0.35667444393944064,0,0.4475530708014515,0
real_20260626_143302_palletizer_005_part_2_refined_from_voxel005_hard,real_previous_registration,2313,2470,0.329794520962171,0.03895852620757731,0.17186982608382925,59.025865935279384,0.5907467079268824,0,0.4034821296358927,0
real_20260626_143302_palletizer_005_part_2_refined_from_voxel005_hard,real_previous_registration,2314,3614,0.5081618023773279,0.2574802703984741,0.2766909521832486,62.27814292275764,0.93649226996247,0,0.31325684239320306,0
real_20260626_143302_palletizer_005_part_2_refined_from_voxel005_hard,real_previous_registration,2316,655,0.511014856103893,0.14080284773738816,0.31678697426305386,75.08950937191462,0.8564496251093973,0,0.41753053100430443,0
real_20260626_143302_palletizer_005_part_2_refined_from_voxel005_hard,real_previous_registration,2317,3942,0.26731865780995223,0.15316262318893228,0.6577885633426898,99.28378454997899,0.7323970843009597,0,0.46120753127909875,0
real_20260626_143302_palletizer_005_part_2_refined_from_voxel005_hard,real_previous_registration,2318,997,0.34256785475476925,0.14093492719183984,0.6849800521036192,68.27990932503724,0.8851983092818596,0,0.38669301017356267,0
real_20260626_143302_palletizer_005_part_2_refined_from_voxel005_hard,real_previous_registration,2322,3571,0.5811743867416105,0.003786181056768938,0.7516898524194449,76.7835019910957,1.9517198290779083,0,0.25244939914603926,0
real_20260626_143302_palletizer_005_part_2_refined_from_voxel005_hard,real_previous_registration,2323,563,0.3859674393506425,0.3834334072906272,0.02268355682426315,33.70045579421041,0.8712521520963117,0,0.3744555044178163,0
real_20260626_143302_palletizer_005_part_2_refined_from_voxel005_hard,real_previous_registration,2324,3919,0.11930578093296139,0.10438572866056264,0.6060342469254839,59.80437568194029,0.7856691889944503,0,0.703404640215272,0
real_20260626_143302_palletizer_005_part_2_refined_from_voxel005_hard,real_previous_registration,2326,451,0.5012226255640971,0.23291933994677988,0.2751732308565306,81.01662029267717,1.0400326486861906,0,0.1541139028408207,0
real_20260626_143302_palletizer_005_part_2_refined_from_voxel005_hard,real_previous_registration,2328,3331,0.06096428893503005,0.03258588720439933,0.4453142965865635,100.07955616047137,-0.2674790702627935,0,0.6295341717224432,0
real_20260626_143302_palletizer_005_part_2_refined_from_voxel005_hard,real_previous_registration,2329,2921,0.187017414212505,0.038062557304105626,0.40713389120765564,81.1786591475775,0.9364915391958071,0,0.61048042730373,0
real_20260626_143302_palletizer_005_part_2_refined_from_voxel005_hard,real_previous_registration,2330,3220,0.19835572165012233,0.1840475601148654,0.8527295018582168,86.62735276352903,0.2964555008747326,0,0.7438814972770584,0
real_20260626_143302_palletizer_005_part_2_refined_from_voxel005_hard,real_previous_registration,2331,1233,0.4729273097056633,0.012579814556411946,0.04863376006562493,107.39424514769311,-0.007968158538081247,0,0.4217931885549043,0
real_20260626_143302_palletizer_005_part_2_refined_from_voxel005_hard,real_previous_registration,2339,2977,0.572496771120226,0.4877255118432343,0.32293484342815026,195.73843387192915,1.1188125912294213,0,0.05527385426278505,1
real_20260626_143302_palletizer_005_part_2_refined_from_voxel005_hard,real_previous_registration,2341,314,0.17148664391568086,0.06845260407771771,0.2293958679663592,132.77811832254193,1.5606411649645258,0,0.6359788857224421,0
real_20260626_143302_palletizer_005_part_2_refined_from_voxel005_hard,real_previous_registration,2344,655,0.529475773339066,0.2339655455812555,0.14368155090062695,70.14371718044978,0.19609303135002173,0,0.40442267629545064,0
real_20260626_143302_palletizer_005_part_2_refined_from_voxel005_hard,real_previous_registration,2360,1507,0.48081938653552675,0.47250769299837586,0.9242589409403713,95.71464294071833,0.9506769786115464,0,0.30355628256212913,0
real_20260626_143302_palletizer_005_part_2_refined_from_voxel005_hard,real_previous_registration,2365,3465,0.312192624167136,0.2266527444599621,0.7330273613207023,66.11042604952344,1.98963616001865,0,0.6448130413585491,0
real_20260626_143302_palletizer_005_part_2_refined_from_voxel005_hard,real_previous_registration,2366,3713,0.3114529328123335,0.28254509020303487,0.032625369670497326,67.38170351007473,0.8385120847541687,0,0.2923782335555838,0
real_20260626_143302_palletizer_005_part_2_refined_from_voxel005_hard,real_previous_registration,2370,2400,0.15212605251203473,0.0742472907871864,0.24703999544323418,148.36483792655352,-0.461634516831762,0,0.5815448056428646,0
real_20260626_143302_palletizer_005_part_2_refined_from_voxel005_hard,real_previous_registration,2396,3842,0.20621983308449413,0.16044023485222908,0.5903852446146066,204.06478442056314,-0.461634516831762,0,0.7308001281391978,0
real_20260626_143302_palletizer_005_part_2_refined_from_voxel005_hard,real_previous_registration,2399,693,0.5848067719082645,0.3993944577477812,0.6339562550573212,84.60616301202931,0.6903592364623105,0,0.15260448827492176,0
real_20260626_143302_palletizer_005_part_2_refined_from_voxel005_hard,real_previous_registration,2423,498,0.2697167974281625,0.07777726939813034,0.04623622326644278,100.06523713089537,-0.577633316167073,0,0.6788124100587344,0
real_20260626_143302_palletizer_005_part_2_refined_from_voxel005_hard,real_previous_registration,2436,2977,0.25173335575769673,0.17411583914259274,0.7648164760654053,116.53077067991114,1.3323864671687426,0,0.4118410121200746,0
real_20260626_143302_palletizer_005_part_2_refined_from_voxel005_hard,real_previous_registration,2438,498,0.3643672044656156,0.33477197844745826,0.25421485794298515,104.05528190516799,-0.4105795741605448,0,0.7570051001174665,0
real_20260626_143302_palletizer_005_part_2_refined_from_voxel005_hard,real_previous_registration,2442,1762,0.5261090091518892,0.17472819487857216,0.20386540330762382,103.0626746558135,0.29463921723019143,0,0.3504338438888283,0
real_20260626_143302_palletizer_005_part_2_refined_from_voxel005_hard,real_previous_registration,2444,693,0.36824033128014094,0.1791508828497046,0.5309576115748292,58.19169686300139,1.0880418302188921,0,0.48316036103410537,0
real_20260626_143302_palletizer_005_part_2_refined_from_voxel005_hard,real_previous_registration,2445,314,0.1648423935864782,0.1590931344899083,0.9043013916200833,65.59018116004478,2.160261498299031,0,0.7622545760542307,0
real_20260626_143302_palletizer_005_part_2_refined_from_voxel005_hard,real_previous_registration,2446,1574,0.04461061181085678,0.018080760374836975,0.3518948388226202,91.19221853695973,0.20944431327862975,0,0.6797728572509755,0
real_20260626_143302_palletizer_005_part_2_refined_from_voxel005_hard,real_previous_registration,2454,3942,0.24313924698985714,0.12326991486881198,0.8242860987119329,85.14378229220947,1.0247848134028859,0,0.3766473008552467,0
real_20260626_143302_palletizer_005_part_2_refined_from_voxel005_hard,real_previous_registration,2461,1030,0.1409796595574821,0.0699205491181237,0.47261398836040547,79.56555889451721,0.1155127053039489,0,0.7480183730851964,0
real_20260626_143302_palletizer_005_part_2_refined_from_voxel005_hard,real_previous_registration,2462,381,0.4292877375517014,0.2925569320763921,0.536975472220653,85.8593924024048,0.5233055014487602,0,0.46221260517890284,0
real_20260626_143302_palletizer_005_part_2_refined_from_voxel005_hard,real_previous_registration,2464,1251,0.4588881793057797,0.3464008959541311,0.8741511818577435,85.43697830506612,0.4845074427229473,0,0.4523853104344753,0
real_20260626_143302_palletizer_005_part_2_refined_from_voxel005_hard,real_previous_registration,2466,1507,0.4159437510112691,0.41476171068810047,0.7128354527647465,89.370948569144,0.8468802604140027,0,0.35668591923239024,0
real_20260626_143302_palletizer_005_part_2_refined_from_voxel005_hard,real_previous_registration,2473,451,0.3604738127481834,0.22092330951424544,0.6397633157917416,41.76910750718837,0.7793066254972202,0,0.2658125192303889,0
real_20260626_143302_palletizer_005_part_2_refined_from_voxel005_hard,real_previous_registration,2477,2682,0.12369347862095932,0.02318627004763589,0.23027634038970368,66.50421655637766,1.783784366279287,0,0.8136245578548745,0
real_20260626_143302_palletizer_005_part_2_refined_from_voxel005_hard,real_previous_registration,2478,256,0.08773442479934684,0.04711309310274986,0.5998359160383633,95.72723793423451,0.7133488253791139,1,0.7142283527669585,0
real_20260626_143302_palletizer_005_part_2_refined_from_voxel005_hard,real_previous_registration,2485,2470,0.41818734943927566,0.0614006641945927,0.11786319892443418,44.48486788041821,1.1059103044380811,0,0.29803512911658114,0
real_20260626_143302_palletizer_005_part_2_refined_from_voxel005_hard,real_previous_registration,2487,3978,0.47052119282049887,0.1650794154624292,0.5757734902269557,81.55297870708623,0.36112882067762936,0,0.415728773328077,0
real_20260626_143302_palletizer_005_part_2_refined_from_voxel005_hard,real_previous_registration,2490,3614,0.42152408487299725,0.0779528914053832,0.21571178574785632,72.64614252033942,0.8892394215883233,0,0.42957986541982185,0
real_20260626_143302_palletizer_005_part_2_refined_from_voxel005_hard,real_previous_registration,2491,3842,0.170703509376866,0.12897991342153337,0.5368472640066402,210.84934333650853,-0.138861768245577,0,0.7281456184230645,0
real_20260626_143302_palletizer_005_part_2_refined_from_voxel005_hard,real_previous_registration,2495,3437,0.26541406349015634,0.2134835407601484,0.6331854385677465,92.06291676162478,1.0810728325361108,0,0.5893069112043349,0
real_20260626_143302_palletizer_005_part_2_refined_from_voxel005_hard,real_previous_registration,2498,1119,0.3365008709062201,0.329792838788715,0.9973074664531989,65.89181399033936,0.5722707162529179,0,0.48425608526850356,0
real_20260626_143302_palletizer_005_part_2_refined_from_voxel005_hard,real_previous_registration,2500,498,0.3011545848547044,0.2223380530765754,0.01715016599107845,90.39623304123579,-0.14231603100404214,0,0.6646615785568757,0
real_20260626_143302_palletizer_005_part_2_refined_from_voxel005_hard,real_previous_registration,2502,693,0.4169229346095272,0.3021160973169122,0.37635401951332226,41.1476074193916,1.2729640394516313,0,0.35725714901075156,0
real_20260626_143302_palletizer_005_part_2_refined_from_voxel005_hard,real_previous_registration,2513,3465,0.15173277379810213,0.07812779540295373,0.9390792866083577,63.71380165319654,2.140458890218519,0,0.8273710441046297,0
real_20260626_143302_palletizer_005_part_2_refined_from_voxel005_hard,real_previous_registration,2518,274,0.3428963068759309,0.22759404898225702,0.8980680562582307,66.85280450462645,0.7323970843009597,0,0.6698030347110498,0
real_20260626_143302_palletizer_005_part_2_refined_from_voxel005_hard,real_previous_registration,2529,1012,0.4723890234086072,0.3106752739427806,0.6359486709561166,65.56498117961372,-0.13742608343095072,0,0.36829764581983393,0
real_20260626_143302_palletizer_005_part_2_refined_from_voxel005_hard,real_previous_registration,2530,3763,0.23889792517680683,0.060843506971036736,0.2169692741321386,59.74475494155121,1.256963347014795,0,0.40635023164992723,0
real_20260626_143302_palletizer_005_part_2_refined_from_voxel005_hard,real_previous_registration,2531,3942,0.3107536407541598,0.18984526606652244,0.8432452177640833,117.54486681802359,0.5233055014487602,0,0.4807347708478202,0
real_20260626_143302_palletizer_005_part_2_refined_from_voxel005_hard,real_previous_registration,2535,1525,0.4949785340187166,0.316614366654455,0.9914287207552497,51.74553585848746,0.04373315378646616,0,0.34119136925005306,0
real_20260626_143302_palletizer_005_part_2_refined_from_voxel005_hard,real_previous_registration,2540,3842,0.10279733266554268,0.0816409487979051,0.5986643944374134,198.51575975451283,-0.461634516831762,0,0.7104946515814636,0
real_20260626_143302_palletizer_005_part_2_refined_from_voxel005_hard,real_previous_registration,2543,2972,0.4131984004847473,0.32915020637816145,0.9026894122051945,57.5036695113711,0.7804884381906028,0,0.4046760593030748,0
real_20260626_143302_palletizer_005_part_2_refined_from_voxel005_hard,real_previous_registration,2546,655,0.49571210597459137,0.08039684355694537,0.34848728888082203,92.23520168597689,0.8564496251093973,0,0.42455837448646966,0
real_20260626_143302_palletizer_005_part_2_refined_from_voxel005_hard,real_previous_registration,2550,314,0.4291361934890036,0.031198756627903994,0.2965249734078427,72.03806750596443,2.3393095722425303,0,0.35526471962660344,0
real_20260626_143302_palletizer_005_part_2_refined_from_voxel005_hard,real_previous_registration,2553,3571,0.4166791581029306,0.07020600530222329,0.9083963963814484,71.74248175051846,2.0216783697020864,0,0.32006044319249904,0
real_20260626_143302_palletizer_005_part_2_refined_from_voxel005_hard,real_previous_registration,2562,960,0.14034896986349632,0.06464410021282094,0.4108018596873435,67.23817546888962,1.0010293249200872,0,0.6632058474324503,0
real_20260626_143302_palletizer_005_part_2_refined_from_voxel005_hard,real_previous_registration,2565,2977,0.23935761840368447,0.1949099337312714,0.784362043502393,95.89641764374574,1.5707972907304593,0,0.40193399953505826,0
real_20260626_143302_palletizer_005_part_2_refined_from_voxel005_hard,real_previous_registration,2566,498,0.33709896995396027,0.29892675107234823,0.40736691121239327,89.20051632095826,-0.23468921166657733,0,0.7396828382812012,0
real_20260626_143302_palletizer_005_part_2_refined_from_voxel005_hard,real_previous_registration,2567,78,0.1197657835829379,0.06143909457436704,0.00858438112679552,104.62586115227083,-0.18339598306841595,0,0.7856864474737008,0
real_20260626_143302_palletizer_005_part_2_refined_from_voxel005_hard,real_previous_registration,2568,314,0.3286731163699743,0.013429560652748022,0.14566719071523834,74.42065044609187,2.0785835490535596,0,0.4498729512415529,0
real_20260626_143302_palletizer_005_part_2_refined_from_voxel005_hard,real_previous_registration,2569,852,0.482775064913628,0.3482806400062254,0.5287822420676527,112.12084737613472,0.7133490378785202,0,0.3998697854676891,0
real_20260626_143302_palletizer_005_part_2_refined_from_voxel005_hard,real_previous_registration,2570,498,0.5141120536341434,0.28746107462669773,0.36204909661513107,191.06456459143294,-1.270778269461732,0,0.3322728785804544,0
real_20260626_143302_palletizer_005_part_2_refined_from_voxel005_hard,real_previous_registration,2571,3102,0.026573205023698015,0.010479192442728196,0.1264214438292251,197.9865170600308,-0.9034670523349375,0,0.7497628987313498,0
real_20260626_143302_palletizer_005_part_2_refined_from_voxel005_hard,real_previous_registration,2575,293,0.3426312996914472,0.31640962380857784,0.8652222864765673,76.54018483845401,1.7951508887498229,0,0.4160939773044713,0
real_20260626_143302_palletizer_005_part_2_refined_from_voxel005_hard,real_previous_registration,2579,1574,0.3292263327889332,0.2724823208842044,0.8280127641717298,172.92271966069217,-0.06680852573302655,0,0.8014484907533026,0
real_20260626_143302_palletizer_005_part_2_refined_from_voxel005_hard,real_previous_registration,2593,274,0.3884310015325373,0.08782533633056391,0.045396698112181444,91.39947259104926,1.1315527189409569,0,0.3570425797520863,0
real_20260626_143302_palletizer_005_part_2_refined_from_voxel005_hard,real_previous_registration,2594,434,0.5651940452371188,0.5158415201603354,0.45538722913129703,202.40186685547516,1.3552000635352124,0,0.11384447656193691,0
real_20260626_143302_palletizer_005_part_2_refined_from_voxel005_hard,real_previous_registration,2598,175,0.4923069506157806,0.26383838984172414,0.721171104955086,76.46092194466785,1.2871485009485757,0,0.4953228002379075,0
real_20260626_143302_palletizer_005_part_2_refined_from_voxel005_hard,real_previous_registration,2603,434,0.43143241015918476,0.4002808458231488,0.26403100369011867,131.89469576220506,1.3011329139022685,0,0.2275176022052136,0
real_20260626_143302_palletizer_005_part_2_refined_from_voxel005_hard,real_previous_registration,2606,451,0.4555924296573445,0.25926315876276523,0.1951552075952928,73.18346040053342,0.6427312430600586,0,0.15331798955793155,0
real_20260626_143302_palletizer_005_part_2_refined_from_voxel005_hard,real_previous_registration,2614,1874,0.4614005119349581,0.41178017630602387,0.9357990131644977,51.27242797373373,0.08474116074681133,0,0.3836706379117692,0
real_20260626_143302_palletizer_005_part_2_refined_from_voxel005_hard,real_previous_registration,2618,1864,0.4570285549652079,0.419131958229182,0.751395189148856,82.42786457340607,0.6149090973926622,0,0.42965846211737274,0
real_20260626_143302_palletizer_005_part_2_refined_from_voxel005_hard,real_previous_registration,2622,1928,0.5524399679994195,0.45935480592989403,0.49323097799327403,71.26946060609355,0.13798562789463398,0,0.3077343550724027,0
real_20260626_143302_palletizer_005_part_2_refined_from_voxel005_hard,real_previous_registration,2623,274,0.4188853984703494,0.03568833048190148,0.428211064339674,90.02495543417221,1.1565540058314907,0,0.4289026967048999,0
real_20260626_143302_palletizer_005_part_2_refined_from_voxel005_hard,real_previous_registration,2627,3966,0.2897083297005808,0.2776162115421883,0.21603123471970315,67.18072011316515,2.9105508266363636,0,0.4950921976496199,0
real_20260626_143302_palletizer_005_part_2_refined_from_voxel005_hard,real_previous_registration,2631,78,0.2879460325316506,0.21866353887712353,0.5906139465059479,68.64334235852898,0.29463921723019143,0,0.5077462143706049,0
real_20260626_143302_palletizer_005_part_2_refined_from_voxel005_hard,real_previous_registration,2637,4102,0.1445115150678445,0.10386300660830551,0.3772485205956934,97.03513624892375,1.5783423648564534,0,0.757820663652889,0
real_20260626_143302_palletizer_005_part_2_refined_from_voxel005_hard,real_previous_registration,2653,1258,0.2830194276618916,0.18946466861424624,0.8291540004775513,59.41927612530191,0.4530660306060825,0,0.5089109102387627,0
real_20260626_143302_palletizer_005_part_2_refined_from_voxel005_hard,real_previous_registration,2657,498,0.16942052765666887,0.038262904572114564,0.27129352733874934,120.71536302349371,-0.2029405627470815,0,0.689647834003968,0
real_20260626_143302_palletizer_005_part_2_refined_from_voxel005_hard,real_previous_registration,2661,1507,0.4926663298005864,0.4759071812145973,0.9679334953608129,105.41743310165603,0.7133489771643903,0,0.31170084329626896,0
real_20260626_143302_palletizer_005_part_2_refined_from_voxel005_hard,real_previous_registration,2663,3437,0.5210735919983716,0.3677123822293141,0.22570799900222313,79.25665332717773,1.4736342298645528,0,0.5596539423951298,0
real_20260626_143302_palletizer_005_part_2_refined_from_voxel005_hard,real_previous_registration,2664,1823,0.41460639100463875,0.09793746439608442,0.2832634773179264,71.36275597268855,1.9480889917983795,0,0.391324295252549,0
real_20260626_143302_palletizer_005_part_2_refined_from_voxel005_hard,real_previous_registration,2665,1057,0.4595917317307899,0.44962526950275794,0.9799757548175023,117.26773512534963,0.8311311596489159,0,0.4156104615946028,0
real_20260626_143302_palletizer_005_part_2_refined_from_voxel005_hard,real_previous_registration,2666,997,0.34745910176849676,0.17492322187614906,0.5189135728775089,69.69926360075947,1.236595814053891,0,0.38148520873680547,0
real_20260626_143302_palletizer_005_part_2_refined_from_voxel005_hard,real_previous_registration,2667,1823,0.28762661419945473,0.22886800765836868,0.43929927478428277,77.00373909427286,2.1454482663911967,0,0.4740866423743536,0
real_20260626_143302_palletizer_005_part_2_refined_from_voxel005_hard,real_previous_registration,2671,2284,0.08617011349368797,0.0807457227284327,0.45903805871971126,58.12545072541145,0.39749625512684444,0,0.7090114678745609,0
real_20260626_143302_palletizer_005_part_2_refined_from_voxel005_hard,real_previous_registration,2677,1574,0.3122231175131101,0.08148041267506553,0.39819995288350407,177.5038098327502,-0.6729424732485925,0,0.43742199350675204,0
real_20260626_143302_palletizer_005_part_2_refined_from_voxel005_hard,real_previous_registration,2678,434,0.5477640315382729,0.4406817858119714,0.4175353500010268,207.3836284186669,1.3811755168750872,0,0.13706524016627647,0
real_20260626_143302_palletizer_005_part_2_refined_from_voxel005_hard,real_previous_registration,2697,3467,0.4320907390590832,0.014094354469349202,0.870283531785506,75.68524925854778,0.2868310242361917,0,0.3757706124271502,0
real_20260626_143302_palletizer_005_part_2_refined_from_voxel005_hard,real_previous_registration,2700,3437,0.45567407247533476,0.379923579710541,0.09366788622894623,81.84063752145111,1.2241735505358688,0,0.5900491032590536,0
real_20260626_143302_palletizer_005_part_2_refined_from_voxel005_hard,real_previous_registration,2712,3571,0.3024437959917589,0.12505326880714293,0.1263615477721175,62.76023014501331,1.8764964633203522,0,0.4836947530022033,0
real_20260626_143302_palletizer_005_part_2_refined_from_voxel005_hard,real_previous_registration,2716,274,0.37774247425134067,0.14702889864213178,0.16404056459673413,117.29772991643368,1.2280129280937793,0,0.3422971323731343,0
real_20260626_143302_palletizer_005_part_2_refined_from_voxel005_hard,real_previous_registration,2721,3919,0.11641911312884388,0.06106467657563949,0.6484646312937877,61.696794290338275,0.8531103954725725,0,0.7431687204572647,0
real_20260626_143302_palletizer_005_part_2_refined_from_voxel005_hard,real_previous_registration,2723,3320,0.08557023724220832,0.08017371317307935,0.5024054021990636,155.4780632145445,-0.6729436456572747,0,0.7426342767199593,0
real_20260626_143302_palletizer_005_part_2_refined_from_voxel005_hard,real_previous_registration,2725,3467,0.41186732721973685,0.07036899852086032,0.8448785794729369,82.21060754420417,0.5142206543873341,0,0.35217687413244564,0
real_20260626_143302_palletizer_005_part_2_refined_from_voxel005_hard,real_previous_registration,2732,3842,0.20759676791881995,0.16999383056973155,0.5729164155980815,219.26505978050596,-0.287281503019516,0,0.7453884695126594,0
real_20260626_143302_palletizer_005_part_2_refined_from_voxel005_hard,real_previous_registration,2734,1507,0.5269122253201738,0.5027222246589785,0.8510430564824965,88.22235721012875,1.0824461710401514,0,0.31307848495876556,0
real_20260626_143302_palletizer_005_part_2_refined_from_voxel005_hard,real_previous_registration,2735,1276,0.21563095050313463,0.21076055776229985,0.9545737708169069,80.03481128885929,0.8585300970502928,0,0.8100846956144776,0
real_20260626_143302_palletizer_005_part_2_refined_from_voxel005_hard,real_previous_registration,2736,2977,0.26566631684946834,0.14202035458225737,0.7665290189633317,106.65638690581657,1.4064943720148333,0,0.38992188274564393,0
real_20260626_143302_palletizer_005_part_2_refined_from_voxel005_hard,real_previous_registration,2739,2470,0.3042814659672382,0.06247160109280091,0.49347559314978856,44.35199251343693,0.9209880952053421,0,0.38829425559499686,0
real_20260626_143302_palletizer_005_part_2_refined_from_voxel005_hard,real_previous_registration,2740,2977,0.27011361441937154,0.1516724848024522,0.7604418797933367,117.79981202154535,0.9364912677685007,0,0.4187634725738614,0
real_20260626_143302_palletizer_005_part_2_refined_from_voxel005_hard,real_previous_registration,2742,3465,0.06169904516821495,0.05103599572489021,0.8095641739973458,91.02617964939803,2.4331282555248355,0,0.6697317090014675,0
real_20260626_143302_palletizer_005_part_2_refined_from_voxel005_hard,real_previous_registration,2745,1864,0.41189700718211597,0.39168066182872796,0.894855188244192,84.7564095269516,0.4462865401291401,1,0.4582057323530488,0
real_20260626_143302_palletizer_005_part_2_refined_from_voxel005_hard,real_previous_registration,2747,4093,0.13784384575640166,0.10502139810198156,0.9663772201431131,62.18847537213154,0.5687678248795792,0,0.7459367886765931,0
real_20260626_143302_palletizer_005_part_2_refined_from_voxel005_hard,real_previous_registration,2749,1372,0.09872045788236591,0.08183711551008915,0.44845047396043636,84.7750919267234,1.4064932934491599,0,0.7292422297124699,0
real_20260626_143302_palletizer_005_part_2_refined_from_voxel005_hard,real_previous_registration,2754,6,0.39281146847039367,0.36779446066649035,0.5948692884116598,46.97317981742212,1.5018053050628868,0,0.3342671831250723,0
real_20260626_143302_palletizer_005_part_2_refined_from_voxel005_hard,real_previous_registration,2759,3763,0.2910616329446976,0.004514297270101901,0.05121198572129379,83.3004983577991,0.958470633353354,0,0.42024961760727453,0
real_20260626_143302_palletizer_005_part_2_refined_from_voxel005_hard,real_previous_registration,2760,434,0.5065298178695771,0.4403956417139388,0.4516640444618015,188.77030062791476,1.455283399285328,0,0.15053709365905465,0
real_20260626_143302_palletizer_005_part_2_refined_from_voxel005_hard,real_previous_registration,2765,1115,0.21771038605921134,0.13041168509976034,0.8867051711876721,52.07711727644085,0.4756775080465082,0,0.5699876879016486,0
real_20260626_143302_palletizer_005_part_2_refined_from_voxel005_hard,real_previous_registration,2766,1574,0.04350778629459544,0.023397203890428122,0.22973038664750017,92.4618525128187,0.06102457850469077,0,0.6687766622669069,0
real_20260626_143302_palletizer_005_part_2_refined_from_voxel005_hard,real_previous_registration,2769,3320,0.09923171312885024,0.07509940353275968,0.5480968849995749,150.64342261388916,-0.7444024844799967,0,0.7119106705011662,0
real_20260626_143302_palletizer_005_part_2_refined_from_voxel005_hard,real_previous_registration,2771,1507,0.23695234227326714,0.18081526322513783,0.1874655488178098,106.57679328637094,0.40156967325516907,0,0.6052113421293536,0
real_20260626_143302_palletizer_005_part_2_refined_from_voxel005_hard,real_previous_registration,2778,3613,0.446875821371153,0.014751432420814697,0.1480904996861748,78.46671312150495,0.6021236575666079,0,0.4097363100412631,0
real_20260626_143302_palletizer_005_part_2_refined_from_voxel005_hard,real_previous_registration,2779,238,0.2839190384443744,0.19164980096133233,0.30015453060235975,101.03455925551718,1.1188121904378279,0,0.43043898094863264,0
real_20260626_143302_palletizer_005_part_2_refined_from_voxel005_hard,real_previous_registration,2780,1874,0.46344590324910573,0.42966624864460146,0.3301956246400909,70.0356410785181,-0.10384985015757087,0,0.39338482099107375,0
real_20260626_143302_palletizer_005_part_2_refined_from_voxel005_hard,real_previous_registration,2788,3465,0.5429548886229718,0.4668084027354539,0.9234510180357598,67.78061664157715,2.694343586663669,0,0.5330959800582264,0
real_20260626_143302_palletizer_005_part_2_refined_from_voxel005_hard,real_previous_registration,2793,655,0.5758377033108649,0.048705801529416386,0.9394167542747948,107.55648567146153,0.4756775080465082,0,0.32569524395269644,0
real_20260626_143302_palletizer_005_part_2_refined_from_voxel005_hard,real_previous_registration,2794,3437,0.35458606426391526,0.2698580983484872,0.36707194286935385,78.26251676184987,1.2887120206318137,0,0.5415487043718344,0
real_20260626_143302_palletizer_005_part_2_refined_from_voxel005_hard,real_previous_registration,2799,2977,0.5340067750191567,0.4357540279936118,0.38476855550277866,178.8447747784257,1.187805384938683,0,0.09217661341628587,1
real_20260626_143302_palletizer_005_part_2_refined_from_voxel005_hard,real_previous_registration,2802,498,0.2671426802860274,0.12661034724731288,0.30529370290661484,69.2800043911543,-0.3728393159781387,0,0.6776649778860713,0
real_20260626_143302_palletizer_005_part_2_refined_from_voxel005_hard,real_previous_registration,2805,354,0.14923939405520154,0.13553277264694655,0.22237362062750102,95.34488962114025,0.39749625512684444,0,0.8188982293711015,0
real_20260626_143302_palletizer_005_part_2_refined_from_voxel005_hard,real_previous_registration,2810,274,0.44200938884817775,0.04455746070010666,0.4033103348886006,91.19443952374324,1.0661700015870759,0,0.4173277756072802,0
real_20260626_143302_palletizer_005_part_2_refined_from_voxel005_hard,real_previous_registration,2811,1928,0.48304774694676245,0.40560219477337073,0.5496464798199296,71.40603647802345,0.1537339727100046,0,0.37377652074653117,0
real_20260626_143302_palletizer_005_part_2_refined_from_voxel005_hard,real_previous_registration,2815,3713,0.2775939263572512,0.2590633219128475,0.49824662750452325,99.78796443803458,0.5108249571002128,0,0.39736332845412387,0
real_20260626_143302_palletizer_005_part_2_refined_from_voxel005_hard,real_previous_registration,2827,3437,0.39497855327081527,0.3353897669616158,0.11594381079485788,91.9482480333775,1.36393538638937,0,0.5792669367368701,0
real_20260626_143302_palletizer_005_part_2_refined_from_voxel005_hard,real_previous_registration,2835,393,0.06578387427455766,0.06383857701529135,0.6314664896474669,135.42056744272935,-0.7046923721627888,1,0.7629441846117823,0
real_20260626_143302_palletizer_005_part_2_refined_from_voxel005_hard,real_previous_registration,2838,2711,0.3220076902151596,0.11414409765441474,0.988803757615492,78.28975901501722,0.49712623534713357,0,0.3233478193159053,0
real_20260626_143302_palletizer_005_part_2_refined_from_voxel005_hard,real_previous_registration,2840,293,0.3327693239069345,0.3288133551158463,0.8368622363412775,85.96427710842359,1.6688572752246493,0,0.39421585165475814,0
real_20260626_143302_palletizer_005_part_2_refined_from_voxel005_hard,real_previous_registration,2845,3952,0.06209001909748725,0.059591214910398045,0.7654034519372822,88.16192375218466,-0.44114225648728755,0,0.7536801035576335,0
real_20260626_143302_palletizer_005_part_2_refined_from_voxel005_hard,real_previous_registration,2848,3437,0.4142860622655284,0.2176789059157962,0.43453852053835795,85.94380543623893,1.4064949712188144,0,0.4520059758807484,0
real_20260626_143302_palletizer_005_part_2_refined_from_voxel005_hard,real_previous_registration,2850,3942,0.31333094180355925,0.15511595063614558,0.9761263989790574,76.1054850515967,0.93649226996247,0,0.335972527292926,0
real_20260626_143302_palletizer_005_part_2_refined_from_voxel005_hard,real_previous_registration,2851,3713,0.2183674199473377,0.19918553981670808,0.8873586931954742,105.44015015208383,0.7778875079744648,0,0.38533016691479866,0
real_20260626_143302_palletizer_005_part_2_refined_from_voxel005_hard,real_previous_registration,2853,3331,0.10029972844929154,0.06600355576908279,0.32938859027789624,140.1232075498729,-0.63520329198441,0,0.6429600078079756,0
real_20260626_143302_palletizer_005_part_2_refined_from_voxel005_hard,real_previous_registration,2854,3571,0.2686887759701437,0.07064299398024354,0.1294643625992824,58.058506489139134,1.8607481185049817,0,0.4817132148627983,0
real_20260626_143302_palletizer_005_part_2_refined_from_voxel005_hard,real_previous_registration,2863,3465,0.4199487344279857,0.3776262697124896,0.8360515351039943,80.22566143291327,2.1796795656795287,0,0.43695813125316496,0
real_20260626_143302_palletizer_005_part_2_refined_from_voxel005_hard,real_previous_registration,2868,3594,0.14403314310657098,0.06052701139500499,0.21908669166603426,87.20611721640283,0.30788433810327237,0,0.7091541718131128,0
real_20260626_143302_palletizer_005_part_2_refined_from_voxel005_hard,real_previous_registration,2869,3467,0.359985467587185,0.04997633014131987,0.5474888620939541,61.10496639788096,0.5310277588619189,0,0.45582419154287923,0
real_20260626_143302_palletizer_005_part_2_refined_from_voxel005_hard,real_previous_registration,2870,1574,0.5803657198934784,0.3471608479486357,0.46134548680315485,110.78703619401284,0.4256670932047057,0,0.1172909304324485,0
real_20260626_143302_palletizer_005_part_2_refined_from_voxel005_hard,real_previous_registration,2874,3465,0.1079540432797985,0.09801642544290498,0.8833692368900561,91.95730749898208,2.0996369365315566,0,0.8028195392101387,0
real_20260626_143302_palletizer_005_part_2_refined_from_voxel005_hard,real_previous_registration,2875,1862,0.20336346509122652,0.1267837113933532,0.09516898122587049,64.57827793033249,3.3343646032112337,0,0.6399522183367004,0
real_20260626_143302_palletizer_005_part_2_refined_from_voxel005_hard,real_previous_registration,2876,1501,0.3492001836632221,0.3265932011404879,0.11618173126223719,68.75510319097177,-0.46814938214623536,0,0.3324308395609136,0
real_20260626_143302_palletizer_005_part_2_refined_from_voxel005_hard,real_previous_registration,2878,3763,0.5765481607579579,0.10066518094542293,0.8606376432946857,74.03418930380708,0.958470633353354,0,0.0790145976585554,1
real_20260626_143302_palletizer_005_part_2_refined_from_voxel005_hard,real_previous_registration,2884,2039,0.32685670639625264,0.24669698313323013,0.8140131983071801,66.6279848570755,0.5191932778489703,0,0.2798506790351008,0
real_20260626_143302_palletizer_005_part_2_refined_from_voxel005_hard,real_previous_registration,2886,3966,0.15458091108257735,0.15331405416272093,0.08162918724187913,75.81854696193636,3.1982325588107723,0,0.6072262271178042,0
real_20260626_143302_palletizer_005_part_2_refined_from_voxel005_hard,real_previous_registration,2888,571,0.3133127125254419,0.26965838766343486,0.42229695941251144,141.12337321519692,-0.26747872624690755,0,0.5809049313230128,0
real_20260626_143302_palletizer_005_part_2_refined_from_voxel005_hard,real_previous_registration,2890,2400,0.09848837337572999,0.029249956880789157,0.3615615078641171,133.86121531162144,-0.41511460725723326,0,0.6031102720655378,0
real_20260626_143302_palletizer_005_part_2_refined_from_voxel005_hard,real_previous_registration,2891,3614,0.4322257171535658,0.13361086875622052,0.5606203467250943,74.20498037248389,0.8729789136726404,0,0.39254921617417404,0
real_20260626_143302_palletizer_005_part_2_refined_from_voxel005_hard,real_previous_registration,2894,238,0.2950548579831487,0.004050827236940155,0.886070084533098,57.9700713950216,1.467118484379711,0,0.42304053435840605,0
real_20260626_143302_palletizer_005_part_2_refined_from_voxel005_hard,real_previous_registration,2899,2400,0.16044882477309994,0.13499739899915825,0.18903771222145946,181.59411159078337,-0.21032060706829897,0,0.6046533077039569,0
real_20260626_143302_palletizer_005_part_2_refined_from_voxel005_hard,real_previous_registration,2901,498,0.1752965073106676,0.12818451341853432,0.6453688722355582,86.10914549989619,-0.14231603100404214,0,0.5850608364013102,0
real_20260626_143302_palletizer_005_part_2_refined_from_voxel005_hard,real_previous_registration,2903,274,0.3106337944779878,0.0020735521583463423,0.3464534119702386,99.72133925608175,1.0387710457923427,0,0.4627377637111714,0
real_20260626_143302_palletizer_005_part_2_refined_from_voxel005_hard,real_previous_registration,2904,434,0.3085160394937662,0.27912763392180595,0.22692457966543583,66.67274259315931,1.760664741819277,0,0.3207366025466677,0
real_20260626_143302_palletizer_005_part_2_refined_from_voxel005_hard,real_previous_registration,2905,44,0.1637646962425172,0.16329357543059336,0.6202462907188839,67.13456272358061,-0.040421853837241846,0,0.7181866772942341,0
real_20260626_143302_palletizer_005_part_2_refined_from_voxel005_hard,real_previous_registration,2912,3437,0.22099934596817575,0.16073118811233386,0.7461860303543112,98.2247871519568,0.891029426875232,0,0.6134428147200488,0
real_20260626_143302_palletizer_005_part_2_refined_from_voxel005_hard,real_previous_registration,2915,1977,0.4942177002463766,0.40917068142815755,0.04923421560427582,86.47029575258642,0.18725640386960443,0,0.24446668712883013,0
real_20260626_143302_palletizer_005_part_2_refined_from_voxel005_hard,real_previous_registration,2919,3876,0.5321414279813833,0.18167617264609118,0.8333307095681601,164.81413496568345,0.1743530538120833,0,0.10134933054275597,0
real_20260626_143302_palletizer_005_part_2_refined_from_voxel005_hard,real_previous_registration,2927,852,0.47828486813621635,0.28981557406141645,0.6854942628827233,123.11169159897212,0.4476461206960053,0,0.3899340439221266,0
real_20260626_143302_palletizer_005_part_2_refined_from_voxel005_hard,real_previous_registration,2932,3942,0.3054478697172047,0.14943985839938606,0.9815666911659939,71.09646363472443,0.996211460962898,0,0.3186287846787469,0
real_20260626_143302_palletizer_005_part_2_refined_from_voxel005_hard,real_previous_registration,2943,274,0.3552295139474769,0.20045700195816357,0.8740465135732691,75.33260849416722,0.8225481015946119,0,0.6234715429542079,0
real_20260626_143302_palletizer_005_part_2_refined_from_voxel005_hard,real_previous_registration,2951,2154,0.47122344601601146,0.4201008706905675,0.13860124040321614,67.94208102926747,0.4769606106909595,0,0.2433879904145074,0
real_20260626_143302_palletizer_005_part_2_refined_from_voxel005_hard,real_previous_registration,2952,4102,0.06291941260614334,0.03152849858289145,0.688263747523778,88.75168096509285,1.7693973773631337,0,0.7433044225580726,0
real_20260626_143302_palletizer_005_part_2_refined_from_voxel005_hard,real_previous_registration,2953,1823,0.35183285535581577,0.018975733041202814,0.16129065725207192,55.7971206834733,2.3474747604822648,0,0.4419150944741668,0
real_20260626_143302_palletizer_005_part_2_refined_from_voxel005_hard,real_previous_registration,2961,175,0.4380489648244739,0.3351267966411985,0.5142999677649934,39.99834008633077,1.3939164064866472,0,0.3546921012538685,0
real_20260626_143302_palletizer_005_part_2_refined_from_voxel005_hard,real_previous_registration,2965,3465,0.18244108599417302,0.11666638805877591,0.39788700359985857,69.83701348355517,1.811955204357148,0,0.7066932299058116,0
real_20260626_143302_palletizer_005_part_2_refined_from_voxel005_hard,real_previous_registration,2969,2723,0.42844496143756633,0.38455228384405915,0.7618469533378169,95.44475068358545,0.40796779753729184,0,0.3433465107005314,0
real_20260626_143302_palletizer_005_part_2_refined_from_voxel005_hard,real_previous_registration,2973,1823,0.54408875903856,0.14128349439856092,0.0882517301238938,93.63438485387954,1.811956947397918,0,0.24524528685833105,0
real_20260626_143302_palletizer_005_part_2_refined_from_voxel005_hard,real_previous_registration,2978,175,0.4278798166742559,0.26215123120213124,0.7116342214246857,78.74279347216431,1.2439763595307358,0,0.3945297787800883,0
real_20260626_143302_palletizer_005_part_2_refined_from_voxel005_hard,real_previous_registration,2981,1623,0.4149820448375609,0.41223590318021985,0.5501632969521776,98.84216794236556,0.02020267953977997,0,0.3524462309132913,0
real_20260626_143302_palletizer_005_part_2_refined_from_voxel005_hard,real_previous_registration,2985,3966,0.1280348417866916,0.06745002318295212,0.12914147495958825,106.3720779522452,2.728229542064224,0,0.7039136963352656,0
real_20260626_143302_palletizer_005_part_2_refined_from_voxel005_hard,real_previous_registration,2986,274,0.5329529323397982,0.1711552440329539,0.09948138328557318,94.46901452923515,1.0661700015870759,0,0.5049088259883517,0
real_20260626_143302_palletizer_005_part_2_refined_from_voxel005_hard,real_previous_registration,2987,6,0.36635557508161626,0.3271000644819893,0.9499597230180193,72.04923377232699,1.1188133126550872,0,0.38727584568294554,0
real_20260626_143302_palletizer_005_part_2_refined_from_voxel005_hard,real_previous_registration,2992,381,0.5625221107087135,0.4257697966192185,0.5330688918314239,49.24684997587696,0.6333062779616665,0,0.3208513960782597,0
real_20260626_143302_palletizer_005_part_2_refined_from_voxel005_hard,real_previous_registration,2996,2978,0.19160788848359625,0.16434977555711486,0.02146853578588126,88.06674540298764,0.713348907109639,0,0.6792024592545924,0
real_20260626_143302_palletizer_005_part_2_refined_from_voxel005_hard,real_previous_registration,2997,3966,0.23605608232228298,0.21771981468527812,0.22332900504986727,84.32741527983859,2.882379988558503,0,0.5544175504245751,0
real_20260626_143302_palletizer_005_part_2_refined_from_voxel005_hard,real_previous_registration,2998,2400,0.12269350242976322,0.0929150811691247,0.20056878479316184,151.3784377555798,-0.21032060706829897,0,0.596263844190575,0
real_20260626_143302_palletizer_005_part_2_refined_from_voxel005_hard,real_previous_registration,3004,1823,0.5313100965442255,0.005184015526177449,0.06305167243396945,67.36595023560874,1.811956947397918,0,0.3994304299841577,0
real_20260626_143302_palletizer_005_part_2_refined_from_voxel005_hard,real_previous_registration,3005,1001,0.11176094053263251,0.09584552869537333,0.11032190585388169,53.641414711208114,-0.3852619112079414,0,0.6588596663871399,0
real_20260626_143302_palletizer_005_part_2_refined_from_voxel005_hard,real_previous_registration,3006,314,0.10709204627318851,0.05683829039105202,0.034200839699470104,127.08810891492541,1.7249439511047158,0,0.6648076759282514,0
real_20260626_143302_palletizer_005_part_2_refined_from_voxel005_hard,real_previous_registration,3008,498,0.37232058155263426,0.3596450285812521,0.2652534288540367,121.55470391017114,-0.577633316167073,0,0.7621399426857867,0
real_20260626_143302_palletizer_005_part_2_refined_from_voxel005_hard,real_previous_registration,3010,3571,0.357068671040466,0.03167038288182324,0.8770120815852267,71.97930773321706,2.1835212962087898,0,0.4488533040245359,0
real_20260626_143302_palletizer_005_part_2_refined_from_voxel005_hard,real_previous_registration,3012,1508,0.3287175935927336,0.0036388650543483156,0.9396863757307415,173.78031261385487,-0.31626886501938617,0,0.3297016559683319,0
real_20260626_143302_palletizer_005_part_2_refined_from_voxel005_hard,real_previous_registration,3017,2066,0.43790128478273177,0.42719559025468834,0.3853374073621313,194.70585583435235,-0.31626886501938617,0,0.3483521939521306,0
real_20260626_143302_palletizer_005_part_2_refined_from_voxel005_hard,real_previous_registration,3020,274,0.574610611781883,0.15327585631234203,0.3196420094664919,92.61096301481676,0.8396425206348125,0,0.47590060318733574,0
real_20260626_143302_palletizer_005_part_2_refined_from_voxel005_hard,real_previous_registration,3021,1057,0.4642343337913078,0.4589102660410137,0.9753268585464644,114.49780265359189,0.8851983092818596,0,0.43442625510271315,0
real_20260626_143302_palletizer_005_part_2_refined_from_voxel005_hard,real_previous_registration,3024,3942,0.35617648668542207,0.17672802591046194,0.6805909352250333,70.78738102959527,0.8564496251093973,0,0.26077990639417525,0
real_20260626_143302_palletizer_005_part_2_refined_from_voxel005_hard,real_previous_registration,3026,960,0.13391758201911386,0.04191189641263213,0.7272883878662446,72.1423202832044,1.0616538566631266,0,0.6596217502161913,0
real_20260626_143302_palletizer_005_part_2_refined_from_voxel005_hard,real_previous_registration,3027,3465,0.30656783850325836,0.2550934859065499,0.584219548517808,75.62092434518573,2.4479433305549354,0,0.43226948388318787,0
real_20260626_143302_palletizer_005_part_2_refined_from_voxel005_hard,real_previous_registration,3030,2723,0.25105728638166797,0.2349352767297644,0.6148290268583657,56.6839556118858,0.1202860167518799,0,0.522278370539067,0
real_20260626_143302_palletizer_005_part_2_refined_from_voxel005_hard,real_previous_registration,3032,84,0.09416060830678111,0.08743137766911968,0.005720775446722587,69.57455555011015,-0.2029405627470815,0,0.7194229442667883,0
real_20260626_143302_palletizer_005_part_2_refined_from_voxel005_hard,real_previous_registration,3035,480,0.5229577587122963,0.4597706935779346,0.22142321171300372,81.33292956050732,0.24334595863210093,0,0.39587938400214157,0
real_20260626_143302_palletizer_005_part_2_refined_from_voxel005_hard,real_previous_registration,3036,274,0.4008286945395353,0.03764352494702622,0.10230995344725127,95.18423895084524,0.9816126719850455,0,0.37402814923046346,0
real_20260626_143302_palletizer_005_part_2_refined_from_voxel005_hard,real_previous_registration,3037,3763,0.2478166045283429,0.02242553860675542,0.06113523812080059,75.0288545743243,1.207366446061284,0,0.41110118834687803,0
real_20260626_143302_palletizer_005_part_2_refined_from_voxel005_hard,real_previous_registration,3038,3465,0.12056955705876904,0.06766065783584901,0.5409203789392085,86.59530917454471,2.160261498299031,0,0.7745162990960782,0
real_20260626_143302_palletizer_005_part_2_refined_from_voxel005_hard,real_previous_registration,3044,2284,0.10034154744443849,0.07512232680964122,0.07060728301237182,72.9377036467734,0.5057096961775243,0,0.652735012612227,0
real_20260626_143302_palletizer_005_part_2_refined_from_voxel005_hard,real_previous_registration,3054,175,0.4970474164269736,0.4024108210488234,0.9833119040705683,53.304054612224256,0.9947607718466498,0,0.3177359368300003,0
real_20260626_143302_palletizer_005_part_2_refined_from_voxel005_hard,real_previous_registration,3056,3842,0.10531316711943742,0.07461936941867628,0.5499447677903682,194.90777022216648,-0.07217050275673766,0,0.7266091261631026,0
real_20260626_143302_palletizer_005_part_2_refined_from_voxel005_hard,real_previous_registration,3060,804,0.1028986253632022,0.01645257636463256,0.06439713939879585,183.88523538095293,0.33865583995227344,0,0.8369592390920161,0
real_20260626_143302_palletizer_005_part_2_refined_from_voxel005_hard,real_previous_registration,3061,2972,0.3706183066098722,0.3376062545823647,0.09009045802349055,81.48341796519199,0.4797345074567885,0,0.5177806466358063,0
real_20260626_143302_palletizer_005_part_2_refined_from_voxel005_hard,real_previous_registration,3066,1507,0.5615913022580465,0.5402780317877764,0.7245903873406432,81.07499203311106,1.0054851782990544,0,0.2795199309298733,0
real_20260626_143302_palletizer_005_part_2_refined_from_voxel005_hard,real_previous_registration,3068,2215,0.4975663754981653,0.05764615571277125,0.8280401142808167,156.7519128699455,0.44508537300287965,0,0.38785976106044495,0
real_20260626_143302_palletizer_005_part_2_refined_from_voxel005_hard,real_previous_registration,3073,2921,0.19993412772183505,0.04145544316599149,0.6496143323664877,87.58135914582228,0.9611841219081659,0,0.6068788422149897,0
real_20260626_143302_palletizer_005_part_2_refined_from_voxel005_hard,real_previous_registration,3076,2154,0.34392289275421084,0.32292754035755983,0.6332818525880157,45.786277431726226,0.5873085825365078,0,0.3692486491159801,0
real_20260626_143302_palletizer_005_part_2_refined_from_voxel005_hard,real_previous_registration,3079,238,0.363062606699385,0.06333113306313931,0.9243427549636685,62.88415650040765,1.5426259670126978,0,0.27340715511325453,0
real_20260626_143302_palletizer_005_part_2_refined_from_voxel005_hard,real_previous_registration,3080,2977,0.2765014035675524,0.26654154147869635,0.6966236276899183,72.41893862906973,1.2931657917077326,0,0.3755671272050883,0
real_20260626_143302_palletizer_005_part_2_refined_from_voxel005_hard,real_previous_registration,3081,1864,0.49755883666578377,0.3426666812168119,0.8590934356057716,127.6904658583526,0.020202676067567725,0,0.4502967489524847,0
real_20260626_143302_palletizer_005_part_2_refined_from_voxel005_hard,real_previous_registration,3082,3220,0.14109076004373938,0.13007133484428549,0.8502703057273617,91.9834320924881,0.39489541528306776,0,0.7359788504485882,0
real_20260626_143302_palletizer_005_part_2_refined_from_voxel005_hard,real_previous_registration,3083,3763,0.27776317348587726,0.09634943828306979,0.8322633362165442,82.34769803108048,1.1001210097274314,0,0.3767586248320123,0
real_20260626_143302_palletizer_005_part_2_refined_from_voxel005_hard,real_previous_registration,3086,3465,0.14449779113116348,0.038953941881047616,0.5678261395777422,78.27037202622962,2.3059731792047025,0,0.7880617791869292,0
real_20260626_143302_palletizer_005_part_2_refined_from_voxel005_hard,real_previous_registration,3089,2039,0.23931898552847625,0.1919500163271475,0.07565403743741805,104.89348330771438,0.2780314596682087,0,0.36950545631342097,0
real_20260626_143302_palletizer_005_part_2_refined_from_voxel005_hard,real_previous_registration,3090,1507,0.4921618019389872,0.4872231170142884,0.7916097791110999,82.4643958105918,1.1188137936061007,0,0.2896377969704026,0
real_20260626_143302_palletizer_005_part_2_refined_from_voxel005_hard,real_previous_registration,3091,2972,0.3614388787450673,0.27956801815248744,0.8504589360343527,68.65158091046527,0.5475570474251622,0,0.45545957221695005,0
real_20260626_143302_palletizer_005_part_2_refined_from_voxel005_hard,real_previous_registration,3094,3571,0.3680538864946682,0.10376266724093294,0.05657576989718725,58.59341227511508,1.74296518007074,0,0.41302379214171875,0
real_20260626_143302_palletizer_005_part_2_refined_from_voxel005_hard,real_previous_registration,3101,1323,0.5086903617124732,0.34065016987086805,0.3801905975426778,66.16309187468441,0.40156967325516907,0,0.31281758460979114,0
real_20260626_143302_palletizer_005_part_2_refined_from_voxel005_hard,real_previous_registration,3103,1258,0.4904215897086869,0.3062028267021182,0.9804889710777129,54.332065769246505,0.39749625512684444,0,0.27794100046079795,0
real_20260626_143302_palletizer_005_part_2_refined_from_voxel005_hard,real_previous_registration,3104,3467,0.45763001653539725,0.07630812301124332,0.8961714976135348,56.17107976889305,0.368508973481663,0,0.29830638782668134,0
real_20260626_143302_palletizer_005_part_2_refined_from_voxel005_hard,real_previous_registration,3105,2635,0.5218594412393981,0.06554369692758395,0.7687654248128813,68.31898835217993,0.42566719637897843,0,0.3826612531624724,0
real_20260626_143302_palletizer_005_part_2_refined_from_voxel005_hard,real_previous_registration,3107,175,0.4048645592235453,0.24391235837629804,0.7718079207544094,60.80452261357437,1.3552019187896187,0,0.3542588051346933,0
real_20260626_143302_palletizer_005_part_2_refined_from_voxel005_hard,real_previous_registration,3108,3353,0.31154596281704056,0.27387110882631766,0.7142497944510402,77.2143341281014,1.3194836560978274,0,0.384412678459316,0
real_20260626_143302_palletizer_005_part_2_refined_from_voxel005_hard,real_previous_registration,3109,1498,0.09673557563446994,0.0908045500463123,0.06617599214522908,101.32121689075889,0.4530660306060825,0,0.7481519394305592,0
real_20260626_143302_palletizer_005_part_2_refined_from_voxel005_hard,real_previous_registration,3114,909,0.125252905355624,0.06428658720994868,0.25327562169457074,75.66689688152425,0.08474109303864039,0,0.632215469626,0
real_20260626_143302_palletizer_005_part_2_refined_from_voxel005_hard,real_previous_registration,3116,3942,0.5844326199465313,0.3111056506128944,0.8495395747586325,200.93062193988172,0.5233055014487602,0,0.30346704824030174,0
real_20260626_143302_palletizer_005_part_2_refined_from_voxel005_hard,real_previous_registration,3124,3363,0.5594618328501396,0.1163480832076072,0.9960768035528559,173.94155766284405,-0.07823723834076751,0,0.10779292794099499,0
real_20260626_143302_palletizer_005_part_2_refined_from_voxel005_hard,real_previous_registration,3127,1501,0.4815535801901586,0.41458942857325615,0.31872501936851305,37.089508004635775,0.08616058129897418,0,0.2878049210832971,0
real_20260626_143302_palletizer_005_part_2_refined_from_voxel005_hard,real_previous_registration,3129,2215,0.512954343957244,0.08557127633987707,0.05760286452641608,88.31870580151471,0.38566201022433055,0,0.3720264833444404,0
real_20260626_143302_palletizer_005_part_2_refined_from_voxel005_hard,real_previous_registration,3130,2977,0.28844614116425243,0.23444356416771372,0.7281962011644532,79.52353104061208,1.370126760251337,0,0.3522334853723486,0
real_20260626_143302_palletizer_005_part_2_refined_from_voxel005_hard,real_previous_registration,3131,274,0.28646234913203195,0.008302563496099535,0.3563255765342619,93.31855456425644,0.8564496251093973,0,0.49709998332903765,0
real_20260626_143302_palletizer_005_part_2_refined_from_voxel005_hard,real_previous_registration,3132,2972,0.46193822161202674,0.3590920185970913,0.8725646210040601,58.72225211690627,0.9584714896310792,0,0.4225541758885368,0
real_20260626_143302_palletizer_005_part_2_refined_from_voxel005_hard,real_previous_registration,3135,3876,0.547860116545388,0.1284530421824305,0.8212559175513254,253.28327577146493,0.1743530538120833,0,0.18942215154082395,0
real_20260626_143302_palletizer_005_part_2_refined_from_voxel005_hard,real_previous_registration,3137,1449,0.5180148735925765,0.04778476842545344,0.0030769464120353612,115.4480026017888,0.6834961965645963,0,0.34570994311475267,0
real_20260626_143302_palletizer_005_part_2_refined_from_voxel005_hard,real_previous_registration,3138,1525,0.5509539483893654,0.3646797980012723,0.5470043312452872,56.11647126986779,0.04373315378646616,0,0.2835757971391889,0
real_20260626_143302_palletizer_005_part_2_refined_from_voxel005_hard,real_previous_registration,3140,1057,0.48606521449376094,0.48450945563888925,0.9680777001125307,105.09547976354172,1.1188128918233242,0,0.43216588147831947,0
real_20260626_143302_palletizer_005_part_2_refined_from_voxel005_hard,real_previous_registration,3142,1823,0.49098951252787176,0.013230367885032068,0.32567887172242876,82.83198839230015,1.8919995765458903,0,0.42226741513863375,0
real_20260626_143302_palletizer_005_part_2_refined_from_voxel005_hard,real_previous_registration,3144,354,0.08770493491010103,0.028025536517295883,0.4412642332925154,105.96749908835228,0.27613557876746914,0,0.7644670789829595,0
real_20260626_143302_palletizer_005_part_2_refined_from_voxel005_hard,real_previous_registration,3145,3952,0.04841153995512782,0.03196355837494015,0.46392333772735456,91.97256061403472,-0.8127050525765169,0,0.7951062597145966,0
real_20260626_143302_palletizer_005_part_2_refined_from_voxel005_hard,real_previous_registration,3146,2723,0.1754197061977189,0.11611830654237829,0.44229509678174334,73.8515091213272,0.1892788104611415,0,0.721140075186398,0
real_20260626_143302_palletizer_005_part_2_refined_from_voxel005_hard,real_previous_registration,3152,3942,0.5080027363738319,0.2822274164267303,0.8842381490124945,168.72686604697603,0.5233055014487602,0,0.18388175107458596,0
real_20260626_143302_palletizer_005_part_2_refined_from_voxel005_hard,real_previous_registration,3160,2711,0.2667616929793398,0.014593452722827784,0.1176623519394697,77.13451986759932,0.5955662289578636,0,0.3911489599699718,0
real_20260626_143302_palletizer_005_part_2_refined_from_voxel005_hard,real_previous_registration,3162,2835,0.5959888788317302,0.027166539459652014,0.4130659146935147,96.85617399254068,0.3078842276869648,0,0.26749152149278443,0
real_20260626_143302_palletizer_005_part_2_refined_from_voxel005_hard,real_previous_registration,3165,2039,0.3311971846994022,0.21789898458235357,0.3812769129928657,65.59115665381628,0.20741397393974897,0,0.29523726610709305,0
real_20260626_143302_palletizer_005_part_2_refined_from_voxel005_hard,real_previous_registration,3166,1823,0.3068995240463464,0.12598772411394293,0.3352405784559556,74.60814586151687,1.9297398696284846,0,0.4041546589936638,0
real_20260626_143302_palletizer_005_part_2_refined_from_voxel005_hard,real_previous_registration,3167,1057,0.46846135477866974,0.46606926163248574,0.9520073398537325,113.91156991550517,1.3584855275342982,0,0.427127765397314,0
real_20260626_143302_palletizer_005_part_2_refined_from_voxel005_hard,real_previous_registration,3168,314,0.2007983245905415,0.028374555047697286,0.20553010900301266,129.7571335014792,1.6941723388394074,0,0.56124508872387,0
real_20260626_143302_palletizer_005_part_2_refined_from_voxel005_hard,real_previous_registration,3172,2483,0.059740776041748316,0.00023892443684500088,0.22796077349437843,79.90379417833071,0.4620344318211078,1,0.7870546020676409,0
real_20260626_143302_palletizer_005_part_2_refined_from_voxel005_hard,real_previous_registration,3187,1507,0.1882420272409936,0.13282945201517987,0.15234117204877817,117.51956047024353,0.21435837722121748,0,0.6473310471651704,0
real_20260626_143302_palletizer_005_part_2_refined_from_voxel005_hard,real_previous_registration,3192,2977,0.264205537117126,0.18109725515201927,0.7624569482159643,117.87562665720776,1.3129683997882449,0,0.39952813218113264,0
real_20260626_143302_palletizer_005_part_2_refined_from_voxel005_hard,real_previous_registration,3194,3942,0.4581617569833972,0.25341187850656777,0.8435782812244097,140.78045592776778,0.5233055014487602,0,0.17543282557320408,0
real_20260626_143302_palletizer_005_part_2_refined_from_voxel005_hard,real_previous_registration,3204,1823,0.3342772503425982,0.0622870815652644,0.11706884315774346,53.0995548762014,2.297464370551737,0,0.4219969826617311,0
real_20260626_143302_palletizer_005_part_2_refined_from_voxel005_hard,real_previous_registration,3211,1574,0.1931155987305983,0.18160453646654218,0.718505567075255,106.9862357083059,0.3078842276869648,0,0.7852400111466518,0
real_20260626_143302_palletizer_005_part_2_refined_from_voxel005_hard,real_previous_registration,3215,951,0.08384626941546043,0.0830180198095345,0.8437652139125436,106.73322613611415,1.0849101339761926,0,0.7116481199287588,0
real_20260626_143302_palletizer_005_part_2_refined_from_voxel005_hard,real_previous_registration,3223,3614,0.5754097620634172,0.2129999645193794,0.8722039174709131,85.27613673297947,0.9052397503899714,0,0.26438761837683566,0
real_20260626_143302_palletizer_005_part_2_refined_from_voxel005_hard,real_previous_registration,3224,3571,0.35384879314880613,0.13826120171367623,0.16641223615350875,50.0606969270185,1.8447477897033335,0,0.3802054765868588,0
real_20260626_143302_palletizer_005_part_2_refined_from_voxel005_hard,real_previous_registration,3225,498,0.3163639688398234,0.3080192688271782,0.2819185853688968,108.53605246325819,-0.30138047715541677,0,0.7463603288365063,0
real_20260626_143302_palletizer_005_part_2_refined_from_voxel005_hard,real_previous_registration,3227,2470,0.1926264248883729,0.010716961672937172,0.04194236167407488,44.86398462315111,0.1633032612151183,0,0.5437041827672632,0
real_20260626_143302_palletizer_005_part_2_refined_from_voxel005_hard,real_previous_registration,3232,3465,0.30861899640754303,0.22240849457898443,0.9330870485922671,73.57353445929242,2.3059731792047025,0,0.6107209374271029,0
real_20260626_143302_palletizer_005_part_2_refined_from_voxel005_hard,real_previous_registration,3233,238,0.32802712363229236,0.04302961864841601,0.9637793741790092,47.31772071595157,1.6461665583232101,0,0.3569426490120955,0
real_20260626_143302_palletizer_005_part_2_refined_from_voxel005_hard,real_previous_registration,3238,3571,0.26274952363111564,0.02412949855002456,0.5414805792061627,57.94983125831132,1.8764964633203522,0,0.4465598344451982,0
real_20260626_143302_palletizer_005_part_2_refined_from_voxel005_hard,real_previous_registration,3241,2977,0.3915193386263983,0.294486798925373,0.5755835402974245,70.92276389397031,1.370126760251337,0,0.24682023432667005,0
real_20260626_143302_palletizer_005_part_2_refined_from_voxel005_hard,real_previous_registration,3242,451,0.2126132772841681,0.11036237772248247,0.29149146347691746,84.39161622006202,0.6180386603476996,1,0.3907405626860213,0
real_20260626_143302_palletizer_005_part_2_refined_from_voxel005_hard,real_previous_registration,3243,492,0.15383382929911069,0.025130746518548054,0.18576852656033893,78.36997385946778,1.7547968705824468,0,0.681985749744881,0
real_20260626_143302_palletizer_005_part_2_refined_from_voxel005_hard,real_previous_registration,3245,3353,0.3251185608252604,0.23879015860346764,0.7465101967869575,110.1514726705453,0.84340143347298,0,0.4173068737802753,0
real_20260626_143302_palletizer_005_part_2_refined_from_voxel005_hard,real_previous_registration,3248,3353,0.3657342763857088,0.33882261390261104,0.18724886799206697,56.055839446301924,1.118813125618705,0,0.32656515625489,0
real_20260626_143302_palletizer_005_part_2_refined_from_voxel005_hard,real_previous_registration,3252,1258,0.4996255170648722,0.33471296550649643,0.6510515136012032,170.52177078914315,-0.11332843530755525,0,0.3184692291954924,0
real_20260626_143302_palletizer_005_part_2_refined_from_voxel005_hard,real_previous_registration,3254,451,0.317602860978399,0.15389920920798422,0.17179647955737665,52.457057181570356,1.148666406998596,0,0.3111642899745246,0
real_20260626_143302_palletizer_005_part_2_refined_from_voxel005_hard,real_previous_registration,3258,1574,0.2703415909129468,0.0383856014070942,0.38272454448244453,132.93376298760973,-0.6729424732485925,0,0.49330317013888897,0
real_20260626_143302_palletizer_005_part_2_refined_from_voxel005_hard,real_previous_registration,3262,3437,0.2650740072748384,0.0930942705897195,0.30522675260207865,67.98585389611891,1.2407028390991122,0,0.47059869830062867,0
real_20260626_143302_palletizer_005_part_2_refined_from_voxel005_hard,real_previous_registration,3263,175,0.4735376682072475,0.2891003854519656,0.7998210811037617,61.37574022542558,1.4311877785917038,0,0.5032856085879651,0
real_20260626_143302_palletizer_005_part_2_refined_from_voxel005_hard,real_previous_registration,3266,3465,0.05824198347072158,0.046845572418719734,0.714969031195906,78.6244354794388,2.3059731792047025,0,0.764661728658109,0
real_20260626_143302_palletizer_005_part_2_refined_from_voxel005_hard,real_previous_registration,3267,1233,0.4973600726487005,0.03333620368022206,0.24589018610944488,104.59563554970201,0.19788363520128202,0,0.3975292203933382,0
real_20260626_143302_palletizer_005_part_2_refined_from_voxel005_hard,real_previous_registration,3268,2154,0.3334880272942433,0.2796355129243038,0.7002359731714185,59.16816186686908,0.8824254465770869,0,0.3880015168347249,0
real_20260626_143302_palletizer_005_part_2_refined_from_voxel005_hard,real_previous_registration,3270,3942,0.2753217822336544,0.11237778133032308,0.6830921769146987,95.67253330262798,0.996211460962898,0,0.4660176984021624,0
real_20260626_143302_palletizer_005_part_2_refined_from_voxel005_hard,real_previous_registration,3271,3571,0.3280704332712124,0.0007234635916188378,0.8527809434044298,64.32120265094953,2.0870610870559676,0,0.3875065983126949,0
real_20260626_143302_palletizer_005_part_2_refined_from_voxel005_hard,real_previous_registration,3286,3763,0.26731709995341396,0.007129508836159424,0.031758950570934426,73.63676487734607,1.1001210097274314,0,0.41156465038671947,0
real_20260626_143302_palletizer_005_part_2_refined_from_voxel005_hard,real_previous_registration,3289,1864,0.45079186290987705,0.35268013013918587,0.8825579291055362,100.88478396757472,0.1920526912182522,0,0.41704358338133185,0
real_20260626_143302_palletizer_005_part_2_refined_from_voxel005_hard,real_previous_registration,3291,151,0.06896290963129835,0.04242937160454767,0.1352825133204182,98.28447281327571,0.39749625512684444,0,0.7297659841777421,0
real_20260626_143302_palletizer_005_part_2_refined_from_voxel005_hard,real_previous_registration,3292,3437,0.37119218381720887,0.20848313569524868,0.2295545074510641,85.60866001360446,1.1371622477885999,0,0.437359460005842,0
real_20260626_143302_palletizer_005_part_2_refined_from_voxel005_hard,real_previous_registration,3295,852,0.4853718875727169,0.4031179883779762,0.27533416025845764,85.04332049601102,0.35667444393944064,0,0.41361563822657477,0
real_20260626_143302_palletizer_005_part_2_refined_from_voxel005_hard,real_previous_registration,3297,1001,0.19406950527764286,0.1686489312597788,0.9555353416092334,79.65809016515233,-0.35449029894263284,0,0.5987768770689921,0
real_20260626_143302_palletizer_005_part_2_refined_from_voxel005_hard,real_previous_registration,3300,238,0.5621670828075899,0.11285357707713983,0.9947911296283952,165.15069725670733,1.224172569984719,0,0.15353096805515523,0
real_20260626_143302_palletizer_005_part_2_refined_from_voxel005_hard,real_previous_registration,3301,314,0.06888978956376492,0.0018100973787875708,0.31004838157958037,108.45755214068461,1.629633919785008,0,0.8151756150327014,0
real_20260626_143302_palletizer_005_part_2_refined_from_voxel005_hard,real_previous_registration,3311,1507,0.2531805781701872,0.21839086826263449,0.2910293988513342,96.21826763620949,0.24334587291805784,0,0.5617024322366813,0
real_20260626_143302_palletizer_005_part_2_refined_from_voxel005_hard,real_previous_registration,3315,1823,0.5921472265915984,0.15969300997964062,0.11784757122752566,90.88897303835734,1.966107481391981,0,0.21739891292854177,0
real_20260626_143302_palletizer_005_part_2_refined_from_voxel005_hard,real_previous_registration,3317,1515,0.4497596432212665,0.4321655083875548,0.002721277662566801,49.861186682667146,0.34870636540115085,0,0.3132772213214089,0
real_20260626_143302_palletizer_005_part_2_refined_from_voxel005_hard,real_previous_registration,3318,1323,0.5493761071774921,0.38125913500536845,0.3446736828457367,89.67424100570098,0.18450545774348673,0,0.3013206148318019,0
real_20260626_143302_palletizer_005_part_2_refined_from_voxel005_hard,real_previous_registration,3321,434,0.4216168773630342,0.3741263608092585,0.26366057432667733,140.7031241922623,1.2141216606498364,0,0.22849447759370303,0
real_20260626_143302_palletizer_005_part_2_refined_from_voxel005_hard,real_previous_registration,3324,1501,0.4070543211100697,0.37367369184960986,0.021323341780365157,44.95588269836661,-0.23762609717213892,0,0.2844566908234869,0
real_20260626_143302_palletizer_005_part_2_refined_from_voxel005_hard,real_previous_registration,3326,1823,0.307924539689377,0.06252142542967419,0.31798927847856095,88.09917923693686,2.1892508577063285,0,0.5449371369453774,0
real_20260626_143302_palletizer_005_part_2_refined_from_voxel005_hard,real_previous_registration,3327,1181,0.12725232159915306,0.120530347729243,0.1391626091175832,218.84833472795407,-0.518792848972481,0,0.8909736294212701,0
real_20260626_143302_palletizer_005_part_2_refined_from_voxel005_hard,real_previous_registration,3329,1823,0.5875434521200009,0.053768167306828374,0.8077851175705517,67.7371879422247,2.1748621303991493,0,0.36025051547444686,0
real_20260626_143302_palletizer_005_part_2_refined_from_voxel005_hard,real_previous_registration,3330,1686,0.05989078653431212,0.045198993783682376,0.19262875946019664,189.34225449178243,-0.14231603100404214,0,0.8258740829756239,0
real_20260626_143302_palletizer_005_part_2_refined_from_voxel005_hard,real_previous_registration,3333,1864,0.4495775134080543,0.39981398346735597,0.9169606455124568,77.41437611145547,0.7288532657605203,0,0.3994824405064856,0
real_20260626_143302_palletizer_005_part_2_refined_from_voxel005_hard,real_previous_registration,3341,2154,0.48474959210296376,0.4719719658777304,0.38529893687372857,34.292607625023464,0.25381726354322875,0,0.2246800825151199,0
real_20260626_143302_palletizer_005_part_2_refined_from_voxel005_hard,real_previous_registration,3345,3437,0.18921576894860814,0.15228284761222396,0.7199606886191384,104.42866767628821,0.7133484712137299,0,0.6777235772948053,0
real_20260626_143302_palletizer_005_part_2_refined_from_voxel005_hard,real_previous_registration,3347,238,0.5752419093686554,0.10785076275120056,0.9911899043790993,169.1975789277842,1.2729626758208874,0,0.19843213353574848,0
real_20260626_143302_palletizer_005_part_2_refined_from_voxel005_hard,real_previous_registration,3351,2470,0.3403069330178487,0.02809695036473628,0.16448552417302287,54.22871476507927,0.5462949937749682,0,0.3880505420976955,0
real_20260626_143302_palletizer_005_part_2_refined_from_voxel005_hard,real_previous_registration,3357,2039,0.5994217256088369,0.395295515864603,0.7387420108688175,83.8829536907469,0.30050429077281987,0,0.07434374012542021,1
real_20260626_143302_palletizer_005_part_2_refined_from_voxel005_hard,real_previous_registration,3361,2194,0.0928853546439465,0.04220486954945668,0.3167710930647745,76.71650780034003,0.5057096961775243,0,0.6308045440839934,0
real_20260626_143302_palletizer_005_part_2_refined_from_voxel005_hard,real_previous_registration,3363,3331,0.06958778079372442,0.06384266784451553,0.3702581249663488,122.79529686665596,-0.34752167323561217,0,0.6338903988018747,0
real_20260626_143302_palletizer_005_part_2_refined_from_voxel005_hard,real_previous_registration,3364,374,0.22129888162847702,0.17954675047014595,0.7195879508722822,84.97350244651285,-0.14969607716348943,0,0.7754060463523172,0
real_20260626_143302_palletizer_005_part_2_refined_from_voxel005_hard,real_previous_registration,3370,3614,0.5233336866831038,0.2873937413554581,0.21830301674484578,67.3624473533058,0.5233055014487602,0,0.3947267789715903,0
real_20260626_143302_palletizer_005_part_2_refined_from_voxel005_hard,real_previous_registration,3371,1507,0.5166459255260515,0.5054067968806287,0.9861483073748316,92.30559788063519,1.0187303964525893,0,0.2942097821658169,0
real_20260626_143302_palletizer_005_part_2_refined_from_voxel005_hard,real_previous_registration,3375,1823,0.47658525665591,0.003193090200667187,0.12144563746064165,60.588441901694296,1.9297398696284846,0,0.39537543000427244,0
real_20260626_143302_palletizer_005_part_2_refined_from_voxel005_hard,real_previous_registration,3383,852,0.4909766191666137,0.3352664891841488,0.5368103519771741,114.7716327137648,0.793391682731593,0,0.3757913319454776,0
real_20260626_143302_palletizer_005_part_2_refined_from_voxel005_hard,real_previous_registration,3384,3571,0.3343532690175506,0.10070860206360287,0.11131628294101831,54.204541778071835,2.099639861509668,0,0.38143032153599454,0
real_20260626_143302_palletizer_005_part_2_refined_from_voxel005_hard,real_previous_registration,3385,274,0.1778111724499153,0.14363187005611125,0.8608518574151439,66.94047770782663,0.7694383223621282,0,0.709552461773255,0
real_20260626_143302_palletizer_005_part_2_refined_from_voxel005_hard,real_previous_registration,3388,434,0.5788183766712888,0.45690102008136246,0.40585614070127085,215.36739123409072,1.2729620758244073,0,0.10405005978528496,0
real_20260626_143302_palletizer_005_part_2_refined_from_voxel005_hard,real_previous_registration,3390,1823,0.3481394431484771,0.2096193243504632,0.1867142753441687,52.80677267189763,2.3715722978336915,0,0.3983970779350378,0
real_20260626_143302_palletizer_005_part_2_refined_from_voxel005_hard,real_previous_registration,3391,1507,0.5754168383273939,0.5730312186784018,0.2120849591172113,84.68673958995657,0.8776518958800162,0,0.20439369936160792,0
real_20260626_143302_palletizer_005_part_2_refined_from_voxel005_hard,real_previous_registration,3392,3876,0.28490551792729324,0.03217696743209581,0.8193376298756744,178.54802705218086,-0.11332843530755525,0,0.38077635086625544,0
real_20260626_143302_palletizer_005_part_2_refined_from_voxel005_hard,real_previous_registration,3395,274,0.30740010231348397,0.1862571926376131,0.015710906342844,84.28348128994325,0.996211460962898,0,0.42473305264858413,0
real_20260626_143302_palletizer_005_part_2_refined_from_voxel005_hard,real_previous_registration,3398,3919,0.11582208948371088,0.06772512773171523,0.688598161755306,55.01448564552684,0.7621387187160079,1,0.7535176655950491,0
real_20260626_143302_palletizer_005_part_2_refined_from_voxel005_hard,real_previous_registration,3400,314,0.12121122782391604,0.10460849357587515,0.13001609333057007,109.07073016837566,1.783784366279287,0,0.7116284895157616,0
real_20260626_143302_palletizer_005_part_2_refined_from_voxel005_hard,real_previous_registration,3406,3713,0.2570163054292567,0.22258603499568685,0.3963833387713031,94.82720254878515,0.6620557864733897,0,0.3493379591313183,0
real_20260626_143302_palletizer_005_part_2_refined_from_voxel005_hard,real_previous_registration,3408,3876,0.5427614998155444,0.1402578699028319,0.8382628037084113,230.03358556158298,0.24334580863256552,0,0.11978382911635824,0
real_20260626_143302_palletizer_005_part_2_refined_from_voxel005_hard,real_previous_registration,3416,2972,0.4102800555545801,0.2759462875827504,0.8669578293092405,66.51764319951954,0.7674163649964504,0,0.3997408540256643,0
real_20260626_143302_palletizer_005_part_2_refined_from_voxel005_hard,real_previous_registration,3423,2921,0.20130218902564892,0.144409426688276,0.6314665977749918,95.72045546085309,1.008812115310418,0,0.8398606596248942,0
real_20260626_143302_palletizer_005_part_2_refined_from_voxel005_hard,real_previous_registration,3427,6,0.38160752307121765,0.3230579839231244,0.8960740358168515,78.83433706955135,0.7621387187160079,0,0.37948328277036014,0
real_20260626_143302_palletizer_005_part_2_refined_from_voxel005_hard,real_previous_registration,3428,175,0.4665027148795109,0.20618890943385715,0.7457922189981864,92.21216750883706,0.49020536781520757,0,0.4287780547338348,0
real_20260626_143302_palletizer_005_part_2_refined_from_voxel005_hard,real_previous_registration,3430,1977,0.49532740978308226,0.3901839600270757,0.22997673382223693,100.7090991989068,0.06465432759617645,0,0.26062201296331045,0
real_20260626_143302_palletizer_005_part_2_refined_from_voxel005_hard,real_previous_registration,3442,2723,0.15335825392868113,0.14897854736237776,0.5122711844413826,92.69051206809678,-0.1516473341489202,0,0.6274457967955801,0
real_20260626_143302_palletizer_005_part_2_refined_from_voxel005_hard,real_previous_registration,3443,693,0.3465708247263297,0.25715004061352076,0.6273958299572625,55.45543206896712,1.2986064539545072,0,0.3862405444543421,0
real_20260626_143302_palletizer_005_part_2_refined_from_voxel005_hard,real_previous_registration,3454,1686,0.18639574739402034,0.10680029218828033,0.04380310364642004,209.96172150872567,-0.6729432732446459,0,0.9231039933900343,0
real_20260626_143302_palletizer_005_part_2_refined_from_voxel005_hard,real_previous_registration,3460,3465,0.11831587217346745,0.02260349100922735,0.5935316242644673,87.80168033966875,2.1202562029009795,0,0.7246095824830938,0
real_20260626_143302_palletizer_005_part_2_refined_from_voxel005_hard,real_previous_registration,3463,274,0.3784708304655503,0.037641098151078065,0.5442287357066365,95.05430485159842,1.1315527189409569,0,0.3918327386455669,0
real_20260626_143302_palletizer_005_part_2_refined_from_voxel005_hard,real_previous_registration,3466,3876,0.589047674897308,0.12907579384255144,0.829714597274126,256.2248440733509,0.27613557876746914,0,0.1583791200350131,0
real_20260626_143302_palletizer_005_part_2_refined_from_voxel005_hard,real_previous_registration,3467,13,0.4213919086695012,0.39660763536420574,0.10213689050554225,62.84789888100848,0.20252408077830733,0,0.37853720653457884,0
real_20260626_143302_palletizer_005_part_2_refined_from_voxel005_hard,real_previous_registration,3470,3763,0.25831559160259404,0.035475449614373,0.050640627288735154,68.66378005380194,1.2887120206318137,0,0.4071191058821438,0
real_20260626_143302_palletizer_005_part_2_refined_from_voxel005_hard,real_previous_registration,3472,2977,0.2568838789739781,0.17393617553626156,0.7305945318718376,106.08551886790154,1.4064943720148333,0,0.38283418658669727,0
real_20260626_143302_palletizer_005_part_2_refined_from_voxel005_hard,real_previous_registration,3475,1823,0.4285954168636449,0.2887900738990501,0.11099005733142092,50.71791114827053,2.1151429393987216,0,0.3620760780918072,0
real_20260626_143302_palletizer_005_part_2_refined_from_voxel005_hard,real_previous_registration,3476,3614,0.4304828843434273,0.02427901585032477,0.12188291836770299,69.49777084598965,0.8892394215883233,0,0.4412047939697666,0
real_20260626_143302_palletizer_005_part_2_refined_from_voxel005_hard,real_previous_registration,3486,1119,0.38364003092110877,0.3815304595227008,0.962056430963891,73.90063356009321,0.7520637045225192,0,0.4164517376868413,0
real_20260626_143302_palletizer_005_part_2_refined_from_voxel005_hard,real_previous_registration,3488,3919,0.16240862401159126,0.12441097038534801,0.8652101316015679,46.95459176189593,1.0134528877379234,0,0.6543486274966879,0
real_20260626_143302_palletizer_005_part_2_refined_from_voxel005_hard,real_previous_registration,3494,4093,0.14534972573966506,0.12666168784114973,0.9577547965707438,79.04149009407595,0.6741282316486291,0,0.6396894685544573,0
real_20260626_143302_palletizer_005_part_2_refined_from_voxel005_hard,real_previous_registration,3495,1823,0.5990211303629851,0.12191501643812017,0.15187620148419118,84.75960277768527,2.0678900910245743,0,0.25011940457116144,0
real_20260626_143302_palletizer_005_part_2_refined_from_voxel005_hard,real_previous_registration,3509,3437,0.268056840690129,0.251570489246857,0.8271542154820466,74.4091578223335,1.1371622477885999,0,0.7105995834788347,0
real_20260626_143302_palletizer_005_part_2_refined_from_voxel005_hard,real_previous_registration,3512,2154,0.589543285563844,0.5658315653757637,0.4911870726462788,56.040647447710526,0.27443652991265216,0,0.14031961770692875,0
real_20260626_143302_palletizer_005_part_2_refined_from_voxel005_hard,real_previous_registration,3514,434,0.21211988893672515,0.1711048486277943,0.8623856616819305,93.02414200543372,1.8119579932244074,0,0.4176966923117578,0
real_20260626_143302_palletizer_005_part_2_refined_from_voxel005_hard,real_previous_registration,3515,238,0.5429505917972026,0.07237720499836005,0.9910438897564888,146.1159950124552,1.341955469530149,0,0.23794795715068676,0
real_20260626_143302_palletizer_005_part_2_refined_from_voxel005_hard,real_previous_registration,3519,1501,0.5202552916740641,0.45252216229747294,0.45246237469386663,62.9887758605403,0.10721396877697073,0,0.25572675290928504,0
real_20260626_143302_palletizer_005_part_2_refined_from_voxel005_hard,real_previous_registration,3520,3437,0.3521847987216331,0.23495504536658515,0.4080965401304251,92.22682932825875,1.4736342298645528,0,0.5266197945759343,0
real_20260626_143302_palletizer_005_part_2_refined_from_voxel005_hard,real_previous_registration,3521,274,0.392167179049188,0.11568423512243198,0.2482635017936402,113.0453856036524,1.1441314933946574,0,0.5221915965472297,0
real_20260626_143302_palletizer_005_part_2_refined_from_voxel005_hard,real_previous_registration,3523,2400,0.2772064503230152,0.27063207861332467,0.1453614329689431,204.6951475371947,-0.17395302771212334,0,0.6290212354869105,0
real_20260626_143302_palletizer_005_part_2_refined_from_voxel005_hard,real_previous_registration,3528,354,0.11045595110184026,0.0686384203206255,0.19018944077711042,87.02210451470862,0.1743530538120833,0,0.8187502144985355,0
real_20260626_143302_palletizer_005_part_2_refined_from_voxel005_hard,real_previous_registration,3529,175,0.4812275277951826,0.21719067271956027,0.7269641574444948,86.23210896250576,0.7380411955921984,0,0.5041226373218883,0
real_20260626_143302_palletizer_005_part_2_refined_from_voxel005_hard,real_previous_registration,3532,1521,0.3460574606309936,0.287054300008218,0.4727416895627382,56.40644381184381,1.0824461710401514,0,0.3690221429446204,0
real_20260626_143302_palletizer_005_part_2_refined_from_voxel005_hard,real_previous_registration,3534,2470,0.27944636146162877,0.004795434876943387,0.0060618633824953486,58.666675729693885,1.0387710457923427,0,0.46812325553222134,0
real_20260626_143302_palletizer_005_part_2_refined_from_voxel005_hard,real_previous_registration,3543,2470,0.5133275754925969,0.08450153914950911,0.10684017121825759,86.84953501209544,0.6741282316486291,0,0.20733139878923199,0
real_20260626_143302_palletizer_005_part_2_refined_from_voxel005_hard,real_previous_registration,3548,3465,0.3297428417066489,0.2817616578900114,0.33490727770258555,81.20834860260696,2.355570080158213,0,0.4704419547235373,0
real_20260626_143302_palletizer_005_part_2_refined_from_voxel005_hard,real_previous_registration,3554,274,0.35135241190724026,0.0732609323374517,0.2581459827480114,87.19580261701435,1.2164521122417504,0,0.3927785425854669,0
real_20260626_143302_palletizer_005_part_2_refined_from_voxel005_hard,real_previous_registration,3557,1862,0.19570934478685126,0.12599861301995197,0.038019917247936394,65.56109935307178,3.2782751879587444,0,0.6368800497348637,0
real_20260626_143302_palletizer_005_part_2_refined_from_voxel005_hard,real_previous_registration,3559,3465,0.3347616831421849,0.30993959428866924,0.47270604906724945,78.98940093348483,2.3393095722425303,0,0.47365938461946394,0
real_20260626_143302_palletizer_005_part_2_refined_from_voxel005_hard,real_previous_registration,3568,1181,0.18429404773697672,0.16262638780633346,0.16090132129058765,223.99905485964152,-0.8552641522629738,0,0.946594285545527,0
real_20260626_143302_palletizer_005_part_2_refined_from_voxel005_hard,real_previous_registration,3569,175,0.5498288673896158,0.27430953883869524,0.6601222820999738,70.23906719646247,1.2729638758157675,0,0.573893824923489,0
real_20260626_143302_palletizer_005_part_2_refined_from_voxel005_hard,real_previous_registration,3570,1864,0.4572743195695815,0.36449342172163773,0.8384293667416138,110.65629824291624,0.4462865401291401,0,0.43842628032879605,0
real_20260626_143302_palletizer_005_part_2_refined_from_voxel005_hard,real_previous_registration,3572,1449,0.5106387768251331,0.050882005642014505,0.05209580604349852,110.97216853201448,0.7279479268561387,0,0.35419244461386884,0
real_20260626_143302_palletizer_005_part_2_refined_from_voxel005_hard,real_previous_registration,3576,1291,0.20257707465256303,0.20245410321424306,0.7719185540773909,72.52041135622916,-0.11863362090954555,0,0.6669471912532831,0
real_20260626_143302_palletizer_005_part_2_refined_from_voxel005_hard,real_previous_registration,3579,3942,0.23186959782561284,0.1791870381748349,0.7147746667073887,105.67823722839914,0.5462949937749682,0,0.3947644110544343,0
real_20260626_143302_palletizer_005_part_2_refined_from_voxel005_hard,real_previous_registration,3584,84,0.04654699890714872,0.034075432309249254,0.33046645724429946,77.8625177821744,-0.3728393159781387,1,0.767135549331199,0
real_20260626_143302_palletizer_005_part_2_refined_from_voxel005_hard,real_previous_registration,3588,1115,0.3078911647924955,0.22958191048281867,0.06278525405188254,62.43963302319397,0.8892394215883233,0,0.566278953287172,0
real_20260626_143302_palletizer_005_part_2_refined_from_voxel005_hard,real_previous_registration,3613,274,0.5842143035379392,0.24577573331469152,0.6524565011424106,71.26134256569277,1.1315527189409569,0,0.5735397455098411,0
real_20260626_143302_palletizer_005_part_2_refined_from_voxel005_hard,real_previous_registration,3618,2972,0.37429926724833906,0.27937618251317914,0.8374850660406403,78.48000442629369,0.579817884142493,0,0.4685108635313278,0
real_20260626_143302_palletizer_005_part_2_refined_from_voxel005_hard,real_previous_registration,3621,1079,0.4099285149673606,0.2444634433630721,0.9180867852070991,201.04169148512983,-0.22095890794181325,0,0.25562377218810534,0
real_20260626_143302_palletizer_005_part_2_refined_from_voxel005_hard,real_previous_registration,3626,4005,0.04283426146179454,0.014346447581649014,0.6039173690941121,82.38257661308552,-0.3627890479695775,0,0.6403301052919871,0
real_20260626_143302_palletizer_005_part_2_refined_from_voxel005_hard,real_previous_registration,3627,175,0.49281576077866934,0.3550677753131659,0.2085298796087009,53.2084488228598,1.19885595750816,0,0.2998515521188284,0
real_20260626_143302_palletizer_005_part_2_refined_from_voxel005_hard,real_previous_registration,3628,3668,0.35106869039872396,0.11928071047795134,0.9961111427681553,153.81925335969595,-0.41511460725723326,0,0.3287254217630623,0
real_20260626_143302_palletizer_005_part_2_refined_from_voxel005_hard,real_previous_registration,3632,81,0.09544324203935854,0.08872774056894,0.013576043265615761,84.45767935993406,-0.3364718366216927,0,0.6453480028479672,0
real_20260626_143302_palletizer_005_part_2_refined_from_voxel005_hard,real_previous_registration,3637,2977,0.2619957344224865,0.20909121475716055,0.6694006625010728,89.66237781669075,1.6152490210220016,0,0.36458273725067214,0
real_20260626_143302_palletizer_005_part_2_refined_from_voxel005_hard,real_previous_registration,3648,693,0.451191595126263,0.13700309017159434,0.7026198097369327,89.34316962603664,0.8609845747426915,0,0.46801291609161116,0
real_20260626_143302_palletizer_005_part_2_refined_from_voxel005_hard,real_previous_registration,3652,4102,0.05804844389532595,0.04134148010286816,0.7449227987816468,82.09197401263793,1.6543281774827596,0,0.7925921192916995,0
real_20260626_143302_palletizer_005_part_2_refined_from_voxel005_hard,real_previous_registration,3658,2470,0.333512456892125,0.047765216269847297,0.25181584895091913,67.20236958244361,0.6939308397291412,0,0.36280132064277615,0
real_20260626_143302_palletizer_005_part_2_refined_from_voxel005_hard,real_previous_registration,3664,3359,0.17100873263433625,0.1628521342144572,0.9668519480651353,81.64668833158068,0.6965419334039353,0,0.772663511538106,0
real_20260626_143302_palletizer_005_part_2_refined_from_voxel005_hard,real_previous_registration,3666,3614,0.503957699921433,0.2875096436519875,0.26240427849097836,69.31879218820184,0.6741282316486291,0,0.33998560380745035,0
real_20260626_143302_palletizer_005_part_2_refined_from_voxel005_hard,real_previous_registration,3668,314,0.2218764478563816,0.18423864250499383,0.9772196141757499,74.08948753374413,2.1796795656795287,0,0.6101458684878518,0
real_20260626_143302_palletizer_005_part_2_refined_from_voxel005_hard,real_previous_registration,3674,3465,0.33658566306654497,0.3340554146373157,0.48914542488172863,71.97958882851383,2.3059731792047025,0,0.44014104895072026,0
real_20260626_143302_palletizer_005_part_2_refined_from_voxel005_hard,real_previous_registration,3676,3353,0.2842055851816098,0.27766399053605406,0.5954865833672839,93.61878344940523,1.0216494697575615,0,0.4073738279036376,0
real_20260626_143302_palletizer_005_part_2_refined_from_voxel005_hard,real_previous_registration,3677,1507,0.5157050706680865,0.5155621564129508,0.39322652300301536,63.442229838743565,1.1306482443903625,0,0.256021212727389,0
real_20260626_143302_palletizer_005_part_2_refined_from_voxel005_hard,real_previous_registration,3683,1291,0.329000532046256,0.25142051876532995,0.8119835136892996,58.40592754521375,0.15835291019510775,0,0.4559368511545022,0
real_20260626_143302_palletizer_005_part_2_refined_from_voxel005_hard,real_previous_registration,3695,1823,0.3188598640747016,0.06237853217905184,0.43052238479678717,63.39864551294779,2.3352046752677422,0,0.46187506643186027,0
real_20260626_143302_palletizer_005_part_2_refined_from_voxel005_hard,real_previous_registration,3699,3613,0.4950061336643325,0.024011608172107235,0.2903698562398298,80.88712681947158,0.1892788104611415,0,0.44521032079697903,0
real_20260626_143302_palletizer_005_part_2_refined_from_voxel005_hard,real_previous_registration,3700,274,0.1892598749605522,0.12481670054273622,0.848149195008145,66.05613553705822,0.7694383223621282,0,0.6693452102477246,0
real_20260626_143302_palletizer_005_part_2_refined_from_voxel005_hard,real_previous_registration,3706,2194,0.04707334736186081,0.01108113351316134,0.0683705149506463,79.74161175358037,0.5557200554639556,1,0.7424588388571081,0
real_20260626_143302_palletizer_005_part_2_refined_from_voxel005_hard,real_previous_registration,3711,498,0.3037025402907787,0.2014816349783965,0.6208298396795323,85.3891178446126,-0.23468921166657733,0,0.6030679952038634,0
real_20260626_143302_palletizer_005_part_2_refined_from_voxel005_hard,real_previous_registration,3714,3465,0.09651980290509234,0.09458391893688224,0.9896621010208648,65.2745876612596,2.0996369365315566,0,0.8087794000829891,0
real_20260626_143302_palletizer_005_part_2_refined_from_voxel005_hard,real_previous_registration,3718,3952,0.09077512301617255,0.06303409615385565,0.7550537928561704,61.16101617272278,-0.28207781033591306,0,0.6934166261392081,0
real_20260626_143302_palletizer_005_part_2_refined_from_voxel005_hard,real_previous_registration,3725,1449,0.5185174749977279,0.09855585885644813,0.002577506923373385,92.35035006003206,0.48282566608547384,0,0.3598440206989018,0
real_20260626_143302_palletizer_005_part_2_refined_from_voxel005_hard,real_previous_registration,3730,3437,0.41240225184410445,0.24447428450703368,0.29305613117083534,86.9101733475675,1.2887120206318137,0,0.4598087037338364,0
real_20260626_143302_palletizer_005_part_2_refined_from_voxel005_hard,real_previous_registration,3739,1521,0.11143262798924096,0.0847034797328238,0.40192099897675565,85.7378427423649,0.35155931396873763,0,0.6347477208636295,0
real_20260626_143302_palletizer_005_part_2_refined_from_voxel005_hard,real_previous_registration,3742,1119,0.3032596108940796,0.30060547636660057,0.7626096434876,74.20386407013847,0.42566735928582894,0,0.4731339434895853,0
real_20260626_143302_palletizer_005_part_2_refined_from_voxel005_hard,real_previous_registration,3744,2977,0.3203193841949452,0.2961061349659743,0.7165646332187786,59.54361050245763,1.3129683997882449,0,0.3119397759687502,0
real_20260626_143302_palletizer_005_part_2_refined_from_voxel005_hard,real_previous_registration,3745,1251,0.4515972295614568,0.36806281990921574,0.8540239949331194,83.49413886782983,0.7358215598931294,0,0.4376227004745777,0
real_20260626_143302_palletizer_005_part_2_refined_from_voxel005_hard,real_previous_registration,3759,293,0.08034661103776933,0.06986466043010028,0.5229308055217073,97.9784144491306,1.3552000635352124,0,0.7962569087657507,0
real_20260626_143302_palletizer_005_part_2_refined_from_voxel005_hard,real_previous_registration,3766,3966,0.041188128903101376,0.03582356332446701,0.6456096961528399,73.20995541737543,3.1112212746240737,0,0.7973449569658033,0
real_20260626_143302_palletizer_005_part_2_refined_from_voxel005_hard,real_previous_registration,3769,3465,0.3044853512943507,0.2722782359614815,0.09915378884853432,77.53864514720672,2.4479433305549354,0,0.422186693889855,0
real_20260626_143302_palletizer_005_part_2_refined_from_voxel005_hard,real_previous_registration,3770,1501,0.3455148542849514,0.28991487705886115,0.3310722182120127,68.50776653215314,0.1278332351463941,0,0.39537792549597217,0
real_20260626_143302_palletizer_005_part_2_refined_from_voxel005_hard,real_previous_registration,3771,1119,0.33967089308606024,0.31719754452280696,0.8479136953974918,67.88761287858415,0.7001039986719559,0,0.4049596782242034,0
real_20260626_143302_palletizer_005_part_2_refined_from_voxel005_hard,real_previous_registration,3774,2972,0.5184276377302875,0.353929854196785,0.9957078320463219,81.29907418915536,0.7804884381906028,0,0.3209079162236827,0
real_20260626_143302_palletizer_005_part_2_refined_from_voxel005_hard,real_previous_registration,3775,655,0.5380906510869443,0.23612493634295656,0.10086138184760807,68.97865536879044,0.19609303135002173,0,0.4326015451484298,0
real_20260626_143302_palletizer_005_part_2_refined_from_voxel005_hard,real_previous_registration,3776,228,0.34957650329995,0.17374023213438888,0.3776342875297018,81.22675435465463,0.1668059793565304,0,0.29885485820835694,0
real_20260626_143302_palletizer_005_part_2_refined_from_voxel005_hard,real_previous_registration,3777,1823,0.38279804589690386,0.31529756778968954,0.3505269750008767,68.57679771657486,1.7474184943158304,0,0.4180882699346107,0
real_20260626_143302_palletizer_005_part_2_refined_from_voxel005_hard,real_previous_registration,3778,2921,0.2367455538694212,0.0759211306373206,0.6354468620749033,79.33998949269129,0.9852816450319756,0,0.5561071031096814,0
real_20260626_143302_palletizer_005_part_2_refined_from_voxel005_hard,real_previous_registration,3780,2215,0.47983201568470385,0.01266960768096527,0.03175610124951415,120.20089268377426,0.5881860910026379,0,0.3939161507181438,0
real_20260626_143302_palletizer_005_part_2_refined_from_voxel005_hard,real_previous_registration,3794,1251,0.46449256774555125,0.35465271167360035,0.9767336627296491,78.73946886532158,0.6427312430600586,0,0.4558947486153014,0
real_20260626_143302_palletizer_005_part_2_refined_from_voxel005_hard,real_previous_registration,3805,1449,0.5356583019075918,0.04674199198351284,0.9796006683450506,157.0948858290791,0.36504274385490715,0,0.33484874866767456,0
real_20260626_143302_palletizer_005_part_2_refined_from_voxel005_hard,real_previous_registration,3806,1928,0.44454865319096193,0.3709537307503384,0.8248945438994576,81.49427492791995,0.10572479117730302,0,0.4080905998608638,0
real_20260626_143302_palletizer_005_part_2_refined_from_voxel005_hard,real_previous_registration,3815,2723,0.134089576445413,0.1128612845076207,0.6344846711903865,130.09237082441265,-0.18339598306841595,0,0.6848310822607263,0
real_20260626_143302_palletizer_005_part_2_refined_from_voxel005_hard,real_previous_registration,3836,2598,0.038908468414718005,0.0034464081627760476,0.3187153678201714,110.6206503999752,-0.8777375845436894,1,0.6986946926368929,0
real_20260626_143302_palletizer_005_part_2_refined_from_voxel005_hard,real_previous_registration,3839,274,0.197365310734586,0.04965112559954135,0.804619649648268,84.45145256068322,0.6939308397291412,0,0.5888673239762477,0
real_20260626_143302_palletizer_005_part_2_refined_from_voxel005_hard,real_previous_registration,3840,3763,0.2664962289622337,0.12621102965749334,0.6466510530526624,77.43688939042622,1.0010302033881382,0,0.41212946371639386,0
real_20260626_143302_palletizer_005_part_2_refined_from_voxel005_hard,real_previous_registration,3842,175,0.4395635736113919,0.2324024838180694,0.7339999726585937,87.06937645270473,0.8956699655073567,0,0.3976459580320553,0
real_20260626_143302_palletizer_005_part_2_refined_from_voxel005_hard,real_previous_registration,3847,498,0.04443904285465683,0.023630998558442244,0.21764958600848328,95.17752817467033,-0.30138047715541677,1,0.6921236430968126,0
real_20260626_143302_palletizer_005_part_2_refined_from_voxel005_hard,real_previous_registration,3849,3942,0.46708890542739545,0.24547617804997968,0.7498014963176018,106.41428487713138,0.8396425206348125,0,0.15215138639860273,0
real_20260626_143302_palletizer_005_part_2_refined_from_voxel005_hard,real_previous_registration,3851,498,0.2838129114433655,0.17704406480167661,0.23821791999745617,93.21076149715,-0.2029405627470815,0,0.6632366917743713,0
real_20260626_143302_palletizer_005_part_2_refined_from_voxel005_hard,real_previous_registration,3852,1521,0.30935798629615063,0.3000855150709095,0.4455933536982559,64.94896095619708,0.8311319155986321,0,0.47312396672565477,0
real_20260626_143302_palletizer_005_part_2_refined_from_voxel005_hard,real_previous_registration,3854,2284,0.057830753557894785,0.027690882852932253,0.04296169575855852,67.43312718889828,0.5310274727515968,0,0.7593944586029939,0
real_20260626_143302_palletizer_005_part_2_refined_from_voxel005_hard,real_previous_registration,3863,1043,0.09655825766244042,0.060607905429520215,0.6709812346868079,136.48491066707757,-0.20294046899738571,0,0.8316271297253447,0
real_20260626_143302_palletizer_005_part_2_refined_from_voxel005_hard,real_previous_registration,3864,3614,0.4941315735970781,0.10595384802990385,0.21423593011178138,74.58097316076963,1.1441314933946574,0,0.36606139055800047,0
real_20260626_143302_palletizer_005_part_2_refined_from_voxel005_hard,real_previous_registration,3866,3571,0.47582608967682605,0.0008276119785307554,0.9687497969924463,57.21736477948063,1.6094339124461001,0,0.2991268661062379,0
real_20260626_143302_palletizer_005_part_2_refined_from_voxel005_hard,real_previous_registration,3868,2682,0.24072480418343636,0.23636646868751934,0.3800563830023047,72.67784934847143,2.012625652344858,0,0.5068111227071572,0
real_20260626_143302_palletizer_005_part_2_refined_from_voxel005_hard,real_previous_registration,3869,238,0.329894002458283,0.07933977809581458,0.6540939373002836,51.33316673587161,1.783787832920647,0,0.35642154969514955,0
real_20260626_143302_palletizer_005_part_2_refined_from_voxel005_hard,real_previous_registration,3876,2972,0.4379179405384875,0.29086308933619553,0.580019657565896,80.40617586443106,0.8910302459942724,0,0.4135363997646236,0
real_20260626_143302_palletizer_005_part_2_refined_from_voxel005_hard,real_previous_registration,3877,2723,0.4280600547726201,0.42718604400266896,0.8552806052384533,74.9995183968559,0.6021236575666079,0,0.467935853507177,0
real_20260626_143302_palletizer_005_part_2_refined_from_voxel005_hard,real_previous_registration,3882,712,0.555609189226474,0.2723578653003505,0.4751416061962318,78.09975456652457,0.45551994702610704,0,0.29433495620065747,0
real_20260626_143302_palletizer_005_part_2_refined_from_voxel005_hard,real_previous_registration,3884,314,0.3348961147690094,0.037320895410833665,0.2803442737475763,71.30277224108778,1.9661056897402076,0,0.46830439314187644,0
real_20260626_143302_palletizer_005_part_2_refined_from_voxel005_hard,real_previous_registration,3886,1258,0.438400450377077,0.24266753729095572,0.9617204462572932,44.45796344402407,0.47973424283764937,0,0.3373444822829063,0
real_20260626_143302_palletizer_005_part_2_refined_from_voxel005_hard,real_previous_registration,3889,2972,0.46866132979994324,0.3368276704736719,0.20925208466842699,84.45313454104058,0.9025910618463008,0,0.42995161964683437,0
real_20260626_143302_palletizer_005_part_2_refined_from_voxel005_hard,real_previous_registration,3891,1906,0.4017762653082838,0.23823660349541137,0.2588893907588884,208.87212988319538,-1.1654178926926113,0,0.3832952059524136,0
real_20260626_143302_palletizer_005_part_2_refined_from_voxel005_hard,real_previous_registration,3894,3594,0.12320221493416071,0.004617314863932449,0.7925871703437952,84.30813903037716,0.1453656247816799,0,0.6998971007445332,0
real_20260626_143302_palletizer_005_part_2_refined_from_voxel005_hard,real_previous_registration,3895,2977,0.444245007360072,0.33422079208635663,0.6035754785093048,100.41461642199597,1.1653325538340717,0,0.2048959288305351,0
real_20260626_143302_palletizer_005_part_2_refined_from_voxel005_hard,real_previous_registration,3898,1442,0.476503888460667,0.3963768143103592,0.0007666293499087318,90.0326794175487,-0.5263400875689118,0,0.3011515846667383,0
real_20260626_143302_palletizer_005_part_2_refined_from_voxel005_hard,real_previous_registration,3899,2835,0.5076180804117214,0.17989088918832835,0.9191562097877577,81.00816491365347,1.031802278088803,0,0.30675134150867195,0
real_20260626_143302_palletizer_005_part_2_refined_from_voxel005_hard,real_previous_registration,3903,1623,0.3029439782057047,0.30075015039189995,0.7078845181296167,75.22943375757045,0.10024528251259857,0,0.4389459139731326,0
real_20260626_143302_palletizer_005_part_2_refined_from_voxel005_hard,real_previous_registration,3906,2682,0.08370101431937774,0.07901112705216524,0.9286918963598123,72.26918723297895,2.160261498299031,0,0.8084189850185454,0
real_20260626_143302_palletizer_005_part_2_refined_from_voxel005_hard,real_previous_registration,3907,2921,0.2251257364704621,0.024368305651130157,0.09293453075904368,101.50437167168748,1.4064947090669997,0,0.643206763101492,0
real_20260626_143302_palletizer_005_part_2_refined_from_voxel005_hard,real_previous_registration,3913,1574,0.2703411103577619,0.05418437126095889,0.4176665953349363,132.86567335391985,-0.5187923767524557,0,0.49507777756906485,0
real_20260626_143302_palletizer_005_part_2_refined_from_voxel005_hard,real_previous_registration,3915,2711,0.2353330182585595,0.09633648256233193,0.6162464139103672,89.50766281650665,0.30788441171418823,0,0.4169124912983467,0
real_20260626_143302_palletizer_005_part_2_refined_from_voxel005_hard,real_previous_registration,3916,274,0.572848832076705,0.13949976655521645,0.5486983478307367,102.32435819149026,0.8225481015946119,0,0.4647259813863707,0
real_20260626_143302_palletizer_005_part_2_refined_from_voxel005_hard,real_previous_registration,3925,3247,0.4692242680009666,0.21927748533766767,0.9578116620105289,153.64695508155165,-0.4365547828994304,0,0.32964265817439786,0
real_20260626_143302_palletizer_005_part_2_refined_from_voxel005_hard,real_previous_registration,3926,2611,0.0954488796643432,0.04282238031604065,0.04898437030324973,78.23625172675574,1.187805384938683,0,0.6643900088239395,0
real_20260626_143302_palletizer_005_part_2_refined_from_voxel005_hard,real_previous_registration,3929,1508,0.37945402439397913,0.012149282352289001,0.9574914072454146,182.20894788254185,-0.267478817516342,0,0.27186130743179066,0
real_20260626_143302_palletizer_005_part_2_refined_from_voxel005_hard,real_previous_registration,3945,3571,0.43277391289308964,0.06309521032476254,0.9825190915697952,56.591675322140475,1.980293181517896,0,0.33151796034020353,0
real_20260626_143302_palletizer_005_part_2_refined_from_voxel005_hard,real_previous_registration,3946,84,0.11875657021154548,0.11049241455970193,0.4791208927030537,72.43340507963326,-0.05775875982796387,0,0.663731318626117,0
real_20260626_143302_palletizer_005_part_2_refined_from_voxel005_hard,real_previous_registration,3947,1507,0.501925130131293,0.48267165400146106,0.9393709779652758,103.0285667478688,0.7484402668032727,0,0.31122041258475636,0
real_20260626_143302_palletizer_005_part_2_refined_from_voxel005_hard,real_previous_registration,3953,498,0.09612266630931536,0.09466443514944714,0.15489657152960865,87.34622938292242,-0.0051150942565221106,0,0.6984721207077146,0
real_20260626_143302_palletizer_005_part_2_refined_from_voxel005_hard,real_previous_registration,3963,1372,0.15234127257463087,0.13380982490791304,0.5243470584314303,80.94288468040699,1.5462550760418927,0,0.7429243887236091,0
real_20260626_143302_palletizer_005_part_2_refined_from_voxel005_hard,real_previous_registration,3969,1623,0.4007891961044242,0.4003067189373827,0.5396368483024532,90.0071702477387,0.17435316492283948,0,0.3386562513147791,0
real_20260626_143302_palletizer_005_part_2_refined_from_voxel005_hard,real_previous_registration,3971,1258,0.27179023893242993,0.1805887445175852,0.767143154522634,58.773346375357384,0.20944431327862975,0,0.5326078272277032,0
real_20260626_143302_palletizer_005_part_2_refined_from_voxel005_hard,real_previous_registration,3972,2470,0.5306746915352938,0.03175285983583209,0.04149763592292531,93.9781646550713,0.49977503117031774,0,0.26118337782532164,0
real_20260626_143302_palletizer_005_part_2_refined_from_voxel005_hard,real_previous_registration,3982,693,0.29285047549076576,0.11130893763324037,0.48446007580583733,55.311754866072306,1.1035460049760202,0,0.4808592764919593,0
real_20260626_143302_palletizer_005_part_2_refined_from_voxel005_hard,real_previous_registration,3985,3571,0.37006145733169943,0.14913841516351783,0.03998694093111355,49.9609074563385,1.5677612585986804,0,0.41712746721650706,0
real_20260626_143302_palletizer_005_part_2_refined_from_voxel005_hard,real_previous_registration,3991,1574,0.3511691281285738,0.31225970278137904,0.5066758046220402,182.40988790004144,-0.7599534790276856,0,0.3883381440827481,0
real_20260626_143302_palletizer_005_part_2_refined_from_voxel005_hard,real_previous_registration,3993,2921,0.21474282028076133,0.0456301566121758,0.6975653408109017,89.26221849183855,1.236595814053891,0,0.6933585051909017,0
real_20260626_143302_palletizer_005_part_2_refined_from_voxel005_hard,real_previous_registration,4003,3437,0.2487522083644149,0.16804844152196774,0.6335283945668609,90.4222597715819,0.958470633353354,0,0.5749520522526564,0
real_20260626_143302_palletizer_005_part_2_refined_from_voxel005_hard,real_previous_registration,4006,274,0.356396277281709,0.15345215399407203,0.8382465192920034,90.98286682036981,1.1441314933946574,0,0.5694112719427211,0
real_20260626_143302_palletizer_005_part_2_refined_from_voxel005_hard,real_previous_registration,4012,3363,0.3557802876695043,0.09846281704979123,0.9996674359358393,137.3991157243276,-0.35449007735242377,0,0.28104803031789777,0
real_20260626_143302_palletizer_005_part_2_refined_from_voxel005_hard,real_previous_registration,4013,3437,0.38477161130367915,0.30536822503380084,0.36038135560699097,90.43531891741506,1.36393538638937,0,0.5455950425857603,0
real_20260626_143302_palletizer_005_part_2_refined_from_voxel005_hard,real_previous_registration,4015,1574,0.4072201117330278,0.33901448691024144,0.5018261980306274,146.25863186087125,-0.6729424732485925,0,0.33991467160727123,0
real_20260626_143302_palletizer_005_part_2_refined_from_voxel005_hard,real_previous_registration,4016,1906,0.44850009569616367,0.2763752918103648,0.26962244371785404,209.8710087943104,-1.1654178926926113,0,0.33958916471065737,0
real_20260626_143302_palletizer_005_part_2_refined_from_voxel005_hard,real_previous_registration,4017,1864,0.47540441235915076,0.3793750207840463,0.8928877523665939,92.44412542317706,0.050974288332876205,0,0.3688327003849771,0
real_20260626_143302_palletizer_005_part_2_refined_from_voxel005_hard,real_previous_registration,4019,44,0.4400357957080438,0.2778357652142137,0.921588164529022,42.853616033927686,0.7705075116855833,0,0.38265122106755417,0
real_20260626_143302_palletizer_005_part_2_refined_from_voxel005_hard,real_previous_registration,4022,2972,0.5072532261316829,0.3251875840180231,0.823394255805774,65.86637858697803,0.7133491795448643,0,0.30852563467903277,0
real_20260626_143302_palletizer_005_part_2_refined_from_voxel005_hard,real_previous_registration,4023,1119,0.3739713145447775,0.3503259974156792,0.38725387275023304,73.26465312030992,0.8599526030987588,0,0.3648817267494628,0
real_20260626_143302_palletizer_005_part_2_refined_from_voxel005_hard,real_previous_registration,4024,498,0.23148301810784996,0.2144982849692421,0.4813495095703241,83.71675928831436,0.044895265029909356,0,0.7150287281617471,0
real_20260626_143302_palletizer_005_part_2_refined_from_voxel005_hard,real_previous_registration,4025,1574,0.222128450214009,0.03115936671872692,0.4519218460332401,83.55276470076477,-0.324636979956586,0,0.5831679200497055,0
real_20260626_143302_palletizer_005_part_2_refined_from_voxel005_hard,real_previous_registration,4026,712,0.49143986324870204,0.27139019608572673,0.9601151146014874,112.0934863982369,-0.07510729521449677,0,0.3379615862004628,0
real_20260626_143302_palletizer_005_part_2_refined_from_voxel005_hard,real_previous_registration,4028,175,0.3926934256788704,0.27476059662695357,0.8839984741111778,49.666725701445706,1.578345341156535,0,0.3620311619049683,0
real_20260626_143302_palletizer_005_part_2_refined_from_voxel005_hard,real_previous_registration,4032,44,0.44829618574763874,0.3071311485211025,0.9942251444514362,42.01451466977589,0.7279479268561387,0,0.38502815879645924,0
real_20260626_143302_palletizer_005_part_2_refined_from_voxel005_hard,real_previous_registration,4036,2643,0.08789903983287314,0.018753029236780384,0.8867032752939927,85.84058078649288,1.3285318513036455,0,0.7967077823254233,0
real_20260626_143302_palletizer_005_part_2_refined_from_voxel005_hard,real_previous_registration,4039,4102,0.020093032481645418,0.005084193901071798,0.7079829649690905,91.87736787268905,1.6543281774827596,0,0.7326680681527447,0
real_20260626_143302_palletizer_005_part_2_refined_from_voxel005_hard,real_previous_registration,4040,2977,0.3558996099346467,0.26616956607855735,0.6906023081779187,67.835437044292,1.3884758824212318,0,0.3104942807689242,0
real_20260626_143302_palletizer_005_part_2_refined_from_voxel005_hard,real_previous_registration,4044,2977,0.2703268659283258,0.13575590162703227,0.8089818989941164,109.32264567654191,0.9364912677685007,0,0.4008325668069444,0
real_20260626_143302_palletizer_005_part_2_refined_from_voxel005_hard,real_previous_registration,4045,3942,0.243029862630167,0.15400893282300207,0.766611201150107,80.92959923394999,0.8729789136726404,0,0.3809421263688541,0
real_20260626_143302_palletizer_005_part_2_refined_from_voxel005_hard,real_previous_registration,4046,498,0.19861650004660206,0.04888020858629624,0.2386381866898727,120.13941847303583,-0.30138047715541677,0,0.6928973378006895,0
real_20260626_143302_palletizer_005_part_2_refined_from_voxel005_hard,real_previous_registration,4061,2452,0.06353697923611215,0.05726315852432479,0.3810716505154479,111.94293639312448,0.1920526912182522,0,0.7626802431438311,0
real_20260626_143302_palletizer_005_part_2_refined_from_voxel005_hard,real_previous_registration,4068,909,0.17150030285050438,0.11331093286394768,0.31492434457010965,64.01710043708522,0.020202673984241245,0,0.5745141267330756,0
real_20260626_143302_palletizer_005_part_2_refined_from_voxel005_hard,real_previous_registration,4069,434,0.46051595475910856,0.2935137583284882,0.26777656518586634,159.70120646597368,1.5462550760418927,0,0.2609078203553429,0
real_20260626_143302_palletizer_005_part_2_refined_from_voxel005_hard,real_previous_registration,4070,1507,0.40233328035394017,0.3921491278252241,0.9461354737328899,102.41207594626799,0.7655346858434732,0,0.3850766330990744,0
real_20260626_143302_palletizer_005_part_2_refined_from_voxel005_hard,real_previous_registration,4073,1258,0.3775595948449199,0.2744628913751881,0.35390040373711945,55.573123574433005,0.7541707790660765,0,0.3991046882965463,0
real_20260626_143302_palletizer_005_part_2_refined_from_voxel005_hard,real_previous_registration,4076,3763,0.5668483897250111,0.04712827437614338,0.81848947431561,51.985533724625135,1.1728802991307385,0,0.07684098559898087,1
real_20260626_143302_palletizer_005_part_2_refined_from_voxel005_hard,real_previous_registration,4083,1823,0.5131938029012737,0.08322867613483886,0.3616796361659472,75.50461242097734,1.8919995765458903,0,0.3049117946059456,0
real_20260626_143302_palletizer_005_part_2_refined_from_voxel005_hard,real_previous_registration,4084,3842,0.14439766802500217,0.10289618171421766,0.59575750377348,216.07255097228,-0.37066294152413315,0,0.7460138000934879,0
real_20260626_143302_palletizer_005_part_2_refined_from_voxel005_hard,real_previous_registration,4094,1507,0.5806580725891729,0.5804044521160382,0.006387771280342139,82.8776116370969,0.8776518958800162,0,0.19269647191148814,0
real_20260626_143302_palletizer_005_part_2_refined_from_voxel005_hard,real_previous_registration,4095,693,0.3772884074648532,0.19561044442277653,0.6138905433552517,52.77668362757502,1.3950666631073294,0,0.3793146048779885,0
real_20260626_143302_palletizer_005_part_2_refined_from_voxel005_hard,real_previous_registration,4097,2611,0.09385970359310236,0.0005124269011603146,0.08908235802136094,72.520337306901,1.25234383802077,0,0.6624958036200538,0
real_20260626_143302_palletizer_005_part_2_refined_from_voxel005_hard,real_previous_registration,4098,3842,0.06887373186023632,0.05657030467062653,0.5656786043249896,196.4417366589954,-0.21032060706829897,0,0.723079704094791,0
real_20260626_143302_palletizer_005_part_2_refined_from_voxel005_hard,real_previous_registration,4102,2154,0.4864517246647265,0.47179798261080813,0.28053842277312546,51.65581800840304,0.27443652991265216,0,0.23544309343889785,0
real_20260626_143302_palletizer_005_part_2_refined_from_voxel005_hard,real_previous_registration,4106,693,0.3461813315351105,0.06165414962667924,0.7057298210598414,62.043216650016234,1.1035460049760202,0,0.5122913753583579,0
real_20260626_143302_palletizer_005_part_2_refined_from_voxel005_hard,real_previous_registration,4112,451,0.29966206689732394,0.10539756563352655,0.23727633512699034,54.34675776253412,1.0562931566018734,0,0.31859511183167083,0
real_20260626_143302_palletizer_005_part_2_refined_from_voxel005_hard,real_previous_registration,4114,175,0.4330200617797143,0.2851262477993975,0.9948872017874036,57.8212106615601,1.183351782751032,0,0.5454188662857247,0
real_20260626_143302_palletizer_005_part_2_refined_from_voxel005_hard,real_previous_registration,4116,1258,0.4508303977439185,0.2760398717009266,0.6532577362132216,155.5912876814528,-0.11332843530755525,0,0.3696396865956192,0
real_20260626_143302_palletizer_005_part_2_refined_from_voxel005_hard,real_previous_registration,4120,2154,0.42896268204788773,0.4041050402164892,0.06113172938504244,44.49589758248612,0.6730753441835681,0,0.26770165431277604,0
real_20260626_143302_palletizer_005_part_2_refined_from_voxel005_hard,real_previous_registration,4123,3725,0.34470050378085987,0.24032136275144259,0.7599337356332626,77.58268245722118,-0.2674788859684585,0,0.33453489902694783,0
real_20260626_143302_palletizer_005_part_2_refined_from_voxel005_hard,real_previous_registration,4124,3571,0.36724223188151134,0.12137245607287205,0.12152521070479125,42.44547413383631,1.8764964633203522,0,0.41971638196576877,0
real_20260626_143302_palletizer_005_part_2_refined_from_voxel005_hard,real_previous_registration,4127,3876,0.2804188319869099,0.04947818514725109,0.8141261456098943,153.924644302569,-0.16211848281059954,0,0.3628357283826064,0
real_20260626_143302_palletizer_005_part_2_refined_from_voxel005_hard,real_previous_registration,4129,3467,0.4534627893841832,0.05653109316347221,0.6281820549883728,81.8342517357833,0.40697521805348136,0,0.38095986014110783,0
real_20260626_143302_palletizer_005_part_2_refined_from_voxel005_hard,real_previous_registration,4130,1823,0.5454151358801672,0.22995538224221043,0.09161664206618746,99.40219477506203,1.7693973773631337,0,0.18940587903617265,0
real_20260626_143302_palletizer_005_part_2_refined_from_voxel005_hard,real_previous_registration,4131,1525,0.48845194210324927,0.3867137107425347,0.9038187373829505,64.30976348965791,0.572992010939712,0,0.367083512038623,0
real_20260626_143302_palletizer_005_part_2_refined_from_voxel005_hard,real_previous_registration,4132,1623,0.3563428049250559,0.3513391692984851,0.8930978960984006,72.20997524230745,0.42566733394475503,0,0.3882448576611859,0
real_20260626_143302_palletizer_005_part_2_refined_from_voxel005_hard,real_previous_registration,4133,3465,0.30501008149491904,0.27664576494962095,0.6923593218678424,77.23292113881193,2.4625421195327877,0,0.43064396635576224,0
real_20260626_143302_palletizer_005_part_2_refined_from_voxel005_hard,real_previous_registration,4140,3919,0.17465504031520732,0.11118213043739329,0.5835457547723386,53.897412348691766,1.0134528877379234,0,0.7626408788176116,0
real_20260626_143302_palletizer_005_part_2_refined_from_voxel005_hard,real_previous_registration,4145,3966,0.24862593695086493,0.21354813956898822,0.21567539888052215,92.98368484148517,2.9105508266363636,0,0.5583470221316169,0
real_20260626_143302_palletizer_005_part_2_refined_from_voxel005_hard,real_previous_registration,4146,1521,0.10487951601495604,0.07486011297252947,0.3003724863742683,83.33002077016569,0.6000203968572899,0,0.6943459658566995,0
real_20260626_143302_palletizer_005_part_2_refined_from_voxel005_hard,real_previous_registration,4148,6,0.36651721561221096,0.3426484480972844,0.9906946407250712,66.0544559602453,1.3419567006360837,0,0.3921515768062263,0
real_20260626_143302_palletizer_005_part_2_refined_from_voxel005_hard,real_previous_registration,4150,1608,0.30737972672637975,0.1914944809071833,0.03896623495227849,185.03113567005744,-0.8332859188105892,0,0.668902869845796,0
real_20260626_143302_palletizer_005_part_2_refined_from_voxel005_hard,real_previous_registration,4153,693,0.27997398620259323,0.13282458541651967,0.5223730151870645,57.196122681106424,1.0400326486861906,0,0.472297944920486,0
real_20260626_143302_palletizer_005_part_2_refined_from_voxel005_hard,real_previous_registration,4154,256,0.09711282137469562,0.041065035690213476,0.5921223784181624,94.27055491560684,0.7739733871465887,0,0.6927496072129944,0
real_20260626_143302_palletizer_005_part_2_refined_from_voxel005_hard,real_previous_registration,4155,2711,0.26747853521256454,0.09437404227242996,0.8583603465086912,78.76329313090456,0.49712623534713357,0,0.3780809664942859,0
real_20260626_143302_palletizer_005_part_2_refined_from_voxel005_hard,real_previous_registration,4161,3794,0.5806729358374364,0.11093278864061876,0.998910906300843,186.583738218579,-0.23111135985284226,0,0.16186159043990772,0
real_20260626_143302_palletizer_005_part_2_refined_from_voxel005_hard,real_previous_registration,4163,1698,0.5774998981764201,0.4529189572878712,0.6050389090738184,66.98696806838663,0.6392410723182996,0,0.28905551298176047,0
real_20260626_143302_palletizer_005_part_2_refined_from_voxel005_hard,real_previous_registration,4172,274,0.3319337797720802,0.1737240121206573,0.7350286469634603,83.09998337470095,0.9667975969549455,0,0.6079087543670332,0
real_20260626_143302_palletizer_005_part_2_refined_from_voxel005_hard,real_previous_registration,4173,256,0.16678605582470163,0.07454804510633267,0.17741971048047758,100.91742425764765,1.031802278088803,0,0.6853328501121432,0
real_20260626_143302_palletizer_005_part_2_refined_from_voxel005_hard,real_previous_registration,4175,2723,0.10944321867495722,0.06782812978415373,0.5341915349065816,88.41692726255472,-0.12087572188361169,0,0.7322954700737027,0
real_20260626_143302_palletizer_005_part_2_refined_from_voxel005_hard,real_previous_registration,4186,3437,0.47513875026362107,0.35559280872497756,0.15680214196133357,73.35451012927888,1.3194836560978274,0,0.6128072761765138,0
real_20260626_143302_palletizer_005_part_2_refined_from_voxel005_hard,real_previous_registration,4196,1012,0.5102833923301774,0.3673674249843454,0.13672975955619132,53.15285109899983,-0.35449029894263284,0,0.3408909088846989,0
real_20260626_143302_palletizer_005_part_2_refined_from_voxel005_hard,real_previous_registration,4199,2215,0.5251138588427484,0.13381718089273617,0.02731723361114042,87.89050938392579,0.0491901736026377,0,0.38004742875145503,0
real_20260626_143302_palletizer_005_part_2_refined_from_voxel005_hard,real_previous_registration,4204,238,0.5110715739881541,0.09515991111200311,0.9924122385973433,125.15556297781846,1.1462111278392049,0,0.3225195030411674,0
real_20260626_143302_palletizer_005_part_2_refined_from_voxel005_hard,real_previous_registration,4208,175,0.4989593461769634,0.38563179301483524,0.6196668361706793,47.66647504911768,1.067520061249957,0,0.3042979855129972,0
real_20260626_143302_palletizer_005_part_2_refined_from_voxel005_hard,real_previous_registration,4227,274,0.30508574202164324,0.11410049927613176,0.37140295809684704,116.54818425442039,0.996211460962898,0,0.5762975803686957,0
real_20260626_143302_palletizer_005_part_2_refined_from_voxel005_hard,real_previous_registration,4231,3763,0.3256905066015284,0.06512366705694723,0.8893324850343031,78.9424678071572,1.2887120206318137,0,0.31749017733019325,0
real_20260626_143302_palletizer_005_part_2_refined_from_voxel005_hard,real_previous_registration,4239,293,0.05340596285023864,0.03243483839486601,0.8601912120887069,78.9992364295924,1.9223059650699557,0,0.6901875938881761,0
real_20260626_143302_palletizer_005_part_2_refined_from_voxel005_hard,real_previous_registration,4242,175,0.4430559521827419,0.31799163682295917,0.9536229551725827,57.75856213076266,1.443309131924523,0,0.46769989466225054,0
real_20260626_143302_palletizer_005_part_2_refined_from_voxel005_hard,real_previous_registration,4246,1563,0.11354196822438059,0.09790754348880192,0.06310273256710963,138.2304393708555,-0.7301013936215117,0,0.685173388406651,0
real_20260626_143302_palletizer_005_part_2_refined_from_voxel005_hard,real_previous_registration,4250,1823,0.3329028326980801,0.10918967003500644,0.35938780382018953,55.24587002942828,2.3474747604822648,0,0.45979408529901483,0
real_20260626_143302_palletizer_005_part_2_refined_from_voxel005_hard,real_previous_registration,4256,2039,0.2321592008126649,0.14540121227133593,0.5358683836374802,76.6575120810344,0.6047153795658811,0,0.37813591945191594,0
real_20260626_143302_palletizer_005_part_2_refined_from_voxel005_hard,real_previous_registration,4257,3437,0.35007953153262084,0.1020776815174191,0.8343269494668331,80.10675465013563,1.5365480164724852,0,0.39336725451220445,0
real_20260626_143302_palletizer_005_part_2_refined_from_voxel005_hard,real_previous_registration,4262,3942,0.2592972397204721,0.19062398870094693,0.763794536866866,124.78371415441143,0.49977503117031774,0,0.4319476735117307,0
real_20260626_143302_palletizer_005_part_2_refined_from_voxel005_hard,real_previous_registration,4264,175,0.5857501140158642,0.2663239433701846,0.7214725765529215,85.2672661645382,1.2141234182170457,0,0.6143740428635267,0
real_20260626_143302_palletizer_005_part_2_refined_from_voxel005_hard,real_previous_registration,4269,1574,0.3729557372059984,0.2981603106184122,0.8248796965815332,192.98977038004662,-0.16211848281059954,0,0.8218814523862435,0
real_20260626_143302_palletizer_005_part_2_refined_from_voxel005_hard,real_previous_registration,4270,4102,0.130248685864269,0.09577089412139983,0.31777462211719043,97.86029572538513,1.467116881448808,0,0.8121131600767904,0
real_20260626_143302_palletizer_005_part_2_refined_from_voxel005_hard,real_previous_registration,4282,314,0.09404652749810503,0.09283027793779433,0.2898453111688503,116.68855099679874,1.629633919785008,0,0.778930070557254,0
real_20260626_143302_palletizer_005_part_2_refined_from_voxel005_hard,real_previous_registration,4283,1507,0.49114071169447404,0.4868990025419269,0.9140207376688314,76.95930986381065,1.1188137936061007,0,0.2955843689597104,0
real_20260626_143302_palletizer_005_part_2_refined_from_voxel005_hard,real_previous_registration,4287,238,0.5941832956438183,0.09804744243789362,0.9956517853749218,149.51186777381704,1.1988547934106466,0,0.28664126085134656,0
real_20260626_143302_palletizer_005_part_2_refined_from_voxel005_hard,real_previous_registration,4290,1258,0.43181208787365966,0.3929514588801864,0.7570604676888639,71.44346981559714,0.36850875943000433,0,0.4304946174959435,0
real_20260626_143302_palletizer_005_part_2_refined_from_voxel005_hard,real_previous_registration,4293,175,0.5548106958700624,0.38828489764953844,0.6630657318291486,41.92077295721,1.2871485009485757,0,0.4443749723257863,0
real_20260626_143302_palletizer_005_part_2_refined_from_voxel005_hard,real_previous_registration,4295,2972,0.5373566843173678,0.3277386297734606,0.25306162798612747,78.73635737935248,0.8061308526934786,0,0.3445237711843688,0
real_20260626_143302_palletizer_005_part_2_refined_from_voxel005_hard,real_previous_registration,4296,2723,0.4612969050269974,0.44656437604548493,0.718597798171483,112.33517814322164,0.3144418253107035,0,0.37776646909954237,0
real_20260626_143302_palletizer_005_part_2_refined_from_voxel005_hard,real_previous_registration,4297,2060,0.1206938848248849,0.02958860079442121,0.6349892322997023,108.09010228593071,1.811955204357148,0,0.6794131731944478,0
real_20260626_143302_palletizer_005_part_2_refined_from_voxel005_hard,real_previous_registration,4302,3467,0.4159904986442664,0.058876125864993634,0.91053762248185,74.25350100856673,0.5142206543873341,0,0.3423166414046086,0
real_20260626_143302_palletizer_005_part_2_refined_from_voxel005_hard,real_previous_registration,4303,1823,0.49606768145155467,0.18126124939684626,0.1671953429410084,90.20709646853263,1.5516741526248865,0,0.24557005813947014,0
real_20260626_143302_palletizer_005_part_2_refined_from_voxel005_hard,real_previous_registration,4305,3614,0.5280585250374173,0.2853318720029929,0.24832689530609778,63.04603380414936,0.713348907109639,0,0.34307043891929073,0
real_20260626_143302_palletizer_005_part_2_refined_from_voxel005_hard,real_previous_registration,4311,3966,0.061152271691171524,0.04082951604077634,0.3759769952112844,77.91263282854551,3.0406037888956137,0,0.7984050269604378,0
real_20260626_143302_palletizer_005_part_2_refined_from_voxel005_hard,real_previous_registration,4314,693,0.38930809292267654,0.15275408432840865,0.5801977709236318,66.7246558559314,0.8804026421231892,0,0.42301252212982976,0
real_20260626_143302_palletizer_005_part_2_refined_from_voxel005_hard,real_previous_registration,4315,1623,0.45548249299166094,0.4550967107820856,0.6845854227921743,79.19471042777545,-0.007968158538081247,0,0.2858934013579346,0
real_20260626_143302_palletizer_005_part_2_refined_from_voxel005_hard,real_previous_registration,4324,2470,0.35782448763846697,0.11043975688936568,0.605832845466816,52.12049803294642,1.272964291199207,0,0.3477373125580317,0
real_20260626_143302_palletizer_005_part_2_refined_from_voxel005_hard,real_previous_registration,4325,274,0.23083209495009144,0.1800383296904028,0.31709514950023365,111.17603266082156,0.9517597306713557,0,0.7184579772524597,0
real_20260626_143302_palletizer_005_part_2_refined_from_voxel005_hard,real_previous_registration,4326,3763,0.3344860663923666,0.05856603219589799,0.5510690967325476,56.04905191327565,1.2887120206318137,0,0.32290019187272645,0
real_20260626_143302_palletizer_005_part_2_refined_from_voxel005_hard,real_previous_registration,4327,1823,0.4095036721187515,0.23248934385319836,0.06015816027677634,56.88104057060685,2.083890419826223,0,0.33506450516045155,0
real_20260626_143302_palletizer_005_part_2_refined_from_voxel005_hard,real_previous_registration,4338,2470,0.36163939072872764,0.06153310130458333,0.16307311798721325,38.56993337745675,1.272964291199207,0,0.3679365184743796,0
real_20260626_143302_palletizer_005_part_2_refined_from_voxel005_hard,real_previous_registration,4342,1233,0.5559688155759221,0.04427189182868677,0.464320518199144,99.94433697761501,0.2653248416794042,0,0.33776304563025156,0
real_20260626_143302_palletizer_005_part_2_refined_from_voxel005_hard,real_previous_registration,4343,3467,0.32912401092333043,0.0025610551192729175,0.48656151075214926,62.54487205167701,0.5475570474251622,0,0.4384703197090224,0
real_20260626_143302_palletizer_005_part_2_refined_from_voxel005_hard,real_previous_registration,4344,434,0.5528546257451284,0.38784756898812417,0.39190313924277387,210.42625137841017,1.4064932934491599,0,0.20402244260894542,0
real_20260626_143302_palletizer_005_part_2_refined_from_voxel005_hard,real_previous_registration,4346,1258,0.33392855231458607,0.2381678038316421,0.19153556623812676,65.42911463911462,0.6263375411924155,0,0.4415169950639673,0
real_20260626_143302_palletizer_005_part_2_refined_from_voxel005_hard,real_previous_registration,4348,2723,0.2944308424317982,0.2836438314372528,0.5262019359902781,63.1177245851956,0.40796779753729184,0,0.5641664974284113,0
real_20260626_143302_palletizer_005_part_2_refined_from_voxel005_hard,real_previous_registration,4350,3465,0.18102768906625866,0.06341077457986015,0.808769672548932,86.67546602001612,2.288878760164502,0,0.7196975054718387,0
real_20260626_143302_palletizer_005_part_2_refined_from_voxel005_hard,real_previous_registration,4353,175,0.44475082358290685,0.20168488926744477,0.7692606501514736,86.91254061429977,0.3917654534068725,0,0.3767199975853992,0
real_20260626_143302_palletizer_005_part_2_refined_from_voxel005_hard,real_previous_registration,4355,2977,0.4337370319137501,0.36853118368523824,0.5156366681255289,127.3969875833697,0.9364912677685007,0,0.2247474403780168,0
real_20260626_143302_palletizer_005_part_2_refined_from_voxel005_hard,real_previous_registration,4365,693,0.3820349271009842,0.32778006641255436,0.6294625971605095,70.28150318583555,0.8411819666621795,0,0.38155780670292927,0
real_20260626_143302_palletizer_005_part_2_refined_from_voxel005_hard,real_previous_registration,4369,3763,0.5272465284604025,0.06177249415274726,0.8475119999400571,81.25258093774877,1.0216494697575615,0,0.12077825268912402,0
real_20260626_143302_palletizer_005_part_2_refined_from_voxel005_hard,real_previous_registration,4373,6,0.3695322009083955,0.36395169946930306,0.25838495968033826,37.54355657093748,1.4311877785917038,0,0.39143806743347337,0
real_20260626_143302_palletizer_005_part_2_refined_from_voxel005_hard,real_previous_registration,4374,563,0.343722691384107,0.33160259462676117,0.4590682095568944,25.330215439558824,0.6592820313739048,0,0.40589772833668597,0
real_20260626_143302_palletizer_005_part_2_refined_from_voxel005_hard,real_previous_registration,4376,1574,0.587297250692703,0.37926210199100646,0.4129673832933858,81.58977261432399,0.36850875943000433,0,0.09199124125356059,1
real_20260626_143302_palletizer_005_part_2_refined_from_voxel005_hard,real_previous_registration,4377,3842,0.20178906329905535,0.14618873104840663,0.5727282679398987,220.261004615697,-0.41511460725723326,0,0.7557900531229043,0
real_20260626_143302_palletizer_005_part_2_refined_from_voxel005_hard,real_previous_registration,4378,175,0.4743389003466218,0.31540076080746565,0.11063562742632033,44.98519008378952,1.4903766156394693,0,0.44132666434660456,0
real_20260626_143302_palletizer_005_part_2_refined_from_voxel005_hard,real_previous_registration,4381,3465,0.3479467356059532,0.21164966129630355,0.5095418910198092,87.96065149074063,2.057077366496772,0,0.6945241307043478,0
real_20260626_143302_palletizer_005_part_2_refined_from_voxel005_hard,real_previous_registration,4384,1608,0.29028002382314444,0.1484703371508235,0.03762742239526081,182.05312321487665,-0.8332859188105892,0,0.6616112767211549,0
real_20260626_143302_palletizer_005_part_2_refined_from_voxel005_hard,real_previous_registration,4387,451,0.3473575964696544,0.16847285152144353,0.21059279180756665,58.629297660684465,0.9896018366081621,0,0.26116874404645524,0
real_20260626_143302_palletizer_005_part_2_refined_from_voxel005_hard,real_previous_registration,4389,354,0.09302650383505251,0.026056014621941754,0.7787459222709998,115.61919414475871,0.33865583995227344,0,0.659710899097958,0
real_20260626_143302_palletizer_005_part_2_refined_from_voxel005_hard,real_previous_registration,4393,1574,0.4066103170909482,0.35455598318322984,0.5119387917479845,147.6076248774471,-0.6729424732485925,0,0.3389928066083457,0
real_20260626_143302_palletizer_005_part_2_refined_from_voxel005_hard,real_previous_registration,4394,2711,0.3608175739538439,0.11765959849581376,0.8686416461723515,71.65343296961193,0.40697521805348136,0,0.2786879731604637,0
real_20260626_143302_palletizer_005_part_2_refined_from_voxel005_hard,real_previous_registration,4395,1507,0.5184419084632877,0.5180217496361004,0.7734415714644783,75.8884764639567,1.0574448841496176,0,0.2514971121200097,0
real_20260626_143302_palletizer_005_part_2_refined_from_voxel005_hard,real_previous_registration,4399,256,0.3729561019444181,0.07923629717527866,0.40144977432237594,98.2730544312727,1.1462125490045232,0,0.4531289348561436,0
real_20260626_143302_palletizer_005_part_2_refined_from_voxel005_hard,real_previous_registration,4401,434,0.2532964402033147,0.20856532809579426,0.8356628368886503,97.73135313405879,1.907268098786366,0,0.39988990878740377,0
real_20260626_143302_palletizer_005_part_2_refined_from_voxel005_hard,real_previous_registration,4402,1574,0.38968672380781294,0.1536251134758576,0.5161239848158654,159.2622333998577,-0.6729424732485925,0,0.34545370921588003,0
real_20260626_143302_palletizer_005_part_2_refined_from_voxel005_hard,real_previous_registration,4412,3571,0.3575859619112018,0.05221519804233754,0.8854990212913189,73.14776119118714,2.1243324591610238,0,0.35324111687722126,0
real_20260626_143302_palletizer_005_part_2_refined_from_voxel005_hard,real_previous_registration,4413,2682,0.11634738908235581,0.02899114231316353,0.3263113749789728,63.62744601054134,1.9173155839040392,0,0.7666068714508545,0
real_20260626_143302_palletizer_005_part_2_refined_from_voxel005_hard,real_previous_registration,4415,2711,0.3117323679750572,0.04772856316185711,0.9368492050929871,72.1382178933742,0.368508973481663,0,0.3349148885143796,0
real_20260626_143302_palletizer_005_part_2_refined_from_voxel005_hard,real_previous_registration,4434,3437,0.2771058330812867,0.0876324453940711,0.47236495181844007,71.85895149873932,1.3194836560978274,0,0.46551584724755585,0
real_20260626_143302_palletizer_005_part_2_refined_from_voxel005_hard,real_previous_registration,4439,2154,0.44132790951346335,0.43172580477310196,0.4885878179326515,34.475156475012064,0.35290806988252194,0,0.26809919586041886,0
real_20260626_143302_palletizer_005_part_2_refined_from_voxel005_hard,real_previous_registration,4441,274,0.2735043563359941,0.09430602986164774,0.21488190842763538,72.1709720020164,0.9667975969549455,0,0.44688932506751927,0
real_20260626_143302_palletizer_005_part_2_refined_from_voxel005_hard,real_previous_registration,4451,997,0.3431955159879761,0.14575285387311301,0.6496385196035581,63.261013839309896,0.8851983092818596,0,0.3957909955018203,0
real_20260626_143302_palletizer_005_part_2_refined_from_voxel005_hard,real_previous_registration,4452,3614,0.41091039468393414,0.08458286410926462,0.1601335815737222,72.08885443199216,0.8225481015946119,0,0.4077599624515809,0
real_20260626_143302_palletizer_005_part_2_refined_from_voxel005_hard,real_previous_registration,4455,1291,0.41303753696131135,0.34097107875952737,0.7107052748011533,57.06284284390862,0.43793757965279795,0,0.4253120381032587,0
real_20260626_143302_palletizer_005_part_2_refined_from_voxel005_hard,real_previous_registration,4459,314,0.08437264736857338,0.04479744851888216,0.28407076702848344,101.28342336969847,1.5957324244310722,0,0.8373168686625341,0
real_20260626_143302_palletizer_005_part_2_refined_from_voxel005_hard,real_previous_registration,4462,274,0.3203834965142663,0.24969804739927703,0.9060969815304325,67.58391339255267,0.6539255443310898,0,0.7190317096609654,0
real_20260626_143302_palletizer_005_part_2_refined_from_voxel005_hard,real_previous_registration,4465,1864,0.47185933009197456,0.39690395172040766,0.7524653368383738,97.4654091268314,0.6488106209074473,0,0.4293372771950111,0
real_20260626_143302_palletizer_005_part_2_refined_from_voxel005_hard,real_previous_registration,4466,2154,0.33376569755621205,0.31440348919377026,0.5898204812950131,42.99730419876347,0.6311111738516395,0,0.36342975296954866,0
real_20260626_143302_palletizer_005_part_2_refined_from_voxel005_hard,real_previous_registration,4470,1057,0.48145676322872694,0.47794316947406884,0.909613819876419,114.33544225456254,1.3907463642516291,0,0.4135041821993364,0
real_20260626_143302_palletizer_005_part_2_refined_from_voxel005_hard,real_previous_registration,4481,1574,0.4848232704000506,0.24440311382506882,0.5212415470738742,79.10029366209557,-0.38526142162649757,0,0.2511408417452895,0
real_20260626_143302_palletizer_005_part_2_refined_from_voxel005_hard,real_previous_registration,4485,693,0.3044496422073937,0.2252495067679755,0.023717800517140508,67.99267291872418,1.0880418302188921,0,0.4396933199408763,0
real_20260626_143302_palletizer_005_part_2_refined_from_voxel005_hard,real_previous_registration,4486,3594,0.02272207497401266,0.012353664071580988,0.35417659834355764,88.46213359602301,0.2825665615291999,1,0.7275257845194724,0
real_20260626_143302_palletizer_005_part_2_refined_from_voxel005_hard,real_previous_registration,4490,3613,0.506162801243452,0.09793939523629296,0.29683632678903166,85.27906337115041,-0.4393288961849464,0,0.4273180479548275,0
real_20260626_143302_palletizer_005_part_2_refined_from_voxel005_hard,real_previous_registration,4491,4102,0.09245291052290493,0.04465729882307502,0.7895460520729203,87.77653703905696,1.7249456632112194,0,0.6462763103921397,0
real_20260626_143302_palletizer_005_part_2_refined_from_voxel005_hard,real_previous_registration,4498,434,0.30025346523054425,0.24201218230121788,0.44874232864963026,71.20692504445384,1.8284872817876507,0,0.33003158030658225,0
real_20260626_143302_palletizer_005_part_2_refined_from_voxel005_hard,real_previous_registration,4504,6,0.35900735202852907,0.34114409721980943,0.9615769365531762,61.95906751708931,1.4311877785917038,0,0.38035440881815724,0
real_20260626_143302_palletizer_005_part_2_refined_from_voxel005_hard,real_previous_registration,4505,563,0.39534546262310155,0.38657210591017516,0.9935019318844199,39.455704077458755,0.9259105353489894,0,0.3677327442314668,0
real_20260626_143302_palletizer_005_part_2_refined_from_voxel005_hard,real_previous_registration,4507,3571,0.35849391731171454,0.04909721607707815,0.9889769610453343,68.59201659388101,2.099639861509668,0,0.3503113572490384,0
real_20260626_143302_palletizer_005_part_2_refined_from_voxel005_hard,real_previous_registration,4514,1623,0.48488222072748616,0.47814311142934907,0.6858635969325394,104.52811905057952,-0.26747893920901794,0,0.33353969942987416,0
real_20260626_143302_palletizer_005_part_2_refined_from_voxel005_hard,real_previous_registration,4523,2470,0.33824365918686333,0.092591087785648,0.05260099587071662,55.710634197841784,0.8051563737042667,0,0.3551299455747003,0
real_20260626_143302_palletizer_005_part_2_refined_from_voxel005_hard,real_previous_registration,4524,175,0.5865810970940454,0.23899037719711014,0.7395911918132736,96.69861735145359,0.8956699655073567,0,0.608889203861029,0
real_20260626_143302_palletizer_005_part_2_refined_from_voxel005_hard,real_previous_registration,4527,228,0.5841060131858073,0.25930450298592966,0.7419444788265563,97.89680272680495,0.1892788104611415,0,0.09715998070195782,1
real_20260626_143302_palletizer_005_part_2_refined_from_voxel005_hard,real_previous_registration,4529,2972,0.45055926983085187,0.2948515073887083,0.5535134368779034,67.53277606429158,0.8311321395840124,0,0.3660743727782593,0
real_20260626_143302_palletizer_005_part_2_refined_from_voxel005_hard,real_previous_registration,4535,3942,0.2611452685669061,0.12113406759291212,0.7810339218190084,62.76766160160584,1.0928382312439286,0,0.3661262711602929,0
real_20260626_143302_palletizer_005_part_2_refined_from_voxel005_hard,real_previous_registration,4538,3919,0.2686172420226597,0.260035399532185,0.6785852735393058,66.07701273579164,0.91628923187678,0,0.6330454078094501,0
real_20260626_143302_palletizer_005_part_2_refined_from_voxel005_hard,real_previous_registration,4542,1862,0.17801850428046379,0.08512813235733063,0.017333723773238878,75.25278671633346,3.1771791713327753,0,0.6771783177276789,0
real_20260626_143302_palletizer_005_part_2_refined_from_voxel005_hard,real_previous_registration,4562,175,0.527924939525388,0.34470815746280514,0.5034914789960891,41.03212951305272,1.45528531594313,0,0.5206651761596379,0
real_20260626_143302_palletizer_005_part_2_refined_from_voxel005_hard,real_previous_registration,4566,1608,0.24365601518033217,0.2169411293630639,0.0024202917343340846,193.09003599202478,-0.6365760049985796,0,0.6619851918657537,0
real_20260626_143302_palletizer_005_part_2_refined_from_voxel005_hard,real_previous_registration,4568,1507,0.45051452551811355,0.44067957981884337,0.8009367007609837,69.73264099151922,0.8468802604140027,0,0.3478489685553216,0
real_20260626_143302_palletizer_005_part_2_refined_from_voxel005_hard,real_previous_registration,4574,1515,0.5403991445350823,0.5065730486201446,0.06932228234960841,56.885285098497015,0.579817884142493,0,0.21130405235067742,0
real_20260626_143302_palletizer_005_part_2_refined_from_voxel005_hard,real_previous_registration,4583,175,0.46013606950377206,0.2669981450487243,0.6493531773422906,65.18700693874565,1.2871485009485757,0,0.45215762673977433,0
real_20260626_143302_palletizer_005_part_2_refined_from_voxel005_hard,real_previous_registration,4588,1823,0.5005423519615056,0.12530670636151192,0.2594384539079573,92.9336429453771,1.7693973773631337,0,0.27687024042095554,0
real_20260626_143302_palletizer_005_part_2_refined_from_voxel005_hard,real_previous_registration,4590,3966,0.3025343454577431,0.29866931895980153,0.5238836872563304,58.537563554178,3.2782751879587444,0,0.46428903170334956,0
real_20260626_143302_palletizer_005_part_2_refined_from_voxel005_hard,real_previous_registration,4593,1507,0.5808892128181643,0.5354445515689201,0.9780696380239601,108.19561701196092,0.5798177095397506,0,0.3403344581170091,0
real_20260626_143302_palletizer_005_part_2_refined_from_voxel005_hard,real_previous_registration,4594,498,0.4019442182874612,0.37829542120251614,0.27831881535947367,117.13558897442141,-0.577633316167073,0,0.7732419246787756,0
real_20260626_143302_palletizer_005_part_2_refined_from_voxel005_hard,real_previous_registration,4605,2972,0.48485461604286667,0.3123163022028222,0.6243996470445727,69.66246066806698,0.8793342129342235,0,0.4450329200652923,0
real_20260626_143302_palletizer_005_part_2_refined_from_voxel005_hard,real_previous_registration,4610,256,0.10416348150740773,0.090628685422697,0.40382354858053165,89.40059226865834,0.6922954379011174,0,0.7538668883204227,0
real_20260626_143302_palletizer_005_part_2_refined_from_voxel005_hard,real_previous_registration,4611,3942,0.5266821163895192,0.28509023983702847,0.875452644381524,178.16067896908805,0.5687678248795792,0,0.26427027330779995,0
real_20260626_143302_palletizer_005_part_2_refined_from_voxel005_hard,real_previous_registration,4614,3763,0.5301703554065701,0.07109957603509069,0.9152886776802291,63.157789850013295,1.2407028390991122,0,0.11284529582395156,0
real_20260626_143302_palletizer_005_part_2_refined_from_voxel005_hard,real_previous_registration,4617,451,0.24800158799320068,0.0724170518051651,0.28493362843452386,79.93265190051645,0.9545105469692797,0,0.3730327946492258,0
real_20260626_143302_palletizer_005_part_2_refined_from_voxel005_hard,real_previous_registration,4618,2972,0.5511375906163266,0.375476957453274,0.12079814200314809,75.78774404693007,0.7407481353395976,0,0.34851839855162575,0
real_20260626_143302_palletizer_005_part_2_refined_from_voxel005_hard,real_previous_registration,4619,6,0.3133780861540792,0.31307219513744405,0.9527156810070074,69.69664291274265,1.1353426012183305,0,0.4650252977206526,0
real_20260626_143302_palletizer_005_part_2_refined_from_voxel005_hard,real_previous_registration,4622,3919,0.1750455438312469,0.1419953459716479,0.7095727836585759,57.06705920821438,1.067520061249957,0,0.7192852267561222,0
real_20260626_143302_palletizer_005_part_2_refined_from_voxel005_hard,real_previous_registration,4623,1020,0.052887434216846906,0.0006097362401470876,0.2004789625182864,135.40745573595873,-1.119229513375035,0,0.7467874998355357,0
real_20260626_143302_palletizer_005_part_2_refined_from_voxel005_hard,real_previous_registration,4627,2977,0.32338111426832294,0.2549721124416983,0.24606401719889642,60.83083419165854,1.6578086058514463,0,0.2966881885826141,0
real_20260626_143302_palletizer_005_part_2_refined_from_voxel005_hard,real_previous_registration,4633,3467,0.4526879596444806,0.08822483679306334,0.6630586890609543,78.02106422995394,0.368508973481663,0,0.3086902089755107,0
real_20260626_143302_palletizer_005_part_2_refined_from_voxel005_hard,real_previous_registration,4636,804,0.07782138594282886,0.023462548986544256,0.06362869331819955,175.5953407724942,0.36850875943000433,0,0.7524354917691356,0
real_20260626_143302_palletizer_005_part_2_refined_from_voxel005_hard,real_previous_registration,4646,3157,0.03278437097995806,0.012367729708964933,0.3104595741357525,166.07365223279953,-0.9307718365587293,1,0.7802161170928379,0
real_20260626_143302_palletizer_005_part_2_refined_from_voxel005_hard,real_previous_registration,4650,1372,0.16602589238865775,0.16093686876141367,9.407965955257613e-05,95.62246676145811,1.4788138695637705,0,0.6321737175201562,0
real_20260626_143302_palletizer_005_part_2_refined_from_voxel005_hard,real_previous_registration,4651,3571,0.2798536622400074,0.04326934392447663,0.4587372063012694,58.710461110872515,1.9223059650699557,0,0.4698286086883686,0
real_20260626_143302_palletizer_005_part_2_refined_from_voxel005_hard,real_previous_registration,4652,3331,0.1701945385015418,0.16375515999353712,0.2407808549740792,157.27157134082825,-0.5637444531616881,0,0.6470757167599509,0
real_20260626_143302_palletizer_005_part_2_refined_from_voxel005_hard,real_previous_registration,4655,1928,0.4504511799444558,0.34507981146498556,0.7840816977370705,94.4061141290833,0.0891955026140597,0,0.3956726977616757,0
real_20260626_143302_palletizer_005_part_2_refined_from_voxel005_hard,real_previous_registration,4669,2978,0.14964339580186475,0.11445910959903985,0.26217735337917375,75.73172494595661,0.6122528904836699,0,0.6621292440947889,0
real_20260626_143302_palletizer_005_part_2_refined_from_voxel005_hard,real_previous_registration,4675,238,0.47347302975779865,0.10785095553699507,0.9900907806106171,127.37112764564195,1.341955469530149,0,0.20690171543906152,0
real_20260626_143302_palletizer_005_part_2_refined_from_voxel005_hard,real_previous_registration,4682,1119,0.28878790394351733,0.25899059447613504,0.9979842408529105,79.87732671464185,0.5570032555440323,0,0.44889144648716095,0
real_20260626_143302_palletizer_005_part_2_refined_from_voxel005_hard,real_previous_registration,4685,1507,0.23916510509778505,0.2066566117581703,0.20175412447168478,112.54590651009799,0.3255838606288627,0,0.5709404732095631,0
real_20260626_143302_palletizer_005_part_2_refined_from_voxel005_hard,real_previous_registration,4690,228,0.5474488202947414,0.2894399903082007,0.3999276006098982,100.32240216216468,0.33385989269120125,0,0.11515841411674985,0
real_20260626_143302_palletizer_005_part_2_refined_from_voxel005_hard,real_previous_registration,4694,238,0.34657472073535583,0.07642350544371643,0.6718018309602781,52.20243114811807,1.739985241605515,0,0.378936395747028,0
real_20260626_143302_palletizer_005_part_2_refined_from_voxel005_hard,real_previous_registration,4695,1485,0.062052813615761336,0.003163306691288238,0.3578907361239496,132.7190986836651,0.27613557876746914,0,0.7806276771529276,0
real_20260626_143302_palletizer_005_part_2_refined_from_voxel005_hard,real_previous_registration,4696,2711,0.3177579200783187,0.06426639015468306,0.9668089496492276,74.77317122270716,0.5638175553408449,0,0.32570223423832667,0
real_20260626_143302_palletizer_005_part_2_refined_from_voxel005_hard,real_previous_registration,4697,274,0.2795079744540882,0.00377845174950156,0.6863657626548424,97.55334376862348,0.8729789136726404,0,0.49681164648377746,0
real_20260626_143302_palletizer_005_part_2_refined_from_voxel005_hard,real_previous_registration,4700,2723,0.4436456929762021,0.4177065770609504,0.7674377522086582,109.61896760938218,0.33385989269120125,0,0.3558842909889476,0
real_20260626_143302_palletizer_005_part_2_refined_from_voxel005_hard,real_previous_registration,4701,3668,0.3501588213958265,0.11544398115539983,0.9967131938124072,93.8417886149438,-0.41511460725723326,0,0.3302704009216242,0
real_20260626_143302_palletizer_005_part_2_refined_from_voxel005_hard,real_previous_registration,4703,2682,0.3454714771413137,0.34361189560093475,0.6089012210698952,69.14240489168274,2.4331282555248355,0,0.4371013693328642,0
real_20260626_143302_palletizer_005_part_2_refined_from_voxel005_hard,real_previous_registration,4708,1792,0.047970446332477316,0.0010114889878380347,0.9892781872495962,168.3862975138653,-0.8805827346567564,0,0.7707695084989971,0
real_20260626_143302_palletizer_005_part_2_refined_from_voxel005_hard,real_previous_registration,4710,3465,0.26225913477952917,0.19405580686813917,0.8551681886597301,82.01016962286116,2.217419858762123,0,0.5834678035350869,0
real_20260626_143302_palletizer_005_part_2_refined_from_voxel005_hard,real_previous_registration,4715,3571,0.36237146959030697,0.16536485512044988,0.23245994225670608,51.08961686926954,1.5462550760418927,0,0.38727277934418264,0
real_20260626_143302_palletizer_005_part_2_refined_from_voxel005_hard,real_previous_registration,4716,1258,0.40742948593935374,0.3140083396150915,0.6721713939793187,59.50889542227077,0.8311317476096807,0,0.38371134580367305,0
real_20260626_143302_palletizer_005_part_2_refined_from_voxel005_hard,real_previous_registration,4718,1521,0.3466785680219044,0.2959594536582104,0.848524725172617,65.74662746120823,0.9784565238106666,0,0.3726392385854518,0
real_20260626_143302_palletizer_005_part_2_refined_from_voxel005_hard,real_previous_registration,4719,2921,0.19805869187253633,0.121258316043495,0.507759061843626,95.93070332173833,1.0762533217885402,0,0.802488505232833,0
real_20260626_143302_palletizer_005_part_2_refined_from_voxel005_hard,real_previous_registration,4724,1119,0.33881416904195477,0.2985578647587115,0.9924699798803398,66.68403969379968,0.6866809871686381,0,0.40172151535075756,0
real_20260626_143302_palletizer_005_part_2_refined_from_voxel005_hard,real_previous_registration,4727,498,0.280704900064141,0.2703959266000651,0.2708147753550145,94.85934013447769,-0.0051150942565221106,0,0.7272373689087974,0
real_20260626_143302_palletizer_005_part_2_refined_from_voxel005_hard,real_previous_registration,4730,451,0.4929380972106751,0.22546933071596056,0.4447805054282573,76.78385395549873,0.89945081931451,0,0.13312690822249815,0
real_20260626_143302_palletizer_005_part_2_refined_from_voxel005_hard,real_previous_registration,4740,175,0.3988023084721658,0.2826600868242698,0.9935499165244992,60.095767397288945,1.1676034379356615,0,0.5084328651949387,0
real_20260626_143302_palletizer_005_part_2_refined_from_voxel005_hard,real_previous_registration,4743,2682,0.10137708037834806,0.049655569863934795,0.7574922457155734,72.80299107671834,1.9661056897402076,0,0.81599256848221,0
real_20260626_143302_palletizer_005_part_2_refined_from_voxel005_hard,real_previous_registration,4744,1291,0.3592697037530854,0.3113302361076671,0.29121677795467016,60.14808010935922,0.37502379304486555,0,0.4786876562904893,0
real_20260626_143302_palletizer_005_part_2_refined_from_voxel005_hard,real_previous_registration,4747,3794,0.3251063853639206,0.08705900942550139,0.9970876722051766,171.04563961604413,-0.5675828964755252,0,0.347375867193021,0
real_20260626_143302_palletizer_005_part_2_refined_from_voxel005_hard,real_previous_registration,4749,2215,0.5268894903609105,0.005186761338844763,0.5466198765734355,151.26056308467417,0.636976216283212,0,0.33564847181649526,0
real_20260626_143302_palletizer_005_part_2_refined_from_voxel005_hard,real_previous_registration,4755,1823,0.370376643177812,0.2903515036862511,0.9769275350799259,50.48436018452818,2.297464370551737,0,0.3989434971264122,0
real_20260626_143302_palletizer_005_part_2_refined_from_voxel005_hard,real_previous_registration,4759,3876,0.5709838002422002,0.2095382398803897,0.8342966244958837,143.64851285912226,0.1379854744559078,0,0.0673213656742996,1
real_20260626_143302_palletizer_005_part_2_refined_from_voxel005_hard,real_previous_registration,4769,256,0.1634033468954291,0.09390364268192918,0.05125445170384069,108.29564342885516,0.9852822978074188,0,0.7117028948871127,0
real_20260626_143302_palletizer_005_part_2_refined_from_voxel005_hard,real_previous_registration,4775,2723,0.42673477460669124,0.42544933768829907,0.9401074830851269,63.29509055016697,0.6452957989844479,0,0.46000202024603737,0
real_20260626_143302_palletizer_005_part_2_refined_from_voxel005_hard,real_previous_registration,4778,2711,0.45724712205730805,0.10500235399427407,0.9652587370519562,64.61683342377637,0.4797345074567885,0,0.18530830235517748,0
real_20260626_143302_palletizer_005_part_2_refined_from_voxel005_hard,real_previous_registration,4779,1507,0.5317288609622404,0.5146225418001424,0.9917957992420032,92.57932024908591,0.9075048371937062,0,0.2994462239200614,0
real_20260626_143302_palletizer_005_part_2_refined_from_voxel005_hard,real_previous_registration,4785,3467,0.3467382803358189,0.06065306950151428,0.3388182841215355,59.481102178343114,0.7133491795448643,0,0.4586383208315804,0
real_20260626_143302_palletizer_005_part_2_refined_from_voxel005_hard,real_previous_registration,4795,1115,0.1603438151040606,0.14368002813572228,0.6931265734983851,60.33921502849978,0.19609303135002173,0,0.6867710664037976,0
real_20260626_143302_palletizer_005_part_2_refined_from_voxel005_hard,real_previous_registration,4797,2977,0.27694669715469705,0.14503617897795962,0.5622372042261443,100.27498576384413,1.1423430615078638,0,0.3870376459882287,0
real_20260626_143302_palletizer_005_part_2_refined_from_voxel005_hard,real_previous_registration,4803,1521,0.2701335045474251,0.22481092718622656,0.584188214750623,50.683708265571475,0.9221036261715588,0,0.44309665605114756,0
real_20260626_143302_palletizer_005_part_2_refined_from_voxel005_hard,real_previous_registration,4804,44,0.17003542628539547,0.15883939434604008,0.32130311738905754,55.659631044953144,-0.24806086525070511,0,0.6700084886127466,0
real_20260626_143302_palletizer_005_part_2_refined_from_voxel005_hard,real_previous_registration,4819,1515,0.5834971779488138,0.546970698647456,0.07614946091303416,61.738892167292505,0.49712623534713357,0,0.17029708190372855,0
real_20260626_143302_palletizer_005_part_2_refined_from_voxel005_hard,real_previous_registration,4821,2194,0.051712020215699823,0.03596990428347257,0.10465355120099723,72.14169264479494,0.6488103722970265,0,0.6821851564252671,0
real_20260626_143302_palletizer_005_part_2_refined_from_voxel005_hard,real_previous_registration,4822,2711,0.5190848623680757,0.12786880999992584,0.806390213507372,61.70601237853969,0.6110704037149918,0,0.12857908484684893,0
real_20260626_143302_palletizer_005_part_2_refined_from_voxel005_hard,real_previous_registration,4823,2039,0.27034441375338636,0.2099455782201748,0.568243662060732,71.19021913636136,0.4641335501942003,0,0.3371934318861576,0
real_20260626_143302_palletizer_005_part_2_refined_from_voxel005_hard,real_previous_registration,4825,3465,0.2594320262313145,0.23552406768323236,0.4453534789187464,71.55153335382143,1.8660223539900918,0,0.579102092514715,0
real_20260626_143302_palletizer_005_part_2_refined_from_voxel005_hard,real_previous_registration,4826,1507,0.49072882981989946,0.4879366639298429,0.03704867373757087,64.81204680852886,1.1306482443903625,0,0.2890485038971916,0
real_20260626_143302_palletizer_005_part_2_refined_from_voxel005_hard,real_previous_registration,4834,1608,0.30210446984462797,0.23945951347621958,0.02790240503111195,197.7169097721771,-0.7106838425371612,0,0.6713475603947365,0
real_20260626_143302_palletizer_005_part_2_refined_from_voxel005_hard,real_previous_registration,4835,2154,0.577892579602166,0.5352370796914553,0.05871503335573679,57.98926482728926,0.5722707162529179,0,0.13154587545454402,0
real_20260626_143302_palletizer_005_part_2_refined_from_voxel005_hard,real_previous_registration,4836,1119,0.3725999205548536,0.3296355396343995,0.6827385617342793,71.00066624552811,0.7893350766275757,0,0.3684613161164827,0
real_20260626_143302_palletizer_005_part_2_refined_from_voxel005_hard,real_previous_registration,4837,3571,0.5752002915402844,0.008046421933247318,0.05394874142271643,82.19502335831956,1.9517198290779083,0,0.23095355354282007,0
real_20260626_143302_palletizer_005_part_2_refined_from_voxel005_hard,real_previous_registration,4838,1485,0.08497170334056205,0.059623170344941745,0.6853063780309199,138.98623980488648,0.1743530538120833,0,0.8161034351422022,0
real_20260626_143302_palletizer_005_part_2_refined_from_voxel005_hard,real_previous_registration,4847,3713,0.2175325348848913,0.2102004410036605,0.9166472512914359,89.9485048982498,0.8086591434404785,0,0.39279254426085236,0
real_20260626_143302_palletizer_005_part_2_refined_from_voxel005_hard,real_previous_registration,4849,175,0.4750161866873952,0.32122275961120383,0.8191337295469446,39.88658042275888,1.45528531594313,0,0.507875450795312,0
real_20260626_143302_palletizer_005_part_2_refined_from_voxel005_hard,real_previous_registration,4850,3919,0.1702404064932844,0.009740954430307702,0.721478796946349,56.86989830612188,0.688030836305767,0,0.8598668942642199,0
real_20260626_143302_palletizer_005_part_2_refined_from_voxel005_hard,real_previous_registration,4851,451,0.24660117581542432,0.12645882306723624,0.10829407448113063,73.78577938431252,0.82097927934464,0,0.35700121309194555,0
real_20260626_143302_palletizer_005_part_2_refined_from_voxel005_hard,real_previous_registration,4853,1291,0.39975047627131277,0.2740683522937943,0.5602439773052235,41.869340826171545,0.2653249495696825,0,0.37182359700859274,0
real_20260626_143302_palletizer_005_part_2_refined_from_voxel005_hard,real_previous_registration,4858,1507,0.49165602542024794,0.4608699166609266,0.9795856267230374,111.19507739623317,0.6392410723182996,0,0.34173759652312086,0
real_20260626_143302_palletizer_005_part_2_refined_from_voxel005_hard,real_previous_registration,4866,1251,0.45606398328244485,0.3990634918634886,0.8392771628807003,82.9609870293933,1.0400326486861906,0,0.4404732808903709,0
real_20260626_143302_palletizer_005_part_2_refined_from_voxel005_hard,real_previous_registration,4870,3437,0.38788853481737956,0.24434493393233772,0.2657688135150164,92.14842673777683,1.0810728325361108,0,0.45790409260826626,0
real_20260626_143302_palletizer_005_part_2_refined_from_voxel005_hard,real_previous_registration,4877,3942,0.42688268510568583,0.23090710589052085,0.7343349371826426,146.72756831402762,0.258613292534826,0,0.26587019795383965,0
real_20260626_143302_palletizer_005_part_2_refined_from_voxel005_hard,real_previous_registration,4878,2682,0.11487766634092321,0.10314765980627716,0.33655255279405777,62.70903813134568,2.012625652344858,0,0.669697818607078,0
real_20260626_143302_palletizer_005_part_2_refined_from_voxel005_hard,real_previous_registration,4881,1864,0.4795303372806329,0.43628679204287235,0.3195410808490007,82.02462845731817,0.4046138862817201,0,0.45845275719003326,0
real_20260626_143302_palletizer_005_part_2_refined_from_voxel005_hard,real_previous_registration,4887,3571,0.33437739035496755,0.007886355525559177,0.5978588501803245,70.83473777273801,2.194949985632207,0,0.41757989006371565,0
real_20260626_143302_palletizer_005_part_2_refined_from_voxel005_hard,real_previous_registration,4888,314,0.1327762836183901,0.07832645790961672,0.19234832615109232,100.61476302350994,1.7249439511047158,0,0.8504716699010956,0
real_20260626_143302_palletizer_005_part_2_refined_from_voxel005_hard,real_previous_registration,4899,1507,0.5029890197299908,0.4941965447320573,0.9216902284206436,84.63083327915665,1.1188137936061007,0,0.29831047816667294,0
real_20260626_143302_palletizer_005_part_2_refined_from_voxel005_hard,real_previous_registration,4904,434,0.41648579480726644,0.3402570397687279,0.2198196965880079,134.99084140305163,1.4064932934491599,0,0.24081139350339764,0
real_20260626_143302_palletizer_005_part_2_refined_from_voxel005_hard,real_previous_registration,4907,2821,0.03363680545238975,0.018323373934533135,0.5403820266179653,93.1928510603261,-0.4787879104827806,1,0.6463022931356434,0
real_20260626_143302_palletizer_005_part_2_refined_from_voxel005_hard,real_previous_registration,4908,498,0.33099441051398254,0.32510168996989347,0.29670412254306555,109.9366017610485,-0.7783035166809541,0,0.7588466848647843,0
real_20260626_143302_palletizer_005_part_2_refined_from_voxel005_hard,real_previous_registration,4913,2470,0.33807509451858814,0.09667796803143988,0.19696893555270045,43.9183188914789,1.0928382312439286,0,0.35487019785035984,0
real_20260626_143302_palletizer_005_part_2_refined_from_voxel005_hard,real_previous_registration,4917,1686,0.12699673607793588,0.06560856434894546,0.05299638104472035,203.06703478078083,-0.17216895048177303,0,0.8740787504233576,0
real_20260626_143302_palletizer_005_part_2_refined_from_voxel005_hard,real_previous_registration,4918,354,0.08249108006865244,0.06983963112395469,0.17604071988308784,104.27502625634386,0.24334580863256552,0,0.8094081153597746,0
real_20260626_143302_palletizer_005_part_2_refined_from_voxel005_hard,real_previous_registration,4921,2723,0.1845951124545898,0.15002363910093708,0.4335231685219247,73.29028524128647,0.14381648703032257,0,0.6761291371668701,0
real_20260626_143302_palletizer_005_part_2_refined_from_voxel005_hard,real_previous_registration,4923,1574,0.24006000831288257,0.003418924604265308,0.6403170615108442,92.33057888433156,-0.5187923767524557,0,0.5406269784843131,0
real_20260626_143302_palletizer_005_part_2_refined_from_voxel005_hard,real_previous_registration,4925,1119,0.2925685476839384,0.28455208539802157,0.814050834490042,77.57447131697681,0.3899493079436904,0,0.46005082487535376,0
real_20260626_143302_palletizer_005_part_2_refined_from_voxel005_hard,real_previous_registration,4927,997,0.5861585467246563,0.34476508350535534,0.7369348464795182,69.8928825393831,1.254944936223786,0,0.17107887068357544,0
real_20260626_143302_palletizer_005_part_2_refined_from_voxel005_hard,real_previous_registration,4935,434,0.24446822209926483,0.1665364739950106,0.651407751345803,77.86939083859433,1.9661085563850877,0,0.4037093646661231,0
real_20260626_143302_palletizer_005_part_2_refined_from_voxel005_hard,real_previous_registration,4936,6,0.40010648558572043,0.39960277201618977,0.9848024924780548,68.17101506947725,1.3419567006360837,0,0.414139039318173,0
real_20260626_143302_palletizer_005_part_2_refined_from_voxel005_hard,real_previous_registration,4938,2977,0.4024265024751,0.27715961771947717,0.5927136588159156,73.3562257082087,1.3323864671687426,0,0.2558025266069204,0
real_20260626_143302_palletizer_005_part_2_refined_from_voxel005_hard,real_previous_registration,4940,997,0.35267000967370904,0.15835136311164708,0.5165755095994284,60.00404675157114,1.008812115310418,0,0.3913074763492571,0
real_20260626_143302_palletizer_005_part_2_refined_from_voxel005_hard,real_previous_registration,4941,3467,0.5875574919317557,0.06634817363268525,0.5375529653479252,63.34847713346681,0.579817884142493,0,0.22735883805563034,0
real_20260626_143302_palletizer_005_part_2_refined_from_voxel005_hard,real_previous_registration,4944,274,0.2949282732282169,0.21025225698870106,0.8361783715962028,91.83720497583093,0.8892394215883233,0,0.6951855332017459,0
real_20260626_143302_palletizer_005_part_2_refined_from_voxel005_hard,real_previous_registration,4946,3571,0.42116280711704335,0.09086798928470782,0.920108383343904,69.85008874747008,1.8284872817876507,0,0.28844828390145955,0
real_20260626_143302_palletizer_005_part_2_refined_from_voxel005_hard,real_previous_registration,4947,2284,0.11032180200510888,0.08120680765683505,0.5895793647354547,57.52076872079215,0.6033480488662076,0,0.7241350364784829,0
real_20260626_143302_palletizer_005_part_2_refined_from_voxel005_hard,real_previous_registration,4949,1258,0.2982552253075183,0.2132511762748303,0.20494712721006714,63.74757614345851,0.4256670932047057,0,0.4797715348724061,0
real_20260626_143302_palletizer_005_part_2_refined_from_voxel005_hard,real_previous_registration,4950,78,0.12832248288523243,0.036075156014880476,0.07689701261883634,118.18534926024405,-0.1516473341489202,0,0.7529436958486367,0
real_20260626_143302_palletizer_005_part_2_refined_from_voxel005_hard,real_previous_registration,4951,1521,0.34987015692760864,0.31859940046749496,0.8994850320630827,60.69637253443626,1.0187303964525893,0,0.38677038239876593,0
real_20260626_143302_palletizer_005_part_2_refined_from_voxel005_hard,real_previous_registration,4952,1525,0.543505714066081,0.424420289282663,0.6120481470467845,39.50926591170434,0.5452124657405916,0,0.3116996106674281,0
real_20260626_143302_palletizer_005_part_2_refined_from_voxel005_hard,real_previous_registration,4955,3801,0.08631634997289848,0.0295680362788905,0.002763331674338204,58.63621546732044,0.33865583995227344,0,0.7079735653379443,0
real_20260626_143302_palletizer_005_part_2_refined_from_voxel005_hard,real_previous_registration,4961,6,0.39587728162947877,0.38392803128559033,0.30684714950601016,40.910325732069545,1.4788157997874407,0,0.35616532259500244,0
real_20260626_143302_palletizer_005_part_2_refined_from_voxel005_hard,real_previous_registration,4972,2723,0.3952286395781751,0.38941894573250946,0.33636275674254823,58.358208946770276,0.6167224465444603,0,0.4399312731904273,0
real_20260626_143302_palletizer_005_part_2_refined_from_voxel005_hard,real_previous_registration,4973,3966,0.3069954819406012,0.2802586134957248,0.26180751562499804,66.91960103488744,3.1112212746240737,0,0.49215278656841055,0
real_20260626_143302_palletizer_005_part_2_refined_from_voxel005_hard,real_previous_registration,4974,6,0.39191315129362303,0.36944968364459607,0.6479691170628115,48.90155053550511,1.381177388661176,0,0.37077942542601733,0
real_20260626_143302_palletizer_005_part_2_refined_from_voxel005_hard,real_previous_registration,4983,1823,0.5275801748806163,0.01455818690706892,0.09365906121605573,65.79743283262505,1.7909035599199212,0,0.39472676382916794,0
real_20260626_143302_palletizer_005_part_2_refined_from_voxel005_hard,real_previous_registration,4987,4102,0.0520156209238411,0.015420035844425755,0.7920627019483331,84.84675383715569,1.7249456632112194,0,0.69154634721648,0
real_20260626_143302_palletizer_005_part_2_refined_from_voxel005_hard,real_previous_registration,4994,175,0.3611745432232104,0.2568017740119604,0.9894851898021755,60.14088835866433,1.2141234182170457,0,0.4549172242419587,0
real_20260626_143302_palletizer_005_part_2_refined_from_voxel005_hard,real_previous_registration,4998,238,0.516848360115926,0.11093998299080488,0.9943613230462349,153.59831700993564,1.3854405351342396,0,0.17608875591225853,0
real_20260626_143302_palletizer_005_part_2_refined_from_voxel005_hard,real_previous_registration,5000,3465,0.4119776773668167,0.4081954927737381,0.7979685254051826,72.03859194700736,2.4180903892412453,0,0.38462163205898986,0
real_20260626_143302_palletizer_005_part_2_refined_from_voxel005_hard,real_previous_registration,5001,4093,0.10429875597056289,0.10128682090187043,0.9673737107198777,73.91222731416553,0.6122528904836699,0,0.7009199884942955,0
real_20260626_143302_palletizer_005_part_2_refined_from_voxel005_hard,real_previous_registration,5005,1864,0.5060153892393752,0.4214681986578278,0.5322748258684461,86.79050401986787,0.6320035164328626,0,0.4542579065402815,0
real_20260626_143302_palletizer_005_part_2_refined_from_voxel005_hard,real_previous_registration,5011,3465,0.21371749054300537,0.17159991366071076,0.3624843044420555,68.49681547063354,1.9173155839040392,0,0.6526888429928982,0
real_20260626_143302_palletizer_005_part_2_refined_from_voxel005_hard,real_previous_registration,5012,2470,0.3260075391507071,0.002789309184433743,0.2212768818193243,57.778924633551945,0.6122528904836699,0,0.3877914406397896,0
real_20260626_143302_palletizer_005_part_2_refined_from_voxel005_hard,real_previous_registration,5014,3594,0.15136020597668592,0.013290031657654045,0.8491647033386412,84.8781889612683,0.1453656247816799,0,0.6597384124146188,0
real_20260626_143302_palletizer_005_part_2_refined_from_voxel005_hard,real_previous_registration,5016,1291,0.3858962122918207,0.288455356180882,0.7821203858899672,47.680302557934084,0.361951719850713,0,0.4076056931316528,0
real_20260626_143302_palletizer_005_part_2_refined_from_voxel005_hard,real_previous_registration,5023,3157,0.033052483954400774,0.008550592905097234,0.3722135241552833,164.78896758489014,-0.9307718365587293,0,0.7391971162900265,0
real_20260626_143302_palletizer_005_part_2_refined_from_voxel005_hard,real_previous_registration,5028,1181,0.04669148793844399,0.018428758561125226,0.02421897800840763,176.75603273267782,-0.12932883489745653,1,0.753916769923519,0
real_20260626_143302_palletizer_005_part_2_refined_from_voxel005_hard,real_previous_registration,5030,655,0.4994151980163569,0.13374598224698847,0.3301284878761188,79.79979722887843,0.9209880952053421,0,0.37098200898240097,0
real_20260626_143302_palletizer_005_part_2_refined_from_voxel005_hard,real_previous_registration,5041,2723,0.31722820236266375,0.30950834415270534,0.28435793553856514,58.81668064929189,0.5257507359715337,0,0.5282682395927824,0
real_20260626_143302_palletizer_005_part_2_refined_from_voxel005_hard,real_previous_registration,5045,3713,0.32829641821746125,0.28833414244993505,0.8558145907429054,102.71456938072177,0.7778875079744648,0,0.4595510804295342,0
real_20260626_143302_palletizer_005_part_2_refined_from_voxel005_hard,real_previous_registration,5049,451,0.251433579395993,0.12180825777570246,0.35733725223973106,57.550934442261514,1.0880418302188921,0,0.37412314197409874,0
real_20260626_143302_palletizer_005_part_2_refined_from_voxel005_hard,real_previous_registration,5050,1823,0.3658474489893565,0.17386266739641976,0.3310785597556036,59.01154803655607,2.2448206710233274,0,0.40644100930864285,0
real_20260626_143302_palletizer_005_part_2_refined_from_voxel005_hard,real_previous_registration,5057,1507,0.40652807312526984,0.3979962677013079,0.954205426177538,74.79857966217327,0.8468802604140027,0,0.3756842257942434,0
real_20260626_143302_palletizer_005_part_2_refined_from_voxel005_hard,real_previous_registration,5058,1323,0.5155203529134104,0.3394384251643992,0.34482266687432994,65.3616048404907,0.47218715898362884,0,0.3068746984608876,0
real_20260626_143302_palletizer_005_part_2_refined_from_voxel005_hard,real_previous_registration,5059,2977,0.4784437230057567,0.4068530764214511,0.28667873334556476,156.5272708978297,0.9920610432477387,0,0.19215185238928148,0
real_20260626_143302_palletizer_005_part_2_refined_from_voxel005_hard,real_previous_registration,5065,293,0.34312026676299184,0.33158731288318444,0.8019747163724427,79.12545982388053,1.68790545241597,0,0.4001362762273468,0
real_20260626_143302_palletizer_005_part_2_refined_from_voxel005_hard,real_previous_registration,5066,498,0.2755105439733401,0.221589563095129,0.903045628451876,98.79353064538537,-0.14231603100404214,0,0.5975047033006785,0
real_20260626_143302_palletizer_005_part_2_refined_from_voxel005_hard,real_previous_registration,5070,1928,0.5966822286447203,0.4784633568727905,0.5170772725368853,73.91279944727634,-0.016164922303104123,0,0.2558557246068637,0
real_20260626_143302_palletizer_005_part_2_refined_from_voxel005_hard,real_previous_registration,5073,1823,0.34878047963822806,0.2773484270927363,0.379788915933735,70.4720782789789,1.8725815091653926,0,0.419153345304714,0
real_20260626_143302_palletizer_005_part_2_refined_from_voxel005_hard,real_previous_registration,5077,655,0.5919776480666732,0.043792527773479306,0.999143465686624,108.65479675694185,0.4756775080465082,0,0.3822432377250917,0
real_20260626_143302_palletizer_005_part_2_refined_from_voxel005_hard,real_previous_registration,5103,2723,0.27218285572823336,0.2617489507702624,0.02171188191060286,56.34317700048917,0.35290806988252194,0,0.5344614941288605,0
real_20260626_143302_palletizer_005_part_2_refined_from_voxel005_hard,real_previous_registration,5105,3978,0.46798520948259786,0.15002334496997494,0.3705058565449624,87.4456077771678,0.4664892274466793,0,0.3986508787147783,0
real_20260626_143302_palletizer_005_part_2_refined_from_voxel005_hard,real_previous_registration,5115,3801,0.041721755653400944,0.0009525254139109256,0.11769465327780336,66.92670144770693,0.5057096961775243,1,0.7097376353204959,0
real_20260626_143302_palletizer_005_part_2_refined_from_voxel005_hard,real_previous_registration,5124,1823,0.3072675094825251,0.09213568821937952,0.25386309684353087,65.74434327672759,2.0182931900710637,0,0.4137192764894608,0
real_20260626_143302_palletizer_005_part_2_refined_from_voxel005_hard,real_previous_registration,5129,434,0.31361218112114264,0.2873149325162707,0.6727919216399699,72.35037793773256,1.8447477897033335,0,0.33009789573457304,0
real_20260626_143302_palletizer_005_part_2_refined_from_voxel005_hard,real_previous_registration,5130,84,0.15565682119005472,0.13371081788278705,0.5524901211044138,60.61938204428475,-0.03109054759639714,0,0.6208975221989309,0
real_20260626_143302_palletizer_005_part_2_refined_from_voxel005_hard,real_previous_registration,5132,3966,0.06336838091537202,0.015688186377409763,0.11306949574393023,75.03552857474276,3.088231782297866,0,0.7523884829205165,0
real_20260626_143302_palletizer_005_part_2_refined_from_voxel005_hard,real_previous_registration,5137,3613,0.5108945352414299,0.07867921285208146,0.7201265774729024,69.3214503761036,0.42566735928582894,0,0.3041908954487539,0
real_20260626_143302_palletizer_005_part_2_refined_from_voxel005_hard,real_previous_registration,5138,175,0.4024315887416751,0.2532713897212484,0.7564111986552937,62.41412567602988,1.314928046147696,0,0.36638125344958195,0
real_20260626_143302_palletizer_005_part_2_refined_from_voxel005_hard,real_previous_registration,5144,3614,0.47502683694066744,0.15756450949221415,0.8338741440432432,58.83935714995162,1.19292162839744,0,0.31970975864371204,0
real_20260626_143302_palletizer_005_part_2_refined_from_voxel005_hard,real_previous_registration,5157,1823,0.263185894351779,0.17636544995193132,0.40546410748169126,64.12618078995807,2.1748621303991493,0,0.47315898135597817,0
real_20260626_143302_palletizer_005_part_2_refined_from_voxel005_hard,real_previous_registration,5160,1119,0.4877978752612516,0.43964145601732446,0.5675893998139029,58.10867848355112,0.42566735928582894,0,0.2584637988711731,0
real_20260626_143302_palletizer_005_part_2_refined_from_voxel005_hard,real_previous_registration,5167,2470,0.36624981328166417,0.035033978042889505,0.2640811349974135,42.40295933526301,1.2047560791817018,0,0.3847847517367728,0
real_20260626_143302_palletizer_005_part_2_refined_from_voxel005_hard,real_previous_registration,5170,1698,0.49993347161369067,0.4184582935606861,0.042589613038310936,93.03396433893194,0.5798177095397506,0,0.37746907523269213,0
real_20260626_143302_palletizer_005_part_2_refined_from_voxel005_hard,real_previous_registration,5171,175,0.34794481477054817,0.2548510692912942,0.9501031258726778,65.77965668052484,1.2585751485085883,0,0.4313434043175753,0
real_20260626_143302_palletizer_005_part_2_refined_from_voxel005_hard,real_previous_registration,5173,498,0.17156977583001326,0.11667347017957441,0.6817117201294782,86.16368804089593,-0.11332853530720198,0,0.5890905675236744,0
real_20260626_143302_palletizer_005_part_2_refined_from_voxel005_hard,real_previous_registration,5175,852,0.5230600965466736,0.4314516388233279,0.0015100441859572378,63.45806118332192,0.40319440654409106,0,0.3789252312831325,0
real_20260626_143302_palletizer_005_part_2_refined_from_voxel005_hard,real_previous_registration,5176,2039,0.5291949921616533,0.3504188920621013,0.6429510530917864,65.03103223276007,0.322483173820123,0,0.1061315758873332,0
real_20260626_143302_palletizer_005_part_2_refined_from_voxel005_hard,real_previous_registration,5178,2682,0.21799245539950746,0.21589639952969553,0.5814956300103019,57.975330564251934,1.98963616001865,0,0.5587439087767699,0
real_20260626_143302_palletizer_005_part_2_refined_from_voxel005_hard,real_previous_registration,5189,2745,0.10190370830043985,0.06798227901642646,0.021762942402982155,71.92010566243692,0.37687709054281004,0,0.7782850192997885,0
real_20260626_143302_palletizer_005_part_2_refined_from_voxel005_hard,real_previous_registration,5190,274,0.5087970721881753,0.2000815652751353,0.3716651408638332,76.63901975090518,1.0928382312439286,0,0.5469337292373541,0
real_20260626_143302_palletizer_005_part_2_refined_from_voxel005_hard,real_previous_registration,5191,2470,0.3437604884200057,0.08913287723659719,0.08926931115805106,56.552624195502375,0.8892394215883233,0,0.4275065230335711,0
real_20260626_143302_palletizer_005_part_2_refined_from_voxel005_hard,real_previous_registration,5192,3220,0.1327192531039573,0.002634679257511083,0.6375409844125619,140.5780232144973,-0.18046753865080475,0,0.7402402875008223,0
real_20260626_143302_palletizer_005_part_2_refined_from_voxel005_hard,real_previous_registration,5203,3571,0.3308517779796079,0.08252055244828073,0.12474928426636536,44.875180856963844,2.112062373946501,0,0.40545527131381953,0
real_20260626_143302_palletizer_005_part_2_refined_from_voxel005_hard,real_previous_registration,5206,1507,0.5320387325084969,0.5251151502279351,0.771823435015424,74.06519964333835,1.1423442774504111,0,0.2668000785120445,0
real_20260626_143302_palletizer_005_part_2_refined_from_voxel005_hard,real_previous_registration,5207,2972,0.5154568597094126,0.3706758571930934,0.8896267038448034,45.824872624704255,0.6263378644238774,0,0.30101061138049284,0
real_20260626_143302_palletizer_005_part_2_refined_from_voxel005_hard,real_previous_registration,5208,1507,0.561757549497681,0.5281871701271728,0.9906361350683077,89.38713678963498,0.8468802604140027,0,0.32126516079699463,0
real_20260626_143302_palletizer_005_part_2_refined_from_voxel005_hard,real_previous_registration,5214,274,0.18812187491669766,0.13236605189783007,0.10548905662647165,96.35378592387865,0.9052397503899714,0,0.6908270673859999,0
real_20260626_143302_palletizer_005_part_2_refined_from_voxel005_hard,real_previous_registration,5217,2977,0.26977758155762677,0.22395180519871355,0.7462544365268144,86.11177215672322,1.5082769816474269,0,0.35176449242681657,0
real_20260626_143302_palletizer_005_part_2_refined_from_voxel005_hard,real_previous_registration,5229,1823,0.5428635629796263,0.006379727303435806,0.47649155880183247,68.37505284678139,1.8325762137673411,0,0.4061663117023594,0
real_20260626_143302_palletizer_005_part_2_refined_from_voxel005_hard,real_previous_registration,5232,314,0.2630744421646132,0.06112003029434783,0.19414203559315818,99.10196516280492,1.6941723388394074,0,0.5457409710979961,0
real_20260626_143302_palletizer_005_part_2_refined_from_voxel005_hard,real_previous_registration,5233,2972,0.5560153747434341,0.36328593221842487,0.17960798130548308,74.92687847488457,0.7674163649964504,0,0.35986598353901567,0
real_20260626_143302_palletizer_005_part_2_refined_from_voxel005_hard,real_previous_registration,5237,3465,0.21848908978908918,0.11844383790620255,0.34568188537832883,68.74131632947426,1.9173155839040392,0,0.7215175883487457,0
real_20260626_143302_palletizer_005_part_2_refined_from_voxel005_hard,real_previous_registration,5239,3437,0.4277074783849977,0.3170118175793262,0.05647487690781158,96.7404917603791,1.1371622477885999,0,0.5048336916463464,0
real_20260626_143302_palletizer_005_part_2_refined_from_voxel005_hard,real_previous_registration,5248,693,0.3714303756607651,0.28339055270627256,0.2946851420487166,37.13099807435798,1.3599753634109901,0,0.3895258531888008,0
real_20260626_143302_palletizer_005_part_2_refined_from_voxel005_hard,real_previous_registration,5249,1291,0.4314826718893048,0.3293548921755794,0.6868373983382093,46.18241338855383,0.2938983020096702,0,0.3900049297617069,0
real_20260626_143302_palletizer_005_part_2_refined_from_voxel005_hard,real_previous_registration,5254,274,0.5245531253082408,0.041999217735198185,0.43783980110878484,91.87323579951392,0.5462949937749682,0,0.37960108028692413,0
real_20260626_143302_palletizer_005_part_2_refined_from_voxel005_hard,real_previous_registration,5256,175,0.5136024048458999,0.35817685094344215,0.13178787767050354,43.48277009766699,1.2585751485085883,0,0.3733591338014961,0
real_20260626_143302_palletizer_005_part_2_refined_from_voxel005_hard,real_previous_registration,5262,3801,0.06985861563663992,0.0560434548480675,0.08796862995049563,61.011517893438416,0.6263375411924155,0,0.7116381598856008,0
real_20260626_143302_palletizer_005_part_2_refined_from_voxel005_hard,real_previous_registration,5267,238,0.4135349079707963,0.09766901142696192,0.9703371333585431,86.89005642811254,1.1988547934106466,0,0.2535043201843957,0
real_20260626_143302_palletizer_005_part_2_refined_from_voxel005_hard,real_previous_registration,5272,274,0.3163378457134904,0.19998094469013766,0.8283034085067779,64.9423557877117,0.9052397503899714,0,0.651614653844038,0
real_20260626_143302_palletizer_005_part_2_refined_from_voxel005_hard,real_previous_registration,5277,2921,0.5674537612864282,0.41546204894497774,0.06616285538070732,82.98508938978011,1.6784282422590977,0,0.25642951128235936,0
real_20260626_143302_palletizer_005_part_2_refined_from_voxel005_hard,real_previous_registration,5280,1507,0.4251677272232,0.4040930790169482,0.9982522553433832,77.34162620967963,0.7655346858434732,0,0.38064943741069507,0
real_20260626_143302_palletizer_005_part_2_refined_from_voxel005_hard,real_previous_registration,5287,693,0.39036696279272365,0.05889132736767609,0.5904812927407265,67.1939351111846,1.1188134656849058,0,0.5343129284508568,0
real_20260626_143302_palletizer_005_part_2_refined_from_voxel005_hard,real_previous_registration,5289,1574,0.2730808297686476,0.2505217224508278,0.8098254258175118,147.2915053926603,0.02020266565093876,0,0.8073807409059165,0
real_20260626_143302_palletizer_005_part_2_refined_from_voxel005_hard,real_previous_registration,5296,3437,0.3696203784509981,0.18744702041960254,0.25563873539403725,69.74236515411123,1.3345215223814173,0,0.42498139933782286,0
real_20260626_143302_palletizer_005_part_2_refined_from_voxel005_hard,real_previous_registration,5297,3763,0.32181792970480677,0.04527157917354509,0.8898369952004909,76.96716364426345,1.36393538638937,0,0.32309308049477825,0
real_20260626_143302_palletizer_005_part_2_refined_from_voxel005_hard,real_previous_registration,5302,1507,0.5464123788431776,0.5105720213286417,0.9818548230572202,106.03625209009004,0.619823004937802,0,0.3381762191652567,0
real_20260626_143302_palletizer_005_part_2_refined_from_voxel005_hard,real_previous_registration,5303,1864,0.48518979301971427,0.38435534808222266,0.7898711390932348,102.92414178684534,0.6320035164328626,0,0.4590062692899351,0
real_20260626_143302_palletizer_005_part_2_refined_from_voxel005_hard,real_previous_registration,5304,1823,0.5877396640109562,0.2422209499784966,0.07673164329886734,95.55602440253075,1.966107481391981,0,0.16084072394332805,0
real_20260626_143302_palletizer_005_part_2_refined_from_voxel005_hard,real_previous_registration,5305,256,0.13687067240864115,0.0043394724844351,0.5817935256473531,92.56445051301809,0.7339680917485373,0,0.6446511538464197,0
real_20260626_143302_palletizer_005_part_2_refined_from_voxel005_hard,real_previous_registration,5306,314,0.15910233889523215,0.08058881745273598,0.06072253728003031,129.02290890292116,1.7547968705824468,0,0.6115658135946861,0
real_20260626_143302_palletizer_005_part_2_refined_from_voxel005_hard,real_previous_registration,5308,1555,0.3560354947106995,0.04413725245946726,0.9811838978608883,84.9704841568657,0.42566727375971675,0,0.30047788544306764,0
real_20260626_143302_palletizer_005_part_2_refined_from_voxel005_hard,real_previous_registration,5310,2400,0.3639369263676741,0.34916976815052125,0.05802597819445879,206.55991614867048,-0.41511460725723326,0,0.6530926438274888,0
real_20260626_143302_palletizer_005_part_2_refined_from_voxel005_hard,real_previous_registration,5311,2977,0.34314766478231656,0.2652080204241306,0.6032253927083195,63.30532313151478,1.524277310449075,0,0.28727206956748025,0
real_20260626_143302_palletizer_005_part_2_refined_from_voxel005_hard,real_previous_registration,5315,2470,0.332838717843729,0.04784829017750058,0.323462158300205,46.071683043969315,1.0387710457923427,0,0.36301716638900633,0
real_20260626_143302_palletizer_005_part_2_refined_from_voxel005_hard,real_previous_registration,5324,2921,0.16620349919474325,0.0029869972631779845,0.0938282688262499,78.78786463605395,0.7133482941311752,0,0.662683954203448,0
real_20260626_143302_palletizer_005_part_2_refined_from_voxel005_hard,real_previous_registration,5334,175,0.4310868322456674,0.22288643154930993,0.724880265234787,83.90101635611143,0.8086586813206583,0,0.37174237903987306,0
real_20260626_143302_palletizer_005_part_2_refined_from_voxel005_hard,real_previous_registration,5336,1823,0.3600137989980667,0.2838806208946081,0.3947500198063691,68.89569917000186,2.001198771030863,0,0.40704264027606235,0
real_20260626_143302_palletizer_005_part_2_refined_from_voxel005_hard,real_previous_registration,5337,3465,0.1909835886684909,0.06818794608405607,0.958796353489393,67.89619580663272,2.057077366496772,0,0.8569695401374352,0
real_20260626_143302_palletizer_005_part_2_refined_from_voxel005_hard,real_previous_registration,5342,175,0.5712500489628267,0.21122930846419996,0.754787347091842,105.74929931515452,0.4584567188957119,0,0.5805098452160812,0
real_20260626_143302_palletizer_005_part_2_refined_from_voxel005_hard,real_previous_registration,5344,3966,0.4006028177084671,0.39837090994272095,0.6904303698157908,68.00208834311326,3.575526469119183,0,0.365249910148387,0
real_20260626_143302_palletizer_005_part_2_refined_from_voxel005_hard,real_previous_registration,5349,13,0.24625574487777668,0.24553966845872643,0.5716461936837484,50.571774798098645,-0.7563249517484636,0,0.5668555807065246,0
real_20260626_143302_palletizer_005_part_2_refined_from_voxel005_hard,real_previous_registration,5350,451,0.2229320726510932,0.10941091606444064,0.3978433668561603,76.48000925461798,0.9364920573756783,0,0.39943659761226896,0
real_20260626_143302_palletizer_005_part_2_refined_from_voxel005_hard,real_previous_registration,5357,2215,0.5831425569433178,0.007633592194120839,0.9019126884405079,150.69909460572,0.5368928395975073,0,0.2804219243216368,0
real_20260626_143302_palletizer_005_part_2_refined_from_voxel005_hard,real_previous_registration,5367,3713,0.31354317239469115,0.29634726510592624,0.09254065334885388,70.73868022846071,0.49020569073078957,0,0.33524568537001725,0
real_20260626_143302_palletizer_005_part_2_refined_from_voxel005_hard,real_previous_registration,5368,3465,0.4033436751058977,0.31985618452813724,0.13836300746218444,77.73914681374909,2.4180903892412453,0,0.5813926381131641,0
real_20260626_143302_palletizer_005_part_2_refined_from_voxel005_hard,real_previous_registration,5371,2470,0.3365623439754307,0.002117448888432856,0.07204849903463222,39.97309882308648,1.272964291199207,0,0.41193518639024784,0
real_20260626_143302_palletizer_005_part_2_refined_from_voxel005_hard,real_previous_registration,5373,997,0.372090756046436,0.23911327677775102,0.1569052667207581,57.664641181853625,1.6543307049076712,0,0.3689355017682634,0
real_20260626_143302_palletizer_005_part_2_refined_from_voxel005_hard,real_previous_registration,5376,2215,0.5843826404155538,0.058446179157253184,0.991436786372818,153.71765418890266,0.23151149706355828,0,0.304590475496986,0
real_20260626_143302_palletizer_005_part_2_refined_from_voxel005_hard,real_previous_registration,5377,13,0.33195281450414305,0.3204363740886089,0.5973987461932242,54.57391270536526,-0.10763055055612174,0,0.4655886784380509,0
real_20260626_143302_palletizer_005_part_2_refined_from_voxel005_hard,real_previous_registration,5378,1823,0.572099211843189,0.37710858150206095,0.02817271722855682,68.20944339438115,1.911047753737211,0,0.20283795903142798,0
real_20260626_143302_palletizer_005_part_2_refined_from_voxel005_hard,real_previous_registration,5381,2039,0.5714269544135473,0.3936049870877749,0.8621919469408812,77.43176784099833,0.322483173820123,0,0.06233746924717299,1
real_20260626_143302_palletizer_005_part_2_refined_from_voxel005_hard,real_previous_registration,5383,1258,0.4982189404813201,0.33359762209257815,0.6262862083208067,142.0394932047648,-0.16211848281059954,0,0.29519449211258003,0
real_20260626_143302_palletizer_005_part_2_refined_from_voxel005_hard,real_previous_registration,5389,3571,0.5714792613141076,0.10014281044815589,0.936517527475202,45.58441412424343,1.7951508887498229,0,0.18541231199725225,0
real_20260626_143302_palletizer_005_part_2_refined_from_voxel005_hard,real_previous_registration,5395,434,0.5176288621265464,0.4598726218921443,0.45151495114761286,191.13019470821692,1.4311858761615186,0,0.12436190671884162,0
real_20260626_143302_palletizer_005_part_2_refined_from_voxel005_hard,real_previous_registration,5396,1823,0.37432666892106903,0.011171275429144895,0.13710603638833657,55.84917923719286,2.395102781678002,0,0.47337244182071025,0
real_20260626_143302_palletizer_005_part_2_refined_from_voxel005_hard,real_previous_registration,5397,3614,0.5833430127872803,0.20789688126117786,0.9888902153382486,63.76555199855362,0.93649226996247,0,0.2950597790911425,0
real_20260626_143302_palletizer_005_part_2_refined_from_voxel005_hard,real_previous_registration,5403,1251,0.4662940468987867,0.40883010476358056,0.8384958591423639,83.20550716992477,1.1188134656849058,0,0.41289871384231097,0
real_20260626_143302_palletizer_005_part_2_refined_from_voxel005_hard,real_previous_registration,5404,1823,0.4348022438643517,0.00833476094415636,0.30383563144463976,66.67368553773649,2.1454482663911967,0,0.4212583423699913,0
real_20260626_143302_palletizer_005_part_2_refined_from_voxel005_hard,real_previous_registration,5406,2972,0.4978956581635374,0.34987836142776835,0.8276541056621319,47.44868971950909,0.6561908057375674,0,0.3062594247646575,0
real_20260626_143302_palletizer_005_part_2_refined_from_voxel005_hard,real_previous_registration,5407,1119,0.440330074948217,0.42300768297211094,0.6664340933973533,75.3097948207558,0.7520637045225192,0,0.3061204008815466,0
real_20260626_143302_palletizer_005_part_2_refined_from_voxel005_hard,real_previous_registration,5414,238,0.5345581562053094,0.10216776986427244,0.9906012093898128,149.53184878211118,1.341955469530149,0,0.24752996877351188,0
real_20260626_143302_palletizer_005_part_2_refined_from_voxel005_hard,real_previous_registration,5418,451,0.30739025540200976,0.0625618328582514,0.15437876844101303,53.24964305646184,0.972210108717817,0,0.33769346421655005,0
real_20260626_143302_palletizer_005_part_2_refined_from_voxel005_hard,real_previous_registration,5419,498,0.408007794312237,0.3726503034181282,0.27235869445958333,109.81627935272054,-0.577633316167073,0,0.7447343959412984,0
real_20260626_143302_palletizer_005_part_2_refined_from_voxel005_hard,real_previous_registration,5422,1823,0.5289378723053263,0.3472860580504685,0.0015385498016855167,69.1696445551085,1.8325762137673411,0,0.2315832521237846,0
real_20260626_143302_palletizer_005_part_2_refined_from_voxel005_hard,real_previous_registration,5426,498,0.40083095156214993,0.35754678361950215,0.2723586944595784,104.9351605149169,-0.577633316167073,0,0.7681923797218003,0
real_20260626_143302_palletizer_005_part_2_refined_from_voxel005_hard,real_previous_registration,5427,3743,0.02769937365255101,0.020467974795511122,0.5253761186320359,162.37040196348966,-0.7599550598288763,1,0.760051123084354,0
real_20260626_143302_palletizer_005_part_2_refined_from_voxel005_hard,real_previous_registration,5428,1291,0.36719965192762627,0.25172451194513834,0.639038487600227,59.42427770482316,0.2938983020096702,0,0.4009076315424102,0
real_20260626_143302_palletizer_005_part_2_refined_from_voxel005_hard,real_previous_registration,5429,3437,0.3479061818640391,0.13242601192661393,0.6778674733874551,70.58662870460066,1.5242779312579626,0,0.4033478733808437,0
real_20260626_143302_palletizer_005_part_2_refined_from_voxel005_hard,real_previous_registration,5440,1823,0.4043606445156214,0.04460656302769582,0.02441166906811873,59.8947456611643,2.284560973874332,0,0.39384791691412296,0
real_20260626_143302_palletizer_005_part_2_refined_from_voxel005_hard,real_previous_registration,5449,2972,0.5507475447903866,0.34384577254703136,0.5850771857831422,64.523829503356,0.5955662289578636,0,0.265483930419868,0
real_20260626_143302_palletizer_005_part_2_refined_from_voxel005_hard,real_previous_registration,5453,1323,0.5140229667006374,0.3113200969704768,0.30115176264715504,63.41450243514521,0.7988710788813012,0,0.2846211556313316,0
real_20260626_143302_palletizer_005_part_2_refined_from_voxel005_hard,real_previous_registration,5455,3331,0.10636265841582303,0.09897276132041785,0.39792919561301443,116.58444675330296,-0.46530453875335287,0,0.6322202667329158,0
real_20260626_143302_palletizer_005_part_2_refined_from_voxel005_hard,real_previous_registration,5458,3966,0.5028550996020159,0.4801702506854474,0.9973378644647966,93.53742406014064,3.2782751879587444,0,0.2998199868748175,0
real_20260626_143302_palletizer_005_part_2_refined_from_voxel005_hard,real_previous_registration,5459,274,0.28484689003824915,0.09678391488234818,0.168436811857178,71.7333189366627,0.9517597306713557,0,0.44384926377927875,0
real_20260626_143302_palletizer_005_part_2_refined_from_voxel005_hard,real_previous_registration,5464,2977,0.28192792467363414,0.19656304939290323,0.5623032817870265,95.25398803286753,1.4064943720148333,0,0.3896634555867276,0
real_20260626_143302_palletizer_005_part_2_refined_from_voxel005_hard,real_previous_registration,5466,3465,0.40299077239171927,0.39237596487509924,0.8566343176899693,89.31497846839702,2.1987277428708496,0,0.3998213438427609,0
real_20260626_143302_palletizer_005_part_2_refined_from_voxel005_hard,real_previous_registration,5467,274,0.4733172004841146,0.151720092635881,0.1586823684338266,95.2887137978015,1.1315527189409569,0,0.5055852514077418,0
real_20260626_143302_palletizer_005_part_2_refined_from_voxel005_hard,real_previous_registration,5468,1258,0.4317137953045453,0.2574277740271447,0.968206865016376,55.74360983138821,0.6922954379011174,0,0.3411092205383782,0
real_20260626_143302_palletizer_005_part_2_refined_from_voxel005_hard,real_previous_registration,5470,2711,0.362692702521723,0.07558478669081602,0.9761475910820145,75.89160521813642,0.44401645611464985,0,0.28160329071445184,0
real_20260626_143302_palletizer_005_part_2_refined_from_voxel005_hard,real_previous_registration,5471,1515,0.550049185399429,0.5299590482397221,0.40870195005129545,52.65288280085856,0.2868310242361917,0,0.2067943125852111,0
real_20260626_143302_palletizer_005_part_2_refined_from_voxel005_hard,real_previous_registration,5476,693,0.3718835966026218,0.3228495389089163,0.6464384813376871,60.343155375405246,1.0400326486861906,0,0.38762439237418195,0
real_20260626_143302_palletizer_005_part_2_refined_from_voxel005_hard,real_previous_registration,5478,2977,0.5676054465559378,0.4638693867731059,0.31531179644791263,193.50485500327062,1.1423430615078638,0,0.05838219377476042,1
real_20260626_143302_palletizer_005_part_2_refined_from_voxel005_hard,real_previous_registration,5483,3571,0.4309818495797275,0.033056366344524954,0.9752076191785586,57.13445841520595,1.9223059650699557,0,0.3279033314710515,0
real_20260626_143302_palletizer_005_part_2_refined_from_voxel005_hard,real_previous_registration,5484,563,0.3465358515277804,0.339081195194965,0.21713724180137003,36.54505015654704,0.7133492168254908,0,0.4108494490259106,0
real_20260626_143302_palletizer_005_part_2_refined_from_voxel005_hard,real_previous_registration,5486,2977,0.5455255205561552,0.4218849786315713,0.432226714480337,166.33945362495143,1.25234383802077,0,0.11757015931046967,0
real_20260626_143302_palletizer_005_part_2_refined_from_voxel005_hard,real_previous_registration,5488,4102,0.15558657817517837,0.13889482616132834,0.6138566172517523,96.62363841853872,1.6043178181963282,0,0.8157109355114899,0
real_20260626_143302_palletizer_005_part_2_refined_from_voxel005_hard,real_previous_registration,5496,274,0.5287853929880134,0.16250788976427338,0.5784647711784071,101.55252153058076,1.1441314933946574,0,0.50072706208559,0
real_20260626_143302_palletizer_005_part_2_refined_from_voxel005_hard,real_previous_registration,5508,3465,0.2641532308100673,0.1732663352467992,0.18846899230987385,85.79532379491228,2.035098483449469,0,0.5813770466407014,0
real_20260626_143302_palletizer_005_part_2_refined_from_voxel005_hard,real_previous_registration,5510,725,0.026948628402932957,0.00509890983710282,0.37081773543815333,77.34928407848909,-0.4762335159538339,1,0.6889821756738996,0
real_20260626_143302_palletizer_005_part_2_refined_from_voxel005_hard,real_previous_registration,5513,451,0.5874363287724675,0.3163450305045734,0.3823170814536594,64.96513102420985,0.5667454304337523,0,0.06422025344498836,1
real_20260626_143302_palletizer_005_part_2_refined_from_voxel005_hard,real_previous_registration,5519,1686,0.17706315512616239,0.11209959055767557,0.010464253505408971,210.26885384490532,-0.577633316167073,0,0.920600624820957,0
real_20260626_143302_palletizer_005_part_2_refined_from_voxel005_hard,real_previous_registration,5520,3571,0.32755347384740824,0.03630208456435785,0.5192211186094501,80.82233554429904,2.171960480356761,0,0.3810028884391173,0
real_20260626_143302_palletizer_005_part_2_refined_from_voxel005_hard,real_previous_registration,5521,3763,0.4194945161051764,0.004731482154106369,0.9480251212584807,62.027586973142824,1.1001210097274314,0,0.23395437398791152,0
real_20260626_143302_palletizer_005_part_2_refined_from_voxel005_hard,real_previous_registration,5522,2400,0.21025792769743157,0.15514889425625789,0.24203911399020114,200.29114189942695,-0.41511460725723326,0,0.6296661662614714,0
real_20260626_143302_palletizer_005_part_2_refined_from_voxel005_hard,real_previous_registration,5524,256,0.17622580955880418,0.060256172960337695,0.8269126663437867,100.84260663370422,0.9364921725268445,0,0.6734810058965348,0
real_20260626_143302_palletizer_005_part_2_refined_from_voxel005_hard,real_previous_registration,5525,3465,0.24481743960924582,0.21644088250401483,0.9652849273359229,73.23083921532695,2.1202562029009795,0,0.5696512311542514,0
real_20260626_143302_palletizer_005_part_2_refined_from_voxel005_hard,real_previous_registration,5527,1507,0.48031824808702916,0.4798102995988105,0.14433794449886872,60.90788520813024,1.15390509330244,0,0.2929082766007119,0
real_20260626_143302_palletizer_005_part_2_refined_from_voxel005_hard,real_previous_registration,5528,238,0.23972785439986943,0.002203013748880399,0.6593889304962693,66.13114539096503,1.524276844842803,0,0.42518577059852897,0
real_20260626_143302_palletizer_005_part_2_refined_from_voxel005_hard,real_previous_registration,5533,3942,0.22967368832471807,0.14330429582531365,0.8015599569005771,81.16450224069068,0.9209880952053421,0,0.38232581582555786,0
real_20260626_143302_palletizer_005_part_2_refined_from_voxel005_hard,real_previous_registration,5538,274,0.3858692065105116,0.019017181858444088,0.8571882097185028,104.95106165990903,1.0928382312439286,0,0.42463630734031377,0
