sample_id,scenario,source_index,target_index,distance_T0,point_to_plane_residual,normal_dot_abs,fpfh_distance,log_normalized_density_ratio,is_mutual_nn,label_distance,target_weight
boxes_cylinder_strong_noise_hard_mixed,strong_noise,0,652,0.04825373633250734,0.039448927405036756,0.5676174605787656,61.025829062951296,0.16705394180614583,0,0.195105708358252,0
boxes_cylinder_strong_noise_hard_mixed,strong_noise,4,2194,0.034522168339575214,0.021728917362789132,0.5404768697610127,86.97124376308753,-0.49623937338999496,1,0.12847484550880917,0
boxes_cylinder_strong_noise_hard_mixed,strong_noise,5,2134,0.1886908073530427,0.18030040843239992,0.9927356181336534,49.485836488827815,-0.6292766620560203,0,0.08332250546906216,0
boxes_cylinder_strong_noise_hard_mixed,strong_noise,8,34,0.058767335493715864,0.01618360939322582,0.9766573204227317,125.26463757282545,0.372497633314557,0,0.06916558721793455,1
boxes_cylinder_strong_noise_hard_mixed,strong_noise,10,266,0.019997300321604575,0.007226142606438304,0.5432834710773851,61.76406260968773,-0.1896207235613779,1,0.12630538141632416,0
boxes_cylinder_strong_noise_hard_mixed,strong_noise,11,1969,0.01873077554869949,0.005896184670369047,0.6973144564800322,87.32529597798748,0.04189091033663455,0,0.17083355597255526,0
boxes_cylinder_strong_noise_hard_mixed,strong_noise,19,2971,0.01617920683093693,0.013657701496098141,0.6469501163771727,71.77091338769117,-0.20067047324017567,1,0.16774275776006844,0
boxes_cylinder_strong_noise_hard_mixed,strong_noise,22,3234,0.07455068623545345,0.03902740006505741,0.25468351193185873,53.00743460082711,0.41028401410968823,0,0.12262261588054074,0
boxes_cylinder_strong_noise_hard_mixed,strong_noise,24,2826,0.04118089319359233,0.029943275939388725,0.3421122316221713,75.74901797280639,-0.23841084844512733,0,0.12712186650987617,0
boxes_cylinder_strong_noise_hard_mixed,strong_noise,26,1732,0.05748772985357664,0.05032963713788166,0.3726983229482023,108.24795179670856,0.008449045736536627,0,0.19350557348241657,0
boxes_cylinder_strong_noise_hard_mixed,strong_noise,28,2137,0.026515948470791688,0.01124933271985391,0.6494989454785032,42.0317218112705,-0.34963637217775045,0,0.14488461099777367,0
boxes_cylinder_strong_noise_hard_mixed,strong_noise,30,22,0.1191497444326916,0.09648631182627251,0.9824131589807628,38.67979920568863,0.09806111603345367,0,0.03272910360753181,1
boxes_cylinder_strong_noise_hard_mixed,strong_noise,31,366,0.05813092532883468,0.05255846602977856,0.8142534359813257,69.10483982274626,0.43671732304109145,0,0.15268412591564876,0
boxes_cylinder_strong_noise_hard_mixed,strong_noise,34,1811,0.07439672286178457,0.07129284565767004,0.15667889987541725,73.2532593816726,0.06386980111339244,0,0.14793798347326248,0
boxes_cylinder_strong_noise_hard_mixed,strong_noise,36,3256,0.07262213768907856,0.07227047808424487,0.8818274261921302,86.59596260773279,0.3295725847497408,1,0.11976921010591768,0
boxes_cylinder_strong_noise_hard_mixed,strong_noise,38,3236,0.09944524020251926,0.08694604583142988,0.9915591978047178,89.33265906606823,0.2636806583387697,0,0.13284381606249682,0
boxes_cylinder_strong_noise_hard_mixed,strong_noise,42,3059,0.06957843489624714,0.06514481709672221,0.17638335310133244,51.416783892495715,-0.2148803776406656,0,0.13583107380282675,0
boxes_cylinder_strong_noise_hard_mixed,strong_noise,52,2792,0.03674713426072033,0.022336368194456585,0.5983368355407056,62.41319489664215,-0.18125245764439304,0,0.12323157171766824,0
boxes_cylinder_strong_noise_hard_mixed,strong_noise,55,201,0.041257459850865486,0.01678618986912895,0.9931882580921672,117.72235590480578,0.25113689796915384,0,0.054913210941303726,1
boxes_cylinder_strong_noise_hard_mixed,strong_noise,61,2629,0.05124277217336979,0.024448976822577243,0.5407550204488668,103.58352897565878,0.43604368378161074,0,0.1529985523226913,0
boxes_cylinder_strong_noise_hard_mixed,strong_noise,68,1046,0.056362249726190375,0.054274832891919096,0.2962297125643444,62.7203919631214,0.33410783366233704,0,0.18141284237001748,0
boxes_cylinder_strong_noise_hard_mixed,strong_noise,69,1984,0.06395905916773814,0.058703087676403275,0.986866302881811,76.30988377060837,-0.05035874563668247,0,0.069581052093042,1
boxes_cylinder_strong_noise_hard_mixed,strong_noise,70,3121,0.10937337859381767,0.10812096016304695,0.9821136585303692,79.36968160938123,-0.2384106901121332,0,0.06823699339462554,1
boxes_cylinder_strong_noise_hard_mixed,strong_noise,71,1970,0.03245597220150068,0.020185044675122006,0.9110670275697402,29.04956014618147,-0.37948930591569596,0,0.1401885120554206,0
boxes_cylinder_strong_noise_hard_mixed,strong_noise,72,2177,0.08701327190637144,0.07556361249165024,0.9688333374922968,34.69662034882475,-0.10487952814200457,0,0.11386376106822527,0
boxes_cylinder_strong_noise_hard_mixed,strong_noise,73,3211,0.07175148286386283,0.06006688513163676,0.9622647071088773,45.18312113314106,-0.015267452130814749,0,0.13190460366830975,0
boxes_cylinder_strong_noise_hard_mixed,strong_noise,76,3248,0.07531087332656099,0.071488608587018,0.9931368768861192,61.60973031183073,-0.4362364021918942,0,0.14887938187823643,0
boxes_cylinder_strong_noise_hard_mixed,strong_noise,79,447,0.018622454089672343,0.006111152196889333,0.0688534853269022,71.69152796852414,-0.05119944118471685,1,0.14715815689457362,0
boxes_cylinder_strong_noise_hard_mixed,strong_noise,80,2737,0.0946024287172016,0.08966417883173568,0.03162631371556439,64.22975984965797,0.6265859096560605,0,0.22753155491461177,0
boxes_cylinder_strong_noise_hard_mixed,strong_noise,82,3127,0.08537729545478458,0.08440986491166382,0.9237869767805538,54.7794820571474,-0.427652544635794,0,0.08885108069063218,0
boxes_cylinder_strong_noise_hard_mixed,strong_noise,83,1737,0.018430393436673475,0.0021941051837688595,0.9998112128143183,93.37664158775755,-0.23841078206593336,1,0.13337299517505524,0
boxes_cylinder_strong_noise_hard_mixed,strong_noise,89,2256,0.05338566176373443,0.038767704131412055,0.45960649846937074,67.97322836995106,-0.17898749897111838,0,0.07239628148799611,1
boxes_cylinder_strong_noise_hard_mixed,strong_noise,90,790,0.07032587280915169,0.06344938730054461,0.9784955259977015,56.12505291263395,-0.35282107732569823,0,0.14669494374351258,0
boxes_cylinder_strong_noise_hard_mixed,strong_noise,92,2892,0.05056457078604873,0.04463827480890926,0.9677352981480066,143.86283391348243,0.5347782664985704,0,0.10637661107136535,0
boxes_cylinder_strong_noise_hard_mixed,strong_noise,95,81,0.14919164469413546,0.1404042385943529,0.9556036729139009,56.312907805121995,-0.2849306494700378,0,0.08821112371115923,0
boxes_cylinder_strong_noise_hard_mixed,strong_noise,96,2470,0.05904830889701141,0.0533745150154041,0.3526130510192083,86.9523214813615,-0.044254966987273846,0,0.1672433751801801,0
boxes_cylinder_strong_noise_hard_mixed,strong_noise,97,499,0.05632419589953,0.04468431804531984,0.9960195817100312,68.67386699240696,0.08004258267373157,1,0.12134633138020474,0
boxes_cylinder_strong_noise_hard_mixed,strong_noise,99,419,0.10538212267085517,0.09664649120634666,0.9833365326626649,78.3309093501901,0.06907360689126728,0,0.064810566510458,1
boxes_cylinder_strong_noise_hard_mixed,strong_noise,100,605,0.016702127805962634,0.011944644941949079,0.14242324794421968,76.71643475944572,0.15624304724067192,1,0.14276433150874962,0
boxes_cylinder_strong_noise_hard_mixed,strong_noise,101,179,0.07566291039905064,0.06274298885792563,0.9303782724069062,79.73512042018211,-0.004796165684554551,0,0.10272070317981391,0
boxes_cylinder_strong_noise_hard_mixed,strong_noise,102,1302,0.0257472649212345,0.01412615281317576,0.5914615600389501,177.90689676747073,-0.6240726030818556,1,0.08966669897740498,0
boxes_cylinder_strong_noise_hard_mixed,strong_noise,103,1417,0.07610618259500508,0.05641522438861915,0.991849745366121,51.336250608881194,-0.006609401891430496,0,0.15046371350063115,0
boxes_cylinder_strong_noise_hard_mixed,strong_noise,112,66,0.10715591014301203,0.10105701641682731,0.989584501765321,69.66196315675572,0.19984367200256448,0,0.025941054080533543,1
boxes_cylinder_strong_noise_hard_mixed,strong_noise,116,1432,0.0247562451349851,0.012363227377571229,0.3724710427017345,36.64703669633895,0.012903388962911554,0,0.15203526592887182,0
boxes_cylinder_strong_noise_hard_mixed,strong_noise,117,933,0.04808373301178141,0.02829228144365081,0.4030730783245413,58.3250798443357,0.7309889208909771,0,0.13943934954009615,0
boxes_cylinder_strong_noise_hard_mixed,strong_noise,118,651,0.0992772276925718,0.05364364984673854,0.014779063791851343,106.20795724256016,-0.23841067344551448,0,0.0884813394097549,0
boxes_cylinder_strong_noise_hard_mixed,strong_noise,121,419,0.09733929473444114,0.09715064131768297,0.9025413636670395,101.27283626592013,0.15363091622306024,0,0.10682456060932964,0
boxes_cylinder_strong_noise_hard_mixed,strong_noise,124,2666,0.13437899829794064,0.1328193115037197,0.9984702656412225,89.50953431034564,0.08436226865396826,0,0.05177748263885607,1
boxes_cylinder_strong_noise_hard_mixed,strong_noise,126,1974,0.10881081886608819,0.10332541793074525,0.9848144031233479,92.5818498192339,-0.35282107732569823,0,0.09413963386257058,0
boxes_cylinder_strong_noise_hard_mixed,strong_noise,127,906,0.057472817854404785,0.05350983909659951,0.97263519878273,142.0612288621148,0.09009291908276543,1,0.12755534850707198,0
boxes_cylinder_strong_noise_hard_mixed,strong_noise,128,970,0.030886288675595504,0.012589634586163152,0.976496920442557,56.79409925054138,-0.23841075421453434,1,0.17036175624822486,0
boxes_cylinder_strong_noise_hard_mixed,strong_noise,129,2973,0.051470096129927555,0.008200464347566707,0.7604024897550227,37.94637288430949,-0.06252029246527138,0,0.09190502538901885,0
boxes_cylinder_strong_noise_hard_mixed,strong_noise,132,3084,0.026311645386057146,0.025782462898156576,0.7020034436237808,66.17153658939085,-0.05230871207873828,1,0.11220718009882667,0
boxes_cylinder_strong_noise_hard_mixed,strong_noise,133,1094,0.11181495327575558,0.1052870011701108,0.860883036227886,137.04917412179967,0.20961348531406482,0,0.13514908907526293,0
boxes_cylinder_strong_noise_hard_mixed,strong_noise,137,28,0.11754779084213184,0.0999392955186751,0.9310403810616443,89.2975159744833,0.0918305642409033,0,0.1541575167380403,0
boxes_cylinder_strong_noise_hard_mixed,strong_noise,145,2348,0.02934892383261875,0.02747056904152544,0.18638395968209182,53.91679655332331,0.0194180711512304,1,0.12845385876182214,0
boxes_cylinder_strong_noise_hard_mixed,strong_noise,146,2097,0.04332011850469568,0.03323372091998762,0.8721070439246772,98.1061324577831,-0.30740368699558346,0,0.1498085007139469,0
boxes_cylinder_strong_noise_hard_mixed,strong_noise,150,1214,0.09468585489147113,0.08484510275855982,0.4063564496567876,121.49790798450702,-0.43908139314981925,0,0.21439248919115314,0
boxes_cylinder_strong_noise_hard_mixed,strong_noise,151,760,0.10753446872851931,0.10693757468269764,0.9667096155620807,88.86420852370354,0.09806109174779369,0,0.01578901859407842,1
boxes_cylinder_strong_noise_hard_mixed,strong_noise,153,1566,0.11306926782873356,0.10715891200997352,0.9964224083487693,104.35089912393731,0.14725124795552005,0,0.09496920266638587,0
boxes_cylinder_strong_noise_hard_mixed,strong_noise,157,1757,0.026751264445806076,0.023660816784511395,0.014945109850641264,57.07316979084266,-0.32296814358775283,1,0.18097311772325117,0
boxes_cylinder_strong_noise_hard_mixed,strong_noise,161,3250,0.03530173071629119,0.01736125080468109,0.8606599277864704,91.23153675115188,-0.10487952814200457,0,0.14924567043013395,0
boxes_cylinder_strong_noise_hard_mixed,strong_noise,163,50,0.12181178831294047,0.11845334970712815,0.95988732063796,106.13141159338423,-0.23841070526360675,0,0.09854422905496558,0
boxes_cylinder_strong_noise_hard_mixed,strong_noise,164,2551,0.034861160768416,0.02622332355335919,0.4231926956102952,82.82309247348206,0.27241439365448367,0,0.17803914525322218,0
boxes_cylinder_strong_noise_hard_mixed,strong_noise,170,1666,0.13785938410114756,0.13218842602278524,0.9930814047226845,88.79679532356406,-0.2809702864149612,0,0.05145732723612908,1
boxes_cylinder_strong_noise_hard_mixed,strong_noise,178,1613,0.07937541851246334,0.07240120214788337,0.9122663819086465,39.02996047234273,0.23159239080093783,1,0.11305173967883952,0
boxes_cylinder_strong_noise_hard_mixed,strong_noise,179,668,0.05340186084781899,0.006100669629504039,0.941632368593244,31.842727080958863,0.004535152224216614,0,0.10371937931759592,0
boxes_cylinder_strong_noise_hard_mixed,strong_noise,180,1058,0.026000038806322578,0.005120419709071995,0.9672047179707058,47.68675547627044,0.24709661445221587,0,0.1352032140934519,0
boxes_cylinder_strong_noise_hard_mixed,strong_noise,181,1428,0.06002468775759969,0.0465652668271898,0.005074328849355159,45.90806124900959,0.055350060936844615,0,0.1483985363570773,0
boxes_cylinder_strong_noise_hard_mixed,strong_noise,182,2771,0.13338751899811027,0.1265448894823236,0.9663944684689282,55.817538005342406,-0.5950852626226847,0,0.06069461688980087,1
boxes_cylinder_strong_noise_hard_mixed,strong_noise,183,1626,0.13284637337569796,0.13263261658917766,0.10945631555952713,121.54363326332175,-0.3384939832558554,0,0.21841630261918826,0
boxes_cylinder_strong_noise_hard_mixed,strong_noise,184,2641,0.0379061252856431,0.03165940736629294,0.8420471671663161,55.982863695499965,0.15690159878983168,0,0.12322193645167435,0
boxes_cylinder_strong_noise_hard_mixed,strong_noise,190,2857,0.05327860106142482,0.04944420681218264,0.03489482182317817,44.86077796694449,-0.044254966987273846,0,0.1826265568887659,0
boxes_cylinder_strong_noise_hard_mixed,strong_noise,191,416,0.037989683879993325,0.027968934640594103,0.8644387749526168,69.66328646666007,0.1319626540145509,1,0.07842607693055126,1
boxes_cylinder_strong_noise_hard_mixed,strong_noise,194,2003,0.10300630208744628,0.10283191031976212,0.9981669138230005,97.61673949872966,0.02395321025330158,0,0.1101122062357778,0
boxes_cylinder_strong_noise_hard_mixed,strong_noise,197,2301,0.040825296461737735,0.03938672337635399,0.992419308308262,87.61276002457603,-0.2828624164511006,1,0.10153338541672559,0
boxes_cylinder_strong_noise_hard_mixed,strong_noise,198,2021,0.07362666417220659,0.06724952325676183,0.9923372438347777,89.35973847439361,0.23701243472742686,0,0.09345620521657902,0
boxes_cylinder_strong_noise_hard_mixed,strong_noise,199,1765,0.028127778350341817,0.024716098273100687,0.08091230192673482,52.72245172597758,0.43604368378161074,1,0.17894328301414827,0
boxes_cylinder_strong_noise_hard_mixed,strong_noise,200,1330,0.022014012387046405,3.081101727240318e-05,0.9738313630051384,104.33840771749756,-0.06405755439556331,1,0.10737508124689843,0
boxes_cylinder_strong_noise_hard_mixed,strong_noise,201,2630,0.029818698671711455,0.02221493768153023,0.1683670523188827,49.64892175709401,-0.35173931732386987,1,0.15208133106563268,0
boxes_cylinder_strong_noise_hard_mixed,strong_noise,202,2961,0.14516642385382517,0.13417485537210222,0.9789708122663832,63.28498117063981,-0.27350206123685633,0,0.0381548029565624,1
boxes_cylinder_strong_noise_hard_mixed,strong_noise,205,922,0.045057314719274634,0.024152686445524013,0.9460459743651733,65.75669407407273,0.008449045736536627,1,0.1296337827287209,0
boxes_cylinder_strong_noise_hard_mixed,strong_noise,207,1016,0.03242210998228504,0.013953509521151024,0.8976194255630154,51.42300207648116,0.3612098175917405,1,0.16253966448224208,0
boxes_cylinder_strong_noise_hard_mixed,strong_noise,211,3336,0.0487464563590005,0.04752865468815666,0.7929998141044942,148.12387572800083,0.167053884663406,1,0.1207422647231105,0
boxes_cylinder_strong_noise_hard_mixed,strong_noise,216,171,0.046276356035302287,0.04288719989769975,0.027426247851881067,57.233512805022045,-0.9315571513746386,1,0.1804091397905293,0
boxes_cylinder_strong_noise_hard_mixed,strong_noise,219,2410,0.043620920508716604,0.007881989843034468,0.9291173980166202,60.34501786356386,-0.23841080469519974,1,0.1817085832443162,0
boxes_cylinder_strong_noise_hard_mixed,strong_noise,220,2596,0.04003763923376977,0.03561773724176596,0.2833772556962482,122.32878606154026,0.3269024956053216,1,0.136448516210125,0
boxes_cylinder_strong_noise_hard_mixed,strong_noise,221,2077,0.06431453605158735,0.04818749887680405,0.8618262073798618,41.1336087698776,0.5579199099746484,0,0.16846972066894578,0
boxes_cylinder_strong_noise_hard_mixed,strong_noise,222,2019,0.032763862863631615,0.002692253927049271,0.7938345106692153,63.804588699999286,-0.09531007980442978,1,0.14703780498696264,0
boxes_cylinder_strong_noise_hard_mixed,strong_noise,223,192,0.052125287971683885,0.02945175778257094,0.7777645658738136,42.18407302761278,0.3136571904344252,1,0.11789945771214876,0
boxes_cylinder_strong_noise_hard_mixed,strong_noise,235,2722,0.1097230070801527,0.09419694786056236,0.8574927146573513,57.18583526541969,-0.392561256844199,0,0.15246913884743946,0
boxes_cylinder_strong_noise_hard_mixed,strong_noise,236,1290,0.06895066497731858,0.01614891597177939,0.554785202130768,50.37190409368948,0.5307215005504776,0,0.14081254003612917,0
boxes_cylinder_strong_noise_hard_mixed,strong_noise,237,478,0.08670117932009934,0.07588370583627425,0.9078793632679425,48.05464616268404,0.14600056509307696,0,0.10654895541441867,0
boxes_cylinder_strong_noise_hard_mixed,strong_noise,240,2473,0.13426416543841235,0.12790614055563265,0.9864268099110142,120.68933461378587,-0.05608940665110781,0,0.07602530259816455,1
boxes_cylinder_strong_noise_hard_mixed,strong_noise,243,269,0.0255799426829855,0.00525078350263581,0.4627133383281342,50.90738837470473,-0.07333122236094693,1,0.08168674585831848,0
boxes_cylinder_strong_noise_hard_mixed,strong_noise,247,633,0.047771604550064975,0.035329119288395834,0.41963657947982,82.22704984905768,-0.007887357207901067,0,0.14830210874620656,0
boxes_cylinder_strong_noise_hard_mixed,strong_noise,248,2693,0.040977564174075935,0.04057512926435193,0.8067904249739016,62.137518329127346,0.7036316334193053,0,0.15913501529176372,0
boxes_cylinder_strong_noise_hard_mixed,strong_noise,249,2103,0.05076432833395878,0.03604972389201909,0.8855314583808445,75.0287634394648,0.4772085644825866,0,0.10782563145973911,0
boxes_cylinder_strong_noise_hard_mixed,strong_noise,250,310,0.07356261908835332,0.0700567320839687,0.8640614338906814,71.97603695993477,-0.05035874563668247,1,0.12319683469625034,0
boxes_cylinder_strong_noise_hard_mixed,strong_noise,253,1330,0.05690891107540567,0.052488776208840675,0.8330450149583745,117.0731025210533,0.08436226865396826,0,0.1515940218807846,0
boxes_cylinder_strong_noise_hard_mixed,strong_noise,255,3123,0.07813140201842363,0.07368836818481417,0.9079459947984937,38.12727375296872,-0.33849423262873257,0,0.08739546311872681,0
boxes_cylinder_strong_noise_hard_mixed,strong_noise,259,1221,0.14087776318282783,0.13476222428203566,0.9849546264950643,66.12519852162002,-0.03774029094584646,0,0.08250916092796642,0
boxes_cylinder_strong_noise_hard_mixed,strong_noise,268,991,0.09971422402159628,0.09449251442286659,0.9009826470423965,53.84360418415916,-0.12921159354911904,0,0.07887887620717939,1
boxes_cylinder_strong_noise_hard_mixed,strong_noise,273,3110,0.03265109182234989,0.02184817855267821,0.6830717933484581,97.52148822947447,-0.5485653184162537,1,0.14627282686297946,0
boxes_cylinder_strong_noise_hard_mixed,strong_noise,274,894,0.061911810563047426,0.0570621592282478,0.953731179185241,63.924998638136785,0.04927100271052984,0,0.08069312074647621,0
boxes_cylinder_strong_noise_hard_mixed,strong_noise,275,1641,0.039363682612621666,0.03858730140415511,0.3171665587049436,110.75990862113501,0.1078651215992381,1,0.1429952854365014,0
boxes_cylinder_strong_noise_hard_mixed,strong_noise,278,2503,0.10186572684724214,0.09784638858538121,0.9970834829775848,72.95684426061126,-0.06405755439556331,1,0.02808042588352856,1
boxes_cylinder_strong_noise_hard_mixed,strong_noise,282,2341,0.0311441735472066,0.021225099785973225,0.9965085320185334,71.15732376172505,-0.05608940665110781,1,0.14440783961354992,0
boxes_cylinder_strong_noise_hard_mixed,strong_noise,285,338,0.02824663409988267,0.02377954929984569,0.3945117186070256,57.0916184879146,-0.4153413697909697,1,0.1702596358025708,0
boxes_cylinder_strong_noise_hard_mixed,strong_noise,287,1130,0.07240148390273839,0.06720592719058249,0.3675404491281071,73.56832341067764,0.18903284210669746,0,0.0680605258460398,1
boxes_cylinder_strong_noise_hard_mixed,strong_noise,288,1620,0.10678958501452465,0.10627580951800975,0.5051164538702051,89.96935783950345,-0.27923268296565773,0,0.10463270044979635,0
boxes_cylinder_strong_noise_hard_mixed,strong_noise,291,2805,0.05622513864366339,0.04954095264203267,0.9182347347351257,61.911193819631514,0.18280223478630203,0,0.1176717264779036,0
boxes_cylinder_strong_noise_hard_mixed,strong_noise,292,2021,0.11484454736992904,0.10217691884359503,0.985903586938386,88.00750314835862,-0.006609401891430496,0,0.13240113280566657,0
boxes_cylinder_strong_noise_hard_mixed,strong_noise,294,2183,0.014299529998552992,0.005406738134934881,0.9295493378109413,85.57360443369345,0.058840442880131766,1,0.0811573589647602,0
boxes_cylinder_strong_noise_hard_mixed,strong_noise,295,1752,0.13194069340657527,0.13168458966152022,0.975513529917097,43.30370030492939,-0.015267452130814749,0,0.07400178095855439,1
boxes_cylinder_strong_noise_hard_mixed,strong_noise,299,21,0.04730176229851128,0.01884999099428414,0.48836193382535803,64.12029940690682,-0.20204316366588848,0,0.13273603494261427,0
boxes_cylinder_strong_noise_hard_mixed,strong_noise,300,856,0.06550502209189618,0.061642413575037816,0.6105891867144203,81.27424173934257,0.4762419340291802,0,0.20729007556899653,0
boxes_cylinder_strong_noise_hard_mixed,strong_noise,302,3185,0.08668736763596564,0.08139307607168676,0.976127519146741,55.962270234340494,-0.6864350334123404,0,0.13789213683903598,0
boxes_cylinder_strong_noise_hard_mixed,strong_noise,303,1696,0.0066311047054216235,0.0040794960125969644,0.6473538832139969,64.52121196842542,0.0194180711512304,1,0.13604326572411415,0
boxes_cylinder_strong_noise_hard_mixed,strong_noise,305,2438,0.04313529287070908,0.015209367613592914,0.7568793623090266,80.8198767900131,-0.04916896920882928,0,0.08231261703849078,0
boxes_cylinder_strong_noise_hard_mixed,strong_noise,311,2076,0.058453107941038814,0.05605593457107712,0.4695498547423623,55.20071793830189,-0.09733234464289446,0,0.0763730302127306,1
boxes_cylinder_strong_noise_hard_mixed,strong_noise,312,1424,0.05659811217047028,0.052421590547387965,0.6489724908352158,73.8815156837183,-0.02483689201144715,0,0.1379819905837938,0
boxes_cylinder_strong_noise_hard_mixed,strong_noise,313,675,0.09197950919806441,0.0838260509626866,0.9766410541244961,69.94274058164551,-0.006609401891430496,0,0.062263263379698786,1
boxes_cylinder_strong_noise_hard_mixed,strong_noise,314,2569,0.035008932054100925,0.014849817904260133,0.6270613554227901,100.19100070752573,-0.19395900791006832,1,0.08508644141319383,0
boxes_cylinder_strong_noise_hard_mixed,strong_noise,323,1191,0.10665450415782224,0.1064925759883687,0.998585418842775,105.28656779241456,-0.09180741767436418,0,0.12069773203249805,0
boxes_cylinder_strong_noise_hard_mixed,strong_noise,324,2403,0.08995545333349973,0.055777200282192615,0.8295063478752023,56.40834976871396,-0.12921159354911904,0,0.14046098892669132,0
boxes_cylinder_strong_noise_hard_mixed,strong_noise,326,1892,0.05113247582401373,0.017749109014649433,0.7528893479199433,43.60380712209727,0.40066848409080136,0,0.13968824480880349,0
boxes_cylinder_strong_noise_hard_mixed,strong_noise,329,2390,0.06202327196670541,0.05885736195062521,0.9268002551746495,115.06859926479457,-0.31537170754449706,1,0.14854455748433254,0
boxes_cylinder_strong_noise_hard_mixed,strong_noise,337,2218,0.06977725908764268,0.06976706156445857,0.5178775605584837,70.71803638870607,-0.030771637833434434,0,0.11076484067132948,0
boxes_cylinder_strong_noise_hard_mixed,strong_noise,339,2548,0.09300710769097904,0.08251065399517754,0.8892128599282539,72.74403237339844,0.03187927816426699,0,0.06839002256072374,1
boxes_cylinder_strong_noise_hard_mixed,strong_noise,342,2211,0.07801842321136807,0.06713029657723006,0.9774591149029498,96.27809045473361,-0.08426026742733257,0,0.09313272739882025,0
boxes_cylinder_strong_noise_hard_mixed,strong_noise,343,2403,0.03746000297484726,0.03711580307171834,0.07317143523139946,75.24690174770325,0.3101546616374039,1,0.1596165379312015,0
boxes_cylinder_strong_noise_hard_mixed,strong_noise,348,2942,0.03166621076500069,0.0073194725239672095,0.9757180740460989,165.96535089598814,-0.19078284116031796,0,0.17019500050755582,0
boxes_cylinder_strong_noise_hard_mixed,strong_noise,352,326,0.08389911008156711,0.08335583470989927,0.9818230923871014,86.47831059137536,-0.3635738311051991,0,0.15814709423643158,0
boxes_cylinder_strong_noise_hard_mixed,strong_noise,354,1593,0.03068708586606022,0.02586262401529797,0.5082987106846515,83.73910950751629,-0.44971941403209026,1,0.14658658157812926,0
boxes_cylinder_strong_noise_hard_mixed,strong_noise,362,42,0.11855229958544648,0.1148324922971879,0.27904276683155166,62.07068017607991,-0.2723123038565834,0,0.24444804124845407,0
boxes_cylinder_strong_noise_hard_mixed,strong_noise,365,539,0.03333392271477399,0.028909702136893804,0.052028684577680555,52.86011507742621,0.6160037068393274,1,0.14523618414774042,0
boxes_cylinder_strong_noise_hard_mixed,strong_noise,369,2937,0.03752246708186828,0.02820423395888409,0.646338957761875,81.39144916203718,0.22421234490844932,1,0.1506701150234823,0
boxes_cylinder_strong_noise_hard_mixed,strong_noise,370,1619,0.04303457638797143,0.034966419423945364,0.8963903667995644,67.29165364400674,0.47942827458388837,0,0.1333559092872023,0
boxes_cylinder_strong_noise_hard_mixed,strong_noise,372,2111,0.1336493268882972,0.13273431588878082,0.9926867767413048,109.93528441119271,0.0800426243402898,0,0.0681821554813451,1
boxes_cylinder_strong_noise_hard_mixed,strong_noise,374,750,0.01463495158801283,0.00612133188459919,0.9497458224531583,36.34479163949627,-0.08999092039579712,1,0.12844545704805918,0
boxes_cylinder_strong_noise_hard_mixed,strong_noise,378,69,0.03557908549261212,0.033676655891784375,0.6184217993460879,46.71943700573197,-0.1116592347943331,1,0.14906803235674063,0
boxes_cylinder_strong_noise_hard_mixed,strong_noise,380,2849,0.029684231722841695,0.008589635065785327,0.9163117763729473,59.61834458549058,-0.17957036844384391,1,0.1119472759332131,0
boxes_cylinder_strong_noise_hard_mixed,strong_noise,390,894,0.07706895203444095,0.0762518102227769,0.9482985820703179,72.21848769847321,-0.1002605834111178,0,0.11088644485771236,0
boxes_cylinder_strong_noise_hard_mixed,strong_noise,391,1125,0.03371794149316934,0.03238719462526178,0.7965497216546241,48.09296889232618,-0.28842123201231173,1,0.13539104265585278,0
boxes_cylinder_strong_noise_hard_mixed,strong_noise,392,3299,0.17577166071599956,0.16303218617375456,0.8781153205459614,83.42330701012683,-0.19395900791006832,0,0.06423461383667153,1
boxes_cylinder_strong_noise_hard_mixed,strong_noise,393,1219,0.135652855371136,0.1350164268052232,0.9831404285882629,92.85552794056785,-0.28720077571026303,0,0.12970594858659815,0
boxes_cylinder_strong_noise_hard_mixed,strong_noise,395,3062,0.033031798418118055,0.0017924950523139891,0.9183823733877793,98.48766490191709,0.16705386244124032,1,0.10213333212397338,0
boxes_cylinder_strong_noise_hard_mixed,strong_noise,402,1245,0.07361882580654715,0.06853016115225609,0.12539037309768053,75.06615398523847,-0.18434365597600824,0,0.16904938913990894,0
boxes_cylinder_strong_noise_hard_mixed,strong_noise,403,2093,0.025048795486865786,0.0005127905636478906,0.8016665227465395,112.18424961161298,0.2385127421322969,1,0.16447473199978085,0
boxes_cylinder_strong_noise_hard_mixed,strong_noise,404,736,0.05120378569126042,0.002828692942159886,0.7709884696606228,45.27600266423122,-0.265809783669322,0,0.1489906852150248,0
boxes_cylinder_strong_noise_hard_mixed,strong_noise,413,393,0.07336577495212879,0.0721212375035992,0.9452068865280222,93.39153906105034,-0.1330503707502762,0,0.1097258439487768,0
boxes_cylinder_strong_noise_hard_mixed,strong_noise,414,1386,0.05062999939353682,0.04489946729771508,0.9952894034362832,105.57833176884856,0.6554061581334157,0,0.1635428323862602,0
boxes_cylinder_strong_noise_hard_mixed,strong_noise,415,3185,0.05616256967569569,0.04869132871199378,0.9514533755706829,106.11004177128524,-0.6030535392557399,0,0.15684853192833847,0
boxes_cylinder_strong_noise_hard_mixed,strong_noise,419,2135,0.08861043463055321,0.08813648964367628,0.9939656554611211,58.81299407112823,-0.1614498000868537,0,0.12630271005757923,0
boxes_cylinder_strong_noise_hard_mixed,strong_noise,422,385,0.027061334575837735,0.011666282456093914,0.9921499089748635,51.10896805886996,-0.5338748097403457,1,0.1512612309313459,0
boxes_cylinder_strong_noise_hard_mixed,strong_noise,423,2510,0.058254197645848556,0.034638415934024315,0.5232919691316468,75.96550137597185,0.2269520307233017,0,0.0996104115330533,0
boxes_cylinder_strong_noise_hard_mixed,strong_noise,426,3236,0.06595717015367988,0.03987008590622063,0.9932579472848392,74.49902857111327,0.2636806583387697,0,0.11673669865790326,0
boxes_cylinder_strong_noise_hard_mixed,strong_noise,430,94,0.027492736813655504,0.0059547019007243724,0.5892266550153433,79.87520566908212,0.17848263393518532,1,0.18310753471242297,0
boxes_cylinder_strong_noise_hard_mixed,strong_noise,433,1119,0.05147236737085079,0.04846812850741166,0.995908888786054,89.25538629814098,-0.04170068106235352,1,0.10107396805238189,0
boxes_cylinder_strong_noise_hard_mixed,strong_noise,434,3063,0.03793974857312972,0.03284052061033383,0.8676169821640882,43.38001393347986,0.2636806583387697,1,0.13422903380575593,0
boxes_cylinder_strong_noise_hard_mixed,strong_noise,436,1037,0.06105703100858154,0.04448273573875709,0.7977051360802024,86.76634855452508,0.13628227542839735,0,0.14831147611175596,0
boxes_cylinder_strong_noise_hard_mixed,strong_noise,438,3271,0.06449076893057935,0.03402440097357876,0.5924600977082277,130.6922389597665,0.11826378239865738,0,0.11155957537627133,0
boxes_cylinder_strong_noise_hard_mixed,strong_noise,440,217,0.1348211203533537,0.13253146485566084,0.9880878807270496,44.02424005774561,-0.1116592347943331,0,0.09159297813212407,0
boxes_cylinder_strong_noise_hard_mixed,strong_noise,442,1539,0.043193209834964566,0.025615846212832985,0.9809518378253712,96.55169969017028,0.02395321025330158,0,0.05292030134183667,1
boxes_cylinder_strong_noise_hard_mixed,strong_noise,447,1450,0.11896875811671177,0.11534584914240177,0.9867248622476464,102.42921787143578,-0.20204316366588848,0,0.11446539599783401,0
boxes_cylinder_strong_noise_hard_mixed,strong_noise,452,2670,0.023702339817389884,0.022010914765499958,0.487159546246274,84.83016296446856,0.058840442880131766,1,0.16244319620029551,0
boxes_cylinder_strong_noise_hard_mixed,strong_noise,453,2558,0.06424919555385153,0.044834534027579254,0.9747095401684882,62.99779070127867,0.167053884663406,0,0.09608272732388522,0
boxes_cylinder_strong_noise_hard_mixed,strong_noise,462,802,0.02899949281470276,0.022642437988748095,0.9427763895767337,35.79330264250393,0.015823104198111556,0,0.14976052395949832,0
boxes_cylinder_strong_noise_hard_mixed,strong_noise,464,2716,0.05524379869257028,0.03513392207736333,0.9558585387207751,69.90989214012018,-0.07135688050682122,1,0.1368868184559809,0
boxes_cylinder_strong_noise_hard_mixed,strong_noise,469,510,0.03038107043959369,0.0013112062292420185,0.36868400206756724,78.19092659557442,0.037842309296063546,1,0.15950012418029,0
boxes_cylinder_strong_noise_hard_mixed,strong_noise,470,1711,0.06360483976806697,0.05255682850430872,0.2408161048962258,71.12363523474339,-0.05608942379393355,0,0.1506250227674815,0
boxes_cylinder_strong_noise_hard_mixed,strong_noise,471,1367,0.042024752885364926,0.03541075421528653,0.9996699643421035,68.80875082497357,0.56236631295899,0,0.16602737157051703,0
boxes_cylinder_strong_noise_hard_mixed,strong_noise,475,278,0.08763887213886752,0.08125641637232973,0.9361594348914396,123.32395086391983,-0.5260925958972651,0,0.13131294494495693,0
boxes_cylinder_strong_noise_hard_mixed,strong_noise,483,1499,0.05122879000330566,0.022676814779269475,0.5551994841286683,59.33692326693763,0.8796184562848011,1,0.14186714174147336,0
boxes_cylinder_strong_noise_hard_mixed,strong_noise,486,674,0.05012425967886409,0.04111298760523987,0.951111828858523,62.95114128779299,0.057053144390733605,0,0.05802143716411695,1
boxes_cylinder_strong_noise_hard_mixed,strong_noise,490,340,0.06824546973624264,0.06499857382630767,0.9802759032202203,79.19089316298552,-0.4561341806156062,0,0.15874053930626092,0
boxes_cylinder_strong_noise_hard_mixed,strong_noise,491,554,0.043635427050998626,0.043316691913112416,0.5329031633032424,112.11680415034729,0.027292111853258756,1,0.13701343831292317,0
boxes_cylinder_strong_noise_hard_mixed,strong_noise,493,3019,0.14077647425747306,0.1395539173230319,0.9909709608080134,65.9789139663832,-0.03361657039499303,0,0.03993443825321856,1
boxes_cylinder_strong_noise_hard_mixed,strong_noise,499,911,0.039495007925770514,0.02203949848988382,0.7707254501939835,66.34851342498838,-0.5117039808052127,0,0.18186163514583373,0
boxes_cylinder_strong_noise_hard_mixed,strong_noise,501,1008,0.12153449588763142,0.11735400068846802,0.9860878506767158,85.31339238902379,-0.08999092039579712,0,0.1126944603617699,0
boxes_cylinder_strong_noise_hard_mixed,strong_noise,506,1455,0.1274414748386237,0.12701011681525173,0.9193623746540679,87.69045703996792,0.15245512539563405,0,0.11548750438754175,0
boxes_cylinder_strong_noise_hard_mixed,strong_noise,507,2344,0.0832888468142674,0.08021794544495968,0.9407166166425363,34.723481119852835,0.11826378239865738,0,0.12115934818199983,0
boxes_cylinder_strong_noise_hard_mixed,strong_noise,508,723,0.07176071069752735,0.06634337259175743,0.9102390343726513,85.42536832978395,-0.07806828158248706,0,0.1082891208891287,0
boxes_cylinder_strong_noise_hard_mixed,strong_noise,510,1095,0.04086081314632885,0.03493839044177115,0.5999211423241706,59.99128926999538,0.5288437185547098,0,0.12444623422619445,0
boxes_cylinder_strong_noise_hard_mixed,strong_noise,511,3316,0.10050407721151515,0.09205992294535152,0.9854240593845709,35.49463353107545,0.1510535697378159,0,0.09701109402748101,0
boxes_cylinder_strong_noise_hard_mixed,strong_noise,517,942,0.07504225452944063,0.072317304265728,0.9958126545042881,44.15765395709801,-0.07135685136935178,1,0.10470640031274898,0
boxes_cylinder_strong_noise_hard_mixed,strong_noise,518,166,0.04371480938201089,0.006257300058121373,0.9003822760466891,95.58470145604018,0.5548190329657903,0,0.1781845458385805,0
boxes_cylinder_strong_noise_hard_mixed,strong_noise,519,2853,0.06729521527391458,0.06424207919752462,0.9817724391194371,77.81511295952087,-0.04170068106235352,1,0.10331188737605092,0
boxes_cylinder_strong_noise_hard_mixed,strong_noise,520,1481,0.1566378448848365,0.1548669243770419,0.9478279888448478,118.38440586778118,-0.33372073506816774,0,0.14168889927549494,0
boxes_cylinder_strong_noise_hard_mixed,strong_noise,521,1151,0.05979865960725264,0.03576048413506159,0.6781173602463587,70.14819100943761,0.3928604155248135,0,0.10152146128985394,0
boxes_cylinder_strong_noise_hard_mixed,strong_noise,526,3314,0.09811838509459532,0.0976951402439568,0.9805429349355315,69.72087963000598,-0.4460499314929488,0,0.14070694446127124,0
boxes_cylinder_strong_noise_hard_mixed,strong_noise,529,375,0.04285929410590202,0.042685439700717094,0.957645264685367,144.52022116519046,0.1969068365831281,1,0.0867238698834691,0
boxes_cylinder_strong_noise_hard_mixed,strong_noise,530,3190,0.018336610765269906,0.004536854810247415,0.17718198345669592,74.57643978291632,0.1765327084021584,1,0.15447898125647583,0
boxes_cylinder_strong_noise_hard_mixed,strong_noise,531,342,0.09729506275907693,0.06573229616007095,0.35644946002519307,59.61310480739908,0.16705391799666602,0,0.12954217494909406,0
boxes_cylinder_strong_noise_hard_mixed,strong_noise,532,2783,0.04090162547042294,0.030706734511992965,0.6538901999286821,82.42085718964911,0.19522482988392,0,0.07393567163607448,1
boxes_cylinder_strong_noise_hard_mixed,strong_noise,533,641,0.023493390738094828,0.013283715604468184,0.729653349510775,73.66209539341793,0.14458111214453526,1,0.08980300222245989,0
boxes_cylinder_strong_noise_hard_mixed,strong_noise,536,1498,0.018081616383674105,0.0027851339134447885,0.8891078653538363,41.89369168617753,-0.04266641568829431,1,0.1173994877836589,0
boxes_cylinder_strong_noise_hard_mixed,strong_noise,540,332,0.09003437959852811,0.0895072570481459,0.9768555584069532,46.260851780580055,0.012903395312105341,0,0.051389298159690115,1
boxes_cylinder_strong_noise_hard_mixed,strong_noise,543,2092,0.052335623207907335,0.03668869883565047,0.6658475248861231,72.71614933657354,-0.18962058784738453,1,0.1646889938039324,0
boxes_cylinder_strong_noise_hard_mixed,strong_noise,550,1237,0.06244560785591415,0.056029969656252426,0.9280046909941331,51.67456296903744,-0.09864894628741513,0,0.1377432463235411,0
boxes_cylinder_strong_noise_hard_mixed,strong_noise,553,57,0.03968770051536563,0.03202657549552229,0.1917049849780457,114.979100984731,0.5538265990677469,1,0.1557902293194178,0
boxes_cylinder_strong_noise_hard_mixed,strong_noise,554,221,0.02741352831351753,0.022721132808857403,0.7846088602898439,63.74011277966889,-0.09180748346369627,1,0.13610616508886658,0
boxes_cylinder_strong_noise_hard_mixed,strong_noise,560,2822,0.039522031554700895,0.03481467533264895,0.36677040206496136,76.38236006810693,-0.9085677904323496,1,0.17209342138468697,0
boxes_cylinder_strong_noise_hard_mixed,strong_noise,561,2559,0.09284047459676592,0.09015033152368096,0.17050794835445524,127.99021416302942,0.29221689820578123,0,0.19073947973776484,0
boxes_cylinder_strong_noise_hard_mixed,strong_noise,564,653,0.05632304947236318,0.04394253760485166,0.6859461401663529,92.69763399489622,0.4782661838722354,0,0.1410493205511859,0
boxes_cylinder_strong_noise_hard_mixed,strong_noise,568,181,0.057375576498472435,0.04734233080854927,0.4417027631478975,79.63063896072526,0.3806277930202417,0,0.1355298479652191,0
boxes_cylinder_strong_noise_hard_mixed,strong_noise,570,1702,0.1244844401607828,0.12183760323077307,0.9971613771815241,61.76673196665096,-0.1330503707502762,0,0.13701840665912582,0
boxes_cylinder_strong_noise_hard_mixed,strong_noise,572,1289,0.04295977444960963,0.04231034741816577,0.9695671594959964,65.75659203559728,-0.2939806344455665,0,0.08787456337940103,0
boxes_cylinder_strong_noise_hard_mixed,strong_noise,573,3123,0.07242154031543956,0.07001389114016703,0.9167861632028019,37.34720521486456,-0.33849423262873257,0,0.09185623531856875,0
boxes_cylinder_strong_noise_hard_mixed,strong_noise,578,754,0.07440458257987217,0.07370693745689169,0.730093196017308,88.23760867504164,0.0800426243402898,0,0.13330422988362306,0
boxes_cylinder_strong_noise_hard_mixed,strong_noise,579,488,0.08365536281307924,0.05887425091433107,0.8707500879987536,53.50049360144216,-0.1777862435404691,0,0.09597331635161492,0
boxes_cylinder_strong_noise_hard_mixed,strong_noise,581,2369,0.06776275018528996,0.0618729467443314,0.9643251224589948,64.25819365535948,-0.3676224048730947,0,0.12890819813678808,0
boxes_cylinder_strong_noise_hard_mixed,strong_noise,582,2708,0.054590037651322865,0.04801075262711993,0.8920677216747896,66.87638128950364,0.19984367200256448,1,0.1319635856330061,0
boxes_cylinder_strong_noise_hard_mixed,strong_noise,583,2815,0.05470112190076209,0.054352434939623294,0.459014672668709,40.32381250969512,0.3389041080373562,0,0.15164928937456587,0
boxes_cylinder_strong_noise_hard_mixed,strong_noise,587,2225,0.05220622020124597,0.049963647685511495,0.44486037071462536,99.30501810148651,0.4280674335041635,1,0.17157229430536233,0
boxes_cylinder_strong_noise_hard_mixed,strong_noise,591,47,0.05764817583772245,0.04608719092738162,0.28414333221705834,77.55594841286604,-0.14310071030746438,0,0.1820287135009672,0
boxes_cylinder_strong_noise_hard_mixed,strong_noise,592,684,0.05024332844908911,0.02792025266715952,0.9417718427764247,79.40425313339448,0.10191471440493206,0,0.11918130130202956,0
boxes_cylinder_strong_noise_hard_mixed,strong_noise,594,1747,0.021907393035933077,0.011524167370262796,0.01688355895344841,85.1522797107289,-0.5599941596418622,1,0.1491750912407755,0
boxes_cylinder_strong_noise_hard_mixed,strong_noise,596,2874,0.05822843370271167,0.04823838665364512,0.9297351438614851,87.71491497460855,0.26057979183412855,0,0.08948228882537355,0
boxes_cylinder_strong_noise_hard_mixed,strong_noise,597,2044,0.07438047185329605,0.07402682246516037,0.9220159916743469,169.8816947399224,-0.05608940665110781,0,0.0709770347951527,1
boxes_cylinder_strong_noise_hard_mixed,strong_noise,600,1457,0.04025072469291825,0.03261292676406905,0.08726569075608828,41.5899048666753,-0.02710190876940421,1,0.1205622590073695,0
boxes_cylinder_strong_noise_hard_mixed,strong_noise,611,2783,0.03693010848380424,0.02742844206282752,0.322842275266299,93.18829012130838,0.09806114378850864,0,0.12023827887881823,0
boxes_cylinder_strong_noise_hard_mixed,strong_noise,614,2626,0.03488518435200167,0.031633185068002743,0.9834615562286438,64.53891008560133,-0.19758879225836082,1,0.09995768526184841,0
boxes_cylinder_strong_noise_hard_mixed,strong_noise,618,1674,0.08775148249562152,0.08300204988693873,0.9850835314687623,43.243339749773305,0.09806111603345367,0,0.15146758147642062,0
boxes_cylinder_strong_noise_hard_mixed,strong_noise,627,3312,0.07122404859594018,0.06444836330922904,0.9796921800526841,23.490330840715515,-0.15139951766759946,0,0.0889135646866851,0
boxes_cylinder_strong_noise_hard_mixed,strong_noise,633,309,0.05246257499361561,0.046063625430211766,0.9113592010626705,60.180336874417804,-0.1330503707502762,0,0.13693509956697297,0
boxes_cylinder_strong_noise_hard_mixed,strong_noise,635,1602,0.08650172758889907,0.0835771750741701,0.3120119001079752,70.77223239705657,0.6088862723168946,0,0.1612554750347619,0
boxes_cylinder_strong_noise_hard_mixed,strong_noise,636,2755,0.10946483632022203,0.10610489820618085,0.999167544527123,44.47802525640218,0.30813236952626377,0,0.10856213310754859,0
boxes_cylinder_strong_noise_hard_mixed,strong_noise,639,2927,0.0720585977405636,0.036889014966199576,0.836942718890436,64.24323204069896,0.012903395312105341,0,0.0983562092715567,0
boxes_cylinder_strong_noise_hard_mixed,strong_noise,642,2752,0.09131443503424833,0.08910599169636799,0.9861706469728906,122.29809611822935,0.06169349122766012,0,0.1122665468003964,0
boxes_cylinder_strong_noise_hard_mixed,strong_noise,649,1655,0.04881928829933756,0.03887415868867479,0.8992739339137279,45.438555354932255,-0.5041136210627154,1,0.11498040191450874,0
boxes_cylinder_strong_noise_hard_mixed,strong_noise,650,102,0.1347364655608319,0.13064171745177225,0.9353891840574831,43.892621998926685,-0.48203267087481727,0,0.08160851215375645,0
boxes_cylinder_strong_noise_hard_mixed,strong_noise,654,2245,0.09776988958824746,0.09675699016713904,0.8702084881022651,60.33152086585037,-0.09733234464289446,0,0.170806734071135,0
boxes_cylinder_strong_noise_hard_mixed,strong_noise,655,287,0.01952236260520438,0.008798623579459878,0.12826733713068708,62.73322849853017,0.17774923719800162,1,0.13663483012553196,0
boxes_cylinder_strong_noise_hard_mixed,strong_noise,656,16,0.03304500374925391,0.03208868411351841,0.7403199144912288,73.50509283529101,-0.38501394261376,1,0.1591870128429563,0
boxes_cylinder_strong_noise_hard_mixed,strong_noise,657,2644,0.10144587056525624,0.06647768592030785,0.9843160446752108,81.21964237838993,-0.27923268296565773,0,0.07022674711511337,1
boxes_cylinder_strong_noise_hard_mixed,strong_noise,662,1269,0.01620884817770131,0.0013207117850722403,0.036467339018582956,107.47177506112097,0.2922170080094954,1,0.13298166148736612,0
boxes_cylinder_strong_noise_hard_mixed,strong_noise,663,1489,0.05490101014496579,0.04783743772235615,0.4353598566439121,60.04575993444217,0.06008189919241722,0,0.1459813314043246,0
boxes_cylinder_strong_noise_hard_mixed,strong_noise,664,2870,0.01940186744310063,0.006091460511497603,0.9890484046085384,66.38657668468353,-0.42946565380125395,1,0.10853870977433479,0
boxes_cylinder_strong_noise_hard_mixed,strong_noise,667,4,0.028116229891073666,0.014586080505590552,0.9804679374032763,41.83502765589874,0.27241437069155744,1,0.12005215322262827,0
boxes_cylinder_strong_noise_hard_mixed,strong_noise,673,2345,0.03950499923900067,0.039337894561784145,0.9997487639104372,57.236112839145484,0.06169349122766012,1,0.1272419356529929,0
boxes_cylinder_strong_noise_hard_mixed,strong_noise,674,1148,0.0958829749890834,0.08888018813347784,0.6776324010867395,86.8878130447855,-0.2828624164511006,0,0.10322702007834875,0
boxes_cylinder_strong_noise_hard_mixed,strong_noise,678,2731,0.044877773987297635,0.042244910356691985,0.9894693632061702,91.74122474906754,-0.4207321269061149,1,0.11580896066428939,0
boxes_cylinder_strong_noise_hard_mixed,strong_noise,679,92,0.037800481806028,0.033304432990994365,0.8664893509954977,35.848758319839696,-0.5031031823235603,0,0.18297270485824493,0
boxes_cylinder_strong_noise_hard_mixed,strong_noise,688,3247,0.05176006452387144,0.04410925936749594,0.9964034296877062,157.92838000673456,-0.08426024837975238,0,0.12256568420070721,0
boxes_cylinder_strong_noise_hard_mixed,strong_noise,689,3104,0.09597254572975279,0.07232561311909219,0.3377857402440808,80.69761050824168,0.26469232166914813,0,0.13490488898693695,0
boxes_cylinder_strong_noise_hard_mixed,strong_noise,693,1279,0.05798185160364948,0.03426443070502767,0.905170614896308,82.48035372941642,-0.15139945327379717,0,0.14320232144904815,0
boxes_cylinder_strong_noise_hard_mixed,strong_noise,700,1154,0.010237789538662256,0.0019649248712671876,0.9056037360516336,55.28557220380231,0.4121761767544516,1,0.1524044756150379,0
boxes_cylinder_strong_noise_hard_mixed,strong_noise,701,2641,0.04571085485904467,0.04208656670014506,0.7980318182024715,47.11553595702585,0.04927101112802399,0,0.15713056505971043,0
boxes_cylinder_strong_noise_hard_mixed,strong_noise,703,635,0.07019348795729115,0.05997347668622777,0.9751540916057889,156.93829769231223,-0.15139945327379717,1,0.14905358629023904,0
boxes_cylinder_strong_noise_hard_mixed,strong_noise,705,1764,0.0676377951686227,0.026248711502760598,0.9346575350958816,94.0746825428339,0.4317462245143308,0,0.19047344299968064,0
boxes_cylinder_strong_noise_hard_mixed,strong_noise,707,159,0.049047762361382884,0.03748309458863277,0.8798032187449725,50.15464384945422,-0.17898749897111838,0,0.10309007824997467,0
boxes_cylinder_strong_noise_hard_mixed,strong_noise,709,1477,0.10906426741945416,0.10801438147925739,0.9873039749629927,112.5995485550939,-0.6691933203072775,0,0.15791798159473525,0
boxes_cylinder_strong_noise_hard_mixed,strong_noise,711,1016,0.0436616579535401,0.03629907286417193,0.8943653462513336,53.92561017301818,0.25802565168894254,0,0.13185207122526876,0
boxes_cylinder_strong_noise_hard_mixed,strong_noise,712,1963,0.0842581463170798,0.0750714806741179,0.9760302293688303,119.38043985286477,-0.07135685136935178,0,0.08103147597477768,0
boxes_cylinder_strong_noise_hard_mixed,strong_noise,718,2755,0.08508680882297945,0.08261911731354597,0.9754624860690237,42.40748186684336,0.4772085644825866,0,0.11293389155058263,0
boxes_cylinder_strong_noise_hard_mixed,strong_noise,727,2959,0.09497408019054407,0.06845921244573287,0.8249494907734674,70.95285911689864,-0.23841073177869007,0,0.14403827902388575,0
boxes_cylinder_strong_noise_hard_mixed,strong_noise,732,815,0.07476483874333056,0.057428833898963264,0.9777210131414422,88.39436073131864,-0.19395900791006832,0,0.04349997301760148,1
boxes_cylinder_strong_noise_hard_mixed,strong_noise,737,1513,0.04836805025091221,0.020699765086776324,0.9645850988480941,84.40494023490436,-0.1206278836220383,1,0.08846269471979862,0
boxes_cylinder_strong_noise_hard_mixed,strong_noise,743,1455,0.03129553433618635,0.028022464903468627,0.3226061272779473,66.52638003338599,0.1814426345378204,0,0.15836275820811324,0
boxes_cylinder_strong_noise_hard_mixed,strong_noise,747,1570,0.05253536252253308,0.052131782473627736,0.17225212436072151,63.76904055859121,0.09806114378850864,0,0.1299078027701528,0
boxes_cylinder_strong_noise_hard_mixed,strong_noise,751,1891,0.014368115438354314,0.011215458314433541,0.8733974565653678,64.5943830159619,-0.1991900810612124,1,0.1083243969806943,0
boxes_cylinder_strong_noise_hard_mixed,strong_noise,755,212,0.06900789859283511,0.05677535538774464,0.791166466965082,48.83017485253553,-0.02134650120792319,0,0.17751681446766626,0
boxes_cylinder_strong_noise_hard_mixed,strong_noise,758,2676,0.1268139967587707,0.11938362501974348,0.9794103375871765,74.16329242893572,0.10642930843519079,0,0.1513912162612355,0
boxes_cylinder_strong_noise_hard_mixed,strong_noise,759,2299,0.033260428608952855,0.017770523751012346,0.9912601435054113,48.14426628077572,-0.04735575350153409,1,0.12285391631122076,0
boxes_cylinder_strong_noise_hard_mixed,strong_noise,768,1510,0.07991903450798211,0.07901599937103228,0.9570058777093553,62.73070068035679,0.16705383466354115,0,0.118725447585237,0
boxes_cylinder_strong_noise_hard_mixed,strong_noise,770,2407,0.1275433795605133,0.11614640133272461,0.5081104116861733,201.33448653200963,0.5847886457974685,0,0.18310933601835813,0
boxes_cylinder_strong_noise_hard_mixed,strong_noise,771,1292,0.002479782893742508,0.0012415456301220456,0.6299326311286121,81.62104876431482,-0.19189074590570204,1,0.15060990335002944,0
boxes_cylinder_strong_noise_hard_mixed,strong_noise,778,1294,0.04954931731391829,0.031777762050342245,0.9497943759469476,82.50453642654195,-0.04170068106235352,0,0.09024744233691101,0
boxes_cylinder_strong_noise_hard_mixed,strong_noise,779,401,0.006078809567190084,0.0008182245903758405,0.9912813071412305,142.7875398708379,-0.2849306494700378,1,0.1253489146413143,0
boxes_cylinder_strong_noise_hard_mixed,strong_noise,783,301,0.06439817059599263,0.03201268726090569,0.9478527830561203,73.17572156028582,0.25113689796915384,0,0.1085155341225817,0
boxes_cylinder_strong_noise_hard_mixed,strong_noise,784,1088,0.042168885184871066,0.04025820761644409,0.9864693014136058,142.97803322964796,-0.07806828158248706,1,0.11944946889616087,0
boxes_cylinder_strong_noise_hard_mixed,strong_noise,786,2641,0.02115295169731157,0.00880612963717247,0.5689216972047209,57.99649464870624,0.07174385031342836,1,0.11734408615575154,0
boxes_cylinder_strong_noise_hard_mixed,strong_noise,787,208,0.05619978339231384,0.0312605437673427,0.6166984505148533,51.448723222935584,0.25802565168894254,0,0.10735817725160156,0
boxes_cylinder_strong_noise_hard_mixed,strong_noise,788,2241,0.07404237841619792,0.07112171303232154,0.9311240738865446,69.67709569062559,0.35942562049279836,0,0.1438235050923347,0
boxes_cylinder_strong_noise_hard_mixed,strong_noise,789,384,0.066130400948957,0.06363078329453618,0.9319722728798144,100.70233292816866,0.6439776423860842,0,0.18970549139353207,0
boxes_cylinder_strong_noise_hard_mixed,strong_noise,791,3117,0.09183743823631992,0.08275428569213168,0.712122725356571,76.7990131682526,0.11441024306973828,0,0.09438440795594599,0
boxes_cylinder_strong_noise_hard_mixed,strong_noise,792,3322,0.1160582133096071,0.11362944480736549,0.9408741213088201,65.60994666574902,0.03187927816426699,0,0.0784595767512861,1
boxes_cylinder_strong_noise_hard_mixed,strong_noise,798,3312,0.12269350692489299,0.11404966409653527,0.9992731878778469,68.10640233094136,-0.3676224048730947,0,0.1283363084257678,0
boxes_cylinder_strong_noise_hard_mixed,strong_noise,800,2274,0.05913526060254366,0.05662885240442848,0.26208901312609156,85.1311702673812,0.34140720323672874,0,0.1255304723405961,0
boxes_cylinder_strong_noise_hard_mixed,strong_noise,804,2928,0.02831416398889193,0.005582728162196522,0.9839871048750143,153.55577552233743,-0.32542198376849957,1,0.1632691875117077,0
boxes_cylinder_strong_noise_hard_mixed,strong_noise,806,3271,0.14522927701095426,0.09207133423158773,0.996066798514994,59.95997960627096,-0.06405755439556331,0,0.05595994092183793,1
boxes_cylinder_strong_noise_hard_mixed,strong_noise,810,1930,0.026217601422387833,0.0039253213434323345,0.8310638980124729,57.95628298621125,0.14725135266117875,1,0.13026547668669572,0
boxes_cylinder_strong_noise_hard_mixed,strong_noise,812,2485,0.12173562206006518,0.1188293632640168,0.8792951266959144,90.79725128142049,0.06008189919241722,0,0.16946882669451063,0
boxes_cylinder_strong_noise_hard_mixed,strong_noise,813,1481,0.0748902122634896,0.07298324044195792,0.4841433542452539,119.99310022678905,0.1969068365831281,0,0.11400530731918301,0
boxes_cylinder_strong_noise_hard_mixed,strong_noise,815,3317,0.07812598996680228,0.05985671133477489,0.8760010000387373,54.270227610541774,0.023953220509690086,0,0.17973856485913478,0
boxes_cylinder_strong_noise_hard_mixed,strong_noise,817,479,0.08948309683924971,0.0821393638996446,0.9446798016259425,58.552489788836205,-0.11324777656951902,0,0.10504089720781208,0
boxes_cylinder_strong_noise_hard_mixed,strong_noise,822,1494,0.08140330130403418,0.07564327905654707,0.9945436215148318,61.88241175258444,0.25802565168894254,0,0.09363894687452073,0
boxes_cylinder_strong_noise_hard_mixed,strong_noise,823,696,0.036145763017995505,0.002369750861816386,0.8990752069674904,107.16270687035266,0.06907360689126728,0,0.07687431050115202,1
boxes_cylinder_strong_noise_hard_mixed,strong_noise,830,3016,0.10961165977412303,0.10928730626089869,0.9962967262697523,30.586479769778354,0.1510535697378159,0,0.0465685273443033,1
boxes_cylinder_strong_noise_hard_mixed,strong_noise,832,1619,0.11473537857519388,0.07870405840174406,0.9962000911524789,36.12235756841742,-0.18962058784738453,0,0.10731306418353692,0
boxes_cylinder_strong_noise_hard_mixed,strong_noise,838,1583,0.0632161543260424,0.06238472190385225,0.9470749083293888,136.32436424571344,0.16705391799666602,0,0.14978563485092378,0
boxes_cylinder_strong_noise_hard_mixed,strong_noise,841,2777,0.08153978195724682,0.04634195604354358,0.983190400715523,46.07468615068403,-0.009569443873299036,0,0.11472801873792118,0
boxes_cylinder_strong_noise_hard_mixed,strong_noise,852,1028,0.02800303693209164,0.00881210674273421,0.8429841591413736,45.11751531176995,-0.39663471994933436,1,0.17954960089544653,0
boxes_cylinder_strong_noise_hard_mixed,strong_noise,854,2465,0.08109367170735368,0.07896040577815613,0.846643782190729,60.7509638143944,-0.09531007980442978,0,0.05992507501205767,1
boxes_cylinder_strong_noise_hard_mixed,strong_noise,862,1322,0.05457182128336478,0.0424902472464104,0.2661107649257043,52.17648763339191,-0.009569443873299036,0,0.18342313752410533,0
boxes_cylinder_strong_noise_hard_mixed,strong_noise,863,767,0.01735761585379311,0.0131588415299992,0.7117592389035047,81.91429342580719,-0.2384108392346148,1,0.10886643047268542,0
boxes_cylinder_strong_noise_hard_mixed,strong_noise,865,104,0.04823247627984139,0.04163417463773275,0.9536557753496868,107.94480088626278,0.891453078324923,0,0.1805800709278398,0
boxes_cylinder_strong_noise_hard_mixed,strong_noise,868,1320,0.06454163594923669,0.04397317862298828,0.9990998691926815,65.42777466415609,-0.08078202588779172,0,0.11552455587465202,0
boxes_cylinder_strong_noise_hard_mixed,strong_noise,869,1289,0.04988887903000069,0.04694879046201307,0.9819648979378269,61.5796995817303,-0.38359270474248364,0,0.09925321558584821,0
boxes_cylinder_strong_noise_hard_mixed,strong_noise,870,2919,0.019164882078660513,0.017415016357834403,0.6484845872557669,64.22541963967561,0.22767854103854515,1,0.10845390853543962,0
boxes_cylinder_strong_noise_hard_mixed,strong_noise,871,2717,0.0222693004748298,0.008704095338989016,0.04971629384625137,40.76113224483779,0.3746931369416745,1,0.15413579291792798,0
boxes_cylinder_strong_noise_hard_mixed,strong_noise,874,452,0.08410809381341258,0.08149467860089486,0.3227772315971974,87.00455161900535,-0.04170068106235352,0,0.16787228055841727,0
boxes_cylinder_strong_noise_hard_mixed,strong_noise,876,2388,0.05003257241404604,0.04861675727848571,0.9945887317253279,119.76437995475268,0.13888306722042146,1,0.09307237475560044,0
boxes_cylinder_strong_noise_hard_mixed,strong_noise,896,2751,0.08505132793835332,0.08397060847956485,0.05455883102311686,69.95912099638169,-0.721262210429532,0,0.14548655890452647,0
boxes_cylinder_strong_noise_hard_mixed,strong_noise,897,652,0.0061552198348240154,0.0006722117966739415,0.06308505577436785,55.45091670807862,0.2135739217267803,1,0.1575937820911963,0
boxes_cylinder_strong_noise_hard_mixed,strong_noise,911,1752,0.10883947406409138,0.09935629127884067,0.9672103456248514,46.76451963615759,0.167053884663406,0,0.09626190959078285,0
boxes_cylinder_strong_noise_hard_mixed,strong_noise,919,573,0.08266907476520637,0.0790947323570518,0.9591446008021886,44.71891586041927,0.13315237091871673,0,0.06057183474376377,1
boxes_cylinder_strong_noise_hard_mixed,strong_noise,921,1422,0.016271512810097893,2.7616609171315768e-05,0.9937874540831587,116.14267355178333,-0.20331949427433837,1,0.12673241876793367,0
boxes_cylinder_strong_noise_hard_mixed,strong_noise,923,1604,0.10168994792266635,0.10128695212878905,0.9363316522550085,82.45239461233548,0.017522331875018237,0,0.07347231260579136,1
boxes_cylinder_strong_noise_hard_mixed,strong_noise,925,2894,0.10142419001250193,0.08419326952583285,0.8814655705250516,51.8796121596988,0.12260219165768867,0,0.0934556538766454,0
boxes_cylinder_strong_noise_hard_mixed,strong_noise,926,1216,0.11200858181529498,0.111865616111139,0.993052866831394,62.95044392875712,-0.1250821995667202,0,0.0509310887386711,1
boxes_cylinder_strong_noise_hard_mixed,strong_noise,927,50,0.026884568975199835,0.0028991985760381863,0.7203116134960316,103.77969772285164,0.4772085644825866,1,0.13088531585627655,0
boxes_cylinder_strong_noise_hard_mixed,strong_noise,930,1513,0.10486017947001687,0.10377773175857871,0.9301774145753241,93.7441456998601,-0.2701594697436858,0,0.06949178604504679,1
boxes_cylinder_strong_noise_hard_mixed,strong_noise,932,2465,0.07141720424074616,0.05369690256328887,0.7498461294121754,45.80004441548496,0.029852933737945512,0,0.1037981814468618,0
boxes_cylinder_strong_noise_hard_mixed,strong_noise,933,1445,0.03035378911503155,0.02867634136897311,0.9323880749831364,92.78016013834544,0.0918305642409033,0,0.08751016105140133,0
boxes_cylinder_strong_noise_hard_mixed,strong_noise,935,1748,0.07347478527288526,0.06388011890712866,0.9482010500510845,120.28316619593323,0.11298671719424945,0,0.11522172346826703,0
boxes_cylinder_strong_noise_hard_mixed,strong_noise,938,1924,0.061758838089881245,0.05718218426160332,0.9994642785996208,106.81300879236686,-0.23841074344532864,0,0.08889830969227192,0
boxes_cylinder_strong_noise_hard_mixed,strong_noise,944,1752,0.10596246892974687,0.0921169411601028,0.9236408920748121,39.664981452793405,0.09806109174779369,0,0.06334484321525798,1
boxes_cylinder_strong_noise_hard_mixed,strong_noise,946,2206,0.016540995816338524,0.0026339741295896115,0.2085354267965691,79.92100710767181,-0.19078284116031796,1,0.10436852794980456,0
boxes_cylinder_strong_noise_hard_mixed,strong_noise,947,329,0.13295865854067102,0.1292355651376325,0.9717203901595055,151.41590429182995,0.18280223478630203,0,0.17065347163749572,0
boxes_cylinder_strong_noise_hard_mixed,strong_noise,950,2670,0.027867673658781726,0.0258095816146302,0.5021640548208743,65.6701638101953,-0.20067047324017567,0,0.16507649018992349,0
boxes_cylinder_strong_noise_hard_mixed,strong_noise,953,1443,0.048047678459031636,0.042092716348935286,0.9649323528345538,120.90717569796048,-0.04735575350153409,1,0.12683218900067128,0
boxes_cylinder_strong_noise_hard_mixed,strong_noise,954,2322,0.09688464610530137,0.08708843501045031,0.9975390933454871,120.83972629341476,-0.015267452130814749,0,0.138783687884022,0
boxes_cylinder_strong_noise_hard_mixed,strong_noise,958,931,0.0829969392038372,0.06742306309157893,0.9625056945386411,82.53802331101882,-0.3437711835476401,0,0.05900317883790733,1
boxes_cylinder_strong_noise_hard_mixed,strong_noise,964,2862,0.09071648229572693,0.08322632487710492,0.9445568633392581,29.483049408927045,0.07396359980858805,0,0.11174177763156155,0
boxes_cylinder_strong_noise_hard_mixed,strong_noise,966,192,0.13198031907788335,0.10341196754336297,0.9872958350959377,55.746486139953184,0.4807111212515796,0,0.1256315469300783,0
boxes_cylinder_strong_noise_hard_mixed,strong_noise,979,52,0.06944330516475732,0.040119540755540924,0.9355176737916988,52.14177974616428,0.3901972859776937,0,0.12417518509586352,0
boxes_cylinder_strong_noise_hard_mixed,strong_noise,985,598,0.027913573035374555,0.02499411455558971,0.6887934775223372,47.47582113635897,-0.0047961689740215665,1,0.16553624827237856,0
boxes_cylinder_strong_noise_hard_mixed,strong_noise,988,3289,0.0916207900553245,0.089255004563359,0.9792038407961107,95.3471982313182,0.005211054552923919,0,0.08440407354298321,0
boxes_cylinder_strong_noise_hard_mixed,strong_noise,990,2104,0.022807747486794056,0.017252340360284616,0.618048399608502,91.73955613514296,0.1574845254053317,1,0.14328333074730765,0
boxes_cylinder_strong_noise_hard_mixed,strong_noise,992,828,0.06369010379424345,0.04728523557559117,0.17732040072785019,72.19700482957282,0.33410783366233704,0,0.15050175383462494,0
boxes_cylinder_strong_noise_hard_mixed,strong_noise,996,632,0.05304333388985813,0.04305461149034572,0.9799520635946696,70.38127788133491,0.006711424926165095,0,0.1121944585246176,0
boxes_cylinder_strong_noise_hard_mixed,strong_noise,1012,2847,0.057501147069571844,0.05717911611160956,0.9470951631801879,42.361164111222934,0.19880263176818444,1,0.12635828095687324,0
boxes_cylinder_strong_noise_hard_mixed,strong_noise,1013,125,0.02638815295158606,0.009922316887944042,0.9904323835100434,145.28113687861105,-0.14310064364095346,1,0.14123307493079715,0
boxes_cylinder_strong_noise_hard_mixed,strong_noise,1016,1219,0.057001694305179526,0.03927046017656204,0.9932792548807298,84.97799598623018,-0.19189074590570204,1,0.14313079476445584,0
boxes_cylinder_strong_noise_hard_mixed,strong_noise,1018,3291,0.012708231952697447,0.012476357704617911,0.9341971669815518,56.71430247421521,0.08004264517358518,1,0.13624568012551377,0
boxes_cylinder_strong_noise_hard_mixed,strong_noise,1020,2919,0.08169039869663001,0.06752377326245985,0.9108547093653454,49.20696671748432,-0.4083096505185901,0,0.12105803510764727,0
boxes_cylinder_strong_noise_hard_mixed,strong_noise,1022,3180,0.05248345597134344,0.04902591365448908,0.9971279617034875,87.93345392672326,0.21834711062999546,1,0.08649057176133634,0
boxes_cylinder_strong_noise_hard_mixed,strong_noise,1028,2658,0.08856910520959393,0.08480048573937733,0.9985924405422527,116.4636757526755,0.04927099692350448,0,0.11739731268481442,0
boxes_cylinder_strong_noise_hard_mixed,strong_noise,1033,528,0.05116411839350127,0.04127707706231022,0.6017461360290853,50.065260120182685,0.22112109102137084,0,0.10265501813098077,0
boxes_cylinder_strong_noise_hard_mixed,strong_noise,1034,2002,0.11729555935357705,0.11610850647178944,0.961237271595059,47.44996265007569,-0.06851191836263172,0,0.07434898775904265,1
boxes_cylinder_strong_noise_hard_mixed,strong_noise,1037,3079,0.05715077037621623,0.0566560412362069,0.9278877490646162,139.21927737725647,-0.11057751375346798,0,0.10255945022086488,0
boxes_cylinder_strong_noise_hard_mixed,strong_noise,1038,1617,0.04167579880706765,0.029886772944155225,0.41828485360839196,75.04259328402212,0.5908678481066005,1,0.15066749357991224,0
boxes_cylinder_strong_noise_hard_mixed,strong_noise,1040,714,0.05745335204152992,0.050116476775382335,0.2476915633528713,85.05710046748055,-0.06656071059733333,0,0.19083690311822352,0
boxes_cylinder_strong_noise_hard_mixed,strong_noise,1041,1589,0.04146247250472158,0.038882042398284467,0.9217789890233398,74.90791355494059,-0.1116592347943331,0,0.14087504823603472,0
boxes_cylinder_strong_noise_hard_mixed,strong_noise,1044,2822,0.04126986161937791,0.0292769543282582,0.9735152327262939,48.2426968509716,-0.26194133979219525,0,0.1092976609776615,0
boxes_cylinder_strong_noise_hard_mixed,strong_noise,1045,2487,0.03607736966007464,0.03537950749135709,0.9733574292824433,51.63670557452299,-0.030771627416785286,1,0.14100467977454403,0
boxes_cylinder_strong_noise_hard_mixed,strong_noise,1047,2676,0.039456137187922,0.030435309764032015,0.9871852478876153,69.7328824855389,-0.2384106116810069,1,0.11914896668267697,0
boxes_cylinder_strong_noise_hard_mixed,strong_noise,1053,1095,0.1295895340439499,0.12496084339448348,0.4964676756524574,71.11361930570195,0.029852933737945512,0,0.18861576234199495,0
boxes_cylinder_strong_noise_hard_mixed,strong_noise,1054,1367,0.0844923090891681,0.07737579681577458,0.9929813737582259,75.46626112840852,0.2814641459149209,0,0.1736809499093005,0
boxes_cylinder_strong_noise_hard_mixed,strong_noise,1055,2653,0.06061439076753813,0.05101077200611876,0.30981046456524997,67.32576762744714,0.08249664099126143,0,0.0825017000307518,0
boxes_cylinder_strong_noise_hard_mixed,strong_noise,1057,2126,0.052341711929665316,0.04180059510863239,0.8836453744882202,45.47964438987104,-0.47957250883400865,1,0.11221428907022682,0
boxes_cylinder_strong_noise_hard_mixed,strong_noise,1058,3271,0.14044849303518095,0.10633548856575566,0.9466143576833226,120.92319895084174,-0.10487949391589256,0,0.02939610926948337,1
boxes_cylinder_strong_noise_hard_mixed,strong_noise,1066,3267,0.08789484592071956,0.08551780483012955,0.9400047648317951,41.9912642948465,-0.03774029094584646,0,0.1021812331260985,0
boxes_cylinder_strong_noise_hard_mixed,strong_noise,1068,2706,0.08880188368389325,0.08856690350059203,0.9864929669703587,74.95467598740566,-0.1991900810612124,0,0.1443284953072102,0
boxes_cylinder_strong_noise_hard_mixed,strong_noise,1071,155,0.047571690872822946,0.027651926780460294,0.964967198629268,40.661394603718584,-0.20204327146994835,0,0.05960722284588044,1
boxes_cylinder_strong_noise_hard_mixed,strong_noise,1076,402,0.03906464751642075,0.03143620243583019,0.8872598122682326,59.85198620701649,-0.14743904855216367,1,0.12575870362743988,0
boxes_cylinder_strong_noise_hard_mixed,strong_noise,1079,107,0.03195531305600218,0.018392484782373753,0.9564958858389563,71.3051559474348,-0.569767647495151,1,0.07653215032734127,1
boxes_cylinder_strong_noise_hard_mixed,strong_noise,1080,664,0.10456356844247963,0.10235188936194763,0.9719004774568155,42.38858766415063,0.10989555807823514,0,0.11653640116158653,0
boxes_cylinder_strong_noise_hard_mixed,strong_noise,1089,3315,0.08221713688138971,0.08010739844726887,0.38492206920495164,123.88290722279358,0.4265647785615478,0,0.18579439081527963,0
boxes_cylinder_strong_noise_hard_mixed,strong_noise,1094,437,0.0932161785521693,0.09152917018529186,0.9838227619313377,75.51518348054105,0.040302342344519036,0,0.08540325142421311,0
boxes_cylinder_strong_noise_hard_mixed,strong_noise,1095,1162,0.12164025757128359,0.12024507304498365,0.98835601734455,70.90939979273416,-0.12921159354911904,0,0.033933519852674,1
boxes_cylinder_strong_noise_hard_mixed,strong_noise,1096,2209,0.031415000118443365,0.017592011317947614,0.8499387633444614,27.18770541012188,-0.13832749721887605,0,0.07457003417964811,1
boxes_cylinder_strong_noise_hard_mixed,strong_noise,1099,2794,0.06006114015330496,0.05260606486147608,0.9877906022724687,63.08816787333807,-0.03774029094584646,0,0.041093909762324056,1
boxes_cylinder_strong_noise_hard_mixed,strong_noise,1102,1117,0.0848142662749307,0.07928874625365573,0.946511676007604,105.00164100907641,-0.1250821995667202,0,0.09903514764645376,0
boxes_cylinder_strong_noise_hard_mixed,strong_noise,1107,3309,0.07602691449802586,0.07282759403989134,0.9610178366126536,76.29404125390059,-0.11324777656951902,1,0.09064907687566628,0
boxes_cylinder_strong_noise_hard_mixed,strong_noise,1108,1641,0.13546081217150066,0.13183119270476495,0.9913694626112977,51.07587255074707,-0.20450926832124403,0,0.03657850402148143,1
boxes_cylinder_strong_noise_hard_mixed,strong_noise,1118,3242,0.09840529089048869,0.09568630524380134,0.9934850852615553,79.39174307361631,0.03187927816426699,0,0.14419243965586973,0
boxes_cylinder_strong_noise_hard_mixed,strong_noise,1119,224,0.035189825255094946,0.001172557173140409,0.9944528625079034,152.20115905788,0.42941789528499036,1,0.17248618064243704,0
boxes_cylinder_strong_noise_hard_mixed,strong_noise,1125,1691,0.04894809230723831,0.015310867557415082,0.6928181175058264,40.14461761223982,-0.0747815547994915,0,0.1825961561400459,0
boxes_cylinder_strong_noise_hard_mixed,strong_noise,1128,855,0.014062563191323063,0.004301256215686837,0.9972271047687635,84.16693161475277,0.10642930843519079,1,0.13667830544869472,0
boxes_cylinder_strong_noise_hard_mixed,strong_noise,1137,2601,0.08218805856810238,0.04806433129739765,0.9851913460886492,75.89922987442309,0.3005849951456109,0,0.07402183002695392,1
boxes_cylinder_strong_noise_hard_mixed,strong_noise,1139,1067,0.036290234010621925,0.023981650524332696,0.878790996923567,62.07534530373354,0.04927101112802399,1,0.16074448741210198,0
boxes_cylinder_strong_noise_hard_mixed,strong_noise,1140,878,0.0461525662384185,0.04158912786925111,0.9773503413712693,54.16621621218721,-0.23841084395795437,0,0.13444112201961952,0
boxes_cylinder_strong_noise_hard_mixed,strong_noise,1142,1963,0.0782550375208287,0.07264749584824443,0.9716277864110604,120.914938092726,0.037842309296063546,0,0.11018315628930248,0
boxes_cylinder_strong_noise_hard_mixed,strong_noise,1145,3264,0.010085110793226512,0.004684661085507999,0.9964645041360737,135.60082276040794,-0.1991900810612124,1,0.13414187620152587,0
boxes_cylinder_strong_noise_hard_mixed,strong_noise,1149,1644,0.04291304657043663,0.03588208037829432,0.9029828600698196,55.53959895320967,-0.003571429631621186,1,0.1469969288978874,0
boxes_cylinder_strong_noise_hard_mixed,strong_noise,1150,1892,0.06826848486821023,0.050506029982447805,0.7885352058169124,41.045955249812486,0.4280674335041635,0,0.12771410206276423,0
boxes_cylinder_strong_noise_hard_mixed,strong_noise,1152,2753,0.02198057873809193,0.014330529495609784,0.7808870538470831,78.13156147227598,0.26469232166914813,1,0.1509001913741163,0
boxes_cylinder_strong_noise_hard_mixed,strong_noise,1157,1359,0.05299773216755496,0.04543317464752351,0.9739692973998576,86.80569917504647,0.18767323283539283,0,0.060547752754890515,1
boxes_cylinder_strong_noise_hard_mixed,strong_noise,1158,1431,0.08051390542254433,0.07226528631349466,0.8790970849583357,31.73335634136396,-0.17957036844384391,0,0.15399685260964086,0
boxes_cylinder_strong_noise_hard_mixed,strong_noise,1160,3114,0.0643143669553343,0.060051299583790414,0.5138305888204873,54.15127889172301,0.20961348531406482,0,0.1786248702585275,0
boxes_cylinder_strong_noise_hard_mixed,strong_noise,1164,366,0.0466908507129958,0.04344874160289936,0.9541450525194369,71.69362596886609,0.2795318416462722,0,0.1449209637559293,0
boxes_cylinder_strong_noise_hard_mixed,strong_noise,1167,83,0.1027508804192367,0.10081718877901795,0.9748094053470603,37.45349547821067,0.04927101112802399,0,0.12870817685004246,0
boxes_cylinder_strong_noise_hard_mixed,strong_noise,1169,3237,0.06441873670567634,0.053793000544774705,0.8854515514284094,98.18960779833891,-0.1958511644612912,1,0.1257897074939201,0
boxes_cylinder_strong_noise_hard_mixed,strong_noise,1170,2683,0.18753575932226454,0.15999978795337985,0.9957364535530515,45.46973216731539,-0.6766651430868403,0,0.0822914910173711,0
boxes_cylinder_strong_noise_hard_mixed,strong_noise,1172,1323,0.07579636747180507,0.06786895405122167,0.9822488453128907,49.146418080759204,0.4547357440718506,0,0.1264320527560811,0
boxes_cylinder_strong_noise_hard_mixed,strong_noise,1174,140,0.03849757121887346,0.01860578119849319,0.38559233266975723,42.33187938313033,0.13806645199166098,0,0.14259143752995831,0
boxes_cylinder_strong_noise_hard_mixed,strong_noise,1176,667,0.022505569696439635,0.011666581412000738,0.14532204487217354,62.40389353610823,0.10642938564090516,1,0.1708541860477667,0
boxes_cylinder_strong_noise_hard_mixed,strong_noise,1178,32,0.06493882316493475,0.06007363896422244,0.9933434831085277,107.84478437144594,0.0800426243402898,0,0.13568942249887908,0
boxes_cylinder_strong_noise_hard_mixed,strong_noise,1179,208,0.0992532148128642,0.0903321137354992,0.9089076467226985,69.51294426323021,-0.01526745784508752,0,0.11571885086478098,0
boxes_cylinder_strong_noise_hard_mixed,strong_noise,1180,1592,0.013895500622156954,0.00515931986454957,0.7762814404135111,73.14001224272818,-0.46155413904534076,1,0.16005720190363312,0
boxes_cylinder_strong_noise_hard_mixed,strong_noise,1181,946,0.051822303458140276,0.045749925888715015,0.9999550988436174,134.824043655813,-0.10487949391589256,1,0.15509449749038,0
boxes_cylinder_strong_noise_hard_mixed,strong_noise,1183,111,0.06165731718478285,0.05290879088367672,0.8889287237262873,69.52281204862,-0.4768215655385101,0,0.08150101066306781,0
boxes_cylinder_strong_noise_hard_mixed,strong_noise,1184,923,0.1355594157180511,0.1326798632116747,0.9942911346308649,78.56638838272737,0.28288556301763984,0,0.07281520085449404,1
boxes_cylinder_strong_noise_hard_mixed,strong_noise,1186,1888,0.10147156652698466,0.09984868851692928,0.2093591956505503,103.8845217549999,0.2636806583387697,0,0.22240059355175087,0
boxes_cylinder_strong_noise_hard_mixed,strong_noise,1189,2470,0.03217474085371466,0.027151998804849982,0.357666838891946,86.70403114229045,0.14295640939083312,1,0.15496288682702475,0
boxes_cylinder_strong_noise_hard_mixed,strong_noise,1194,874,0.003629306341440313,0.0027881628558999766,0.8943729322436341,64.00439587642907,0.28483671754234524,1,0.1245544189341369,0
boxes_cylinder_strong_noise_hard_mixed,strong_noise,1196,2990,0.16008570989569398,0.15847173405085524,0.9968605622443797,104.23840772976872,-0.2384107734452614,0,0.07337383947742715,1
boxes_cylinder_strong_noise_hard_mixed,strong_noise,1203,1268,0.11703636274047677,0.11289427133271913,0.9998250421755273,106.89277090879999,-0.28720077571026303,0,0.10350339681961913,0
boxes_cylinder_strong_noise_hard_mixed,strong_noise,1205,1053,0.0886813641764544,0.056011798917073946,0.9147461363673328,43.06117854859379,0.0717438230407528,0,0.09340981422743437,0
boxes_cylinder_strong_noise_hard_mixed,strong_noise,1211,1880,0.0726224082297804,0.06367224106916226,0.994547917373247,110.26561954660764,0.5088028023624972,0,0.1222118088402385,0
boxes_cylinder_strong_noise_hard_mixed,strong_noise,1212,1774,0.11404910293995911,0.11312436225904818,0.4749205088920304,71.56670984143732,0.7785224069256622,0,0.15323177739017,0
boxes_cylinder_strong_noise_hard_mixed,strong_noise,1214,3013,0.09824333998773215,0.09486182132067035,0.9506379023654005,71.42895090293648,0.012903388962911554,0,0.07632887984731257,1
boxes_cylinder_strong_noise_hard_mixed,strong_noise,1218,2805,0.04160864383975544,0.03418356528549739,0.8429882222994869,64.47241491492629,0.21357386220308727,1,0.15206120580426652,0
boxes_cylinder_strong_noise_hard_mixed,strong_noise,1221,1923,0.023943757666573712,0.011923818595070653,0.8644589520587853,151.58846961343457,-0.12062790445533918,1,0.1655510678205701,0
boxes_cylinder_strong_noise_hard_mixed,strong_noise,1222,841,0.06449672977775138,0.061876343564354924,0.9921893611851484,56.067714197553165,-0.38683060511546485,0,0.059957836164270424,1
boxes_cylinder_strong_noise_hard_mixed,strong_noise,1225,2093,0.06394202713545939,0.05080184782405205,0.9262178988901041,107.41732069617416,0.36772433568141605,0,0.16824400572628365,0
boxes_cylinder_strong_noise_hard_mixed,strong_noise,1228,2050,0.10586211552189728,0.10473677302912883,0.993559667905367,58.24426896716385,0.0918305642409033,0,0.05404957065435356,1
boxes_cylinder_strong_noise_hard_mixed,strong_noise,1231,1925,0.09684301223351889,0.05860860021763954,0.9057032889659632,88.1904591422872,0.1510535697378159,0,0.03582488249892114,1
boxes_cylinder_strong_noise_hard_mixed,strong_noise,1232,750,0.059478204167313746,0.048212099295701256,0.862095275382919,41.080372206032514,-0.05608940665110781,0,0.12646266503894155,0
boxes_cylinder_strong_noise_hard_mixed,strong_noise,1238,3283,0.027221144441971806,0.009873690364008054,0.9698640602573942,67.2515258085237,-0.05182503240361738,1,0.1656853191541959,0
boxes_cylinder_strong_noise_hard_mixed,strong_noise,1243,671,0.06074740680206729,0.04610293285905043,0.8724148627850049,63.39229106808712,0.357572119167961,0,0.10141610544786733,0
boxes_cylinder_strong_noise_hard_mixed,strong_noise,1244,2128,0.03188517838937936,0.004242913978975681,0.9821613815512905,50.79589981170454,0.021872059615976137,0,0.10175230818824157,0
boxes_cylinder_strong_noise_hard_mixed,strong_noise,1246,440,0.05018780006084369,0.013640541476992629,0.411613467752945,57.58952524050451,-0.13019733550814422,0,0.1796191940638929,0
boxes_cylinder_strong_noise_hard_mixed,strong_noise,1248,764,0.015073276486010893,0.007915617896834507,0.22545385701248863,69.4744784231203,0.49395646488395234,1,0.14146301903772937,0
boxes_cylinder_strong_noise_hard_mixed,strong_noise,1255,1594,0.03189419696556133,0.014481857355193565,0.49021187942851546,50.1314957018575,-0.037740300205089686,1,0.13426209997654884,0
boxes_cylinder_strong_noise_hard_mixed,strong_noise,1258,1779,0.023333035363235496,0.0007938124314923948,0.1816123187153942,85.38200236300568,0.08004265767356766,1,0.15839339183242487,0
boxes_cylinder_strong_noise_hard_mixed,strong_noise,1260,1883,0.057795028230908686,0.04803305637760095,0.9773599780505785,112.51469287662471,0.39411103713738543,0,0.11089566508628897,0
boxes_cylinder_strong_noise_hard_mixed,strong_noise,1262,858,0.03267642606688934,0.019155188334158347,0.9267384686452859,65.47464757928002,-0.5260927208970527,1,0.09803743017173201,0
boxes_cylinder_strong_noise_hard_mixed,strong_noise,1267,478,0.008960813459408858,0.003858339212634251,0.551910328350287,87.12550654511332,0.12449437513574745,1,0.14698907705741268,0
boxes_cylinder_strong_noise_hard_mixed,strong_noise,1270,2800,0.039803960509316526,0.03744201690032101,0.8272954423036275,104.26922558552752,0.4121761767544516,1,0.15890443299022589,0
boxes_cylinder_strong_noise_hard_mixed,strong_noise,1272,2044,0.04277522254174752,0.006834301200469036,0.9722570675833566,160.96130565087324,-0.23841074344532864,1,0.06052362545869512,1
boxes_cylinder_strong_noise_hard_mixed,strong_noise,1274,454,0.03195476961442601,0.029615228380738552,0.6112835118469641,60.14780941817666,-0.12334161041530427,1,0.12417869387331824,0
boxes_cylinder_strong_noise_hard_mixed,strong_noise,1280,3014,0.023796069904738225,0.013252988753274231,0.9355601747933813,49.48461413451586,-0.046039093676359846,1,0.08990121319753544,0
boxes_cylinder_strong_noise_hard_mixed,strong_noise,1284,2645,0.08107067902808303,0.0714677381561799,0.9998538971987869,127.1810964226886,-0.06405755439556331,0,0.11908976976031561,0
boxes_cylinder_strong_noise_hard_mixed,strong_noise,1290,1359,0.10374901286960063,0.09315415928458637,0.9313621681096281,54.38068884334032,-0.30294925708284426,0,0.09130232621934053,0
boxes_cylinder_strong_noise_hard_mixed,strong_noise,1291,2887,0.061683506116869416,0.05287391341474719,0.28367442306506063,65.21667047416572,0.15549313315233387,0,0.17629862479949393,0
boxes_cylinder_strong_noise_hard_mixed,strong_noise,1295,3291,0.03215175067711988,0.004698787213379169,0.8443848506020332,66.65262762897326,0.057053144390733605,0,0.10628820593124404,0
boxes_cylinder_strong_noise_hard_mixed,strong_noise,1303,2583,0.07968245600209892,0.06583058741530566,0.9941460819060017,159.0568583836867,0.4547356293377922,0,0.17686137229564927,0
boxes_cylinder_strong_noise_hard_mixed,strong_noise,1305,1173,0.024503678156940573,0.011485021616144292,0.38942103256632893,68.94398593825997,-0.10835781254103692,1,0.12435672073037668,0
boxes_cylinder_strong_noise_hard_mixed,strong_noise,1306,724,0.035270516860309374,0.02302550946090413,0.9601683582298848,60.8750678864833,0.1765327084021584,1,0.1543997007117231,0
boxes_cylinder_strong_noise_hard_mixed,strong_noise,1308,1975,0.08037642876578359,0.06820022777273455,0.9912079854154039,78.28615226178555,-0.39256134612972843,0,0.1247650878390028,0
boxes_cylinder_strong_noise_hard_mixed,strong_noise,1310,822,0.04443650519890032,0.03251098642192426,0.98695253556059,84.36997010558692,-0.030771627416785286,0,0.07244439825025432,1
boxes_cylinder_strong_noise_hard_mixed,strong_noise,1311,3316,0.03630997505987388,0.03275582527117711,0.958650685490057,47.036095752779964,0.21357386220308727,1,0.09511206300279089,0
boxes_cylinder_strong_noise_hard_mixed,strong_noise,1312,633,0.03863353865829586,0.03130457399884679,0.48883920500150324,82.93257709410601,0.129313639871308,1,0.15667244715497866,0
boxes_cylinder_strong_noise_hard_mixed,strong_noise,1314,1858,0.05940424130246065,0.04839110010019869,0.9866545382265678,124.08589315875807,-0.18962058784738453,1,0.1264812377353269,0
boxes_cylinder_strong_noise_hard_mixed,strong_noise,1315,255,0.13867928991534215,0.13237726055409826,0.9802968652585825,73.19872266628418,0.0918305642409033,0,0.04469768374316997,1
boxes_cylinder_strong_noise_hard_mixed,strong_noise,1327,1374,0.02639220024032347,0.0028793142305870464,0.4833461279339556,47.79285002191432,-0.10183542045797463,1,0.1380268260534232,0
boxes_cylinder_strong_noise_hard_mixed,strong_noise,1336,3272,0.061586415389181276,0.059184093358493596,0.9571273477142082,146.71467189433585,-0.03774029094584646,0,0.0728143478085673,1
boxes_cylinder_strong_noise_hard_mixed,strong_noise,1337,791,0.05066286115414901,0.006137379295646723,0.14107965800227001,61.00603141523038,-0.2590301537600743,0,0.0967317530216963,0
boxes_cylinder_strong_noise_hard_mixed,strong_noise,1338,243,0.023238958536890664,0.005190292574274111,0.9948367940239148,122.43626954937058,0.010050329186839261,1,0.14548137033575959,0
boxes_cylinder_strong_noise_hard_mixed,strong_noise,1339,3118,0.02514887764778143,0.01642803877918045,0.10438140029185702,53.32354118885792,-0.7739285189484459,1,0.11670333881412696,0
boxes_cylinder_strong_noise_hard_mixed,strong_noise,1340,3185,0.08564336296555934,0.08264027619718954,0.9644864596565265,103.2421859796712,-0.5260925958972651,0,0.14038775282520843,0
boxes_cylinder_strong_noise_hard_mixed,strong_noise,1342,327,0.15572105662562996,0.15199503724628793,0.9830652399625006,53.088067114845174,-0.321792237601929,0,0.09591981951637732,0
boxes_cylinder_strong_noise_hard_mixed,strong_noise,1343,1179,0.07320090143163611,0.07130867593555636,0.9995905532323881,95.54385730649597,0.039220673153322054,0,0.1513662407708051,0
boxes_cylinder_strong_noise_hard_mixed,strong_noise,1345,866,0.03107829253887579,0.025559480254136076,0.9133416530282429,76.8451564917339,-0.009569443873299036,1,0.15139205666374844,0
boxes_cylinder_strong_noise_hard_mixed,strong_noise,1349,1763,0.05618827987835235,0.05115674622059534,0.9085839875094945,72.64721460013986,-0.06252029246527138,0,0.13782023425200585,0
boxes_cylinder_strong_noise_hard_mixed,strong_noise,1353,65,0.0338629009064206,0.009871357737995724,0.9017788544466543,67.76299195440522,0.3321335524141619,1,0.1579880304551962,0
boxes_cylinder_strong_noise_hard_mixed,strong_noise,1355,2751,0.06069418444829745,0.06013306603129442,0.09611762334674209,70.7592735551387,-0.4509721501993318,0,0.13842301201353208,0
boxes_cylinder_strong_noise_hard_mixed,strong_noise,1364,933,0.0459926576004915,0.028665816465551427,0.5830487624056792,52.13470561755811,0.5825690068071306,0,0.12780881876223044,0
boxes_cylinder_strong_noise_hard_mixed,strong_noise,1366,1175,0.1347096141087258,0.13110315892750385,0.9866940741737734,92.85406413144638,0.06008189919241722,0,0.04857072364941263,1
boxes_cylinder_strong_noise_hard_mixed,strong_noise,1368,2944,0.0677661549216213,0.055603640357344504,0.9947687622981043,53.18278472133945,-0.3561936470648262,0,0.14715418532966681,0
boxes_cylinder_strong_noise_hard_mixed,strong_noise,1370,873,0.029693126890774104,0.015160460408341618,0.907377382338612,38.97326113839451,0.07174385031342836,1,0.15008481216179412,0
boxes_cylinder_strong_noise_hard_mixed,strong_noise,1371,806,0.040089603830100955,0.03979738657619703,0.5898176380443922,79.12767039043194,-0.2990353787175546,0,0.1672102097347451,0
boxes_cylinder_strong_noise_hard_mixed,strong_noise,1378,7,0.12722314020041414,0.11764732545404787,0.8013113297369462,54.60187220616492,-0.20942330842063764,0,0.11648181554945326,0
boxes_cylinder_strong_noise_hard_mixed,strong_noise,1380,2711,0.09368466578803052,0.0933308337035472,0.9894880697209762,169.96689922572156,-0.02329961931194939,0,0.1307828179150105,0
boxes_cylinder_strong_noise_hard_mixed,strong_noise,1385,2607,0.035704626434855606,0.01722218063276145,0.4599855624832948,72.20778271610756,0.30813236952626377,1,0.17453996084345147,0
boxes_cylinder_strong_noise_hard_mixed,strong_noise,1388,2199,0.030208704914928598,0.005234093303154356,0.705824873875871,62.29201393019736,0.577337983388319,0,0.11308245722725346,0
boxes_cylinder_strong_noise_hard_mixed,strong_noise,1390,2082,0.11427709529260889,0.09098795955538153,0.9660954263209711,94.0749095398093,-0.15502922494096202,0,0.11069823946059135,0
boxes_cylinder_strong_noise_hard_mixed,strong_noise,1396,3266,0.05462792970916067,0.054140220078016804,0.9907089441283269,62.30772457806403,-0.5171239500457403,1,0.11768985502764921,0
boxes_cylinder_strong_noise_hard_mixed,strong_noise,1397,983,0.0795690391341631,0.07267028083143938,0.9634597559113752,104.36867478855746,-0.23841076418602217,0,0.1145809283963821,0
boxes_cylinder_strong_noise_hard_mixed,strong_noise,1400,1576,0.05482233098300378,0.05279799411574985,0.9979458313184653,71.38904023927763,0.22589434572531444,1,0.07822082244906771,1
boxes_cylinder_strong_noise_hard_mixed,strong_noise,1405,3336,0.07229040525730139,0.04038897258395373,0.7169526902045276,153.04965209301218,0.47942827458388837,0,0.18827652454475316,0
boxes_cylinder_strong_noise_hard_mixed,strong_noise,1407,1892,0.05553297714512259,0.04150219397453285,0.705805191651466,45.48461118077026,0.21834711062999546,0,0.16321953255208374,0
boxes_cylinder_strong_noise_hard_mixed,strong_noise,1409,2555,0.0432085073846121,0.03604327415969968,0.9392922095743818,53.338184766544735,-0.015267455464140078,0,0.15825554833331362,0
boxes_cylinder_strong_noise_hard_mixed,strong_noise,1410,1960,0.05189336551324048,0.04782487665178338,0.9966563172184854,105.23037354369245,0.04927099692350448,1,0.14534525257077202,0
boxes_cylinder_strong_noise_hard_mixed,strong_noise,1415,1199,0.014910207390570529,0.003567506663598584,0.68859651245812,83.09219000885827,0.4345330832671293,1,0.1500617810281379,0
boxes_cylinder_strong_noise_hard_mixed,strong_noise,1417,3300,0.04891263163544995,0.039578893048251115,0.9310267475943889,86.9624558188512,0.18280223478630203,1,0.13192089292517112,0
boxes_cylinder_strong_noise_hard_mixed,strong_noise,1419,880,0.10899788894274007,0.10880469312626705,0.9679249237809144,104.87525418105085,-0.20450926832124403,0,0.0701616855361921,1
boxes_cylinder_strong_noise_hard_mixed,strong_noise,1421,591,0.08539791150855215,0.0755678609213795,0.9996245675929423,108.56979091029433,0.36772433568141605,0,0.11825891125277077,0
boxes_cylinder_strong_noise_hard_mixed,strong_noise,1424,1220,0.09582430209832461,0.09381338705865294,0.8446745438217079,164.42101896455242,0.017522331875018237,0,0.13140169500785034,0
boxes_cylinder_strong_noise_hard_mixed,strong_noise,1429,275,0.06323221352588385,0.055109488174579654,0.9993085244343328,147.60872288279717,0.08436226865396826,0,0.10174954886769964,0
boxes_cylinder_strong_noise_hard_mixed,strong_noise,1434,26,0.05826102972575648,0.03525094206616327,0.9198483625194365,120.76831623598451,0.22421219131399495,0,0.10798090399356965,0
boxes_cylinder_strong_noise_hard_mixed,strong_noise,1436,359,0.04916329893936102,0.030070812403431093,0.9742293156155217,114.55529873032008,-0.03361657039499303,0,0.054077139945855605,1
boxes_cylinder_strong_noise_hard_mixed,strong_noise,1437,507,0.047387724305335485,0.025620543053293813,0.5988606650965488,66.84608866800546,0.30058523621645516,0,0.1873983405246606,0
boxes_cylinder_strong_noise_hard_mixed,strong_noise,1442,284,0.03298976550082276,7.963054615581797e-06,0.9844121844231629,129.4372480683829,0.07336855572524346,0,0.1797116133368523,0
boxes_cylinder_strong_noise_hard_mixed,strong_noise,1443,2250,0.10542407159476276,0.10467582233251879,0.7189104735213298,115.61546221962587,-0.07410790072521933,0,0.09528525561442398,0
boxes_cylinder_strong_noise_hard_mixed,strong_noise,1444,3068,0.13372221387314512,0.13182519412971974,0.7992938606511198,88.21801543802022,0.13628227542839735,0,0.11545030126713951,0
boxes_cylinder_strong_noise_hard_mixed,strong_noise,1445,1645,0.025182383134505024,0.01411467788718876,0.3803548889739336,68.32776423759074,-0.15836812987424456,1,0.15015736539844954,0
boxes_cylinder_strong_noise_hard_mixed,strong_noise,1448,1466,0.11379617312871869,0.10603265109675816,0.9961875059352151,49.08374733522251,-0.01526745784508752,0,0.028145509361403583,1
boxes_cylinder_strong_noise_hard_mixed,strong_noise,1451,2899,0.01825796623167507,0.005702373623426765,0.9467937448073387,74.04546045984857,0.039220673153322054,1,0.08665443362335144,0
boxes_cylinder_strong_noise_hard_mixed,strong_noise,1452,304,0.07097140018271776,0.06789847503055167,0.944373376395614,88.2510165505393,0.26236396446783583,1,0.054693859920677684,1
boxes_cylinder_strong_noise_hard_mixed,strong_noise,1454,3217,0.010849519905181406,0.0042360284449244594,0.9975738156324963,145.71011082785608,-0.19189074590570204,1,0.10922576160748201,0
boxes_cylinder_strong_noise_hard_mixed,strong_noise,1456,3066,0.09218074802558561,0.08463991319785662,0.7490854423586784,74.86240280637418,0.16705390284518254,0,0.07801999329817397,1
boxes_cylinder_strong_noise_hard_mixed,strong_noise,1457,2760,0.040705535338415574,0.012238805002329323,0.9624170377047765,84.47167272028298,-0.11057751375346798,1,0.07646426976608786,1
boxes_cylinder_strong_noise_hard_mixed,strong_noise,1462,2717,0.05513467068327834,0.053934000480718815,0.8477282343299732,33.94794150496724,0.39531241011380736,0,0.15109598494251536,0
boxes_cylinder_strong_noise_hard_mixed,strong_noise,1463,588,0.0423187353569001,0.023865461240173746,0.7514475710244056,90.96354589016079,0.22589434572531444,0,0.12243979337139835,0
boxes_cylinder_strong_noise_hard_mixed,strong_noise,1472,468,0.050267542612361805,0.04848219672748584,0.6437847115294375,65.39423676476959,0.3269024956053216,0,0.10275086172046963,0
boxes_cylinder_strong_noise_hard_mixed,strong_noise,1473,2426,0.018493202281693828,0.015807909093278966,0.9170840641383651,87.5712848547628,0.029852933737945512,1,0.11087600239593877,0
boxes_cylinder_strong_noise_hard_mixed,strong_noise,1475,2134,0.05770286495339335,0.0502920772875485,0.9984034806445328,50.16714431759715,0.18647204042986104,0,0.08830402697012268,0
boxes_cylinder_strong_noise_hard_mixed,strong_noise,1479,1069,0.023473930345738806,0.0004836604251793146,0.7265857280628631,83.04059865995643,-0.3561937500738747,1,0.15147271147166436,0
boxes_cylinder_strong_noise_hard_mixed,strong_noise,1480,3222,0.08286053330590094,0.07461998086777961,0.9967889724405051,121.2168506167446,-0.056089391651143954,0,0.06275608685916495,1
boxes_cylinder_strong_noise_hard_mixed,strong_noise,1483,488,0.0384455529366338,0.03121830894173127,0.8864104137340403,59.281297614456264,0.08004264517358518,1,0.08139904820274858,0
boxes_cylinder_strong_noise_hard_mixed,strong_noise,1487,2199,0.10740718565909681,0.04936035188349318,0.9948951513574381,67.04406573262318,0.2636806583387697,0,0.05283029962351049,1
boxes_cylinder_strong_noise_hard_mixed,strong_noise,1488,1789,0.13029226037539995,0.11598970212725543,0.9378019965161539,50.773943856301614,-0.43908128456415135,0,0.1266399843477174,0
boxes_cylinder_strong_noise_hard_mixed,strong_noise,1489,554,0.09615150552078405,0.08946607450843488,0.9692321561467928,92.18799273396111,0.15245512539563405,0,0.051685820377005615,1
boxes_cylinder_strong_noise_hard_mixed,strong_noise,1490,2441,0.09483158052356183,0.08484378726473468,0.9596889331739074,87.26911112388572,-0.07806828158248706,0,0.06925751202443275,1
boxes_cylinder_strong_noise_hard_mixed,strong_noise,1494,3103,0.03086384068387836,0.026724579639036877,0.924062349793409,61.22655798753321,-0.07135685136935178,1,0.09628308625026054,0
boxes_cylinder_strong_noise_hard_mixed,strong_noise,1497,366,0.05371946969270151,0.014808533112989424,0.8048943699230604,60.757011563781454,0.4898271173205752,0,0.18813545140958088,0
boxes_cylinder_strong_noise_hard_mixed,strong_noise,1499,47,0.04342554773920457,0.037585605634850035,0.03107152748296442,74.92786493942077,0.09806113222390078,0,0.15251297890813925,0
boxes_cylinder_strong_noise_hard_mixed,strong_noise,1500,2815,0.019668447959674006,0.017204239912225153,0.24821869132844113,39.661996366450644,0.16705395966325998,1,0.14849012915737786,0
boxes_cylinder_strong_noise_hard_mixed,strong_noise,1503,1876,0.04544804072029263,0.0362518173316946,0.950767568975254,101.69743827202824,0.23159224746796103,1,0.16724252326197614,0
boxes_cylinder_strong_noise_hard_mixed,strong_noise,1512,206,0.04725168693712631,0.02912811296195344,0.9032379405619898,67.26193060074355,-0.20562100277273582,1,0.1398758055390689,0
boxes_cylinder_strong_noise_hard_mixed,strong_noise,1515,2548,0.03813725429672747,0.031030170539372785,0.22134578098802057,97.40927396035622,0.3063159154451338,0,0.13744060395525426,0
boxes_cylinder_strong_noise_hard_mixed,strong_noise,1518,114,0.0924064359026799,0.0844785106017553,0.947024069139832,80.16724841446162,0.09806109174779369,0,0.0992113764495113,0
boxes_cylinder_strong_noise_hard_mixed,strong_noise,1519,114,0.03330879019655542,0.03082358884671802,0.8397188926869337,82.66787650092212,0.32120440734796757,1,0.12261831997004959,0
boxes_cylinder_strong_noise_hard_mixed,strong_noise,1527,2345,0.08883597417095852,0.0860880892723991,0.9754333036127895,56.00950417015839,0.32120440734796757,0,0.11783464154809022,0
boxes_cylinder_strong_noise_hard_mixed,strong_noise,1529,2536,0.05177063783238495,0.04893838468441033,0.6658058441446827,86.91493425672742,0.008449045736536627,0,0.18095655710760167,0
boxes_cylinder_strong_noise_hard_mixed,strong_noise,1536,387,0.025426169998322687,0.022306144124334747,0.6449998560935355,48.86466307040689,-0.015267459630798728,1,0.11247892771158864,0
boxes_cylinder_strong_noise_hard_mixed,strong_noise,1537,3119,0.021583872729530263,0.020628778841574824,0.19589565017761162,54.080174224677805,-0.40903628283798715,1,0.11271269222609019,0
boxes_cylinder_strong_noise_hard_mixed,strong_noise,1539,1541,0.02976443675487791,0.0296813164824541,0.9002506818402096,73.74224999611296,-0.2130930571274931,1,0.11982740268428574,0
boxes_cylinder_strong_noise_hard_mixed,strong_noise,1541,121,0.039040755163988465,0.03623863736880761,0.9776601549765515,156.160965174027,-0.3496360858007523,1,0.11284219990584565,0
boxes_cylinder_strong_noise_hard_mixed,strong_noise,1547,500,0.06893436209521589,0.06778616755243415,0.9896678212253728,129.44483992173025,-0.09864894628741513,0,0.10638929195978382,0
boxes_cylinder_strong_noise_hard_mixed,strong_noise,1549,879,0.12187233398526853,0.11651244361910472,0.9988167891623954,144.7271964175164,-0.43908106739298003,0,0.1287009861174761,0
boxes_cylinder_strong_noise_hard_mixed,strong_noise,1551,702,0.05070374804987003,0.04475417247803745,0.871688413351984,63.22980257342603,0.04927101112802399,0,0.12743261453855365,0
boxes_cylinder_strong_noise_hard_mixed,strong_noise,1552,919,0.04299424668053709,0.040049933721085285,0.9757324696718563,46.39527496312854,0.07174385031342836,0,0.09887608891908752,0
boxes_cylinder_strong_noise_hard_mixed,strong_noise,1554,517,0.005693832610340628,0.003964225827217881,0.9639554956676675,84.9617049022037,0.501255684655087,1,0.1263630302983636,0
boxes_cylinder_strong_noise_hard_mixed,strong_noise,1555,2776,0.09863570307880914,0.0881520842763875,0.725266261683095,75.59361308235039,-0.14879873439828276,0,0.10392653405961592,0
boxes_cylinder_strong_noise_hard_mixed,strong_noise,1562,3021,0.033479082200221916,0.03206808032983237,0.4091044520199949,73.05741660761912,0.11826383763664938,1,0.06996472231894062,1
boxes_cylinder_strong_noise_hard_mixed,strong_noise,1563,2257,0.14712639650631124,0.12193334577794744,0.9596506491450338,35.57560059832838,-0.11324777656951902,0,0.12511969995216018,0
boxes_cylinder_strong_noise_hard_mixed,strong_noise,1564,322,0.050799574330442035,0.033953478605740266,0.13443494566064634,89.04494204848085,-0.37948930591569596,1,0.1695821793983766,0
boxes_cylinder_strong_noise_hard_mixed,strong_noise,1565,2733,0.07783285380965464,0.07220281790304035,0.9976389859711936,105.61312985994823,-0.31439669614838495,0,0.13995444299729115,0
boxes_cylinder_strong_noise_hard_mixed,strong_noise,1568,1819,0.05221848134335489,0.04967013560809215,0.8389405209385535,54.489368632874395,-0.03255894465615052,0,0.08882690962417124,0
boxes_cylinder_strong_noise_hard_mixed,strong_noise,1575,429,0.0510800816133668,0.04328568098927776,0.9200465842222253,157.8461332348455,-0.48353277858047417,0,0.08735946944210174,0
boxes_cylinder_strong_noise_hard_mixed,strong_noise,1576,1802,0.02782576057123443,0.022933759467547655,0.1575065242963122,37.84777846258999,-0.0020222436263832378,1,0.14139637047776546,0
boxes_cylinder_strong_noise_hard_mixed,strong_noise,1578,2629,0.021216265742740208,0.019882863731040305,0.7670575588882121,90.72662951848054,0.5600962598101228,1,0.159986355844236,0
boxes_cylinder_strong_noise_hard_mixed,strong_noise,1580,580,0.09105130550393452,0.08705636583760515,0.9897125158281808,47.40936667392846,0.15363091622306024,0,0.11471699769915306,0
boxes_cylinder_strong_noise_hard_mixed,strong_noise,1581,1295,0.04549515995926884,0.03906086449634022,0.9717178866353958,71.6574731941805,0.167053884663406,1,0.06928782484016563,1
boxes_cylinder_strong_noise_hard_mixed,strong_noise,1590,951,0.15451198052023984,0.15286903350286155,0.9880938793657872,130.99983888882682,-0.27923268296565773,0,0.07357117074078767,1
boxes_cylinder_strong_noise_hard_mixed,strong_noise,1598,610,0.04501116914298582,0.0441907260631652,0.3743830166574399,120.0028209946213,0.012903388962911554,0,0.15042237733510977,0
boxes_cylinder_strong_noise_hard_mixed,strong_noise,1599,694,0.09257627230192603,0.0741795612148281,0.3039635428317719,56.717798741082206,-0.15139951766759946,0,0.22880180327061322,0
boxes_cylinder_strong_noise_hard_mixed,strong_noise,1601,2501,0.05438651642702459,0.04881238561427183,0.9885377812883147,61.191697979602196,0.10989555807823514,0,0.1098043651080045,0
boxes_cylinder_strong_noise_hard_mixed,strong_noise,1604,3039,0.026329767110801,0.011524436227309356,0.7602393131398766,69.39091659564653,0.5130046478807792,0,0.157696594411351,0
boxes_cylinder_strong_noise_hard_mixed,strong_noise,1606,2097,0.027884345469776053,0.018765336147530863,0.39392088441737777,126.6954584127723,-0.11324781120998899,1,0.13704023258598866,0
boxes_cylinder_strong_noise_hard_mixed,strong_noise,1614,2607,0.0598386881832769,0.028401443980996584,0.10989589661422014,76.85617233401977,0.6778791266114934,0,0.18792666578807873,0
boxes_cylinder_strong_noise_hard_mixed,strong_noise,1618,2066,0.012185061160918954,0.003108015859314622,0.9500290336128494,44.547948660798475,0.5261947270999481,1,0.1353239972214217,0
boxes_cylinder_strong_noise_hard_mixed,strong_noise,1619,980,0.12485125121361158,0.12011374510036568,0.9342496432707955,49.921759383219516,-0.10487954867768286,0,0.11191616818049427,0
boxes_cylinder_strong_noise_hard_mixed,strong_noise,1620,1259,0.02937184369084993,0.0032473272646469133,0.7454042030958005,58.712327427633156,0.08537599107072216,0,0.12147274221347695,0
boxes_cylinder_strong_noise_hard_mixed,strong_noise,1626,270,0.04512150334998421,0.031159852532756285,0.9873980969531712,76.14911018035973,-0.19395900791006832,1,0.06674155002161583,1
boxes_cylinder_strong_noise_hard_mixed,strong_noise,1627,2595,0.10033995241069038,0.09904186061350026,0.7151548487258994,113.71913709363763,-0.015267452130814749,0,0.10714767777946,0
boxes_cylinder_strong_noise_hard_mixed,strong_noise,1628,2973,0.05918646180483093,0.020178839233257397,0.5781637637791793,44.012369681787916,-0.030771627416785286,0,0.11602610746215798,0
boxes_cylinder_strong_noise_hard_mixed,strong_noise,1629,2607,0.07644162984570314,0.06415238709999097,0.4104046712055659,75.67423311684126,0.7480833446067994,0,0.1691377229033468,0
boxes_cylinder_strong_noise_hard_mixed,strong_noise,1630,2838,0.042779343868573516,0.021084950179177157,0.8050022654522131,70.32769313326044,-0.015267461019685511,0,0.16045456945570963,0
boxes_cylinder_strong_noise_hard_mixed,strong_noise,1631,2001,0.10330739169926866,0.09678211221235332,0.9116467228671067,55.255288573076925,0.09294603009193513,0,0.04944752070752423,1
boxes_cylinder_strong_noise_hard_mixed,strong_noise,1636,1368,0.09804566577837708,0.09493568984512923,0.9959508055450245,193.5512657724463,0.20342146296137387,0,0.17770516768012318,0
boxes_cylinder_strong_noise_hard_mixed,strong_noise,1639,736,0.024541553677556352,0.01484238992256477,0.8733934692721594,42.43356194663068,-0.04266641568829431,1,0.13613383492372874,0
boxes_cylinder_strong_noise_hard_mixed,strong_noise,1649,969,0.035874678131732195,0.031256250520915844,0.7519611572888312,62.11642139341523,0.56236631295899,0,0.14289866536417314,0
boxes_cylinder_strong_noise_hard_mixed,strong_noise,1650,2720,0.09473263131265716,0.0610991998983601,0.8309271981744799,63.108761126655224,-0.14603757143554452,0,0.14068934232280297,0
boxes_cylinder_strong_noise_hard_mixed,strong_noise,1654,2591,0.06325204411620884,0.06062434769053851,0.9808465140953752,108.02841495278768,-0.06252029246527138,0,0.08200462589883482,0
boxes_cylinder_strong_noise_hard_mixed,strong_noise,1655,272,0.06696689783708946,0.06028397786160798,0.2807754654467267,79.09576688294362,-0.09531007980442978,0,0.181457893758859,0
boxes_cylinder_strong_noise_hard_mixed,strong_noise,1656,2347,0.06956109329366636,0.06916400337345585,0.6424322483204497,77.99241454700486,0.22589434572531444,0,0.11577950635882574,0
boxes_cylinder_strong_noise_hard_mixed,strong_noise,1660,3144,0.01524685916454807,0.006009186906157243,0.21459172724206607,142.47338320728988,0.10989555807823514,1,0.12873352818975012,0
boxes_cylinder_strong_noise_hard_mixed,strong_noise,1661,3127,0.04015437722742679,0.03420846024008004,0.9328105404138141,38.15812075802157,-0.13997081593359953,0,0.07400224770933497,1
boxes_cylinder_strong_noise_hard_mixed,strong_noise,1662,1312,0.028362848723333993,0.02732761301925815,0.971795538502672,73.38918691501759,0.4772085644825866,1,0.132796910806108,0
boxes_cylinder_strong_noise_hard_mixed,strong_noise,1663,534,0.035885955214447145,0.011514573824144912,0.6795877489210365,69.05347546127207,-0.25861357729322154,1,0.14417661483037844,0
boxes_cylinder_strong_noise_hard_mixed,strong_noise,1664,1964,0.05721872329364825,0.04685293421073342,0.9964978341972177,124.75005755232661,0.26236396446783583,0,0.1394071031445216,0
boxes_cylinder_strong_noise_hard_mixed,strong_noise,1665,2188,0.028791742751406984,0.02387856635763925,0.9827667106318848,54.82261100620251,-0.4083096505185901,1,0.13191081475337788,0
boxes_cylinder_strong_noise_hard_mixed,strong_noise,1667,3033,0.0517842538337727,0.051191169684707286,0.9298465692265451,42.61762548019084,-0.1271852846196882,1,0.1819991466947468,0
boxes_cylinder_strong_noise_hard_mixed,strong_noise,1671,3312,0.05741411062630266,0.048173076159347517,0.7762070727416532,33.028192070275054,-0.02134650120792319,0,0.0990044755750159,0
boxes_cylinder_strong_noise_hard_mixed,strong_noise,1672,215,0.08748624861999832,0.06590762488905162,0.6784005648947977,42.14770086276893,-0.0047961689740215665,0,0.07677707952350223,1
boxes_cylinder_strong_noise_hard_mixed,strong_noise,1673,3025,0.016487933107020694,0.0037393532857707417,0.9083233069482709,70.07060149979614,-0.27923268296565773,1,0.1119178160331246,0
boxes_cylinder_strong_noise_hard_mixed,strong_noise,1675,2882,0.0664889406431829,0.059949748382354826,0.862515545862645,88.25090644850373,-0.32542198376849957,0,0.1055595584352092,0
boxes_cylinder_strong_noise_hard_mixed,strong_noise,1676,2988,0.03131142941721031,0.02290696300429962,0.5198941105069741,70.34121185847756,0.19237171764761588,1,0.15501260630931676,0
boxes_cylinder_strong_noise_hard_mixed,strong_noise,1680,1528,0.04110832652519425,0.039871998962262796,0.8393767943503585,43.189495713927705,0.15463142670176935,0,0.1286021216093381,0
boxes_cylinder_strong_noise_hard_mixed,strong_noise,1681,1945,0.09076740324492258,0.08573457556404093,0.9854126988836619,62.889743131043524,0.26236396446783583,0,0.14235309695003578,0
boxes_cylinder_strong_noise_hard_mixed,strong_noise,1686,626,0.0656383014718365,0.043801866241862907,0.4597680752109223,46.47684431658545,-0.23841081756282398,0,0.14597096700311282,0
boxes_cylinder_strong_noise_hard_mixed,strong_noise,1697,1963,0.10040095972302494,0.09789468160383535,0.985478776050678,117.27858322165353,-0.07135685136935178,0,0.1011296783110184,0
boxes_cylinder_strong_noise_hard_mixed,strong_noise,1701,896,0.05050800848671508,0.04587087971332396,0.9629623901919154,66.59872264055632,-0.1116592347943331,0,0.13299515335258855,0
boxes_cylinder_strong_noise_hard_mixed,strong_noise,1703,3147,0.02971304219794111,0.010440703266979344,0.9512505209115895,27.268710243078868,0.41391381009499645,1,0.1537544746757429,0
boxes_cylinder_strong_noise_hard_mixed,strong_noise,1706,2769,0.0916682932891424,0.08060742418437285,0.9884406066553826,118.04147455244977,0.03602577383577466,0,0.1264758642233968,0
boxes_cylinder_strong_noise_hard_mixed,strong_noise,1709,2344,0.10075108857661955,0.09487789475993007,0.9899021490155765,34.15324967595399,0.04927098948304516,0,0.13250287510227443,0
boxes_cylinder_strong_noise_hard_mixed,strong_noise,1716,2393,0.04353620631440101,0.026714864626238538,0.8924444445555973,74.26161128330637,0.10989555807823514,1,0.13200803185800655,0
boxes_cylinder_strong_noise_hard_mixed,strong_noise,1721,2070,0.08516842725535091,0.08481091149331853,0.8115200885200083,102.3343812325866,0.8808196008963283,0,0.13676347913015785,0
boxes_cylinder_strong_noise_hard_mixed,strong_noise,1724,3312,0.040978527084842155,0.028393131618441748,0.20215838066226305,58.62893979846352,0.04927101112802399,1,0.16419506509553866,0
boxes_cylinder_strong_noise_hard_mixed,strong_noise,1725,1024,0.0745660253286206,0.07015359480676463,0.9942621761569679,109.2430408494702,0.0717438230407528,0,0.09429361923234433,0
boxes_cylinder_strong_noise_hard_mixed,strong_noise,1727,1227,0.0412133313015774,0.03687733968661951,0.9187519187718179,47.219719731739794,-0.23841082344516693,0,0.18171192572525843,0
boxes_cylinder_strong_noise_hard_mixed,strong_noise,1729,1554,0.0548483557561231,0.053541630006926376,0.13384715365808691,55.336771693729375,-0.020157444512506402,1,0.1696561191277559,0
boxes_cylinder_strong_noise_hard_mixed,strong_noise,1736,2850,0.10703164777340746,0.10054367900361987,0.9913051704049127,103.64044963628945,-0.09180741767436418,0,0.08720420821658498,0
boxes_cylinder_strong_noise_hard_mixed,strong_noise,1740,1465,0.019229909337015072,0.01620795794562357,0.47753298227370383,109.93281057906769,0.3269024956053216,1,0.13698593259670933,0
boxes_cylinder_strong_noise_hard_mixed,strong_noise,1742,658,0.023585522348730757,0.02092267354293086,0.10889233432189865,59.899008466072054,0.025740536231149434,1,0.12636362169501136,0
boxes_cylinder_strong_noise_hard_mixed,strong_noise,1743,1397,0.04670825763248411,0.02808490154702076,0.8144658996539929,68.10246189210561,-0.05119944118471685,1,0.15094438420673492,0
boxes_cylinder_strong_noise_hard_mixed,strong_noise,1744,164,0.09786410326205686,0.0951326408864854,0.9960077227699379,112.4566228397145,-0.09531007980442978,0,0.03667792559436291,1
boxes_cylinder_strong_noise_hard_mixed,strong_noise,1745,1414,0.0719768077724969,0.06809854052241172,0.9936676247859474,70.700553345822,-0.23841083425595996,0,0.10755612333132374,0
boxes_cylinder_strong_noise_hard_mixed,strong_noise,1748,478,0.12997546512938143,0.1116285761697993,0.9651515250770403,41.91617834067168,0.03352266525295068,0,0.11262162453881318,0
boxes_cylinder_strong_noise_hard_mixed,strong_noise,1752,2109,0.109178259429012,0.045531826756327914,0.99592417350492,104.97971790449944,-0.23841067344551448,0,0.1448178993413583,0
boxes_cylinder_strong_noise_hard_mixed,strong_noise,1759,1977,0.06701135502476763,0.05406600305591867,0.96771200260646,57.25708569412857,-0.3561936470648262,0,0.07618206843149475,1
boxes_cylinder_strong_noise_hard_mixed,strong_noise,1763,219,0.07381660957365521,0.059257703640625055,0.5468768685201275,66.15391502425798,0.541747039786857,0,0.1295501884184014,0
boxes_cylinder_strong_noise_hard_mixed,strong_noise,1764,960,0.08245399670426784,0.07717310800330449,0.9923922459426653,79.88228600626795,-0.037740272427373295,0,0.09842148685034582,0
boxes_cylinder_strong_noise_hard_mixed,strong_noise,1766,2091,0.039485320050055464,0.020023527707424257,0.005724608104147225,79.9840460684285,-0.05119944118471685,1,0.17752331310171646,0
boxes_cylinder_strong_noise_hard_mixed,strong_noise,1767,437,0.1687430531208136,0.15271321181043762,0.8211181889545944,49.99475629644325,-0.20331949427433837,0,0.07206375972034613,1
boxes_cylinder_strong_noise_hard_mixed,strong_noise,1771,1036,0.06554398418664797,0.05557467817347747,0.99789301769759,77.59208282527588,-0.1643028727200421,1,0.0917504164725819,0
boxes_cylinder_strong_noise_hard_mixed,strong_noise,1772,3037,0.11261459368601004,0.11244248991658447,0.9769050362655561,54.073492356866915,-0.18962058784738453,0,0.06877230961125835,1
boxes_cylinder_strong_noise_hard_mixed,strong_noise,1779,2439,0.01943391486577601,0.0028407564959621384,0.7526009126109723,49.382833857250205,-0.039960058867518085,1,0.14669432638099114,0
boxes_cylinder_strong_noise_hard_mixed,strong_noise,1782,2333,0.12043457161934058,0.11803678807761304,0.43789630076649994,55.33891392178166,0.057053144390733605,0,0.13124060976362295,0
boxes_cylinder_strong_noise_hard_mixed,strong_noise,1784,1216,0.09833382625529175,0.09132129293699368,0.9814168295867152,67.90153830564866,-0.1614498000868537,0,0.08540117727818723,0
boxes_cylinder_strong_noise_hard_mixed,strong_noise,1786,1752,0.12272058374879712,0.10581158610029177,0.9371907328537121,42.97699946014006,0.06169349122766012,0,0.051305605075487544,1
boxes_cylinder_strong_noise_hard_mixed,strong_noise,1787,3329,0.06931005372695709,0.06840158065364275,0.6895067451976911,48.91214372056909,-0.5458951678994199,0,0.1481091112858643,0
boxes_cylinder_strong_noise_hard_mixed,strong_noise,1795,1926,0.10083944268785072,0.09529351783598357,0.9975646836785903,51.55370812411379,0.03187927816426699,0,0.16979768585104013,0
boxes_cylinder_strong_noise_hard_mixed,strong_noise,1796,3191,0.054840012798279714,0.041686445587585684,0.8392772323229002,66.8905259122611,-0.669192701078291,1,0.13084595575350078,0
boxes_cylinder_strong_noise_hard_mixed,strong_noise,1807,1671,0.07688390105822167,0.04061881618991562,0.9336278741195949,51.02071107272126,0.24342679594103273,0,0.10627381320082281,0
boxes_cylinder_strong_noise_hard_mixed,strong_noise,1811,1804,0.048242120631723846,0.036867467962032954,0.8636687063062196,62.7201168934076,-0.037740300205089686,1,0.09423920503818027,0
boxes_cylinder_strong_noise_hard_mixed,strong_noise,1812,3255,0.07533083256123221,0.074352478218743,0.9966424421477758,130.13647331137992,0.04927097956243624,0,0.11483051016151372,0
boxes_cylinder_strong_noise_hard_mixed,strong_noise,1818,2612,0.10229569586740257,0.09103130903682992,0.9780322163506223,33.20996575699367,0.15690159878983168,0,0.10472493686095168,0
boxes_cylinder_strong_noise_hard_mixed,strong_noise,1820,1806,0.1775417662000666,0.17615516824320654,0.9975939604595875,112.50662536709775,-0.574882298163103,0,0.1547491829418972,0
boxes_cylinder_strong_noise_hard_mixed,strong_noise,1826,1971,0.044971593271948496,0.0434184238540731,0.18459790740549442,96.1574378950701,0.1215916113616837,1,0.1623636067908157,0
boxes_cylinder_strong_noise_hard_mixed,strong_noise,1830,727,0.03821219151247104,0.035293778439774444,0.997751117566917,165.27682229481772,0.16705386244124032,1,0.13258015620540603,0
boxes_cylinder_strong_noise_hard_mixed,strong_noise,1834,1811,0.04560996174213239,0.02799706270293975,0.9385552376344423,54.453320617036724,0.20552022342668774,1,0.0709840625691993,1
boxes_cylinder_strong_noise_hard_mixed,strong_noise,1838,2665,0.05854744494135242,0.05078488252110013,0.18160864449569403,50.68856983117271,-0.31537170754449706,0,0.1754337331726172,0
boxes_cylinder_strong_noise_hard_mixed,strong_noise,1842,2954,0.04125351624819804,0.03734497468287361,0.9155368615854923,62.70426649516472,-0.1991900810612124,1,0.10237980442383306,0
boxes_cylinder_strong_noise_hard_mixed,strong_noise,1845,1148,0.11281909212668424,0.06925054128077614,0.4510314956106733,72.42369154723355,-0.1158085625568457,0,0.1047797414875231,0
boxes_cylinder_strong_noise_hard_mixed,strong_noise,1846,3280,0.05945692279294291,0.05525382408958686,0.6857255316724983,58.114423924601006,0.14295640939083312,0,0.19544480516068574,0
boxes_cylinder_strong_noise_hard_mixed,strong_noise,1847,379,0.03130386115820931,0.030056730763013847,0.9724299854977808,58.81776552533952,-0.0020222436263832378,1,0.14250629339019896,0
boxes_cylinder_strong_noise_hard_mixed,strong_noise,1851,3075,0.036559036234905855,0.03445611853292958,0.9855187130030612,44.275078237969524,-0.12921166251452595,1,0.11800318852356298,0
boxes_cylinder_strong_noise_hard_mixed,strong_noise,1855,1320,0.03925588230496679,0.011344988205401085,0.9914571357442145,68.4933714791944,0.018308811897990933,0,0.1135559967511256,0
boxes_cylinder_strong_noise_hard_mixed,strong_noise,1861,739,0.09936718161936961,0.09856800480564412,0.988815370171466,40.84539633146275,0.02821761971440217,0,0.04789047214767683,1
boxes_cylinder_strong_noise_hard_mixed,strong_noise,1863,2270,0.08359627899713008,0.08239635393740756,0.9305226607658498,63.21229278355298,-0.1777862435404691,0,0.05423042582915529,1
boxes_cylinder_strong_noise_hard_mixed,strong_noise,1870,1500,0.04076419535854807,0.017605562503944745,0.9785851792200319,62.22097669778444,0.416995500784784,1,0.1425872085476871,0
boxes_cylinder_strong_noise_hard_mixed,strong_noise,1871,3188,0.14400916430178745,0.14271115333915996,0.9022727572385549,104.00732987636428,-0.2972512663252987,0,0.15163934924268663,0
boxes_cylinder_strong_noise_hard_mixed,strong_noise,1872,2636,0.05227588544661922,0.050860644845740315,0.8334955208394358,89.33403929715855,-0.740502216670947,0,0.17943606952745833,0
boxes_cylinder_strong_noise_hard_mixed,strong_noise,1875,2108,0.07155053316138213,0.05788562368987235,0.888408512341028,66.94719364136968,0.10989555807823514,0,0.13175625760638848,0
boxes_cylinder_strong_noise_hard_mixed,strong_noise,1883,3245,0.03973519553459993,0.0008525724090965517,0.9721066257334702,142.91496903096083,-0.030771637833434434,0,0.16825460354060454,0
boxes_cylinder_strong_noise_hard_mixed,strong_noise,1884,478,0.133295950783833,0.1172940194063444,0.9590349319928738,42.56107450620294,-0.09322893420867626,0,0.11249857281702674,0
boxes_cylinder_strong_noise_hard_mixed,strong_noise,1886,1888,0.0902504208883059,0.08010780063181248,0.7826976982494127,93.1064599433452,0.5963861663851457,0,0.12256046967776121,0
boxes_cylinder_strong_noise_hard_mixed,strong_noise,1892,2001,0.08755710180550617,0.05961050155603012,0.3459137068995774,92.65832742347058,0.19058442094392894,0,0.08895762866615706,0
boxes_cylinder_strong_noise_hard_mixed,strong_noise,1893,3273,0.08267748268474877,0.08267593368165747,0.9338772515351729,85.47681772266645,-0.12062784889988598,1,0.10355325066377984,0
boxes_cylinder_strong_noise_hard_mixed,strong_noise,1900,2772,0.08907923140899605,0.08790651001871674,0.5071808594790258,66.60144856341907,-0.4207321269061149,0,0.1789128353903402,0
boxes_cylinder_strong_noise_hard_mixed,strong_noise,1901,331,0.03682897165635506,0.03623563234282006,0.13322437546648688,36.818382173600604,-0.23841087450892143,0,0.15379417922172003,0
boxes_cylinder_strong_noise_hard_mixed,strong_noise,1902,421,0.006161749125738423,0.00201212193628352,0.8130854788464337,61.73137428960448,0.3306832644199928,1,0.15177741160552002,0
boxes_cylinder_strong_noise_hard_mixed,strong_noise,1907,2625,0.05527410307663905,0.03975679237304109,0.8130046996033836,96.4464045393944,0.04927099692350448,0,0.13182642791260274,0
boxes_cylinder_strong_noise_hard_mixed,strong_noise,1909,338,0.034822615012968364,0.02463418899235211,0.16565700118461346,72.12667895464847,-0.16044935967808252,0,0.16885768227443723,0
boxes_cylinder_strong_noise_hard_mixed,strong_noise,1912,28,0.1213895605771984,0.10271139006535243,0.9106678002980035,91.16023174111508,-0.04170068106235352,0,0.09352520085939635,0
boxes_cylinder_strong_noise_hard_mixed,strong_noise,1922,3200,0.0881813573135594,0.08803078919191795,0.15843341747880194,63.498176792400905,-0.07410790072521933,0,0.2096708052676447,0
boxes_cylinder_strong_noise_hard_mixed,strong_noise,1926,3271,0.10594894151641647,0.08166453604548952,0.9351947514497039,70.21246678509408,0.11826378239865738,0,0.0313370567734024,1
boxes_cylinder_strong_noise_hard_mixed,strong_noise,1928,1271,0.07781833595234286,0.06680007005667714,0.9904397282937827,51.16031576111144,0.04927099692350448,0,0.08855604600071387,0
boxes_cylinder_strong_noise_hard_mixed,strong_noise,1931,2295,0.04592311261123309,0.02639742320830668,0.9687030834872434,90.7224559531516,0.09806109174779369,0,0.06976573053776502,1
boxes_cylinder_strong_noise_hard_mixed,strong_noise,1934,326,0.01671376519579929,0.01445801875085806,0.8271073733787188,114.74764116811738,-0.0758920336531535,0,0.14747042965458224,0
boxes_cylinder_strong_noise_hard_mixed,strong_noise,1944,1670,0.16402484157522426,0.15706531281228134,0.9571962630733756,53.85432735424045,-0.46155406642644403,0,0.11935943596782926,0
boxes_cylinder_strong_noise_hard_mixed,strong_noise,1945,609,0.0631095389248252,0.05252150540660204,0.9972615945660278,62.3981872811809,-0.056089391651143954,1,0.12218759321064346,0
boxes_cylinder_strong_noise_hard_mixed,strong_noise,1949,948,0.042098180503781536,0.010461447088113852,0.7424465844364919,100.72112320037049,0.28288556301763984,1,0.17374654054155167,0
boxes_cylinder_strong_noise_hard_mixed,strong_noise,1956,1696,0.030966126291280184,0.015309689670294085,0.6741934380682686,65.02037200665337,-0.02710190876940421,0,0.17192161849724044,0
boxes_cylinder_strong_noise_hard_mixed,strong_noise,1958,1215,0.0410486211218681,0.023244023928345875,0.9028533387603794,68.73655117779296,-0.03361657039499303,1,0.12356280723305407,0
boxes_cylinder_strong_noise_hard_mixed,strong_noise,1960,3208,0.0538828435816787,0.04921737746951319,0.9756415946116666,58.52575163663406,0.06008189919241722,1,0.07551796748189553,1
boxes_cylinder_strong_noise_hard_mixed,strong_noise,1961,2586,0.06321474238535389,0.057925105952143514,0.691984161475301,70.70530910195328,0.24994153150615317,0,0.1603632393638392,0
boxes_cylinder_strong_noise_hard_mixed,strong_noise,1964,935,0.03215635494466859,0.009235967875824315,0.7019368061087454,70.14972639239284,0.09806114378850864,1,0.14838162705994876,0
boxes_cylinder_strong_noise_hard_mixed,strong_noise,1966,3055,0.06386354326965037,0.05733779265405329,0.9986279134136574,109.38068079947143,0.20961348531406482,0,0.16811122601518494,0
boxes_cylinder_strong_noise_hard_mixed,strong_noise,1967,528,0.11720282602688399,0.09658555018367423,0.8726419136861988,54.74266058183411,0.017522331875018237,0,0.06067123227986005,1
boxes_cylinder_strong_noise_hard_mixed,strong_noise,1972,503,0.014266646510141544,0.003535095042654637,0.977794384982587,62.952533875642025,-0.5686520880336655,1,0.10769227372630277,0
boxes_cylinder_strong_noise_hard_mixed,strong_noise,1973,1500,0.046617280275017374,0.021213482378901784,0.9977132611843805,54.672277188489275,0.39757742737111335,0,0.13046476039311009,0
boxes_cylinder_strong_noise_hard_mixed,strong_noise,1974,942,0.09506792082076355,0.08447817358355318,0.9992217281353479,74.01900327864547,-0.2849306494700378,0,0.15548920113168727,0
boxes_cylinder_strong_noise_hard_mixed,strong_noise,1977,1530,0.03173154161787378,0.02533588283477065,0.5348963394410186,75.25214073916753,-0.26140036513704723,1,0.13136247225753434,0
boxes_cylinder_strong_noise_hard_mixed,strong_noise,1978,1952,0.08439404039079275,0.08266995970071073,0.9696406313077155,49.26646101027713,-0.12400056825423741,0,0.1296848933954898,0
boxes_cylinder_strong_noise_hard_mixed,strong_noise,1979,233,0.1469359478914054,0.1334411249904508,0.9315972143276152,55.934096266401184,-0.3125186549397537,0,0.0937752858009612,0
boxes_cylinder_strong_noise_hard_mixed,strong_noise,1981,3008,0.09197437909567668,0.08390608397960908,0.9963353541992866,115.73521073755083,-0.07806828158248706,0,0.11379131929255497,0
boxes_cylinder_strong_noise_hard_mixed,strong_noise,1983,1961,0.08395251896542269,0.08364641877084429,0.8502092893410826,55.84638996224897,-0.06405755439556331,0,0.17350606702638854,0
boxes_cylinder_strong_noise_hard_mixed,strong_noise,1984,2821,0.0762960838506023,0.07116610461863901,0.5864988064819984,56.89135879984244,-0.3987532017010974,0,0.16193337564511745,0
boxes_cylinder_strong_noise_hard_mixed,strong_noise,1987,668,0.039950686263859336,0.039733443070191825,0.9961752807238115,38.79944725411655,-0.12062790445533918,0,0.14926549473805797,0
boxes_cylinder_strong_noise_hard_mixed,strong_noise,1988,1619,0.037177309054866894,0.016468720368341263,0.8618425258268743,56.60607849630289,0.5270562861369841,0,0.1075236360889933,0
boxes_cylinder_strong_noise_hard_mixed,strong_noise,1990,3293,0.10120133997923884,0.09844935186001284,0.9405853460683002,90.83788178418504,-0.006609401891430496,0,0.11645948911758523,0
boxes_cylinder_strong_noise_hard_mixed,strong_noise,1993,2202,0.021961632617624394,0.008437509568894915,0.7330437371546193,50.81976224883506,0.3101546616374039,1,0.14693019951485936,0
boxes_cylinder_strong_noise_hard_mixed,strong_noise,2000,2814,0.07683910401390624,0.07309262369556037,0.999121265363196,55.732778597381774,-0.27923268296565773,0,0.08242627796861965,0
boxes_cylinder_strong_noise_hard_mixed,strong_noise,2003,2001,0.09047410409486548,0.08301193254356809,0.9591805898092648,63.35766763069191,0.06697056595586182,0,0.05895467188695277,1
boxes_cylinder_strong_noise_hard_mixed,strong_noise,2005,1041,0.039454267650997535,0.030565885534831687,0.9309812510060441,56.40298342298396,0.129313639871308,0,0.11623051908127535,0
boxes_cylinder_strong_noise_hard_mixed,strong_noise,2009,214,0.07991245460755547,0.07824604014866958,0.9516388659571141,48.11414127553499,-0.13662819319049063,0,0.14686575685693384,0
boxes_cylinder_strong_noise_hard_mixed,strong_noise,2011,99,0.04892162575632803,0.039868817166216625,0.7975438871072926,100.1216887395666,0.19984367200256448,0,0.10534046157755285,0
boxes_cylinder_strong_noise_hard_mixed,strong_noise,2014,1510,0.05528867327170018,0.021806322057037864,0.9777589856800141,70.75555973303867,-0.06656065467642167,1,0.13607555303125793,0
boxes_cylinder_strong_noise_hard_mixed,strong_noise,2017,1130,0.05795677236155644,0.05121511965059125,0.9913287612646932,72.01850448890652,0.18903284210669746,0,0.17435571569079844,0
boxes_cylinder_strong_noise_hard_mixed,strong_noise,2018,3243,0.028148627084830367,0.007516137345011586,0.8553795680225922,91.71651529523648,-0.09180748346369627,0,0.17791554160633166,0
boxes_cylinder_strong_noise_hard_mixed,strong_noise,2021,1548,0.08778623225088204,0.08235739303923596,0.9584175816325109,93.90567472269254,-0.12062784889988598,0,0.03339134182364883,1
boxes_cylinder_strong_noise_hard_mixed,strong_noise,2026,1252,0.025494926499190735,0.020251675154941643,0.4977836274307903,121.86262688682616,-0.2130930571274931,1,0.1429305722099626,0
boxes_cylinder_strong_noise_hard_mixed,strong_noise,2031,2538,0.05666169089137431,0.038162370981386036,0.83616398510031,88.37278129628386,0.18280223478630203,0,0.13144305556217423,0
boxes_cylinder_strong_noise_hard_mixed,strong_noise,2034,429,0.04159236128347694,0.026206092716792105,0.9736555978763342,111.24149442262231,-0.23841071909756234,0,0.05232158590950868,1
boxes_cylinder_strong_noise_hard_mixed,strong_noise,2040,452,0.03567150155942283,0.03479768435739538,0.5624335049011612,86.40116724891764,0.027292111853258756,1,0.08518313493777901,0
boxes_cylinder_strong_noise_hard_mixed,strong_noise,2043,1690,0.016237379822349445,0.008385296053589543,0.09721125989062011,69.68495823264405,0.14107846668108126,1,0.15362313622961424,0
boxes_cylinder_strong_noise_hard_mixed,strong_noise,2044,227,0.06711927768527172,0.058728119569086044,0.9671191278154102,83.09188836732716,-0.20331949427433837,0,0.08159759661422104,0
boxes_cylinder_strong_noise_hard_mixed,strong_noise,2047,2696,0.010456148674662316,0.0003282663696330618,0.8764521899142192,48.19823494497576,0.2654939484248601,1,0.12436765317576108,0
boxes_cylinder_strong_noise_hard_mixed,strong_noise,2048,2792,0.025505590116474786,0.01486440450517795,0.7478186770652081,66.19740566874027,-0.20942330842063764,1,0.161986913925758,0
boxes_cylinder_strong_noise_hard_mixed,strong_noise,2050,3022,0.1366687355972982,0.1310207795114237,0.9186854534578566,119.67123300162162,-0.2776314165986506,0,0.09232834999306898,0
boxes_cylinder_strong_noise_hard_mixed,strong_noise,2052,1340,0.03901051559788442,0.019149103272665318,0.4587569609208651,91.82907759129819,-0.5912318315402326,1,0.161229879911714,0
boxes_cylinder_strong_noise_hard_mixed,strong_noise,2057,517,0.02167074700088062,0.0011650396433855736,0.9723989751363062,104.38358015831876,0.43063817231913964,0,0.14608235778401482,0
boxes_cylinder_strong_noise_hard_mixed,strong_noise,2058,3137,0.038322872009189116,0.03644431555034078,0.5652086674089544,118.74127015050654,0.501255684655087,1,0.17832273534520765,0
boxes_cylinder_strong_noise_hard_mixed,strong_noise,2059,1399,0.008214139747437458,0.002606514980453646,0.26378555731355996,42.962197622137616,0.17602264122901146,1,0.13734938766450924,0
boxes_cylinder_strong_noise_hard_mixed,strong_noise,2061,2511,0.05714155367677486,0.0528778415998948,0.1729708363726933,51.44592246773352,0.3493753859017542,0,0.13521565207249067,0
boxes_cylinder_strong_noise_hard_mixed,strong_noise,2062,1268,0.07578019527856644,0.0673255249301887,0.9935704447031488,107.89059193494039,-0.28720077571026303,0,0.09522328440795258,0
boxes_cylinder_strong_noise_hard_mixed,strong_noise,2063,2323,0.10523240216963547,0.10494689033307111,0.9964308414223022,106.58663891136236,-0.28720077571026303,0,0.12285819737989909,0
boxes_cylinder_strong_noise_hard_mixed,strong_noise,2071,2552,0.025103425795823715,0.010995607239727164,0.935312767141395,71.86685936385615,0.09806111603345367,1,0.12100221248237437,0
boxes_cylinder_strong_noise_hard_mixed,strong_noise,2072,1288,0.047017064345223465,0.033614354908810165,0.8774248793236373,61.50586372251456,0.09806114378850864,0,0.14408391112154273,0
boxes_cylinder_strong_noise_hard_mixed,strong_noise,2073,166,0.1162066721062988,0.11153754514722124,0.049529678176432154,100.71615337815953,0.6883503273760996,0,0.17245739260486734,0
boxes_cylinder_strong_noise_hard_mixed,strong_noise,2075,1994,0.06495622413187609,0.056173609865201465,0.9933329122174518,55.56659715401958,-0.32542198376849957,0,0.07246628870122168,1
boxes_cylinder_strong_noise_hard_mixed,strong_noise,2078,975,0.10835558977047141,0.10750454977590465,0.9946491377663568,139.3035604137824,-0.19395900791006832,0,0.1555524398703793,0
boxes_cylinder_strong_noise_hard_mixed,strong_noise,2080,2560,0.13543938655632579,0.13237901238146987,0.9996260217629893,70.21779196045962,-0.15139945327379717,0,0.09934604535854338,0
boxes_cylinder_strong_noise_hard_mixed,strong_noise,2081,2794,0.030156202373436865,0.009230428473788166,0.9359107264263617,80.18246338873598,0.129313639871308,1,0.10635842771220207,0
boxes_cylinder_strong_noise_hard_mixed,strong_noise,2082,622,0.05346672606113426,0.04995768268401835,0.5681299111691477,105.56468785668413,0.5270562861369841,0,0.13082481574295357,0
boxes_cylinder_strong_noise_hard_mixed,strong_noise,2083,936,0.06573663538842395,0.06460282578069113,0.9716289318168283,54.88586187249652,-0.39747534484988833,0,0.10555566682605438,0
boxes_cylinder_strong_noise_hard_mixed,strong_noise,2084,2203,0.030831985552625327,0.021658444921249492,0.7030650572720711,52.44697770128328,-0.1158085625568457,1,0.1441276525719494,0
boxes_cylinder_strong_noise_hard_mixed,strong_noise,2091,348,0.04919242649169563,0.02136183660531536,0.874683938158924,58.218377483831105,0.10642938564090516,0,0.07753790367199599,1
boxes_cylinder_strong_noise_hard_mixed,strong_noise,2099,2256,0.037974345095751864,0.02864200881867372,0.28112068214170144,79.39475259193021,-0.2800835483302572,0,0.10234186097393508,0
boxes_cylinder_strong_noise_hard_mixed,strong_noise,2100,518,0.06142988153147936,0.05034844841548693,0.9051953213350451,67.9604762320998,0.09806111603345367,0,0.056736901923883865,1
boxes_cylinder_strong_noise_hard_mixed,strong_noise,2107,1428,0.06613672389095111,0.06266717187146552,0.3955847683638923,56.69854909499923,-0.21431332029810102,0,0.1310785837218704,0
boxes_cylinder_strong_noise_hard_mixed,strong_noise,2111,3204,0.1102084932073107,0.10503371464075675,0.19473236700021307,119.24208082352959,0.21834711062999546,0,0.23716646474626907,0
boxes_cylinder_strong_noise_hard_mixed,strong_noise,2112,3104,0.030469692395721257,0.01189652483928744,0.012717763127503723,76.06427098282991,0.5108252237663108,1,0.1197931375597589,0
boxes_cylinder_strong_noise_hard_mixed,strong_noise,2113,2858,0.08839850733452484,0.08827794477970358,0.058200167950642645,43.17844642401026,-0.35173931732386987,0,0.22395081300062333,0
boxes_cylinder_strong_noise_hard_mixed,strong_noise,2114,2947,0.027647307756430047,0.005798690275946504,0.9650949384748976,112.5706191490625,-0.23841071909756234,1,0.06089043799660901,1
boxes_cylinder_strong_noise_hard_mixed,strong_noise,2116,1483,0.11014510564696789,0.10548232219448948,0.9762851668208945,49.45230620451069,0.3321335524141619,0,0.097153154101354,0
boxes_cylinder_strong_noise_hard_mixed,strong_noise,2117,657,0.0325213538601401,0.028364808866790006,0.8754531474315014,72.76479879508828,-0.06405759534786575,0,0.11555954069061154,0
boxes_cylinder_strong_noise_hard_mixed,strong_noise,2119,153,0.05262419575736246,0.04356185611301146,0.9689904276857977,81.77081369457585,-0.10183542045797463,0,0.11757758319502337,0
boxes_cylinder_strong_noise_hard_mixed,strong_noise,2120,558,0.04973793596888911,0.048563780992142515,0.9447304395352341,84.422238770713,-0.23841073177869007,1,0.11195472624974188,0
boxes_cylinder_strong_noise_hard_mixed,strong_noise,2122,893,0.10150136190654067,0.10104048147156966,0.9752477364883294,89.4291674946677,-0.10487949391589256,0,0.03722971680731963,1
boxes_cylinder_strong_noise_hard_mixed,strong_noise,2128,1975,0.02671868196044616,0.02193274464567168,0.9924754735166239,85.04308919993456,-0.2972512663252987,1,0.15331971047825552,0
boxes_cylinder_strong_noise_hard_mixed,strong_noise,2130,2997,0.0931705683402736,0.09253753749292712,0.993851111955414,146.18683930105942,-0.07806828158248706,0,0.13406064486491745,0
boxes_cylinder_strong_noise_hard_mixed,strong_noise,2131,1728,0.06331702087065344,0.05998586693396909,0.248885278893031,97.06602107034267,0.49395646488395234,0,0.17021967433848656,0
boxes_cylinder_strong_noise_hard_mixed,strong_noise,2132,2808,0.10190251068941679,0.09324333630084468,0.5252462033537433,141.0970524325914,-0.11057751375346798,0,0.11388038336305872,0
boxes_cylinder_strong_noise_hard_mixed,strong_noise,2134,238,0.04590194173964192,0.02785604475276453,0.9904132962012199,92.44440757536489,0.04927099692350448,0,0.0735786827228545,1
boxes_cylinder_strong_noise_hard_mixed,strong_noise,2137,1671,0.11125424600241816,0.10252459643948406,0.9954428365442335,33.72536094585379,0.08436226865396826,0,0.03363935692281806,1
boxes_cylinder_strong_noise_hard_mixed,strong_noise,2139,1035,0.0227255822426277,0.011519412503702774,0.6322803667522826,35.09045402826741,-0.37194212321261133,1,0.1590493452051083,0
boxes_cylinder_strong_noise_hard_mixed,strong_noise,2144,788,0.03876949064443094,0.032829505462637604,0.7580098069821941,73.6801182790061,0.23159239080093783,0,0.1370642609868184,0
boxes_cylinder_strong_noise_hard_mixed,strong_noise,2148,2031,0.06295227280192481,0.06260119478351231,0.5223077471350024,72.83049147541544,-0.30436879442841325,0,0.10338306920699177,0
boxes_cylinder_strong_noise_hard_mixed,strong_noise,2151,975,0.08176167804175392,0.07903807576458086,0.9974878844680126,134.9448686784956,-0.03361657039499303,0,0.16947232701935122,0
boxes_cylinder_strong_noise_hard_mixed,strong_noise,2152,991,0.06644386457391258,0.061127589412063345,0.9908908136252788,57.133521300566045,0.14107846668108126,0,0.045843802528919265,1
boxes_cylinder_strong_noise_hard_mixed,strong_noise,2153,3268,0.07996936870935938,0.07259970067234209,0.8261974117302108,71.93616150626079,-0.03361657039499303,0,0.14749839814145496,0
boxes_cylinder_strong_noise_hard_mixed,strong_noise,2155,1431,0.03458513696592989,0.018813186254966037,0.2410204083410204,55.7020383075647,0.04927101112802399,1,0.16182970537341138,0
boxes_cylinder_strong_noise_hard_mixed,strong_noise,2158,3120,0.01867131097564651,0.002226269896151574,0.47411855815265286,86.28866981307613,0.4121761767544516,1,0.13320326087040749,0
boxes_cylinder_strong_noise_hard_mixed,strong_noise,2159,2564,0.14555009950601394,0.14482585006864374,0.91614994753513,130.8726692043803,0.13315237091871673,0,0.07671897002157184,1
boxes_cylinder_strong_noise_hard_mixed,strong_noise,2161,2548,0.05547813721125897,0.05454761589485034,0.6050314365780372,95.55465142192485,0.2654939484248601,0,0.1535045048209972,0
boxes_cylinder_strong_noise_hard_mixed,strong_noise,2165,1926,0.049281219094053724,0.038201590394347354,0.750279854248257,63.33987640085344,0.32611852980014544,0,0.11951440031506246,0
boxes_cylinder_strong_noise_hard_mixed,strong_noise,2166,1470,0.05773277881757016,0.05509011916025835,0.9758859362593318,135.1458024278223,-0.10487949391589256,1,0.09405550739883728,0
boxes_cylinder_strong_noise_hard_mixed,strong_noise,2172,301,0.11792684212028166,0.04698206887264575,0.92614807317412,37.18114101742601,0.14935431771438312,0,0.11417250450065773,0
boxes_cylinder_strong_noise_hard_mixed,strong_noise,2174,842,0.074249289149337,0.07223650351326591,0.9812034981235132,84.7493505302005,-0.1643028727200421,0,0.07552028512244982,1
boxes_cylinder_strong_noise_hard_mixed,strong_noise,2177,1694,0.07001157392084352,0.06502429835397684,0.8965339641453786,49.253143962833214,0.09806111603345367,0,0.10927031047737092,0
boxes_cylinder_strong_noise_hard_mixed,strong_noise,2180,140,0.026173876756536152,0.011637677280822867,0.5866596408135617,40.013593253071676,0.03488228608886325,1,0.12423235543165975,0
boxes_cylinder_strong_noise_hard_mixed,strong_noise,2182,2415,0.07565914102468753,0.07208033762027456,0.637053710817561,86.59160204531541,-0.32542198376849957,0,0.13584233674393514,0
boxes_cylinder_strong_noise_hard_mixed,strong_noise,2186,797,0.10010985724017127,0.09127923139928419,0.8912181131976167,55.14207299406876,0.45473568211545173,0,0.13213115899025507,0
boxes_cylinder_strong_noise_hard_mixed,strong_noise,2187,1290,0.11200022261286965,0.11155050099839793,0.9636224513525836,57.93087757007171,0.07524643621989079,0,0.1342119638907902,0
boxes_cylinder_strong_noise_hard_mixed,strong_noise,2190,2959,0.07969176100060153,0.03561687166726618,0.9228678605449421,51.25877083308047,0.04927099692350448,0,0.14088028349866155,0
boxes_cylinder_strong_noise_hard_mixed,strong_noise,2194,1062,0.10275850198691568,0.09983104617782307,0.9081188944982934,53.36852022963173,0.2540651965015589,0,0.0952544481458693,0
boxes_cylinder_strong_noise_hard_mixed,strong_noise,2195,3323,0.0653796748821601,0.057956997963334325,0.8980275774818356,97.35477306228674,-0.38683060511546485,0,0.08927457015846807,0
boxes_cylinder_strong_noise_hard_mixed,strong_noise,2201,429,0.02322288723690525,0.010077690648907848,0.8281374751009773,129.34172879418335,-0.15502922494096202,1,0.10164147027947129,0
boxes_cylinder_strong_noise_hard_mixed,strong_noise,2203,918,0.03018536641959083,0.00893542827957714,0.901716605872103,57.91008329161639,-0.3437712724363669,1,0.13660534503047503,0
boxes_cylinder_strong_noise_hard_mixed,strong_noise,2207,1241,0.025715384372503744,0.011767142346059987,0.8973126084714331,73.73268424742761,-0.08999092039579712,1,0.1329361176548836,0
boxes_cylinder_strong_noise_hard_mixed,strong_noise,2212,1118,0.08032739438629186,0.07692904158923486,0.9737093355756619,60.511471276306985,-0.23841074344532864,0,0.06592452575382589,1
boxes_cylinder_strong_noise_hard_mixed,strong_noise,2218,3291,0.06339532274516664,0.03954464888381837,0.9663496417736162,54.9995960715637,-0.14879873439828276,0,0.15344276444315996,0
boxes_cylinder_strong_noise_hard_mixed,strong_noise,2222,168,0.054548525865713036,0.05264427157345301,0.3417287913347682,82.01378280897124,0.20627460397047642,0,0.17642389468474362,0
boxes_cylinder_strong_noise_hard_mixed,strong_noise,2226,632,0.06039387386844114,0.05896311804635344,0.9421667529366127,84.02829910021417,0.3052040432161446,0,0.13518244095132997,0
boxes_cylinder_strong_noise_hard_mixed,strong_noise,2228,1190,0.07457419808173191,0.06478482203064083,0.9739234983042089,86.2261865964601,-0.2809702864149612,0,0.07652806722175398,1
boxes_cylinder_strong_noise_hard_mixed,strong_noise,2230,1711,0.0634895153360322,0.06335167126329505,0.21574303892168206,69.00757357252019,-0.39256134612972843,1,0.18411708019817455,0
boxes_cylinder_strong_noise_hard_mixed,strong_noise,2231,3011,0.08159191391661079,0.08077953182409688,0.9984241206430764,88.94135736704382,-0.1002605834111178,0,0.08355638277132284,0
boxes_cylinder_strong_noise_hard_mixed,strong_noise,2232,2607,0.05703613236401944,0.0482335222206719,0.8533338604818769,78.4665444960245,0.6778791266114934,0,0.1352658125511467,0
boxes_cylinder_strong_noise_hard_mixed,strong_noise,2236,781,0.09125046929241311,0.08704459979909149,0.9873405271823316,59.62012738614227,-0.37561184103716344,0,0.13266180029036978,0
boxes_cylinder_strong_noise_hard_mixed,strong_noise,2239,515,0.06568055302168103,0.05699087795385813,0.8142222936492287,107.34425376131342,0.5270562861369841,0,0.12417866946161765,0
boxes_cylinder_strong_noise_hard_mixed,strong_noise,2243,2042,0.08382727607098618,0.08372432924020495,0.999083468457446,83.67823848175355,0.06907360689126728,0,0.050611082771566805,1
boxes_cylinder_strong_noise_hard_mixed,strong_noise,2246,1311,0.02200968023670937,0.005277041226077623,0.9660741670277013,38.09251803102973,0.41551510396194813,1,0.1527765158593266,0
boxes_cylinder_strong_noise_hard_mixed,strong_noise,2247,3033,0.09432147236655515,0.09385270163895186,0.9642912422731141,55.54100585738902,-0.43256662402081136,0,0.15231890242091703,0
boxes_cylinder_strong_noise_hard_mixed,strong_noise,2248,933,0.10943917407275378,0.08792517848382604,0.8533245632801453,70.72364268631607,0.2540651965015589,0,0.06842126763709011,1
boxes_cylinder_strong_noise_hard_mixed,strong_noise,2249,1500,0.055836250206809816,0.045775575990311596,0.965561685218858,53.97503247411742,0.17932401917020602,0,0.12462647436961917,0
boxes_cylinder_strong_noise_hard_mixed,strong_noise,2250,1899,0.03826540762783454,0.01629299601276324,0.6997586894494506,42.93968691891581,-0.04550733156464212,1,0.06771067419438215,1
boxes_cylinder_strong_noise_hard_mixed,strong_noise,2254,2356,0.08530747427856458,0.08125822490785455,0.82564352719696,81.37213751005373,0.14600056509307696,0,0.1069261814763117,0
boxes_cylinder_strong_noise_hard_mixed,strong_noise,2255,1319,0.021049682384560085,0.005822141098566777,0.9053928077107734,55.321352685753084,0.196906906992984,1,0.17127356758644965,0
boxes_cylinder_strong_noise_hard_mixed,strong_noise,2257,1464,0.0456050677852468,0.044502671440489486,0.8358647625203579,69.9741842250843,-0.05608940665110781,0,0.10750909793575512,0
boxes_cylinder_strong_noise_hard_mixed,strong_noise,2258,2159,0.015974435878700195,0.009430790956665679,0.08205780781840209,46.20119467327035,0.41551510396194813,1,0.154323449312374,0
boxes_cylinder_strong_noise_hard_mixed,strong_noise,2261,3135,0.045873924563796825,0.039800087135186776,0.9935381203079443,108.92507815120551,0.008449045736536627,1,0.13585176686492392,0
boxes_cylinder_strong_noise_hard_mixed,strong_noise,2262,1095,0.03768583537448509,0.03755422335292604,0.4856767305577527,69.65428102762861,0.3746931369416745,1,0.13135173688118232,0
boxes_cylinder_strong_noise_hard_mixed,strong_noise,2263,2766,0.017589643556551827,0.010307457607348006,0.022951732760203614,45.193749190624054,0.040302342344519036,0,0.16627862767319013,0
boxes_cylinder_strong_noise_hard_mixed,strong_noise,2264,1972,0.09633650476529258,0.09538806589863931,0.9990187717130964,87.5004057159031,-0.12062784889988598,0,0.11215486700491493,0
boxes_cylinder_strong_noise_hard_mixed,strong_noise,2265,757,0.023435315202035126,0.023168424463764464,0.9941443515999319,69.99455082044399,-0.2828624164511006,1,0.12555622151522794,0
boxes_cylinder_strong_noise_hard_mixed,strong_noise,2267,849,0.041468636082317094,0.036320209996822395,0.9653957280853406,40.52452864998129,-0.36624393495546737,1,0.12374310652960074,0
boxes_cylinder_strong_noise_hard_mixed,strong_noise,2270,1135,0.041858918526435675,0.01859938343903924,0.7982864234732024,152.53148898405894,0.47942827458388837,0,0.1262881968491725,0
boxes_cylinder_strong_noise_hard_mixed,strong_noise,2271,2161,0.055384335754198585,0.0301860762483782,0.9736902862179816,43.450994347303876,0.10989555807823514,0,0.09041928570922661,0
boxes_cylinder_strong_noise_hard_mixed,strong_noise,2273,2274,0.07735466302201895,0.07004319898467092,0.1536234071794556,75.57387980798309,-0.044254966987273846,0,0.16859652509691384,0
boxes_cylinder_strong_noise_hard_mixed,strong_noise,2276,3104,0.11726164758282051,0.1019684696645836,0.9535252293484094,40.46038629925592,0.16705393081715442,0,0.11590236534723752,0
boxes_cylinder_strong_noise_hard_mixed,strong_noise,2281,874,0.03382927819788307,0.02539607014189096,0.8873420803246284,63.09084107340696,0.28483671754234524,0,0.11806109901325998,0
boxes_cylinder_strong_noise_hard_mixed,strong_noise,2284,62,0.04908651956520154,0.046565163572737676,0.8643931821074117,58.09891736844354,-0.12921159354911904,0,0.13516361200049148,0
boxes_cylinder_strong_noise_hard_mixed,strong_noise,2285,2379,0.060878599348436035,0.052782815179491106,0.9035723800064368,59.80639563325632,-0.03361657039499303,0,0.101034038868287,0
boxes_cylinder_strong_noise_hard_mixed,strong_noise,2286,1221,0.07948421668497187,0.07814459335033844,0.8628240595682767,90.26086012177271,0.15463142670176935,0,0.09343036689549682,0
boxes_cylinder_strong_noise_hard_mixed,strong_noise,2294,1686,0.0532268722994803,0.04453129848001413,0.3434359747358611,51.99555330480951,0.0008186650457932273,0,0.15401722283134356,0
boxes_cylinder_strong_noise_hard_mixed,strong_noise,2296,3030,0.06703445170854254,0.053856869663217566,0.9969835548355694,168.4160503495274,0.16705386244124032,0,0.17789886735283816,0
boxes_cylinder_strong_noise_hard_mixed,strong_noise,2297,706,0.11495286093839176,0.11370939648931047,0.9960296801931637,80.92739646521152,-0.09180741767436418,0,0.10722470509403188,0
boxes_cylinder_strong_noise_hard_mixed,strong_noise,2298,3285,0.09851130700993495,0.0897145239993586,0.48537050206898746,90.95157339955324,0.057854742300340184,0,0.11494313288882273,0
boxes_cylinder_strong_noise_hard_mixed,strong_noise,2299,1331,0.02172486127405316,0.011002242307878662,0.9991620156898346,110.06275976049388,-0.1958511644612912,1,0.13518496537259325,0
boxes_cylinder_strong_noise_hard_mixed,strong_noise,2300,211,0.044135669615706405,0.030091644682139852,0.8235366903779034,73.65552270901082,-0.10487954867768286,0,0.07471761959495307,1
boxes_cylinder_strong_noise_hard_mixed,strong_noise,2301,3248,0.07486906063608459,0.06494717028764818,0.9842837748187693,53.027980826874966,-0.3184534811187327,0,0.08884093146585637,0
boxes_cylinder_strong_noise_hard_mixed,strong_noise,2307,2261,0.034263290213416744,0.0034270418032112393,0.0426454316717777,64.8711866332052,-0.40903628283798715,0,0.0886453244942557,0
boxes_cylinder_strong_noise_hard_mixed,strong_noise,2312,1736,0.09483713188548139,0.09461787098746105,0.9768626693577808,27.95771108457375,0.06527133735787514,0,0.09467761933040515,0
boxes_cylinder_strong_noise_hard_mixed,strong_noise,2315,2966,0.03036902080370058,0.015837596282516273,0.6239996772118701,82.86076461246022,-0.427652544635794,1,0.09633053049742854,0
boxes_cylinder_strong_noise_hard_mixed,strong_noise,2317,3084,0.029241417082324934,0.025588099981337445,0.7605465079229066,45.02638930589265,-0.6553042803553145,0,0.11562186548169291,0
boxes_cylinder_strong_noise_hard_mixed,strong_noise,2319,3151,0.05638275956821755,0.04800577267689115,0.8755206122397093,96.87988983738201,-0.06148026210375157,0,0.1406430243196342,0
boxes_cylinder_strong_noise_hard_mixed,strong_noise,2325,1279,0.07413294042923675,0.03499182560297557,0.7516984460181408,84.51377564424477,-0.19395900791006832,0,0.17438974757144826,0
boxes_cylinder_strong_noise_hard_mixed,strong_noise,2326,1403,0.08710319767873369,0.08383775912864044,0.9909356126174278,65.01412277462835,0.30058515585946344,0,0.10751873009080358,0
boxes_cylinder_strong_noise_hard_mixed,strong_noise,2328,760,0.14420191761457418,0.14075896412582511,0.9852525035845762,89.94584438415934,-0.015267452130814749,0,0.034872331854854464,1
boxes_cylinder_strong_noise_hard_mixed,strong_noise,2329,678,0.08171357118561244,0.07927058995464407,0.5245824820882913,56.465108254641585,0.23701243472742686,0,0.09962589980687434,0
boxes_cylinder_strong_noise_hard_mixed,strong_noise,2330,9,0.12143730516112136,0.11982718010465525,0.9123422174630964,84.4682564570509,-0.08999092039579712,0,0.09598545354411668,0
boxes_cylinder_strong_noise_hard_mixed,strong_noise,2331,3239,0.04675352751309349,0.046410256959746196,0.9946257221104925,84.2416264457399,0.4547357440718506,0,0.14801931771985197,0
boxes_cylinder_strong_noise_hard_mixed,strong_noise,2334,2516,0.06418015564147692,0.06088902782524984,0.9478711417167436,35.58599960933179,-0.35977155879057,0,0.09241675457685461,0
boxes_cylinder_strong_noise_hard_mixed,strong_noise,2341,28,0.12226817240974856,0.07847270906826732,0.6966814913242574,90.49732966952108,0.0918305642409033,0,0.15564354924221563,0
boxes_cylinder_strong_noise_hard_mixed,strong_noise,2342,3242,0.08310394857834234,0.07785054492812457,0.9993674690385538,79.3094210776822,-0.05035874563668247,0,0.13261562427815177,0
boxes_cylinder_strong_noise_hard_mixed,strong_noise,2354,2586,0.04480136627349577,0.03466481594556192,0.7023967127371552,69.5659053259736,0.3369528459958281,1,0.12911736882297498,0
boxes_cylinder_strong_noise_hard_mixed,strong_noise,2356,2023,0.0932482555233678,0.08617629473827379,0.9648930896390103,94.2004942626453,-0.06405755439556331,0,0.11749393154178739,0
boxes_cylinder_strong_noise_hard_mixed,strong_noise,2358,1604,0.07584667400571778,0.07481169540147253,0.9446968998903266,83.68007865631392,0.04927099692350448,0,0.06275928758889518,1
boxes_cylinder_strong_noise_hard_mixed,strong_noise,2361,667,0.06459602883879687,0.06077428554758406,0.9664821557940348,46.04174017875331,0.04189091033663455,0,0.16787719007429508,0
boxes_cylinder_strong_noise_hard_mixed,strong_noise,2369,2580,0.029389933538669536,0.0010552496769054278,0.4825548917577455,96.72362776250942,-0.2590301537600743,1,0.13088338366441327,0
boxes_cylinder_strong_noise_hard_mixed,strong_noise,2371,3182,0.05074321520474178,0.04446059180100881,0.4283367683956373,52.49467621497834,-0.3561937500738747,0,0.1815987364698004,0
boxes_cylinder_strong_noise_hard_mixed,strong_noise,2373,2066,0.021739332720819453,0.012892426702842057,0.9445387291883085,55.81533514339943,0.4911034276088633,0,0.14034653008807993,0
boxes_cylinder_strong_noise_hard_mixed,strong_noise,2374,1191,0.057713637519357014,0.055312535060102155,0.9962506238799401,95.87634383173071,-0.047355720320825745,0,0.09609827378379081,0
boxes_cylinder_strong_noise_hard_mixed,strong_noise,2376,2230,0.024682326337626587,0.021980439687147142,0.9371562894922674,39.5190703847948,-0.004796165684554551,1,0.0931750862283339,0
boxes_cylinder_strong_noise_hard_mixed,strong_noise,2377,2597,0.07791517823817556,0.06838507866565782,0.9983721501632842,97.04202113863238,-0.02483689201144715,0,0.12376907484983306,0
boxes_cylinder_strong_noise_hard_mixed,strong_noise,2379,2145,0.11240372367424849,0.1096467055659136,0.8634306105236518,48.200018185593386,-0.09322893420867626,0,0.11667534390695157,0
boxes_cylinder_strong_noise_hard_mixed,strong_noise,2383,1430,0.05130690778043966,0.04964367449587275,0.6859625593024847,111.715516696229,0.45473577711526997,0,0.11033420417455735,0
boxes_cylinder_strong_noise_hard_mixed,strong_noise,2388,484,0.030549637117239372,0.021280392714271033,0.1873746626798464,40.70870382974828,-0.3561937500738747,1,0.15565593622630308,0
boxes_cylinder_strong_noise_hard_mixed,strong_noise,2389,1665,0.0508936534586149,0.048094248373344486,0.9754994187623852,56.502509899733106,0.56236631295899,0,0.10867540595788118,0
boxes_cylinder_strong_noise_hard_mixed,strong_noise,2393,687,0.07280635792283338,0.07039349570932889,0.9732432816399367,58.290187983625465,-0.35173931732386987,1,0.06088208043019921,1
boxes_cylinder_strong_noise_hard_mixed,strong_noise,2395,1065,0.07018415228131478,0.06245173322373591,0.5485473448470288,70.75815164107998,0.3612098175917405,0,0.12533247586155785,0
boxes_cylinder_strong_noise_hard_mixed,strong_noise,2404,1659,0.10009188320829254,0.08161839524769472,0.8280401968610245,46.842756762296325,-0.06851191836263172,0,0.17544385457358172,0
boxes_cylinder_strong_noise_hard_mixed,strong_noise,2406,702,0.040479241880375244,0.012604132460340672,0.825782175049478,61.65197681818362,0.2163249804066547,0,0.15820352074598332,0
boxes_cylinder_strong_noise_hard_mixed,strong_noise,2408,378,0.07509721092180406,0.07025020541395496,0.9683017946567255,89.38601460512336,-0.027101887761049763,0,0.06421298511661537,1
boxes_cylinder_strong_noise_hard_mixed,strong_noise,2409,2100,0.07752444435956736,0.0749811419534206,0.9749575882858694,54.94935786333195,0.22589434572531444,0,0.18332503308113704,0
boxes_cylinder_strong_noise_hard_mixed,strong_noise,2422,235,0.05636395065344366,0.045526873967515646,0.8027239195028822,90.75443887757567,0.027292111853258756,0,0.13929700185275443,0
boxes_cylinder_strong_noise_hard_mixed,strong_noise,2425,3132,0.04326967426405403,0.04280988392643194,0.9776036090314232,58.05446264626627,0.26614479744904274,1,0.15481633664095576,0
boxes_cylinder_strong_noise_hard_mixed,strong_noise,2427,1562,0.06365066093789672,0.06225514054037,0.8548423614046314,36.77576217501283,-0.340193377893532,0,0.19688805350166494,0
boxes_cylinder_strong_noise_hard_mixed,strong_noise,2429,3066,0.13102974996816777,0.12463647573104782,0.9794699444022842,72.81807227248068,-0.07135685136935178,0,0.11537998718297653,0
boxes_cylinder_strong_noise_hard_mixed,strong_noise,2430,1425,0.1548412052759848,0.15221469595257608,0.9472790302517117,53.26724395081478,-0.20562100277273582,0,0.11316477458600098,0
boxes_cylinder_strong_noise_hard_mixed,strong_noise,2432,2612,0.035339083825437136,0.0007200042264584166,0.13785004136818327,69.24705388806345,0.2163249804066547,0,0.14095067511103948,0
boxes_cylinder_strong_noise_hard_mixed,strong_noise,2438,2574,0.06379417409872311,0.0520661529007939,0.7530131516716938,45.92982132937466,0.129313639871308,0,0.10323176110164398,0
boxes_cylinder_strong_noise_hard_mixed,strong_noise,2444,3134,0.06665746545722549,0.05740527092774956,0.9795679014110076,26.317537266965104,0.037842309296063546,1,0.10376771005539491,0
boxes_cylinder_strong_noise_hard_mixed,strong_noise,2456,1761,0.10135638612182582,0.09637972987710204,0.1362974222335854,58.33091100713166,0.08537599107072216,0,0.12419460848188926,0
boxes_cylinder_strong_noise_hard_mixed,strong_noise,2458,1121,0.056907819168781494,0.0523608598038282,0.7672101382786066,106.83561604138742,0.43063817231913964,0,0.14256363094312652,0
boxes_cylinder_strong_noise_hard_mixed,strong_noise,2459,2720,0.10311413331492385,0.0905270031022401,0.9031161609559197,67.58309459188854,-0.08887921151711373,0,0.08974989083474932,0
boxes_cylinder_strong_noise_hard_mixed,strong_noise,2466,2187,0.03258334932123126,0.012491881506810756,0.5670198906648738,67.5243264911245,0.5206936452166742,1,0.12069231109615887,0
boxes_cylinder_strong_noise_hard_mixed,strong_noise,2469,344,0.08348017192878873,0.0834267872622375,0.9003401009630133,58.78468527710797,0.21834711062999546,0,0.13637061962151006,0
boxes_cylinder_strong_noise_hard_mixed,strong_noise,2472,3184,0.06296981815764341,0.058752422147015995,0.9752757230958898,49.18361700065335,0.0800426243402898,1,0.10037534334557431,0
boxes_cylinder_strong_noise_hard_mixed,strong_noise,2473,1094,0.07701220368513961,0.07515222534021504,0.9747624655851937,102.46338064511119,0.1814426345378204,0,0.11581468126968171,0
boxes_cylinder_strong_noise_hard_mixed,strong_noise,2474,2020,0.03433551537001483,0.02460636622681049,0.3958326412952658,86.0532892286817,-0.5103439145252385,1,0.1882764016904411,0
boxes_cylinder_strong_noise_hard_mixed,strong_noise,2479,1946,0.05854554016763195,0.05824847539213007,0.982834063149885,77.1619642340193,-0.2723123038565834,1,0.10565597956303432,0
boxes_cylinder_strong_noise_hard_mixed,strong_noise,2482,3240,0.040449431548535766,0.01648812631462927,0.8365953464598873,99.93944662818832,0.6998578880955779,1,0.1521134076801295,0
boxes_cylinder_strong_noise_hard_mixed,strong_noise,2488,1131,0.0661568494002942,0.058774066944547586,0.9954183360599037,94.87507924625417,0.27241425587698614,0,0.09140794796122235,0
boxes_cylinder_strong_noise_hard_mixed,strong_noise,2490,2580,0.068308423692268,0.05961642837535774,0.2238791483606976,85.48267293477879,-0.7290333705061786,0,0.18286743667581262,0
boxes_cylinder_strong_noise_hard_mixed,strong_noise,2492,2199,0.13327192523435183,0.07410609351499725,0.9967242282820499,68.96213490257041,0.027292111853258756,0,0.05273653492415795,1
boxes_cylinder_strong_noise_hard_mixed,strong_noise,2494,2458,0.0930700766585043,0.09166780367196242,0.9887285726055876,75.39800621654776,-0.12062784889988598,0,0.137380381424521,0
boxes_cylinder_strong_noise_hard_mixed,strong_noise,2495,589,0.010360561591779923,0.0031063043448715947,0.9929507219987305,88.3229440286389,0.11826378239865738,1,0.14144445634425343,0
boxes_cylinder_strong_noise_hard_mixed,strong_noise,2506,2274,0.018303454267811898,0.015070898547089621,0.3937924955590705,81.58229982602346,0.23604676091218466,1,0.135521808584726,0
boxes_cylinder_strong_noise_hard_mixed,strong_noise,2511,539,0.06703141328314083,0.05784431692813372,0.8797921735047174,43.55034325218176,0.26236396446783583,0,0.12404736310297024,0
boxes_cylinder_strong_noise_hard_mixed,strong_noise,2512,2343,0.09309689023275987,0.08571401967776415,0.31212327905648213,159.91367472476566,0.04927099692350448,0,0.2086070036170373,0
boxes_cylinder_strong_noise_hard_mixed,strong_noise,2513,1689,0.03593213017434416,0.02157399449977298,0.5878186133544562,73.58390348862385,0.20961348531406482,0,0.12703685641816242,0
boxes_cylinder_strong_noise_hard_mixed,strong_noise,2514,449,0.11230916167831072,0.11131541639572885,0.8341339376937346,47.96371912288444,-0.21023997266892247,0,0.14334279881549783,0
boxes_cylinder_strong_noise_hard_mixed,strong_noise,2516,2391,0.1277682856960577,0.1267608541408829,0.945150093270824,106.3447556995792,-0.2897038809911067,0,0.10445627406300645,0
boxes_cylinder_strong_noise_hard_mixed,strong_noise,2519,2659,0.07961734382777705,0.07093070785998219,0.9600152206430004,36.29573989475355,-0.06405755439556331,0,0.09752056058606441,0
boxes_cylinder_strong_noise_hard_mixed,strong_noise,2524,1763,0.04580053915304194,0.011105711419950108,0.9866329230138657,77.94451979030185,-0.36101291075525094,0,0.08879007569133307,0
boxes_cylinder_strong_noise_hard_mixed,strong_noise,2526,342,0.01589510606244158,0.0040468218999596,0.3380969000469487,54.04894856618658,0.4955577283022377,1,0.15909942296945262,0
boxes_cylinder_strong_noise_hard_mixed,strong_noise,2529,1497,0.024788340024175976,0.01645356127324913,0.6207949461586789,74.74961969835012,0.16705395132993958,1,0.15317197261711982,0
boxes_cylinder_strong_noise_hard_mixed,strong_noise,2532,2887,0.06388680495697754,0.05342585368253456,0.8889894230867292,56.61699634667073,0.2861132215969932,0,0.13014575010386498,0
boxes_cylinder_strong_noise_hard_mixed,strong_noise,2533,741,0.06600207905598757,0.0627344988887077,0.995885869387881,124.67532510240048,0.09806109174779369,1,0.0690745669065637,1
boxes_cylinder_strong_noise_hard_mixed,strong_noise,2534,354,0.05658555952033001,0.04753219053855234,0.9793942038159043,73.3203391500887,0.28288556301763984,1,0.11238658779025058,0
boxes_cylinder_strong_noise_hard_mixed,strong_noise,2540,1403,0.0657232498287254,0.05147855711970506,0.18545795605369092,96.8187938965745,0.32798410527282557,0,0.1928329830748259,0
boxes_cylinder_strong_noise_hard_mixed,strong_noise,2543,828,0.07248879186727696,0.06381912168888387,0.6511838113557605,81.00419543760742,0.4317462245143308,0,0.12879241396608318,0
boxes_cylinder_strong_noise_hard_mixed,strong_noise,2549,810,0.03332333733536879,0.027798498443153068,0.5910666711460311,91.73591711420718,0.3369528459958281,0,0.1284431740289321,0
boxes_cylinder_strong_noise_hard_mixed,strong_noise,2551,2346,0.03350479208942534,0.002409206933390043,0.39690646312887373,43.93433484940148,-0.030771637833434434,1,0.11059911583940786,0
boxes_cylinder_strong_noise_hard_mixed,strong_noise,2554,738,0.07529323849798186,0.06805571650125099,0.8442085285966521,82.15421854396229,-0.08999092039579712,0,0.135282294524683,0
boxes_cylinder_strong_noise_hard_mixed,strong_noise,2555,2127,0.021512914176800693,0.00714877139181662,0.9931597477549767,69.99248885380067,0.14725135266117875,1,0.12111382577593831,0
boxes_cylinder_strong_noise_hard_mixed,strong_noise,2558,975,0.058282439667430304,0.05336022684914253,0.9909456042417132,142.55523022984565,0.0717438230407528,1,0.16632541316514543,0
boxes_cylinder_strong_noise_hard_mixed,strong_noise,2559,2022,0.047016282984345015,0.037908861058134985,0.9814206414669705,60.955764860485544,0.0717438230407528,1,0.17173329472348947,0
boxes_cylinder_strong_noise_hard_mixed,strong_noise,2565,3150,0.0990624612013867,0.0920900134219212,0.9863621678205906,64.33349935388247,-0.5638328768716236,0,0.14960426014166864,0
boxes_cylinder_strong_noise_hard_mixed,strong_noise,2567,1279,0.0438023959415319,0.036236034000916705,0.9030035672786884,80.67773851962826,-0.07135685136935178,1,0.12559309992995676,0
boxes_cylinder_strong_noise_hard_mixed,strong_noise,2569,707,0.07978956412467575,0.06561045712261097,0.657640737744236,72.25541809062491,0.2896561224748431,0,0.09688654674866376,0
boxes_cylinder_strong_noise_hard_mixed,strong_noise,2580,386,0.05724516873107259,0.04288974578148408,0.9989323478951,42.91705198447581,-0.1271852846196882,0,0.053533661980803546,1
boxes_cylinder_strong_noise_hard_mixed,strong_noise,2584,792,0.09284639186425878,0.07367545699265667,0.9644690448720813,166.87648150628954,-0.32938236065753185,0,0.1674730789858869,0
boxes_cylinder_strong_noise_hard_mixed,strong_noise,2586,1686,0.06454390211969492,0.04781675210150849,0.2976779677881918,37.30168481464035,-0.1116592347943331,0,0.20371949067686043,0
boxes_cylinder_strong_noise_hard_mixed,strong_noise,2588,2265,0.078949243005948,0.06931882515542366,0.9932041861712102,100.61565393743167,0.13628227542839735,0,0.11641722993729302,0
boxes_cylinder_strong_noise_hard_mixed,strong_noise,2589,2329,0.12331935644914468,0.12290370100820484,0.9940397625114621,87.43111681944289,-0.04170068106235352,0,0.06975510574524964,1
boxes_cylinder_strong_noise_hard_mixed,strong_noise,2590,1269,0.11130539145972766,0.0952233268691505,0.9595480133410318,40.05782580180307,0.18903284210669746,0,0.03898781956649705,1
boxes_cylinder_strong_noise_hard_mixed,strong_noise,2593,2103,0.06110984145189304,0.05164095480837747,0.9682436161940268,66.98425713684671,0.35942562049279836,0,0.12289264669979078,0
boxes_cylinder_strong_noise_hard_mixed,strong_noise,2595,1016,0.03762415883193272,0.016457603093087338,0.8914806208935748,52.617829321582775,0.321204509388588,0,0.13930128044180115,0
boxes_cylinder_strong_noise_hard_mixed,strong_noise,2599,123,0.09004100610359622,0.08668601394586485,0.9834048153171889,102.73193004802539,-0.15139945327379717,0,0.08543812421401849,0
boxes_cylinder_strong_noise_hard_mixed,strong_noise,2600,2058,0.06367446625713043,0.060927412719999845,0.6880626964335308,82.07596193731894,0.5179146017714961,0,0.1425228295126741,0
boxes_cylinder_strong_noise_hard_mixed,strong_noise,2602,1107,0.09410169606562324,0.09318861089616784,0.9828451297388325,106.79203865283293,0.1078651215992381,0,0.07972297883355903,1
boxes_cylinder_strong_noise_hard_mixed,strong_noise,2603,1485,0.04313389696316436,0.041710809785147795,0.28044009087525473,54.882650049277224,0.40162603524949647,1,0.14152239166501182,0
boxes_cylinder_strong_noise_hard_mixed,strong_noise,2608,2083,0.04789440695629817,0.044227589205087854,0.9600706779223982,52.3883743843225,-0.13575676720964588,0,0.08866374154884252,0
boxes_cylinder_strong_noise_hard_mixed,strong_noise,2613,850,0.027585342655707938,0.00974825269463126,0.08274957450068063,31.041490509494515,-0.13078027669238812,1,0.13390859735268407,0
boxes_cylinder_strong_noise_hard_mixed,strong_noise,2620,2926,0.04710007295047852,0.0403284579087879,0.8702162166879387,39.8100390734111,0.24444055385467722,0,0.11825405211366702,0
boxes_cylinder_strong_noise_hard_mixed,strong_noise,2621,1680,0.054792508222715454,0.05180098018244783,0.7173342017137933,62.2344122646605,0.18444571213009853,0,0.08797848478411684,0
boxes_cylinder_strong_noise_hard_mixed,strong_noise,2625,898,0.035508317281631646,0.005846416440846368,0.9534255426575072,40.7466218307464,-0.21593802516879151,0,0.15886851556110054,0
boxes_cylinder_strong_noise_hard_mixed,strong_noise,2629,2008,0.07388009820136177,0.07084684744250913,0.9794762196645537,74.41764619635974,0.2814641459149209,0,0.12157408983497447,0
boxes_cylinder_strong_noise_hard_mixed,strong_noise,2630,955,0.12130923993202357,0.12081951653618415,0.99771782676154,63.22687115958918,-0.1158085625568457,0,0.05873366287008887,1
boxes_cylinder_strong_noise_hard_mixed,strong_noise,2633,706,0.09397207675583193,0.08463449484831885,0.9913112799457597,90.44351690863306,-0.3496360858007523,0,0.07008212234509015,1
boxes_cylinder_strong_noise_hard_mixed,strong_noise,2636,955,0.14183915688594062,0.14014368848631414,0.9786260531645551,61.32298319680771,-0.15502922494096202,0,0.06242331725059398,1
boxes_cylinder_strong_noise_hard_mixed,strong_noise,2639,1273,0.10088817254336167,0.09225953448293595,0.9958855418555181,88.233703644495,0.13315237091871673,0,0.16767782385954266,0
boxes_cylinder_strong_noise_hard_mixed,strong_noise,2640,3279,0.017771367896324154,0.004685181924613808,0.7626955922569928,102.63814950058749,-0.005788724582356602,1,0.14458268559078655,0
boxes_cylinder_strong_noise_hard_mixed,strong_noise,2644,1411,0.0646867591349009,0.05953638430824253,0.9893281421832039,76.57518876788625,0.04927097956243624,1,0.15209078640205898,0
boxes_cylinder_strong_noise_hard_mixed,strong_noise,2649,749,0.021509059141633428,0.003474978960378201,0.461856292295041,44.91116002247713,0.03352266525295068,1,0.14259306866387314,0
boxes_cylinder_strong_noise_hard_mixed,strong_noise,2654,1827,0.024268588016360077,0.022493491171254272,0.8171057261324911,34.980241176394934,-0.5332101740002811,0,0.16331392206214088,0
boxes_cylinder_strong_noise_hard_mixed,strong_noise,2655,2417,0.07472872374470108,0.07014855531868742,0.6735684428406505,101.07152483517247,-0.5669142970848408,0,0.11600321824962617,0
boxes_cylinder_strong_noise_hard_mixed,strong_noise,2657,1954,0.09512744148083048,0.08997559611426183,0.9290396474245299,71.94721494570734,0.02110015193428539,0,0.06269860562018983,1
boxes_cylinder_strong_noise_hard_mixed,strong_noise,2658,751,0.07033390331442055,0.0687835300038227,0.9814100733352619,104.98755189669801,0.4547357612819642,0,0.1973356789094551,0
boxes_cylinder_strong_noise_hard_mixed,strong_noise,2661,1462,0.05103751836429113,0.04439369586686643,0.8761243539564941,47.877817210161446,-0.427652544635794,1,0.13056995681854816,0
boxes_cylinder_strong_noise_hard_mixed,strong_noise,2669,2515,0.024941674337480242,0.02007910621586529,0.5866637918562521,62.70190071424387,0.04927101428458509,1,0.11880769632188071,0
boxes_cylinder_strong_noise_hard_mixed,strong_noise,2673,2268,0.026640587992685087,0.0030157027540538145,0.8558032459788761,52.47468945888694,0.08537599107072216,1,0.12623811579246186,0
boxes_cylinder_strong_noise_hard_mixed,strong_noise,2679,2815,0.05199089674659769,0.050118787225406726,0.5554155316155458,54.693777982839414,-0.2076391772784145,0,0.1649505241164286,0
boxes_cylinder_strong_noise_hard_mixed,strong_noise,2681,3217,0.11168847208631584,0.10748145390479627,0.9979106347302905,161.4339345231031,0.012903388962911554,0,0.09058413538514092,0
boxes_cylinder_strong_noise_hard_mixed,strong_noise,2688,828,0.08301485678015075,0.08193663207641798,0.998913641910093,59.543164760464556,0.4317462245143308,0,0.08757136340268595,0
boxes_cylinder_strong_noise_hard_mixed,strong_noise,2689,2846,0.10734298310044418,0.10248201263444377,0.9982511115518378,58.406839741361956,0.06008189919241722,0,0.03292063705627965,1
boxes_cylinder_strong_noise_hard_mixed,strong_noise,2690,868,0.023819741483140724,0.019724935073025047,0.9411340730331456,76.55516546395633,0.1483618520703677,1,0.1534438442088633,0
boxes_cylinder_strong_noise_hard_mixed,strong_noise,2692,2780,0.09618502627792881,0.09391902400826806,0.9625736778190057,86.18013853893105,-0.08999092039579712,0,0.04619988947487184,1
boxes_cylinder_strong_noise_hard_mixed,strong_noise,2693,116,0.061950375361666414,0.022168358564082145,0.6790327483262728,59.8291878360887,0.4183681954839994,0,0.14481460489069695,0
boxes_cylinder_strong_noise_hard_mixed,strong_noise,2697,785,0.02113844592412819,0.005519712375240725,0.9764451464092978,111.52479990483535,-0.2384108606544121,1,0.15966412686284095,0
boxes_cylinder_strong_noise_hard_mixed,strong_noise,2700,3233,0.10703147750407062,0.10227318358801554,0.9809480900822676,103.02574411174155,-0.2776314165986506,0,0.012681946006799824,1
boxes_cylinder_strong_noise_hard_mixed,strong_noise,2701,2551,0.021913591757276408,0.019395136232723136,0.08916744185085472,80.61134506149516,0.3677245134588464,1,0.12531085696217145,0
boxes_cylinder_strong_noise_hard_mixed,strong_noise,2703,2999,0.03439176277355447,0.02411216578488331,0.36177609122642707,64.89594321287989,0.08880181649565828,0,0.18036373939461947,0
boxes_cylinder_strong_noise_hard_mixed,strong_noise,2704,1176,0.020909447708230538,0.010937698612951947,0.4270675960164431,68.17502944691671,0.416995500784784,1,0.15027937651860573,0
boxes_cylinder_strong_noise_hard_mixed,strong_noise,2707,3163,0.04676014392636417,0.023727429317240666,0.9292618280904045,63.375402812075485,-0.3437712724363669,0,0.09041311640228136,0
boxes_cylinder_strong_noise_hard_mixed,strong_noise,2709,2554,0.009431760498127306,0.008388507401283943,0.3079625346881822,59.446386235551266,-0.03481203849240876,1,0.1465762446640977,0
boxes_cylinder_strong_noise_hard_mixed,strong_noise,2710,2510,0.02002070258592522,0.01845414896914195,0.31915643053045484,64.68063308955394,0.17932401917020602,1,0.13849218790362383,0
boxes_cylinder_strong_noise_hard_mixed,strong_noise,2712,3205,0.054514358063985115,0.014438008706240183,0.1099342358213304,55.28432455010677,0.11179131727850966,0,0.08862468257334433,0
boxes_cylinder_strong_noise_hard_mixed,strong_noise,2722,2119,0.06717350171892288,0.06114884836470802,0.9986618182304924,67.66506261760237,0.012903388962911554,0,0.15672465642206468,0
boxes_cylinder_strong_noise_hard_mixed,strong_noise,2731,3051,0.03054556882587534,0.02541497901184167,0.2307294663779338,70.52641425443896,-0.2939806344455665,1,0.16533127478452764,0
boxes_cylinder_strong_noise_hard_mixed,strong_noise,2737,1222,0.07377710961716902,0.07293167203572307,0.9835122440950587,43.82677632206436,-0.04170068106235352,0,0.12484949645221498,0
boxes_cylinder_strong_noise_hard_mixed,strong_noise,2746,2857,0.02511045671229835,0.0005628049716209335,0.28201328211522103,42.49664394943425,-0.13662819319049063,0,0.16806267391922738,0
boxes_cylinder_strong_noise_hard_mixed,strong_noise,2750,474,0.04012792496898437,0.0202373074109202,0.9870719532326696,66.7974642189241,0.32120440734796757,0,0.16005235642634058,0
boxes_cylinder_strong_noise_hard_mixed,strong_noise,2752,1603,0.05702887366538391,0.05008464203236874,0.9626346028925782,154.60504767455183,0.02395321025330158,0,0.1598690181448289,0
boxes_cylinder_strong_noise_hard_mixed,strong_noise,2758,971,0.056911281756045116,0.054578964036174515,0.8877902757898178,77.66475439324516,-0.2747783739653949,0,0.12265735741071823,0
boxes_cylinder_strong_noise_hard_mixed,strong_noise,2762,1685,0.07634003557672164,0.07530058444808335,0.8660591764678169,98.28651481636167,0.3052040432161446,0,0.12026849648037086,0
boxes_cylinder_strong_noise_hard_mixed,strong_noise,2764,788,0.09680302235380706,0.0790508993786296,0.9943096525916393,44.84839763206845,-0.1250821995667202,0,0.10777773164569374,0
boxes_cylinder_strong_noise_hard_mixed,strong_noise,2765,1290,0.07719365601643659,0.06400142119617028,0.9339745585156303,53.90721975752158,0.372497633314557,0,0.1447734875589447,0
boxes_cylinder_strong_noise_hard_mixed,strong_noise,2766,2570,0.022557404932334435,0.010017625299287474,0.2830429511503226,47.914390296189055,-0.07333122236094693,1,0.12116358264383181,0
boxes_cylinder_strong_noise_hard_mixed,strong_noise,2767,2123,0.11194543855371229,0.10511485318064193,0.9813304699720414,74.06210775653678,-0.04170068106235352,0,0.0937884180472724,0
boxes_cylinder_strong_noise_hard_mixed,strong_noise,2768,1951,0.10859673240439917,0.09793917722939251,0.962805496167998,136.3524041596006,0.11298671719424945,0,0.11291215206594268,0
boxes_cylinder_strong_noise_hard_mixed,strong_noise,2769,2093,0.08740426384284491,0.0847908166749042,0.9087728310193652,105.3438536620924,0.3052040432161446,0,0.1419924024839268,0
boxes_cylinder_strong_noise_hard_mixed,strong_noise,2770,268,0.12311562718173118,0.12052305955984671,0.9845350251828355,96.0293506377253,0.25113689796915384,0,0.03667354822240748,1
boxes_cylinder_strong_noise_hard_mixed,strong_noise,2773,3151,0.0736679738746927,0.0674288658455126,0.9437979924817412,78.47125506081369,-0.17589050517348992,0,0.1291240268017094,0
boxes_cylinder_strong_noise_hard_mixed,strong_noise,2778,528,0.0286570222297195,0.005463090828695805,0.9738557612683851,48.2871745884059,0.4955577283022377,1,0.168678698360845,0
boxes_cylinder_strong_noise_hard_mixed,strong_noise,2779,3307,0.09118597928883841,0.08455512314386514,0.9488075846531162,104.72751077954726,-0.004796165684554551,0,0.12545143684139012,0
boxes_cylinder_strong_noise_hard_mixed,strong_noise,2785,71,0.05041320785884327,0.037114062901565194,0.25104579052028986,67.18381734659474,-0.23841086435419584,0,0.13994770933151718,0
boxes_cylinder_strong_noise_hard_mixed,strong_noise,2787,1415,0.07155703193555915,0.04690986759625392,0.7888787029814333,65.88944464922099,0.5316967693625406,0,0.12274071058292364,0
boxes_cylinder_strong_noise_hard_mixed,strong_noise,2794,2479,0.056750679311921536,0.05138360024925598,0.5606213050812542,62.43904870360295,0.14458111214453526,0,0.15357540054592234,0
boxes_cylinder_strong_noise_hard_mixed,strong_noise,2795,831,0.05133336654981957,0.045400904618210405,0.7958408023760362,56.14831789244192,0.10642938564090516,0,0.10900003743990261,0
boxes_cylinder_strong_noise_hard_mixed,strong_noise,2800,1606,0.03930660535381901,0.02223103241377394,0.26092944196308254,52.42730419155499,-0.020687524911536397,1,0.11802904949947834,0
boxes_cylinder_strong_noise_hard_mixed,strong_noise,2801,100,0.09935206051324566,0.09918576062911393,0.9834469299440078,93.4446106114044,0.10453361037991127,0,0.058894714253890416,1
boxes_cylinder_strong_noise_hard_mixed,strong_noise,2802,1415,0.08740280536906804,0.08544413433671906,0.7886023225531117,89.27552614009699,0.15363091622306024,0,0.08860693440602875,0
boxes_cylinder_strong_noise_hard_mixed,strong_noise,2803,528,0.042780231541950965,0.03623932783620343,0.47297617394317015,44.21465375899981,0.3901972859776937,0,0.16061506610366041,0
boxes_cylinder_strong_noise_hard_mixed,strong_noise,2805,1355,0.09531833753986993,0.08336006315977769,0.9636976261806628,55.662679538266744,-0.10487949391589256,0,0.11259636789694,0
boxes_cylinder_strong_noise_hard_mixed,strong_noise,2806,798,0.0436329861426447,0.040080879247911344,0.2777330786457233,112.46184173414206,-0.5669142970848408,0,0.09344061752445215,0
boxes_cylinder_strong_noise_hard_mixed,strong_noise,2808,2234,0.03798213870551537,0.013507090919389373,0.8627633577722609,44.711352469444826,-0.281895955243009,0,0.0748846328159609,1
boxes_cylinder_strong_noise_hard_mixed,strong_noise,2809,2478,0.033864914407483654,0.025599095682196815,0.9880703586728187,52.31967398465671,-0.3384939832558554,0,0.09748130736650962,0
boxes_cylinder_strong_noise_hard_mixed,strong_noise,2812,1277,0.061383659578052835,0.049438953961642766,0.13075990911651136,68.92610119373856,-0.02218789486043807,0,0.1570490761031262,0
boxes_cylinder_strong_noise_hard_mixed,strong_noise,2813,1583,0.04144108203452565,0.04022825939697788,0.22139255690659843,164.41937185705606,0.2971069344563421,1,0.18041382883313878,0
boxes_cylinder_strong_noise_hard_mixed,strong_noise,2814,1641,0.09858737635803914,0.08743467079577057,0.751481572414789,82.33636099615457,0.17848263393518532,0,0.031945318316699445,1
boxes_cylinder_strong_noise_hard_mixed,strong_noise,2816,3287,0.0448593298089119,0.026160383829830575,0.756274825236203,86.30500413693123,-0.23841084395795437,1,0.13315986167593807,0
boxes_cylinder_strong_noise_hard_mixed,strong_noise,2817,2903,0.03256599137153032,0.013925881338008244,0.9933093955657498,78.83347277524396,-0.1958511644612912,1,0.10265335192254967,0
boxes_cylinder_strong_noise_hard_mixed,strong_noise,2818,526,0.05354170908113909,0.040148555210250465,0.9904524129496158,123.82227903066494,0.08436226865396826,0,0.18070131356688704,0
boxes_cylinder_strong_noise_hard_mixed,strong_noise,2822,2832,0.0943877244548535,0.0855267046571419,0.9520754258363968,120.03122999708258,-0.321792237601929,0,0.09777170498613597,0
boxes_cylinder_strong_noise_hard_mixed,strong_noise,2826,1259,0.025790711506203812,0.02555841146793421,0.850692487069849,48.439631517456036,0.10642938564090516,1,0.09114860621322397,0
boxes_cylinder_strong_noise_hard_mixed,strong_noise,2836,2703,0.1085941691225822,0.10501297379003313,0.9289200686117846,54.498460497224045,-0.27350206123685633,0,0.13493441565884673,0
boxes_cylinder_strong_noise_hard_mixed,strong_noise,2837,2529,0.07464900407686273,0.05522341975102644,0.9227813437302526,56.329963304623355,0.384118212961235,0,0.1458951434545943,0
boxes_cylinder_strong_noise_hard_mixed,strong_noise,2838,3164,0.06084178652733395,0.04582390422235269,0.9151231903888272,85.63534725544191,0.3746931369416745,0,0.10466849647066315,0
boxes_cylinder_strong_noise_hard_mixed,strong_noise,2846,290,0.07972140955972686,0.0779763192630576,0.976556137873136,118.37413854128182,-0.09864894628741513,0,0.09695647259477841,0
boxes_cylinder_strong_noise_hard_mixed,strong_noise,2848,757,0.08733849102736639,0.08302482871855323,0.997848851433294,64.52255905987663,-0.2828624164511006,0,0.1363203606312868,0
boxes_cylinder_strong_noise_hard_mixed,strong_noise,2853,1213,0.12344895807988995,0.11451548875781109,0.9766356780965059,112.00212497800713,0.03602577383577466,0,0.13554729168135352,0
boxes_cylinder_strong_noise_hard_mixed,strong_noise,2855,2387,0.06014700922477958,0.056522733313469464,0.9355760019288581,94.93825859882791,-0.3125186549397537,0,0.09817668139100762,0
boxes_cylinder_strong_noise_hard_mixed,strong_noise,2859,1949,0.0322093922196319,0.00817833834508291,0.7828111886359012,62.726332443470895,-0.006609401891430496,0,0.14852586617344987,0
boxes_cylinder_strong_noise_hard_mixed,strong_noise,2860,302,0.0354874651038862,0.0345132449041542,0.9694275866219498,55.372435861748976,0.012903388962911554,0,0.10981900341915579,0
boxes_cylinder_strong_noise_hard_mixed,strong_noise,2861,2041,0.02935668731745763,0.026579333860169526,0.9943849170404859,95.92367410567279,-0.020687524911536397,1,0.13273605656672446,0
boxes_cylinder_strong_noise_hard_mixed,strong_noise,2877,78,0.09616593086422531,0.09422942915144492,0.984859681575619,45.33063635919223,0.29221689820578123,0,0.09038512888812833,0
boxes_cylinder_strong_noise_hard_mixed,strong_noise,2878,1709,0.046867392426362044,0.04634752792823948,0.45131191895851563,86.57994457520311,-0.13832746338433077,1,0.10107103526614426,0
boxes_cylinder_strong_noise_hard_mixed,strong_noise,2885,456,0.052129571533354686,0.04607793987823312,0.9535952441792921,51.570129908147756,-0.6691933203072775,0,0.15595661268673855,0
boxes_cylinder_strong_noise_hard_mixed,strong_noise,2889,2864,0.1087484188884515,0.10386094859219136,0.29619724043783563,61.47914038589856,-0.27120058497791966,0,0.14489097929344652,0
boxes_cylinder_strong_noise_hard_mixed,strong_noise,2893,3223,0.08336764346880861,0.06760763188641769,0.8579392752627827,108.05302097824539,0.29221689820578123,0,0.17964847917357285,0
boxes_cylinder_strong_noise_hard_mixed,strong_noise,2894,333,0.04148082919300613,0.010064447365108888,0.8765999428383876,141.67099922484337,-0.28842123201231173,1,0.16666772415481132,0
boxes_cylinder_strong_noise_hard_mixed,strong_noise,2895,2465,0.08836249234216534,0.07485091300908489,0.8332350774327176,62.82250773592092,-0.06252029246527138,0,0.08463024454281776,0
boxes_cylinder_strong_noise_hard_mixed,strong_noise,2897,1629,0.13487416586915246,0.13451585365097024,0.9981394525605097,62.75110622279898,0.06907360689126728,0,0.0544094569501075,1
boxes_cylinder_strong_noise_hard_mixed,strong_noise,2899,3011,0.10541981376674195,0.1053868192146364,0.9810895870388275,92.67620758147763,-0.06851191836263172,0,0.09581095766383875,0
boxes_cylinder_strong_noise_hard_mixed,strong_noise,2900,2706,0.05646232588047628,0.04281090720891771,0.9789475310110748,73.29663301886842,-0.08999092039579712,0,0.17723181695377238,0
boxes_cylinder_strong_noise_hard_mixed,strong_noise,2902,296,0.07416333645352066,0.05553108035772381,0.458657604261444,83.35823087846205,0.3031860464878962,0,0.08611653143945655,0
boxes_cylinder_strong_noise_hard_mixed,strong_noise,2903,3001,0.06008150349739876,0.05937940434553877,0.3081362026409756,84.95709790764684,-0.1643028727200421,0,0.1422821433472554,0
boxes_cylinder_strong_noise_hard_mixed,strong_noise,2904,348,0.05399266322992291,0.048394298739467254,0.9794722049394197,56.49856032466739,0.06386980111339244,0,0.07925364004080687,1
boxes_cylinder_strong_noise_hard_mixed,strong_noise,2908,3180,0.1384251245767799,0.12685575993617762,0.9783804906059388,102.15155363769901,-0.18711744747892511,0,0.15918155484257382,0
boxes_cylinder_strong_noise_hard_mixed,strong_noise,2911,23,0.028972002142806208,0.019404208213215306,0.5346679566439331,58.379836525750186,-0.7164462798723003,1,0.1651607947791146,0
boxes_cylinder_strong_noise_hard_mixed,strong_noise,2922,1689,0.08992886029444497,0.07864153724014619,0.984443206356757,31.374216267580472,0.027292111853258756,0,0.09233569023737817,0
boxes_cylinder_strong_noise_hard_mixed,strong_noise,2928,2995,0.09386555025745197,0.09221139246350055,0.9750578767816425,115.70726300292097,0.29221689820578123,0,0.07344267925056237,1
boxes_cylinder_strong_noise_hard_mixed,strong_noise,2930,1415,0.08895202460250945,0.08058648549657817,0.7443647219511385,92.21046682214788,0.28038251568468703,0,0.12471995909166944,0
boxes_cylinder_strong_noise_hard_mixed,strong_noise,2936,396,0.028047890180650906,0.02434882083074466,0.9663391711476207,60.54144296036918,-0.29105453170537054,1,0.1300310835038954,0
boxes_cylinder_strong_noise_hard_mixed,strong_noise,2940,37,0.0638546008866857,0.06354523348272068,0.543209162617779,107.64399306391756,0.08701129365637633,1,0.15640456797379534,0
boxes_cylinder_strong_noise_hard_mixed,strong_noise,2949,3315,0.026444145603922057,0.0012423905380465246,0.9934779712438724,96.90635391242836,0.5600960533290318,0,0.11206193845807622,0
boxes_cylinder_strong_noise_hard_mixed,strong_noise,2953,2221,0.07159721035152551,0.06595410692821231,0.33379357798112325,75.320603283917,0.6013390128864248,0,0.17074057897953634,0
boxes_cylinder_strong_noise_hard_mixed,strong_noise,2955,162,0.014096332867548552,0.0046803440566064915,0.9556129701045202,102.04250992381402,-0.7492359222117229,1,0.10270994391122758,0
boxes_cylinder_strong_noise_hard_mixed,strong_noise,2956,1555,0.027313138253401353,0.010822109986453155,0.028098538449351423,85.2506161015618,0.37595503236681554,1,0.12433156859639302,0
boxes_cylinder_strong_noise_hard_mixed,strong_noise,2959,2611,0.06819480939812118,0.037207049237858225,0.9311179295112151,96.08413265405848,0.0800426243402898,0,0.09843289900342102,0
boxes_cylinder_strong_noise_hard_mixed,strong_noise,2961,3147,0.08164557315562222,0.05727486354682403,0.9951718293200684,29.23475568904596,-0.02329961931194939,0,0.12759977320404572,0
boxes_cylinder_strong_noise_hard_mixed,strong_noise,2963,1482,0.0653999465985597,0.04975968028109026,0.9347509878160974,30.11315201347611,0.057854742300340184,0,0.1684809997862451,0
boxes_cylinder_strong_noise_hard_mixed,strong_noise,2964,3303,0.0615793195755919,0.05669597803790705,0.9940995444217723,117.30950471899835,0.4248826645541706,0,0.16806495882398884,0
boxes_cylinder_strong_noise_hard_mixed,strong_noise,2966,1095,0.08214376584968658,0.06279305882201974,0.4620633246119474,57.5180147015707,0.28768182245199975,0,0.17692574673461953,0
boxes_cylinder_strong_noise_hard_mixed,strong_noise,2968,1374,0.02954369757101775,0.0031900550429191585,0.2581740257352465,50.53003361666213,-0.12334161041530427,0,0.11362409577822952,0
boxes_cylinder_strong_noise_hard_mixed,strong_noise,2969,382,0.056144018555412144,0.055099689904423634,0.04715558619799773,53.231209718065216,-0.08426026742733257,0,0.19121184966789417,0
boxes_cylinder_strong_noise_hard_mixed,strong_noise,2972,1028,0.0385666765278145,0.019474506250485482,0.9094696974198865,46.21698575251155,-0.4554751628294661,0,0.18269882999814463,0
boxes_cylinder_strong_noise_hard_mixed,strong_noise,2973,2307,0.07339715079559193,0.07009111281082037,0.9985943112810841,191.3012070473582,0.09009291908276543,0,0.1276379291490692,0
boxes_cylinder_strong_noise_hard_mixed,strong_noise,2974,1649,0.08433957236196055,0.035666386557003375,0.8933498085533562,78.37394395335454,-0.006609401891430496,0,0.12956938280585428,0
boxes_cylinder_strong_noise_hard_mixed,strong_noise,2975,1983,0.03624728742541137,0.016088528512672895,0.9998070003083958,120.18715980457851,-0.3206488630355642,1,0.15660667758038826,0
boxes_cylinder_strong_noise_hard_mixed,strong_noise,2976,1752,0.08090370349415595,0.032117157241790956,0.8658461124124391,72.91563090897027,0.13315237091871673,0,0.1120313266057986,0
boxes_cylinder_strong_noise_hard_mixed,strong_noise,2977,1581,0.06340260699107243,0.04773637592402896,0.960800539307254,80.93352292047634,-0.23841075421453434,0,0.06771508822400459,1
boxes_cylinder_strong_noise_hard_mixed,strong_noise,2980,2388,0.05954488211098717,0.05625665783315385,0.9905504407868326,116.75018006817461,0.0800426243402898,0,0.06734854296263874,1
boxes_cylinder_strong_noise_hard_mixed,strong_noise,2983,754,0.055790147987702154,0.04292460547139511,0.948834243180624,74.18709251811829,0.10989555807823514,0,0.11054867603044652,0
boxes_cylinder_strong_noise_hard_mixed,strong_noise,2984,2808,0.06832387190413168,0.05676067567241417,0.8585478227381083,150.33404891367368,-0.15139945327379717,0,0.15278032775835765,0
boxes_cylinder_strong_noise_hard_mixed,strong_noise,2986,3207,0.04628426697508064,0.035166906770827254,0.41317447595529966,83.7619238567565,0.23604676091218466,0,0.20152644959567423,0
boxes_cylinder_strong_noise_hard_mixed,strong_noise,2987,1838,0.021022229958256373,0.011513891946917274,0.9661691697289839,44.81762920051846,0.2795318416462722,1,0.1380610887532128,0
boxes_cylinder_strong_noise_hard_mixed,strong_noise,2997,2841,0.04092993399731114,0.01970926819552349,0.7646727890035989,47.646789968741565,0.15624304724067192,0,0.17053076120379015,0
boxes_cylinder_strong_noise_hard_mixed,strong_noise,3002,2605,0.05922010093059263,0.041934994132231146,0.7849025931602491,63.224432962610244,-0.32542198376849957,0,0.12609231642675806,0
boxes_cylinder_strong_noise_hard_mixed,strong_noise,3003,32,0.061715006630427886,0.040474900753437286,0.9937863385261768,72.83652629208727,0.0800426243402898,0,0.10112612112453313,0
boxes_cylinder_strong_noise_hard_mixed,strong_noise,3004,2346,0.06591434309034946,0.057722421215074836,0.2922715086938703,32.266592825069,0.010050329186839261,0,0.14391416748180513,0
boxes_cylinder_strong_noise_hard_mixed,strong_noise,3005,519,0.06456167842379407,0.059868079536188584,0.30436998832638934,60.00877726985324,0.13426415646391401,0,0.18655341977509488,0
boxes_cylinder_strong_noise_hard_mixed,strong_noise,3006,3151,0.04926093069462446,0.0383230250093957,0.9351629541118742,115.35764579750791,0.06527133735787514,0,0.17391971700161948,0
boxes_cylinder_strong_noise_hard_mixed,strong_noise,3010,173,0.10744327880296319,0.10117560087710879,0.8934936279502899,88.28966307651483,0.0027510301251405128,0,0.12743035903526848,0
boxes_cylinder_strong_noise_hard_mixed,strong_noise,3011,2583,0.06586644426778591,0.0632647965950624,0.9833053513214639,166.52376823720414,0.5088028023624972,0,0.1372471669381344,0
boxes_cylinder_strong_noise_hard_mixed,strong_noise,3012,3255,0.056673363151367055,0.03988424877911177,0.9963347997382617,155.85766622879132,-0.3561934410469099,0,0.06859663643787864,1
boxes_cylinder_strong_noise_hard_mixed,strong_noise,3017,3045,0.048340636738727634,0.046487370741910394,0.29354485818220794,48.43665826397821,-0.26826375130076935,1,0.18302388018304594,0
boxes_cylinder_strong_noise_hard_mixed,strong_noise,3025,2750,0.029176125661129124,0.022418227602016696,0.5259260346978117,80.4222016419404,0.47378397472745715,0,0.1625459388769123,0
boxes_cylinder_strong_noise_hard_mixed,strong_noise,3027,878,0.03731018285318417,0.01785354511978796,0.9973260186920856,36.862992437092295,-0.030771637833434434,0,0.17660327190458486,0
boxes_cylinder_strong_noise_hard_mixed,strong_noise,3030,510,0.07618829631653178,0.07593417101793482,0.15619982824849962,69.72849790444249,0.35942562049279836,0,0.18531950278071213,0
boxes_cylinder_strong_noise_hard_mixed,strong_noise,3032,3104,0.0962290069370812,0.0940730041865776,0.7511485890641558,83.7275508804436,0.19237171764761588,0,0.13352562709720905,0
boxes_cylinder_strong_noise_hard_mixed,strong_noise,3034,315,0.02043214331372364,0.008514775171267003,0.9190893616046772,88.30090783104144,-0.05182503240361738,1,0.15551423242941648,0
boxes_cylinder_strong_noise_hard_mixed,strong_noise,3037,2821,0.032654829981441744,0.011162554355292746,0.5874476584831758,50.01731175766702,-0.23841076418602217,0,0.1689722931407245,0
boxes_cylinder_strong_noise_hard_mixed,strong_noise,3045,364,0.0327141866126057,0.0006367697475611035,0.9997151899875251,82.75149352651518,0.10642930843519079,0,0.1655347638662033,0
boxes_cylinder_strong_noise_hard_mixed,strong_noise,3049,2227,0.021333724117427722,0.009138467691570427,0.9684513434565795,37.4138559992822,-0.2154213598715607,1,0.1320385178193239,0
boxes_cylinder_strong_noise_hard_mixed,strong_noise,3051,299,0.03362609205574463,0.016797330370656165,0.9749523555264351,43.87100387070909,-0.27120058497791966,1,0.15084283271547613,0
boxes_cylinder_strong_noise_hard_mixed,strong_noise,3053,2921,0.10611506119787172,0.08512829496978672,0.9524347545881796,38.126008476089275,0.02110015193428539,0,0.08404779171180377,0
boxes_cylinder_strong_noise_hard_mixed,strong_noise,3059,591,0.025128618523403718,0.02329776136388095,0.9800989243176585,124.23464125126385,0.4547356293377922,1,0.1414714604731143,0
boxes_cylinder_strong_noise_hard_mixed,strong_noise,3060,684,0.03581905657587056,0.014648125896628028,0.2545281022281805,77.86519153925941,0.10191471440493206,0,0.13459909922532104,0
boxes_cylinder_strong_noise_hard_mixed,strong_noise,3062,1945,0.0769945037362384,0.05046614911181837,0.7226770593131748,57.886767055044025,0.32120440734796757,0,0.14372599220894564,0
boxes_cylinder_strong_noise_hard_mixed,strong_noise,3063,1390,0.1275662093923079,0.11108648765908517,0.9686825610822747,31.636513828364695,0.03187927816426699,0,0.11417592367038712,0
boxes_cylinder_strong_noise_hard_mixed,strong_noise,3065,1261,0.07428683465019788,0.07356288369316515,0.9274610483953012,54.97864856991016,0.15363091622306024,0,0.12712776713383914,0
boxes_cylinder_strong_noise_hard_mixed,strong_noise,3066,1802,0.04801453958364688,0.03581229426072527,0.15612298651478873,51.703025172067775,0.1215916113616837,0,0.12716292344908298,0
boxes_cylinder_strong_noise_hard_mixed,strong_noise,3068,1285,0.08380607462420646,0.0820919788118625,0.9544258653944314,91.4568308090684,-0.19758879225836082,0,0.07911740460155708,1
boxes_cylinder_strong_noise_hard_mixed,strong_noise,3069,2123,0.06286881695754191,0.061829248088817214,0.804499795328584,89.0532001410236,0.15245512539563405,0,0.09747861136215902,0
boxes_cylinder_strong_noise_hard_mixed,strong_noise,3070,2795,0.07365558334670703,0.06613445133368037,0.8754992613650819,96.97681356628925,0.1814426345378204,0,0.06488340091493507,1
boxes_cylinder_strong_noise_hard_mixed,strong_noise,3071,718,0.01379014141619446,0.0032704139621158885,0.9890048745027378,146.57581742104492,0.021872059615976137,1,0.14116897479303808,0
boxes_cylinder_strong_noise_hard_mixed,strong_noise,3072,2894,0.06647019168303894,0.05114568146961661,0.7444604990584796,61.41551370396873,0.23701243472742686,0,0.14450410659968044,0
boxes_cylinder_strong_noise_hard_mixed,strong_noise,3074,739,0.03008288054964173,0.022769959809546884,0.06188513714573393,78.3246975288528,0.20342159589762035,1,0.1210336596141258,0
boxes_cylinder_strong_noise_hard_mixed,strong_noise,3075,2913,0.017742164488751957,0.017333729690560663,0.30539025384378615,75.51069338809481,-0.2643863080940277,1,0.12694922520014854,0
boxes_cylinder_strong_noise_hard_mixed,strong_noise,3081,3140,0.10138079655838089,0.09723485338342383,0.999751076564184,57.16354440869893,-0.04170068106235352,0,0.04459096724240336,1
boxes_cylinder_strong_noise_hard_mixed,strong_noise,3084,1877,0.036009784267263735,0.02596848724376208,0.7417727283957893,66.24955544341319,0.1362823256176988,1,0.13615419365193424,0
boxes_cylinder_strong_noise_hard_mixed,strong_noise,3085,678,0.08310303191567582,0.0824882910099754,0.27951654498961004,91.6878027693748,0.2896561224748431,0,0.21188809611955733,0
boxes_cylinder_strong_noise_hard_mixed,strong_noise,3102,2412,0.08251592866483178,0.07359461608014288,0.978275623741043,92.61607861790726,-0.1158085625568457,1,0.11432903724118175,0
boxes_cylinder_strong_noise_hard_mixed,strong_noise,3104,2393,0.04517250582935763,0.0051531885041224915,0.8788763621645159,73.85685011101212,0.10989555807823514,0,0.1446564340079616,0
boxes_cylinder_strong_noise_hard_mixed,strong_noise,3106,2394,0.08299108030233213,0.0826245849354696,0.9985093105653704,71.10275555577371,0.26236396446783583,0,0.09186841372635943,0
boxes_cylinder_strong_noise_hard_mixed,strong_noise,3107,3262,0.0809183779732786,0.07862748720203891,0.9913333519078483,74.70841603777681,-0.7239177767283259,0,0.14847915400791262,0
boxes_cylinder_strong_noise_hard_mixed,strong_noise,3109,907,0.09604803342167448,0.0911728190373281,0.5248942814601931,85.40896714425887,-0.1614498000868537,0,0.10050803568008237,0
boxes_cylinder_strong_noise_hard_mixed,strong_noise,3112,3304,0.008900837993185692,0.007170441667792548,0.8075600863225638,53.77158076599077,0.24709655515744422,1,0.14711279828842153,0
boxes_cylinder_strong_noise_hard_mixed,strong_noise,3115,694,0.11605191215634744,0.10797526213496372,0.44704052389806914,58.171647303073144,-0.02134650120792319,0,0.22832007849949007,0
boxes_cylinder_strong_noise_hard_mixed,strong_noise,3118,340,0.0412315926602444,0.037172832569420035,0.9537362782248516,102.71522858180403,-0.21690468131385301,0,0.16718828258340965,0
boxes_cylinder_strong_noise_hard_mixed,strong_noise,3125,2387,0.03139230142865637,0.020269262804495307,0.9816282108667989,87.94433281833992,-0.43512081148047016,1,0.11078869586237872,0
boxes_cylinder_strong_noise_hard_mixed,strong_noise,3131,2412,0.10984806985970487,0.10637235176169234,0.9768110268517141,92.14208925219478,0.027292111853258756,0,0.10644293801734342,0
boxes_cylinder_strong_noise_hard_mixed,strong_noise,3133,3018,0.02862106385016252,0.0018802206351503023,0.7383382357974777,44.51226251630165,0.3101546616374039,0,0.11339709561249009,0
boxes_cylinder_strong_noise_hard_mixed,strong_noise,3142,1424,0.06152421145004919,0.02701938621146365,0.7469228499391923,49.065292040983465,0.18280223478630203,0,0.12660693644776122,0
boxes_cylinder_strong_noise_hard_mixed,strong_noise,3146,2210,0.056844671519027876,0.02464465313345613,0.9139748481950648,29.0655861788573,-0.1177829523231092,0,0.06429833173193283,1
boxes_cylinder_strong_noise_hard_mixed,strong_noise,3149,2356,0.030552546800616878,0.021385560477972625,0.8869772955139568,64.79133192634703,0.16705395966325998,1,0.1184758669780247,0
boxes_cylinder_strong_noise_hard_mixed,strong_noise,3155,1992,0.04888140798951027,0.04869806963673961,0.5190931175612269,60.6638446807203,-0.6197780355495083,0,0.1846529634515048,0
boxes_cylinder_strong_noise_hard_mixed,strong_noise,3156,491,0.03810597914475067,0.03043106534162639,0.08097219836666164,95.23503448949079,0.38327690769240436,0,0.17103662973407738,0
boxes_cylinder_strong_noise_hard_mixed,strong_noise,3158,1216,0.0500326792587534,0.04581490291534392,0.934332241530933,77.33174898521483,-0.1250821995667202,1,0.09468114471970429,0
boxes_cylinder_strong_noise_hard_mixed,strong_noise,3159,1481,0.03832562670170961,0.02930289521094136,0.8454372455916133,110.58322674899856,0.22589434572531444,1,0.14941944421082218,0
boxes_cylinder_strong_noise_hard_mixed,strong_noise,3160,1313,0.12305811428472616,0.09131059111501391,0.9647713541301964,27.492304469354373,0.058840442880131766,0,0.10386257316069478,0
boxes_cylinder_strong_noise_hard_mixed,strong_noise,3162,2430,0.036390879707952975,0.031770056976513424,0.9691108685485943,109.29165125107157,-0.26140036513704723,0,0.1472058322795987,0
boxes_cylinder_strong_noise_hard_mixed,strong_noise,3163,1244,0.02190869149437279,0.019280743414898535,0.045515993090393086,87.23693243377264,-0.41609188866718416,1,0.14456942530595845,0
boxes_cylinder_strong_noise_hard_mixed,strong_noise,3166,2393,0.08492197741056498,0.07942528719684004,0.9040917896072691,65.26433995175452,-0.08426024837975238,0,0.10991501530337491,0
boxes_cylinder_strong_noise_hard_mixed,strong_noise,3167,2823,0.031635989602147106,0.02012042315550056,0.7416980346147161,87.7600280454191,-0.06778546400660063,0,0.13832809692664783,0
boxes_cylinder_strong_noise_hard_mixed,strong_noise,3169,5,0.06397530167675776,0.06087894267485773,0.8959505606124847,137.3059915874244,-0.12062784889988598,1,0.08869558259573333,0
boxes_cylinder_strong_noise_hard_mixed,strong_noise,3171,523,0.12944868321006453,0.10074528741913565,0.9844659761337973,48.06524169255384,0.04927098948304516,0,0.044662539746185344,1
boxes_cylinder_strong_noise_hard_mixed,strong_noise,3173,2684,0.04155234108584844,0.036719598493003935,0.9604606184888927,131.85621873265418,-0.37194212321261133,0,0.12787066477061296,0
boxes_cylinder_strong_noise_hard_mixed,strong_noise,3177,3304,0.08081396632512063,0.06680667976364037,0.8909046871991625,37.91981105843385,-0.15836812987424456,0,0.15720512861345448,0
boxes_cylinder_strong_noise_hard_mixed,strong_noise,3180,1074,0.02385272929306055,0.017535880988782733,0.07757143838692063,53.66787412170639,-0.172452944434704,1,0.16048723083779215,0
boxes_cylinder_strong_noise_hard_mixed,strong_noise,3182,1288,0.021954294084615675,0.021200878870887653,0.9164309137818677,64.16526769853999,0.056388476046192765,1,0.1278648485918842,0
boxes_cylinder_strong_noise_hard_mixed,strong_noise,3184,2619,0.14215713447994513,0.1382103948371583,0.9172487652790045,56.98645003768874,-0.3561936470648262,0,0.11920784899678342,0
boxes_cylinder_strong_noise_hard_mixed,strong_noise,3187,1128,0.0422656458592658,0.027828225509121177,0.0965697363676587,68.45467567566917,-0.08426026742733257,0,0.20230446666820429,0
boxes_cylinder_strong_noise_hard_mixed,strong_noise,3188,694,0.07679193764092802,0.07152223867909156,0.4852393182373289,58.11938740065101,-0.07135688050682122,0,0.21693110206098887,0
boxes_cylinder_strong_noise_hard_mixed,strong_noise,3198,588,0.10081079706082297,0.09936224551092268,0.7849552791255653,103.77065412262394,-0.6903949718654598,0,0.11101682073500273,0
boxes_cylinder_strong_noise_hard_mixed,strong_noise,3199,933,0.06324752042115755,0.04450103823617669,0.6318767575920935,64.22483778783109,0.5206936452166742,0,0.10916707288539425,0
boxes_cylinder_strong_noise_hard_mixed,strong_noise,3205,2802,0.09907496210687339,0.09695598192578278,0.9921047537041479,74.09680256384807,0.34937525812421205,0,0.12147176809047186,0
boxes_cylinder_strong_noise_hard_mixed,strong_noise,3207,3249,0.09145767692211407,0.08712063834091521,0.9557090940181892,75.7106646970576,0.18280223478630203,0,0.11279612767135262,0
boxes_cylinder_strong_noise_hard_mixed,strong_noise,3210,3011,0.05846109549362919,0.053619363770940766,0.965976075089347,107.74525076241036,-0.20204316366588848,1,0.11796090251435369,0
boxes_cylinder_strong_noise_hard_mixed,strong_noise,3213,3088,0.16158006130117536,0.15968083021681492,0.9901793157484111,67.91467180069789,-0.4207320135730605,0,0.109092542485451,0
boxes_cylinder_strong_noise_hard_mixed,strong_noise,3217,1867,0.052847629056863,0.03249471408843718,0.508842813307597,51.76692048711613,0.03602577383577466,0,0.16082083309304293,0
boxes_cylinder_strong_noise_hard_mixed,strong_noise,3222,2018,0.03273611419665195,0.019105858817216832,0.9405600941946086,71.01622189030573,0.1053604489912019,1,0.16129822403830543,0
boxes_cylinder_strong_noise_hard_mixed,strong_noise,3223,21,0.022137405196587728,0.013400831959372453,0.48163147237210274,70.30077575214442,-0.16695188449496545,1,0.14394981336939763,0
boxes_cylinder_strong_noise_hard_mixed,strong_noise,3224,2021,0.05832142333878399,0.016454528326174715,0.6897588449169416,77.04903790289191,0.0918305642409033,0,0.13845440004559395,0
boxes_cylinder_strong_noise_hard_mixed,strong_noise,3225,373,0.10230926643164871,0.08985065776185835,0.9781757953494719,105.34777126347433,0.22589434572531444,0,0.13682267416608201,0
boxes_cylinder_strong_noise_hard_mixed,strong_noise,3227,723,0.05936997438293068,0.034684837012333276,0.9018586313193969,97.96132133969684,0.12260219165768867,0,0.17652500947292865,0
boxes_cylinder_strong_noise_hard_mixed,strong_noise,3228,1572,0.17772021694646417,0.17693718791471505,0.9739578568207801,118.48361701861698,-0.13997081593359953,0,0.1215408494958758,0
boxes_cylinder_strong_noise_hard_mixed,strong_noise,3235,916,0.05149289469478915,0.020683201920843098,0.9774913983935551,123.54733561783803,-0.18711744747892511,1,0.09592348633233201,0
boxes_cylinder_strong_noise_hard_mixed,strong_noise,3238,2441,0.16533605017057568,0.160748738574106,0.8196197905881151,140.52715713717885,-0.5406910845774889,0,0.05716164760332774,1
boxes_cylinder_strong_noise_hard_mixed,strong_noise,3241,2999,0.024103520274888737,0.0017815133456789488,0.3388261353812971,61.34123872390185,0.17774923719800162,1,0.1553414961527493,0
boxes_cylinder_strong_noise_hard_mixed,strong_noise,3245,3271,0.024807128733472218,0.020966265029502794,0.6644807195491146,115.95101966514292,0.45473570473445235,1,0.11677892056474379,0
boxes_cylinder_strong_noise_hard_mixed,strong_noise,3250,3236,0.10231658293764737,0.09893985518454675,0.9796891641592198,90.13411819316211,0.1814426345378204,0,0.10412934816725403,0
boxes_cylinder_strong_noise_hard_mixed,strong_noise,3251,2991,0.06927704748019267,0.06439559318268943,0.7749725742543466,121.15950369824014,0.037842309296063546,0,0.09348523727146278,0
boxes_cylinder_strong_noise_hard_mixed,strong_noise,3253,447,0.04695531521366832,0.04692208170028078,0.4752733266538675,66.70284712012446,0.127048658813038,0,0.13037476041869447,0
boxes_cylinder_strong_noise_hard_mixed,strong_noise,3254,1143,0.09188847897915525,0.0871326902660955,0.9883323263655621,139.56736900232747,0.194452867410028,0,0.14228861686196578,0
boxes_cylinder_strong_noise_hard_mixed,strong_noise,3256,2002,0.08780729527910634,0.08405588206734609,0.9687220921588618,48.257738478007546,-0.06851191836263172,0,0.10605804613464491,0
boxes_cylinder_strong_noise_hard_mixed,strong_noise,3260,1511,0.07312606374610627,0.062168495627686816,0.9604053809698573,108.93035734739541,0.0027510301251405128,0,0.062227275351892514,1
boxes_cylinder_strong_noise_hard_mixed,strong_noise,3261,2051,0.07104831152216616,0.03644208554444291,0.23667906441002007,52.84543335690435,-0.8625640610914095,1,0.2233143352402026,0
boxes_cylinder_strong_noise_hard_mixed,strong_noise,3262,896,0.020602820769543555,0.013423544775474873,0.9374837613026599,78.5734028152424,0.0008186650457932273,1,0.16336527008660776,0
boxes_cylinder_strong_noise_hard_mixed,strong_noise,3266,633,0.12166574454743961,0.1033540459136484,0.89723181460839,81.60022642319834,0.10333817573523477,0,0.06014119072721788,1
boxes_cylinder_strong_noise_hard_mixed,strong_noise,3267,2824,0.1291889372626782,0.12747674896471892,0.9857352772418767,72.50315451203925,0.0800426243402898,0,0.032114573629185156,1
boxes_cylinder_strong_noise_hard_mixed,strong_noise,3270,1103,0.04689646788338864,0.040878803818023404,0.9909897277479157,134.22680968901403,-0.04916896920882928,1,0.1405021607249901,0
boxes_cylinder_strong_noise_hard_mixed,strong_noise,3272,1944,0.1084429628573057,0.10124409332106589,0.9976104497664838,126.38917317862054,0.39411103713738543,0,0.11293490319461541,0
boxes_cylinder_strong_noise_hard_mixed,strong_noise,3276,2489,0.07064558077928267,0.049743266448081476,0.7523168473420425,87.85134882123849,-0.23841079763876127,0,0.15931334101662037,0
boxes_cylinder_strong_noise_hard_mixed,strong_noise,3278,3117,0.07485856834775531,0.059431000175496296,0.5857126269226992,65.37756303174992,0.19237171764761588,0,0.08480595044078282,0
boxes_cylinder_strong_noise_hard_mixed,strong_noise,3284,3203,0.02460607952492448,0.005106037139049169,0.7652725320669049,57.658152147099734,0.37777481301610166,1,0.15892935228433702,0
boxes_cylinder_strong_noise_hard_mixed,strong_noise,3285,2682,0.04607687845517829,0.03473187302569257,0.997594265535523,69.50868694611876,-0.6178994751117017,1,0.11425554469442774,0
boxes_cylinder_strong_noise_hard_mixed,strong_noise,3286,3094,0.006608365566592225,0.0014052158752165121,0.049908954823675744,43.22368981885453,-0.05182503240361738,1,0.1302787920350935,0
boxes_cylinder_strong_noise_hard_mixed,strong_noise,3288,1886,0.06748276876692337,0.06252650414196095,0.8887142849622921,61.22438024898056,-0.07934625477886888,1,0.10768423747171012,0
boxes_cylinder_strong_noise_hard_mixed,strong_noise,3289,7,0.06916942421175065,0.056725729604172395,0.6651685365566656,60.92415483531356,-0.003571429631621186,0,0.12190935979799711,0
boxes_cylinder_strong_noise_hard_mixed,strong_noise,3293,211,0.03119809320794863,0.027630210042993656,0.9423342026030496,44.980243835141145,-0.39256134612972843,1,0.11925226928546294,0
boxes_cylinder_strong_noise_hard_mixed,strong_noise,3298,1472,0.06963426414205515,0.05553211159286869,0.9708474060739687,81.83967475675405,-0.2384107734452614,0,0.12975970816128615,0
boxes_cylinder_strong_noise_hard_mixed,strong_noise,3300,573,0.08839833649914587,0.08040495615254253,0.9925039306750434,42.33680345361175,0.167053884663406,0,0.04933020761853693,1
boxes_cylinder_strong_noise_hard_mixed,strong_noise,3306,1973,0.059448251650531546,0.047020974920633556,0.9579430901802221,115.22053085300956,0.6683096539337176,0,0.19793465675244962,0
boxes_cylinder_strong_noise_hard_mixed,strong_noise,3308,2738,0.026283937030967614,0.01509148261932785,0.9953948416570602,43.550979853372965,-0.015267462130795053,1,0.12066020690897042,0
boxes_cylinder_strong_noise_hard_mixed,strong_noise,3309,1385,0.10154405975450884,0.0955658950001992,0.9922259031129174,60.298126789303716,-0.47021209927206525,0,0.08126909126304507,0
boxes_cylinder_strong_noise_hard_mixed,strong_noise,3321,114,0.11370078755889647,0.10233406231302995,0.8638505440147815,114.52538138198295,-0.18962058784738453,0,0.1440863444278189,0
boxes_cylinder_strong_noise_hard_mixed,strong_noise,3323,2942,0.03078718362188862,0.004657471677248243,0.9974497444487069,147.2920676084468,-0.12334161041530427,1,0.13367629157734073,0
boxes_cylinder_strong_noise_hard_mixed,strong_noise,3324,1020,0.07331203679367025,0.04777294787636077,0.9416639225592276,68.33058083400945,-0.6240726030818556,0,0.09399939813383434,0
boxes_cylinder_strong_noise_hard_mixed,strong_noise,3325,2058,0.03928078665454921,0.02868901645439792,0.3694323072331581,79.67662221997641,0.5579199099746484,1,0.16107335586110522,0
boxes_cylinder_strong_noise_hard_mixed,strong_noise,3326,998,0.05794574003821017,0.05234983497614035,0.9741790176281092,105.74220389980836,0.12623196680969817,0,0.04539843804051881,1
boxes_cylinder_strong_noise_hard_mixed,strong_noise,3328,905,0.028556778144673344,0.015799082485521306,0.5543622688551983,61.587713633910084,0.3101546616374039,1,0.155875394292685,0
boxes_cylinder_strong_noise_hard_mixed,strong_noise,3334,2855,0.0970772199375198,0.09317154288462416,0.981356332325148,35.34415039338531,-0.07135685136935178,0,0.0901393549418517,0
boxes_cylinder_strong_noise_hard_mixed,strong_noise,3336,2199,0.08907233872860866,0.05283010701149869,0.9675096509372543,56.744765919498164,0.3872945133268368,0,0.047253174301861794,1
boxes_cylinder_strong_noise_hard_mixed,strong_noise,3338,2600,0.07660674965066984,0.06969378224080001,0.9962841091891308,110.58242639592443,0.0717438230407528,0,0.1251596375763382,0
boxes_cylinder_strong_noise_hard_mixed,strong_noise,3340,1000,0.029391890867535717,0.0173509775228697,0.9970031301615545,146.67298067739418,0.36772433568141605,1,0.15183622913219397,0
boxes_cylinder_strong_noise_hard_mixed,strong_noise,3341,1332,0.17324038102315029,0.16766847880100536,0.9984105162860557,107.5405820540885,0.07524643621989079,0,0.0815212754286665,0
boxes_cylinder_strong_noise_hard_mixed,strong_noise,3342,419,0.07178509732196342,0.0658278007336957,0.28595785352732633,81.61010236712637,0.008449045736536627,0,0.19852692724987459,0
boxes_cylinder_strong_noise_hard_mixed,strong_noise,3350,1430,0.1284255765759392,0.12342566934519944,0.9841283120845568,84.21892717264133,-0.1250821995667202,0,0.12807384541016772,0
boxes_cylinder_strong_noise_hard_mixed,strong_noise,3354,1622,0.03371160723594436,0.025909946293663427,0.9084704038103537,33.20620437448991,-0.18840046465905638,1,0.10031800563094372,0
boxes_cylinder_strong_noise_hard_mixed,strong_noise,3356,2097,0.04220266443174822,0.014818702406510901,0.885889859794258,99.60987702775247,-0.2838732078578005,0,0.18165134355231577,0
boxes_cylinder_strong_noise_hard_mixed,strong_noise,3357,597,0.06730277738912332,0.06618128794880906,0.9898948996169263,81.79744405458563,0.03352263846730058,1,0.08396604180622066,0
boxes_cylinder_strong_noise_hard_mixed,strong_noise,3358,3245,0.05606851031706502,0.053144419402071874,0.9707984691417926,156.97339753125922,-0.2130930571274931,0,0.13287743860649237,0
boxes_cylinder_strong_noise_hard_mixed,strong_noise,3362,1447,0.11069089192674583,0.10745451978927255,0.8079372215073073,91.70613881778375,-0.2828624164511006,0,0.1237849139681001,0
boxes_cylinder_strong_noise_hard_mixed,strong_noise,3364,2629,0.0712595398314642,0.06695734611874822,0.8767321579687009,108.71046712680128,-0.007887357207901067,0,0.132915371177913,0
boxes_cylinder_strong_noise_hard_mixed,strong_noise,3365,81,0.055943214522593834,0.05221538307119862,0.32547270809285667,65.68239393225937,0.33410783366233704,0,0.20341814214344192,0
boxes_cylinder_strong_noise_hard_mixed,strong_noise,3368,2601,0.11755884923249842,0.11364985191293177,0.9961445808891171,48.49336647468135,0.21357374315580144,0,0.10180817919173925,0
boxes_cylinder_strong_noise_hard_mixed,strong_noise,3371,558,0.05213167507163755,0.0465467704612602,0.985659393246366,100.28609152689776,-0.12062784889988598,0,0.10144181888393673,0
boxes_cylinder_strong_noise_hard_mixed,strong_noise,3376,2514,0.027304279575041255,0.006142746097894539,0.9026595714317096,102.6481344069414,-0.0007393710988357712,0,0.17399997078869112,0
boxes_cylinder_strong_noise_hard_mixed,strong_noise,3378,127,0.06546473319789725,0.049415973376849935,0.9860752957825782,38.33968716985811,0.07396359980858805,0,0.09378936043967051,0
boxes_cylinder_strong_noise_hard_mixed,strong_noise,3380,2216,0.08095470187707991,0.07752018551756522,0.9999908860472758,97.40357311141338,0.09806111603345367,0,0.11109524822803774,0
boxes_cylinder_strong_noise_hard_mixed,strong_noise,3381,2091,0.07447555528312498,0.06897053391671329,0.10946874336410826,88.07410690073016,-0.23841081756282398,0,0.1964011467343778,0
boxes_cylinder_strong_noise_hard_mixed,strong_noise,3382,2341,0.03689510528098168,0.020428298407460646,0.996385547858171,78.47784837731027,-0.08999092039579712,0,0.133381501096627,0
boxes_cylinder_strong_noise_hard_mixed,strong_noise,3383,153,0.04382798088206779,0.035665653493318114,0.9762496958367766,81.53965956098504,-0.08078202588779172,1,0.15046949476243773,0
boxes_cylinder_strong_noise_hard_mixed,strong_noise,3384,324,0.022889216758317236,0.015624391941659009,0.665954628459942,51.67443679605317,-0.31439669614838495,1,0.16115538023446618,0
boxes_cylinder_strong_noise_hard_mixed,strong_noise,3386,1989,0.11005017831525926,0.07596209474150963,0.9940929942299421,32.16251777348939,0.18029913983440315,0,0.05737953808645103,1
boxes_cylinder_strong_noise_hard_mixed,strong_noise,3391,2079,0.07824992625783261,0.0774466830540254,0.9948936747800421,88.69728144889774,0.04927099692350448,1,0.05166052367450845,1
boxes_cylinder_strong_noise_hard_mixed,strong_noise,3393,1521,0.11676392720274055,0.039842049826486696,0.6900919667943832,87.10158275648388,-0.015267447130829368,0,0.12892437515333682,0
boxes_cylinder_strong_noise_hard_mixed,strong_noise,3394,1821,0.11678111098450757,0.11417452110096404,0.96781724639606,116.66498360264613,-0.27923268296565773,0,0.051756559124094915,1
boxes_cylinder_strong_noise_hard_mixed,strong_noise,3400,1927,0.052593173142154004,0.01658172779465249,0.9525533650073594,65.07145352953765,-0.32542198376849957,0,0.15242272837218826,0
boxes_cylinder_strong_noise_hard_mixed,strong_noise,3404,2234,0.04427487080600736,0.019610550772161294,0.5312708295194917,48.55887683754921,-0.30436879442841325,0,0.06668654849594077,1
boxes_cylinder_strong_noise_hard_mixed,strong_noise,3407,344,0.05990469673578785,0.04986502795107349,0.5906605023339271,97.52711538216612,0.34351012417237053,0,0.19990205525228943,0
boxes_cylinder_strong_noise_hard_mixed,strong_noise,3409,637,0.05632993158444036,0.04263391613166897,0.08823098113126715,62.3873056867152,0.13426415646391401,0,0.12346486344356149,0
boxes_cylinder_strong_noise_hard_mixed,strong_noise,3412,7,0.10957323901999218,0.1094853432234616,0.7349939148282215,59.37999590648565,-0.1271852846196882,0,0.07414983803946106,1
boxes_cylinder_strong_noise_hard_mixed,strong_noise,3415,2007,0.0697117853498697,0.06700023564598155,0.4808040301120299,39.3061894462939,-0.029319207596103174,0,0.12414855268693008,0
boxes_cylinder_strong_noise_hard_mixed,strong_noise,3423,1558,0.00826250893475685,7.284733901386062e-05,0.2778989556542782,62.52593051459984,-0.40349049286819016,1,0.11072059593856953,0
boxes_cylinder_strong_noise_hard_mixed,strong_noise,3426,2764,0.06980384729744323,0.06599036911517157,0.6254546396600044,62.0249679455712,-0.6658545034897744,0,0.21562646358907467,0
boxes_cylinder_strong_noise_hard_mixed,strong_noise,3427,2557,0.04932564174030921,0.02767660848892645,0.9810001913669696,54.04274010384578,-0.15385350823103103,0,0.16708906224263584,0
boxes_cylinder_strong_noise_hard_mixed,strong_noise,3431,2693,0.01799457930091886,0.012750599682531255,0.827193528529996,58.85962206992768,0.5963861663851457,1,0.14815890611655702,0
boxes_cylinder_strong_noise_hard_mixed,strong_noise,3432,262,0.05937511277457147,0.0436722493935135,0.4373606241968001,141.23786513193346,0.194452867410028,1,0.1374742247582343,0
boxes_cylinder_strong_noise_hard_mixed,strong_noise,3434,638,0.03251718075477604,0.01106734031419981,0.43459373633398213,29.59483229144545,0.06169353011647544,1,0.13030461906974186,0
boxes_cylinder_strong_noise_hard_mixed,strong_noise,3435,2224,0.10450936343965093,0.09216350018700918,0.9887214854243735,80.27186099313072,-0.015267455464140078,0,0.10304253935133813,0
boxes_cylinder_strong_noise_hard_mixed,strong_noise,3437,437,0.09639570959509358,0.09073765873131016,0.9887154325208329,73.77089481206737,0.14295640939083312,0,0.07100739766388454,1
boxes_cylinder_strong_noise_hard_mixed,strong_noise,3439,2154,0.05904093381338688,0.0568732041717121,0.9342166459788162,58.01599778326969,-0.3307840437660407,0,0.1296287405391743,0
boxes_cylinder_strong_noise_hard_mixed,strong_noise,3444,981,0.06398508922069722,0.051232134643493396,0.9352916412563149,122.5334430404166,-0.31537170754449706,0,0.1263236303900583,0
boxes_cylinder_strong_noise_hard_mixed,strong_noise,3446,1986,0.06295814918246193,0.05975245174261972,0.9958399449289032,88.3755437055377,0.39411103713738543,1,0.13087896482066472,0
boxes_cylinder_strong_noise_hard_mixed,strong_noise,3449,52,0.12899021331044608,0.10688069191790003,0.6768987182691959,50.26770273179371,-0.12062784889988598,0,0.12173333038823181,0
boxes_cylinder_strong_noise_hard_mixed,strong_noise,3450,3168,0.11218747646213652,0.11132208722800495,0.9870707722490774,129.54799779579605,-0.34377100577032677,0,0.10425006630093832,0
boxes_cylinder_strong_noise_hard_mixed,strong_noise,3458,1826,0.1130628839206858,0.10975117079925548,0.8738411782100088,55.0016362723901,-0.23841078206593336,0,0.09019103158854308,0
boxes_cylinder_strong_noise_hard_mixed,strong_noise,3463,207,0.08242626048180855,0.07794500613319191,0.9686952622741504,125.58298603790324,0.04927099692350448,0,0.11245430178561826,0
boxes_cylinder_strong_noise_hard_mixed,strong_noise,3464,1125,0.04672577551622794,0.0037165847892620257,0.42441891676966226,49.20772442246394,-0.12334161041530427,0,0.1312614513793515,0
boxes_cylinder_strong_noise_hard_mixed,strong_noise,3465,1671,0.10338051644605184,0.06315981534594765,0.8424158692707776,74.54013654108923,0.1510535697378159,0,0.12304427081620842,0
boxes_cylinder_strong_noise_hard_mixed,strong_noise,3471,1940,0.06943424859131962,0.057662682575294257,0.99947128371392,120.68764183437425,0.037842309296063546,0,0.14468254485937565,0
boxes_cylinder_strong_noise_hard_mixed,strong_noise,3476,1889,0.07920676817352142,0.06240287195921382,0.9981938563549925,128.87095739097012,-0.07135685136935178,0,0.17165485176366543,0
boxes_cylinder_strong_noise_hard_mixed,strong_noise,3477,2944,0.08886465458741714,0.08466368941947373,0.9986098398047153,61.00772902394474,-0.1330503707502762,0,0.13289300653916816,0
boxes_cylinder_strong_noise_hard_mixed,strong_noise,3478,1974,0.08559841387356044,0.08521052601761707,0.9919186059950147,43.60575741485441,-0.08812875565655005,0,0.07332228284333091,1
boxes_cylinder_strong_noise_hard_mixed,strong_noise,3479,55,0.049211835812944825,0.03790155080482341,0.9349819239806525,93.76486037228881,-0.1991900810612124,1,0.12812551295883118,0
boxes_cylinder_strong_noise_hard_mixed,strong_noise,3480,2719,0.03616018427301901,0.02367545000003222,0.14614149596829462,75.37860081977458,-0.31439669614838495,1,0.12249048755406419,0
boxes_cylinder_strong_noise_hard_mixed,strong_noise,3483,2544,0.08546076052751182,0.08364817500186808,0.9190386912088434,90.17243875510361,0.04927100271052984,0,0.1145609540881374,0
boxes_cylinder_strong_noise_hard_mixed,strong_noise,3485,3232,0.04798555729647109,0.044384398620533144,0.6547745464253233,82.25765569219399,-0.10919918851681422,0,0.17802221203208093,0
boxes_cylinder_strong_noise_hard_mixed,strong_noise,3489,2090,0.03248470696555991,0.02609599542991377,0.36415092475230193,80.76185248252317,-0.17957036844384391,1,0.17529380755111978,0
boxes_cylinder_strong_noise_hard_mixed,strong_noise,3492,894,0.04339170851835815,0.03597965089334931,0.903492332827069,99.1824474816134,-0.1002605834111178,0,0.10650734096602682,0
boxes_cylinder_strong_noise_hard_mixed,strong_noise,3495,1306,0.026254382368004415,0.009678000859796317,0.3640211904066845,76.24473387308039,0.6088863428949994,1,0.16335260671785212,0
boxes_cylinder_strong_noise_hard_mixed,strong_noise,3498,2612,0.010071430508309841,0.00355769176680709,0.044710906220953535,66.95763529843921,0.09372274109018626,1,0.1457267681481105,0
boxes_cylinder_strong_noise_hard_mixed,strong_noise,3499,2784,0.07530008606312638,0.06354857292450287,0.6232168950380877,78.03847462989911,0.11441024306973828,0,0.10355504107493033,0
boxes_cylinder_strong_noise_hard_mixed,strong_noise,3510,633,0.04386757629354299,0.0012969928692814791,0.3148092636665682,79.95030593614564,0.07666995212389187,0,0.15739794119540046,0
boxes_cylinder_strong_noise_hard_mixed,strong_noise,3513,1355,0.11909370457105913,0.11797457906880546,0.9558610819045731,64.58980839055126,-0.06405755439556331,0,0.10099990295531334,0
boxes_cylinder_strong_noise_hard_mixed,strong_noise,3519,1952,0.035022735589972306,0.022440498799869535,0.8415545435731319,61.75998751495173,0.2163249804066547,1,0.14537624935432567,0
boxes_cylinder_strong_noise_hard_mixed,strong_noise,3522,3255,0.08193429720196443,0.06822784877743329,0.9928501775695314,154.6060121567023,-0.29556894055376154,0,0.05744125631386901,1
boxes_cylinder_strong_noise_hard_mixed,strong_noise,3523,0,0.04217037769412127,0.02397681549586756,0.5143644052225015,62.98556176670489,0.0831725291308015,1,0.17367736951742002,0
boxes_cylinder_strong_noise_hard_mixed,strong_noise,3524,1838,0.052533349383395274,0.04182813383865175,0.9266030277766986,40.71952164119537,0.23604676091218466,0,0.11199431811231414,0
boxes_cylinder_strong_noise_hard_mixed,strong_noise,3527,3171,0.04058103585041914,0.03658905426462758,0.954241073612693,71.59440242576213,0.13888306722042146,1,0.09037168113213485,0
boxes_cylinder_strong_noise_hard_mixed,strong_noise,3531,968,0.023091716847896366,0.017075798910561858,0.31925770445753204,66.26226707207879,0.3095539601928605,1,0.13421872324896367,0
boxes_cylinder_strong_noise_hard_mixed,strong_noise,3534,1742,0.05743681133906008,0.050596881091562476,0.5734938294137877,56.66205743764938,-0.5748825386385695,0,0.1625205812770212,0
boxes_cylinder_strong_noise_hard_mixed,strong_noise,3540,2461,0.09629843798910313,0.09087297063949239,0.9457871358730444,65.79584122971377,-0.2384107734452614,0,0.04563970749510454,1
boxes_cylinder_strong_noise_hard_mixed,strong_noise,3541,3268,0.04595103256415165,0.025698366504276718,0.3413443466450766,43.756941902428274,-0.11057751375346798,1,0.15027016020189413,0
boxes_cylinder_strong_noise_hard_mixed,strong_noise,3542,3233,0.080244856729572,0.07848467538757653,0.9589705578251381,111.68353584239703,-0.2776314165986506,0,0.06062214096453621,1
boxes_cylinder_strong_noise_hard_mixed,strong_noise,3543,1825,0.10013481928463298,0.07973835748050231,0.9789076106876393,60.52335311332227,-0.09531007980442978,0,0.1368703680758361,0
boxes_cylinder_strong_noise_hard_mixed,strong_noise,3546,2917,0.06178364130611129,0.0576121158537633,0.9525799919417954,143.58578596135774,-0.19395900791006832,1,0.10628551526142616,0
boxes_cylinder_strong_noise_hard_mixed,strong_noise,3553,2092,0.06694684014130031,0.04586945911107643,0.9506458872192742,68.11988693700438,0.02395321025330158,0,0.09758349920741873,0
boxes_cylinder_strong_noise_hard_mixed,strong_noise,3565,1649,0.051959948391605844,0.03914596923604227,0.7758499619850094,52.2217724497436,0.23701243472742686,0,0.14315383338189147,0
boxes_cylinder_strong_noise_hard_mixed,strong_noise,3566,3227,0.10521494907134463,0.10150656002366265,0.9687674756013301,113.57388458344003,-0.10487949391589256,0,0.12303683624375682,0
boxes_cylinder_strong_noise_hard_mixed,strong_noise,3569,2775,0.04121146471745979,0.039353454424459026,0.8914687378689674,147.30626291513715,-0.21431332029810102,0,0.1466470497955376,0
boxes_cylinder_strong_noise_hard_mixed,strong_noise,3572,3140,0.15615770571282123,0.14721743276880017,0.7145398420406359,67.72046085497543,-0.07806828158248706,0,0.04337585407781582,1
boxes_cylinder_strong_noise_hard_mixed,strong_noise,3574,1332,0.0693822638515111,0.06037511172570985,0.975906735698447,92.93365970773161,0.28288556301763984,1,0.06259079933120368,1
boxes_cylinder_strong_noise_hard_mixed,strong_noise,3579,246,0.06423275668627962,0.06361657050490643,0.9155298404848282,91.96872976709011,-0.340193377893532,0,0.09504930671742264,0
boxes_cylinder_strong_noise_hard_mixed,strong_noise,3585,2858,0.08778660615990529,0.08223610635800918,0.5847926778331894,65.45879180619136,-0.35173931732386987,0,0.1580438045399358,0
boxes_cylinder_strong_noise_hard_mixed,strong_noise,3587,1919,0.1388596633878953,0.12200968762031089,0.9124078061477223,40.35430961985838,-0.07135685136935178,0,0.1328953477212984,0
boxes_cylinder_strong_noise_hard_mixed,strong_noise,3590,1660,0.03988358606923671,0.018953680117742223,0.871488221543655,61.064534775564184,0.21357386220308727,0,0.10706258479627317,0
boxes_cylinder_strong_noise_hard_mixed,strong_noise,3596,505,0.07654978600435582,0.0712289477688407,0.9075972146681507,99.24816316993976,-0.5385149288591967,0,0.11512571314564463,0
boxes_cylinder_strong_noise_hard_mixed,strong_noise,3599,19,0.07415391918818352,0.06270760404265392,0.9534501551966383,72.26470107291185,0.2315923370510506,1,0.0954986627203109,0
boxes_cylinder_strong_noise_hard_mixed,strong_noise,3600,44,0.058848696468891154,0.04307571150039022,0.9800556413861673,98.60828296597687,0.08436226865396826,0,0.135754930238329,0
boxes_cylinder_strong_noise_hard_mixed,strong_noise,3604,1527,0.025371026544961046,0.021347814511510653,0.8869032760952069,58.81783956689181,0.6408378775726398,0,0.15606250059169927,0
boxes_cylinder_strong_noise_hard_mixed,strong_noise,3605,1890,0.09403778054046902,0.08994963094193743,0.8417429447222431,149.37979024403177,-0.02483689201144715,0,0.13727824752318496,0
boxes_cylinder_strong_noise_hard_mixed,strong_noise,3606,2046,0.067646164516092,0.04331933778644617,0.1077292612024176,60.70231802615791,-0.11324777656951902,0,0.19898124029554815,0
boxes_cylinder_strong_noise_hard_mixed,strong_noise,3607,1324,0.02412132457809069,0.019081427247548258,0.819841917762774,123.2156330237239,-0.08426024837975238,1,0.09568897484229237,0
boxes_cylinder_strong_noise_hard_mixed,strong_noise,3608,2286,0.01659330475118463,0.011860176585441567,0.32921781772785963,41.59179960170638,-0.17387233772424962,1,0.1665102965886109,0
boxes_cylinder_strong_noise_hard_mixed,strong_noise,3611,2402,0.10511881562042032,0.08927356095554012,0.9268889502845411,31.47944020574357,0.15690159878983168,0,0.08848285019185906,0
boxes_cylinder_strong_noise_hard_mixed,strong_noise,3612,678,0.03712158091384347,0.0274922532137151,0.35464850054282665,86.68301026516582,0.0918305642409033,0,0.18078943708220369,0
boxes_cylinder_strong_noise_hard_mixed,strong_noise,3613,2681,0.04863384125187438,0.04749941254929562,0.6175300906839485,69.87050052393282,-0.030771627416785286,1,0.1813542192868625,0
boxes_cylinder_strong_noise_hard_mixed,strong_noise,3615,1096,0.13517693250403812,0.13492134721249965,0.8603548051615958,96.80688938913731,0.27241425587698614,0,0.13208633783064597,0
boxes_cylinder_strong_noise_hard_mixed,strong_noise,3618,1863,0.03582874231626176,0.027047837833627283,0.9795353412719712,48.38817342536431,0.08249664099126143,0,0.1364318015521001,0
boxes_cylinder_strong_noise_hard_mixed,strong_noise,3620,2743,0.03487734279253583,0.0018025156301165334,0.07195576701230494,52.27970822810722,-0.3254221921014293,1,0.11343981550553292,0
boxes_cylinder_strong_noise_hard_mixed,strong_noise,3624,1115,0.01779098568772788,0.004937525717597122,0.8054614049895106,63.453396371132406,-0.36202471564247923,1,0.14626609568511506,0
boxes_cylinder_strong_noise_hard_mixed,strong_noise,3626,1215,0.06276505435387,0.059276058160728895,0.9147903315059692,118.2013948914994,-0.33372073506816774,0,0.12508594276983448,0
boxes_cylinder_strong_noise_hard_mixed,strong_noise,3628,2430,0.035012409276724436,0.007254892702066037,0.9571143058013464,95.91159168478123,-0.26140036513704723,1,0.14687814040544495,0
boxes_cylinder_strong_noise_hard_mixed,strong_noise,3630,1496,0.034855100952441306,0.019985123285716368,0.7220481766643572,51.47257111495647,0.5882669991447617,1,0.13528104932152551,0
boxes_cylinder_strong_noise_hard_mixed,strong_noise,3631,189,0.1607441907925655,0.14566320774022792,0.9796374405545729,104.60914971356456,-0.49623937338999496,0,0.08369247984461456,0
boxes_cylinder_strong_noise_hard_mixed,strong_noise,3634,2228,0.08028511535759758,0.0770473086022835,0.9986738539871429,78.49509738538627,0.006711424926165095,0,0.1350175941386552,0
boxes_cylinder_strong_noise_hard_mixed,strong_noise,3640,642,0.02022213567680675,0.008011792176661753,0.9987875730807283,82.33671344884105,0.6660445070855358,1,0.14497131973003194,0
boxes_cylinder_strong_noise_hard_mixed,strong_noise,3642,1332,0.1287065917222815,0.12706072919498443,0.9531493423177344,95.7994795147108,0.14935431771438312,0,0.04994794242772994,1
boxes_cylinder_strong_noise_hard_mixed,strong_noise,3644,2776,0.11564521008562004,0.10688457182364443,0.788426332008542,95.45207102743548,-0.37194204999845654,0,0.11235051938232983,0
boxes_cylinder_strong_noise_hard_mixed,strong_noise,3645,481,0.026920549313950753,0.0207629110600378,0.9690135710464327,142.95443498573147,-0.1250821995667202,1,0.0971247989755945,0
boxes_cylinder_strong_noise_hard_mixed,strong_noise,3649,883,0.0880071459802146,0.08547492101868469,0.983809329790906,103.34580306201916,0.27241430508321895,0,0.1689532058564692,0
boxes_cylinder_strong_noise_hard_mixed,strong_noise,3651,1368,0.06577474758545392,0.059980892050005445,0.9856639413833683,198.469036482264,0.20342146296137387,0,0.15020478109278487,0
boxes_cylinder_strong_noise_hard_mixed,strong_noise,3653,362,0.018489443167038058,0.002339687577950335,0.8201671573831095,50.33521863229633,-0.44971941403209026,1,0.14616767325157828,0
boxes_cylinder_strong_noise_hard_mixed,strong_noise,3654,452,0.06967944634250178,0.06779156156982327,0.952257892810688,77.9933077617935,-0.1158085625568457,0,0.07276569816754137,1
boxes_cylinder_strong_noise_hard_mixed,strong_noise,3656,408,0.05287970173180462,0.04728669377434369,0.5974856932165815,118.73888302408555,0.501255684655087,0,0.17114361172192136,0
boxes_cylinder_strong_noise_hard_mixed,strong_noise,3657,110,0.09121531715149471,0.08756474138888186,0.846101871632211,171.89655694415748,0.10989555807823514,0,0.1034322347098779,0
boxes_cylinder_strong_noise_hard_mixed,strong_noise,3658,2479,0.044119302307980016,0.0380793734865206,0.40354000010345575,59.0409961145937,0.07396359980858805,0,0.17618779224430084,0
boxes_cylinder_strong_noise_hard_mixed,strong_noise,3659,1087,0.05912950737060524,0.033194716035660626,0.9874947626727497,79.52936416143902,0.03352263846730058,1,0.16683108254549903,0
boxes_cylinder_strong_noise_hard_mixed,strong_noise,3660,198,0.11608662207362047,0.11539400298800752,0.9492537538041141,50.462127953962906,-0.4460499314929488,0,0.17916567461748617,0
boxes_cylinder_strong_noise_hard_mixed,strong_noise,3661,804,0.01912529351573615,0.013801014463193425,0.7766226763060748,43.005233119880735,-0.07333122236094693,1,0.1460620566511689,0
boxes_cylinder_strong_noise_hard_mixed,strong_noise,3663,964,0.08276540108172582,0.08130502124408501,0.978598164226688,36.581091160409194,-0.11324777656951902,0,0.11473907400589807,0
boxes_cylinder_strong_noise_hard_mixed,strong_noise,3664,2734,0.05465010813688703,0.04700294887133166,0.7859412465817881,74.34077203733011,0.23701243472742686,0,0.1951944563133396,0
boxes_cylinder_strong_noise_hard_mixed,strong_noise,3670,2085,0.049168745591034804,0.04640352187556461,0.8636056300908329,101.82943668213402,-0.23841071909756234,1,0.0928198227141258,0
boxes_cylinder_strong_noise_hard_mixed,strong_noise,3671,2719,0.045405960557401606,0.0449829239130928,0.28914098445024333,64.19162362240239,-0.5846867563785851,0,0.16248156601676186,0
boxes_cylinder_strong_noise_hard_mixed,strong_noise,3674,2441,0.02702654885929514,0.020157391016265916,0.7602639704017631,121.21726701952313,0.1814426345378204,1,0.14091799159460974,0
boxes_cylinder_strong_noise_hard_mixed,strong_noise,3676,3337,0.13214444489594612,0.13186789099464152,0.9204484596584903,84.1764035959385,0.11298671719424945,0,0.05213943755725907,1
boxes_cylinder_strong_noise_hard_mixed,strong_noise,3683,3155,0.06052680469977789,0.058072557131969064,0.9182272374182753,126.70295811025231,0.04927096567359057,1,0.08094867715137537,0
boxes_cylinder_strong_noise_hard_mixed,strong_noise,3684,190,0.0302514614864976,0.006656389759194372,0.45072353527102843,57.572088905558374,-0.20942330842063764,1,0.12983290071922704,0
boxes_cylinder_strong_noise_hard_mixed,strong_noise,3688,619,0.0589641820017533,0.05772868029514515,0.9366495065169697,44.87212253722602,-0.14310064364095346,1,0.14158327110445865,0
boxes_cylinder_strong_noise_hard_mixed,strong_noise,3690,3299,0.09397258252772012,0.08744067911457415,0.7192786997967016,95.54518465754168,0.1969068365831281,0,0.06937535940872092,1
boxes_cylinder_strong_noise_hard_mixed,strong_noise,3692,1404,0.07487016689765431,0.07200181481000062,0.9962963299617259,62.481623677474346,0.03352266525295068,0,0.1286655498230524,0
boxes_cylinder_strong_noise_hard_mixed,strong_noise,3698,1570,0.02884608912487207,0.0027607234578917094,0.16649450795477244,49.226306565347905,0.09806114378850864,1,0.13755013236858107,0
boxes_cylinder_strong_noise_hard_mixed,strong_noise,3701,1430,0.05378950391797827,0.04478169380683211,0.8251653506625358,112.24419367039182,0.47453839147028165,0,0.17088189429438863,0
boxes_cylinder_strong_noise_hard_mixed,strong_noise,3702,1900,0.03829360799431411,0.037976625758528657,0.9379981872761417,65.31912866905219,-0.20067047324017567,1,0.09634925248218491,0
boxes_cylinder_strong_noise_hard_mixed,strong_noise,3703,434,0.1351554256922976,0.1109192057182353,0.9780118021858076,53.35755265255423,-0.04170068106235352,0,0.07144522239304804,1
boxes_cylinder_strong_noise_hard_mixed,strong_noise,3704,1540,0.0456449642513841,0.03169130447012461,0.9520306870828817,61.027093620403434,0.06527133735787514,1,0.1823566645453449,0
boxes_cylinder_strong_noise_hard_mixed,strong_noise,3707,1325,0.06757142184358238,0.05929132929618152,0.9956495054755942,69.50685409634889,-0.14310064364095346,0,0.10101357864113683,0
boxes_cylinder_strong_noise_hard_mixed,strong_noise,3708,2435,0.1051991084386202,0.09841128267443469,0.9707926940929614,64.53281494759908,-0.06851191836263172,0,0.1413044089385414,0
boxes_cylinder_strong_noise_hard_mixed,strong_noise,3709,3207,0.11675027248920225,0.10917713065964996,0.980398023661373,50.57665542364979,-0.16941798052964901,0,0.147186972626117,0
boxes_cylinder_strong_noise_hard_mixed,strong_noise,3713,474,0.07698331638067041,0.057662060460479794,0.9892027132292622,69.09042798073224,0.34937525812421205,0,0.16156951961075172,0
boxes_cylinder_strong_noise_hard_mixed,strong_noise,3717,1746,0.0377786160543356,0.006903276849706115,0.98114349957688,60.01577207361546,0.23537316340348144,1,0.1472289579316452,0
boxes_cylinder_strong_noise_hard_mixed,strong_noise,3720,907,0.14829369623930053,0.1405217134942089,0.971407282673385,41.2706987468966,0.008449045736536627,0,0.09436092652445219,0
boxes_cylinder_strong_noise_hard_mixed,strong_noise,3721,1697,0.058884831013021305,0.05105178955840761,0.9115842783471768,106.69517515620292,0.384118212961235,0,0.16665599305028106,0
boxes_cylinder_strong_noise_hard_mixed,strong_noise,3725,1872,0.02867436033779758,0.024737102406355745,0.783277435303656,91.92704369087456,0.008449045736536627,1,0.16202816517575536,0
boxes_cylinder_strong_noise_hard_mixed,strong_noise,3728,128,0.12404140325178817,0.11986521900523554,0.9996554353995736,59.055217340275306,0.11826378239865738,0,0.048930912890382296,1
boxes_cylinder_strong_noise_hard_mixed,strong_noise,3729,407,0.01797775281220071,0.015465118097238845,0.13661956092211833,83.56998116239572,-0.4153413697909697,1,0.1667151500648255,0
boxes_cylinder_strong_noise_hard_mixed,strong_noise,3730,1510,0.08763861236675556,0.07041296340530148,0.9972835471982094,64.72991682423947,0.12449428002727007,0,0.0809359108671721,0
boxes_cylinder_strong_noise_hard_mixed,strong_noise,3732,1999,0.1042388752211983,0.10359602881312141,0.9956255328690752,73.39218280477006,0.2315923370510506,0,0.11095517797961747,0
boxes_cylinder_strong_noise_hard_mixed,strong_noise,3736,2451,0.05948526147801161,0.04008096372871909,0.7462474421438643,76.04303130151182,0.0,0,0.0925821998792231,0
boxes_cylinder_strong_noise_hard_mixed,strong_noise,3737,2515,0.08286771402595396,0.07804365648146917,0.2978320008210341,62.406984793658864,0.16705397355212923,0,0.08661295734152136,0
boxes_cylinder_strong_noise_hard_mixed,strong_noise,3740,598,0.05584865612538717,0.0393463502977467,0.49731553137072804,41.4509608731502,-0.2650790628459577,0,0.196125459273753,0
boxes_cylinder_strong_noise_hard_mixed,strong_noise,3749,1924,0.10978528205164755,0.10862744311278492,0.9959876764370981,106.1581053475172,-0.1614498000868537,0,0.08637597873995047,0
boxes_cylinder_strong_noise_hard_mixed,strong_noise,3755,1472,0.042801962720581205,0.030902182591248196,0.5410964296560208,73.84589878609097,-0.20331949427433837,1,0.19093464356080758,0
boxes_cylinder_strong_noise_hard_mixed,strong_noise,3758,1487,0.03813009123544888,0.02174275244838888,0.9233966843716069,57.666431201802055,-0.29903511217415524,1,0.08858023833059417,0
boxes_cylinder_strong_noise_hard_mixed,strong_noise,3764,739,0.09187734538601466,0.07865984933503503,0.9247273976828171,57.308946616403766,-0.15836819183993497,0,0.05121658118155372,1
boxes_cylinder_strong_noise_hard_mixed,strong_noise,3765,842,0.06957996758791488,0.06634922690471458,0.9710778802377923,80.74256096185064,-0.20067047324017567,0,0.11046075097497171,0
boxes_cylinder_strong_noise_hard_mixed,strong_noise,3766,1350,0.04775721468624281,0.046801755327099084,0.9131990403522836,43.427162234144674,-0.10487954867768286,0,0.08172843648873175,0
boxes_cylinder_strong_noise_hard_mixed,strong_noise,3767,2268,0.031838840698032556,0.028673876963069996,0.8874156066130697,45.621574401947434,0.18647204042986104,0,0.14166873055836857,0
boxes_cylinder_strong_noise_hard_mixed,strong_noise,3769,3176,0.024353455604866944,0.005432664270699321,0.97821817059596,48.915733796272995,-0.047355720320825745,1,0.11368671248721063,0
boxes_cylinder_strong_noise_hard_mixed,strong_noise,3782,2391,0.0343461927954565,0.032416293338850544,0.9965513729518698,74.31478244860325,-0.14310064364095346,1,0.09890349310770907,0
boxes_cylinder_strong_noise_hard_mixed,strong_noise,3786,2269,0.06538606100506798,0.05853926855272719,0.9860232024737801,29.4517384249397,-0.17387239258527418,0,0.10298990661632404,0
boxes_cylinder_strong_noise_hard_mixed,strong_noise,3787,2405,0.15651978850420636,0.15395044382251327,0.9745346990925432,62.46429506966075,-0.7202483036159898,0,0.15751413094722067,0
boxes_cylinder_strong_noise_hard_mixed,strong_noise,3790,2787,0.12103563537853375,0.11995900451093656,0.9477669061683112,59.50101274479443,-0.44971941403209026,0,0.14867239636234053,0
boxes_cylinder_strong_noise_hard_mixed,strong_noise,3794,1251,0.017997318480944366,0.008244503398911949,0.3127146388491317,80.99348677677386,-0.1857671465085439,1,0.1309805630019174,0
boxes_cylinder_strong_noise_hard_mixed,strong_noise,3796,433,0.02856905559866032,0.021480693560604353,0.03670861245501854,73.2365783090852,0.0942946688117613,1,0.13728842280824433,0
boxes_cylinder_strong_noise_hard_mixed,strong_noise,3797,508,0.11305171583814175,0.10532851630596854,0.9417033895197066,85.21686436423515,0.06008189919241722,0,0.05612278333995251,1
boxes_cylinder_strong_noise_hard_mixed,strong_noise,3801,1585,0.03743294838937183,0.0034940192113301193,0.6644057103179234,76.21257643907532,0.04189091033663455,0,0.18877512064891824,0
boxes_cylinder_strong_noise_hard_mixed,strong_noise,3802,1989,0.07688883490155368,0.06379870296876312,0.7347737222949202,74.53555881799146,0.06907360689126728,0,0.1012204184110946,0
boxes_cylinder_strong_noise_hard_mixed,strong_noise,3804,1472,0.0555060409212269,0.046710597367736965,0.9562630552660881,87.54779765674779,-0.20331949427433837,0,0.1512992504071762,0
boxes_cylinder_strong_noise_hard_mixed,strong_noise,3805,1064,0.030593200075998684,0.01782803648613926,0.799875926336358,68.34911543026685,-0.015267461019685511,0,0.14318269003780254,0
boxes_cylinder_strong_noise_hard_mixed,strong_noise,3806,3133,0.04458940336643162,0.041072569246453236,0.12614106038185455,98.51489203678648,0.12449437513574745,0,0.1739139428797323,0
boxes_cylinder_strong_noise_hard_mixed,strong_noise,3808,1697,0.11937845520272068,0.11211292227323745,0.9656271895105735,86.35882692058098,-0.2849306494700378,0,0.08947413025710751,0
boxes_cylinder_strong_noise_hard_mixed,strong_noise,3810,854,0.06809327536048262,0.06296342755168259,0.524151231334164,85.70359408407946,0.04927099692350448,0,0.1678667458300389,0
boxes_cylinder_strong_noise_hard_mixed,strong_noise,3814,2432,0.04955468966500846,0.041893291795267545,0.585564741121202,135.88209465957507,-0.23841085677844867,1,0.1632061126010336,0
boxes_cylinder_strong_noise_hard_mixed,strong_noise,3817,2465,0.060994381777334426,0.05562024738937953,0.8178084113276428,53.05116556265357,0.11441024306973828,0,0.0720784084060996,1
boxes_cylinder_strong_noise_hard_mixed,strong_noise,3818,1394,0.04954081790534982,0.04886220462746779,0.8997259826219786,76.66218472258944,-0.21431332029810102,0,0.1522490664296084,0
boxes_cylinder_strong_noise_hard_mixed,strong_noise,3819,1904,0.027172126516568855,0.01599128411353962,0.6180665118842847,128.70665046412904,-0.2897040994116619,1,0.1605337643511753,0
boxes_cylinder_strong_noise_hard_mixed,strong_noise,3820,2230,0.03436125742903225,0.02278310991844473,0.9424768513622862,40.862789249463205,0.03602577383577466,0,0.07846513345473274,1
boxes_cylinder_strong_noise_hard_mixed,strong_noise,3823,3294,0.08315907579881787,0.07763154456809593,0.9214502729850612,65.10878503495746,0.08701129365637633,1,0.12520994709447905,0
boxes_cylinder_strong_noise_hard_mixed,strong_noise,3824,1991,0.09793578849927091,0.0967283434648562,0.9694211023439928,87.29245770141716,0.037842309296063546,0,0.08103939344279394,0
boxes_cylinder_strong_noise_hard_mixed,strong_noise,3825,3317,0.037280772235239686,0.008719526525504812,0.01955175208099314,77.95423845751115,0.2922170080094954,1,0.13919623954838709,0
boxes_cylinder_strong_noise_hard_mixed,strong_noise,3827,2588,0.05348312774092075,0.05328289708245211,0.8746735512009697,100.794646145981,0.8433934062294526,1,0.18062433178153814,0
boxes_cylinder_strong_noise_hard_mixed,strong_noise,3830,1674,0.11695911542272767,0.10756578565818638,0.9865980575562655,50.01797250637791,-0.02329961931194939,0,0.1955917562488582,0
boxes_cylinder_strong_noise_hard_mixed,strong_noise,3831,2458,0.030854847459874074,0.02375543576302068,0.9811249757319344,92.13462966299099,-0.12062784889988598,1,0.11724754203304676,0
boxes_cylinder_strong_noise_hard_mixed,strong_noise,3835,283,0.01998029347269864,0.015922188876658916,0.36844425344299825,44.50465327300271,-0.13575676720964588,1,0.12488035013497231,0
boxes_cylinder_strong_noise_hard_mixed,strong_noise,3842,1790,0.07881210497556534,0.0668294587744362,0.9270462318006114,59.68962663446913,-0.32802289374208393,0,0.13816152642015536,0
boxes_cylinder_strong_noise_hard_mixed,strong_noise,3846,3053,0.038357778427890066,0.0330191302971233,0.47548175580872726,75.83126391367746,0.127048658813038,1,0.14945592893814524,0
boxes_cylinder_strong_noise_hard_mixed,strong_noise,3847,1777,0.046357773594543454,0.013662702373404194,0.7007161419691822,79.20539477318694,0.40162603524949647,0,0.14692403344947405,0
boxes_cylinder_strong_noise_hard_mixed,strong_noise,3848,2347,0.10959231955374554,0.10145434342754137,0.9928864304025896,68.26881147646091,0.10453361037991127,0,0.11960072258645178,0
boxes_cylinder_strong_noise_hard_mixed,strong_noise,3849,1966,0.02995326540703513,0.002002181105138086,0.22338640770224827,50.23724923036821,0.07524648581493444,0,0.11133486532967535,0
boxes_cylinder_strong_noise_hard_mixed,strong_noise,3853,3000,0.047764090663881806,0.04309332580062998,0.8636132059636437,54.46466032969341,-0.5846867563785851,1,0.12773433395962852,0
boxes_cylinder_strong_noise_hard_mixed,strong_noise,3854,3085,0.0858317203408884,0.08495419992719237,0.993215035786282,58.62611879163778,0.0800426243402898,0,0.13734101268564142,0
boxes_cylinder_strong_noise_hard_mixed,strong_noise,3855,2546,0.06177406469825543,0.05383320470459584,0.868052797010598,72.26315721012928,-0.08426024837975238,0,0.11939638057934722,0
boxes_cylinder_strong_noise_hard_mixed,strong_noise,3860,928,0.031106506361952828,0.016035274987273935,0.9994361526686049,102.35033641597124,-0.12921159354911904,1,0.10666330138618779,0
boxes_cylinder_strong_noise_hard_mixed,strong_noise,3865,2122,0.05516757102981757,0.0514234212828562,0.9922185080282289,69.72247047328112,0.1969068365831281,0,0.11209399158311469,0
boxes_cylinder_strong_noise_hard_mixed,strong_noise,3866,752,0.06451317320288823,0.05778087856355901,0.9739650452365928,53.38953498298148,-0.09733234464289446,0,0.14492021474012867,0
boxes_cylinder_strong_noise_hard_mixed,strong_noise,3867,2417,0.08575991509629256,0.06973108882152267,0.9991473895942896,95.55458100956648,-0.5128471723056206,0,0.09736284645281308,0
boxes_cylinder_strong_noise_hard_mixed,strong_noise,3872,629,0.09229869583010729,0.09195986610673937,0.3631884945753945,53.02267273758038,-0.31537170754449706,0,0.19702187610420896,0
boxes_cylinder_strong_noise_hard_mixed,strong_noise,3873,1747,0.06521904784076628,0.05093258385152195,0.2919812288138447,76.17497337542041,-0.2137182559766907,0,0.0933555578833812,0
boxes_cylinder_strong_noise_hard_mixed,strong_noise,3880,1046,0.03884324542218462,0.03097329371940995,0.3834802478503477,61.779580494823236,0.4317462245143308,0,0.16470552817162065,0
boxes_cylinder_strong_noise_hard_mixed,strong_noise,3881,3299,0.014199250438100644,0.0037277510278275997,0.4026372538309214,116.2050551206592,0.6023716211621423,1,0.15318131070528818,0
boxes_cylinder_strong_noise_hard_mixed,strong_noise,3887,376,0.15570076220206602,0.1494596450995062,0.9029562142866377,63.76365731968149,-0.23841070526360675,0,0.1014173755591524,0
boxes_cylinder_strong_noise_hard_mixed,strong_noise,3888,2334,0.04300691146495062,0.03201572724685733,0.9545562818933133,67.2584217526104,-0.32938236065753185,1,0.17607648114623292,0
boxes_cylinder_strong_noise_hard_mixed,strong_noise,3897,991,0.10944837744973313,0.07615273719301872,0.6670486513165341,56.86637506105079,-0.030771627416785286,0,0.08165762029875268,0
boxes_cylinder_strong_noise_hard_mixed,strong_noise,3905,941,0.05260515887194875,0.04354257129735824,0.9913135837601161,140.184313616082,0.04927099692350448,0,0.11632711350533625,0
boxes_cylinder_strong_noise_hard_mixed,strong_noise,3907,3249,0.05651116039739964,0.02981207127594577,0.012583838476209197,76.93722654023564,0.43063817231913964,0,0.1280882603450575,0
boxes_cylinder_strong_noise_hard_mixed,strong_noise,3908,3131,0.059667595435029065,0.05801056221838019,0.9976786739565503,164.23917782398559,0.21834711062999546,0,0.13921439668504038,0
boxes_cylinder_strong_noise_hard_mixed,strong_noise,3909,1819,0.027416707709021357,0.022090939453475438,0.07952973416702547,75.80768992115105,0.3493754224096404,1,0.11832428328168773,0
boxes_cylinder_strong_noise_hard_mixed,strong_noise,3913,1855,0.03083943544532464,0.025982416620433872,0.175718536939172,46.86933884501311,-0.11324781120998899,1,0.08423730314193083,0
boxes_cylinder_strong_noise_hard_mixed,strong_noise,3914,3066,0.10680508658710457,0.09727255487314439,0.8955552583681781,79.83877203600889,0.22589434572531444,0,0.06145897849394595,1
boxes_cylinder_strong_noise_hard_mixed,strong_noise,3916,1514,0.06211357353197052,0.04986709903999835,0.9960148531263184,60.95512807660061,-0.33372073506816774,0,0.09861982512097345,0
boxes_cylinder_strong_noise_hard_mixed,strong_noise,3927,2974,0.02737919876580056,0.0044695925793290705,0.32852556977205727,67.05180231684058,-0.024836907579183342,1,0.17451465605257457,0
boxes_cylinder_strong_noise_hard_mixed,strong_noise,3929,3271,0.16889391834833686,0.10632337103756893,0.6938342663556433,133.19458727332173,-0.39256110803507555,0,0.09598743215240195,0
boxes_cylinder_strong_noise_hard_mixed,strong_noise,3933,1260,0.12909905936982244,0.12868501517718695,0.9993199487938622,93.35643238329645,0.017522331875018237,0,0.036559082808976,1
boxes_cylinder_strong_noise_hard_mixed,strong_noise,3935,2868,0.05281097623101465,0.00789212571006459,0.22473397948817803,40.538766977661076,0.04927101695552143,0,0.12462405998862788,0
boxes_cylinder_strong_noise_hard_mixed,strong_noise,3938,475,0.0520611062067286,0.047664134102166966,0.9126182224380196,37.54869559903043,-0.1250821995667202,1,0.14020982586127295,0
boxes_cylinder_strong_noise_hard_mixed,strong_noise,3939,1160,0.06656890145231742,0.05657085685853951,0.9189568322239234,67.98169032478074,0.11298671719424945,0,0.12689557818004807,0
boxes_cylinder_strong_noise_hard_mixed,strong_noise,3940,745,0.06075774491615266,0.060088605665043864,0.773248375819929,61.78356339374287,-0.2849306494700378,0,0.15081482134419924,0
boxes_cylinder_strong_noise_hard_mixed,strong_noise,3943,2560,0.04249385533618413,0.03677195613292937,0.856360052625553,58.8595850461998,0.5825690068071306,1,0.11844832291009026,0
boxes_cylinder_strong_noise_hard_mixed,strong_noise,3945,2257,0.09064537544445554,0.07126490978038018,0.6167869523129597,73.20043205049548,0.3116350814231659,0,0.06782990674869131,1
boxes_cylinder_strong_noise_hard_mixed,strong_noise,3948,1621,0.04373512010538714,0.02828798828038763,0.7990339221506422,50.623359167866695,-0.09864901367858127,1,0.12461690792885667,0
boxes_cylinder_strong_noise_hard_mixed,strong_noise,3954,747,0.019175576692068663,0.009491402571731073,0.41345639830058034,162.08048171158208,-0.1284100453818859,1,0.1643499767945538,0
boxes_cylinder_strong_noise_hard_mixed,strong_noise,3956,1697,0.09888201731072989,0.09765839709993063,0.9926995362200284,102.00943859816707,-0.07135685136935178,0,0.12623673045547054,0
boxes_cylinder_strong_noise_hard_mixed,strong_noise,3960,3203,0.09352963525308713,0.08641892571911998,0.9742430860919191,41.16289122738457,0.2269520307233017,0,0.12167183162754941,0
boxes_cylinder_strong_noise_hard_mixed,strong_noise,3963,1660,0.11148533307508636,0.07785255504076113,0.9181001617319053,53.34987496007446,-0.14743904855216367,0,0.07559343668418375,1
boxes_cylinder_strong_noise_hard_mixed,strong_noise,3964,691,0.04019898754556686,0.019178211657644408,0.9887219996169139,100.73130701995221,0.06386975379891975,0,0.09463934887254745,0
boxes_cylinder_strong_noise_hard_mixed,strong_noise,3965,3149,0.14105734337691028,0.13893837374380608,0.9868607434351949,84.19495923700329,0.04927098948304516,0,0.030831997077633743,1
boxes_cylinder_strong_noise_hard_mixed,strong_noise,3971,185,0.04543929619322391,0.009967252036115648,0.45940320583627614,60.53565782223968,-0.03774029094584646,1,0.16404531696435598,0
boxes_cylinder_strong_noise_hard_mixed,strong_noise,3973,3039,0.012683558976850908,0.010792933018573711,0.5240601362670968,71.18248936450854,0.4345330832671293,1,0.13147323200022065,0
boxes_cylinder_strong_noise_hard_mixed,strong_noise,3975,3299,0.1892526839292646,0.16311084455825864,0.756124863482124,104.55488337321977,-0.19395900791006832,0,0.06358759318869982,1
boxes_cylinder_strong_noise_hard_mixed,strong_noise,3979,2396,0.04439924750941202,0.02913212654679348,0.9073289279183829,95.37164439859714,0.2896561224748431,0,0.10852751623722698,0
boxes_cylinder_strong_noise_hard_mixed,strong_noise,3980,69,0.05200119775859511,0.04601970516331162,0.8350982037055481,55.4629013841903,-0.671274433444678,0,0.1694930690061784,0
boxes_cylinder_strong_noise_hard_mixed,strong_noise,3981,2481,0.04395351964153886,0.01005394003013157,0.5871857791519128,126.91997449311975,-0.9315563858269271,0,0.112386295164382,0
boxes_cylinder_strong_noise_hard_mixed,strong_noise,3982,2235,0.05039282033331865,0.02491761811797568,0.9234580301192168,50.26755600998514,0.5725186261052398,1,0.17259852832430028,0
boxes_cylinder_strong_noise_hard_mixed,strong_noise,3987,1104,0.03429834526682399,0.029511413087567495,0.5855427309207765,53.507620835245646,-0.17898749897111838,1,0.14823120517543426,0
boxes_cylinder_strong_noise_hard_mixed,strong_noise,3991,1451,0.04241132492929996,0.014554528778694332,0.8186244735297272,36.91466835553036,-0.08078202588779172,0,0.12478325662562388,0
boxes_cylinder_strong_noise_hard_mixed,strong_noise,4002,2515,0.030311590921783076,0.025769408337798422,0.08726893959676815,65.6313709668992,-0.23841082900071317,0,0.15573119445647038,0
boxes_cylinder_strong_noise_hard_mixed,strong_noise,4008,1721,0.031438166759125766,0.012703775730500619,0.026757182464307833,63.684681322615475,-0.7572041159084644,1,0.14740924146415177,0
boxes_cylinder_strong_noise_hard_mixed,strong_noise,4009,764,0.07735981894376412,0.07369335663456465,0.049813628817589495,52.932801988347606,0.23159239080093783,0,0.18630285731607021,0
boxes_cylinder_strong_noise_hard_mixed,strong_noise,4012,425,0.08322161990795107,0.0747486480565414,0.9807050662002085,45.06961332529855,-0.15385350823103103,0,0.14512307411038397,0
boxes_cylinder_strong_noise_hard_mixed,strong_noise,4014,1692,0.09206693867451125,0.0832007446097364,0.8632395188275718,87.00114080427736,-0.1614498000868537,0,0.08393545801876458,0
boxes_cylinder_strong_noise_hard_mixed,strong_noise,4015,2829,0.05142689610252282,0.04861432653485094,0.5838325407151729,39.611913110936435,-0.0747815547994915,0,0.1322738160413871,0
boxes_cylinder_strong_noise_hard_mixed,strong_noise,4016,1636,0.1017147197634124,0.09848649816505663,0.2925619732321303,89.19216307150717,-0.61108582199222,0,0.17225679257233548,0
boxes_cylinder_strong_noise_hard_mixed,strong_noise,4018,228,0.08927812193110887,0.07410254695677336,0.9970422853429628,40.75269861852311,0.09009291908276543,0,0.16094529106562003,0
boxes_cylinder_strong_noise_hard_mixed,strong_noise,4019,2038,0.11890253466362033,0.1155854497923639,0.982232471491786,71.56173544283148,-0.1717194809820857,0,0.17514671984744246,0
boxes_cylinder_strong_noise_hard_mixed,strong_noise,4020,2594,0.04677887122724557,0.0455527200970705,0.017397335043204787,84.79279762579698,-0.07135688050682122,0,0.14948437779921697,0
boxes_cylinder_strong_noise_hard_mixed,strong_noise,4024,2444,0.05177222172209489,0.032683340448013826,0.2703262614342171,43.69304442365313,0.056388476046192765,0,0.16434336354854723,0
boxes_cylinder_strong_noise_hard_mixed,strong_noise,4034,1728,0.07127540446680306,0.06746958848270511,0.9225439917003356,86.55378410830998,0.12623196680969817,0,0.13609825770736317,0
boxes_cylinder_strong_noise_hard_mixed,strong_noise,4037,1723,0.05791779895750454,0.04199748728447611,0.016847925182496115,60.00643817835269,0.4547358404485048,0,0.13733163195188242,0
boxes_cylinder_strong_noise_hard_mixed,strong_noise,4040,513,0.12921081195359696,0.12665002118347313,0.9155356243747796,68.78871311557883,-0.14310071030746438,0,0.1036323107952849,0
boxes_cylinder_strong_noise_hard_mixed,strong_noise,4041,912,0.06059855183844249,0.055228495071130396,0.866794194275454,123.82416582416033,-0.23841075421453434,0,0.06569210725810756,1
boxes_cylinder_strong_noise_hard_mixed,strong_noise,4047,3140,0.147727623193533,0.14258458220128012,0.9964794517316187,53.6561554755094,-0.006609401891430496,0,0.05402541905266237,1
boxes_cylinder_strong_noise_hard_mixed,strong_noise,4052,3212,0.02458348460016274,0.011305347347258504,0.8772363440414679,49.735894696405595,0.0424913327881091,1,0.12343369019515331,0
boxes_cylinder_strong_noise_hard_mixed,strong_noise,4053,539,0.034489926849918556,0.009123079251580676,0.5743060834087313,48.460546316995924,0.5270562861369841,0,0.13415624113756489,0
boxes_cylinder_strong_noise_hard_mixed,strong_noise,4054,2156,0.0753308755291837,0.07023754467857024,0.979767982758539,87.54300212173756,-0.15139945327379717,1,0.06382790074449066,1
boxes_cylinder_strong_noise_hard_mixed,strong_noise,4056,1379,0.054946172360570304,0.04915924357476775,0.931680083992598,46.64653399652318,-0.13662819319049063,0,0.12457586513676334,0
boxes_cylinder_strong_noise_hard_mixed,strong_noise,4058,2078,0.09487856351384988,0.09126948433876975,0.9095669707775741,41.74095989503115,-0.2924780122593197,0,0.0771394886596814,1
boxes_cylinder_strong_noise_hard_mixed,strong_noise,4059,1868,0.07945338245297923,0.051356570562767455,0.7338499998966385,65.28390806104804,-0.3437711835476401,0,0.18348118732815133,0
boxes_cylinder_strong_noise_hard_mixed,strong_noise,4061,1597,0.04047123271374485,0.03035243391744714,0.9393361091597647,77.32502032975489,0.4955577283022377,0,0.1722504797152912,0
boxes_cylinder_strong_noise_hard_mixed,strong_noise,4063,2482,0.07608415338303233,0.07011143753244882,0.9933618563267844,121.5021843839456,-0.18962058784738453,1,0.12331008847674796,0
boxes_cylinder_strong_noise_hard_mixed,strong_noise,4064,2666,0.1430294939723369,0.14077610515329056,0.9969851937128251,87.38528702002633,0.04927098948304516,0,0.02730020243343864,1
boxes_cylinder_strong_noise_hard_mixed,strong_noise,4068,2466,0.061575444226125174,0.013482362994510454,0.5824454389942253,98.53457467538013,0.3396665017737411,0,0.16653441523183174,0
boxes_cylinder_strong_noise_hard_mixed,strong_noise,4072,2733,0.026905098255293587,0.01864098059874458,0.9927630767224223,104.93282328940865,-0.12334161041530427,1,0.1299722913088496,0
boxes_cylinder_strong_noise_hard_mixed,strong_noise,4073,922,0.05919470220553402,0.05455857299996834,0.9670962488635558,51.75236823571263,0.06907360689126728,0,0.13070415918413197,0
boxes_cylinder_strong_noise_hard_mixed,strong_noise,4082,3105,0.08516154061629709,0.06855063261461657,0.9464233765678643,56.741366590915355,0.037842309296063546,1,0.10445804888325166,0
boxes_cylinder_strong_noise_hard_mixed,strong_noise,4094,3153,0.03834867632332859,0.012991372256581542,0.9323310906555985,61.055311850753874,0.23537316340348144,0,0.07957394836409765,1
boxes_cylinder_strong_noise_hard_mixed,strong_noise,4101,1300,0.053342721555910584,0.048239074304151634,0.6952169369336414,68.38627571969928,-0.07410790072521933,0,0.06927261329127675,1
boxes_cylinder_strong_noise_hard_mixed,strong_noise,4105,1217,0.06986985725094053,0.003278908430562496,0.5942554416408997,47.7505181683153,0.15463142670176935,1,0.1281744165418782,0
boxes_cylinder_strong_noise_hard_mixed,strong_noise,4106,1616,0.0921533688621309,0.09176891929503736,0.04288972449784755,108.66845807620174,-0.3476099427313486,0,0.1953996068983244,0
boxes_cylinder_strong_noise_hard_mixed,strong_noise,4107,2655,0.03203920942703978,0.021002779636121138,0.6062607973027994,56.40768271159676,-0.3781727060377287,1,0.12470656666657698,0
boxes_cylinder_strong_noise_hard_mixed,strong_noise,4111,26,0.043596051431502005,0.017175917593367035,0.8730971482358724,121.38523403854089,0.18647191033963634,0,0.1283652275335198,0
boxes_cylinder_strong_noise_hard_mixed,strong_noise,4112,2868,0.09117518225809147,0.08568837840098975,0.7153188930459436,43.23248565481461,-0.4362364021918942,0,0.15572219190127218,0
boxes_cylinder_strong_noise_hard_mixed,strong_noise,4115,151,0.0388797310161435,0.010573918977017104,0.5764756152916304,90.14173013013477,-0.2384107734452614,1,0.1354117295536357,0
boxes_cylinder_strong_noise_hard_mixed,strong_noise,4119,2790,0.09146460944743937,0.08470136793803744,0.9284615602955312,99.60308355129555,-0.12921159354911904,0,0.10396572257960554,0
boxes_cylinder_strong_noise_hard_mixed,strong_noise,4125,249,0.045425704854811066,0.04472185122164053,0.0734161627224255,44.0593451748719,-0.18434365597600824,1,0.19141287541240437,0
boxes_cylinder_strong_noise_hard_mixed,strong_noise,4126,332,0.025338848681741296,0.0165345816945409,0.065978514818924,92.82275736859172,0.1765327084021584,1,0.10859033625233107,0
boxes_cylinder_strong_noise_hard_mixed,strong_noise,4128,86,0.07296520382228065,0.06286369425237696,0.9940365253657834,101.02412596296529,-0.4615539647600283,0,0.14068661930749696,0
boxes_cylinder_strong_noise_hard_mixed,strong_noise,4130,1825,0.06251237229114713,0.055773655809337894,0.36929435019818746,93.94319360941212,0.3321335524141619,0,0.12309434029976578,0
boxes_cylinder_strong_noise_hard_mixed,strong_noise,4135,3131,0.04746200763701748,0.005004788155955832,0.9999405833579428,173.6080278559211,0.3136571904344252,0,0.14443713172340508,0
boxes_cylinder_strong_noise_hard_mixed,strong_noise,4139,2447,0.027916314620412344,0.01972087925513626,0.7973317167057348,81.43041031132543,-0.1147969842465478,1,0.16431677301346703,0
boxes_cylinder_strong_noise_hard_mixed,strong_noise,4141,2462,0.0627283412052019,0.059548594386456224,0.4611269479391388,50.416495958690874,-1.065088051989057,0,0.20264757389391014,0
boxes_cylinder_strong_noise_hard_mixed,strong_noise,4142,2910,0.054427482155576995,0.027429187832835673,0.7848952196203342,67.44212394975553,-0.28720077571026303,0,0.1432528929548591,0
boxes_cylinder_strong_noise_hard_mixed,strong_noise,4143,1860,0.06981311012463437,0.0645928475338457,0.9936895540227817,63.66043397048093,0.10453361037991127,0,0.12110329230068584,0
boxes_cylinder_strong_noise_hard_mixed,strong_noise,4146,3137,0.05802120689837795,0.05739684523929217,0.7501003415390994,113.87426742613738,0.45473570473445235,0,0.1803179915573103,0
boxes_cylinder_strong_noise_hard_mixed,strong_noise,4147,2369,0.06058892553423743,0.05970007115559071,0.9831408558444,67.4463754383276,-0.3676224048730947,0,0.13166008805319515,0
boxes_cylinder_strong_noise_hard_mixed,strong_noise,4148,2100,0.11139332550832998,0.10833863437755394,0.990282286712867,65.36381985796935,0.384118212961235,0,0.12229249788007988,0
boxes_cylinder_strong_noise_hard_mixed,strong_noise,4150,1338,0.14673538750818113,0.14646594833762372,0.9999576944165067,138.8460068811885,-0.19758879225836082,0,0.10408857237569348,0
boxes_cylinder_strong_noise_hard_mixed,strong_noise,4153,2824,0.09604128137101502,0.08766886482482215,0.9684391657623923,88.9965442136102,0.017522331875018237,0,0.06648701498132926,1
boxes_cylinder_strong_noise_hard_mixed,strong_noise,4161,1561,0.02925415775985431,0.015668777568340838,0.8727952004959093,119.91115511556927,0.1510535697378159,0,0.1220025925333882,0
boxes_cylinder_strong_noise_hard_mixed,strong_noise,4167,2641,0.04460544466324103,0.024425420116313136,0.9859611496744128,54.47221511469229,0.09372274109018626,0,0.1076754650191132,0
boxes_cylinder_strong_noise_hard_mixed,strong_noise,4169,2933,0.029800642412879656,0.028816921721750065,0.4577930189382975,36.85990406529419,0.2788452865571405,1,0.16019107766664265,0
boxes_cylinder_strong_noise_hard_mixed,strong_noise,4170,515,0.1219436085526399,0.11843092042534371,0.9831755300296807,96.57789015738841,0.29221689820578123,0,0.12184425708124517,0
boxes_cylinder_strong_noise_hard_mixed,strong_noise,4172,2349,0.10140754599835242,0.09746647052242048,0.96815794233794,43.20045208165826,0.11522893104751579,0,0.1102022380763341,0
boxes_cylinder_strong_noise_hard_mixed,strong_noise,4175,702,0.10908080435210213,0.09808858296306942,0.9746677971172054,78.2165116196139,-0.3676224048730947,0,0.11564794913359396,0
boxes_cylinder_strong_noise_hard_mixed,strong_noise,4178,3280,0.04971808478870126,0.04799770776163805,0.6707478120702095,61.267709236436524,0.321204509388588,0,0.13212589984885634,0
boxes_cylinder_strong_noise_hard_mixed,strong_noise,4179,2379,0.031651271764283014,0.031403945024327994,0.9936557556090823,96.32182829188362,-0.03361657039499303,1,0.09880074341384994,0
boxes_cylinder_strong_noise_hard_mixed,strong_noise,4181,1359,0.03393327821624162,0.013843103560924924,0.29896113258574186,71.89693085887733,0.22767854103854515,0,0.12636148420114265,0
boxes_cylinder_strong_noise_hard_mixed,strong_noise,4184,2619,0.1597544428452171,0.135132779066966,0.8100800207606219,44.35760102563139,-0.23841076418602217,0,0.08818809271343862,0
boxes_cylinder_strong_noise_hard_mixed,strong_noise,4185,3310,0.08149747497018132,0.07841271695510527,0.9591696724383896,62.40198979550642,-0.07806828158248706,0,0.04967885850446275,1
boxes_cylinder_strong_noise_hard_mixed,strong_noise,4188,3168,0.10830221482432088,0.09900521975490494,0.9935827528287084,118.1799488945718,-0.09864894628741513,0,0.09670537450424746,0
boxes_cylinder_strong_noise_hard_mixed,strong_noise,4190,2032,0.030928800332995835,0.02961047253064174,0.8895856495703168,75.02570535460181,0.13628227542839735,1,0.08099302796576416,0
boxes_cylinder_strong_noise_hard_mixed,strong_noise,4193,2259,0.0823267325245433,0.0815718087765483,0.9821429639535503,105.22925776780608,0.5270562861369841,0,0.14126936253148664,0
boxes_cylinder_strong_noise_hard_mixed,strong_noise,4194,2930,0.07110556196279036,0.06538294910345555,0.9971200729164491,45.81905257177493,0.08537599107072216,0,0.06302650276095317,1
boxes_cylinder_strong_noise_hard_mixed,strong_noise,4195,1523,0.02129541004195531,0.0026106512714037244,0.786207646373407,43.65655764663772,-0.0007393710988357712,1,0.12726922334836868,0
boxes_cylinder_strong_noise_hard_mixed,strong_noise,4196,788,0.04737728617732661,0.0393025331143637,0.7853670607079363,69.47513473395645,0.23159239080093783,0,0.1390028127269712,0
boxes_cylinder_strong_noise_hard_mixed,strong_noise,4197,3328,0.10508010334520089,0.08835898323539393,0.9532319600558593,44.36895957177714,-0.38683060511546485,0,0.20025466900969738,0
boxes_cylinder_strong_noise_hard_mixed,strong_noise,4199,1733,0.07365426836398974,0.0712041969512418,0.998413693141543,111.32906886180082,0.0918305642409033,0,0.11421782562866827,0
boxes_cylinder_strong_noise_hard_mixed,strong_noise,4200,2779,0.03721692032168079,0.03010501771715009,0.531284942836201,95.05982146026817,0.11826381692239658,1,0.16579455227616519,0
boxes_cylinder_strong_noise_hard_mixed,strong_noise,4201,1777,0.0555739452695874,0.05314285538686331,0.9183439556864288,70.95321929637913,0.1319626540145509,0,0.14047302224005725,0
boxes_cylinder_strong_noise_hard_mixed,strong_noise,4203,361,0.08951975501823592,0.05578280878656269,0.5639276335105681,102.35562852762234,0.0027510301251405128,0,0.07051362117033456,1
boxes_cylinder_strong_noise_hard_mixed,strong_noise,4205,3207,0.027629884041216697,0.004326295552271873,0.477710675491111,79.17668555505885,0.4183681954839994,1,0.1461223034721547,0
boxes_cylinder_strong_noise_hard_mixed,strong_noise,4215,2625,0.10164785966857331,0.09420801765448812,0.9437376225446316,104.67674755849009,-0.23841073177869007,0,0.06740852113325686,1
boxes_cylinder_strong_noise_hard_mixed,strong_noise,4216,669,0.09675069615234706,0.09654228395897912,0.9807651912234511,79.57395926845145,0.20342146296137387,0,0.0844301686678578,0
boxes_cylinder_strong_noise_hard_mixed,strong_noise,4222,3271,0.11208199932596648,0.07595081343203235,0.6965374485270035,131.57833741432458,-0.14743904855216367,0,0.08263026364146257,0
boxes_cylinder_strong_noise_hard_mixed,strong_noise,4227,2077,0.05561298862275462,0.028929581093577746,0.6165878234071166,61.34093245352964,0.7036316334193053,0,0.2052687404452769,0
boxes_cylinder_strong_noise_hard_mixed,strong_noise,4230,870,0.04933305465919785,0.04916596273969432,0.5769654456141521,76.07410515082665,-0.015267455464140078,1,0.18026224542093938,0
boxes_cylinder_strong_noise_hard_mixed,strong_noise,4231,1799,0.040333195656025986,0.00869073070708535,0.9937758418079706,37.464690558232704,-0.27350206123685633,0,0.1348996312793633,0
boxes_cylinder_strong_noise_hard_mixed,strong_noise,4234,272,0.0477499968158157,0.0440069390624432,0.5342424286325531,92.96328003907651,-0.06252029246527138,1,0.14174730352541287,0
boxes_cylinder_strong_noise_hard_mixed,strong_noise,4242,2997,0.053922828560646785,0.04815310258129576,0.9946325760425251,138.81308235124942,-0.15502922494096202,1,0.14535569854160926,0
boxes_cylinder_strong_noise_hard_mixed,strong_noise,4245,1237,0.04201464833974529,0.037574307709818094,0.9552574440355426,47.67413943432817,-0.056089391651143954,0,0.13295041141413272,0
boxes_cylinder_strong_noise_hard_mixed,strong_noise,4248,3112,0.0891959901781656,0.08588023889602205,0.9635413709310042,83.86348445112577,0.24342679594103273,0,0.11799045610999485,0
boxes_cylinder_strong_noise_hard_mixed,strong_noise,4250,878,0.03740302224691887,0.0017897888716489354,0.9164659050822178,65.54593099220267,0.02985294354185087,0,0.17561868320703275,0
boxes_cylinder_strong_noise_hard_mixed,strong_noise,4256,1906,0.020524986232077814,0.012917328867840059,0.9959929872423675,102.37677995300245,0.42941789528499036,1,0.1232083435777036,0
boxes_cylinder_strong_noise_hard_mixed,strong_noise,4261,921,0.03714174636147869,0.029737883120906805,0.8527994479885591,135.03730598321133,-0.2809702864149612,1,0.11952566211781326,0
boxes_cylinder_strong_noise_hard_mixed,strong_noise,4271,450,0.09563597081205946,0.09192878147762412,0.922236662860338,45.77575561557525,0.21706431011605246,0,0.09436420721718532,0
boxes_cylinder_strong_noise_hard_mixed,strong_noise,4272,2847,0.07803499456072362,0.04063036548741347,0.7872015215470259,41.10220966941484,-0.06148026210375157,0,0.17556540110163787,0
boxes_cylinder_strong_noise_hard_mixed,strong_noise,4273,2221,0.06223589157389574,0.05241891665355551,0.7328872485839436,67.13672817967047,0.3136571904344252,0,0.1118083263230147,0
boxes_cylinder_strong_noise_hard_mixed,strong_noise,4274,2273,0.07115544787122882,0.0697967975436502,0.8836676000656227,118.5592318853309,0.26236396446783583,0,0.1271106691899927,0
boxes_cylinder_strong_noise_hard_mixed,strong_noise,4278,1032,0.08141410212020045,0.07667235093317512,0.9794653138048113,78.64365987566711,0.2315923370510506,0,0.13476497055087763,0
boxes_cylinder_strong_noise_hard_mixed,strong_noise,4285,1017,0.08140882462354546,0.08036259426036675,0.7742265748984584,83.48089680089684,-0.10919918851681422,0,0.06689445404838378,1
boxes_cylinder_strong_noise_hard_mixed,strong_noise,4287,2737,0.08160506928656995,0.07500883654315903,0.9919364282087586,67.61752113161266,0.4753550344540971,0,0.1004240510040581,0
boxes_cylinder_strong_noise_hard_mixed,strong_noise,4293,3282,0.10577933347705705,0.09802149242207556,0.9802414064543284,58.18853278534076,0.3447349460094379,0,0.04927610277905286,1
boxes_cylinder_strong_noise_hard_mixed,strong_noise,4294,90,0.11480456075795738,0.11184848897953881,0.9830658978478649,147.54729747942008,-0.09864894628741513,0,0.1223247511847102,0
boxes_cylinder_strong_noise_hard_mixed,strong_noise,4297,854,0.07077218252645126,0.06587346115281655,0.8474959795988113,88.1334042292945,0.6610720661019064,0,0.15615003540042272,0
boxes_cylinder_strong_noise_hard_mixed,strong_noise,4298,923,0.08090366430394104,0.07889143969074595,0.8921425745622854,96.75713204343401,0.5307215005504776,0,0.09672523051891423,0
boxes_cylinder_strong_noise_hard_mixed,strong_noise,4299,3117,0.048021511108469916,0.03458304481869256,0.7096840776823324,76.64835353741795,0.26469232166914813,0,0.16568018285639655,0
boxes_cylinder_strong_noise_hard_mixed,strong_noise,4302,212,0.097887354912925,0.08178888931408115,0.9133492987840311,54.89867805017813,-0.2691824387407609,0,0.1373227863498507,0
boxes_cylinder_strong_noise_hard_mixed,strong_noise,4303,1375,0.020580293893733906,0.004071561271051191,0.9423489699066213,125.57667112599638,-0.4207320135730605,1,0.11173772811335772,0
boxes_cylinder_strong_noise_hard_mixed,strong_noise,4304,1555,0.09173521563565558,0.08542191581199678,0.9941834380849884,50.75489546813874,-0.17957036844384391,0,0.03625040860494658,1
boxes_cylinder_strong_noise_hard_mixed,strong_noise,4305,99,0.030035155379832323,0.02521174309623027,0.3582730639682688,107.99476083397431,0.37677420753757407,1,0.17045366579110666,0
boxes_cylinder_strong_noise_hard_mixed,strong_noise,4306,1800,0.08621768938465085,0.08013726957365944,0.9281893369083026,57.63340769284762,-0.044254966987273846,0,0.1571853208986297,0
boxes_cylinder_strong_noise_hard_mixed,strong_noise,4311,2439,0.04485147778622311,0.021052451304215253,0.7755944260205372,52.61032083547298,0.055350060936844615,0,0.1598355480592094,0
boxes_cylinder_strong_noise_hard_mixed,strong_noise,4312,580,0.05072371466858093,0.047944638755063204,0.8817938765793892,63.175705590956646,0.47453839147028165,1,0.18139135974477735,0
boxes_cylinder_strong_noise_hard_mixed,strong_noise,4313,231,0.03441018161515671,0.02799798084135359,0.79819916441216,41.51943431467827,-0.18125245764439304,1,0.176795232997793,0
boxes_cylinder_strong_noise_hard_mixed,strong_noise,4318,1929,0.02069013876088307,0.006270887653071441,0.995520005268107,104.69641258563912,-0.4615539647600283,1,0.1223005046828867,0
boxes_cylinder_strong_noise_hard_mixed,strong_noise,4319,1689,0.014643154126452224,0.007983474115875753,0.5575612259132787,63.7432066223479,0.31497390930530444,1,0.1290674610125112,0
boxes_cylinder_strong_noise_hard_mixed,strong_noise,4321,2119,0.06250480800236445,0.058516784303346725,0.9993614218863291,66.68775236828749,0.11826378239865738,0,0.12147921140945891,0
boxes_cylinder_strong_noise_hard_mixed,strong_noise,4326,374,0.11798368533336683,0.11732052499724914,0.949273406299,85.97133839929631,0.04927098948304516,0,0.09713760440795535,0
boxes_cylinder_strong_noise_hard_mixed,strong_noise,4327,367,0.13081814554911408,0.12975145365270224,0.9916419727778348,89.10557085918654,-0.23841073177869007,0,0.12620145610104166,0
boxes_cylinder_strong_noise_hard_mixed,strong_noise,4328,148,0.05607588045198502,0.039586511283532744,0.9558265766387503,102.72226226036909,-0.8331169652451401,1,0.20035622034116557,0
boxes_cylinder_strong_noise_hard_mixed,strong_noise,4329,1685,0.10089346782965045,0.09239190617164546,0.7981010887478622,114.61297442455037,0.3052040432161446,0,0.11408679968491994,0
boxes_cylinder_strong_noise_hard_mixed,strong_noise,4332,626,0.022431738184624427,0.015833225914407112,0.7836708085841362,44.16264764086482,-0.18125245764439304,1,0.13863023899417196,0
boxes_cylinder_strong_noise_hard_mixed,strong_noise,4334,1269,0.09928230025812398,0.09524760516755179,0.9659009917579461,55.40387416063486,0.1215916113616837,0,0.0937555889112494,0
boxes_cylinder_strong_noise_hard_mixed,strong_noise,4335,847,0.07868474704244106,0.07708950469668327,0.9873324951986996,36.53950120995141,0.04927099692350448,0,0.11570107225542155,0
boxes_cylinder_strong_noise_hard_mixed,strong_noise,4337,2265,0.04971984356179067,0.04452000775191616,0.974058342522076,136.40206497994888,0.1969068365831281,1,0.16793675654128984,0
boxes_cylinder_strong_noise_hard_mixed,strong_noise,4338,1180,0.03652160258472548,0.025309314579734923,0.9703221705620672,80.43810518623462,0.27241425587698614,1,0.14779498732801108,0
boxes_cylinder_strong_noise_hard_mixed,strong_noise,4342,1511,0.01146917558779472,0.005984790813416385,0.8402487818959534,113.51408685512925,0.22589434572531444,1,0.11256529803455932,0
boxes_cylinder_strong_noise_hard_mixed,strong_noise,4347,1269,0.06398204138901617,0.05760746098448031,0.9880933463438474,64.8446695013237,0.3306832644199928,0,0.10549479814498418,0
boxes_cylinder_strong_noise_hard_mixed,strong_noise,4351,3063,0.06015615369346449,0.0594757243713608,0.8657058866415593,56.724016918179125,0.2636806583387697,0,0.1562191662252223,0
boxes_cylinder_strong_noise_hard_mixed,strong_noise,4359,3288,0.08598866180290042,0.07369575255344706,0.9267581881421483,137.08088839648892,-0.23841076418602217,1,0.09692164117005592,0
boxes_cylinder_strong_noise_hard_mixed,strong_noise,4361,722,0.05596086622109564,0.05231188734702666,0.38754891244892414,73.57188537229402,-0.015267461019685511,1,0.15527242216855391,0
boxes_cylinder_strong_noise_hard_mixed,strong_noise,4363,2276,0.0742306494935534,0.06813385000242139,0.9884258590139778,86.2842539986054,0.3493753859017542,0,0.19128619457911952,0
boxes_cylinder_strong_noise_hard_mixed,strong_noise,4365,2792,0.04510467244712962,0.04148975223159687,0.7699479810904999,60.91794976404194,-0.10120982048361497,0,0.1478077270845584,0
boxes_cylinder_strong_noise_hard_mixed,strong_noise,4367,329,0.0686731195766715,0.06080154507623372,0.9990683170440152,131.00439151733246,0.1510535697378159,1,0.09966710252280829,0
boxes_cylinder_strong_noise_hard_mixed,strong_noise,4369,214,0.04109480197601617,0.029151755192568896,0.9948140747964144,43.062437292935705,0.012903392931156908,1,0.11262745143132705,0
boxes_cylinder_strong_noise_hard_mixed,strong_noise,4371,2950,0.02657168995085959,0.0037721563756690857,0.4307973275934409,45.6492423921809,-0.29105453170537054,1,0.13441126343308557,0
boxes_cylinder_strong_noise_hard_mixed,strong_noise,4372,1432,0.014199338732658733,0.009719426050558314,0.404622761384186,40.42291897999417,0.27241430508321895,1,0.1524500192953702,0
boxes_cylinder_strong_noise_hard_mixed,strong_noise,4378,179,0.05919620240484034,0.047450907941254596,0.9460888592545729,96.46001451079415,-0.047355720320825745,0,0.13718444826279172,0
boxes_cylinder_strong_noise_hard_mixed,strong_noise,4379,2476,0.10136182541028574,0.09749096264201035,0.8365574472578896,60.92427786528028,-0.05608940665110781,0,0.14106953399700892,0
boxes_cylinder_strong_noise_hard_mixed,strong_noise,4381,923,0.07299341649756312,0.06629262718078283,0.2540248403791872,94.05493116117758,0.21834711062999546,0,0.2023240902572673,0
boxes_cylinder_strong_noise_hard_mixed,strong_noise,4383,2824,0.10842828723313754,0.10697713703920879,0.9993605306171895,76.32731450468582,-0.04916896920882928,0,0.014894515358443411,1
boxes_cylinder_strong_noise_hard_mixed,strong_noise,4390,1322,0.04221244760310486,0.039885234476139036,0.5355100047922156,65.68763775404308,0.012903395312105341,1,0.1280923436781476,0
boxes_cylinder_strong_noise_hard_mixed,strong_noise,4391,1783,0.004999239407354095,0.0007423695857418527,0.2537746004311272,41.62272000764533,-0.4325667619757702,1,0.10838471428642275,0
boxes_cylinder_strong_noise_hard_mixed,strong_noise,4392,2928,0.07567099177800074,0.06923743357982766,0.9982199691228502,151.61318744519596,-0.19758879225836082,0,0.12253048849457157,0
boxes_cylinder_strong_noise_hard_mixed,strong_noise,4393,448,0.1504255901968259,0.14125262293814017,0.9298203972354712,110.64144310399813,-0.5832506518948879,0,0.05669273968727843,1
boxes_cylinder_strong_noise_hard_mixed,strong_noise,4396,1178,0.08166699994937522,0.07608758585333016,0.9763144980865613,106.8899891848843,-0.08999092039579712,0,0.0729518590350076,1
boxes_cylinder_strong_noise_hard_mixed,strong_noise,4401,34,0.025133482420190964,0.009419379445207581,0.7979316266908851,101.19121626264824,0.1844455968853061,1,0.09949740592831274,0
boxes_cylinder_strong_noise_hard_mixed,strong_noise,4402,2685,0.03331789008087219,0.028128008214411863,0.1649340421819213,127.54582420007806,0.4547357440718506,1,0.14748395850563442,0
boxes_cylinder_strong_noise_hard_mixed,strong_noise,4407,780,0.014057609003202963,0.00044369820426316527,0.3858352999530994,52.904749270339366,-0.2828624164511006,1,0.17576980682799725,0
boxes_cylinder_strong_noise_hard_mixed,strong_noise,4409,847,0.11838733566431264,0.11752819151434812,0.9942467497605498,38.91383848180818,-0.15836812987424456,0,0.12713724724709377,0
boxes_cylinder_strong_noise_hard_mixed,strong_noise,4410,2134,0.03638444133659826,0.033378970554683994,0.8179961283875158,66.75979358357593,0.18647204042986104,1,0.1225640042933614,0
boxes_cylinder_strong_noise_hard_mixed,strong_noise,4414,1843,0.06120626783487243,0.0551759057879699,0.9971762355883372,212.85300986458373,-0.15502922494096202,1,0.11207734169388496,0
