sample_id,scenario,source_index,target_index,distance_T0,point_to_plane_residual,normal_dot_abs,fpfh_distance,log_normalized_density_ratio,is_mutual_nn,label_distance,target_weight
real_20260626_161911_pallet_rack_cluster021_part1_refined_from_voxel005_medium,real_previous_registration,0,276,0.3379750996249986,0.3320033052595153,0.1892679777179801,123.25710288814209,0.6567788141676708,0,0.0662711846336751,1
real_20260626_161911_pallet_rack_cluster021_part1_refined_from_voxel005_medium,real_previous_registration,1,49,0.05879649214778407,0.011553570244907871,0.17583823973981505,125.78404399948346,-0.223143201314761,0,0.2826632187355721,0
real_20260626_161911_pallet_rack_cluster021_part1_refined_from_voxel005_medium,real_previous_registration,2,265,0.021119473738945654,0.02029052855125242,0.01856830367248602,124.81187929064855,0.7178387175422412,0,0.30237029512280744,0
real_20260626_161911_pallet_rack_cluster021_part1_refined_from_voxel005_medium,real_previous_registration,3,186,0.0784174157289025,0.021242513369498107,0.5544766507189953,98.30433902901146,0.5198746853313125,0,0.3081279019461664,0
real_20260626_161911_pallet_rack_cluster021_part1_refined_from_voxel005_medium,real_previous_registration,4,431,0.16827926809059665,0.14589304702726327,0.06357006091012203,56.82657466154173,0.020619269345608517,0,0.18053929235169006,0
real_20260626_161911_pallet_rack_cluster021_part1_refined_from_voxel005_medium,real_previous_registration,5,265,0.04975424912440374,0.04945275123207664,0.06318434293840475,126.94947938740792,0.5877857315703102,0,0.30433589237497105,0
real_20260626_161911_pallet_rack_cluster021_part1_refined_from_voxel005_medium,real_previous_registration,6,300,0.18496274593558415,0.06995575382508948,0.9732208855851173,123.28560846808242,0.22314328881451986,0,0.1264494166777882,0
real_20260626_161911_pallet_rack_cluster021_part1_refined_from_voxel005_medium,real_previous_registration,7,68,0.04754023777939171,0.03369915193702691,0.7121480777028921,75.09228820571957,0.35282089437392256,0,0.28321618015423816,0
real_20260626_161911_pallet_rack_cluster021_part1_refined_from_voxel005_medium,real_previous_registration,8,276,0.335641867058736,0.3284497655777074,0.010761199122074981,129.21466272932201,0.7108459945023049,0,0.08258737504282573,1
real_20260626_161911_pallet_rack_cluster021_part1_refined_from_voxel005_medium,real_previous_registration,9,404,0.10509709799720386,0.0887547083746918,0.14758375752499786,87.15548419699861,-0.11122550507941678,0,0.2203088047665507,0
real_20260626_161911_pallet_rack_cluster021_part1_refined_from_voxel005_medium,real_previous_registration,10,204,0.4248040419484806,0.390524027339874,0.4048304909515154,121.43136586720941,0.4732872877087314,0,0.11423109089407293,0
real_20260626_161911_pallet_rack_cluster021_part1_refined_from_voxel005_medium,real_previous_registration,11,14,0.3771815652871569,0.35905898932281377,0.04415247686660775,199.49759664558843,2.0476836982581723,0,0.10709883777616522,0
real_20260626_161911_pallet_rack_cluster021_part1_refined_from_voxel005_medium,real_previous_registration,12,102,0.4298202720720421,0.25326055014461,0.575160238830899,141.99659983950863,0.05129323912445218,0,0.1117021016349674,0
real_20260626_161911_pallet_rack_cluster021_part1_refined_from_voxel005_medium,real_previous_registration,13,91,0.21020712146236228,0.20088530916764483,0.12206548390095884,128.2471656548149,-0.03922068084561561,0,0.0846878362826883,1
real_20260626_161911_pallet_rack_cluster021_part1_refined_from_voxel005_medium,real_previous_registration,14,53,0.19354732284141904,0.08942933648997124,0.7075241304841513,102.04181952150611,0.07232058832388621,0,0.17756430656314143,0
real_20260626_161911_pallet_rack_cluster021_part1_refined_from_voxel005_medium,real_previous_registration,15,48,0.33905444669855644,0.20885532659033657,0.8304872109639532,280.1275474758357,1.1631479223136396,0,0.12844493488604292,0
real_20260626_161911_pallet_rack_cluster021_part1_refined_from_voxel005_medium,real_previous_registration,16,68,0.051973893536505375,0.04308501390458886,0.7650588999031461,79.0815814676506,0.45547493768923425,0,0.280233461514342,0
real_20260626_161911_pallet_rack_cluster021_part1_refined_from_voxel005_medium,real_previous_registration,17,60,0.36256890270747605,0.22977247290071962,0.9270636558548302,158.2403145035951,0.37729368114227935,0,0.06989738246018462,1
real_20260626_161911_pallet_rack_cluster021_part1_refined_from_voxel005_medium,real_previous_registration,18,276,0.3465657117603441,0.3365828050921572,0.32432512023582827,121.4570680441074,0.7621392520477767,0,0.08407748795217128,1
real_20260626_161911_pallet_rack_cluster021_part1_refined_from_voxel005_medium,real_previous_registration,19,236,0.12495713491043052,0.014497808767904397,0.9983965759334371,144.80965839401352,0.3829918068020847,0,0.17575055291471375,0
real_20260626_161911_pallet_rack_cluster021_part1_refined_from_voxel005_medium,real_previous_registration,20,65,0.4183572037844453,0.417843407538209,0.42645963814434923,80.58362847719305,-0.27329304804346266,0,0.12222934224355735,0
real_20260626_161911_pallet_rack_cluster021_part1_refined_from_voxel005_medium,real_previous_registration,21,360,0.4674089092441388,0.2943539471807026,0.7136400956519545,183.27996939187787,0.37729368114227935,0,0.29529422368278513,0
real_20260626_161911_pallet_rack_cluster021_part1_refined_from_voxel005_medium,real_previous_registration,22,276,0.3792871645166601,0.3737621142758706,0.04976562183901179,127.95229629651365,0.6567788141676708,0,0.11151978712083793,0
real_20260626_161911_pallet_rack_cluster021_part1_refined_from_voxel005_medium,real_previous_registration,23,91,0.33553296594896453,0.33012547300386774,0.04272512406319936,147.62175037773218,-0.3677244211513127,0,0.09349968744212339,1
real_20260626_161911_pallet_rack_cluster021_part1_refined_from_voxel005_medium,real_previous_registration,24,76,0.34311825590394773,0.038662231337372,0.9355372890298048,115.58739260121274,0.7178387175422412,0,0.13557344349501985,0
real_20260626_161911_pallet_rack_cluster021_part1_refined_from_voxel005_medium,real_previous_registration,25,76,0.10475764217083526,0.002393829167447511,0.5831665165610516,94.43756274434449,0.8109290495514315,0,0.20423446405267076,0
real_20260626_161911_pallet_rack_cluster021_part1_refined_from_voxel005_medium,real_previous_registration,26,169,0.10503487677171859,0.0952916743861702,0.6593288801645869,106.2049827855492,-0.07410789523072468,0,0.25242005840439957,0
real_20260626_161911_pallet_rack_cluster021_part1_refined_from_voxel005_medium,real_previous_registration,27,65,0.28694314075227184,0.2722476136987268,0.6072920826282345,76.0906326663668,0.4888463640039972,0,0.043232333657438025,1
real_20260626_161911_pallet_rack_cluster021_part1_refined_from_voxel005_medium,real_previous_registration,28,431,0.18179210669956972,0.18066090212779642,0.016127057881048977,74.01249008318824,0.11778293843424162,0,0.1430172731453293,0
real_20260626_161911_pallet_rack_cluster021_part1_refined_from_voxel005_medium,real_previous_registration,29,373,0.0786216735491343,0.07038362333751479,0.667023834373141,115.16238416890006,0.19782550775327828,0,0.3068525632865373,0
real_20260626_161911_pallet_rack_cluster021_part1_refined_from_voxel005_medium,real_previous_registration,30,60,0.027485994843227456,0.009386532755885954,0.8633139992026132,114.41914472669276,0.432863467432301,1,0.2991680079223146,0
real_20260626_161911_pallet_rack_cluster021_part1_refined_from_voxel005_medium,real_previous_registration,31,76,0.11876195198020512,0.025297660892168054,0.7204720271376179,97.9124031419876,0.6151846742269294,0,0.22183885888347432,0
real_20260626_161911_pallet_rack_cluster021_part1_refined_from_voxel005_medium,real_previous_registration,32,360,0.14053743064105895,0.01906845037575354,0.14557495969242162,95.68189214740417,0.40546452477568173,0,0.3211380018498932,0
real_20260626_161911_pallet_rack_cluster021_part1_refined_from_voxel005_medium,real_previous_registration,33,186,0.04520732279739867,0.025297118808691593,0.5372532205079285,97.0658021819505,0.4643048990412911,0,0.30900931486212135,0
real_20260626_161911_pallet_rack_cluster021_part1_refined_from_voxel005_medium,real_previous_registration,34,360,0.23719832258647539,0.1710085379255022,0.8081950788104241,127.3992064894709,0.6061350081168457,0,0.11312285642607553,0
real_20260626_161911_pallet_rack_cluster021_part1_refined_from_voxel005_medium,real_previous_registration,35,162,0.31741589877588,0.2348860298422778,0.7524328739722186,155.60365130748679,0.8329079359803705,0,0.03081541693318173,1
real_20260626_161911_pallet_rack_cluster021_part1_refined_from_voxel005_medium,real_previous_registration,36,204,0.44018453386377393,0.2582443050387222,0.29905007903677816,196.15172386948538,-0.17185004969006776,0,0.21901982706231388,0
real_20260626_161911_pallet_rack_cluster021_part1_refined_from_voxel005_medium,real_previous_registration,37,133,0.48995345043145866,0.331657741087402,0.38487220206153505,100.42510857106058,-0.21130885837335212,0,0.2075913853922321,0
real_20260626_161911_pallet_rack_cluster021_part1_refined_from_voxel005_medium,real_previous_registration,38,431,0.24309704242664937,0.24131350654098271,0.14393046746277427,61.375991242297644,0.4192581305831834,0,0.07751470367220722,1
real_20260626_161911_pallet_rack_cluster021_part1_refined_from_voxel005_medium,real_previous_registration,39,431,0.25917176254957053,0.24867284386994076,0.26009278737936237,80.83561924072458,0.15415055482735993,0,0.08281136327466097,1
real_20260626_161911_pallet_rack_cluster021_part1_refined_from_voxel005_medium,real_previous_registration,40,204,0.43237504671106475,0.2926045694746413,0.3052234317614507,163.25338391379879,-0.2035987056659947,0,0.18609110606387883,0
real_20260626_161911_pallet_rack_cluster021_part1_refined_from_voxel005_medium,real_previous_registration,41,382,0.07408849379053503,0.04183538899465853,0.9268637884691264,112.05318015146365,-0.5328038879734815,0,0.23452386606384612,0
real_20260626_161911_pallet_rack_cluster021_part1_refined_from_voxel005_medium,real_previous_registration,42,207,0.2811915332971103,0.1549340377781826,0.9881990678272191,160.8733745979887,0.405464641442042,0,0.0795678873131269,1
real_20260626_161911_pallet_rack_cluster021_part1_refined_from_voxel005_medium,real_previous_registration,43,14,0.4530986918874464,0.4358023381684152,0.04224399830536971,235.91404659665608,2.0148939205964096,0,0.17208852183387424,0
real_20260626_161911_pallet_rack_cluster021_part1_refined_from_voxel005_medium,real_previous_registration,44,456,0.1802809117570673,0.10063109112311519,0.9146372978993449,102.3744052973357,0.1625187442038689,0,0.13452917759212535,0
real_20260626_161911_pallet_rack_cluster021_part1_refined_from_voxel005_medium,real_previous_registration,45,204,0.4784929032458843,0.4315020647486084,0.11427547764412399,115.052714724594,-0.054067159866836856,0,0.16261806907140205,0
real_20260626_161911_pallet_rack_cluster021_part1_refined_from_voxel005_medium,real_previous_registration,46,276,0.42392121396431015,0.4206352579852494,0.07107911449796381,105.98741505280042,0.538995875733429,0,0.14131357922033408,0
real_20260626_161911_pallet_rack_cluster021_part1_refined_from_voxel005_medium,real_previous_registration,47,17,0.0747751985309254,0.07306313083826578,0.3272976132341836,73.54744548880807,0.3364718366216928,0,0.29992803641051513,0
real_20260626_161911_pallet_rack_cluster021_part1_refined_from_voxel005_medium,real_previous_registration,48,68,0.2346432969117744,0.2323150468736133,0.29280597233163597,131.88950932018912,0.4795724648780755,0,0.08367838253411879,1
real_20260626_161911_pallet_rack_cluster021_part1_refined_from_voxel005_medium,real_previous_registration,49,48,0.3611124971252314,0.20828068148743845,0.8277086646231357,281.41062279914985,1.1313992663377126,0,0.1706340256739161,0
real_20260626_161911_pallet_rack_cluster021_part1_refined_from_voxel005_medium,real_previous_registration,50,455,0.23502073517740255,0.1303824316750316,0.8926240064325054,96.1755256112965,0.14660332347432725,0,0.06925112476592703,1
real_20260626_161911_pallet_rack_cluster021_part1_refined_from_voxel005_medium,real_previous_registration,51,412,0.40606879339686647,0.2937933436914825,0.7873783919034799,162.9591650012072,0.432863467432301,0,0.1018183369919448,0
real_20260626_161911_pallet_rack_cluster021_part1_refined_from_voxel005_medium,real_previous_registration,52,157,0.25075865544761794,0.034076038270696295,0.9476979806859188,104.68651222861195,0.664975170261918,0,0.042139507798956866,1
real_20260626_161911_pallet_rack_cluster021_part1_refined_from_voxel005_medium,real_previous_registration,53,65,0.283447869610511,0.273409380844034,0.33283369372020727,89.40125727014102,0.36101306885770285,0,0.04806179858309336,1
real_20260626_161911_pallet_rack_cluster021_part1_refined_from_voxel005_medium,real_previous_registration,54,300,0.2083802392868477,0.0782646998021185,0.964198675443829,118.38670287833764,0.08961204618982847,0,0.12084108283155261,0
real_20260626_161911_pallet_rack_cluster021_part1_refined_from_voxel005_medium,real_previous_registration,55,276,0.33348071813874186,0.329470287785141,0.04774083305655956,116.45797123389228,0.693146430560789,0,0.061703813483727346,1
real_20260626_161911_pallet_rack_cluster021_part1_refined_from_voxel005_medium,real_previous_registration,56,207,0.3641315527136532,0.16733412309514928,0.9816735976062028,173.06899662600662,0.18232132346092056,0,0.08332743193014723,1
real_20260626_161911_pallet_rack_cluster021_part1_refined_from_voxel005_medium,real_previous_registration,57,65,0.295101765711525,0.2845930524422833,0.15899978799956097,123.02154065543239,0.21440969514422745,0,0.1259660050840474,0
real_20260626_161911_pallet_rack_cluster021_part1_refined_from_voxel005_medium,real_previous_registration,58,412,0.09292032005515062,0.09120255697593858,0.1406878703709447,131.8470914643652,0.7537708759069839,0,0.25408457235204435,0
real_20260626_161911_pallet_rack_cluster021_part1_refined_from_voxel005_medium,real_previous_registration,59,49,0.3309306333181668,0.23361048551304817,0.7270092410594466,153.53308814327352,0.3829918068020847,0,0.04513815498964145,1
real_20260626_161911_pallet_rack_cluster021_part1_refined_from_voxel005_medium,real_previous_registration,60,276,0.1961746754379886,0.18109341677257967,0.023820755266421904,94.11559369417812,0.5596151450790374,0,0.12021596079392674,0
real_20260626_161911_pallet_rack_cluster021_part1_refined_from_voxel005_medium,real_previous_registration,61,204,0.41201349351404193,0.3401561110032637,0.2407882522162782,113.30242559713282,0.4228564696951553,0,0.1268745203593734,0
real_20260626_161911_pallet_rack_cluster021_part1_refined_from_voxel005_medium,real_previous_registration,62,276,0.15646913868103776,0.1339990019761638,0.05087819233932693,92.37493541028569,0.40546460810878937,0,0.16238502457174392,0
real_20260626_161911_pallet_rack_cluster021_part1_refined_from_voxel005_medium,real_previous_registration,63,49,0.27606126932528524,0.19865321097752414,0.7576926426567346,147.29905542877376,0.3829918068020847,0,0.055823643340105644,1
real_20260626_161911_pallet_rack_cluster021_part1_refined_from_voxel005_medium,real_previous_registration,64,276,0.07568976110903744,0.06389694574723706,0.6991737557701785,106.53165502678989,0.1643028240188642,0,0.2243556264389566,0
real_20260626_161911_pallet_rack_cluster021_part1_refined_from_voxel005_medium,real_previous_registration,65,265,0.35389394945086317,0.14095925100614598,0.8857044417597792,174.53978271359938,0.5596148879369078,0,0.07985135649743817,1
real_20260626_161911_pallet_rack_cluster021_part1_refined_from_voxel005_medium,real_previous_registration,66,265,0.36287519841481336,0.164380482730668,0.8349510993889732,154.5543025312761,0.5877857315703102,0,0.16396765305238045,0
real_20260626_161911_pallet_rack_cluster021_part1_refined_from_voxel005_medium,real_previous_registration,67,48,0.2986593566053588,0.20983230857143081,0.8329444528487558,173.15071141795954,1.1313992663377126,0,0.07499567071547923,1
real_20260626_161911_pallet_rack_cluster021_part1_refined_from_voxel005_medium,real_previous_registration,68,102,0.4291931798317348,0.26179581019692527,0.8097997386282962,133.5798127293465,0.2542338902641834,0,0.11369255173200954,0
real_20260626_161911_pallet_rack_cluster021_part1_refined_from_voxel005_medium,real_previous_registration,69,360,0.41475289600367155,0.2831654415603271,0.6974712505312625,168.78973797942302,0.37729368114227935,0,0.17339697241305793,0
real_20260626_161911_pallet_rack_cluster021_part1_refined_from_voxel005_medium,real_previous_registration,70,9,0.38158172403366075,0.33541003595110913,0.5876698865240408,98.69797386289315,1.1592351090170625,0,0.12577364783223516,0
real_20260626_161911_pallet_rack_cluster021_part1_refined_from_voxel005_medium,real_previous_registration,71,133,0.3432512221328284,0.20084955440704208,0.662359250842887,115.18160846869003,0.19415583797053004,0,0.07706355279908518,1
real_20260626_161911_pallet_rack_cluster021_part1_refined_from_voxel005_medium,real_previous_registration,72,360,0.4509469307232236,0.31605671171339705,0.745885611257123,187.2679300683536,0.34830617956310167,0,0.2586832605522516,0
real_20260626_161911_pallet_rack_cluster021_part1_refined_from_voxel005_medium,real_previous_registration,73,14,0.46826249156194416,0.4335502912812389,0.05324336769348395,270.3365992905413,2.0476836982581723,0,0.2333404461472523,0
real_20260626_161911_pallet_rack_cluster021_part1_refined_from_voxel005_medium,real_previous_registration,74,300,0.28432243757086034,0.08875423811510812,0.9978096115987688,149.02601727962278,0.38441128002781527,0,0.04075894754415684,1
real_20260626_161911_pallet_rack_cluster021_part1_refined_from_voxel005_medium,real_previous_registration,75,360,0.08201908590947962,0.07621695166552002,0.05308343386437547,94.06159207350225,0.7731889459269945,0,0.23876436151915634,0
real_20260626_161911_pallet_rack_cluster021_part1_refined_from_voxel005_medium,real_previous_registration,76,99,0.40841405556329985,0.17086656713036377,0.7431843035071637,112.24835090896107,0.02353047415440314,0,0.09994505473120752,1
real_20260626_161911_pallet_rack_cluster021_part1_refined_from_voxel005_medium,real_previous_registration,77,276,0.20351308580818173,0.18467736749507319,0.1311995357219297,103.4676238801016,0.49643629935807754,0,0.11993783521991949,0
real_20260626_161911_pallet_rack_cluster021_part1_refined_from_voxel005_medium,real_previous_registration,78,68,0.3264510422117672,0.3223645516693669,0.1221584635647652,154.8019735216733,0.5031029390324785,0,0.031901629762077735,1
real_20260626_161911_pallet_rack_cluster021_part1_refined_from_voxel005_medium,real_previous_registration,79,360,0.41272093512270147,0.27583739694650977,0.6679105527436815,165.50752982393232,0.559615037936454,0,0.28723773967089966,0
real_20260626_161911_pallet_rack_cluster021_part1_refined_from_voxel005_medium,real_previous_registration,80,65,0.3301591880379819,0.3169527450683137,0.5405024046268929,67.15950584143249,0.4198535325170225,0,0.024865032851241038,1
real_20260626_161911_pallet_rack_cluster021_part1_refined_from_voxel005_medium,real_previous_registration,81,383,0.06012478346758412,0.05963793152515146,0.4446684340329444,126.07356817243502,0.11778291898983237,0,0.3037089330264464,0
real_20260626_161911_pallet_rack_cluster021_part1_refined_from_voxel005_medium,real_previous_registration,82,91,0.3393580260048466,0.339077459832169,0.037667623978137,143.71219854486506,-0.12260221674125232,0,0.07743185451050213,1
real_20260626_161911_pallet_rack_cluster021_part1_refined_from_voxel005_medium,real_previous_registration,83,9,0.060943715093704345,0.05405361068855287,0.2708896143288853,89.72556217279212,0.5596146629377431,0,0.2797598416630937,0
real_20260626_161911_pallet_rack_cluster021_part1_refined_from_voxel005_medium,real_previous_registration,84,102,0.1937886853575845,0.11980787783059856,0.6382159565384647,133.2852339420298,0.23361462091857504,0,0.12978510113461977,0
real_20260626_161911_pallet_rack_cluster021_part1_refined_from_voxel005_medium,real_previous_registration,85,199,0.0796139197903134,0.007809613878552654,0.7632232174420199,77.00888963071884,-0.4054646081087893,0,0.31817525158028187,0
real_20260626_161911_pallet_rack_cluster021_part1_refined_from_voxel005_medium,real_previous_registration,86,49,0.069635921110908,0.005392812959169338,0.1988002487299977,92.35244280379763,-0.10536036010250051,0,0.27850462949864613,0
real_20260626_161911_pallet_rack_cluster021_part1_refined_from_voxel005_medium,real_previous_registration,87,300,0.3654787272746311,0.10146810707977276,0.9975003335158272,202.4304675585686,0.06062454461065085,0,0.07575961492578696,1
real_20260626_161911_pallet_rack_cluster021_part1_refined_from_voxel005_medium,real_previous_registration,88,276,0.4226665573865434,0.41805299362951903,0.24821247242319394,123.68367614942167,0.638086695830559,0,0.14949244780238483,0
real_20260626_161911_pallet_rack_cluster021_part1_refined_from_voxel005_medium,real_previous_registration,89,99,0.14100223424684208,0.04552490650730418,0.9672316172629685,114.92222304275968,0.42121312132658817,0,0.18378271297918586,0
real_20260626_161911_pallet_rack_cluster021_part1_refined_from_voxel005_medium,real_previous_registration,90,115,0.08991826898427466,0.008918476421008781,0.8171495245602287,81.36568278252194,-0.12062786541111652,0,0.3290704081277878,0
real_20260626_161911_pallet_rack_cluster021_part1_refined_from_voxel005_medium,real_previous_registration,91,300,0.35370125217006515,0.09645883071254338,0.9900604463853452,189.65433347645015,0.06062454461065085,0,0.05921402235734909,1
real_20260626_161911_pallet_rack_cluster021_part1_refined_from_voxel005_medium,real_previous_registration,92,65,0.33890074551053284,0.33878673180131996,0.24136446717490992,92.86382699592403,0.19671013120271136,0,0.08029746394109413,1
real_20260626_161911_pallet_rack_cluster021_part1_refined_from_voxel005_medium,real_previous_registration,93,98,0.2982463800447321,0.08787575648854692,0.808076942532655,274.357778597287,0.9650776460553685,0,0.34654347769895844,0
real_20260626_161911_pallet_rack_cluster021_part1_refined_from_voxel005_medium,real_previous_registration,94,204,0.41632552212065294,0.3462020414920433,0.3789979964876617,124.62297590647047,0.21256123033774763,0,0.11712448507701262,0
real_20260626_161911_pallet_rack_cluster021_part1_refined_from_voxel005_medium,real_previous_registration,95,439,0.20317116922596762,0.16606180487932218,0.9317930958453801,104.65311553474984,0.22314325131461493,0,0.12789099796760556,0
real_20260626_161911_pallet_rack_cluster021_part1_refined_from_voxel005_medium,real_previous_registration,96,265,0.04930993454945214,0.0315702175712922,0.15179352117213535,132.96869762159125,0.8544141217748946,0,0.2893526830334816,0
real_20260626_161911_pallet_rack_cluster021_part1_refined_from_voxel005_medium,real_previous_registration,97,204,0.29968512788793045,0.28026669855778175,0.5232527016690104,115.7415148365128,0.43995089078093985,0,0.07008956114218315,1
real_20260626_161911_pallet_rack_cluster021_part1_refined_from_voxel005_medium,real_previous_registration,98,204,0.18958467322821979,0.1837415611585491,0.4371981158499608,106.75156793917282,0.45675799723292276,0,0.14394612351702052,0
real_20260626_161911_pallet_rack_cluster021_part1_refined_from_voxel005_medium,real_previous_registration,99,455,0.4011547096421695,0.2468828061623498,0.7244881802923222,168.25006573326127,0.16907615811428456,0,0.11214042214223975,0
real_20260626_161911_pallet_rack_cluster021_part1_refined_from_voxel005_medium,real_previous_registration,100,369,0.04516121405751634,0.030922751592624358,0.6230521068279854,144.30416661713747,0.1053603989912889,0,0.26357286358729126,0
real_20260626_161911_pallet_rack_cluster021_part1_refined_from_voxel005_medium,real_previous_registration,101,373,0.039517595954180466,0.021269921549176795,0.7230463481362379,135.53419170413687,0.42608393995425126,0,0.2736568193404881,0
real_20260626_161911_pallet_rack_cluster021_part1_refined_from_voxel005_medium,real_previous_registration,102,265,0.040527098060283394,0.01028004189284958,0.012146763894333501,122.12345595722164,0.7419362447310824,0,0.31165480272898605,0
real_20260626_161911_pallet_rack_cluster021_part1_refined_from_voxel005_medium,real_previous_registration,103,455,0.48414661629835365,0.28956055547423665,0.7691691070474534,190.88438899236152,-0.11122550507941678,0,0.19831605008703723,0
real_20260626_161911_pallet_rack_cluster021_part1_refined_from_voxel005_medium,real_previous_registration,104,162,0.04023725334629937,0.02077733743147068,0.2744726179036414,101.75368776447135,0.6678283495003576,0,0.2830817043655657,0
real_20260626_161911_pallet_rack_cluster021_part1_refined_from_voxel005_medium,real_previous_registration,105,265,0.07795562177181713,0.049883480671816915,0.22631781351333502,113.7889661261795,0.8329079359803705,0,0.2471416627665818,0
real_20260626_161911_pallet_rack_cluster021_part1_refined_from_voxel005_medium,real_previous_registration,106,102,0.38690468839311004,0.22859512152015518,0.19304621266787117,129.04574081757917,0.2542338902641834,0,0.06961906242847216,1
real_20260626_161911_pallet_rack_cluster021_part1_refined_from_voxel005_medium,real_previous_registration,107,162,0.17367659540952873,0.14506202636655882,0.8587465707529434,129.5262524841362,0.8544141217748946,0,0.14871392639883058,0
real_20260626_161911_pallet_rack_cluster021_part1_refined_from_voxel005_medium,real_previous_registration,108,17,0.18778326818940747,0.03630011841922412,0.9973211720133806,95.02872725986825,0.4489497136655051,0,0.11559495872005837,0
real_20260626_161911_pallet_rack_cluster021_part1_refined_from_voxel005_medium,real_previous_registration,109,385,0.0676078676931198,0.006565298983419704,0.205917349382912,92.87028691792861,-0.2231433413144081,0,0.2686416240421835,0
real_20260626_161911_pallet_rack_cluster021_part1_refined_from_voxel005_medium,real_previous_registration,110,91,0.3424547523068966,0.3361483695215461,0.18985938132940305,153.65423085821175,-0.10109603094672824,0,0.06142745941633673,1
real_20260626_161911_pallet_rack_cluster021_part1_refined_from_voxel005_medium,real_previous_registration,111,186,0.27237094092381897,0.24612083146550412,0.34092634879747746,143.07230239796675,0.7156190606558148,0,0.07401838719888261,1
real_20260626_161911_pallet_rack_cluster021_part1_refined_from_voxel005_medium,real_previous_registration,112,455,0.3964151568322473,0.21650013378519659,0.7236085207991212,164.4496681437952,0.12361382744833849,0,0.11379775851650271,0
real_20260626_161911_pallet_rack_cluster021_part1_refined_from_voxel005_medium,real_previous_registration,113,14,0.38158361036509797,0.3602520483554569,0.04224399830536984,238.7977638854523,2.0476836982581723,0,0.13069039596386484,0
real_20260626_161911_pallet_rack_cluster021_part1_refined_from_voxel005_medium,real_previous_registration,114,99,0.407903893313433,0.1431118850409573,0.7600193961879389,114.45901470752962,0.02353047415440314,0,0.10513560959138543,0
real_20260626_161911_pallet_rack_cluster021_part1_refined_from_voxel005_medium,real_previous_registration,115,115,0.06425808522152027,0.01304561898419676,0.8644788665261868,76.80075517236894,-0.022989496025988827,0,0.3343788838894853,0
real_20260626_161911_pallet_rack_cluster021_part1_refined_from_voxel005_medium,real_previous_registration,116,456,0.23807479599514209,0.12203603516489678,0.9470818449118386,117.13955100120496,0.30228054962264034,0,0.0780075996122377,1
real_20260626_161911_pallet_rack_cluster021_part1_refined_from_voxel005_medium,real_previous_registration,117,157,0.08310507630031255,0.03957785566969188,0.6510673308885075,103.27888242640559,0.7472131737621572,0,0.2548709851712263,0
real_20260626_161911_pallet_rack_cluster021_part1_refined_from_voxel005_medium,real_previous_registration,118,98,0.08565827929263012,0.07193155949124952,0.8382017218709967,182.63830982481946,0.9650776460553685,0,0.2421271234104813,0
real_20260626_161911_pallet_rack_cluster021_part1_refined_from_voxel005_medium,real_previous_registration,119,60,0.09547328199868298,0.08367055398554665,0.9201247078123198,100.80086358992304,0.5355175107476127,0,0.23191624136973352,0
real_20260626_161911_pallet_rack_cluster021_part1_refined_from_voxel005_medium,real_previous_registration,120,76,0.13057995724709578,0.03226160294521445,0.6607049930575009,102.34069491431019,0.5596148879369078,0,0.20049034110837885,0
real_20260626_161911_pallet_rack_cluster021_part1_refined_from_voxel005_medium,real_previous_registration,121,17,0.1153039790374117,0.10759238552869935,0.42256255653414293,74.02222013952918,0.2097202661175399,0,0.31862106066708523,0
real_20260626_161911_pallet_rack_cluster021_part1_refined_from_voxel005_medium,real_previous_registration,122,60,0.21667183052303315,0.1740751658181982,0.8734761377734618,119.71716593741745,0.5108249237669706,0,0.13685418435525176,0
real_20260626_161911_pallet_rack_cluster021_part1_refined_from_voxel005_medium,real_previous_registration,123,91,0.06814852307725154,0.04452606179147306,0.21059553039884266,79.58684728168711,-0.26236402216002386,0,0.2383282460952297,0
real_20260626_161911_pallet_rack_cluster021_part1_refined_from_voxel005_medium,real_previous_registration,124,441,0.04367472543293354,0.0034833466271121773,0.6983397015012897,145.32519398510652,0.1053603989912889,1,0.2640917326624572,0
real_20260626_161911_pallet_rack_cluster021_part1_refined_from_voxel005_medium,real_previous_registration,125,162,0.27261100052799614,0.20644302135263903,0.7555482941226613,149.08189123802023,0.8754675123557221,0,0.0497209388010221,1
real_20260626_161911_pallet_rack_cluster021_part1_refined_from_voxel005_medium,real_previous_registration,126,99,0.18202002107267323,0.062214500965851835,0.9750144738795685,124.76658522521053,0.28768182245199975,0,0.14125096115150784,0
real_20260626_161911_pallet_rack_cluster021_part1_refined_from_voxel005_medium,real_previous_registration,127,76,0.3097122789033821,0.03670604632767855,0.9422280335464789,120.46011869509974,0.7178387175422412,0,0.051444724827548985,1
real_20260626_161911_pallet_rack_cluster021_part1_refined_from_voxel005_medium,real_previous_registration,128,431,0.09251539191423169,0.08533747009214743,0.18468557356282878,75.24710727434496,0.020619269345608517,0,0.23555285672520665,0
real_20260626_161911_pallet_rack_cluster021_part1_refined_from_voxel005_medium,real_previous_registration,129,186,0.3614425450763309,0.30754014980557837,0.37814218248429077,185.30193877253882,0.43531739746211334,0,0.1530504039838335,0
real_20260626_161911_pallet_rack_cluster021_part1_refined_from_voxel005_medium,real_previous_registration,130,99,0.09252176806752839,0.02501825546688962,0.46850458654847305,112.83556977597391,0.33986753748700455,0,0.2391073006762238,0
real_20260626_161911_pallet_rack_cluster021_part1_refined_from_voxel005_medium,real_previous_registration,131,68,0.40421647525690874,0.3979599780871203,0.10824876194285155,139.64086230521391,0.32542195171730326,0,0.0961272448812637,1
real_20260626_161911_pallet_rack_cluster021_part1_refined_from_voxel005_medium,real_previous_registration,132,382,0.10200644290434384,0.033705804112189305,0.9612931894288931,120.84992418287045,-0.06744121709488513,0,0.19307798341198518,0
real_20260626_161911_pallet_rack_cluster021_part1_refined_from_voxel005_medium,real_previous_registration,133,162,0.39861022749701436,0.2860858289520938,0.7166364841337826,175.84539485026298,0.6151846742269294,0,0.09362737065452229,1
real_20260626_161911_pallet_rack_cluster021_part1_refined_from_voxel005_medium,real_previous_registration,134,9,0.09245912238686421,0.08010227589042344,0.05828009218025271,89.92516458978112,1.0986105386711722,0,0.23477280560453978,0
real_20260626_161911_pallet_rack_cluster021_part1_refined_from_voxel005_medium,real_previous_registration,135,360,0.15539655689314089,0.043508592447680496,0.27066186195676645,96.34700183279789,0.583145512090857,0,0.32654035178871266,0
real_20260626_161911_pallet_rack_cluster021_part1_refined_from_voxel005_medium,real_previous_registration,136,91,0.24726155187604112,0.24271522551908192,0.12613669702390715,133.77680777466705,-0.19004343383613753,0,0.08266923457402625,1
real_20260626_161911_pallet_rack_cluster021_part1_refined_from_voxel005_medium,real_previous_registration,137,265,0.26958688064114555,0.1148953384939137,0.8498106480299864,157.0789431208291,0.7654667188854855,0,0.06507384021069362,1
real_20260626_161911_pallet_rack_cluster021_part1_refined_from_voxel005_medium,real_previous_registration,138,9,0.29910927895422895,0.26773675640426575,0.5553134215639353,109.95219243376442,1.0775571480903448,0,0.06884682052080437,1
real_20260626_161911_pallet_rack_cluster021_part1_refined_from_voxel005_medium,real_previous_registration,139,276,0.22120844154093403,0.22098827023531112,0.11985310996416218,96.85471779647678,0.33135671287806456,0,0.06518857777717235,1
real_20260626_161911_pallet_rack_cluster021_part1_refined_from_voxel005_medium,real_previous_registration,140,102,0.142754772241707,0.0670429395614356,0.36863280630526707,116.3199805196295,0.40546473968745095,0,0.18056965864272798,0
real_20260626_161911_pallet_rack_cluster021_part1_refined_from_voxel005_medium,real_previous_registration,141,157,0.09692035971012303,0.022156510496890474,0.7382501363657314,111.25743736959147,0.9162893318764418,0,0.20747030866855018,0
real_20260626_161911_pallet_rack_cluster021_part1_refined_from_voxel005_medium,real_previous_registration,142,186,0.0695426575526781,0.006352094228524466,0.5962097724946147,93.34573400241483,0.6466262558354655,0,0.3104766506892291,0
real_20260626_161911_pallet_rack_cluster021_part1_refined_from_voxel005_medium,real_previous_registration,143,56,0.0815888163403014,0.07105216919083086,0.1644209759879223,85.37887801256856,0.3364718366216928,0,0.2738932712841191,0
real_20260626_161911_pallet_rack_cluster021_part1_refined_from_voxel005_medium,real_previous_registration,144,265,0.019943931592501473,0.01977747830621812,0.05289733093847515,135.9342965018626,0.8544141217748946,1,0.28947907024390573,0
real_20260626_161911_pallet_rack_cluster021_part1_refined_from_voxel005_medium,real_previous_registration,145,276,0.4174243844984395,0.4173746995349527,0.06383218976807457,121.39838315142741,0.42899508226319244,0,0.13602510152648986,0
real_20260626_161911_pallet_rack_cluster021_part1_refined_from_voxel005_medium,real_previous_registration,146,455,0.18821721372181857,0.133816356343321,0.6828748206581485,75.6444867518198,0.19105504454322356,0,0.11745329923293128,0
real_20260626_161911_pallet_rack_cluster021_part1_refined_from_voxel005_medium,real_previous_registration,147,233,0.05418192180555758,0.009176734397217034,0.09819944026550081,127.59022361679204,0.405464641442042,0,0.26383324753319076,0
real_20260626_161911_pallet_rack_cluster021_part1_refined_from_voxel005_medium,real_previous_registration,148,360,0.3367117863139485,0.20662330465690085,0.6694418689831851,139.47116522101246,0.432863467432301,0,0.23800133638858667,0
real_20260626_161911_pallet_rack_cluster021_part1_refined_from_voxel005_medium,real_previous_registration,149,276,0.3257992894479448,0.32284535345494836,0.01917982459724798,126.07443381443541,0.49643629935807754,0,0.0690437159246095,1
real_20260626_161911_pallet_rack_cluster021_part1_refined_from_voxel005_medium,real_previous_registration,150,14,0.4202907368429894,0.3588489150829006,0.049699202098816606,271.3629939989204,2.0148939205964096,0,0.2484843110574293,0
real_20260626_161911_pallet_rack_cluster021_part1_refined_from_voxel005_medium,real_previous_registration,151,65,0.3348038432687284,0.3212323908285911,0.13234992266061438,117.58939012170651,0.12260221674125246,0,0.12415075679876737,0
real_20260626_161911_pallet_rack_cluster021_part1_refined_from_voxel005_medium,real_previous_registration,152,9,0.11906281722892247,0.08735772833837614,0.5009195504183906,83.6456777639831,1.304946808533537,0,0.250520239336688,0
real_20260626_161911_pallet_rack_cluster021_part1_refined_from_voxel005_medium,real_previous_registration,153,455,0.18113504924886342,0.10325744924328542,0.4163622342700832,100.34731054864618,0.2542338902641834,0,0.12392809850268845,0
real_20260626_161911_pallet_rack_cluster021_part1_refined_from_voxel005_medium,real_previous_registration,154,431,0.19245708314753673,0.18474490909421507,0.032768166043006794,84.4386741894663,-0.021053390580827426,0,0.14395395004215164,0
real_20260626_161911_pallet_rack_cluster021_part1_refined_from_voxel005_medium,real_previous_registration,155,455,0.4719752616265219,0.26330159586404955,0.7388500207588975,194.87331961780987,-0.054067159866836856,0,0.1824645548444248,0
real_20260626_161911_pallet_rack_cluster021_part1_refined_from_voxel005_medium,real_previous_registration,156,48,0.3877689431649907,0.20188812585801974,0.8277086646231583,283.6170330039657,1.1631479223136396,0,0.16837291350198422,0
real_20260626_161911_pallet_rack_cluster021_part1_refined_from_voxel005_medium,real_previous_registration,157,390,0.4893340459455189,0.2803752582557064,0.45622149771698634,94.06489571937585,0.3184532538465287,0,0.22100289877242502,0
real_20260626_161911_pallet_rack_cluster021_part1_refined_from_voxel005_medium,real_previous_registration,158,455,0.20568812452676,0.10195567449094126,0.44668995714813087,97.11559201742662,0.31365726128447596,0,0.1284861087395277,0
real_20260626_161911_pallet_rack_cluster021_part1_refined_from_voxel005_medium,real_previous_registration,159,383,0.32397436327275814,0.05469252176613759,0.9997355052649435,155.0444043512551,0.0,0,0.0509327307582763,1
real_20260626_161911_pallet_rack_cluster021_part1_refined_from_voxel005_medium,real_previous_registration,160,412,0.1575076768915546,0.15313989298642106,0.8472105324394726,104.90334487087677,0.7137655749067019,0,0.20022193986068526,0
real_20260626_161911_pallet_rack_cluster021_part1_refined_from_voxel005_medium,real_previous_registration,161,265,0.3076636571275168,0.13330668862322256,0.8411770799709093,158.66565379678843,0.7178387175422412,0,0.07326034328075863,1
real_20260626_161911_pallet_rack_cluster021_part1_refined_from_voxel005_medium,real_previous_registration,162,276,0.4704050526509843,0.468679145250327,0.03310784166603181,125.55702480326653,0.3053812548148539,0,0.1863846561150289,0
real_20260626_161911_pallet_rack_cluster021_part1_refined_from_voxel005_medium,real_previous_registration,163,226,0.20127872241777642,0.010145212515590668,0.9471448386665056,133.19316769790822,0.17185004969006767,0,0.12157603827914253,0
real_20260626_161911_pallet_rack_cluster021_part1_refined_from_voxel005_medium,real_previous_registration,164,49,0.054615252394568325,0.05377373930297007,0.17582277721505674,103.16832362980477,0.405464641442042,0,0.2739127790579422,0
real_20260626_161911_pallet_rack_cluster021_part1_refined_from_voxel005_medium,real_previous_registration,165,431,0.13740570110412573,0.13592426625697096,0.12521868572635328,75.41795856042837,0.18924184877658015,0,0.1854767849121599,0
real_20260626_161911_pallet_rack_cluster021_part1_refined_from_voxel005_medium,real_previous_registration,166,455,0.43582590962428874,0.24105483384199147,0.7559047320323593,178.09326993384968,0.07598582610509405,0,0.14852868546680142,0
real_20260626_161911_pallet_rack_cluster021_part1_refined_from_voxel005_medium,real_previous_registration,167,455,0.13236747482273034,0.09161302375874564,0.047491402046113795,75.01377065009386,0.16907615811428456,0,0.17391697268062994,0
real_20260626_161911_pallet_rack_cluster021_part1_refined_from_voxel005_medium,real_previous_registration,168,412,0.37743579224706914,0.2957856933649441,0.7021057630140058,159.24935634411133,0.5108249237669706,0,0.09265243857981727,1
real_20260626_161911_pallet_rack_cluster021_part1_refined_from_voxel005_medium,real_previous_registration,169,354,0.08473066652100412,0.07355620211976965,0.2168114662984725,112.64325211474548,-0.47803528610485496,0,0.25972253890494973,0
real_20260626_161911_pallet_rack_cluster021_part1_refined_from_voxel005_medium,real_previous_registration,170,226,0.23926331952221033,0.024184447291796154,0.8786381145258909,140.47956373435355,0.11778288982323092,0,0.09451269227505477,1
real_20260626_161911_pallet_rack_cluster021_part1_refined_from_voxel005_medium,real_previous_registration,171,412,0.047425537203200724,0.04086932552212853,0.18916543447744344,106.92657783182564,0.628607842756803,0,0.2800069528845925,0
real_20260626_161911_pallet_rack_cluster021_part1_refined_from_voxel005_medium,real_previous_registration,172,14,0.37203770357676524,0.35905120753228853,0.04224399830536967,236.12978620264698,2.079432354234099,0,0.11180353531491677,0
real_20260626_161911_pallet_rack_cluster021_part1_refined_from_voxel005_medium,real_previous_registration,173,100,0.06660897528896965,0.030790804112052362,0.4485396084676019,116.64327297239137,0.24512220441006033,0,0.2650983985472003,0
real_20260626_161911_pallet_rack_cluster021_part1_refined_from_voxel005_medium,real_previous_registration,174,455,0.12124608495528426,0.09152513558704858,0.1339398549500006,82.80494545717895,0.14660332347432725,0,0.17998221886276813,0
real_20260626_161911_pallet_rack_cluster021_part1_refined_from_voxel005_medium,real_previous_registration,175,68,0.2385398072035711,0.23475786325262465,0.357276967398786,130.55383335280573,0.32542195171730326,0,0.11520732322102963,0
real_20260626_161911_pallet_rack_cluster021_part1_refined_from_voxel005_medium,real_previous_registration,176,162,0.15529314124311422,0.14363131121883377,0.891950655743516,113.95863678830473,0.9162894718760074,0,0.19527839852263443,0
real_20260626_161911_pallet_rack_cluster021_part1_refined_from_voxel005_medium,real_previous_registration,177,360,0.36667829953822734,0.2080597053669499,0.6723470509550366,140.06649925239455,0.5108249237669706,0,0.29115953906798353,0
real_20260626_161911_pallet_rack_cluster021_part1_refined_from_voxel005_medium,real_previous_registration,178,114,0.08949140500132903,0.08630376432615959,0.12837052335832322,83.33630497769707,0.4054645696473508,0,0.2652834709915958,0
real_20260626_161911_pallet_rack_cluster021_part1_refined_from_voxel005_medium,real_previous_registration,179,157,0.4233207927643925,0.05366768755756181,0.9903625185048481,165.3842814130263,0.7731886318253678,0,0.1699909276825308,0
real_20260626_161911_pallet_rack_cluster021_part1_refined_from_voxel005_medium,real_previous_registration,180,115,0.3393091323188854,0.3191293150774545,0.12865400894001477,77.86992930184249,0.37469315114619633,0,0.0288801906628324,1
real_20260626_161911_pallet_rack_cluster021_part1_refined_from_voxel005_medium,real_previous_registration,181,207,0.3526896214852847,0.15420959228839315,0.9788419807707476,171.04684186242451,0.15415047982751834,0,0.1255194847959655,0
real_20260626_161911_pallet_rack_cluster021_part1_refined_from_voxel005_medium,real_previous_registration,182,236,0.0403933571377228,0.03638418925196198,0.7982214938959326,154.0641279833187,0.31237430943285155,0,0.2801020711552375,0
real_20260626_161911_pallet_rack_cluster021_part1_refined_from_voxel005_medium,real_previous_registration,183,230,0.03000860694707058,0.007508830716110988,0.5023170574981682,137.7276635506066,0.0,1,0.2821199282951027,0
real_20260626_161911_pallet_rack_cluster021_part1_refined_from_voxel005_medium,real_previous_registration,184,9,0.29718027722572526,0.2505762258373543,0.4443701469108448,98.91083939111212,1.270460657440048,0,0.07966945848243127,1
real_20260626_161911_pallet_rack_cluster021_part1_refined_from_voxel005_medium,real_previous_registration,185,390,0.08666871260863286,0.04747790920492752,0.052603113217708775,80.97550792600975,0.559615037936454,0,0.21093670989033822,0
real_20260626_161911_pallet_rack_cluster021_part1_refined_from_voxel005_medium,real_previous_registration,186,444,0.09320932376478068,0.0027831222863015787,0.8494986761411233,121.71340343185047,0.048790114169483124,0,0.2311181766104525,0
real_20260626_161911_pallet_rack_cluster021_part1_refined_from_voxel005_medium,real_previous_registration,187,159,0.07391089837472872,0.03844181261115906,0.09063775319765727,87.37818682124363,0.14165039647248137,1,0.24584321963243605,0
real_20260626_161911_pallet_rack_cluster021_part1_refined_from_voxel005_medium,real_previous_registration,188,48,0.4816005652803765,0.22325940769663358,0.8371952580795279,285.4885569991121,1.1313992663377126,0,0.2799103809616921,0
real_20260626_161911_pallet_rack_cluster021_part1_refined_from_voxel005_medium,real_previous_registration,189,162,0.40317205288645114,0.31404277692597105,0.8099047977611438,165.46212042434647,0.6418528914371471,0,0.12006788817319398,0
real_20260626_161911_pallet_rack_cluster021_part1_refined_from_voxel005_medium,real_previous_registration,190,157,0.3005080718522978,0.04305287671111761,0.9942649128668457,129.50169144321237,0.7731886318253678,0,0.03608451447809672,1
real_20260626_161911_pallet_rack_cluster021_part1_refined_from_voxel005_medium,real_previous_registration,191,265,0.0886105927651089,0.03684961257312111,0.6131110018984209,132.43486631518124,0.9162894718760074,0,0.22589284954036123,0
real_20260626_161911_pallet_rack_cluster021_part1_refined_from_voxel005_medium,real_previous_registration,192,360,0.38348052431216756,0.28424422959473084,0.6871315297009011,158.3291614410255,0.5355175107476127,0,0.15093516766784232,0
real_20260626_161911_pallet_rack_cluster021_part1_refined_from_voxel005_medium,real_previous_registration,193,60,0.20400871374659063,0.15313261450754367,0.863366348860546,132.4848914068878,0.583145512090857,0,0.15057525414481168,0
real_20260626_161911_pallet_rack_cluster021_part1_refined_from_voxel005_medium,real_previous_registration,194,455,0.1708023320627718,0.12700715585931727,0.14621474230943554,69.34649857763415,0.025975458063210714,0,0.17353881886322137,0
real_20260626_161911_pallet_rack_cluster021_part1_refined_from_voxel005_medium,real_previous_registration,195,60,0.2867853489383227,0.18802151731630232,0.9417620631733712,138.21277968946197,0.6061350081168457,0,0.08982660652379039,1
real_20260626_161911_pallet_rack_cluster021_part1_refined_from_voxel005_medium,real_previous_registration,196,373,0.13238234263675228,0.10585258483961166,0.6519640792125989,110.41643104872556,-0.16989879374019037,0,0.3267235777659645,0
real_20260626_161911_pallet_rack_cluster021_part1_refined_from_voxel005_medium,real_previous_registration,197,48,0.33724490771045246,0.20515385177451334,0.8305788090528374,249.44166085791133,1.1631479223136396,0,0.03181272894167785,1
real_20260626_161911_pallet_rack_cluster021_part1_refined_from_voxel005_medium,real_previous_registration,198,406,0.23584400278642295,0.16427731800874218,0.07417300642197783,85.39066334145731,-0.07796145633466975,0,0.3069194182714045,0
real_20260626_161911_pallet_rack_cluster021_part1_refined_from_voxel005_medium,real_previous_registration,199,207,0.313301485171478,0.14089179232331805,0.9719530738078421,139.8818309257011,0.262363941390968,0,0.06669951024041348,1
real_20260626_161911_pallet_rack_cluster021_part1_refined_from_voxel005_medium,real_previous_registration,200,98,0.18978293179370384,0.11207846570305882,0.828807584720449,253.27100760070965,1.0560492503483845,0,0.2156160606626887,0
real_20260626_161911_pallet_rack_cluster021_part1_refined_from_voxel005_medium,real_previous_registration,201,220,0.08648408778107794,0.062231592745019326,0.0060239060411890755,90.19900673408563,0.2954638771384061,0,0.2551955314825719,0
real_20260626_161911_pallet_rack_cluster021_part1_refined_from_voxel005_medium,real_previous_registration,202,14,0.40141829036901233,0.35931219688512156,0.0532433676934839,268.7132932821517,2.0148939205964096,0,0.20696936454564546,0
real_20260626_161911_pallet_rack_cluster021_part1_refined_from_voxel005_medium,real_previous_registration,203,36,0.10110744109386115,0.01506075740005048,0.6878782452399752,67.44071662387961,-0.06187535010111262,0,0.29822457472968683,0
real_20260626_161911_pallet_rack_cluster021_part1_refined_from_voxel005_medium,real_previous_registration,204,384,0.07023206899168766,0.046866265721293134,0.37062205759846795,117.8288081804528,0.1300529859719309,1,0.2490077165585285,0
real_20260626_161911_pallet_rack_cluster021_part1_refined_from_voxel005_medium,real_previous_registration,205,431,0.15176922654246963,0.13986387242073248,0.04397796915340266,82.65611470455619,-0.021053390580827426,0,0.18686335201726617,0
real_20260626_161911_pallet_rack_cluster021_part1_refined_from_voxel005_medium,real_previous_registration,206,226,0.08874309860658598,0.009245894336586444,0.8638770756815869,130.4932689930138,0.22314328881451986,0,0.2142380000397822,0
real_20260626_161911_pallet_rack_cluster021_part1_refined_from_voxel005_medium,real_previous_registration,207,162,0.23003090466087017,0.20142983770597017,0.8682841620802964,119.56256728536157,0.6931461305615991,0,0.11814681079772288,0
real_20260626_161911_pallet_rack_cluster021_part1_refined_from_voxel005_medium,real_previous_registration,208,236,0.07804109379547651,0.046220937484207636,0.9931384921963787,150.46217289061477,0.2876817224522096,0,0.23353785044366793,0
real_20260626_161911_pallet_rack_cluster021_part1_refined_from_voxel005_medium,real_previous_registration,209,9,0.3304359224302936,0.2769788213604721,0.6250526065381214,106.55887649574598,1.1592351090170625,0,0.07590834846840605,1
real_20260626_161911_pallet_rack_cluster021_part1_refined_from_voxel005_medium,real_previous_registration,210,455,0.19951628746107317,0.1365677398055351,0.917073743137741,89.46969411026369,0.19105504454322356,0,0.14457588137660907,0
real_20260626_161911_pallet_rack_cluster021_part1_refined_from_voxel005_medium,real_previous_registration,211,300,0.3152354344499497,0.06001961548644285,0.9972707377004244,171.13829185530287,0.17185004969006767,0,0.038037639208190345,1
real_20260626_161911_pallet_rack_cluster021_part1_refined_from_voxel005_medium,real_previous_registration,212,186,0.10467766269450128,0.036656646082511,0.5266007046314102,96.82386158383538,0.49247574267469335,0,0.3393799065005796,0
real_20260626_161911_pallet_rack_cluster021_part1_refined_from_voxel005_medium,real_previous_registration,213,102,0.11048383668610988,0.06611106912666195,0.2986703265724937,151.13512048812726,-0.30538125481485406,0,0.23244611580186839,0
real_20260626_161911_pallet_rack_cluster021_part1_refined_from_voxel005_medium,real_previous_registration,214,360,0.19647828086558447,0.1196971135879199,0.3043848757180006,88.52604689664896,0.7137655749067019,0,0.26599872433781585,0
real_20260626_161911_pallet_rack_cluster021_part1_refined_from_voxel005_medium,real_previous_registration,215,48,0.3712294550619942,0.25086333971888103,0.8317468875175333,224.530464357886,1.1313992663377126,0,0.06117478241914252,1
real_20260626_161911_pallet_rack_cluster021_part1_refined_from_voxel005_medium,real_previous_registration,216,48,0.3165193787562564,0.1833812445652323,0.8299467995874626,275.9325676348801,1.1939195412077173,0,0.08516494711276311,1
real_20260626_161911_pallet_rack_cluster021_part1_refined_from_voxel005_medium,real_previous_registration,217,431,0.2524754997115312,0.24678294417608895,0.05218704136220846,87.5068121245611,0.15415055482735993,0,0.07881981799621109,1
real_20260626_161911_pallet_rack_cluster021_part1_refined_from_voxel005_medium,real_previous_registration,218,14,0.14200942776326486,0.09918101504613602,0.7071783590155863,93.0905081068764,1.871793292340027,0,0.22395630464017433,0
real_20260626_161911_pallet_rack_cluster021_part1_refined_from_voxel005_medium,real_previous_registration,219,162,0.3252545368657092,0.24439514742262158,0.6860858173593294,167.10525440640887,0.8109290495514315,0,0.11396845647835581,0
real_20260626_161911_pallet_rack_cluster021_part1_refined_from_voxel005_medium,real_previous_registration,220,48,0.11222211706626088,0.07204437085857253,0.8626339483098836,193.340951319748,0.788455069462177,0,0.22539647960415046,0
real_20260626_161911_pallet_rack_cluster021_part1_refined_from_voxel005_medium,real_previous_registration,221,17,0.4169604883386339,0.05765834453569271,0.8987853461574902,113.98071605606097,-0.0689927714870965,0,0.155285960577191,0
real_20260626_161911_pallet_rack_cluster021_part1_refined_from_voxel005_medium,real_previous_registration,222,186,0.2391730268732296,0.19455656181686962,0.3553978856318718,140.72247197920714,0.5725183606047408,0,0.15836071792555984,0
real_20260626_161911_pallet_rack_cluster021_part1_refined_from_voxel005_medium,real_previous_registration,223,207,0.1321706031434449,0.0924960304896937,0.883119706065121,131.87807327914012,0.4489497136655051,0,0.19763386665879634,0
real_20260626_161911_pallet_rack_cluster021_part1_refined_from_voxel005_medium,real_previous_registration,224,91,0.0726510455548518,0.061741546208780855,0.07840397527896553,99.79719065306813,-0.05942337102029241,0,0.22325733742947046,0
real_20260626_161911_pallet_rack_cluster021_part1_refined_from_voxel005_medium,real_previous_registration,225,422,0.06958504480406927,0.027454143960736997,0.9503730567975404,135.29086638571266,0.35667449393930617,0,0.22959418287000014,0
real_20260626_161911_pallet_rack_cluster021_part1_refined_from_voxel005_medium,real_previous_registration,226,360,0.1634156863030812,0.11572795419341769,0.23345607069762542,129.6992947182195,0.7731889459269945,0,0.23529790342494933,0
real_20260626_161911_pallet_rack_cluster021_part1_refined_from_voxel005_medium,real_previous_registration,227,186,0.12358431655015624,0.05928494669333336,0.602992916886326,115.42670418933689,0.16705379095738995,0,0.3418950474042059,0
real_20260626_161911_pallet_rack_cluster021_part1_refined_from_voxel005_medium,real_previous_registration,228,17,0.0847162517390613,0.0285617159200497,0.7141263528970679,80.52467809640632,0.5108250637666177,0,0.2195639947660265,0
real_20260626_161911_pallet_rack_cluster021_part1_refined_from_voxel005_medium,real_previous_registration,229,300,0.35069062530707856,0.06453068427158881,0.9809538588743602,156.70802602530532,0.11778288982323092,0,0.0931533410642161,1
real_20260626_161911_pallet_rack_cluster021_part1_refined_from_voxel005_medium,real_previous_registration,230,65,0.23519410370213695,0.2295315964002487,0.08124595660020655,92.68709783491221,0.23180142515193164,0,0.08866404919696247,1
real_20260626_161911_pallet_rack_cluster021_part1_refined_from_voxel005_medium,real_previous_registration,231,220,0.3767091298535739,0.19932776606616093,0.8051205654077631,135.98128621239346,0.17185004969006767,0,0.07931758875973108,1
real_20260626_161911_pallet_rack_cluster021_part1_refined_from_voxel005_medium,real_previous_registration,232,207,0.02926019169695419,0.028536461789198414,0.9631483463435303,151.66105267796559,0.3364718366216928,1,0.30447900729079713,0
real_20260626_161911_pallet_rack_cluster021_part1_refined_from_voxel005_medium,real_previous_registration,233,360,0.24342861995867177,0.1509453090372403,0.70066948230237,96.85758565893238,0.583145512090857,0,0.2994288496981107,0
real_20260626_161911_pallet_rack_cluster021_part1_refined_from_voxel005_medium,real_previous_registration,234,431,0.0525429155621966,0.03338042712124069,0.43824634382902067,86.07582750402334,-0.28768178078541184,0,0.28693067152433466,0
real_20260626_161911_pallet_rack_cluster021_part1_refined_from_voxel005_medium,real_previous_registration,235,444,0.20488214316316902,0.1201025931641381,0.9037308651640518,123.54597124707439,0.1397618054187714,0,0.10924142177916417,0
real_20260626_161911_pallet_rack_cluster021_part1_refined_from_voxel005_medium,real_previous_registration,236,60,0.28764954106100793,0.19843691392362672,0.9304328122860528,134.24147908111246,0.583145512090857,0,0.06325899452380399,1
real_20260626_161911_pallet_rack_cluster021_part1_refined_from_voxel005_medium,real_previous_registration,237,17,0.35474233745473976,0.015618627442000101,0.9280756994864936,115.62592995090347,0.31237430943285155,0,0.07225585236831618,1
real_20260626_161911_pallet_rack_cluster021_part1_refined_from_voxel005_medium,real_previous_registration,238,360,0.17119533639231385,0.1669610530722331,0.9213838086021074,125.00668836574758,0.559615037936454,0,0.22218280825009123,0
real_20260626_161911_pallet_rack_cluster021_part1_refined_from_voxel005_medium,real_previous_registration,239,412,0.2726476167828538,0.20488788347380904,0.7470666620926489,144.55975508288446,0.628607842756803,0,0.04971330169270548,1
real_20260626_161911_pallet_rack_cluster021_part1_refined_from_voxel005_medium,real_previous_registration,240,207,0.3471909757073799,0.1474407766359328,0.9575793392822217,139.51950285006038,0.18232132346092056,0,0.0740031607639309,1
real_20260626_161911_pallet_rack_cluster021_part1_refined_from_voxel005_medium,real_previous_registration,241,360,0.08850298029398417,0.07677950848392301,0.16426704916759854,126.28242061091396,0.7137655749067019,0,0.25653745886994145,0
real_20260626_161911_pallet_rack_cluster021_part1_refined_from_voxel005_medium,real_previous_registration,242,99,0.2835194626195721,0.09242878500505579,0.9181107990555109,103.42952643836252,0.3053813863935157,0,0.05176819315410881,1
real_20260626_161911_pallet_rack_cluster021_part1_refined_from_voxel005_medium,real_previous_registration,243,157,0.3836720958703285,0.06275054169191707,0.9924404068617659,131.3309564646899,0.7985064128866094,0,0.09542982045081175,1
real_20260626_161911_pallet_rack_cluster021_part1_refined_from_voxel005_medium,real_previous_registration,244,99,0.13536527799134723,0.07717592934599801,0.941542721458517,123.2480067998541,0.23262208772176962,0,0.1820544660353015,0
real_20260626_161911_pallet_rack_cluster021_part1_refined_from_voxel005_medium,real_previous_registration,245,236,0.3516427493794558,0.060899906176409946,0.9882505021067457,129.85765182931124,0.18232132346092056,0,0.07799012537286584,1
real_20260626_161911_pallet_rack_cluster021_part1_refined_from_voxel005_medium,real_previous_registration,246,48,0.45366275016925334,0.22275862438348676,0.8347009326652146,285.5375384616691,1.1313992663377126,0,0.23661165026422393,0
real_20260626_161911_pallet_rack_cluster021_part1_refined_from_voxel005_medium,real_previous_registration,247,265,0.3164961548151506,0.12588934290889953,0.8400979209037174,158.74584892890098,0.6678283495003576,0,0.05509991376794028,1
real_20260626_161911_pallet_rack_cluster021_part1_refined_from_voxel005_medium,real_previous_registration,248,14,0.4525027973575993,0.3586062448626727,0.04441204894584061,273.36420001208677,2.0476836982581723,0,0.30727534133006534,0
real_20260626_161911_pallet_rack_cluster021_part1_refined_from_voxel005_medium,real_previous_registration,249,207,0.3600209255395451,0.18354817285788694,0.9812934419784409,178.4948707559737,0.15415047982751834,0,0.13594169767295425,0
real_20260626_161911_pallet_rack_cluster021_part1_refined_from_voxel005_medium,real_previous_registration,250,265,0.3550796777793811,0.15818389432030053,0.8650598863587017,165.66902121520783,0.6151846742269294,0,0.12850059885196166,0
real_20260626_161911_pallet_rack_cluster021_part1_refined_from_voxel005_medium,real_previous_registration,251,300,0.36138503889790874,0.07285558779686535,0.9914771098041166,192.78744157374706,0.08961204618982847,0,0.07651542120913919,1
real_20260626_161911_pallet_rack_cluster021_part1_refined_from_voxel005_medium,real_previous_registration,252,300,0.33155757011622367,0.09565109098361452,0.9982208979280098,171.98626176899765,0.271933402984003,0,0.04920633871762443,1
real_20260626_161911_pallet_rack_cluster021_part1_refined_from_voxel005_medium,real_previous_registration,253,48,0.29778479326246154,0.1840182247202557,0.8329444528487675,171.97672332920283,1.1631479223136396,0,0.07389555707688268,1
real_20260626_161911_pallet_rack_cluster021_part1_refined_from_voxel005_medium,real_previous_registration,254,420,0.035036813477513404,0.026119232608596527,0.17126814496935977,97.87017223339302,-0.0870112974442479,1,0.28134793253385,0
real_20260626_161911_pallet_rack_cluster021_part1_refined_from_voxel005_medium,real_previous_registration,255,300,0.31058903103963675,0.08584634172125104,0.98839575441255,170.34726346993878,0.318453373164395,0,0.06928643191808143,1
real_20260626_161911_pallet_rack_cluster021_part1_refined_from_voxel005_medium,real_previous_registration,256,99,0.337235272700433,0.14549344279279622,0.9182852877448157,99.73260075903056,0.3894644441813488,0,0.02731419132508561,1
real_20260626_161911_pallet_rack_cluster021_part1_refined_from_voxel005_medium,real_previous_registration,257,91,0.14802382608634268,0.14353120413354428,0.2133636656435448,103.50728280791384,-0.08004264036590089,0,0.14248658147430826,0
real_20260626_161911_pallet_rack_cluster021_part1_refined_from_voxel005_medium,real_previous_registration,258,53,0.1954381580767804,0.11540699547142866,0.7598090247064935,111.17517222272424,-0.13353124262469124,0,0.18459915442892616,0
real_20260626_161911_pallet_rack_cluster021_part1_refined_from_voxel005_medium,real_previous_registration,259,265,0.13105747827881264,0.06646715306617883,0.00710575829479998,141.2987075677976,0.2623637798530069,0,0.339242806650244,0
real_20260626_161911_pallet_rack_cluster021_part1_refined_from_voxel005_medium,real_previous_registration,260,115,0.040992893890677694,0.025678265406582072,0.7782212549880351,71.09451509718465,0.20479423587848952,0,0.30386690962581975,0
real_20260626_161911_pallet_rack_cluster021_part1_refined_from_voxel005_medium,real_previous_registration,261,390,0.1722212091960439,0.08932091533619765,0.7288020383488423,67.79241734281761,0.559615037936454,0,0.15563548676999558,0
real_20260626_161911_pallet_rack_cluster021_part1_refined_from_voxel005_medium,real_previous_registration,262,276,0.3704819435132158,0.3680193474183197,0.057043510899156984,118.54154214303462,0.42899508226319244,0,0.10182586350869188,0
real_20260626_161911_pallet_rack_cluster021_part1_refined_from_voxel005_medium,real_previous_registration,263,14,0.4528143979276978,0.3979934944748769,0.04969920209883686,271.5017604228856,2.079432354234099,0,0.25587909327500674,0
real_20260626_161911_pallet_rack_cluster021_part1_refined_from_voxel005_medium,real_previous_registration,264,9,0.2983905728179134,0.26300700866015353,0.6049288747385181,115.72372437860345,0.8383277005423795,0,0.02900513974731529,1
real_20260626_161911_pallet_rack_cluster021_part1_refined_from_voxel005_medium,real_previous_registration,265,204,0.13839012290359665,0.11452611364018904,0.13719715947511857,115.67424596744682,0.4732872877087314,0,0.1814513107958132,0
real_20260626_161911_pallet_rack_cluster021_part1_refined_from_voxel005_medium,real_previous_registration,266,102,0.4769989622367909,0.2455883733155975,0.2140936880708612,132.48011094793623,0.0,0,0.16604261040001905,0
real_20260626_161911_pallet_rack_cluster021_part1_refined_from_voxel005_medium,real_previous_registration,267,360,0.2554508960202791,0.17481299127657932,0.8296474737030185,131.35008231443595,0.4595316846425186,0,0.16293677091004374,0
real_20260626_161911_pallet_rack_cluster021_part1_refined_from_voxel005_medium,real_previous_registration,268,65,0.3211178952134994,0.31920704129071414,0.14557452504380633,78.15913655263282,0.2657029526896992,0,0.05055811309485693,1
real_20260626_161911_pallet_rack_cluster021_part1_refined_from_voxel005_medium,real_previous_registration,269,236,0.08283332332924195,0.010438884191435033,0.9967121564125334,135.0953221807343,0.47000310424633246,0,0.21339279174438822,0
real_20260626_161911_pallet_rack_cluster021_part1_refined_from_voxel005_medium,real_previous_registration,270,99,0.48090990499166725,0.2358284915836582,0.7895503824469093,128.5976233904154,-0.3703733400215809,0,0.16699583772113738,0
real_20260626_161911_pallet_rack_cluster021_part1_refined_from_voxel005_medium,real_previous_registration,271,102,0.07884176067540136,0.028321564979009166,0.36335376114240914,131.16620256352957,0.19105504454322356,1,0.2445509458523031,0
real_20260626_161911_pallet_rack_cluster021_part1_refined_from_voxel005_medium,real_previous_registration,272,186,0.2296114801470227,0.20802250738185213,0.34892935497957256,134.36272720282014,0.5198746853313125,0,0.0923078750275267,1
real_20260626_161911_pallet_rack_cluster021_part1_refined_from_voxel005_medium,real_previous_registration,273,99,0.2801332898526097,0.0896378110274853,0.8814257982969101,105.09824919970468,0.0689928048203492,0,0.06527694197339887,1
real_20260626_161911_pallet_rack_cluster021_part1_refined_from_voxel005_medium,real_previous_registration,274,360,0.3504016011479991,0.23687976051210258,0.6683346047741247,153.34762908480528,0.5355175107476127,0,0.17587649112791645,0
real_20260626_161911_pallet_rack_cluster021_part1_refined_from_voxel005_medium,real_previous_registration,275,204,0.15266273080694887,0.091619907337902,0.04657232961774227,114.32317161592576,-0.08223800350023917,0,0.20950037663899992,0
real_20260626_161911_pallet_rack_cluster021_part1_refined_from_voxel005_medium,real_previous_registration,276,48,0.4841265122464872,0.25066985562170196,0.8371952580795279,284.61417915383754,1.1313992663377126,0,0.27869612389575465,0
real_20260626_161911_pallet_rack_cluster021_part1_refined_from_voxel005_medium,real_previous_registration,277,204,0.03843946052994239,0.02319602183927236,0.34369137921380527,83.00115792645148,0.16907615811428456,1,0.2835149389016713,0
real_20260626_161911_pallet_rack_cluster021_part1_refined_from_voxel005_medium,real_previous_registration,278,204,0.41218634904639156,0.3589849046062526,0.17666053503858692,110.45471656073506,0.48954779747528404,0,0.09498846183522973,1
real_20260626_161911_pallet_rack_cluster021_part1_refined_from_voxel005_medium,real_previous_registration,279,102,0.3843985822266166,0.19960802349351148,0.03655698035130808,119.64053985231742,0.40546473968745095,0,0.07759514713565949,1
real_20260626_161911_pallet_rack_cluster021_part1_refined_from_voxel005_medium,real_previous_registration,280,65,0.3290487713804382,0.32065702327281975,0.27585878499879396,110.95507264383698,0.08338153589563678,0,0.11959213771234835,0
real_20260626_161911_pallet_rack_cluster021_part1_refined_from_voxel005_medium,real_previous_registration,281,455,0.2371375804938298,0.1304192233135074,0.8593338126515007,95.30144125443489,0.16907615811428456,0,0.14563073432799367,0
real_20260626_161911_pallet_rack_cluster021_part1_refined_from_voxel005_medium,real_previous_registration,282,102,0.24179647010537353,0.1453618617132984,0.5563148347253009,132.4366914829628,0.2542338902641834,0,0.08077254695199934,1
real_20260626_161911_pallet_rack_cluster021_part1_refined_from_voxel005_medium,real_previous_registration,283,300,0.31514636698003734,0.09084348870273123,0.9956703342670865,171.61041741304075,0.19782550775327828,0,0.022673429775168466,1
real_20260626_161911_pallet_rack_cluster021_part1_refined_from_voxel005_medium,real_previous_registration,284,115,0.2123424203804192,0.19914346130856025,0.09349810288321184,112.19346007379839,0.10763056678985636,0,0.1706005978501852,0
real_20260626_161911_pallet_rack_cluster021_part1_refined_from_voxel005_medium,real_previous_registration,285,204,0.42026175438236535,0.323999494738599,0.29902103895196314,129.11501880808365,-0.08223800350023917,0,0.14115139725713516,0
real_20260626_161911_pallet_rack_cluster021_part1_refined_from_voxel005_medium,real_previous_registration,286,441,0.05766879871633572,0.0002830932790488282,0.6855921027207939,143.25401828977326,0.054067159866836835,0,0.2584495743256788,0
real_20260626_161911_pallet_rack_cluster021_part1_refined_from_voxel005_medium,real_previous_registration,287,204,0.3708152639161359,0.320720446340352,0.09532021040427646,110.75434504439494,0.6528727515017585,0,0.06949833017693179,1
real_20260626_161911_pallet_rack_cluster021_part1_refined_from_voxel005_medium,real_previous_registration,288,115,0.028757665087938936,0.02233550915497453,0.7237664699412752,71.71550169408182,0.20479423587848952,1,0.2950730431762636,0
real_20260626_161911_pallet_rack_cluster021_part1_refined_from_voxel005_medium,real_previous_registration,289,204,0.3291204694019837,0.286929020579415,0.8402278684954179,105.42421390361748,0.6664783957826433,0,0.04730197581869079,1
real_20260626_161911_pallet_rack_cluster021_part1_refined_from_voxel005_medium,real_previous_registration,290,14,0.46354638414497096,0.4356772139388934,0.047492452759335446,262.4529941677081,2.0148939205964096,0,0.20885150929553364,0
real_20260626_161911_pallet_rack_cluster021_part1_refined_from_voxel005_medium,real_previous_registration,291,186,0.05596297241318729,0.03376863233050041,0.533921265822946,98.62451870292823,0.4643048990412911,0,0.32000212123494304,0
real_20260626_161911_pallet_rack_cluster021_part1_refined_from_voxel005_medium,real_previous_registration,292,456,0.1375328310800335,0.08531583966766579,0.9079728477570859,123.4994511018767,0.34484012599799185,0,0.17880139817741636,0
real_20260626_161911_pallet_rack_cluster021_part1_refined_from_voxel005_medium,real_previous_registration,293,17,0.3549634028224771,0.01645000498665567,0.9471421635457385,123.37912598412734,0.2876817224522096,0,0.0666893961348223,1
real_20260626_161911_pallet_rack_cluster021_part1_refined_from_voxel005_medium,real_previous_registration,294,32,0.18389510463586733,0.09337129010433513,0.17240184366864292,88.9207946701573,0.42608393995425126,0,0.1673332565441237,0
real_20260626_161911_pallet_rack_cluster021_part1_refined_from_voxel005_medium,real_previous_registration,295,186,0.18357136204397975,0.16838662117659717,0.5458577036663499,112.15359420235649,0.49247574267469335,0,0.13071263377636344,0
real_20260626_161911_pallet_rack_cluster021_part1_refined_from_voxel005_medium,real_previous_registration,296,162,0.1274850957866233,0.11375483446901445,0.6249334649899099,100.02277773317192,0.9932504507899638,0,0.19963256453289438,0
real_20260626_161911_pallet_rack_cluster021_part1_refined_from_voxel005_medium,real_previous_registration,297,76,0.10610717955716077,0.02826229266076159,0.7248428169835222,102.21796739029804,0.5877857315703102,0,0.19478194558607173,0
real_20260626_161911_pallet_rack_cluster021_part1_refined_from_voxel005_medium,real_previous_registration,298,412,0.3624724499961697,0.26456085849417565,0.7258390537894892,175.41911916165307,0.5355175107476127,0,0.06221997981102388,1
real_20260626_161911_pallet_rack_cluster021_part1_refined_from_voxel005_medium,real_previous_registration,299,60,0.3629765426799437,0.2199804153958084,0.9285090542526322,167.26770957418424,0.40546452477568173,0,0.09421531919816832,1
real_20260626_161911_pallet_rack_cluster021_part1_refined_from_voxel005_medium,real_previous_registration,300,431,0.1522930538548976,0.13999933109112492,0.48800338094923307,45.68228945123735,0.2063362698623648,0,0.1794484924655028,0
real_20260626_161911_pallet_rack_cluster021_part1_refined_from_voxel005_medium,real_previous_registration,301,68,0.06737339980833319,0.02107012214068484,0.7332246197248123,112.07666456182282,0.14310062825638264,0,0.2851068776772359,0
real_20260626_161911_pallet_rack_cluster021_part1_refined_from_voxel005_medium,real_previous_registration,302,220,0.13587730297813758,0.06150463296180441,0.3917650872647852,130.09237876417973,0.46608924095453313,0,0.2002540434581095,0
real_20260626_161911_pallet_rack_cluster021_part1_refined_from_voxel005_medium,real_previous_registration,303,162,0.32877997302730966,0.26604900953795774,0.7706563069143022,160.0957138812751,0.8544141217748946,0,0.06790566207271026,1
real_20260626_161911_pallet_rack_cluster021_part1_refined_from_voxel005_medium,real_previous_registration,304,99,0.18869151599624695,0.09068594583569259,0.9541813418952639,124.2932725056133,0.33986753748700455,0,0.13767965642538663,0
real_20260626_161911_pallet_rack_cluster021_part1_refined_from_voxel005_medium,real_previous_registration,305,431,0.29299593307861593,0.2893064986211527,0.018188407571173217,78.17160621143309,0.13613206296103492,0,0.06218405455860875,1
real_20260626_161911_pallet_rack_cluster021_part1_refined_from_voxel005_medium,real_previous_registration,306,385,0.09054786808539059,0.04201360532312462,0.1400902537780212,115.57882338340221,-0.47803528610485496,0,0.27954027344297316,0
real_20260626_161911_pallet_rack_cluster021_part1_refined_from_voxel005_medium,real_previous_registration,307,14,0.4335745231968979,0.3951248722862685,0.05324336769348883,269.7968632308744,2.0476836982581723,0,0.2172321453892854,0
real_20260626_161911_pallet_rack_cluster021_part1_refined_from_voxel005_medium,real_previous_registration,308,162,0.36514222204000674,0.2713061266862837,0.6565334599058249,170.36867270577778,0.7178387175422412,0,0.12423203732379873,0
real_20260626_161911_pallet_rack_cluster021_part1_refined_from_voxel005_medium,real_previous_registration,309,360,0.23134452067319922,0.12264386882923645,0.43721631946343276,128.8564557019071,0.6931463055610936,0,0.2989197459904893,0
real_20260626_161911_pallet_rack_cluster021_part1_refined_from_voxel005_medium,real_previous_registration,310,186,0.22695961919885452,0.2040434109398614,0.36788727758693157,136.44062138785426,0.5978361416659822,0,0.0958535493012921,1
real_20260626_161911_pallet_rack_cluster021_part1_refined_from_voxel005_medium,real_previous_registration,311,14,0.3174616319305447,0.1525440708714872,0.06446528890127456,261.02557268387596,1.6582195766566572,0,0.3450297348521492,0
real_20260626_161911_pallet_rack_cluster021_part1_refined_from_voxel005_medium,real_previous_registration,312,455,0.23722454153190337,0.15628055650589634,0.9229363882236729,95.0896275658219,0.10008335329393524,0,0.06232753344821414,1
real_20260626_161911_pallet_rack_cluster021_part1_refined_from_voxel005_medium,real_previous_registration,313,91,0.2939035352062717,0.2825838544008893,0.07611616354457026,142.40289852842764,-0.2135739079905406,0,0.05846828675752342,1
real_20260626_161911_pallet_rack_cluster021_part1_refined_from_voxel005_medium,real_previous_registration,314,236,0.27104455284191065,0.04375691677295879,0.9655449514433283,115.88542209464488,0.405464641442042,0,0.0483425311395196,1
real_20260626_161911_pallet_rack_cluster021_part1_refined_from_voxel005_medium,real_previous_registration,315,404,0.11525361021266295,0.11092865626193221,0.3164953135642504,90.83004061961796,-0.2035987056659947,0,0.2288816035738305,0
real_20260626_161911_pallet_rack_cluster021_part1_refined_from_voxel005_medium,real_previous_registration,316,201,0.028113179716436665,0.02505417796899848,0.46271814933183025,75.35055267661718,-0.49247599014880666,0,0.2759630602191362,0
real_20260626_161911_pallet_rack_cluster021_part1_refined_from_voxel005_medium,real_previous_registration,317,186,0.3678069895830501,0.3237136345726435,0.3781421824842879,188.25469496256974,0.4643048990412911,0,0.1756274957924185,0
real_20260626_161911_pallet_rack_cluster021_part1_refined_from_voxel005_medium,real_previous_registration,318,455,0.3836621737039086,0.21663478502591418,0.7160965076991062,155.63994585968516,0.12361382744833849,0,0.1102673293122585,0
real_20260626_161911_pallet_rack_cluster021_part1_refined_from_voxel005_medium,real_previous_registration,319,76,0.3613362004478113,0.05021334441494119,0.9782269991608104,143.45734693290018,0.7419362447310824,0,0.10073913876162668,0
real_20260626_161911_pallet_rack_cluster021_part1_refined_from_voxel005_medium,real_previous_registration,320,204,0.4637978752352234,0.4247463821610281,0.3395594162994081,129.74730949733262,0.16907615811428456,0,0.14960639999069777,0
real_20260626_161911_pallet_rack_cluster021_part1_refined_from_voxel005_medium,real_previous_registration,321,390,0.3595359536459272,0.19258643517772323,0.7407934830320243,138.15404839104264,0.5355175107476127,0,0.08667670899116947,1
real_20260626_161911_pallet_rack_cluster021_part1_refined_from_voxel005_medium,real_previous_registration,322,14,0.2250018503122192,0.1018847143918783,0.1390876673287867,227.7154024618849,1.6582195766566572,0,0.3015236379116547,0
real_20260626_161911_pallet_rack_cluster021_part1_refined_from_voxel005_medium,real_previous_registration,323,383,0.04422138485073906,0.006128460027171073,0.5172727484245538,129.64754859841975,0.1397618054187714,0,0.30108099300616187,0
real_20260626_161911_pallet_rack_cluster021_part1_refined_from_voxel005_medium,real_previous_registration,324,157,0.4301387317128337,0.06921180831539808,0.983595898872426,162.77348846459373,0.664975170261918,0,0.1421855101028275,0
real_20260626_161911_pallet_rack_cluster021_part1_refined_from_voxel005_medium,real_previous_registration,325,64,0.13541509309943936,0.12204024303194533,0.5823213479834427,96.00886768491735,-0.14310062825638264,0,0.29965340061662854,0
real_20260626_161911_pallet_rack_cluster021_part1_refined_from_voxel005_medium,real_previous_registration,326,233,0.0727543349615909,0.05293535440317435,0.013295305102007215,115.37349124534981,0.3600023107760959,0,0.2894706739059801,0
real_20260626_161911_pallet_rack_cluster021_part1_refined_from_voxel005_medium,real_previous_registration,327,431,0.12278304787355603,0.10140578533742794,0.0584827358170581,74.16787258150697,-0.1576287948134809,0,0.22633519994689663,0
real_20260626_161911_pallet_rack_cluster021_part1_refined_from_voxel005_medium,real_previous_registration,328,102,0.29968051981433697,0.17827867275211629,0.39359800464466516,130.8488807036432,0.29423919126446546,0,0.023712003826364667,1
real_20260626_161911_pallet_rack_cluster021_part1_refined_from_voxel005_medium,real_previous_registration,329,300,0.3519574313642878,0.06587184680656635,0.9900604463853443,181.5798987532504,0.06062454461065085,0,0.0663294582402097,1
real_20260626_161911_pallet_rack_cluster021_part1_refined_from_voxel005_medium,real_previous_registration,330,455,0.134590741730898,0.09599610374599572,0.13694343583416463,85.7599624364684,0.10008335329393524,0,0.20257059800609192,0
real_20260626_161911_pallet_rack_cluster021_part1_refined_from_voxel005_medium,real_previous_registration,331,157,0.3938896993989349,0.05933446731039558,0.9883932875810779,152.49443064464947,0.7985064128866094,0,0.10840477390467303,0
real_20260626_161911_pallet_rack_cluster021_part1_refined_from_voxel005_medium,real_previous_registration,332,91,0.29686642218954473,0.29019914885443515,0.0672288512987012,144.8744915012674,0.01904817973122901,0,0.025674742691193488,1
real_20260626_161911_pallet_rack_cluster021_part1_refined_from_voxel005_medium,real_previous_registration,333,220,0.14093339084330544,0.09130839555042769,0.7933922919252601,96.13369351488943,0.2954638771384061,0,0.17784667030257656,0
real_20260626_161911_pallet_rack_cluster021_part1_refined_from_voxel005_medium,real_previous_registration,334,360,0.3824107435585313,0.2638564961337734,0.6903587194719267,165.8153044245455,0.559615037936454,0,0.15375025043214677,0
real_20260626_161911_pallet_rack_cluster021_part1_refined_from_voxel005_medium,real_previous_registration,335,201,0.0709252905347549,0.05543688328569245,0.3730814768997746,73.79563978181491,-0.40546471921965355,0,0.2900981063275206,0
real_20260626_161911_pallet_rack_cluster021_part1_refined_from_voxel005_medium,real_previous_registration,336,455,0.4656786632492447,0.2642407188850303,0.7503270271299506,189.35328710504675,-0.026668217210217542,0,0.17491680514764962,0
real_20260626_161911_pallet_rack_cluster021_part1_refined_from_voxel005_medium,real_previous_registration,337,220,0.07491351383595661,0.007074814765434,0.12588447326316898,94.5358789653974,0.34092620780435223,0,0.28151359692611944,0
real_20260626_161911_pallet_rack_cluster021_part1_refined_from_voxel005_medium,real_previous_registration,338,157,0.29189329452328056,0.04592973941548233,0.9948661954381394,124.37396468731099,0.6931460138953204,0,0.012764172759312934,1
real_20260626_161911_pallet_rack_cluster021_part1_refined_from_voxel005_medium,real_previous_registration,339,390,0.10450996970181864,0.08570714278079357,0.1114813178321799,72.75426263455245,0.4595316846425186,0,0.20078163394644125,0
real_20260626_161911_pallet_rack_cluster021_part1_refined_from_voxel005_medium,real_previous_registration,340,236,0.22474972494678536,0.035007792368139896,0.9659457843120828,135.53699111095085,0.3364718366216928,0,0.07979375660360466,1
real_20260626_161911_pallet_rack_cluster021_part1_refined_from_voxel005_medium,real_previous_registration,341,383,0.13047956737020033,0.12986448190364683,0.4703456309251792,148.28858250412947,-0.47000299924659544,0,0.3190113944378696,0
real_20260626_161911_pallet_rack_cluster021_part1_refined_from_voxel005_medium,real_previous_registration,342,53,0.20439002929795516,0.15071594593217624,0.7123352522482005,115.35017457782607,-0.4307823507085922,0,0.20124626518552188,0
real_20260626_161911_pallet_rack_cluster021_part1_refined_from_voxel005_medium,real_previous_registration,343,204,0.347137945992253,0.2617857122527545,0.34975235468410854,127.61741321360702,-0.054067159866836856,0,0.10967101824285172,0
real_20260626_161911_pallet_rack_cluster021_part1_refined_from_voxel005_medium,real_previous_registration,344,48,0.15702566353118452,0.09692168042462557,0.8368591238786732,236.04904507247605,0.7419351447361975,0,0.24109455533917026,0
real_20260626_161911_pallet_rack_cluster021_part1_refined_from_voxel005_medium,real_previous_registration,345,220,0.11109642724892553,0.10011804809993788,0.13167674461219497,85.74346022912047,0.14518183247985011,0,0.24793054052305893,0
real_20260626_161911_pallet_rack_cluster021_part1_refined_from_voxel005_medium,real_previous_registration,346,102,0.33727127383150096,0.2076170961390117,0.7111902715468545,113.71360546062311,0.48954779747528404,0,0.03155620938637487,1
real_20260626_161911_pallet_rack_cluster021_part1_refined_from_voxel005_medium,real_previous_registration,347,56,0.04203967313495369,0.0035945599312420806,0.21918402591243277,85.73307227682376,0.427443527870981,1,0.25274751709361165,0
real_20260626_161911_pallet_rack_cluster021_part1_refined_from_voxel005_medium,real_previous_registration,348,390,0.14251534680594097,0.10168463051724287,0.09793019346621229,67.97903036703649,0.5355175107476127,0,0.15905287266356533,0
real_20260626_161911_pallet_rack_cluster021_part1_refined_from_voxel005_medium,real_previous_registration,349,276,0.2934889648156074,0.28625814087547763,0.15707665964600864,109.91469309193798,0.638086695830559,0,0.053167781299296585,1
real_20260626_161911_pallet_rack_cluster021_part1_refined_from_voxel005_medium,real_previous_registration,350,48,0.08959880040377594,0.06656696046459862,0.8615799569754334,155.10072149896354,0.8754662873611887,0,0.2303946799444706,0
real_20260626_161911_pallet_rack_cluster021_part1_refined_from_voxel005_medium,real_previous_registration,351,162,0.05302737764509293,0.015279793448685634,0.2830738873618378,102.2235026636885,0.2623637798530069,0,0.2889871989580254,0
real_20260626_161911_pallet_rack_cluster021_part1_refined_from_voxel005_medium,real_previous_registration,352,422,0.018287380241045665,0.0009285697183016037,0.23923120380608898,122.05473114672878,0.35667449393930617,1,0.28583560274310893,0
real_20260626_161911_pallet_rack_cluster021_part1_refined_from_voxel005_medium,real_previous_registration,353,65,0.1766037565613273,0.16960058776455492,0.11876417427479724,84.57644478089465,0.16034251480959316,0,0.14485113758367163,0
real_20260626_161911_pallet_rack_cluster021_part1_refined_from_voxel005_medium,real_previous_registration,354,17,0.06520762064496344,0.031692333344471205,0.4257529515120963,84.72188510780155,0.405464641442042,0,0.27115856740621885,0
real_20260626_161911_pallet_rack_cluster021_part1_refined_from_voxel005_medium,real_previous_registration,355,64,0.12721670634190355,0.04883069603156072,0.9696628474258613,79.94048913466517,0.5108250637666177,0,0.19152086235537708,0
real_20260626_161911_pallet_rack_cluster021_part1_refined_from_voxel005_medium,real_previous_registration,356,360,0.134572013274442,0.11169949817657653,0.2133533923735892,136.79869990415068,0.8109292439953354,0,0.20416891489173913,0
real_20260626_161911_pallet_rack_cluster021_part1_refined_from_voxel005_medium,real_previous_registration,357,133,0.08453495764068382,0.044946202781629176,0.16430638164358013,90.98108651826588,0.17435322714492488,0,0.20660253488124364,0
real_20260626_161911_pallet_rack_cluster021_part1_refined_from_voxel005_medium,real_previous_registration,358,49,0.03806491859713734,0.029350191751902607,0.08231536027877828,98.43163726623811,0.2097202661175399,1,0.27557260926439503,0
real_20260626_161911_pallet_rack_cluster021_part1_refined_from_voxel005_medium,real_previous_registration,359,360,0.17164952213760398,0.1431598202172703,0.7118861716414692,99.45406705099398,0.6720929149802661,0,0.22606866312658713,0
real_20260626_161911_pallet_rack_cluster021_part1_refined_from_voxel005_medium,real_previous_registration,360,157,0.4058034925278714,0.0557142517754717,0.9906961833826667,158.16452547741696,0.8708270012104956,0,0.134982195443672,0
real_20260626_161911_pallet_rack_cluster021_part1_refined_from_voxel005_medium,real_previous_registration,361,157,0.2665011747090274,0.030048056350203807,0.9384489621791497,107.42492874109018,0.6931460138953204,0,0.06521599500077994,1
real_20260626_161911_pallet_rack_cluster021_part1_refined_from_voxel005_medium,real_previous_registration,362,220,0.10256292999833481,0.09510564158868837,0.1855347631996071,88.10543698766882,0.17185004969006767,0,0.23745779217007276,0
real_20260626_161911_pallet_rack_cluster021_part1_refined_from_voxel005_medium,real_previous_registration,363,382,0.09132115126561823,0.0888691679806958,0.914987047902301,120.21868195419947,-0.9954264948907571,0,0.24348488602343007,0
real_20260626_161911_pallet_rack_cluster021_part1_refined_from_voxel005_medium,real_previous_registration,364,9,0.36954595419442365,0.3051573035314771,0.6788650645377833,110.61940733439049,0.782757914252358,0,0.0678304888416675,1
real_20260626_161911_pallet_rack_cluster021_part1_refined_from_voxel005_medium,real_previous_registration,365,103,0.04275469021540256,0.021743316653167095,0.3500617922581037,65.37076082595189,0.38441128002781527,1,0.26293850748490155,0
real_20260626_161911_pallet_rack_cluster021_part1_refined_from_voxel005_medium,real_previous_registration,366,60,0.3640947710248012,0.21213786636284238,0.9746262682611064,127.43411670927732,0.4595316846425186,0,0.05489549706348533,1
real_20260626_161911_pallet_rack_cluster021_part1_refined_from_voxel005_medium,real_previous_registration,367,162,0.3685633691273254,0.28710776787188247,0.7551781511267974,154.20926677109057,0.7419362447310824,0,0.07973149638607148,1
real_20260626_161911_pallet_rack_cluster021_part1_refined_from_voxel005_medium,real_previous_registration,368,99,0.1492697784003176,0.07442208482029944,0.9686260489306223,113.07902487202387,0.4054647747751088,0,0.17641594121303486,0
real_20260626_161911_pallet_rack_cluster021_part1_refined_from_voxel005_medium,real_previous_registration,369,9,0.12599763173312523,0.10442171098516599,0.5610587253055404,82.73602563561191,1.0986105386711722,0,0.2541270779121018,0
real_20260626_161911_pallet_rack_cluster021_part1_refined_from_voxel005_medium,real_previous_registration,370,360,0.3457526712775322,0.18674592490539857,0.8277988674008353,133.08049990414463,0.37729368114227935,0,0.30485264262102296,0
real_20260626_161911_pallet_rack_cluster021_part1_refined_from_voxel005_medium,real_previous_registration,371,404,0.1906315903136627,0.181633852111934,0.27179505174312324,110.6518775572993,-0.4595316846425186,0,0.21995206130394074,0
real_20260626_161911_pallet_rack_cluster021_part1_refined_from_voxel005_medium,real_previous_registration,372,343,0.036866016241921984,0.00021048250774445727,0.10211875744947008,100.9133175344312,-0.38776517574593494,0,0.27306375707174907,0
real_20260626_161911_pallet_rack_cluster021_part1_refined_from_voxel005_medium,real_previous_registration,373,65,0.37230827941996514,0.360411914970179,0.38632071439405535,111.27421863458761,-0.044451721068896395,0,0.13298004069755542,0
real_20260626_161911_pallet_rack_cluster021_part1_refined_from_voxel005_medium,real_previous_registration,374,383,0.19310929827109338,0.04930755883562585,0.9907409867192659,129.32434083140788,0.09531008434987502,0,0.118573263210421,0
real_20260626_161911_pallet_rack_cluster021_part1_refined_from_voxel005_medium,real_previous_registration,375,9,0.34216302217433703,0.2997819296428747,0.7316783917074573,103.29690430977675,1.0775571480903448,0,0.07273815996545192,1
real_20260626_161911_pallet_rack_cluster021_part1_refined_from_voxel005_medium,real_previous_registration,376,186,0.18545577665933594,0.1616113638069673,0.5573021125555455,108.69707068808259,0.5198746853313125,0,0.15353703858108791,0
real_20260626_161911_pallet_rack_cluster021_part1_refined_from_voxel005_medium,real_previous_registration,377,431,0.33879804772183136,0.33676385122656904,0.049218565744076626,80.74823366626833,0.15415055482735993,0,0.03487158275453391,1
real_20260626_161911_pallet_rack_cluster021_part1_refined_from_voxel005_medium,real_previous_registration,378,426,0.07871233753397348,0.07426844760472305,0.582682199150457,86.18642618627254,0.3600023107760959,0,0.2864175283748612,0
real_20260626_161911_pallet_rack_cluster021_part1_refined_from_voxel005_medium,real_previous_registration,379,133,0.35057589030551417,0.22751126071744845,0.5341142280506943,95.8020629900199,0.42121312132658817,0,0.1120797489994481,0
real_20260626_161911_pallet_rack_cluster021_part1_refined_from_voxel005_medium,real_previous_registration,380,390,0.1416928236394443,0.046909443181158715,0.3003326496047226,96.71242737410576,0.7137655749067019,0,0.1630561562731661,0
real_20260626_161911_pallet_rack_cluster021_part1_refined_from_voxel005_medium,real_previous_registration,381,236,0.355324240374816,0.06029086193876126,0.9658704488471703,143.13095854890955,0.15415047982751834,0,0.1156496138353013,0
real_20260626_161911_pallet_rack_cluster021_part1_refined_from_voxel005_medium,real_previous_registration,382,207,0.3558434242327846,0.17169519228138802,0.9871436972238297,178.09060560624528,0.2097202661175399,0,0.0751861921414954,1
real_20260626_161911_pallet_rack_cluster021_part1_refined_from_voxel005_medium,real_previous_registration,383,32,0.22983574870562778,0.11108000278045815,0.41575979233651517,109.32774673919599,0.46608924095453313,0,0.11880762595546449,0
real_20260626_161911_pallet_rack_cluster021_part1_refined_from_voxel005_medium,real_previous_registration,384,17,0.3228392329863845,0.01933500878822764,0.9804277047897386,122.64390486656885,0.4489497136655051,0,0.036018084933447325,1
real_20260626_161911_pallet_rack_cluster021_part1_refined_from_voxel005_medium,real_previous_registration,385,276,0.41595801917895014,0.41350499475481023,0.08336637457900001,128.29112377130645,0.3053812548148539,0,0.1432917606159555,0
real_20260626_161911_pallet_rack_cluster021_part1_refined_from_voxel005_medium,real_previous_registration,386,360,0.16070880823657185,0.08782171739717892,0.15931233816078294,89.43471953652774,0.6505867291857421,0,0.29692306933521373,0
real_20260626_161911_pallet_rack_cluster021_part1_refined_from_voxel005_medium,real_previous_registration,387,354,0.05462886977982608,0.04922669338712096,0.5764809970891231,61.910643548432745,-0.08338153589563671,1,0.2646020490486201,0
real_20260626_161911_pallet_rack_cluster021_part1_refined_from_voxel005_medium,real_previous_registration,388,360,0.38541371140927255,0.260044542657459,0.6885184389740648,166.97021241958308,0.48550714270572914,0,0.18856754395522632,0
real_20260626_161911_pallet_rack_cluster021_part1_refined_from_voxel005_medium,real_previous_registration,389,76,0.32445855251048444,0.03751852726295758,0.9437166477149008,112.37584956482534,0.7419362447310824,0,0.09337372116694913,1
real_20260626_161911_pallet_rack_cluster021_part1_refined_from_voxel005_medium,real_previous_registration,390,91,0.2905590939660625,0.28473114116056986,0.11541598012727328,131.85644522514608,-0.2135739079905406,0,0.05633244281300959,1
real_20260626_161911_pallet_rack_cluster021_part1_refined_from_voxel005_medium,real_previous_registration,391,455,0.41383712430450775,0.24678946039204874,0.731990876214207,171.69524710465524,0.14660332347432725,0,0.13929343392497104,0
real_20260626_161911_pallet_rack_cluster021_part1_refined_from_voxel005_medium,real_previous_registration,392,60,0.20449857334457058,0.16340614171708906,0.846978181111024,124.06090829740641,0.4595316846425186,0,0.1379607931765574,0
real_20260626_161911_pallet_rack_cluster021_part1_refined_from_voxel005_medium,real_previous_registration,393,444,0.2909978421438453,0.1509030644028183,0.960451485412002,133.42405204023265,0.11778291898983237,0,0.025680830762298965,1
real_20260626_161911_pallet_rack_cluster021_part1_refined_from_voxel005_medium,real_previous_registration,394,360,0.15339394498945239,0.1403981332537353,0.7860531290624869,129.42497769859224,0.6505867291857421,0,0.2039427553158781,0
real_20260626_161911_pallet_rack_cluster021_part1_refined_from_voxel005_medium,real_previous_registration,395,204,0.06259914435915104,0.0023981026213450857,0.41341979448877453,85.1330291496466,0.0,0,0.29251475103026087,0
real_20260626_161911_pallet_rack_cluster021_part1_refined_from_voxel005_medium,real_previous_registration,396,437,0.039229940918153364,0.01333570347746496,0.33558925980034937,133.52167737801486,0.3600023107760959,1,0.2693448071171928,0
real_20260626_161911_pallet_rack_cluster021_part1_refined_from_voxel005_medium,real_previous_registration,397,76,0.10819222963529049,0.06547699335473656,0.6757194201770768,104.12946289869721,0.1823212067946284,0,0.21324339151109087,0
real_20260626_161911_pallet_rack_cluster021_part1_refined_from_voxel005_medium,real_previous_registration,398,162,0.2808781879327653,0.23453673005002804,0.7759825967110003,151.08343580067134,0.8544141217748946,0,0.07800969007660842,1
real_20260626_161911_pallet_rack_cluster021_part1_refined_from_voxel005_medium,real_previous_registration,399,412,0.39900585719603127,0.28586645604228533,0.729259937970313,174.19968931961097,0.37729368114227935,0,0.09461181304595631,1
real_20260626_161911_pallet_rack_cluster021_part1_refined_from_voxel005_medium,real_previous_registration,400,102,0.42828978864718575,0.22349965614770287,0.2714845289115536,133.15612407542687,0.29423919126446546,0,0.11811070772183849,0
real_20260626_161911_pallet_rack_cluster021_part1_refined_from_voxel005_medium,real_previous_registration,401,204,0.46989589923824615,0.41605950637849737,0.3739012410215139,132.3763317121977,0.12361382744833849,0,0.15229899400457717,0
real_20260626_161911_pallet_rack_cluster021_part1_refined_from_voxel005_medium,real_previous_registration,402,207,0.3496085632457458,0.1427338568034957,0.9636121344315,145.66134723181776,0.2097202661175399,0,0.052537773131633395,1
real_20260626_161911_pallet_rack_cluster021_part1_refined_from_voxel005_medium,real_previous_registration,403,65,0.07869955948472211,0.07454889849686988,0.022680558266158155,88.15573261854006,0.14165039647248137,0,0.23931264163598914,0
real_20260626_161911_pallet_rack_cluster021_part1_refined_from_voxel005_medium,real_previous_registration,404,404,0.10566290374502012,0.09402707066590993,0.3197209524775808,95.4178628816374,-0.11122550507941678,0,0.24323684903244164,0
real_20260626_161911_pallet_rack_cluster021_part1_refined_from_voxel005_medium,real_previous_registration,405,102,0.29596027385989915,0.1438967997503459,0.38383064382356546,126.59707650254663,0.4228564696951553,0,0.05278059827811245,1
real_20260626_161911_pallet_rack_cluster021_part1_refined_from_voxel005_medium,real_previous_registration,406,360,0.28798818964632933,0.19817479395212098,0.7159764503271265,146.6901597722138,0.5108249237669706,0,0.13441263100632034,0
real_20260626_161911_pallet_rack_cluster021_part1_refined_from_voxel005_medium,real_previous_registration,407,104,0.1412778998207553,0.11107442936784154,0.30244208849078025,89.96664427066791,-0.2076390618940724,0,0.23654513218823703,0
real_20260626_161911_pallet_rack_cluster021_part1_refined_from_voxel005_medium,real_previous_registration,408,65,0.38166770063355127,0.36111531666176694,0.026039410799190255,101.67450167529499,-0.0909716912492882,0,0.09102713007183559,1
real_20260626_161911_pallet_rack_cluster021_part1_refined_from_voxel005_medium,real_previous_registration,409,186,0.3203638125465223,0.2887290734325187,0.38246787700198304,161.9479006360283,0.6225287286466243,0,0.06440865638029523,1
real_20260626_161911_pallet_rack_cluster021_part1_refined_from_voxel005_medium,real_previous_registration,410,431,0.20607660996372967,0.19017369540333376,0.06676469120075879,79.16737404548226,0.0,0,0.1374721306937727,0
real_20260626_161911_pallet_rack_cluster021_part1_refined_from_voxel005_medium,real_previous_registration,411,204,0.22428171389165447,0.20229737741672663,0.3355090280303678,104.7232985570853,0.5212964746205235,0,0.10656756714158566,0
real_20260626_161911_pallet_rack_cluster021_part1_refined_from_voxel005_medium,real_previous_registration,412,65,0.13523714962644492,0.12399349218338818,0.1008388659864406,78.20319404002909,0.37605093672428475,0,0.18716155689562777,0
real_20260626_161911_pallet_rack_cluster021_part1_refined_from_voxel005_medium,real_previous_registration,413,382,0.10778424319370596,0.08434622463380598,0.9263532578652551,119.91807734368415,-0.609764804665367,0,0.2340137867162251,0
real_20260626_161911_pallet_rack_cluster021_part1_refined_from_voxel005_medium,real_previous_registration,414,60,0.07497710749417091,0.044524561606688794,0.8268031083576076,108.41115832945235,0.432863467432301,0,0.23930923709387808,0
real_20260626_161911_pallet_rack_cluster021_part1_refined_from_voxel005_medium,real_previous_registration,415,162,0.4083353905709128,0.3207332008478061,0.7357145354051808,187.63905337776137,0.5306273863577302,0,0.15376819856604207,0
real_20260626_161911_pallet_rack_cluster021_part1_refined_from_voxel005_medium,real_previous_registration,416,114,0.07378637059372399,0.06043326930483067,0.2853995372871236,76.82617341501104,0.6539256920230004,0,0.27071960652173,0
real_20260626_161911_pallet_rack_cluster021_part1_refined_from_voxel005_medium,real_previous_registration,417,201,0.05895469333423088,0.058282066536401514,0.4420991452555112,84.42961581209084,-0.5877860426805742,0,0.29437677886725233,0
real_20260626_161911_pallet_rack_cluster021_part1_refined_from_voxel005_medium,real_previous_registration,418,439,0.21540064029382364,0.19300011907964923,0.9092937379610184,105.5793578729643,-0.11332850530728934,0,0.151879706535193,0
real_20260626_161911_pallet_rack_cluster021_part1_refined_from_voxel005_medium,real_previous_registration,419,455,0.1252431589500031,0.06935850597298868,0.11077996000680623,109.52785400466203,0.23361462091857504,0,0.17551195024078506,0
real_20260626_161911_pallet_rack_cluster021_part1_refined_from_voxel005_medium,real_previous_registration,420,133,0.42256829480686914,0.2782866176393268,0.4868232096642473,105.11827900568888,0.15415053697024822,0,0.14190615291201605,0
real_20260626_161911_pallet_rack_cluster021_part1_refined_from_voxel005_medium,real_previous_registration,421,102,0.28881634023585584,0.18120071292200934,0.7481169065692848,103.33814844150241,0.4228564696951553,0,0.039028772132209004,1
real_20260626_161911_pallet_rack_cluster021_part1_refined_from_voxel005_medium,real_previous_registration,422,9,0.055148144452797414,0.03043154514362472,0.40962315977211017,85.51767076063912,0.8383277005423795,0,0.32798747263906325,0
real_20260626_161911_pallet_rack_cluster021_part1_refined_from_voxel005_medium,real_previous_registration,423,68,0.32690634751806813,0.3234331472540069,0.10740239542546484,161.63367825511654,0.45547493768923425,0,0.07369991454374644,1
real_20260626_161911_pallet_rack_cluster021_part1_refined_from_voxel005_medium,real_previous_registration,424,91,0.2232529107832741,0.20737670112040912,0.008605156829740224,146.0539158720143,-0.05942337102029241,0,0.09325855289205653,1
real_20260626_161911_pallet_rack_cluster021_part1_refined_from_voxel005_medium,real_previous_registration,425,17,0.23240942942621426,0.02951392320388664,0.9780475523846924,110.30957779089023,0.23638848332775744,0,0.06313156925874122,1
real_20260626_161911_pallet_rack_cluster021_part1_refined_from_voxel005_medium,real_previous_registration,426,65,0.38801135834239936,0.38753340212088466,0.2060762070493118,99.23387520636685,-0.11506921843812941,0,0.11886850718597781,0
real_20260626_161911_pallet_rack_cluster021_part1_refined_from_voxel005_medium,real_previous_registration,427,431,0.2536816399382227,0.248589899729068,0.012976502904276245,86.70194393093263,0.08004264036590078,0,0.0883482500373346,1
real_20260626_161911_pallet_rack_cluster021_part1_refined_from_voxel005_medium,real_previous_registration,428,48,0.3587048951983177,0.1820219364838347,0.8277086646231582,282.4592177722866,1.1313992663377126,0,0.17271301202630934,0
real_20260626_161911_pallet_rack_cluster021_part1_refined_from_voxel005_medium,real_previous_registration,429,98,0.19599269403647965,0.05865241417746696,0.7542658127951698,249.09223377309925,0.9650776460553685,0,0.2855726940869382,0
real_20260626_161911_pallet_rack_cluster021_part1_refined_from_voxel005_medium,real_previous_registration,430,455,0.20167278254321205,0.13682677232663093,0.8614217339813367,67.45665798828715,0.21256123033774763,0,0.09864112490905849,1
real_20260626_161911_pallet_rack_cluster021_part1_refined_from_voxel005_medium,real_previous_registration,431,204,0.36222639745075985,0.23191207312259335,0.3052234317614566,157.77653866480014,-0.23638848332775744,0,0.16278982254727925,0
real_20260626_161911_pallet_rack_cluster021_part1_refined_from_voxel005_medium,real_previous_registration,432,74,0.2526443649584494,0.16916005327690817,0.04073287226670552,75.71781469233976,0.0,0,0.0664318441216114,1
real_20260626_161911_pallet_rack_cluster021_part1_refined_from_voxel005_medium,real_previous_registration,433,91,0.20140166853540273,0.19506616888016723,0.08829689329295637,118.39525991010666,-0.23767143517938183,0,0.09877062840176691,1
real_20260626_161911_pallet_rack_cluster021_part1_refined_from_voxel005_medium,real_previous_registration,434,204,0.18020644608378864,0.06028000103406715,0.21139735154553582,117.56814554007205,-0.4595316846425186,0,0.24140138080457654,0
real_20260626_161911_pallet_rack_cluster021_part1_refined_from_voxel005_medium,real_previous_registration,435,133,0.1080607393949348,0.10439228919746218,0.005369035416368739,65.40940505220945,-0.04879011416948323,0,0.20575166491906227,0
real_20260626_161911_pallet_rack_cluster021_part1_refined_from_voxel005_medium,real_previous_registration,436,201,0.043494823513805354,0.02023956277130984,0.5867069254426696,79.27121869385333,-0.2047942358784896,0,0.25959677381134605,0
real_20260626_161911_pallet_rack_cluster021_part1_refined_from_voxel005_medium,real_previous_registration,437,204,0.3434719105589323,0.2563152428741638,0.2036914699408398,118.4902856086437,0.05129323912445218,0,0.09618253359602416,1
real_20260626_161911_pallet_rack_cluster021_part1_refined_from_voxel005_medium,real_previous_registration,438,64,0.10325511693967335,0.09500041143367495,0.6813317493939824,81.02868930130532,0.2876817224522096,0,0.2741530738313656,0
real_20260626_161911_pallet_rack_cluster021_part1_refined_from_voxel005_medium,real_previous_registration,440,133,0.15746817644520858,0.10314695399420183,0.7634451112455404,76.94277409198726,0.19415583797053004,0,0.1661483011206583,0
real_20260626_161911_pallet_rack_cluster021_part1_refined_from_voxel005_medium,real_previous_registration,441,360,0.3373815275519142,0.2611715483730378,0.7255113245482395,161.31037756853092,0.583145512090857,0,0.09986621501750477,1
real_20260626_161911_pallet_rack_cluster021_part1_refined_from_voxel005_medium,real_previous_registration,442,104,0.1113080832762502,0.07145788612391127,0.39192640447737587,91.49910967723471,0.17185004969006767,0,0.22338725682437463,0
real_20260626_161911_pallet_rack_cluster021_part1_refined_from_voxel005_medium,real_previous_registration,443,186,0.3235321290440264,0.29822596904951204,0.35797846042047,163.8317729347754,0.5465429025415302,0,0.12471959870347922,0
real_20260626_161911_pallet_rack_cluster021_part1_refined_from_voxel005_medium,real_previous_registration,444,382,0.13035797324810897,0.0937576472652879,0.9267767587202498,129.5348036389989,-0.650586729185742,0,0.23837344306911135,0
real_20260626_161911_pallet_rack_cluster021_part1_refined_from_voxel005_medium,real_previous_registration,445,48,0.4839467845480404,0.22039083905792262,0.8373143301669315,281.07375696594926,1.1313992663377126,0,0.3171595046266615,0
real_20260626_161911_pallet_rack_cluster021_part1_refined_from_voxel005_medium,real_previous_registration,446,204,0.09248597879501713,0.06527185464089834,0.3849186229957493,121.02972606088694,0.14660332347432725,0,0.2499859042228236,0
real_20260626_161911_pallet_rack_cluster021_part1_refined_from_voxel005_medium,real_previous_registration,447,204,0.18038019422230925,0.16546565338275726,0.13814198152219542,111.86509283091294,0.5819210578340419,0,0.14904166580791803,0
real_20260626_161911_pallet_rack_cluster021_part1_refined_from_voxel005_medium,real_previous_registration,448,226,0.09484745201811626,0.010904005459743765,0.8560432077569002,127.6650501608994,0.271933402984003,0,0.2025465269452379,0
real_20260626_161911_pallet_rack_cluster021_part1_refined_from_voxel005_medium,real_previous_registration,449,245,0.2001336706522357,0.0886357177225846,0.4560950130497352,114.88349754133672,0.4795724648780755,1,0.15701959538020613,0
real_20260626_161911_pallet_rack_cluster021_part1_refined_from_voxel005_medium,real_previous_registration,450,245,0.21905567503145656,0.1350977969448323,0.3478159934102555,116.23683213959997,0.5920503419218877,0,0.11364068091493612,0
real_20260626_161911_pallet_rack_cluster021_part1_refined_from_voxel005_medium,real_previous_registration,451,48,0.4301677156605127,0.22401324395429342,0.8347009326652037,282.40321089489606,1.1313992663377126,0,0.23252065973304586,0
real_20260626_161911_pallet_rack_cluster021_part1_refined_from_voxel005_medium,real_previous_registration,452,455,0.4339912103984511,0.2664055414210202,0.7519222831756197,172.3497881405752,0.10008335329393524,0,0.1411021186919218,0
real_20260626_161911_pallet_rack_cluster021_part1_refined_from_voxel005_medium,real_previous_registration,453,204,0.3708653333226333,0.30326623203649317,0.46317770866895486,118.03733193897666,0.36974668387961,0,0.0755023399495883,1
real_20260626_161911_pallet_rack_cluster021_part1_refined_from_voxel005_medium,real_previous_registration,454,207,0.22399105019598156,0.11153621709895314,0.9771391233668429,133.82761594203734,0.4489497136655051,0,0.09786978798729952,1
real_20260626_161911_pallet_rack_cluster021_part1_refined_from_voxel005_medium,real_previous_registration,455,91,0.3053643920242624,0.2963353074473823,0.07752405499787772,160.21859956864873,0.09180747840297515,0,0.045669325810783354,1
real_20260626_161911_pallet_rack_cluster021_part1_refined_from_voxel005_medium,real_previous_registration,456,91,0.2045243041561808,0.2032618901324629,0.10936669352023641,112.0854237849398,-0.12260221674125232,0,0.09677640403468764,1
real_20260626_161911_pallet_rack_cluster021_part1_refined_from_voxel005_medium,real_previous_registration,457,14,0.2096349810272988,0.09941099078222698,0.10349437885584478,235.1106623842415,1.60942951248702,0,0.2965364820462489,0
real_20260626_161911_pallet_rack_cluster021_part1_refined_from_voxel005_medium,real_previous_registration,458,431,0.4283888241146136,0.42747642835566385,0.41390181969013895,82.22642342319648,-0.26028283812879266,0,0.11393163263293883,0
real_20260626_161911_pallet_rack_cluster021_part1_refined_from_voxel005_medium,real_previous_registration,459,48,0.35932984942689516,0.22829933895141286,0.8299467995874512,276.3134924602789,1.1313992663377126,0,0.0835099328780842,1
real_20260626_161911_pallet_rack_cluster021_part1_refined_from_voxel005_medium,real_previous_registration,460,444,0.052201555982135564,0.0487022479012633,0.7776824716768451,126.24238685371141,0.2429459521400133,0,0.2899485669510504,0
real_20260626_161911_pallet_rack_cluster021_part1_refined_from_voxel005_medium,real_previous_registration,461,162,0.39828637900126246,0.291832391361367,0.7178540735095402,174.99651819262024,0.6151846742269294,0,0.10759315628504308,0
real_20260626_161911_pallet_rack_cluster021_part1_refined_from_voxel005_medium,real_previous_registration,462,48,0.05404130099614034,0.040884402614351445,0.1329662503923068,114.68436590687324,0.916288211881564,0,0.2903529838063791,0
real_20260626_161911_pallet_rack_cluster021_part1_refined_from_voxel005_medium,real_previous_registration,463,76,0.3475101506275509,0.0484340076430154,0.9729735718673723,138.5206817331503,0.7419362447310824,0,0.06547409862428362,1
real_20260626_161911_pallet_rack_cluster021_part1_refined_from_voxel005_medium,real_previous_registration,464,157,0.4417016495439863,0.06660799247723323,0.9865679294854015,174.31040241917154,0.6359876686827405,0,0.1634824479165309,0
real_20260626_161911_pallet_rack_cluster021_part1_refined_from_voxel005_medium,real_previous_registration,465,48,0.18524883841593603,0.06925883050323256,0.8864393387359969,242.97488542663157,0.788455069462177,0,0.26086351533512964,0
real_20260626_161911_pallet_rack_cluster021_part1_refined_from_voxel005_medium,real_previous_registration,466,9,0.3058671038461476,0.27165617115529944,0.5200699825097874,95.81483912641335,1.270460657440048,0,0.11611465754911313,0
real_20260626_161911_pallet_rack_cluster021_part1_refined_from_voxel005_medium,real_previous_registration,467,390,0.39569678924351165,0.2100945006225857,0.769556877767618,143.3615741653858,0.4595316846425186,0,0.11633096015642971,0
real_20260626_161911_pallet_rack_cluster021_part1_refined_from_voxel005_medium,real_previous_registration,468,360,0.08243726943987716,0.021979949282746197,0.2517834722527917,128.76543497863653,0.08004257305837832,0,0.2936744660754416,0
real_20260626_161911_pallet_rack_cluster021_part1_refined_from_voxel005_medium,real_previous_registration,469,360,0.21647518340421495,0.11047032977587083,0.15120803120946658,89.91795147984229,0.6061350081168457,0,0.34516341791696536,0
real_20260626_161911_pallet_rack_cluster021_part1_refined_from_voxel005_medium,real_previous_registration,470,133,0.34736988923512063,0.23140914414375666,0.6016773118263847,112.0732214304594,0.25131420605888144,0,0.06950167602967056,1
real_20260626_161911_pallet_rack_cluster021_part1_refined_from_voxel005_medium,real_previous_registration,471,102,0.18779961074342427,0.12578209240028257,0.7912547123514566,98.28416904990011,0.43995089078093985,0,0.1335436746767357,0
real_20260626_161911_pallet_rack_cluster021_part1_refined_from_voxel005_medium,real_previous_registration,472,265,0.05611857334034572,0.026239848963065592,0.02123138266032598,123.0901344413747,0.8109290495514315,0,0.29864010871728697,0
real_20260626_161911_pallet_rack_cluster021_part1_refined_from_voxel005_medium,real_previous_registration,473,104,0.15031113346709044,0.12007556346897699,0.3389858496397954,77.95675495339064,-0.2076390618940724,0,0.2620138928545118,0
real_20260626_161911_pallet_rack_cluster021_part1_refined_from_voxel005_medium,real_previous_registration,474,17,0.2273006774199198,0.033083021657393824,0.9832181588624052,97.65339413103504,0.3364718366216928,0,0.07420498038272992,1
real_20260626_161911_pallet_rack_cluster021_part1_refined_from_voxel005_medium,real_previous_registration,475,455,0.4647957817674443,0.29145501696401815,0.8450793955056235,153.3044357979013,0.0,0,0.1703034262058803,0
real_20260626_161911_pallet_rack_cluster021_part1_refined_from_voxel005_medium,real_previous_registration,476,276,0.46458685392512455,0.4626197904301078,0.2291587805195513,129.23526584597926,0.10178254914885938,0,0.1881719229695033,0
real_20260626_161911_pallet_rack_cluster021_part1_refined_from_voxel005_medium,real_previous_registration,477,99,0.32787189475040496,0.1118603796498782,0.8728506389556004,112.0025568077929,0.17435322714492488,0,0.04660888470142868,1
real_20260626_161911_pallet_rack_cluster021_part1_refined_from_voxel005_medium,real_previous_registration,478,186,0.1008034682967397,0.04348579436915818,0.5909054928011512,114.85295301784608,0.08701121789901169,0,0.3118662516357847,0
real_20260626_161911_pallet_rack_cluster021_part1_refined_from_voxel005_medium,real_previous_registration,479,48,0.3282586788724602,0.1975143964292721,0.8317468875175342,213.4121943409508,1.1631479223136396,0,0.03658372059751925,1
real_20260626_161911_pallet_rack_cluster021_part1_refined_from_voxel005_medium,real_previous_registration,480,91,0.10948217913622124,0.10103246816272429,0.17182525722713266,95.48744276681713,-0.14458110317019143,0,0.19418532110506811,0
real_20260626_161911_pallet_rack_cluster021_part1_refined_from_voxel005_medium,real_previous_registration,481,157,0.06692278797910141,0.0318428730349225,0.689720691784542,111.60108488349587,0.6931460138953204,0,0.23519229352341312,0
real_20260626_161911_pallet_rack_cluster021_part1_refined_from_voxel005_medium,real_previous_registration,482,276,0.2810300216590346,0.2809236197634057,0.05520954578809738,110.02232600980042,0.45198457828918115,0,0.022386813738824337,1
real_20260626_161911_pallet_rack_cluster021_part1_refined_from_voxel005_medium,real_previous_registration,483,48,0.38955898323422117,0.251086529118346,0.8299467995874616,276.16872514914115,1.1313992663377126,0,0.09633730759255232,1
real_20260626_161911_pallet_rack_cluster021_part1_refined_from_voxel005_medium,real_previous_registration,484,14,0.2706114670934012,0.15242729427023738,0.025440626364130192,241.56903673952502,1.6582195766566572,0,0.29555372564210514,0
real_20260626_161911_pallet_rack_cluster021_part1_refined_from_voxel005_medium,real_previous_registration,485,265,0.223341348315689,0.10004509861341304,0.8394765031351477,142.1170665021698,0.5877857315703102,0,0.11681886606931245,0
real_20260626_161911_pallet_rack_cluster021_part1_refined_from_voxel005_medium,real_previous_registration,486,102,0.154039165616515,0.09912830231072639,0.420664617588914,111.39038621971835,0.07598582610509405,0,0.1744992146266898,0
real_20260626_161911_pallet_rack_cluster021_part1_refined_from_voxel005_medium,real_previous_registration,487,98,0.27634936383037007,0.1165260017530195,0.7748034647426265,267.53565759191775,1.011597570781348,0,0.2821346250963646,0
real_20260626_161911_pallet_rack_cluster021_part1_refined_from_voxel005_medium,real_previous_registration,488,207,0.32036783933234786,0.16377122938263422,0.9762008816376939,142.2528351599686,0.2876817224522096,0,0.06615306324227725,1
real_20260626_161911_pallet_rack_cluster021_part1_refined_from_voxel005_medium,real_previous_registration,489,265,0.320543131101887,0.14333684115423867,0.8537659277542484,156.44628790144705,0.6931461305615991,0,0.10629626401815095,0
real_20260626_161911_pallet_rack_cluster021_part1_refined_from_voxel005_medium,real_previous_registration,490,236,0.1649275467839678,0.024078400248837367,0.9989686556393366,134.78251968659094,0.23638848332775744,0,0.13369708043356734,0
real_20260626_161911_pallet_rack_cluster021_part1_refined_from_voxel005_medium,real_previous_registration,491,48,0.04383160531177975,0.04066791194465369,0.5402969292168478,131.50768378668943,0.8329067490292135,1,0.2829428953271501,0
real_20260626_161911_pallet_rack_cluster021_part1_refined_from_voxel005_medium,real_previous_registration,492,204,0.1374103212095992,0.10834953936454586,0.031712834868144635,113.88551706388618,0.21256123033774763,0,0.19801227074961647,0
real_20260626_161911_pallet_rack_cluster021_part1_refined_from_voxel005_medium,real_previous_registration,493,14,0.4597786416305715,0.3595015906463861,0.044412048945821,272.89654659054946,2.0476836982581723,0,0.3138385962945213,0
real_20260626_161911_pallet_rack_cluster021_part1_refined_from_voxel005_medium,real_previous_registration,494,157,0.12129589294710624,0.07159610437823313,0.6601949077600071,134.0425712834858,0.32850341364001395,0,0.2517592808720414,0
real_20260626_161911_pallet_rack_cluster021_part1_refined_from_voxel005_medium,real_previous_registration,495,207,0.28000896103605194,0.13486290001862658,0.9793837832271616,141.2372405280463,0.3829918068020847,0,0.12229986045600019,0
real_20260626_161911_pallet_rack_cluster021_part1_refined_from_voxel005_medium,real_previous_registration,496,133,0.1498210413918445,0.07534195285466727,0.49132539303094314,64.64243417804717,0.33986753748700455,0,0.17387061848599555,0
real_20260626_161911_pallet_rack_cluster021_part1_refined_from_voxel005_medium,real_previous_registration,497,360,0.3516688829815115,0.26697373804502045,0.6758003357332903,156.1379326332266,0.6061350081168457,0,0.14866369437191837,0
real_20260626_161911_pallet_rack_cluster021_part1_refined_from_voxel005_medium,real_previous_registration,498,360,0.4755503094577171,0.32099843588193766,0.7504912323900851,188.69435116146326,0.37729368114227935,0,0.3072296107955612,0
real_20260626_161911_pallet_rack_cluster021_part1_refined_from_voxel005_medium,real_previous_registration,499,383,0.08223853814932862,0.03089850979562559,0.8259324367037401,137.10425771314138,0.3184534447551578,0,0.2262352603998983,0
real_20260626_161911_pallet_rack_cluster021_part1_refined_from_voxel005_medium,real_previous_registration,500,48,0.14645608759023582,0.07014350365984534,0.8574992781426402,231.99876706809653,0.788455069462177,0,0.24104822240724905,0
real_20260626_161911_pallet_rack_cluster021_part1_refined_from_voxel005_medium,real_previous_registration,501,265,0.3552111081969314,0.18344887577576524,0.8855151332494775,161.09536384840175,0.5306273863577302,0,0.1327614378340527,0
real_20260626_161911_pallet_rack_cluster021_part1_refined_from_voxel005_medium,real_previous_registration,502,68,0.07238380629738579,0.02357547564192605,0.8089794233810388,72.4273663696668,0.10919912485649466,0,0.29216600860816505,0
real_20260626_161911_pallet_rack_cluster021_part1_refined_from_voxel005_medium,real_previous_registration,503,186,0.3620133145601461,0.33815238507537637,0.46125426914364837,166.51340384879057,0.4643048990412911,0,0.107829518903082,0
real_20260626_161911_pallet_rack_cluster021_part1_refined_from_voxel005_medium,real_previous_registration,504,48,0.07026337433369313,0.04085855221832075,0.8447635072594213,178.64452532858758,0.7419351447361975,0,0.28192559546779283,0
real_20260626_161911_pallet_rack_cluster021_part1_refined_from_voxel005_medium,real_previous_registration,505,186,0.28877337385932733,0.23599142658487332,0.34102060295542164,153.1103017172456,0.6931462260158574,0,0.15620340586326362,0
real_20260626_161911_pallet_rack_cluster021_part1_refined_from_voxel005_medium,real_previous_registration,506,276,0.23378817135104366,0.22039231184928004,0.11434602209563505,96.24293957828634,0.49643629935807754,0,0.09761164763971777,1
real_20260626_161911_pallet_rack_cluster021_part1_refined_from_voxel005_medium,real_previous_registration,507,102,0.4767094711422775,0.285783162613666,0.5760383450014566,118.10806866793362,-0.11122550507941678,0,0.1632354449688883,0
real_20260626_161911_pallet_rack_cluster021_part1_refined_from_voxel005_medium,real_previous_registration,508,133,0.299515086559786,0.16189358941200088,0.7068413341068889,100.83294879815506,0.25131420605888144,0,0.10305397678781085,0
real_20260626_161911_pallet_rack_cluster021_part1_refined_from_voxel005_medium,real_previous_registration,509,300,0.019662347306340953,0.004844250321173412,0.7005784258157747,107.86096294980746,0.36290509423329126,1,0.2912613762597631,0
real_20260626_161911_pallet_rack_cluster021_part1_refined_from_voxel005_medium,real_previous_registration,510,99,0.33418549490295163,0.1485963540478475,0.8835062424409006,117.13202684412317,0.19415583797053004,0,0.03417334105004171,1
real_20260626_161911_pallet_rack_cluster021_part1_refined_from_voxel005_medium,real_previous_registration,511,49,0.04334212537535919,0.002060440549361345,0.2261921421588453,99.80722370390946,-0.03390150339988811,0,0.27976680608322746,0
real_20260626_161911_pallet_rack_cluster021_part1_refined_from_voxel005_medium,real_previous_registration,512,65,0.3693388798251475,0.3656518649848204,0.4799451081536007,80.03147448792971,0.2657029526896992,0,0.06101693185728045,1
real_20260626_161911_pallet_rack_cluster021_part1_refined_from_voxel005_medium,real_previous_registration,513,204,0.14348562513910812,0.13621558591321525,0.4754086056039247,112.05908013426489,0.43995089078093985,0,0.18671897960036393,0
real_20260626_161911_pallet_rack_cluster021_part1_refined_from_voxel005_medium,real_previous_registration,514,157,0.2523547838905854,0.03760052362778315,0.9363130249687226,103.78348607567919,0.6931460138953204,0,0.06550661277931213,1
real_20260626_161911_pallet_rack_cluster021_part1_refined_from_voxel005_medium,real_previous_registration,515,76,0.4629456107612837,0.07127306436577809,0.9864332933838321,180.47072276749222,0.7884562149114742,0,0.19084120175057886,0
real_20260626_161911_pallet_rack_cluster021_part1_refined_from_voxel005_medium,real_previous_registration,516,265,0.31582380515317227,0.167025361716481,0.8490093579370053,153.37687352532296,0.6678283495003576,0,0.11954235805227949,0
real_20260626_161911_pallet_rack_cluster021_part1_refined_from_voxel005_medium,real_previous_registration,517,186,0.3230929566263598,0.26948746094663273,0.341516252813679,163.9719312742605,0.6466262558354655,0,0.1522454035473174,0
real_20260626_161911_pallet_rack_cluster021_part1_refined_from_voxel005_medium,real_previous_registration,518,133,0.3919107526030562,0.2505915084340436,0.47941105828651437,103.32277555026026,0.3894644441813488,0,0.13734101350589775,0
real_20260626_161911_pallet_rack_cluster021_part1_refined_from_voxel005_medium,real_previous_registration,519,162,0.4041558035163557,0.31408710231192083,0.8191666983799151,164.46446390412467,0.6678283495003576,0,0.11039129289345502,0
real_20260626_161911_pallet_rack_cluster021_part1_refined_from_voxel005_medium,real_previous_registration,520,60,0.3273119330692064,0.19658644347618753,0.9416257801418787,123.88763081729653,0.6061350081168457,0,0.030179292799156855,1
real_20260626_161911_pallet_rack_cluster021_part1_refined_from_voxel005_medium,real_previous_registration,521,360,0.12244200223702202,0.07760298071499067,0.20438590316411454,92.43172520492165,0.6720929149802661,0,0.28293211944278185,0
real_20260626_161911_pallet_rack_cluster021_part1_refined_from_voxel005_medium,real_previous_registration,522,68,0.3679437779360938,0.36294871407678797,0.13303702335102427,153.04157867021817,0.45547493768923425,0,0.06293140837646877,1
real_20260626_161911_pallet_rack_cluster021_part1_refined_from_voxel005_medium,real_previous_registration,523,204,0.4129523066550987,0.31172879081260635,0.44593433324469606,122.36306307471612,-0.054067159866836856,0,0.13265044572432358,0
real_20260626_161911_pallet_rack_cluster021_part1_refined_from_voxel005_medium,real_previous_registration,524,76,0.12890991545388664,0.05938219167473252,0.6023490070058124,98.73064148688195,0.33647163662229296,0,0.23342925816176155,0
real_20260626_161911_pallet_rack_cluster021_part1_refined_from_voxel005_medium,real_previous_registration,525,265,0.31877793015070227,0.16510490328320718,0.8405120693907506,152.41153117426506,0.7419362447310824,0,0.09793525974891276,1
real_20260626_161911_pallet_rack_cluster021_part1_refined_from_voxel005_medium,real_previous_registration,526,385,0.024287991695683256,0.011651638849933843,0.022372959255498648,102.15376977907415,-0.4155150112348501,1,0.30318145776583144,0
real_20260626_161911_pallet_rack_cluster021_part1_refined_from_voxel005_medium,real_previous_registration,527,456,0.027399936199648086,0.02344167571270323,0.7378462515072011,109.01297969194879,0.3237867354171644,1,0.2961949394101784,0
real_20260626_161911_pallet_rack_cluster021_part1_refined_from_voxel005_medium,real_previous_registration,528,390,0.422212866953245,0.22249638922144283,0.6787494580808493,127.03992609829632,0.4595316846425186,0,0.13624851011512717,0
real_20260626_161911_pallet_rack_cluster021_part1_refined_from_voxel005_medium,real_previous_registration,529,157,0.2926030825159607,0.04959863912505702,0.9912590826119876,119.94468836127287,0.8231989998672514,0,0.06842773097236858,1
real_20260626_161911_pallet_rack_cluster021_part1_refined_from_voxel005_medium,real_previous_registration,530,360,0.1693464475226112,0.11031526815702655,0.14270320790887453,89.2994986832362,0.5355175107476127,0,0.30744182363437234,0
real_20260626_161911_pallet_rack_cluster021_part1_refined_from_voxel005_medium,real_previous_registration,531,360,0.41722763068113095,0.3085509167086918,0.7423163709514464,181.24302708670658,0.37729368114227935,0,0.16754929636025903,0
real_20260626_161911_pallet_rack_cluster021_part1_refined_from_voxel005_medium,real_previous_registration,532,98,0.2215520281259957,0.09081334148364699,0.8211590166149008,261.64006841621887,1.011597570781348,0,0.24272676749740638,0
real_20260626_161911_pallet_rack_cluster021_part1_refined_from_voxel005_medium,real_previous_registration,533,369,0.05814390182160753,0.040697811636267844,0.36288312430842673,131.7210017467602,0.2876817807854119,0,0.2601235211686594,0
real_20260626_161911_pallet_rack_cluster021_part1_refined_from_voxel005_medium,real_previous_registration,534,91,0.2484666282917697,0.24746140682467135,0.026137353925255284,141.57961789948854,0.09180747840297515,0,0.03851109948872888,1
real_20260626_161911_pallet_rack_cluster021_part1_refined_from_voxel005_medium,real_previous_registration,535,98,0.11198071675839175,0.05068469870224594,0.8157717605464231,223.51723975859557,1.011597570781348,0,0.2514215923557272,0
real_20260626_161911_pallet_rack_cluster021_part1_refined_from_voxel005_medium,real_previous_registration,536,98,0.29009080088520584,0.06373890276955457,0.7831555464381103,268.89553222977474,1.011597570781348,0,0.3460973521471951,0
real_20260626_161911_pallet_rack_cluster021_part1_refined_from_voxel005_medium,real_previous_registration,537,390,0.1723479215165241,0.11888241983923048,0.13999790689833747,69.05186514337768,0.37729368114227935,0,0.1593683063679873,0
real_20260626_161911_pallet_rack_cluster021_part1_refined_from_voxel005_medium,real_previous_registration,538,48,0.10517490548577622,0.09225047909615755,0.7106450338948206,119.1920169525953,0.8754662873611887,0,0.23895966791951745,0
real_20260626_161911_pallet_rack_cluster021_part1_refined_from_voxel005_medium,real_previous_registration,539,133,0.4205208415938989,0.30946246247878473,0.6544411458323982,98.5779592780446,0.23262208772176962,0,0.1502103788089819,0
real_20260626_161911_pallet_rack_cluster021_part1_refined_from_voxel005_medium,real_previous_registration,540,159,0.22783587718084966,0.12866226635877165,0.8002219730103386,122.73650387508185,0.31449308352582067,0,0.09985185861867475,1
real_20260626_161911_pallet_rack_cluster021_part1_refined_from_voxel005_medium,real_previous_registration,541,186,0.27448879686832384,0.24135181364850528,0.3376929003987148,145.7048219717734,0.5978361416659822,0,0.10526146767129063,0
real_20260626_161911_pallet_rack_cluster021_part1_refined_from_voxel005_medium,real_previous_registration,542,91,0.38694402141945294,0.37733187174880195,0.2386127059798997,148.21404381755417,-0.5172559669504706,0,0.11497098202881516,0
real_20260626_161911_pallet_rack_cluster021_part1_refined_from_voxel005_medium,real_previous_registration,543,455,0.3391227640191603,0.2160374790581911,0.7669688639980189,139.94821734570314,0.10008335329393524,0,0.043967775207216814,1
real_20260626_161911_pallet_rack_cluster021_part1_refined_from_voxel005_medium,real_previous_registration,544,437,0.09545167054067799,0.0382041821437685,0.38323287986896376,135.79577915905222,0.15415047982751834,0,0.21491980280701845,0
real_20260626_161911_pallet_rack_cluster021_part1_refined_from_voxel005_medium,real_previous_registration,545,390,0.4326361773840539,0.2289653378266197,0.8321995904955508,142.9659421218161,0.34830617956310167,0,0.14888050618641238,0
real_20260626_161911_pallet_rack_cluster021_part1_refined_from_voxel005_medium,real_previous_registration,546,9,0.3448637386878638,0.304967159699534,0.6619455652468506,95.47211343670313,1.216393477105414,0,0.1153135787309724,0
real_20260626_161911_pallet_rack_cluster021_part1_refined_from_voxel005_medium,real_previous_registration,547,91,0.15311733797146962,0.15000615806943599,0.15903986328826614,105.69516914966215,-0.16705393781014877,0,0.14543965150883942,0
real_20260626_161911_pallet_rack_cluster021_part1_refined_from_voxel005_medium,real_previous_registration,548,14,0.24393279153575262,0.09877585391573535,0.05620861555776883,244.04353854811137,1.60942951248702,0,0.3271210756957498,0
real_20260626_161911_pallet_rack_cluster021_part1_refined_from_voxel005_medium,real_previous_registration,549,207,0.3295938507403928,0.159065044463094,0.9861817321152869,159.60909827263808,0.262363941390968,0,0.074928561267608,1
real_20260626_161911_pallet_rack_cluster021_part1_refined_from_voxel005_medium,real_previous_registration,550,91,0.3359920398212337,0.329940859970919,0.028084131898607118,150.7531612734959,-0.28768180322126524,0,0.07737341198506596,1
real_20260626_161911_pallet_rack_cluster021_part1_refined_from_voxel005_medium,real_previous_registration,551,455,0.44784991875989266,0.2662250182552555,0.6956634281923694,165.7338692257485,0.05129323912445218,0,0.16623680916318484,0
real_20260626_161911_pallet_rack_cluster021_part1_refined_from_voxel005_medium,real_previous_registration,552,48,0.39598752710281143,0.18206788210216274,0.8347009326652146,285.36717514796453,1.1313992663377126,0,0.2311754728515099,0
real_20260626_161911_pallet_rack_cluster021_part1_refined_from_voxel005_medium,real_previous_registration,553,14,0.3848425695112533,0.3586711940648078,0.04749245275931557,260.4870798335101,2.0148939205964096,0,0.1638045499590346,0
real_20260626_161911_pallet_rack_cluster021_part1_refined_from_voxel005_medium,real_previous_registration,554,226,0.28590184223437,0.07890825960434383,0.8655372665557876,153.31795842410284,0.22314328881451986,0,0.07120482618304816,1
real_20260626_161911_pallet_rack_cluster021_part1_refined_from_voxel005_medium,real_previous_registration,555,276,0.17815564645839566,0.1737967050792815,0.07569874464213153,91.42204709254224,0.40546460810878937,0,0.11951944660314666,0
real_20260626_161911_pallet_rack_cluster021_part1_refined_from_voxel005_medium,real_previous_registration,556,265,0.08514579644562553,0.08268123249766039,0.027103391738779847,119.3244121119967,0.2623637798530069,0,0.30758157612538406,0
real_20260626_161911_pallet_rack_cluster021_part1_refined_from_voxel005_medium,real_previous_registration,557,204,0.40956959547701965,0.35214765182721836,0.22740143122401524,115.93495179926956,0.5520681134009265,0,0.10308183202329933,0
real_20260626_161911_pallet_rack_cluster021_part1_refined_from_voxel005_medium,real_previous_registration,558,441,0.09860787183525835,0.009529331489359798,0.6835161629484425,134.08438705584132,0.0,0,0.20782907344349313,0
real_20260626_161911_pallet_rack_cluster021_part1_refined_from_voxel005_medium,real_previous_registration,559,204,0.07981958778046096,0.015328676565236718,0.2521068618104878,88.01114598828084,-0.2035987056659947,0,0.3065698306157205,0
real_20260626_161911_pallet_rack_cluster021_part1_refined_from_voxel005_medium,real_previous_registration,560,68,0.04761796706137543,0.04356800439683916,0.7643966827419212,70.91010231138546,0.5920503419218877,0,0.26999366932838004,0
real_20260626_161911_pallet_rack_cluster021_part1_refined_from_voxel005_medium,real_previous_registration,561,99,0.12056433835254105,0.04240758548625079,0.5330932539650068,110.44841377255763,0.3566746439389874,0,0.19562469872524518,0
real_20260626_161911_pallet_rack_cluster021_part1_refined_from_voxel005_medium,real_previous_registration,562,236,0.280476926635722,0.04688452373941202,0.953632780989589,142.68466679957146,0.3600023107760959,0,0.09945798512986312,1
real_20260626_161911_pallet_rack_cluster021_part1_refined_from_voxel005_medium,real_previous_registration,563,360,0.06219119772185892,0.009807226398739065,0.1611708175459739,97.8453622320232,0.432863467432301,0,0.28277901912783737,0
real_20260626_161911_pallet_rack_cluster021_part1_refined_from_voxel005_medium,real_previous_registration,564,226,0.3230059225555045,0.0913501645634744,0.8967693936013097,144.01265392414345,0.22314328881451986,0,0.07735207137032525,1
real_20260626_161911_pallet_rack_cluster021_part1_refined_from_voxel005_medium,real_previous_registration,565,14,0.1769175130613405,0.09953451729547258,0.09042261500502183,212.84301602746555,1.6582195766566572,0,0.2680310608518799,0
real_20260626_161911_pallet_rack_cluster021_part1_refined_from_voxel005_medium,real_previous_registration,566,60,0.32136440327593613,0.18050738134111688,0.9425549013322133,134.8370946809306,0.5355175107476127,0,0.03685791767705524,1
real_20260626_161911_pallet_rack_cluster021_part1_refined_from_voxel005_medium,real_previous_registration,567,276,0.17643957210321864,0.17590338726619642,0.00023203716687391143,96.11080096223749,0.35667449393930617,0,0.1088840164170642,0
real_20260626_161911_pallet_rack_cluster021_part1_refined_from_voxel005_medium,real_previous_registration,568,100,0.07903303841330304,0.07142450671026317,0.478746345050778,119.62822212092833,0.027398942656619244,0,0.27272471125912673,0
real_20260626_161911_pallet_rack_cluster021_part1_refined_from_voxel005_medium,real_previous_registration,569,65,0.42800679758492327,0.411977699153801,0.8471998773293907,72.03136479521187,-0.02197888642893906,0,0.11310208876937741,0
real_20260626_161911_pallet_rack_cluster021_part1_refined_from_voxel005_medium,real_previous_registration,570,162,0.036829525448756735,0.014085204710219231,0.22054132059215303,104.7764512239952,0.6418528914371471,1,0.27647756854867384,0
real_20260626_161911_pallet_rack_cluster021_part1_refined_from_voxel005_medium,real_previous_registration,571,17,0.10183480682415036,0.10038171704060746,0.4242539042163388,80.92890289621221,0.18232132346092056,0,0.306440701484222,0
real_20260626_161911_pallet_rack_cluster021_part1_refined_from_voxel005_medium,real_previous_registration,572,48,0.4185328748711907,0.1997210290923932,0.8347009326652147,285.69781946991446,1.2237724669242904,0,0.2245864577481265,0
real_20260626_161911_pallet_rack_cluster021_part1_refined_from_voxel005_medium,real_previous_registration,573,48,0.4489337236990609,0.20046572979287428,0.8371952580795162,285.9038587098685,1.1631479223136396,0,0.27277840679955795,0
real_20260626_161911_pallet_rack_cluster021_part1_refined_from_voxel005_medium,real_previous_registration,574,36,0.09152516725299058,0.05419907569408073,0.5975148323890821,72.1830828225588,0.11332859530707465,0,0.26472202995673283,0
real_20260626_161911_pallet_rack_cluster021_part1_refined_from_voxel005_medium,real_previous_registration,575,115,0.18044224438932793,0.17596239341788114,0.10579905786115047,85.94256574382725,0.20479423587848952,0,0.1624398814376143,0
real_20260626_161911_pallet_rack_cluster021_part1_refined_from_voxel005_medium,real_previous_registration,576,390,0.0971830578575033,0.07719639981993395,0.10673065089223799,70.58578373244117,0.48550714270572914,0,0.20568859092645303,0
real_20260626_161911_pallet_rack_cluster021_part1_refined_from_voxel005_medium,real_previous_registration,577,91,0.10907286626732275,0.10180882400717911,0.14305992807625192,103.25768446127226,-0.01941807002001049,0,0.18469466359979206,0
real_20260626_161911_pallet_rack_cluster021_part1_refined_from_voxel005_medium,real_previous_registration,578,242,0.08021553737306633,0.0745870905975493,0.591402597083776,78.05141054009145,-0.34830617956310167,0,0.28998134942114967,0
real_20260626_161911_pallet_rack_cluster021_part1_refined_from_voxel005_medium,real_previous_registration,579,98,0.2725466546983263,0.09696247667734335,0.7938698147640847,275.35080119513,0.9650776460553685,0,0.27801788100876623,0
real_20260626_161911_pallet_rack_cluster021_part1_refined_from_voxel005_medium,real_previous_registration,580,9,0.06582213385108317,0.057500939790285414,0.029147475654563992,92.90902808557699,0.782757914252358,0,0.2889356783406608,0
real_20260626_161911_pallet_rack_cluster021_part1_refined_from_voxel005_medium,real_previous_registration,581,360,0.09566476696999279,0.013952133641941276,0.1376350025561645,97.2732925209528,0.4595316846425186,0,0.29857732799701775,0
real_20260626_161911_pallet_rack_cluster021_part1_refined_from_voxel005_medium,real_previous_registration,582,390,0.07635579779389805,0.041420839087932614,0.07082271955472041,77.53972664990195,0.628607842756803,1,0.21603013132890703,0
real_20260626_161911_pallet_rack_cluster021_part1_refined_from_voxel005_medium,real_previous_registration,583,65,0.3608760927613552,0.3581223805959559,0.4006088492578566,96.76582660219096,0.19671013120271136,0,0.09345314038622249,1
real_20260626_161911_pallet_rack_cluster021_part1_refined_from_voxel005_medium,real_previous_registration,584,276,0.2852054277810178,0.2830453582906009,0.06180066293926927,79.76888976294104,0.40546460810878937,0,0.019976538854468703,1
real_20260626_161911_pallet_rack_cluster021_part1_refined_from_voxel005_medium,real_previous_registration,585,192,0.12052791650871701,0.10820205787300158,0.4009864423883427,86.32923023701355,-0.04879011416948323,0,0.21592688943148622,0
real_20260626_161911_pallet_rack_cluster021_part1_refined_from_voxel005_medium,real_previous_registration,586,385,0.04415445723779588,0.027420349104796356,0.0776104657962377,100.66074409261901,-0.2231433413144081,0,0.2771268618095256,0
real_20260626_161911_pallet_rack_cluster021_part1_refined_from_voxel005_medium,real_previous_registration,587,98,0.24963325254381247,0.06271166907515528,0.7874067905914054,267.55848315963897,0.9650776460553685,0,0.31954211926445375,0
real_20260626_161911_pallet_rack_cluster021_part1_refined_from_voxel005_medium,real_previous_registration,588,412,0.412804661695372,0.3212093350392698,0.7873783919034786,167.33774546651088,0.40546452477568173,0,0.11936334426975714,0
real_20260626_161911_pallet_rack_cluster021_part1_refined_from_voxel005_medium,real_previous_registration,589,91,0.3365099801056405,0.32513534059744154,0.1011241268896324,151.63383705568782,-0.3403254784946936,0,0.07846218508965233,1
real_20260626_161911_pallet_rack_cluster021_part1_refined_from_voxel005_medium,real_previous_registration,590,455,0.280313482307853,0.18154118620646123,0.8868542817013767,105.25776696190533,-0.026668217210217542,0,0.018565118437219884,1
real_20260626_161911_pallet_rack_cluster021_part1_refined_from_voxel005_medium,real_previous_registration,591,204,0.15852091135665,0.1234047236820777,0.3841223567989,114.82546731040752,0.07598582610509405,0,0.2020085071912673,0
real_20260626_161911_pallet_rack_cluster021_part1_refined_from_voxel005_medium,real_previous_registration,592,276,0.4700888497735155,0.46702548844449004,0.28233816523035365,127.11736707550968,0.33135671287806456,0,0.19301005093987608,0
real_20260626_161911_pallet_rack_cluster021_part1_refined_from_voxel005_medium,real_previous_registration,593,14,0.4752530018428211,0.4350258431055388,0.0532433676934442,269.8481726027512,2.0476836982581723,0,0.24094058520127987,0
real_20260626_161911_pallet_rack_cluster021_part1_refined_from_voxel005_medium,real_previous_registration,594,159,0.09033694048282356,0.07620368189324978,0.3851112563366309,127.44886057512589,0.06317884572095998,0,0.23312468784251122,0
real_20260626_161911_pallet_rack_cluster021_part1_refined_from_voxel005_medium,real_previous_registration,595,48,0.4268680936688184,0.18361976719748102,0.8371952580795164,285.52803834973247,1.1631479223136396,0,0.2736709579740969,0
real_20260626_161911_pallet_rack_cluster021_part1_refined_from_voxel005_medium,real_previous_registration,596,115,0.2445571081127252,0.23962176573976135,0.06411670826306712,103.30709372270806,0.2933475673066126,0,0.12000805935569737,0
real_20260626_161911_pallet_rack_cluster021_part1_refined_from_voxel005_medium,real_previous_registration,597,226,0.03795945674337869,0.02694951551548528,0.25036384214496366,134.7070099176511,0.17185004969006767,0,0.2748959588987141,0
real_20260626_161911_pallet_rack_cluster021_part1_refined_from_voxel005_medium,real_previous_registration,598,207,0.31945376806356457,0.16900599086634688,0.9718117287245297,146.20651259125313,0.3364718366216928,0,0.08501321633841226,1
real_20260626_161911_pallet_rack_cluster021_part1_refined_from_voxel005_medium,real_previous_registration,599,14,0.3684462659667835,0.35903439528665565,0.04415247686660813,190.58370035539812,2.0148939205964096,0,0.08228230299086274,1
real_20260626_161911_pallet_rack_cluster021_part1_refined_from_voxel005_medium,real_previous_registration,600,426,0.0641491933598335,0.04597611373142939,0.6625978959931259,104.21747864287964,0.427443527870981,0,0.26016350336675387,0
real_20260626_161911_pallet_rack_cluster021_part1_refined_from_voxel005_medium,real_previous_registration,601,99,0.06191095111226859,0.01822874372346417,0.1515511880543256,101.32331760730413,0.11247787704381224,1,0.2745129139392208,0
real_20260626_161911_pallet_rack_cluster021_part1_refined_from_voxel005_medium,real_previous_registration,602,65,0.3293425684170809,0.3183732971188245,0.2010235545022397,89.09507840935262,0.4618177069585349,0,0.048154763850531274,1
real_20260626_161911_pallet_rack_cluster021_part1_refined_from_voxel005_medium,real_previous_registration,603,431,0.3402200654509659,0.3351122137387676,0.08336346169177553,73.46172240052769,-0.0870112974442479,0,0.06992878688540922,1
real_20260626_161911_pallet_rack_cluster021_part1_refined_from_voxel005_medium,real_previous_registration,604,48,0.42104817181265997,0.22314149233304803,0.827708664623147,284.0863288832633,1.1313992663377126,0,0.17877067005391115,0
real_20260626_161911_pallet_rack_cluster021_part1_refined_from_voxel005_medium,real_previous_registration,605,201,0.01933518681432277,0.01183263974755287,0.6526334271805605,79.48737747681318,-0.5549962650188116,1,0.2768582680037568,0
real_20260626_161911_pallet_rack_cluster021_part1_refined_from_voxel005_medium,real_previous_registration,606,204,0.35498803167167825,0.22277902063389182,0.3052234317614468,152.4344624305134,-0.2035987056659947,0,0.15382790028808732,0
real_20260626_161911_pallet_rack_cluster021_part1_refined_from_voxel005_medium,real_previous_registration,607,373,0.026694854583957414,0.01746946056320742,0.7220363617972685,135.69997435929238,0.38441128002781527,1,0.27980122884125036,0
real_20260626_161911_pallet_rack_cluster021_part1_refined_from_voxel005_medium,real_previous_registration,608,373,0.11913518278954253,0.10945807532744926,0.6520997223005703,114.75569542618982,-0.16989879374019037,0,0.3148934648314164,0
real_20260626_161911_pallet_rack_cluster021_part1_refined_from_voxel005_medium,real_previous_registration,609,48,0.42537663251696806,0.2509155443534138,0.827708664623147,282.8565921197915,1.1313992663377126,0,0.1783897730755897,0
real_20260626_161911_pallet_rack_cluster021_part1_refined_from_voxel005_medium,real_previous_registration,610,245,0.2758154755425539,0.20332151990667455,0.3222434577638786,102.17367650527947,0.5485652696984246,0,0.04658966056599535,1
real_20260626_161911_pallet_rack_cluster021_part1_refined_from_voxel005_medium,real_previous_registration,611,444,0.060528186292253615,0.04866872148104876,0.7796906250867341,106.84979890911704,0.18232138179412297,0,0.27642950808405325,0
real_20260626_161911_pallet_rack_cluster021_part1_refined_from_voxel005_medium,real_previous_registration,612,207,0.22326756599013206,0.11791622555172626,0.9700000515350634,132.10688953774002,0.4489497136655051,0,0.10692238266977684,0
real_20260626_161911_pallet_rack_cluster021_part1_refined_from_voxel005_medium,real_previous_registration,613,360,0.36330351731502436,0.2696468603037341,0.6666464974640572,156.6308137358539,0.5355175107476127,0,0.18875521214755278,0
real_20260626_161911_pallet_rack_cluster021_part1_refined_from_voxel005_medium,real_previous_registration,614,14,0.20110490437512307,0.15212384480225294,0.13235465268240407,176.27115405817034,1.60942951248702,0,0.2059614727127949,0
real_20260626_161911_pallet_rack_cluster021_part1_refined_from_voxel005_medium,real_previous_registration,615,412,0.40499286638161347,0.3115061845258019,0.754536267053848,173.34862332288765,0.37729368114227935,0,0.11036284050062894,0
real_20260626_161911_pallet_rack_cluster021_part1_refined_from_voxel005_medium,real_previous_registration,616,60,0.3676971710583322,0.2382490490975704,0.9386608381281798,138.48306041130473,0.4595316846425186,0,0.06866706670525265,1
real_20260626_161911_pallet_rack_cluster021_part1_refined_from_voxel005_medium,real_previous_registration,617,76,0.1003004619162528,0.027848269391085076,0.6337992276518691,101.42292622625068,0.5877857315703102,1,0.2045827704308963,0
real_20260626_161911_pallet_rack_cluster021_part1_refined_from_voxel005_medium,real_previous_registration,618,102,0.23527919494704327,0.0833663105679708,0.4222397703043468,112.84636471289737,0.36974668387961,0,0.11696460073269475,0
real_20260626_161911_pallet_rack_cluster021_part1_refined_from_voxel005_medium,real_previous_registration,619,204,0.23609208799444545,0.22328914368295272,0.4877599011734318,103.07080761448653,0.48954779747528404,0,0.09305249328703837,1
real_20260626_161911_pallet_rack_cluster021_part1_refined_from_voxel005_medium,real_previous_registration,620,68,0.27790482129845445,0.2743332620801628,0.15545080435214761,140.57188156078516,0.43078235070859233,0,0.04381556554779324,1
real_20260626_161911_pallet_rack_cluster021_part1_refined_from_voxel005_medium,real_previous_registration,621,162,0.37347234383119027,0.2972127309167891,0.7093223452079132,170.91812202588727,0.6678283495003576,0,0.13499458839727038,0
real_20260626_161911_pallet_rack_cluster021_part1_refined_from_voxel005_medium,real_previous_registration,622,455,0.12713862737017678,0.02575198265066454,0.20186635700180205,93.27961904232639,0.16907615811428456,0,0.22916010943817464,0
real_20260626_161911_pallet_rack_cluster021_part1_refined_from_voxel005_medium,real_previous_registration,623,276,0.3740096422999221,0.37039033972881724,0.05362064964239278,101.80292759928392,0.6190385160993299,0,0.09303482593398968,1
real_20260626_161911_pallet_rack_cluster021_part1_refined_from_voxel005_medium,real_previous_registration,624,91,0.38244755034749733,0.3802537886724742,0.2839085164949244,142.94305901684524,-0.28768180322126524,0,0.1026299384881515,0
real_20260626_161911_pallet_rack_cluster021_part1_refined_from_voxel005_medium,real_previous_registration,625,64,0.08132035203985305,0.06656221990394812,0.6388278888318358,79.87355281313904,0.4489497136655051,0,0.2710831172937815,0
real_20260626_161911_pallet_rack_cluster021_part1_refined_from_voxel005_medium,real_previous_registration,626,14,0.48381163956554624,0.4006287131306683,0.044412048945841075,273.4406960789056,2.0476836982581723,0,0.31204969519776293,0
real_20260626_161911_pallet_rack_cluster021_part1_refined_from_voxel005_medium,real_previous_registration,627,48,0.09790365828844393,0.07046166479329663,0.6962784402826564,117.60704102443675,0.8329067490292135,0,0.23770209658207034,0
real_20260626_161911_pallet_rack_cluster021_part1_refined_from_voxel005_medium,real_previous_registration,628,192,0.10089489233269644,0.05995434464497233,0.19944467351703432,78.48446161647,0.13353126762463974,0,0.2335770854865464,0
real_20260626_161911_pallet_rack_cluster021_part1_refined_from_voxel005_medium,real_previous_registration,629,9,0.11147906999953522,0.06966968284164701,0.07530951744684877,90.75711850863418,1.3382832054613285,0,0.23668648408678716,0
real_20260626_161911_pallet_rack_cluster021_part1_refined_from_voxel005_medium,real_previous_registration,630,186,0.2785925112769635,0.2519572940338325,0.3430104323309068,144.78678652675362,0.6701567299898686,0,0.06302457290694712,1
real_20260626_161911_pallet_rack_cluster021_part1_refined_from_voxel005_medium,real_previous_registration,631,65,0.4280837025577327,0.41024725926016137,0.11687848886261132,99.59019509530327,-0.30228054962264034,0,0.12310818081960886,0
real_20260626_161911_pallet_rack_cluster021_part1_refined_from_voxel005_medium,real_previous_registration,632,162,0.4027234057351225,0.2962498539677809,0.7357145354051808,180.00676831944608,0.5877857315703102,0,0.1439729424838607,0
real_20260626_161911_pallet_rack_cluster021_part1_refined_from_voxel005_medium,real_previous_registration,633,133,0.3796184366969567,0.22459507852074329,0.5534748071459907,115.3021530870222,0.2696633305856747,0,0.10811321215432466,0
real_20260626_161911_pallet_rack_cluster021_part1_refined_from_voxel005_medium,real_previous_registration,634,360,0.20816328100421466,0.08758346559768002,0.0990641205012594,92.08510625324452,0.6720929149802661,0,0.3370750458343655,0
real_20260626_161911_pallet_rack_cluster021_part1_refined_from_voxel005_medium,real_previous_registration,635,204,0.13456169870339185,0.12334331223144457,0.3907121277233053,87.9781362291106,0.6528727515017585,0,0.1898194990402614,0
real_20260626_161911_pallet_rack_cluster021_part1_refined_from_voxel005_medium,real_previous_registration,636,48,0.3851230419579034,0.22296296253834458,0.8299467995874504,277.2791991946139,1.1313992663377126,0,0.09780033357743521,1
real_20260626_161911_pallet_rack_cluster021_part1_refined_from_voxel005_medium,real_previous_registration,637,14,0.2519744910082607,0.15317465170118488,0.10349437885580895,241.02588302744527,1.60942951248702,0,0.26831452447503734,0
real_20260626_161911_pallet_rack_cluster021_part1_refined_from_voxel005_medium,real_previous_registration,638,207,0.321244926833341,0.1288374623100091,0.9820126562382891,154.1168158338654,0.31237430943285155,0,0.05056696643449113,1
real_20260626_161911_pallet_rack_cluster021_part1_refined_from_voxel005_medium,real_previous_registration,639,412,0.05018673963136061,0.015370455346144434,0.1749231510031315,108.95881700473248,0.0,0,0.28938729505959027,0
real_20260626_161911_pallet_rack_cluster021_part1_refined_from_voxel005_medium,real_previous_registration,640,65,0.42217676674163157,0.4137734079788528,0.5746737402337783,71.20599279791145,-0.27329304804346266,0,0.11364446949531018,0
real_20260626_161911_pallet_rack_cluster021_part1_refined_from_voxel005_medium,real_previous_registration,641,133,0.07632575085347872,0.00305279921986909,0.2995509949604531,71.04128684251256,0.02353047415440314,1,0.23670260920240868,0
real_20260626_161911_pallet_rack_cluster021_part1_refined_from_voxel005_medium,real_previous_registration,642,426,0.04593731930729394,0.013748059304437574,0.704077410004032,84.00997837338556,0.3600023107760959,1,0.2692954279499639,0
real_20260626_161911_pallet_rack_cluster021_part1_refined_from_voxel005_medium,real_previous_registration,643,373,0.08168917180517041,0.03670550774997149,0.9175887736860309,98.75336768552518,0.46608924095453313,0,0.2191499378096946,0
real_20260626_161911_pallet_rack_cluster021_part1_refined_from_voxel005_medium,real_previous_registration,644,99,0.42867998938782526,0.18379899714294967,0.7983901037967134,110.53281545184926,0.0689928048203492,0,0.11390686570740532,0
real_20260626_161911_pallet_rack_cluster021_part1_refined_from_voxel005_medium,real_previous_registration,645,265,0.09286569410018732,0.0765939313266541,0.0056971122537967656,144.9292947197108,0.22314313131500377,0,0.3163329241124668,0
real_20260626_161911_pallet_rack_cluster021_part1_refined_from_voxel005_medium,real_previous_registration,646,220,0.1429793488454997,0.08769011804181567,0.6950186969192417,98.22331881270382,0.42608393995425126,0,0.19817027522785854,0
real_20260626_161911_pallet_rack_cluster021_part1_refined_from_voxel005_medium,real_previous_registration,647,276,0.41865141382742477,0.41732315953358445,0.16216439128028554,113.78426587346556,0.35667449393930617,0,0.13614944997538206,0
real_20260626_161911_pallet_rack_cluster021_part1_refined_from_voxel005_medium,real_previous_registration,648,65,0.13759154183168495,0.12909057402990365,0.14186651320331964,87.9475089244348,0.23180142515193164,0,0.19803196021732208,0
real_20260626_161911_pallet_rack_cluster021_part1_refined_from_voxel005_medium,real_previous_registration,649,431,0.3824033667679407,0.38079971851006933,0.27799119121327426,79.92599491289762,0.09909082009712995,0,0.06867758478761041,1
real_20260626_161911_pallet_rack_cluster021_part1_refined_from_voxel005_medium,real_previous_registration,650,390,0.3492320317792056,0.18547872270845378,0.7304108552421171,122.22733207490687,0.559615037936454,0,0.06482666500075766,1
real_20260626_161911_pallet_rack_cluster021_part1_refined_from_voxel005_medium,real_previous_registration,651,186,0.08257879563262598,0.06841964968548937,0.0418907051295625,88.79951964584721,0.7801575234601054,0,0.2525421486951198,0
real_20260626_161911_pallet_rack_cluster021_part1_refined_from_voxel005_medium,real_previous_registration,652,204,0.0442842316033278,0.03877669203752872,0.4060258668702892,78.65081511995488,0.29423919126446546,0,0.28321580508246896,0
real_20260626_161911_pallet_rack_cluster021_part1_refined_from_voxel005_medium,real_previous_registration,653,48,0.3337059285925322,0.2223468285348585,0.8317468875175222,217.02958792947692,1.1313992663377126,0,0.030261204520075764,1
real_20260626_161911_pallet_rack_cluster021_part1_refined_from_voxel005_medium,real_previous_registration,654,265,0.22219723720221604,0.09328298915541584,0.8620008968560796,147.29372894098756,0.6931461305615991,0,0.08830327401938766,1
real_20260626_161911_pallet_rack_cluster021_part1_refined_from_voxel005_medium,real_previous_registration,655,64,0.1282423263685039,0.12750720271436752,0.5758182470976986,79.085604886258,-0.14310062825638264,0,0.2886617396765502,0
real_20260626_161911_pallet_rack_cluster021_part1_refined_from_voxel005_medium,real_previous_registration,656,91,0.39689306340757446,0.39605501334445087,0.4107214706287335,144.94607208473738,-0.3136572612844759,0,0.1177851719861944,0
real_20260626_161911_pallet_rack_cluster021_part1_refined_from_voxel005_medium,real_previous_registration,657,99,0.10363286287439556,0.09219846440190942,0.44583495619388913,108.79525800550549,0.0,0,0.2415274081850641,0
real_20260626_161911_pallet_rack_cluster021_part1_refined_from_voxel005_medium,real_previous_registration,658,91,0.34358291769546384,0.33627542474271477,0.2458026394339705,141.8981572207271,-0.01941807002001049,0,0.06640926819324004,1
real_20260626_161911_pallet_rack_cluster021_part1_refined_from_voxel005_medium,real_previous_registration,659,226,0.033142540978465335,0.014679709422305575,0.12109483191815695,131.26516474888604,0.271933402984003,1,0.27922055603814666,0
real_20260626_161911_pallet_rack_cluster021_part1_refined_from_voxel005_medium,real_previous_registration,660,17,0.31346808376086444,0.010859274831391475,0.9490279322820943,100.68332680741756,0.5306276745922229,0,0.06026449160103872,1
real_20260626_161911_pallet_rack_cluster021_part1_refined_from_voxel005_medium,real_previous_registration,661,100,0.11555984232665453,0.11052478622487946,0.4346002099497016,131.41127869120365,-0.32542195171730326,0,0.2816783939560596,0
real_20260626_161911_pallet_rack_cluster021_part1_refined_from_voxel005_medium,real_previous_registration,662,276,0.15974561507546012,0.14357386533324135,0.06856151170957739,98.0181185652357,0.538995875733429,0,0.1517388714994837,0
real_20260626_161911_pallet_rack_cluster021_part1_refined_from_voxel005_medium,real_previous_registration,663,186,0.2826605282229023,0.26880751013663445,0.3445674139749706,148.64786532038164,0.6225287286466243,0,0.09736220718215753,1
real_20260626_161911_pallet_rack_cluster021_part1_refined_from_voxel005_medium,real_previous_registration,664,65,0.27824677802100634,0.2755299450549356,0.0836091664127599,88.2236745604894,0.3457456065171181,0,0.058344247267245096,1
real_20260626_161911_pallet_rack_cluster021_part1_refined_from_voxel005_medium,real_previous_registration,665,64,0.13748777875386445,0.13356571054239932,0.6375176463918593,103.19035050206134,-0.03390150339988811,0,0.2857638788639391,0
real_20260626_161911_pallet_rack_cluster021_part1_refined_from_voxel005_medium,real_previous_registration,666,300,0.312534895789953,0.05711300191030087,0.995479036670507,170.60244837312206,0.271933402984003,0,0.06709776008410892,1
real_20260626_161911_pallet_rack_cluster021_part1_refined_from_voxel005_medium,real_previous_registration,667,207,0.3169101241995978,0.14567373131734873,0.9778808245723973,154.15056702441504,0.31237430943285155,0,0.11813618860577271,0
real_20260626_161911_pallet_rack_cluster021_part1_refined_from_voxel005_medium,real_previous_registration,668,233,0.0395112114873202,0.017348450152444125,0.15832349505228777,116.2772307582867,0.3829918068020847,1,0.26129896365071514,0
real_20260626_161911_pallet_rack_cluster021_part1_refined_from_voxel005_medium,real_previous_registration,669,48,0.3432741437759043,0.19870282647192986,0.8299467995874513,276.9111592219971,1.1939195412077173,0,0.08101508384515946,1
real_20260626_161911_pallet_rack_cluster021_part1_refined_from_voxel005_medium,real_previous_registration,670,76,0.12983902769527325,0.06728887834961576,0.6403967953027652,101.74348307582461,0.2623637798530069,0,0.20507788807374555,0
real_20260626_161911_pallet_rack_cluster021_part1_refined_from_voxel005_medium,real_previous_registration,671,162,0.041716346190237535,0.04089210636693871,0.2943161502415283,101.48677445594844,0.8329079359803705,0,0.2779181287545497,0
real_20260626_161911_pallet_rack_cluster021_part1_refined_from_voxel005_medium,real_previous_registration,672,300,0.2460608813524137,0.08576197906802942,0.9954839906365126,138.0025944681019,0.17185004969006767,0,0.08380546459601312,1
real_20260626_161911_pallet_rack_cluster021_part1_refined_from_voxel005_medium,real_previous_registration,673,236,0.22778945205550796,0.0014637272557483094,0.9659457843120827,122.07692682856138,0.3600023107760959,0,0.07647429749504363,1
real_20260626_161911_pallet_rack_cluster021_part1_refined_from_voxel005_medium,real_previous_registration,674,14,0.41080969027813846,0.3995222343448407,0.04224399830538959,232.6938811951801,2.110203973128177,0,0.13209492646655258,0
real_20260626_161911_pallet_rack_cluster021_part1_refined_from_voxel005_medium,real_previous_registration,675,91,0.3846988299615077,0.38284262266820185,0.01747267607332874,146.8469505835986,-0.4855073109745436,0,0.11784569194372037,0
real_20260626_161911_pallet_rack_cluster021_part1_refined_from_voxel005_medium,real_previous_registration,676,360,0.27135157308618446,0.12719888604652538,0.2634321936727648,131.43341939242845,0.7339682650813787,0,0.33591362603096037,0
real_20260626_161911_pallet_rack_cluster021_part1_refined_from_voxel005_medium,real_previous_registration,677,48,0.45728041420761695,0.25013306336189,0.8347009326652146,284.60006451062014,1.1313992663377126,0,0.2360055156694716,0
real_20260626_161911_pallet_rack_cluster021_part1_refined_from_voxel005_medium,real_previous_registration,678,100,0.08990328137936489,0.0640831064706428,0.5398984698966579,112.70870870432515,0.08004261793004748,0,0.2665759277482879,0
real_20260626_161911_pallet_rack_cluster021_part1_refined_from_voxel005_medium,real_previous_registration,679,390,0.4097718332407007,0.21637097608986502,0.7876018232603342,148.40314536476387,0.559615037936454,0,0.14426332167605163,0
real_20260626_161911_pallet_rack_cluster021_part1_refined_from_voxel005_medium,real_previous_registration,680,91,0.30339704506628806,0.29963765102082335,0.15878490433438489,156.45476941329431,0.10919920841067925,0,0.04087823170061708,1
real_20260626_161911_pallet_rack_cluster021_part1_refined_from_voxel005_medium,real_previous_registration,681,9,0.1019391850904777,0.06270624799719951,0.5492649065184296,77.897981365576,0.6286074344248397,0,0.3506039485595592,0
real_20260626_161911_pallet_rack_cluster021_part1_refined_from_voxel005_medium,real_previous_registration,682,102,0.47523877407084025,0.2704360911435972,0.7379195156144287,126.80615283422844,-0.026668217210217542,0,0.1597899916051829,0
real_20260626_161911_pallet_rack_cluster021_part1_refined_from_voxel005_medium,real_previous_registration,683,48,0.3307435907159407,0.2010452423497023,0.8329444528487558,168.96822633572594,1.1631479223136396,0,0.07590685705072404,1
real_20260626_161911_pallet_rack_cluster021_part1_refined_from_voxel005_medium,real_previous_registration,684,236,0.07378367187056639,0.07309819436637727,0.19001992545771063,113.35176123363493,0.427443527870981,0,0.30638931821146836,0
real_20260626_161911_pallet_rack_cluster021_part1_refined_from_voxel005_medium,real_previous_registration,685,360,0.4286548425112897,0.31176646473663394,0.7678691080777884,178.6397241046786,0.34830617956310167,0,0.20622027339000074,0
real_20260626_161911_pallet_rack_cluster021_part1_refined_from_voxel005_medium,real_previous_registration,686,412,0.33443329604602196,0.26916126404549,0.7354009950583775,162.7910126355466,0.628607842756803,0,0.07079218791769626,1
real_20260626_161911_pallet_rack_cluster021_part1_refined_from_voxel005_medium,real_previous_registration,687,236,0.31763574031416864,0.052881844033891214,0.9630355092002606,126.77409354166484,0.2876817224522096,0,0.052129930233693014,1
real_20260626_161911_pallet_rack_cluster021_part1_refined_from_voxel005_medium,real_previous_registration,688,204,0.3770926602353053,0.2820139060405921,0.3162518318910177,126.72087333805501,0.0,0,0.11259061494841313,0
real_20260626_161911_pallet_rack_cluster021_part1_refined_from_voxel005_medium,real_previous_registration,689,157,0.35288335928637277,0.05015093277379956,0.9936524225446792,142.3217073690753,0.8231989998672514,0,0.07362933888708943,1
real_20260626_161911_pallet_rack_cluster021_part1_refined_from_voxel005_medium,real_previous_registration,690,276,0.4864655066454267,0.47884877402753273,0.3374804512000364,137.38786394975588,0.38136708091994803,0,0.20837631772785398,0
real_20260626_161911_pallet_rack_cluster021_part1_refined_from_voxel005_medium,real_previous_registration,691,48,0.29800976575635885,0.18302286948350685,0.8305788090528374,250.17418194498188,1.1313992663377126,0,0.03367514839434564,1
real_20260626_161911_pallet_rack_cluster021_part1_refined_from_voxel005_medium,real_previous_registration,692,276,0.4883263051809417,0.47908834473459416,0.3374804511998999,138.2361567577888,0.33135671287806456,0,0.21065884573511606,0
real_20260626_161911_pallet_rack_cluster021_part1_refined_from_voxel005_medium,real_previous_registration,693,360,0.15363434413543592,0.011870352783755627,0.2824298238630335,129.15565481738068,0.15415042982766455,0,0.3323670038230555,0
real_20260626_161911_pallet_rack_cluster021_part1_refined_from_voxel005_medium,real_previous_registration,694,276,0.13626090533717874,0.13447509856655257,0.09271541646584831,84.37511414497274,0.2787130376046365,0,0.14963070186818722,0
real_20260626_161911_pallet_rack_cluster021_part1_refined_from_voxel005_medium,real_previous_registration,695,98,0.3079060714966692,0.09608298979603101,0.7823198064950708,271.09881705109206,1.011597570781348,0,0.3138086799577819,0
real_20260626_161911_pallet_rack_cluster021_part1_refined_from_voxel005_medium,real_previous_registration,696,384,0.12381809286937207,0.1139940618130656,0.3447741497777961,113.49774888848128,-0.2513140949480172,0,0.26057702579602915,0
real_20260626_161911_pallet_rack_cluster021_part1_refined_from_voxel005_medium,real_previous_registration,697,162,0.36680037215107975,0.29178587875117157,0.7575530583511247,156.25878925111522,0.6931461305615991,0,0.09473851475530731,1
real_20260626_161911_pallet_rack_cluster021_part1_refined_from_voxel005_medium,real_previous_registration,698,9,0.09508630413234216,0.08219717304541337,0.17868723010064308,88.75732520886889,0.7239174869566073,0,0.22408410631011005,0
real_20260626_161911_pallet_rack_cluster021_part1_refined_from_voxel005_medium,real_previous_registration,699,115,0.09690901872012052,0.08581415261547472,0.09224233488331623,75.07670004786577,0.49247611388595824,0,0.22411975192812286,0
real_20260626_161911_pallet_rack_cluster021_part1_refined_from_voxel005_medium,real_previous_registration,700,226,0.04920721736096248,0.028283382799838427,0.26905511904121937,133.91288080284056,0.14518183247985011,0,0.26282482743747576,0
real_20260626_161911_pallet_rack_cluster021_part1_refined_from_voxel005_medium,real_previous_registration,701,265,0.1815490424715334,0.07780858926646556,0.9377350658886074,128.5719774136043,0.7178387175422412,0,0.12197331363806777,0
real_20260626_161911_pallet_rack_cluster021_part1_refined_from_voxel005_medium,real_previous_registration,702,204,0.09384614198046641,0.08840179771512786,0.4543156843853084,119.59151987210775,0.2744365804388602,0,0.24661125859456068,0
real_20260626_161911_pallet_rack_cluster021_part1_refined_from_voxel005_medium,real_previous_registration,703,48,0.293367582669359,0.18246411295824563,0.8317468875175342,211.98644387791342,1.1313992663377126,0,0.037431360305366035,1
real_20260626_161911_pallet_rack_cluster021_part1_refined_from_voxel005_medium,real_previous_registration,704,157,0.0833316415434881,0.0752760686622534,0.5863779227574879,104.40085595738805,0.367724062178017,0,0.2537450462839655,0
real_20260626_161911_pallet_rack_cluster021_part1_refined_from_voxel005_medium,real_previous_registration,705,99,0.3826415415927906,0.1575444673206311,0.8412489679569943,106.33987347709918,0.3894644441813488,0,0.07071903565204136,1
real_20260626_161911_pallet_rack_cluster021_part1_refined_from_voxel005_medium,real_previous_registration,706,49,0.24006167112824842,0.17946310327813347,0.861527193732543,134.89570369889864,0.3829918068020847,0,0.08626185520427006,1
real_20260626_161911_pallet_rack_cluster021_part1_refined_from_voxel005_medium,real_previous_registration,707,74,0.23896344455779242,0.16053783943999472,0.9410452868955282,71.0001600017008,0.1053603989912889,0,0.06171280852199203,1
real_20260626_161911_pallet_rack_cluster021_part1_refined_from_voxel005_medium,real_previous_registration,708,186,0.03682245127168484,0.027005514549838718,0.5171427467749335,89.89352831270836,0.7156190606558148,0,0.2907839203326195,0
real_20260626_161911_pallet_rack_cluster021_part1_refined_from_voxel005_medium,real_previous_registration,709,204,0.42136370961132324,0.3734571434578894,0.3869499061572583,119.76214387383605,0.29423919126446546,0,0.11096241795010812,0
real_20260626_161911_pallet_rack_cluster021_part1_refined_from_voxel005_medium,real_previous_registration,710,276,0.4666613764414229,0.46517263168672585,0.13662492477044869,125.92055024657948,0.42899508226319244,0,0.18429596284049204,0
real_20260626_161911_pallet_rack_cluster021_part1_refined_from_voxel005_medium,real_previous_registration,711,133,0.451225833902706,0.3281915532765801,0.620873586158284,101.86020603474681,0.09097169124928829,0,0.17507867802767516,0
real_20260626_161911_pallet_rack_cluster021_part1_refined_from_voxel005_medium,real_previous_registration,712,162,0.18843591501870463,0.17134272495032324,0.8730194454155602,130.78764129058982,0.8329079359803705,0,0.1586828145461791,0
real_20260626_161911_pallet_rack_cluster021_part1_refined_from_voxel005_medium,real_previous_registration,713,114,0.0611129038571192,0.007634335805376084,0.38540374713454956,62.07350315237562,0.5485652696984246,1,0.30347136242020223,0
real_20260626_161911_pallet_rack_cluster021_part1_refined_from_voxel005_medium,real_previous_registration,714,102,0.0972027066371353,0.03465909811101492,0.10077247671762349,147.74813324698766,-0.026668217210217542,0,0.24008960475825716,0
real_20260626_161911_pallet_rack_cluster021_part1_refined_from_voxel005_medium,real_previous_registration,715,204,0.29028711225425075,0.2719218962623995,0.5761758151450462,111.79209760194797,0.610908577060246,0,0.05147466308796034,1
real_20260626_161911_pallet_rack_cluster021_part1_refined_from_voxel005_medium,real_previous_registration,716,99,0.22509186362853262,0.074227963893146,0.9341153201567168,120.95375576597168,0.23262208772176962,0,0.09936839845986506,1
real_20260626_161911_pallet_rack_cluster021_part1_refined_from_voxel005_medium,real_previous_registration,717,157,0.4217648748717909,0.07282672315939395,0.9929787948850398,140.6738643271858,0.7472131737621572,0,0.13354443595329127,0
real_20260626_161911_pallet_rack_cluster021_part1_refined_from_voxel005_medium,real_previous_registration,718,186,0.3549644632848229,0.312585633688852,0.37424388643130113,180.88505432230605,0.43531739746211334,0,0.11791466272168526,0
real_20260626_161911_pallet_rack_cluster021_part1_refined_from_voxel005_medium,real_previous_registration,719,204,0.3375054076889632,0.3068402415858167,0.44638130931635006,111.27371489859772,0.6250932036015032,0,0.07020628814238546,1
real_20260626_161911_pallet_rack_cluster021_part1_refined_from_voxel005_medium,real_previous_registration,720,133,0.3862722345234335,0.25382686745083477,0.47173167548772577,106.39574619906678,0.23262208772176962,0,0.10572876159888282,0
real_20260626_161911_pallet_rack_cluster021_part1_refined_from_voxel005_medium,real_previous_registration,721,102,0.1387770673218362,0.09539122047667382,0.692125196216473,97.55181316659686,0.29423919126446546,0,0.1812185794422207,0
real_20260626_161911_pallet_rack_cluster021_part1_refined_from_voxel005_medium,real_previous_registration,722,48,0.3716193820884354,0.22363300217688023,0.8305788090528601,252.6440747754758,1.1313992663377126,0,0.06002982962819629,1
real_20260626_161911_pallet_rack_cluster021_part1_refined_from_voxel005_medium,real_previous_registration,723,186,0.3565071364627899,0.3337014631414114,0.4185266753555409,180.59448749566675,0.40546447174554034,0,0.10900258868129978,0
real_20260626_161911_pallet_rack_cluster021_part1_refined_from_voxel005_medium,real_previous_registration,724,360,0.4299735600321414,0.288040076342448,0.7061886647425323,177.09615773856663,0.40546452477568173,0,0.21411917485670176,0
real_20260626_161911_pallet_rack_cluster021_part1_refined_from_voxel005_medium,real_previous_registration,725,431,0.10165289822080757,0.09514311435765109,0.11249761967131153,42.14971018407312,0.18924184877658015,0,0.2217707451493998,0
real_20260626_161911_pallet_rack_cluster021_part1_refined_from_voxel005_medium,real_previous_registration,726,48,0.33798704565437004,0.22517421403502452,0.832944452848767,167.73878080923654,1.1313992663377126,0,0.07617990810544448,1
real_20260626_161911_pallet_rack_cluster021_part1_refined_from_voxel005_medium,real_previous_registration,727,99,0.23269148976875478,0.10714966222725802,0.9292868583375306,110.98799196501767,0.3053813863935157,0,0.091009879387963,1
real_20260626_161911_pallet_rack_cluster021_part1_refined_from_voxel005_medium,real_previous_registration,728,68,0.40944566822346834,0.40704404436804803,0.03270158004630758,142.26073337189473,0.32542195171730326,0,0.10736500085837576,0
real_20260626_161911_pallet_rack_cluster021_part1_refined_from_voxel005_medium,real_previous_registration,729,373,0.09733696887495896,0.06557520930750686,0.7127983549918055,113.5305094894529,0.14518183247985011,0,0.3184446817828117,0
real_20260626_161911_pallet_rack_cluster021_part1_refined_from_voxel005_medium,real_previous_registration,730,98,0.25436647887766745,0.08883691592604448,0.7874067905914444,267.59594000794715,0.9650776460553685,0,0.3165539772205159,0
real_20260626_161911_pallet_rack_cluster021_part1_refined_from_voxel005_medium,real_previous_registration,731,60,0.33301285802343145,0.2236648267081238,0.9378006798088301,122.68409635273126,0.559615037936454,0,0.0538042851092832,1
real_20260626_161911_pallet_rack_cluster021_part1_refined_from_voxel005_medium,real_previous_registration,732,456,0.13675984513445008,0.08875467206880171,0.8884952037772794,126.13642361504483,0.36545939534360034,0,0.18544347636344558,0
real_20260626_161911_pallet_rack_cluster021_part1_refined_from_voxel005_medium,real_previous_registration,733,14,0.17877466956346183,0.15320756130066154,0.1731326267646646,128.0318776332452,1.7047395013826367,0,0.17769791457328737,0
real_20260626_161911_pallet_rack_cluster021_part1_refined_from_voxel005_medium,real_previous_registration,734,207,0.3545873559354294,0.1765745418670315,0.9733848850118255,159.2600872413219,0.18232132346092056,0,0.09180587954988445,1
real_20260626_161911_pallet_rack_cluster021_part1_refined_from_voxel005_medium,real_previous_registration,735,420,0.053926622402102775,0.037383276542491795,0.2863392768419173,89.8562592847796,-0.18232138179412302,0,0.28310172651909604,0
real_20260626_161911_pallet_rack_cluster021_part1_refined_from_voxel005_medium,real_previous_registration,736,207,0.16960868742810153,0.09743577538004479,0.9213469164398118,126.11334665858942,0.31237430943285155,0,0.15388093248684925,0
real_20260626_161911_pallet_rack_cluster021_part1_refined_from_voxel005_medium,real_previous_registration,737,455,0.19543787187937642,0.15626616630745602,0.9271351369959739,78.84230198835444,-0.026668217210217542,0,0.12117049403282756,0
real_20260626_161911_pallet_rack_cluster021_part1_refined_from_voxel005_medium,real_previous_registration,738,76,0.16898695280791126,0.07374461626476775,0.6400472775675325,99.75077855651274,0.22314313131500377,0,0.22222513779334105,0
real_20260626_161911_pallet_rack_cluster021_part1_refined_from_voxel005_medium,real_previous_registration,739,444,0.0947639584512033,0.07169528346249032,0.9354004321127151,115.60252700716866,0.281412201891253,0,0.22772237767257097,0
real_20260626_161911_pallet_rack_cluster021_part1_refined_from_voxel005_medium,real_previous_registration,740,32,0.16058874740217222,0.05248266229889459,0.07028820896933091,86.96644677527061,0.271933402984003,0,0.1885416456058082,0
real_20260626_161911_pallet_rack_cluster021_part1_refined_from_voxel005_medium,real_previous_registration,741,162,0.2706157414129456,0.20852645942513193,0.7565173803234194,155.446728986067,0.8544141217748946,0,0.06823839011123997,1
real_20260626_161911_pallet_rack_cluster021_part1_refined_from_voxel005_medium,real_previous_registration,742,65,0.42105088780964633,0.42060189817962074,0.43072210970919067,91.41548671465667,-0.3946537502092183,0,0.14249973490754983,0
real_20260626_161911_pallet_rack_cluster021_part1_refined_from_voxel005_medium,real_previous_registration,743,98,0.15939019345444558,0.08071497267627414,0.7938583984477732,254.55038001217895,1.011597570781348,0,0.26239489547927375,0
real_20260626_161911_pallet_rack_cluster021_part1_refined_from_voxel005_medium,real_previous_registration,744,14,0.4533488333011816,0.4325070602797579,0.04749245275931448,262.2923818122637,2.079432354234099,0,0.19501617389650497,0
real_20260626_161911_pallet_rack_cluster021_part1_refined_from_voxel005_medium,real_previous_registration,745,157,0.10202678265301719,0.07938255011227068,0.605656659778807,101.88876459188378,0.367724062178017,0,0.26601865919276274,0
real_20260626_161911_pallet_rack_cluster021_part1_refined_from_voxel005_medium,real_previous_registration,746,99,0.08030014841062262,0.023839327372584276,0.20239377706667067,87.24855149975143,0.15415053697024822,0,0.2571900349181442,0
real_20260626_161911_pallet_rack_cluster021_part1_refined_from_voxel005_medium,real_previous_registration,747,14,0.42221019263637344,0.39884861662276627,0.04749245275933646,263.13040379466474,2.079432354234099,0,0.179475934986328,0
real_20260626_161911_pallet_rack_cluster021_part1_refined_from_voxel005_medium,real_previous_registration,748,230,0.07995548262394613,0.011282814175320482,0.9358897778902405,152.1395286896597,0.07232058832388621,0,0.23301711032533978,0
real_20260626_161911_pallet_rack_cluster021_part1_refined_from_voxel005_medium,real_previous_registration,749,276,0.07152392745412404,0.06586736068438,0.6354081382555308,106.02265089793387,0.10178254914885938,1,0.21810260477498825,0
real_20260626_161911_pallet_rack_cluster021_part1_refined_from_voxel005_medium,real_previous_registration,750,444,0.24410223954179136,0.13620095703061652,0.9542294130876734,115.31872082457286,0.11778291898983237,0,0.06988569939520649,1
real_20260626_161911_pallet_rack_cluster021_part1_refined_from_voxel005_medium,real_previous_registration,751,60,0.2417033523835362,0.17814284853817758,0.9367869441083676,132.3699220044233,0.4595316846425186,0,0.10528994399366845,0
real_20260626_161911_pallet_rack_cluster021_part1_refined_from_voxel005_medium,real_previous_registration,752,300,0.08196299313055257,0.017626917320868376,0.981777595389712,118.25648558244332,0.36290509423329126,0,0.22056829418747878,0
real_20260626_161911_pallet_rack_cluster021_part1_refined_from_voxel005_medium,real_previous_registration,753,115,0.10216684660985345,0.0926655195878302,0.19265769006013617,66.47240973455727,0.44991652482946615,0,0.23851042424560198,0
real_20260626_161911_pallet_rack_cluster021_part1_refined_from_voxel005_medium,real_previous_registration,754,74,0.2657286304988423,0.16767064508685794,0.10450188050415882,81.30795578681969,0.027398942656619244,0,0.09671600693389604,1
real_20260626_161911_pallet_rack_cluster021_part1_refined_from_voxel005_medium,real_previous_registration,755,204,0.07751751984018262,0.07399964646862324,0.3488531640149656,76.73725854064521,0.4732872877087314,0,0.2513893560992531,0
real_20260626_161911_pallet_rack_cluster021_part1_refined_from_voxel005_medium,real_previous_registration,756,242,0.10931957493310447,0.10221414182621863,0.4519412815479458,72.20028601077904,-0.6931459452681167,0,0.2961268813840467,0
real_20260626_161911_pallet_rack_cluster021_part1_refined_from_voxel005_medium,real_previous_registration,757,204,0.4314433662667737,0.38559003027163435,0.17331186168953377,118.52062017407785,0.40546473968745095,0,0.1301541524496384,0
real_20260626_161911_pallet_rack_cluster021_part1_refined_from_voxel005_medium,real_previous_registration,758,441,0.11398571297790565,0.05052942533234786,0.9979859486231307,126.36608284025095,0.20067048334116394,0,0.1942756172881122,0
real_20260626_161911_pallet_rack_cluster021_part1_refined_from_voxel005_medium,real_previous_registration,759,32,0.21413602435082632,0.00930497106804097,0.09217658438400689,100.5491673415057,-0.24685971043207558,0,0.23373681304986127,0
real_20260626_161911_pallet_rack_cluster021_part1_refined_from_voxel005_medium,real_previous_registration,760,162,0.28035138801217574,0.23488755721196689,0.7737385107711822,142.5679580792873,0.8329079359803705,0,0.08400150767545796,1
real_20260626_161911_pallet_rack_cluster021_part1_refined_from_voxel005_medium,real_previous_registration,761,265,0.27282004396754095,0.12279786765517064,0.8393680010522789,155.80801202597556,0.7178387175422412,0,0.0990889204299073,1
real_20260626_161911_pallet_rack_cluster021_part1_refined_from_voxel005_medium,real_previous_registration,762,91,0.2982789144084996,0.29808667296909286,0.016950569685320056,145.90282390384058,-0.03922068084561561,0,0.05195913630804123,1
real_20260626_161911_pallet_rack_cluster021_part1_refined_from_voxel005_medium,real_previous_registration,763,60,0.2895179104136602,0.1752824321939402,0.9365390626893666,131.36059282672778,0.559615037936454,0,0.03686937818672713,1
real_20260626_161911_pallet_rack_cluster021_part1_refined_from_voxel005_medium,real_previous_registration,764,455,0.19133017738360344,0.10395106920399634,0.5866329124702048,73.69937880526888,0.31365726128447596,0,0.11173014320056057,0
real_20260626_161911_pallet_rack_cluster021_part1_refined_from_voxel005_medium,real_previous_registration,765,14,0.14533380472371374,0.09892488253917964,0.07883882829848099,164.04323203354704,1.6582195766566572,0,0.2399815514647427,0
real_20260626_161911_pallet_rack_cluster021_part1_refined_from_voxel005_medium,real_previous_registration,766,17,0.07957938443196444,0.030841383995396526,0.887979295147866,87.11815581822064,0.5690939243434624,0,0.21617953503325665,0
real_20260626_161911_pallet_rack_cluster021_part1_refined_from_voxel005_medium,real_previous_registration,767,162,0.08380848150564536,0.07680683195162666,0.0766653089110525,127.27086945999535,0.9162894718760074,0,0.2571679346759033,0
real_20260626_161911_pallet_rack_cluster021_part1_refined_from_voxel005_medium,real_previous_registration,768,369,0.0405390581228259,0.006714572185410176,0.2630668573533167,117.33328212269171,0.2231433179811214,0,0.2772849384388615,0
real_20260626_161911_pallet_rack_cluster021_part1_refined_from_voxel005_medium,real_previous_registration,769,65,0.23769899558787155,0.2243984100982071,0.02851605079812988,99.27444290917721,0.2822322431655078,0,0.0920214155128465,1
real_20260626_161911_pallet_rack_cluster021_part1_refined_from_voxel005_medium,real_previous_registration,770,383,0.08463568289834296,0.001957453065464491,0.9675070731764746,134.4349269766215,0.2231433413144082,0,0.22410250233547382,0
real_20260626_161911_pallet_rack_cluster021_part1_refined_from_voxel005_medium,real_previous_registration,771,455,0.3350446412018865,0.18258593452665392,0.7584140016754257,135.03269988951226,0.07598582610509405,0,0.07636091671456213,1
real_20260626_161911_pallet_rack_cluster021_part1_refined_from_voxel005_medium,real_previous_registration,772,404,0.16361195956033991,0.15058301388960676,0.017605007302252285,92.56640510380839,-0.23638848332775744,0,0.1848501859953255,0
real_20260626_161911_pallet_rack_cluster021_part1_refined_from_voxel005_medium,real_previous_registration,773,91,0.1491782070719583,0.13513997563075458,0.18704587044675403,96.00623840574829,-0.28768180322126524,0,0.15102696180389452,0
real_20260626_161911_pallet_rack_cluster021_part1_refined_from_voxel005_medium,real_previous_registration,774,207,0.2865028310860709,0.1196273353645015,0.9853344202505776,153.95433917799926,0.427443527870981,0,0.06269534399036289,1
real_20260626_161911_pallet_rack_cluster021_part1_refined_from_voxel005_medium,real_previous_registration,775,390,0.3860742386705486,0.2028497342319073,0.7557295300943143,124.89116941087234,0.583145512090857,0,0.10083435871800552,0
real_20260626_161911_pallet_rack_cluster021_part1_refined_from_voxel005_medium,real_previous_registration,776,186,0.04791400269505921,0.021609332621154623,0.5160672767455833,95.4121140634843,0.7591041328792778,0,0.3019044254362382,0
real_20260626_161911_pallet_rack_cluster021_part1_refined_from_voxel005_medium,real_previous_registration,777,162,0.32668371013896297,0.2659373898085795,0.7391315123640232,153.88077984794668,0.7884562149114742,0,0.08233748653720205,1
real_20260626_161911_pallet_rack_cluster021_part1_refined_from_voxel005_medium,real_previous_registration,778,60,0.32696422400629127,0.21420158474341774,0.9318618541726982,141.01599356723162,0.559615037936454,0,0.05231034271445912,1
real_20260626_161911_pallet_rack_cluster021_part1_refined_from_voxel005_medium,real_previous_registration,779,14,0.4092123528703814,0.3589838163533112,0.05324336769350775,268.6200167728377,2.079432354234099,0,0.21783047968304137,0
real_20260626_161911_pallet_rack_cluster021_part1_refined_from_voxel005_medium,real_previous_registration,780,65,0.30035467758092105,0.2812074073029059,0.12157718870901751,135.77126020844867,0.12260221674125246,0,0.14163503002518424,0
real_20260626_161911_pallet_rack_cluster021_part1_refined_from_voxel005_medium,real_previous_registration,781,65,0.32962225336001816,0.3208984342477716,0.20363716537704707,98.44456179825272,0.3457456065171181,0,0.08192865157746543,1
real_20260626_161911_pallet_rack_cluster021_part1_refined_from_voxel005_medium,real_previous_registration,782,186,0.2263351403404177,0.19694552891283978,0.34118308189893676,133.22744179698665,0.5198746853313125,0,0.1258045511085397,0
real_20260626_161911_pallet_rack_cluster021_part1_refined_from_voxel005_medium,real_previous_registration,783,390,0.37477186538082596,0.19880953559595368,0.7347270872992813,143.73321111136622,0.583145512090857,0,0.1220797848402589,0
real_20260626_161911_pallet_rack_cluster021_part1_refined_from_voxel005_medium,real_previous_registration,784,17,0.09354947715496806,0.03458157875171818,0.9929640801278428,89.29726077718658,0.427443527870981,0,0.24638771538908624,0
real_20260626_161911_pallet_rack_cluster021_part1_refined_from_voxel005_medium,real_previous_registration,785,48,0.09847352969520148,0.08913193055074362,0.8864213978561684,144.26804776853854,0.7419351447361975,0,0.2319548701949973,0
real_20260626_161911_pallet_rack_cluster021_part1_refined_from_voxel005_medium,real_previous_registration,786,383,0.28846962205058974,0.01878135998120857,0.9964167921591436,129.66345690104058,0.048790114169483124,0,0.10007717700644854,0
real_20260626_161911_pallet_rack_cluster021_part1_refined_from_voxel005_medium,real_previous_registration,787,159,0.47339760882529325,0.2993198536615768,0.6227424587006902,127.57777107686356,-0.2177232617534412,0,0.16587056463420588,0
real_20260626_161911_pallet_rack_cluster021_part1_refined_from_voxel005_medium,real_previous_registration,788,390,0.13589534672185075,0.09559490011705378,0.08056606779135767,78.22256438382685,0.432863467432301,0,0.20529418017874698,0
real_20260626_161911_pallet_rack_cluster021_part1_refined_from_voxel005_medium,real_previous_registration,789,48,0.07606181051754286,0.0679172950427882,0.38540029425287037,121.26884429954833,0.916288211881564,0,0.28944613811773523,0
real_20260626_161911_pallet_rack_cluster021_part1_refined_from_voxel005_medium,real_previous_registration,790,65,0.41418793632758466,0.4035453503778799,0.7962844553402243,74.00733704964645,0.0,0,0.09807589905051618,1
real_20260626_161911_pallet_rack_cluster021_part1_refined_from_voxel005_medium,real_previous_registration,791,236,0.08945989330442947,0.009251141836145277,0.9869879362366554,134.72807942963388,0.427443527870981,0,0.2365351434153251,0
real_20260626_161911_pallet_rack_cluster021_part1_refined_from_voxel005_medium,real_previous_registration,792,382,0.06580258785615571,0.03949046916410899,0.9453902868189368,116.1678564878662,-0.19105504454322358,1,0.22006922267291687,0
real_20260626_161911_pallet_rack_cluster021_part1_refined_from_voxel005_medium,real_previous_registration,793,201,0.13625771360895714,0.12496337477760262,0.411920829356905,88.13001070882481,-0.9444603866203266,0,0.3054864731044668,0
real_20260626_161911_pallet_rack_cluster021_part1_refined_from_voxel005_medium,real_previous_registration,794,360,0.19016567931129796,0.14527736413408449,0.04838693678430461,89.53016364861514,0.4595316846425186,0,0.3072553486605386,0
real_20260626_161911_pallet_rack_cluster021_part1_refined_from_voxel005_medium,real_previous_registration,795,236,0.3177198317721623,0.05236863994031241,0.9579255828965607,131.62808608694596,0.262363941390968,0,0.10211444985593868,0
real_20260626_161911_pallet_rack_cluster021_part1_refined_from_voxel005_medium,real_previous_registration,796,276,0.2825713768538254,0.2792521274614179,0.016548727719995562,113.11501589763914,0.38136708091994803,0,0.055155781526253625,1
real_20260626_161911_pallet_rack_cluster021_part1_refined_from_voxel005_medium,real_previous_registration,797,99,0.3373430577832011,0.14844633662726348,0.861310231875687,120.71165507626004,-0.024097527188841162,0,0.08544676022688358,1
real_20260626_161911_pallet_rack_cluster021_part1_refined_from_voxel005_medium,real_previous_registration,798,91,0.11924621538521522,0.10062193481904315,0.16306051210784422,101.6245268193492,0.0,0,0.18529779685060047,0
real_20260626_161911_pallet_rack_cluster021_part1_refined_from_voxel005_medium,real_previous_registration,799,220,0.07021517960343314,0.05423761420693668,0.01791178381576458,91.47277133731268,0.318453373164395,0,0.24787157943084517,0
real_20260626_161911_pallet_rack_cluster021_part1_refined_from_voxel005_medium,real_previous_registration,800,48,0.4045309300914243,0.25055375078199155,0.8304872109639532,280.2628313404928,1.1313992663377126,0,0.13556141239303993,0
real_20260626_161911_pallet_rack_cluster021_part1_refined_from_voxel005_medium,real_previous_registration,801,14,0.1842762854393247,0.15276309498409202,0.1370421312067028,170.585368443984,1.7047395013826367,0,0.19187117429942355,0
real_20260626_161911_pallet_rack_cluster021_part1_refined_from_voxel005_medium,real_previous_registration,802,159,0.14418810265775878,0.11190699944888305,0.8469907710320779,96.26964983430298,0.14165039647248137,0,0.1789655179453711,0
real_20260626_161911_pallet_rack_cluster021_part1_refined_from_voxel005_medium,real_previous_registration,803,186,0.3267053811276502,0.30631190357464744,0.36679091026541155,155.56285289458995,0.6466262558354655,0,0.09428509265658858,1
real_20260626_161911_pallet_rack_cluster021_part1_refined_from_voxel005_medium,real_previous_registration,804,360,0.27608196722232187,0.17784510158312095,0.8297394247527534,135.0202760643399,0.432863467432301,0,0.2017051122753786,0
real_20260626_161911_pallet_rack_cluster021_part1_refined_from_voxel005_medium,real_previous_registration,805,360,0.1616189084712439,0.13990426714331522,0.005703816408988038,92.65191305719246,0.432863467432301,0,0.28461477936795293,0
real_20260626_161911_pallet_rack_cluster021_part1_refined_from_voxel005_medium,real_previous_registration,806,99,0.08098860312751631,0.05243161446203394,0.13809917992785142,85.63375025186897,0.0689928048203492,0,0.26198516047590953,0
real_20260626_161911_pallet_rack_cluster021_part1_refined_from_voxel005_medium,real_previous_registration,807,162,0.22059046465047324,0.19437621210834527,0.867232825601415,122.44072212895298,0.7178387175422412,0,0.1252719028826687,0
real_20260626_161911_pallet_rack_cluster021_part1_refined_from_voxel005_medium,real_previous_registration,808,133,0.08976527560087279,0.0021602879729410718,0.25878235246865583,76.36271213739383,0.09097169124928829,0,0.2530757048273661,0
real_20260626_161911_pallet_rack_cluster021_part1_refined_from_voxel005_medium,real_previous_registration,809,236,0.2723270737942313,0.010253552623560105,0.9527834570402065,136.0307615569528,0.3829918068020847,0,0.043365321879314946,1
real_20260626_161911_pallet_rack_cluster021_part1_refined_from_voxel005_medium,real_previous_registration,810,276,0.4692106761311761,0.46834886401751313,0.1927355076561563,102.55521417443101,0.1643028240188642,0,0.18587822600776696,0
real_20260626_161911_pallet_rack_cluster021_part1_refined_from_voxel005_medium,real_previous_registration,811,133,0.16061649197274702,0.12901628605351378,0.7330665966898964,67.1185475231088,0.0689928048203492,0,0.17628452690107455,0
real_20260626_161911_pallet_rack_cluster021_part1_refined_from_voxel005_medium,real_previous_registration,812,360,0.3051498475032517,0.20183179699399223,0.6681389687829762,139.78498399356147,0.40546452477568173,0,0.17846700907698598,0
real_20260626_161911_pallet_rack_cluster021_part1_refined_from_voxel005_medium,real_previous_registration,813,48,0.45754062113615884,0.23049839602672348,0.8371952580795057,284.4602898283391,1.1313992663377126,0,0.27583656249480315,0
real_20260626_161911_pallet_rack_cluster021_part1_refined_from_voxel005_medium,real_previous_registration,814,431,0.1413678883774118,0.1372800681936588,0.6681848457080868,66.09585231836103,0.33349136034893323,0,0.17963996356548076,0
real_20260626_161911_pallet_rack_cluster021_part1_refined_from_voxel005_medium,real_previous_registration,815,276,0.29782630454719533,0.288067813341691,0.03410101989903579,108.73850202479956,0.5798178352537142,0,0.058079828122096146,1
real_20260626_161911_pallet_rack_cluster021_part1_refined_from_voxel005_medium,real_previous_registration,816,186,0.3189521462294207,0.30050997294233617,0.36764089559062574,158.01665811070922,0.5725183606047408,0,0.09529776840410477,1
real_20260626_161911_pallet_rack_cluster021_part1_refined_from_voxel005_medium,real_previous_registration,817,74,0.1886822233979746,0.13208169121832353,0.029466233346303827,80.39246909102765,0.027398942656619244,0,0.11059345362377773,0
real_20260626_161911_pallet_rack_cluster021_part1_refined_from_voxel005_medium,real_previous_registration,818,383,0.09190563052479847,0.09152934881390387,0.536824103060033,126.0597713025881,-0.10536039899128888,0,0.3087927173038546,0
real_20260626_161911_pallet_rack_cluster021_part1_refined_from_voxel005_medium,real_previous_registration,819,204,0.3987111965477853,0.2652922312670615,0.3052234317614408,157.02498312427045,-0.23638848332775744,0,0.1683762206379769,0
real_20260626_161911_pallet_rack_cluster021_part1_refined_from_voxel005_medium,real_previous_registration,820,74,0.20584773220533245,0.13842091815954943,0.034059923142593596,83.54441642775002,0.027398942656619244,0,0.11573122118632181,0
real_20260626_161911_pallet_rack_cluster021_part1_refined_from_voxel005_medium,real_previous_registration,821,91,0.14148680446709125,0.1352956176261866,0.16644368271295398,96.1801722403933,-0.3136572612844759,0,0.15178508933914836,0
real_20260626_161911_pallet_rack_cluster021_part1_refined_from_voxel005_medium,real_previous_registration,822,60,0.35722525511060615,0.202054414516119,0.9065340662267997,145.08557811890327,0.37729368114227935,0,0.05331478067720948,1
real_20260626_161911_pallet_rack_cluster021_part1_refined_from_voxel005_medium,real_previous_registration,823,76,0.10725038358899572,0.0004166981308783846,0.6549185517045891,102.33116529254062,0.8109290495514315,0,0.19319771198165178,0
real_20260626_161911_pallet_rack_cluster021_part1_refined_from_voxel005_medium,real_previous_registration,824,65,0.17617900888601534,0.16929597886842576,0.12619597637292804,79.60035278393853,0.2984927529320605,0,0.1436580621629155,0
real_20260626_161911_pallet_rack_cluster021_part1_refined_from_voxel005_medium,real_previous_registration,825,300,0.2254287174923347,0.07787632491280815,0.9889205652539681,145.46734281004032,0.271933402984003,0,0.09109306542769587,1
real_20260626_161911_pallet_rack_cluster021_part1_refined_from_voxel005_medium,real_previous_registration,826,60,0.11623988132609751,0.09348317533523513,0.8347664607440224,100.97557004964212,0.6505867291857421,0,0.23193182358074826,0
real_20260626_161911_pallet_rack_cluster021_part1_refined_from_voxel005_medium,real_previous_registration,827,390,0.4418171179436502,0.2372850429727394,0.8038710883174385,155.48202599556572,0.37729368114227935,0,0.16582695950180362,0
real_20260626_161911_pallet_rack_cluster021_part1_refined_from_voxel005_medium,real_previous_registration,828,186,0.2950070665104686,0.2554096211620364,0.34436910524029785,146.6637770893833,0.6466262558354655,0,0.16521942349287866,0
real_20260626_161911_pallet_rack_cluster021_part1_refined_from_voxel005_medium,real_previous_registration,829,455,0.29402994232556895,0.15945769738529314,0.8364620948284297,118.88819673640663,0.025975458063210714,0,0.062233086312080334,1
real_20260626_161911_pallet_rack_cluster021_part1_refined_from_voxel005_medium,real_previous_registration,830,91,0.10596851370564209,0.08993706044522487,0.08693009913597755,102.57089870958367,-0.23767143517938183,0,0.19400248874116655,0
real_20260626_161911_pallet_rack_cluster021_part1_refined_from_voxel005_medium,real_previous_registration,831,91,0.3864444667270806,0.37955306485706103,0.002481351667046168,144.83361123269432,-0.6931463728686161,0,0.13066918297569155,0
real_20260626_161911_pallet_rack_cluster021_part1_refined_from_voxel005_medium,real_previous_registration,832,186,0.08018121720439753,0.07854025695553253,0.17768919167135194,92.39475086148323,0.8007767928057136,0,0.23501433704338015,0
real_20260626_161911_pallet_rack_cluster021_part1_refined_from_voxel005_medium,real_previous_registration,833,449,0.08143008905793415,0.04683603367893306,0.1886535885093394,138.74026137644597,0.5179424851526016,0,0.2619588301342596,0
real_20260626_161911_pallet_rack_cluster021_part1_refined_from_voxel005_medium,real_previous_registration,834,455,0.4252842954508224,0.2679379171875108,0.7847461057629778,143.02407006419773,0.05129323912445218,0,0.14167264510601832,0
real_20260626_161911_pallet_rack_cluster021_part1_refined_from_voxel005_medium,real_previous_registration,835,404,0.1515702398756114,0.145344218235293,0.09616101754879286,104.44478761406168,-0.5020912229744938,0,0.2588299931161773,0
real_20260626_161911_pallet_rack_cluster021_part1_refined_from_voxel005_medium,real_previous_registration,836,91,0.24562674623214167,0.2402031190096759,0.14045536313333715,133.67461488197304,-0.12260221674125232,0,0.06581666890033515,1
real_20260626_161911_pallet_rack_cluster021_part1_refined_from_voxel005_medium,real_previous_registration,837,300,0.35286412371632936,0.0937026339414645,0.9964169328821416,194.78341382062158,0.11778288982323092,0,0.0829739196358965,1
real_20260626_161911_pallet_rack_cluster021_part1_refined_from_voxel005_medium,real_previous_registration,838,65,0.23527880174104096,0.22992943339794797,0.005915598229384474,90.64286137346627,0.4198535325170225,0,0.0850165319536033,1
real_20260626_161911_pallet_rack_cluster021_part1_refined_from_voxel005_medium,real_previous_registration,839,300,0.07267373609693446,0.01596083102758731,0.9710379332269424,126.45289512348606,0.318453373164395,0,0.23161735968794017,0
real_20260626_161911_pallet_rack_cluster021_part1_refined_from_voxel005_medium,real_previous_registration,840,265,0.09021876067081447,0.07362335101587403,0.7795441077388185,128.96618698134722,0.7884562149114742,0,0.23314756393339617,0
real_20260626_161911_pallet_rack_cluster021_part1_refined_from_voxel005_medium,real_previous_registration,841,48,0.36862444133873584,0.2240931903084192,0.8329444528487558,174.66163095494485,1.0986094886759499,0,0.09093893484888872,1
real_20260626_161911_pallet_rack_cluster021_part1_refined_from_voxel005_medium,real_previous_registration,842,236,0.04189514379039119,0.03446604148361003,0.3633443414284392,134.50187017886196,0.47000310424633246,0,0.2785058999942704,0
real_20260626_161911_pallet_rack_cluster021_part1_refined_from_voxel005_medium,real_previous_registration,843,431,0.2959449266534853,0.29211159108377727,0.2048616066810048,69.34470274432957,0.22314337631434766,0,0.04030273175016657,1
real_20260626_161911_pallet_rack_cluster021_part1_refined_from_voxel005_medium,real_previous_registration,844,455,0.13484573085389256,0.06791542223200066,0.029715109048165433,76.62285343113271,0.21256123033774763,0,0.17073600810266568,0
real_20260626_161911_pallet_rack_cluster021_part1_refined_from_voxel005_medium,real_previous_registration,845,383,0.09260019251604282,0.03023945833957874,0.7928077004494333,140.22852016439822,0.2029406511397314,0,0.24487911261359468,0
real_20260626_161911_pallet_rack_cluster021_part1_refined_from_voxel005_medium,real_previous_registration,846,360,0.2551533917098916,0.17833715835145542,0.03622497762234034,100.77360460938887,0.37729368114227935,0,0.3118677549581398,0
real_20260626_161911_pallet_rack_cluster021_part1_refined_from_voxel005_medium,real_previous_registration,847,207,0.17156457562179783,0.10261419258591975,0.9143533710997425,121.8145295546659,0.3829918068020847,0,0.15494246774559967,0
real_20260626_161911_pallet_rack_cluster021_part1_refined_from_voxel005_medium,real_previous_registration,848,17,0.2790301707986358,0.013386263670682314,0.971247725445182,124.15944269847925,0.47000310424633246,0,0.027788308894356403,1
real_20260626_161911_pallet_rack_cluster021_part1_refined_from_voxel005_medium,real_previous_registration,849,91,0.060780997403806124,0.05046593888469159,0.056463674206946576,105.98956851002161,-0.26236402216002386,0,0.24064928978769423,0
real_20260626_161911_pallet_rack_cluster021_part1_refined_from_voxel005_medium,real_previous_registration,850,412,0.32174814374399463,0.23881997980757758,0.72925673314801,158.53124834859153,0.628607842756803,0,0.03595713133168727,1
real_20260626_161911_pallet_rack_cluster021_part1_refined_from_voxel005_medium,real_previous_registration,851,226,0.09510579485559673,0.021715929834695145,0.2762705371040274,130.8962500483735,0.36290509423329126,0,0.22144149669778296,0
real_20260626_161911_pallet_rack_cluster021_part1_refined_from_voxel005_medium,real_previous_registration,852,162,0.2138111189100214,0.1742428268448385,0.8458678433374451,129.13381643499648,0.7419362447310824,0,0.11355997204876558,0
real_20260626_161911_pallet_rack_cluster021_part1_refined_from_voxel005_medium,real_previous_registration,853,360,0.37696708008770685,0.2405848634904848,0.6620715051220392,148.01314540018328,0.559615037936454,0,0.23585461016745984,0
real_20260626_161911_pallet_rack_cluster021_part1_refined_from_voxel005_medium,real_previous_registration,854,276,0.4505476760057159,0.4407467120174357,0.061175396973119835,133.5111027760413,0.538995875733429,0,0.17493037214919716,0
real_20260626_161911_pallet_rack_cluster021_part1_refined_from_voxel005_medium,real_previous_registration,855,420,0.11320476535144766,0.07209399312469472,0.5233329468934909,69.54707232378671,0.09909082009712995,0,0.22847085230898975,0
real_20260626_161911_pallet_rack_cluster021_part1_refined_from_voxel005_medium,real_previous_registration,856,422,0.08083925004934174,0.032649771653602326,0.9111895023720022,117.21393510195368,0.3053812548148539,0,0.2244616980312749,0
real_20260626_161911_pallet_rack_cluster021_part1_refined_from_voxel005_medium,real_previous_registration,857,169,0.13540127504306051,0.1325378229993658,0.6286787364653288,121.59072974925496,-0.559615037936454,0,0.2717135115446534,0
real_20260626_161911_pallet_rack_cluster021_part1_refined_from_voxel005_medium,real_previous_registration,858,383,0.2346461894635051,0.05311313693797477,0.9973159888199338,128.5984928790123,0.11778291898983237,0,0.08094342515290105,1
real_20260626_161911_pallet_rack_cluster021_part1_refined_from_voxel005_medium,real_previous_registration,859,431,0.18435732528318485,0.18140657988421754,0.0037689486031780225,75.34621140975307,0.23967266679015636,0,0.13592938616283815,0
real_20260626_161911_pallet_rack_cluster021_part1_refined_from_voxel005_medium,real_previous_registration,860,369,0.03178180327800111,0.010225511728849095,0.2972677856781172,117.77841282124871,0.2231433179811214,1,0.26755472673217623,0
real_20260626_161911_pallet_rack_cluster021_part1_refined_from_voxel005_medium,real_previous_registration,861,360,0.16676485920517137,0.1631102316464842,0.8867661770784699,108.79060757889155,0.559615037936454,0,0.2078418484965413,0
real_20260626_161911_pallet_rack_cluster021_part1_refined_from_voxel005_medium,real_previous_registration,862,76,0.12488453551633721,0.003985342540353282,0.6554525958352461,98.80309959431281,0.8329079359803705,0,0.1945504938687473,0
real_20260626_161911_pallet_rack_cluster021_part1_refined_from_voxel005_medium,real_previous_registration,863,133,0.257231775307787,0.1353148382112583,0.7945824819985934,93.79734515906513,0.19415583797053004,0,0.10926537736408402,0
real_20260626_161911_pallet_rack_cluster021_part1_refined_from_voxel005_medium,real_previous_registration,864,9,0.33510106044560967,0.27687676282096274,0.5725350542256926,116.35259778305003,0.8383277005423795,0,0.04337645629792269,1
real_20260626_161911_pallet_rack_cluster021_part1_refined_from_voxel005_medium,real_previous_registration,865,98,0.2245919116797485,0.11667900412101828,0.7984644307388975,262.7067382785728,0.9650776460553685,0,0.2373123871083111,0
real_20260626_161911_pallet_rack_cluster021_part1_refined_from_voxel005_medium,real_previous_registration,866,204,0.4096263418694397,0.33549504207522507,0.39995653118562885,121.9018802298482,0.2744365804388602,0,0.10622683238794776,0
real_20260626_161911_pallet_rack_cluster021_part1_refined_from_voxel005_medium,real_previous_registration,867,207,0.2759794151636014,0.12923560919246813,0.9593477996610074,126.83700567658438,0.427443527870981,0,0.05595942121380034,1
real_20260626_161911_pallet_rack_cluster021_part1_refined_from_voxel005_medium,real_previous_registration,868,316,0.28729461624095964,0.241392120009966,0.5856681863204956,190.81011427625816,0.9650776460553685,0,0.17106306851112754,0
real_20260626_161911_pallet_rack_cluster021_part1_refined_from_voxel005_medium,real_previous_registration,869,14,0.2819515254710769,0.15113266831072258,0.025440626364130192,243.88388760496096,1.6582195766566572,0,0.30485053049601335,0
real_20260626_161911_pallet_rack_cluster021_part1_refined_from_voxel005_medium,real_previous_registration,870,455,0.18752944404854824,0.10350232078454169,0.2635611799247202,102.36368673563088,0.31365726128447596,0,0.1471218022066432,0
real_20260626_161911_pallet_rack_cluster021_part1_refined_from_voxel005_medium,real_previous_registration,871,17,0.35318714926318334,0.020387693026049626,0.910888320787092,108.63107829210833,0.405464641442042,0,0.07997237420569595,1
real_20260626_161911_pallet_rack_cluster021_part1_refined_from_voxel005_medium,real_previous_registration,872,210,0.0565725155757316,0.03178735781044778,0.26392434624669625,121.27213520179359,-0.12675157050415292,0,0.26463360256776836,0
real_20260626_161911_pallet_rack_cluster021_part1_refined_from_voxel005_medium,real_previous_registration,873,76,0.11343801294801277,0.0715516449530647,0.6835767081387221,129.61986164548344,0.22314313131500377,0,0.204686977295142,0
real_20260626_161911_pallet_rack_cluster021_part1_refined_from_voxel005_medium,real_previous_registration,874,186,0.3162947401450298,0.2792780232710918,0.3715872113681159,168.75440803820345,0.5725183606047408,0,0.10339685395932119,0
real_20260626_161911_pallet_rack_cluster021_part1_refined_from_voxel005_medium,real_previous_registration,875,159,0.29096633882175116,0.16514345668271052,0.7869662745282975,107.02427546158177,0.4198535325170225,0,0.05349500393510967,1
real_20260626_161911_pallet_rack_cluster021_part1_refined_from_voxel005_medium,real_previous_registration,876,17,0.09404080938427105,0.04430486237797591,0.5703386489016679,70.6670123544865,0.2097202661175399,0,0.22439645718428264,0
real_20260626_161911_pallet_rack_cluster021_part1_refined_from_voxel005_medium,real_previous_registration,877,276,0.4240360836499003,0.4211487199179524,0.17372082904191205,119.15226790995571,0.6567788141676708,0,0.1429269594638934,0
real_20260626_161911_pallet_rack_cluster021_part1_refined_from_voxel005_medium,real_previous_registration,878,390,0.15215793431269498,0.11492262724877891,0.13262614419547097,95.77685772027328,0.40546452477568173,0,0.1490798582435578,0
real_20260626_161911_pallet_rack_cluster021_part1_refined_from_voxel005_medium,real_previous_registration,879,159,0.14711214119606916,0.0979253352312291,0.8219928071715716,87.93602999051956,0.10318414672124189,0,0.20397457372965425,0
real_20260626_161911_pallet_rack_cluster021_part1_refined_from_voxel005_medium,real_previous_registration,880,204,0.3364962708858953,0.2774266670489232,0.1576318336338594,116.91005162055195,0.3513975593528168,0,0.0553674943312883,1
real_20260626_161911_pallet_rack_cluster021_part1_refined_from_voxel005_medium,real_previous_registration,881,169,0.10154416798393706,0.09464409747220479,0.6806122088112667,105.76174957055984,-0.21130885837335212,0,0.2604071705478833,0
real_20260626_161911_pallet_rack_cluster021_part1_refined_from_voxel005_medium,real_previous_registration,882,384,0.07080078028759879,0.013253555879447772,0.48791275436449505,137.1488439668986,0.2666283902045845,0,0.23048718473746901,0
real_20260626_161911_pallet_rack_cluster021_part1_refined_from_voxel005_medium,real_previous_registration,883,226,0.2862646038472856,0.04558015184000361,0.8625854628382678,144.54142701066448,0.24783587579516184,0,0.07516648490305937,1
real_20260626_161911_pallet_rack_cluster021_part1_refined_from_voxel005_medium,real_previous_registration,884,32,0.1940868551901727,0.02672048626685558,0.13600167516511485,99.56461241401273,0.11778288982323092,0,0.21335808694304426,0
real_20260626_161911_pallet_rack_cluster021_part1_refined_from_voxel005_medium,real_previous_registration,885,133,0.14073328914253333,0.08049755954960738,0.05052816933269272,91.55949350268222,0.25131420605888144,0,0.15184059550203438,0
real_20260626_161911_pallet_rack_cluster021_part1_refined_from_voxel005_medium,real_previous_registration,886,36,0.051809541919518615,0.026236499164298828,0.8094637657878423,65.10996388921362,-0.4155150112348501,1,0.3271721668084055,0
real_20260626_161911_pallet_rack_cluster021_part1_refined_from_voxel005_medium,real_previous_registration,887,245,0.22178668737918505,0.18624298439371828,0.26755766567885747,109.89997614307282,0.32542195171730326,0,0.0850687705495009,1
real_20260626_161911_pallet_rack_cluster021_part1_refined_from_voxel005_medium,real_previous_registration,888,382,0.09297218233590826,0.09070960525312524,0.9530054241413373,113.90281799055082,-0.8329079359803706,0,0.23873738656018603,0
real_20260626_161911_pallet_rack_cluster021_part1_refined_from_voxel005_medium,real_previous_registration,889,115,0.37895773416569883,0.358934892762116,0.10543346396805332,75.77976548999793,0.2588614162131238,0,0.06358224697772756,1
real_20260626_161911_pallet_rack_cluster021_part1_refined_from_voxel005_medium,real_previous_registration,890,157,0.45888808782318324,0.06346758865626999,0.9856780817725372,181.55456025948678,0.664975170261918,0,0.19461057457717468,0
real_20260626_161911_pallet_rack_cluster021_part1_refined_from_voxel005_medium,real_previous_registration,891,456,0.06212688237765408,0.05978887318105683,0.8041986316523283,123.62872767437106,0.4054646963438822,0,0.2847157142315899,0
real_20260626_161911_pallet_rack_cluster021_part1_refined_from_voxel005_medium,real_previous_registration,892,91,0.05536296188382273,0.0496517739803649,0.04300780791188577,105.6584672597004,-0.4855073109745436,0,0.24067729907509108,0
real_20260626_161911_pallet_rack_cluster021_part1_refined_from_voxel005_medium,real_previous_registration,893,455,0.3388078495848719,0.18816243358744433,0.7669688639980214,136.52679507543863,0.12361382744833849,0,0.056421299660197696,1
real_20260626_161911_pallet_rack_cluster021_part1_refined_from_voxel005_medium,real_previous_registration,894,414,0.05597542988869854,0.012138445779343716,0.2954619964520453,68.75311746273167,-0.2451222044100603,1,0.26976130609094273,0
real_20260626_161911_pallet_rack_cluster021_part1_refined_from_voxel005_medium,real_previous_registration,895,49,0.37063763027208896,0.25751457389031096,0.7532468248450231,161.66439807254466,0.262363941390968,0,0.06974908891886396,1
real_20260626_161911_pallet_rack_cluster021_part1_refined_from_voxel005_medium,real_previous_registration,896,300,0.2735142364076037,0.08181263022205543,0.9908688228163463,163.31058563690576,0.34092620780435223,0,0.06013599602728151,1
real_20260626_161911_pallet_rack_cluster021_part1_refined_from_voxel005_medium,real_previous_registration,897,65,0.3243845277588726,0.32009427807488494,0.24135676804782127,85.55419256483987,0.4054648037605697,0,0.02915649568460652,1
real_20260626_161911_pallet_rack_cluster021_part1_refined_from_voxel005_medium,real_previous_registration,898,414,0.06659286992593047,0.029652709238967755,0.20242816808531827,69.21117021450995,0.021506185794524086,0,0.27751124587262144,0
real_20260626_161911_pallet_rack_cluster021_part1_refined_from_voxel005_medium,real_previous_registration,899,91,0.35384800332109734,0.3515926670740673,0.3317276396172652,144.1896459069251,-0.05942337102029241,0,0.0762802015047033,1
real_20260626_161911_pallet_rack_cluster021_part1_refined_from_voxel005_medium,real_previous_registration,900,17,0.27426281928930535,0.004495137950675211,0.9842571636414141,105.71131427831652,0.5108250637666177,0,0.04999982377652531,1
real_20260626_161911_pallet_rack_cluster021_part1_refined_from_voxel005_medium,real_previous_registration,901,204,0.47299684011556936,0.4229044682619435,0.034789304939490506,109.44440292748563,0.12361382744833849,0,0.16395766709664783,0
real_20260626_161911_pallet_rack_cluster021_part1_refined_from_voxel005_medium,real_previous_registration,902,98,0.14918168626846173,0.05227979529824768,0.8099896157182948,248.79807293525351,1.0986087886803597,0,0.2661684095579599,0
real_20260626_161911_pallet_rack_cluster021_part1_refined_from_voxel005_medium,real_previous_registration,903,133,0.0963338117484934,0.06174044805277406,0.15669203910491514,64.12270897548117,0.11247787704381224,0,0.22665771910442117,0
real_20260626_161911_pallet_rack_cluster021_part1_refined_from_voxel005_medium,real_previous_registration,904,298,0.12812476081519864,0.11495356521044137,0.6797013670182288,88.0873039744837,-0.024097527188841162,0,0.20489658726210416,0
real_20260626_161911_pallet_rack_cluster021_part1_refined_from_voxel005_medium,real_previous_registration,905,383,0.034731139306330594,0.02736757937741156,0.5538083167237708,139.86156805721564,0.2029406511397314,0,0.28048727220348857,0
real_20260626_161911_pallet_rack_cluster021_part1_refined_from_voxel005_medium,real_previous_registration,906,298,0.1415436007927535,0.11663617348724695,0.09558525191672934,84.55401500767724,-0.04879011416948323,0,0.22583073156173536,0
real_20260626_161911_pallet_rack_cluster021_part1_refined_from_voxel005_medium,real_previous_registration,907,157,0.05745704182365223,0.009457176612801488,0.6496737858779036,109.41450909530121,0.8472965270560926,1,0.23784485342975012,0
real_20260626_161911_pallet_rack_cluster021_part1_refined_from_voxel005_medium,real_previous_registration,908,204,0.446762869896414,0.26894701689030753,0.29905007903678077,202.7646409527847,-0.17185004969006776,0,0.22459423032821582,0
real_20260626_161911_pallet_rack_cluster021_part1_refined_from_voxel005_medium,real_previous_registration,909,102,0.3829254187231205,0.24315243242369372,0.8092613348038045,100.76760438328849,0.45675799723292276,0,0.08791689042929421,1
real_20260626_161911_pallet_rack_cluster021_part1_refined_from_voxel005_medium,real_previous_registration,910,230,0.09645841367578253,0.007162836575612154,0.9924599049021212,144.50126716070804,-0.025317781061241513,0,0.2479950614947573,0
real_20260626_161911_pallet_rack_cluster021_part1_refined_from_voxel005_medium,real_previous_registration,911,98,0.1996093774382746,0.08435270485541033,0.7966031805442639,262.1986278959663,0.9650776460553685,0,0.28180697515290526,0
real_20260626_161911_pallet_rack_cluster021_part1_refined_from_voxel005_medium,real_previous_registration,912,76,0.44770368803307986,0.06902332484460487,0.9924372581710093,172.75697489991936,0.6931461305615991,0,0.16295549170591728,0
real_20260626_161911_pallet_rack_cluster021_part1_refined_from_voxel005_medium,real_previous_registration,913,91,0.34804459406574134,0.34640951038913514,0.05254626906663806,145.6685191310239,-0.2135739079905406,0,0.07089877344134894,1
real_20260626_161911_pallet_rack_cluster021_part1_refined_from_voxel005_medium,real_previous_registration,914,276,0.243093762658434,0.23040351385479096,0.07693710962828385,108.33442782409072,0.47445741292913846,0,0.08014573045527038,1
real_20260626_161911_pallet_rack_cluster021_part1_refined_from_voxel005_medium,real_previous_registration,915,68,0.28421463980428163,0.28023290434315057,0.1074767277438139,149.2077958705307,0.4054645696473508,0,0.08512010016371889,1
real_20260626_161911_pallet_rack_cluster021_part1_refined_from_voxel005_medium,real_previous_registration,916,354,0.07717868593237989,0.05931156821283024,0.31725150901181776,93.73986960096782,-0.32850374030569707,0,0.2571151405575323,0
real_20260626_161911_pallet_rack_cluster021_part1_refined_from_voxel005_medium,real_previous_registration,917,17,0.09365641059901925,0.036816424874119145,0.889625457927154,75.10964091725381,0.6763393741086973,0,0.23635948386514777,0
real_20260626_161911_pallet_rack_cluster021_part1_refined_from_voxel005_medium,real_previous_registration,918,383,0.09506220906112285,0.0009646211617324388,0.9625592560619264,140.78059263658716,0.1397618054187714,0,0.23645439171662375,0
real_20260626_161911_pallet_rack_cluster021_part1_refined_from_voxel005_medium,real_previous_registration,919,384,0.08713665616444621,0.07438186342633749,0.443221281862703,119.78806066537202,0.054067159866836835,0,0.2542084936216068,0
real_20260626_161911_pallet_rack_cluster021_part1_refined_from_voxel005_medium,real_previous_registration,920,17,0.09122153872818052,0.07932602788999897,0.3596402051144379,73.11343162316167,0.405464641442042,0,0.314697596073348,0
real_20260626_161911_pallet_rack_cluster021_part1_refined_from_voxel005_medium,real_previous_registration,921,431,0.15631590668463144,0.14209143049109443,0.20396161822410058,76.97525994047038,0.09909082009712995,0,0.18085311018895533,0
real_20260626_161911_pallet_rack_cluster021_part1_refined_from_voxel005_medium,real_previous_registration,922,276,0.23694204515968034,0.2257765552092615,0.11416323953979729,107.78996488014545,0.538995875733429,0,0.0834441208345991,1
real_20260626_161911_pallet_rack_cluster021_part1_refined_from_voxel005_medium,real_previous_registration,923,276,0.3762143807720442,0.37268623406483325,0.05705323837865297,124.77230680029454,0.7282377245100091,0,0.09800991348777108,1
real_20260626_161911_pallet_rack_cluster021_part1_refined_from_voxel005_medium,real_previous_registration,924,207,0.06322813592378188,0.04044077878235905,0.9143380584312146,134.80549182878164,0.31237430943285155,0,0.2510238855495549,0
real_20260626_161911_pallet_rack_cluster021_part1_refined_from_voxel005_medium,real_previous_registration,925,9,0.2960902954964756,0.24527501025622617,0.5406828203604341,118.50097353042366,0.9409817438576913,0,0.04288677090910178,1
real_20260626_161911_pallet_rack_cluster021_part1_refined_from_voxel005_medium,real_previous_registration,926,192,0.12330235298262958,0.10439702939631512,0.4390182357623041,84.00115117066956,-0.024097527188841162,0,0.2236312558664709,0
real_20260626_161911_pallet_rack_cluster021_part1_refined_from_voxel005_medium,real_previous_registration,927,91,0.3819608206113968,0.37320588130035315,0.12465708255369064,149.2433947628293,-0.5839472480121214,0,0.12020922544139638,0
real_20260626_161911_pallet_rack_cluster021_part1_refined_from_voxel005_medium,real_previous_registration,928,276,0.13550715110597666,0.1292749495240673,0.14533241960073612,85.34154548809133,0.35667449393930617,0,0.16106664647167568,0
real_20260626_161911_pallet_rack_cluster021_part1_refined_from_voxel005_medium,real_previous_registration,929,449,0.10059373033356092,0.030894315496448707,0.3021983483234373,131.48658117881354,0.2787130376046365,0,0.2064488170066168,0
real_20260626_161911_pallet_rack_cluster021_part1_refined_from_voxel005_medium,real_previous_registration,930,162,0.21645841044366543,0.1723797403040857,0.8328529307440597,130.56765633735023,0.6678283495003576,0,0.10406515853731016,0
real_20260626_161911_pallet_rack_cluster021_part1_refined_from_voxel005_medium,real_previous_registration,931,17,0.039780905507382745,0.03522465681514193,0.43982797664710843,78.05863689317701,0.4489497136655051,0,0.27252665802676557,0
real_20260626_161911_pallet_rack_cluster021_part1_refined_from_voxel005_medium,real_previous_registration,932,265,0.2809916214521473,0.15502682215596764,0.8359431561360795,155.23002656701937,0.6931461305615991,0,0.11802763195504952,0
real_20260626_161911_pallet_rack_cluster021_part1_refined_from_voxel005_medium,real_previous_registration,933,456,0.179983306233814,0.10576652963738872,0.8846678115249511,119.59277482331422,0.23483933252775516,0,0.14516758703404478,0
real_20260626_161911_pallet_rack_cluster021_part1_refined_from_voxel005_medium,real_previous_registration,934,14,0.1370122764158839,0.09917264873993337,0.3327191989095103,119.53100710095462,1.7047395013826367,0,0.22820900655724113,0
real_20260626_161911_pallet_rack_cluster021_part1_refined_from_voxel005_medium,real_previous_registration,935,14,0.1620366904084376,0.1013459838822891,0.1327685557805112,134.34307988579633,1.6582195766566572,0,0.23731854704755337,0
real_20260626_161911_pallet_rack_cluster021_part1_refined_from_voxel005_medium,real_previous_registration,936,74,0.1814301893656886,0.09728701082920307,0.20009071546859247,86.22639827615777,0.20067048334116394,0,0.12598677384850343,0
real_20260626_161911_pallet_rack_cluster021_part1_refined_from_voxel005_medium,real_previous_registration,937,99,0.36401185223392557,0.12701128556060157,0.8947737599045932,110.4890632356938,0.17435322714492488,0,0.06990569422343457,1
real_20260626_161911_pallet_rack_cluster021_part1_refined_from_voxel005_medium,real_previous_registration,938,133,0.38810050783711714,0.222817062413056,0.4599728309558655,105.99514779066547,0.3894644441813488,0,0.1406841083785894,0
real_20260626_161911_pallet_rack_cluster021_part1_refined_from_voxel005_medium,real_previous_registration,939,115,0.0492546986323832,0.006614456535837179,0.8441569610456419,74.3346859433369,0.14763586779013826,0,0.31709174470465856,0
real_20260626_161911_pallet_rack_cluster021_part1_refined_from_voxel005_medium,real_previous_registration,940,104,0.13599715560621245,0.11649653701267738,0.34043110565471496,97.5554859101682,-0.24685971043207558,0,0.24461207001616653,0
real_20260626_161911_pallet_rack_cluster021_part1_refined_from_voxel005_medium,real_previous_registration,941,65,0.28160295165860166,0.2768969274078505,0.06440672189231082,86.92021043335646,0.4618177069585349,0,0.04367331266603867,1
real_20260626_161911_pallet_rack_cluster021_part1_refined_from_voxel005_medium,real_previous_registration,942,48,0.1141028790741331,0.09202961327458653,0.8644397515173825,186.53401235963304,0.788455069462177,0,0.22943065643077304,0
real_20260626_161911_pallet_rack_cluster021_part1_refined_from_voxel005_medium,real_previous_registration,943,60,0.1082542972796783,0.09533024351920703,0.9408832318691429,84.91812795178235,0.8109292439953354,0,0.25427202742169513,0
real_20260626_161911_pallet_rack_cluster021_part1_refined_from_voxel005_medium,real_previous_registration,944,455,0.21588461972832176,0.16142451537168784,0.9285364504542627,92.27689196522697,0.05129323912445218,0,0.12622479994242172,0
real_20260626_161911_pallet_rack_cluster021_part1_refined_from_voxel005_medium,real_previous_registration,945,60,0.24399947861218993,0.16752728029375535,0.9064438696353341,140.9001537472753,0.628607842756803,0,0.1270828739670973,0
real_20260626_161911_pallet_rack_cluster021_part1_refined_from_voxel005_medium,real_previous_registration,946,412,0.23134919365826695,0.18063345666831687,0.8234004576914757,128.81905755238847,0.6505867291857421,0,0.08863692159529164,1
real_20260626_161911_pallet_rack_cluster021_part1_refined_from_voxel005_medium,real_previous_registration,947,186,0.08846791744353369,0.05213747503437193,0.6023953877821202,103.1669296675183,0.12783314241938684,0,0.32286600114971103,0
real_20260626_161911_pallet_rack_cluster021_part1_refined_from_voxel005_medium,real_previous_registration,948,102,0.15607929377044136,0.07020933822854099,0.16406409040616624,126.58881722520523,0.14660332347432725,0,0.1732988909237508,0
real_20260626_161911_pallet_rack_cluster021_part1_refined_from_voxel005_medium,real_previous_registration,949,133,0.42191787628200683,0.25212301047423213,0.4678832189590122,100.39746595161678,0.11247787704381224,0,0.14519161624914673,0
real_20260626_161911_pallet_rack_cluster021_part1_refined_from_voxel005_medium,real_previous_registration,950,204,0.06506326994875411,0.04252590425074545,0.6981166360331392,79.51154326759259,-0.5465429025415302,0,0.33990256729654555,0
real_20260626_161911_pallet_rack_cluster021_part1_refined_from_voxel005_medium,real_previous_registration,951,226,0.32666491082285104,0.06206246085311576,0.8815855536652261,148.6983063745856,0.22314328881451986,0,0.08113436527709332,1
real_20260626_161911_pallet_rack_cluster021_part1_refined_from_voxel005_medium,real_previous_registration,952,48,0.3355180849871582,0.22506819642368944,0.8305788090528374,251.1509226804768,1.1631479223136396,0,0.027007397074798652,1
real_20260626_161911_pallet_rack_cluster021_part1_refined_from_voxel005_medium,real_previous_registration,953,48,0.36987321753038604,0.2215510321123634,0.8304872109639546,278.5215053037919,1.1939195412077173,0,0.12485778346847672,0
real_20260626_161911_pallet_rack_cluster021_part1_refined_from_voxel005_medium,real_previous_registration,954,91,0.20612370478253336,0.19356099822011746,0.04879436304722338,118.46413181877527,-0.23767143517938183,0,0.09899516867658154,1
real_20260626_161911_pallet_rack_cluster021_part1_refined_from_voxel005_medium,real_previous_registration,955,9,0.04408632328552565,0.03651542978352448,0.2942562556929807,87.18872620517725,1.0340720758668815,0,0.2883265497740985,0
real_20260626_161911_pallet_rack_cluster021_part1_refined_from_voxel005_medium,real_previous_registration,956,431,0.19358462729993003,0.18527610139089545,0.1315727101660003,77.72506815548222,0.2063362698623648,0,0.13429340981088736,0
real_20260626_161911_pallet_rack_cluster021_part1_refined_from_voxel005_medium,real_previous_registration,957,14,0.443244088227866,0.39845053550585696,0.053243367693488836,268.4867612375751,2.079432354234099,0,0.22723425239147862,0
real_20260626_161911_pallet_rack_cluster021_part1_refined_from_voxel005_medium,real_previous_registration,958,157,0.12902081001197582,0.026710822245288472,0.7482159570610223,110.83478872246987,0.9382682183053808,0,0.21417620670636864,0
real_20260626_161911_pallet_rack_cluster021_part1_refined_from_voxel005_medium,real_previous_registration,959,220,0.14406639468157165,0.11777267042048353,0.2009862462215043,86.88928667433967,0.14518183247985011,0,0.18804857277158027,0
real_20260626_161911_pallet_rack_cluster021_part1_refined_from_voxel005_medium,real_previous_registration,960,157,0.3673395736629736,0.047243014199284034,0.9907368412639,151.42529829508592,0.8231989998672514,0,0.10961816398255411,0
real_20260626_161911_pallet_rack_cluster021_part1_refined_from_voxel005_medium,real_previous_registration,961,49,0.06594085277440576,0.02886949884327225,0.14460193458834764,92.69077748675315,0.15415047982751834,0,0.2709552582161586,0
real_20260626_161911_pallet_rack_cluster021_part1_refined_from_voxel005_medium,real_previous_registration,962,17,0.07661244988213814,0.0014576660740855478,0.9946158506227667,69.80470758027924,0.4489497136655051,0,0.21270107317120254,0
real_20260626_161911_pallet_rack_cluster021_part1_refined_from_voxel005_medium,real_previous_registration,963,65,0.2818381277449613,0.2779694022457046,0.04176775373116655,99.68250424714758,0.3302414300773,0,0.08795599411484178,1
real_20260626_161911_pallet_rack_cluster021_part1_refined_from_voxel005_medium,real_previous_registration,964,390,0.3841424826418095,0.19781827879980024,0.6501064424711844,112.18460732917835,0.7537708759069839,0,0.1087527207335062,0
real_20260626_161911_pallet_rack_cluster021_part1_refined_from_voxel005_medium,real_previous_registration,965,276,0.18235676708451287,0.1771380207208365,0.005440928746766549,104.384759033089,0.25131409494801726,0,0.10955501019952062,0
real_20260626_161911_pallet_rack_cluster021_part1_refined_from_voxel005_medium,real_previous_registration,966,91,0.37422940267806165,0.37367984373799124,0.1213661819106145,153.92050842076938,-0.23767143517938183,0,0.10563152288991112,0
real_20260626_161911_pallet_rack_cluster021_part1_refined_from_voxel005_medium,real_previous_registration,967,455,0.1930699648882929,0.16155170210205466,0.9197624128524419,90.84167476787582,0.07598582610509405,0,0.12760375804272103,0
real_20260626_161911_pallet_rack_cluster021_part1_refined_from_voxel005_medium,real_previous_registration,968,455,0.14529584644068042,0.13016837711791557,0.2658144718148905,73.07346889827197,0.05129323912445218,0,0.17517436627324517,0
real_20260626_161911_pallet_rack_cluster021_part1_refined_from_voxel005_medium,real_previous_registration,969,91,0.3992597961903195,0.3980529006041223,0.3716684522217567,150.89303492056388,-0.39589526478471504,0,0.12862137233458085,0
real_20260626_161911_pallet_rack_cluster021_part1_refined_from_voxel005_medium,real_previous_registration,970,99,0.07017137231766879,0.05320001345811466,0.2978192166851161,98.15869983232064,0.09097169124928829,0,0.2528145856753557,0
real_20260626_161911_pallet_rack_cluster021_part1_refined_from_voxel005_medium,real_previous_registration,971,65,0.36794795324053947,0.3603081349575985,0.4266616824328815,98.01578633471766,0.21440969514422745,0,0.09499238575612742,1
real_20260626_161911_pallet_rack_cluster021_part1_refined_from_voxel005_medium,real_previous_registration,972,115,0.25777767326491685,0.24318707930547445,0.04438969513115107,125.67906647651836,0.06595790686342047,0,0.15802632575032036,0
real_20260626_161911_pallet_rack_cluster021_part1_refined_from_voxel005_medium,real_previous_registration,973,455,0.4296619660281407,0.2681953397152271,0.8254740018672031,140.7062279281705,0.05129323912445218,0,0.13521086833274504,0
real_20260626_161911_pallet_rack_cluster021_part1_refined_from_voxel005_medium,real_previous_registration,974,204,0.3847653646676956,0.29454290252665827,0.3162518318910286,131.5882844994006,-0.054067159866836856,0,0.12101684261452474,0
real_20260626_161911_pallet_rack_cluster021_part1_refined_from_voxel005_medium,real_previous_registration,975,14,0.1695339187411562,0.10097597361568961,0.13235465268222357,171.61099261269305,1.60942951248702,0,0.2494464207515319,0
real_20260626_161911_pallet_rack_cluster021_part1_refined_from_voxel005_medium,real_previous_registration,976,412,0.36989390458746096,0.28963215347173343,0.7883083612741425,150.2554372049834,0.5108249237669706,0,0.08414230844661467,1
real_20260626_161911_pallet_rack_cluster021_part1_refined_from_voxel005_medium,real_previous_registration,977,360,0.49262670581983437,0.29705571572903233,0.7168160847620022,180.4747014081101,0.34830617956310167,0,0.339574911888707,0
real_20260626_161911_pallet_rack_cluster021_part1_refined_from_voxel005_medium,real_previous_registration,978,192,0.16298951049404434,0.12818154555444994,0.9455222598167997,112.99193909776521,0.0689928048203492,0,0.1649531737509145,0
real_20260626_161911_pallet_rack_cluster021_part1_refined_from_voxel005_medium,real_previous_registration,979,65,0.3262408595138907,0.32312737989209467,0.24244244497572548,102.24027853625302,0.2984927529320605,0,0.0789005190974334,1
real_20260626_161911_pallet_rack_cluster021_part1_refined_from_voxel005_medium,real_previous_registration,980,226,0.3615162834508195,0.10553997085832567,0.8430283480334233,142.55810089397798,0.11778288982323092,0,0.10239923229947955,0
real_20260626_161911_pallet_rack_cluster021_part1_refined_from_voxel005_medium,real_previous_registration,981,431,0.1968931702173941,0.1876067379703315,0.052208502592521924,87.86164133843249,0.09909082009712995,0,0.13586440540852637,0
real_20260626_161911_pallet_rack_cluster021_part1_refined_from_voxel005_medium,real_previous_registration,982,65,0.4158129778676256,0.41190072730417365,0.48779638579344,73.63335870624056,-0.06744121709488513,0,0.10372013501999572,0
real_20260626_161911_pallet_rack_cluster021_part1_refined_from_voxel005_medium,real_previous_registration,983,207,0.3111551121293753,0.1302998586090252,0.9781093434880301,145.31201804892785,0.3829918068020847,0,0.03345241878473745,1
real_20260626_161911_pallet_rack_cluster021_part1_refined_from_voxel005_medium,real_previous_registration,984,17,0.009838434700672891,0.0027473771191465902,0.5003737684154606,71.26239845978772,0.405464641442042,1,0.2819562172776382,0
real_20260626_161911_pallet_rack_cluster021_part1_refined_from_voxel005_medium,real_previous_registration,985,102,0.33755270600279713,0.21825367300283136,0.6853209426025324,103.44679043180618,0.48954779747528404,0,0.06079654319859571,1
real_20260626_161911_pallet_rack_cluster021_part1_refined_from_voxel005_medium,real_previous_registration,986,441,0.06372350279828333,0.03924974391771184,0.6419915621633958,122.63544512183618,0.15415051316077205,0,0.26218216343580325,0
real_20260626_161911_pallet_rack_cluster021_part1_refined_from_voxel005_medium,real_previous_registration,987,204,0.3784232067677343,0.34015623511270715,0.3216582770008198,116.64569099033014,0.5819210578340419,0,0.08744157929658189,1
real_20260626_161911_pallet_rack_cluster021_part1_refined_from_voxel005_medium,real_previous_registration,988,455,0.4705272653266427,0.2880163017468206,0.7897416243761485,169.69962086466793,-0.026668217210217542,0,0.1766256610891105,0
real_20260626_161911_pallet_rack_cluster021_part1_refined_from_voxel005_medium,real_previous_registration,989,102,0.1896814355633052,0.13507253670541544,0.8639336211707879,118.740111998288,0.43995089078093985,0,0.13987570218205897,0
real_20260626_161911_pallet_rack_cluster021_part1_refined_from_voxel005_medium,real_previous_registration,990,91,0.18592308488596984,0.16557299042447185,0.10540754485860065,120.42145070403441,-0.03922068084561561,0,0.13108282286166326,0
real_20260626_161911_pallet_rack_cluster021_part1_refined_from_voxel005_medium,real_previous_registration,991,68,0.36756216096017214,0.3633430158627187,0.13985988549978579,163.81136287769013,0.4054645696473508,0,0.08879980176959473,1
real_20260626_161911_pallet_rack_cluster021_part1_refined_from_voxel005_medium,real_previous_registration,992,157,0.08831047762266238,0.07184204606854047,0.5829347630902972,107.0320588772488,0.4418319189473033,0,0.24739739703710745,0
real_20260626_161911_pallet_rack_cluster021_part1_refined_from_voxel005_medium,real_previous_registration,993,102,0.34059605099314644,0.1992408029020448,0.3465080020120685,129.95509697562133,0.36974668387961,0,0.02564037048802749,1
real_20260626_161911_pallet_rack_cluster021_part1_refined_from_voxel005_medium,real_previous_registration,994,456,0.08810316485363656,0.04766919288826983,0.861456147637459,115.92385517886436,0.4248827663638927,0,0.22673819463242093,0
real_20260626_161911_pallet_rack_cluster021_part1_refined_from_voxel005_medium,real_previous_registration,995,220,0.3403130015053734,0.18449029534718786,0.7734552969512903,135.31608776043012,0.24783587579516184,0,0.0871229130912016,1
real_20260626_161911_pallet_rack_cluster021_part1_refined_from_voxel005_medium,real_previous_registration,996,437,0.046904393607082415,0.02814717445667518,0.40304733810505466,132.8705906094909,0.2097202661175399,0,0.2645964885127575,0
real_20260626_161911_pallet_rack_cluster021_part1_refined_from_voxel005_medium,real_previous_registration,997,455,0.3867685261128712,0.24365411092739098,0.7695210367291476,146.56248642844588,0.14660332347432725,0,0.09170657402040151,1
real_20260626_161911_pallet_rack_cluster021_part1_refined_from_voxel005_medium,real_previous_registration,998,17,0.09218738685516593,0.006607343220974183,0.9885672647700146,80.07988449984506,0.5500457446122334,0,0.23220585201490906,0
real_20260626_161911_pallet_rack_cluster021_part1_refined_from_voxel005_medium,real_previous_registration,999,186,0.10199286394209477,0.09015316094920986,0.5961691273796227,96.22004658074309,0.6466262558354655,0,0.2547377310106443,0
real_20260626_161911_pallet_rack_cluster021_part1_refined_from_voxel005_medium,real_previous_registration,1000,17,0.3115068969785601,0.023521352304817583,0.9719384512379736,109.36956413858636,0.5500457446122334,0,0.05280792174736558,1
real_20260626_161911_pallet_rack_cluster021_part1_refined_from_voxel005_medium,real_previous_registration,1001,300,0.27705757499373534,0.05273667763680955,0.9916916231930588,156.73363246323464,0.318453373164395,0,0.03607703527828164,1
real_20260626_161911_pallet_rack_cluster021_part1_refined_from_voxel005_medium,real_previous_registration,1002,186,0.19391967467452467,0.17239911305911487,0.5602524637118885,116.71577224017707,0.6466262558354655,0,0.12970497858708377,0
real_20260626_161911_pallet_rack_cluster021_part1_refined_from_voxel005_medium,real_previous_registration,1003,74,0.20750889466944758,0.07703932504291165,0.16957942358224876,93.52313211133956,0.2876817807854119,0,0.14440781465036454,0
real_20260626_161911_pallet_rack_cluster021_part1_refined_from_voxel005_medium,real_previous_registration,1004,236,0.16951640593920303,0.007544677970912551,0.9967472109072423,131.3098597245561,0.23638848332775744,0,0.13135993451965425,0
real_20260626_161911_pallet_rack_cluster021_part1_refined_from_voxel005_medium,real_previous_registration,1005,338,0.1548775444396835,0.11138309490453874,0.1274701705184717,69.3059878769598,0.0,0,0.15787432553696795,0
real_20260626_161911_pallet_rack_cluster021_part1_refined_from_voxel005_medium,real_previous_registration,1006,99,0.28796910028606665,0.12770785798411918,0.8882164389373202,100.82925857558682,0.4054647747751088,0,0.03932825519621522,1
real_20260626_161911_pallet_rack_cluster021_part1_refined_from_voxel005_medium,real_previous_registration,1007,48,0.37323269199415593,0.25131093020427897,0.8329444528487557,178.77063839909226,1.1631479223136396,0,0.09034752895283729,1
real_20260626_161911_pallet_rack_cluster021_part1_refined_from_voxel005_medium,real_previous_registration,1008,265,0.277696982572774,0.1485735323628923,0.8367738133397634,145.71317808822116,0.7419362447310824,0,0.09332720875070834,1
real_20260626_161911_pallet_rack_cluster021_part1_refined_from_voxel005_medium,real_previous_registration,1009,207,0.07543603996111053,0.036364229354359574,0.9014414600887405,134.60698167706752,0.3600023107760959,0,0.2441554360145489,0
real_20260626_161911_pallet_rack_cluster021_part1_refined_from_voxel005_medium,real_previous_registration,1010,60,0.11176173486398502,0.10752756976553335,0.9917392685068129,102.76879769983967,0.7137655749067019,0,0.23881967670666387,0
real_20260626_161911_pallet_rack_cluster021_part1_refined_from_voxel005_medium,real_previous_registration,1011,276,0.3936229528647817,0.38200509709342645,0.09908932531359851,125.9757944521533,0.7282377245100091,0,0.1256150667634165,0
real_20260626_161911_pallet_rack_cluster021_part1_refined_from_voxel005_medium,real_previous_registration,1012,65,0.2892354098967556,0.2774794673799281,0.06246982048160793,105.44108752813358,0.23180142515193164,0,0.10206362502634668,0
real_20260626_161911_pallet_rack_cluster021_part1_refined_from_voxel005_medium,real_previous_registration,1013,265,0.18318567327901583,0.08525305134875201,0.9378519869920866,131.07594988321128,0.5877857315703102,0,0.14482751202360922,0
real_20260626_161911_pallet_rack_cluster021_part1_refined_from_voxel005_medium,real_previous_registration,1014,186,0.028325576658362054,0.01184200846455594,0.6212198407752001,90.64647591544694,0.6466262558354655,1,0.31017086859030474,0
real_20260626_161911_pallet_rack_cluster021_part1_refined_from_voxel005_medium,real_previous_registration,1015,204,0.3774798311599325,0.3382835229955441,0.43503216795929306,119.94459063823335,0.45675799723292276,0,0.0732214872111334,1
real_20260626_161911_pallet_rack_cluster021_part1_refined_from_voxel005_medium,real_previous_registration,1016,91,0.2911537049516012,0.28620069185506497,0.0340938864668021,138.1054371652315,-0.26236402216002386,0,0.07648055928356044,1
real_20260626_161911_pallet_rack_cluster021_part1_refined_from_voxel005_medium,real_previous_registration,1017,360,0.21769626332829375,0.1742002870681866,0.0018556404295599904,122.50508149162242,0.4595316846425186,0,0.2767721465889884,0
real_20260626_161911_pallet_rack_cluster021_part1_refined_from_voxel005_medium,real_previous_registration,1018,449,0.09844175829067597,0.038426663300441165,0.997629589412967,151.3365215948629,0.2787130376046365,0,0.21349309079534995,0
real_20260626_161911_pallet_rack_cluster021_part1_refined_from_voxel005_medium,real_previous_registration,1019,91,0.38701027774376145,0.38094486322026205,0.37208356792783326,137.54830767496588,-0.3403254784946936,0,0.1061838482637799,0
real_20260626_161911_pallet_rack_cluster021_part1_refined_from_voxel005_medium,real_previous_registration,1020,186,0.3146723577744489,0.2847959808643071,0.36764089559063495,162.77639580045366,0.5725183606047408,0,0.06588377776489555,1
real_20260626_161911_pallet_rack_cluster021_part1_refined_from_voxel005_medium,real_previous_registration,1021,60,0.25244832663464056,0.19116881813238806,0.9359941776804168,124.93648729942208,0.5108249237669706,0,0.1008279358707315,0
real_20260626_161911_pallet_rack_cluster021_part1_refined_from_voxel005_medium,real_previous_registration,1022,133,0.2542255543524365,0.14153487542004717,0.818247508993917,105.38282864090785,0.0465199701803918,0,0.06303146670793086,1
real_20260626_161911_pallet_rack_cluster021_part1_refined_from_voxel005_medium,real_previous_registration,1023,390,0.14888359503827167,0.0844933626995796,0.9181290620786292,92.54094773074256,0.6061350081168457,0,0.14389590207032757,0
real_20260626_161911_pallet_rack_cluster021_part1_refined_from_voxel005_medium,real_previous_registration,1024,265,0.27594138761070564,0.10933961891508825,0.8548395101461391,162.57726227797937,0.7654667188854855,0,0.05202022145498011,1
real_20260626_161911_pallet_rack_cluster021_part1_refined_from_voxel005_medium,real_previous_registration,1025,444,0.026859494426698965,0.018615852353824534,0.8289348205912237,104.00831523250015,0.2029406511397314,1,0.2897336018170015,0
real_20260626_161911_pallet_rack_cluster021_part1_refined_from_voxel005_medium,real_previous_registration,1026,300,0.2752457521477019,0.08499262814899528,0.9969635802335717,158.79994681501947,0.2954638771384061,0,0.02515722645125402,1
real_20260626_161911_pallet_rack_cluster021_part1_refined_from_voxel005_medium,real_previous_registration,1027,133,0.34570295911367577,0.19509262477721945,0.7039073818189969,102.74025353877333,0.3566746439389874,0,0.11463172478996843,0
real_20260626_161911_pallet_rack_cluster021_part1_refined_from_voxel005_medium,real_previous_registration,1028,115,0.13484681462912898,0.13011961957653434,0.11390742747907387,72.01585039320193,0.44991652482946615,0,0.18280139342489016,0
real_20260626_161911_pallet_rack_cluster021_part1_refined_from_voxel005_medium,real_previous_registration,1029,9,0.03587608485049997,0.030202256978131448,0.24227516241945035,94.75487797381443,0.7239174869566073,1,0.2865327589099129,0
real_20260626_161911_pallet_rack_cluster021_part1_refined_from_voxel005_medium,real_previous_registration,1030,91,0.2641501982163174,0.25916854912308124,0.07408691424085918,152.14730201499424,0.12629362949646397,0,0.04847864057364217,1
real_20260626_161911_pallet_rack_cluster021_part1_refined_from_voxel005_medium,real_previous_registration,1031,162,0.169374124541548,0.146308155724103,0.8564152808803087,130.89548874431,0.9360920827016125,0,0.1564702782940666,0
real_20260626_161911_pallet_rack_cluster021_part1_refined_from_voxel005_medium,real_previous_registration,1032,360,0.4129327143474483,0.26775233557888234,0.726371633935178,176.1409390424595,0.5108249237669706,0,0.2422183949429344,0
real_20260626_161911_pallet_rack_cluster021_part1_refined_from_voxel005_medium,real_previous_registration,1033,48,0.30175154805330695,0.2087196935826345,0.8305788090528602,252.5074507544862,1.1631479223136396,0,0.03230935833489482,1
real_20260626_161911_pallet_rack_cluster021_part1_refined_from_voxel005_medium,real_previous_registration,1034,390,0.3459901224523104,0.17887453410524412,0.688642998260609,120.69869767413456,0.6061350081168457,0,0.0781048853143353,1
real_20260626_161911_pallet_rack_cluster021_part1_refined_from_voxel005_medium,real_previous_registration,1035,65,0.23396254036374192,0.22852295216895394,0.021985601275415805,95.384915335777,0.2822322431655078,0,0.11606088141845294,0
real_20260626_161911_pallet_rack_cluster021_part1_refined_from_voxel005_medium,real_previous_registration,1036,360,0.47018514718780907,0.29945053069730065,0.7276316575110047,166.08109360158036,0.5108249237669706,0,0.3371595697679514,0
real_20260626_161911_pallet_rack_cluster021_part1_refined_from_voxel005_medium,real_previous_registration,1037,276,0.14058087533402056,0.13129771576586596,0.019302883214643247,86.62363977566349,0.1643028240188642,0,0.15566360712293628,0
real_20260626_161911_pallet_rack_cluster021_part1_refined_from_voxel005_medium,real_previous_registration,1038,17,0.18907348578449226,0.032240742880247766,0.9981642605402145,87.9953400003038,0.2876817224522096,0,0.1045482663182455,0
real_20260626_161911_pallet_rack_cluster021_part1_refined_from_voxel005_medium,real_previous_registration,1039,102,0.38280035992483047,0.23628413068677695,0.8303072828898287,107.88413007277278,0.36974668387961,0,0.06810636394681663,1
real_20260626_161911_pallet_rack_cluster021_part1_refined_from_voxel005_medium,real_previous_registration,1040,157,0.2880837816388005,0.027017551433028482,0.9404452836542248,119.63393367816194,0.8231989998672514,0,0.1055981257665748,0
real_20260626_161911_pallet_rack_cluster021_part1_refined_from_voxel005_medium,real_previous_registration,1041,17,0.3156620631835081,0.008184685998598184,0.9709493555461115,114.07156650135641,0.47000310424633246,0,0.03570148205349927,1
real_20260626_161911_pallet_rack_cluster021_part1_refined_from_voxel005_medium,real_previous_registration,1042,9,0.09831129149527212,0.09317311858295566,0.07375495416357691,88.7636039399953,0.5947059310249516,0,0.2274221421004383,0
real_20260626_161911_pallet_rack_cluster021_part1_refined_from_voxel005_medium,real_previous_registration,1043,455,0.42749419605412925,0.24182851055496943,0.7504270335020332,177.36749075452997,0.10008335329393524,0,0.13737951597909126,0
real_20260626_161911_pallet_rack_cluster021_part1_refined_from_voxel005_medium,real_previous_registration,1044,204,0.383549575995803,0.3190462248875754,0.45959744424926474,120.92975369251766,0.2542338902641834,0,0.09027634011901253,1
real_20260626_161911_pallet_rack_cluster021_part1_refined_from_voxel005_medium,real_previous_registration,1045,102,0.23429345895453316,0.1609766807492227,0.880387421482309,126.71653119746453,0.3513975593528168,0,0.0998858016846339,1
real_20260626_161911_pallet_rack_cluster021_part1_refined_from_voxel005_medium,real_previous_registration,1046,65,0.13377819190684767,0.12499282691777776,0.0351461656744879,73.99930423039763,0.1786916393363864,0,0.18874919785844868,0
real_20260626_161911_pallet_rack_cluster021_part1_refined_from_voxel005_medium,real_previous_registration,1047,455,0.15649098400273678,0.09174694577075586,0.14739524568594442,111.82648922688927,0.14660332347432725,0,0.18239331475312826,0
real_20260626_161911_pallet_rack_cluster021_part1_refined_from_voxel005_medium,real_previous_registration,1048,14,0.3938453361251639,0.35963251326258877,0.04749245275929561,261.5775260299266,2.0476836982581723,0,0.17720361560083756,0
real_20260626_161911_pallet_rack_cluster021_part1_refined_from_voxel005_medium,real_previous_registration,1049,420,0.09476431619080727,0.08124517961115724,0.5684861586545874,64.34507638096478,0.0,0,0.2371830628197439,0
real_20260626_161911_pallet_rack_cluster021_part1_refined_from_voxel005_medium,real_previous_registration,1050,207,0.27745804084543113,0.15954352761384985,0.9760485882220307,138.67164624899544,0.47000310424633246,0,0.09594053625720754,1
real_20260626_161911_pallet_rack_cluster021_part1_refined_from_voxel005_medium,real_previous_registration,1051,14,0.4043397268921505,0.39559093171324655,0.04415247686660788,192.0046690156122,2.079432354234099,0,0.1077530802660385,0
real_20260626_161911_pallet_rack_cluster021_part1_refined_from_voxel005_medium,real_previous_registration,1052,245,0.20882602014947624,0.1520727645939103,0.3263338796127525,111.08200219079927,0.5485652696984246,0,0.1029643652935113,0
real_20260626_161911_pallet_rack_cluster021_part1_refined_from_voxel005_medium,real_previous_registration,1053,169,0.08015301864022721,0.06755582800657879,0.6611312052729008,105.23627708801388,0.0465199701803918,0,0.25593846377554164,0
real_20260626_161911_pallet_rack_cluster021_part1_refined_from_voxel005_medium,real_previous_registration,1054,48,0.3912768734748353,0.2240025560476575,0.8277086646231582,281.56944338779965,1.1631479223136396,0,0.17023577230978956,0
real_20260626_161911_pallet_rack_cluster021_part1_refined_from_voxel005_medium,real_previous_registration,1055,17,0.27394973987960713,0.027349367945213483,0.9821317812478828,106.72749046402828,0.5306276745922229,0,0.057819024285339415,1
real_20260626_161911_pallet_rack_cluster021_part1_refined_from_voxel005_medium,real_previous_registration,1056,316,0.2936523965794532,0.26108253987553565,0.6344630551186488,198.55802826339107,0.9650776460553685,0,0.16575916030921076,0
real_20260626_161911_pallet_rack_cluster021_part1_refined_from_voxel005_medium,real_previous_registration,1057,115,0.0966914947287356,0.09438421643034992,0.20264447968781255,71.91622749204993,0.37469315114619633,0,0.2243718825769086,0
real_20260626_161911_pallet_rack_cluster021_part1_refined_from_voxel005_medium,real_previous_registration,1058,220,0.3362034960096899,0.17878425501386158,0.7787658961895125,131.51001470806685,0.24783587579516184,0,0.04766986412321967,1
real_20260626_161911_pallet_rack_cluster021_part1_refined_from_voxel005_medium,real_previous_registration,1060,14,0.22116369625169552,0.15108945850753785,0.05203419214508295,221.36575564807688,1.7047395013826367,0,0.23628817442091674,0
real_20260626_161911_pallet_rack_cluster021_part1_refined_from_voxel005_medium,real_previous_registration,1061,60,0.10025866916412636,0.05485768323478993,0.7337299061973049,107.21326392565803,0.48550714270572914,0,0.23973586640788158,0
real_20260626_161911_pallet_rack_cluster021_part1_refined_from_voxel005_medium,real_previous_registration,1062,91,0.15163430015846854,0.13821818265935207,0.13022214975537794,100.35552077613795,-0.14458110317019143,0,0.1471139979987,0
real_20260626_161911_pallet_rack_cluster021_part1_refined_from_voxel005_medium,real_previous_registration,1063,65,0.37824634076700636,0.376707537063346,0.19897994221613588,78.84510489017761,0.021506185794524086,0,0.08373755797761612,1
real_20260626_161911_pallet_rack_cluster021_part1_refined_from_voxel005_medium,real_previous_registration,1064,444,0.09558906468211155,0.042578881931948094,0.8810422973606309,114.93753873471286,0.18232138179412297,0,0.21611081407170793,0
real_20260626_161911_pallet_rack_cluster021_part1_refined_from_voxel005_medium,real_previous_registration,1065,159,0.10048641809026593,0.07219444385351674,0.3541582556407983,82.72907613494205,0.0,0,0.2441080034541613,0
real_20260626_161911_pallet_rack_cluster021_part1_refined_from_voxel005_medium,real_previous_registration,1066,283,0.056854095239855185,0.01164755897176311,0.3102544005146437,123.34720403295188,0.17768098731517523,1,0.259149970803696,0
real_20260626_161911_pallet_rack_cluster021_part1_refined_from_voxel005_medium,real_previous_registration,1067,449,0.047409547761338086,0.022672966020887975,0.30920496625915483,133.25622778267103,0.19415574973543726,0,0.26346425666588785,0
real_20260626_161911_pallet_rack_cluster021_part1_refined_from_voxel005_medium,real_previous_registration,1068,455,0.3832838155121312,0.21480112063813317,0.7309472805311366,165.96393124074325,0.14660332347432725,0,0.09524214455402158,1
real_20260626_161911_pallet_rack_cluster021_part1_refined_from_voxel005_medium,real_previous_registration,1069,192,0.16645369096142404,0.12653920319896833,0.9660884057600483,105.03818570830867,0.02353047415440314,0,0.1773382981289634,0
real_20260626_161911_pallet_rack_cluster021_part1_refined_from_voxel005_medium,real_previous_registration,1070,115,0.04462572884422307,0.023272878582064137,0.7289597912308876,71.41417646071224,0.32668396423440416,0,0.28631885360342535,0
real_20260626_161911_pallet_rack_cluster021_part1_refined_from_voxel005_medium,real_previous_registration,1071,133,0.4252679259199214,0.2463501153943991,0.4268258197102527,85.29775016862715,0.28768182245199975,0,0.1687047185330208,0
real_20260626_161911_pallet_rack_cluster021_part1_refined_from_voxel005_medium,real_previous_registration,1072,360,0.3873017921845182,0.27145594027327724,0.6625660257925163,137.64853733084163,0.5355175107476127,0,0.24283128190067707,0
real_20260626_161911_pallet_rack_cluster021_part1_refined_from_voxel005_medium,real_previous_registration,1073,115,0.1816710560008166,0.17705143592910536,0.04344197428600629,74.40301614831822,0.39019732758601444,0,0.13710805551816618,0
real_20260626_161911_pallet_rack_cluster021_part1_refined_from_voxel005_medium,real_previous_registration,1074,48,0.3666731908303399,0.22363447530235253,0.8317468875175342,219.27442512339587,1.1313992663377126,0,0.06115894583685693,1
real_20260626_161911_pallet_rack_cluster021_part1_refined_from_voxel005_medium,real_previous_registration,1075,48,0.3760683017832044,0.2511972935112091,0.8305788090528488,253.90155025830956,1.1313992663377126,0,0.0587997660977631,1
real_20260626_161911_pallet_rack_cluster021_part1_refined_from_voxel005_medium,real_previous_registration,1076,309,0.11710386028685567,0.046578651341006125,0.7279531259790504,82.09154964887581,-0.26236402216002386,0,0.17165511586953672,0
real_20260626_161911_pallet_rack_cluster021_part1_refined_from_voxel005_medium,real_previous_registration,1077,157,0.31624175909355073,0.04044308821017928,0.9865877292325073,136.9538629085383,0.7985064128866094,0,0.08186347801597711,1
real_20260626_161911_pallet_rack_cluster021_part1_refined_from_voxel005_medium,real_previous_registration,1078,159,0.18606859156970976,0.10521321583255981,0.8913961979088518,100.08956417455225,0.3457456065171181,0,0.13640745718169006,0
real_20260626_161911_pallet_rack_cluster021_part1_refined_from_voxel005_medium,real_previous_registration,1079,14,0.2591256546287583,0.10058936565592003,0.056208615557769445,245.36547618837068,1.60942951248702,0,0.3342130402338889,0
real_20260626_161911_pallet_rack_cluster021_part1_refined_from_voxel005_medium,real_previous_registration,1080,60,0.07237983341013926,0.0355425877971497,0.7326712655651444,100.81295741574802,0.4595316846425186,0,0.247007138743965,0
real_20260626_161911_pallet_rack_cluster021_part1_refined_from_voxel005_medium,real_previous_registration,1081,76,0.40774565877058083,0.057875536636681255,0.9884383942825476,159.18161481275163,0.7654667188854855,0,0.1305417552567961,0
real_20260626_161911_pallet_rack_cluster021_part1_refined_from_voxel005_medium,real_previous_registration,1082,65,0.03097879682309697,0.021692989762672473,0.49598451881531397,106.69345222703294,0.021506185794524086,1,0.2917545897831181,0
real_20260626_161911_pallet_rack_cluster021_part1_refined_from_voxel005_medium,real_previous_registration,1083,233,0.09817017861131465,0.0796394683656275,0.008707316734859694,120.21174950471652,0.2097202661175399,0,0.29392446340393935,0
real_20260626_161911_pallet_rack_cluster021_part1_refined_from_voxel005_medium,real_previous_registration,1084,17,0.06508660865199559,0.040235457934841484,0.4554794020400426,75.58568917498101,0.5108250637666177,0,0.28797869025879974,0
real_20260626_161911_pallet_rack_cluster021_part1_refined_from_voxel005_medium,real_previous_registration,1085,431,0.12278869250077708,0.10250507712711723,0.11167040327362712,65.83736293055499,-0.042559576375351585,0,0.2203948824839747,0
real_20260626_161911_pallet_rack_cluster021_part1_refined_from_voxel005_medium,real_previous_registration,1086,201,0.09662167340960984,0.08365214427319556,0.4879344806387934,82.42914163104584,-0.5877860426805742,0,0.2949169153382089,0
real_20260626_161911_pallet_rack_cluster021_part1_refined_from_voxel005_medium,real_previous_registration,1087,60,0.029946511025779575,0.023697970408236263,0.8517773221519429,89.43206218429489,0.5108249237669706,0,0.2899446216779942,0
real_20260626_161911_pallet_rack_cluster021_part1_refined_from_voxel005_medium,real_previous_registration,1088,14,0.4296692483505963,0.3603060793427211,0.049699202098836964,270.8741498600413,2.0476836982581723,0,0.2588387020966967,0
real_20260626_161911_pallet_rack_cluster021_part1_refined_from_voxel005_medium,real_previous_registration,1089,343,0.01938216739938197,0.006899866721415156,0.12634772387979848,86.45583319707663,-0.6931464305607888,1,0.2833556633963828,0
real_20260626_161911_pallet_rack_cluster021_part1_refined_from_voxel005_medium,real_previous_registration,1090,64,0.061929472414565236,0.03207983624672979,0.6506535762851609,74.64287341549307,0.405464641442042,0,0.25255510854635965,0
real_20260626_161911_pallet_rack_cluster021_part1_refined_from_voxel005_medium,real_previous_registration,1091,456,0.04201903694660968,0.015590751094992533,0.9850254290430092,143.64406162986936,0.23483933252775516,0,0.2830950660910891,0
real_20260626_161911_pallet_rack_cluster021_part1_refined_from_voxel005_medium,real_previous_registration,1092,157,0.169851691576095,0.011243361576738387,0.9326263207414035,102.4893319196937,0.9808277946807323,0,0.16029170860432204,0
real_20260626_161911_pallet_rack_cluster021_part1_refined_from_voxel005_medium,real_previous_registration,1093,133,0.14722195924317255,0.10854752521338047,0.31471734627311015,66.25122987411373,0.13353126762463974,0,0.1438541335319694,0
real_20260626_161911_pallet_rack_cluster021_part1_refined_from_voxel005_medium,real_previous_registration,1094,186,0.19835463604305803,0.1567337272352629,0.5848021329213721,111.9323648994546,0.5465429025415302,0,0.1819109290295658,0
real_20260626_161911_pallet_rack_cluster021_part1_refined_from_voxel005_medium,real_previous_registration,1095,157,0.4610012964162294,0.03192211324948398,0.9759248773596344,170.77768165818676,0.6359876686827405,0,0.19824796836916272,0
real_20260626_161911_pallet_rack_cluster021_part1_refined_from_voxel005_medium,real_previous_registration,1096,99,0.09246189640298778,0.04987833004400931,0.36259855195382756,128.88871032935262,0.23262208772176962,0,0.24452015067605026,0
real_20260626_161911_pallet_rack_cluster021_part1_refined_from_voxel005_medium,real_previous_registration,1097,186,0.2875084435339989,0.26478826835012265,0.323954891462491,137.6168203274935,0.6225287286466243,0,0.12640232211758395,0
real_20260626_161911_pallet_rack_cluster021_part1_refined_from_voxel005_medium,real_previous_registration,1098,157,0.06406618933859826,0.0047790359312662595,0.5804065627739705,101.35829878871546,0.8938164972364845,0,0.23159288097197,0
real_20260626_161911_pallet_rack_cluster021_part1_refined_from_voxel005_medium,real_previous_registration,1099,360,0.49853344525851656,0.32216141006162424,0.747971815237336,185.06141478926506,0.40546452477568173,0,0.3463180920627281,0
real_20260626_161911_pallet_rack_cluster021_part1_refined_from_voxel005_medium,real_previous_registration,1100,14,0.1968670764881232,0.10114924907167139,0.14688542689591608,206.97305251693413,1.6582195766566572,0,0.27642856328830184,0
real_20260626_161911_pallet_rack_cluster021_part1_refined_from_voxel005_medium,real_previous_registration,1101,65,0.1003657770633338,0.08700963389273486,0.1574462222361411,79.03536242142398,0.31449308352582067,0,0.2365857478974084,0
real_20260626_161911_pallet_rack_cluster021_part1_refined_from_voxel005_medium,real_previous_registration,1102,65,0.3676766972199843,0.35796853644701065,0.5628131605486998,82.91733380773621,0.37605093672428475,0,0.06737301949460801,1
real_20260626_161911_pallet_rack_cluster021_part1_refined_from_voxel005_medium,real_previous_registration,1103,360,0.09958643149481643,0.09805844137339625,0.06161517107411868,92.64495203120465,0.6720929149802661,0,0.2581110204414474,0
real_20260626_161911_pallet_rack_cluster021_part1_refined_from_voxel005_medium,real_previous_registration,1104,133,0.09860550712887026,0.03845508858510627,0.17668433369739206,70.94580277009925,0.17435322714492488,0,0.22403512617173332,0
real_20260626_161911_pallet_rack_cluster021_part1_refined_from_voxel005_medium,real_previous_registration,1105,162,0.18511798368749366,0.17188456659449727,0.8872592982908776,129.95628477709133,0.8544141217748946,0,0.16309270709615473,0
real_20260626_161911_pallet_rack_cluster021_part1_refined_from_voxel005_medium,real_previous_registration,1106,115,0.28810323560412204,0.2831357084907054,0.1599977574223804,75.4543432403987,0.5725187766877251,0,0.046322265704842686,1
real_20260626_161911_pallet_rack_cluster021_part1_refined_from_voxel005_medium,real_previous_registration,1107,236,0.32042607246787336,0.02118684244988251,0.9564449417150517,141.2537268341384,0.3364718366216928,0,0.0500689795385187,1
real_20260626_161911_pallet_rack_cluster021_part1_refined_from_voxel005_medium,real_previous_registration,1108,157,0.3410384307584129,0.05580557765307317,0.9904405245344813,126.80109696633042,0.9597744040999049,0,0.07687606240322278,1
real_20260626_161911_pallet_rack_cluster021_part1_refined_from_voxel005_medium,real_previous_registration,1109,76,0.3891574669835489,0.054267981508747204,0.9936479277372186,140.80985886144487,0.6418528914371471,0,0.15310381121069627,0
real_20260626_161911_pallet_rack_cluster021_part1_refined_from_voxel005_medium,real_previous_registration,1110,265,0.2285592921506478,0.08600694006119461,0.8854340717295988,153.09210754520856,0.7178387175422412,0,0.07885785554073066,1
real_20260626_161911_pallet_rack_cluster021_part1_refined_from_voxel005_medium,real_previous_registration,1111,369,0.05454115171456747,0.03616562910264843,0.4058655095536236,136.41910522727858,0.054067159866836835,0,0.27955220927965985,0
real_20260626_161911_pallet_rack_cluster021_part1_refined_from_voxel005_medium,real_previous_registration,1112,420,0.06519839418023256,0.00966256604897216,0.4831157813138961,62.03559941049512,0.0,0,0.2938171229489843,0
real_20260626_161911_pallet_rack_cluster021_part1_refined_from_voxel005_medium,real_previous_registration,1113,99,0.10957952299960622,0.09273009331612558,0.3152127744003802,85.65249489454723,-0.1541505131607721,0,0.2546472679083502,0
real_20260626_161911_pallet_rack_cluster021_part1_refined_from_voxel005_medium,real_previous_registration,1114,133,0.08171484548795191,0.06712922121006797,0.08545151049153227,67.03643107980587,0.09097169124928829,0,0.2095046680013107,0
real_20260626_161911_pallet_rack_cluster021_part1_refined_from_voxel005_medium,real_previous_registration,1115,373,0.12349365204720739,0.11451263628333162,0.6405417072779441,113.73291233800751,-0.16989879374019037,0,0.3092551734089577,0
real_20260626_161911_pallet_rack_cluster021_part1_refined_from_voxel005_medium,real_previous_registration,1116,204,0.4256293952731155,0.2825239981709627,0.3052234317614409,151.57763372458413,-0.17185004969006776,0,0.1783411678547773,0
real_20260626_161911_pallet_rack_cluster021_part1_refined_from_voxel005_medium,real_previous_registration,1117,98,0.1241875969471887,0.07455868150888995,0.8063917144886903,234.38527860756219,1.011597570781348,0,0.24743838466727008,0
real_20260626_161911_pallet_rack_cluster021_part1_refined_from_voxel005_medium,real_previous_registration,1118,115,0.1404987223934516,0.13433391608216086,0.12198988880625991,80.94332597471035,0.27625314622082797,0,0.19993088596828135,0
real_20260626_161911_pallet_rack_cluster021_part1_refined_from_voxel005_medium,real_previous_registration,1119,115,0.11764021290076766,0.08570047345539988,0.35570462713797,70.1130430659297,0.27625314622082797,0,0.26583553292791734,0
real_20260626_161911_pallet_rack_cluster021_part1_refined_from_voxel005_medium,real_previous_registration,1120,207,0.35733437554653924,0.13676384442882664,0.9816735976062038,165.24280949490478,0.15415047982751834,0,0.06317618462927259,1
real_20260626_161911_pallet_rack_cluster021_part1_refined_from_voxel005_medium,real_previous_registration,1121,114,0.09971294808420347,0.07245531411902634,0.668564413723631,65.20847324443936,-0.16705379095739,0,0.35622253707799634,0
real_20260626_161911_pallet_rack_cluster021_part1_refined_from_voxel005_medium,real_previous_registration,1122,65,0.07804339779546397,0.07497318729119808,0.014811386046653038,87.90893161253389,0.1786916393363864,0,0.25012145717510265,0
real_20260626_161911_pallet_rack_cluster021_part1_refined_from_voxel005_medium,real_previous_registration,1123,162,0.3167654862146074,0.23931629592503223,0.7203459451324421,172.10855960336158,0.7884562149114742,0,0.05800519772021292,1
real_20260626_161911_pallet_rack_cluster021_part1_refined_from_voxel005_medium,real_previous_registration,1124,444,0.09791176502685481,0.0680622695209876,0.9335443880020818,107.98581951799395,0.30010432022836475,0,0.22131579607792126,0
real_20260626_161911_pallet_rack_cluster021_part1_refined_from_voxel005_medium,real_previous_registration,1125,456,0.09244805768321748,0.043783799125292275,0.8740239803998601,119.56578229098572,0.4054646963438822,0,0.2182437843975256,0
real_20260626_161911_pallet_rack_cluster021_part1_refined_from_voxel005_medium,real_previous_registration,1126,300,0.22823915067812417,0.0812997770105236,0.988303499715529,140.41639691999882,0.271933402984003,0,0.07192307650289939,1
real_20260626_161911_pallet_rack_cluster021_part1_refined_from_voxel005_medium,real_previous_registration,1127,64,0.09275240876396323,0.0886148578527674,0.6304221686930388,83.21044756330225,0.18232132346092056,0,0.280280215994225,0
real_20260626_161911_pallet_rack_cluster021_part1_refined_from_voxel005_medium,real_previous_registration,1128,76,0.4827793839898873,0.07864806880639397,0.9744910048849588,191.56462109082716,0.5306273863577302,0,0.19404822206338604,0
real_20260626_161911_pallet_rack_cluster021_part1_refined_from_voxel005_medium,real_previous_registration,1129,68,0.40601664671741977,0.4000737625445486,0.20990223191727292,169.70121225714556,0.35282089437392256,0,0.1247138794460832,0
real_20260626_161911_pallet_rack_cluster021_part1_refined_from_voxel005_medium,real_previous_registration,1130,382,0.07323207603979998,0.06159916635263639,0.9659176304210608,115.20989042644524,-0.30228054962264034,0,0.22193845229825712,0
real_20260626_161911_pallet_rack_cluster021_part1_refined_from_voxel005_medium,real_previous_registration,1131,9,0.37110421611910405,0.31061020565841463,0.6871725846197915,105.2776026965869,1.0986105386711722,0,0.09606533778948678,1
real_20260626_161911_pallet_rack_cluster021_part1_refined_from_voxel005_medium,real_previous_registration,1132,265,0.3503691013225101,0.15067731758581374,0.8583946235864258,176.25184071247986,0.5877857315703102,0,0.0967349716471187,1
real_20260626_161911_pallet_rack_cluster021_part1_refined_from_voxel005_medium,real_previous_registration,1133,14,0.3277509819302988,0.1538480382793715,0.021479700368758525,254.2054721558921,1.6582195766566572,0,0.35065801619820214,0
real_20260626_161911_pallet_rack_cluster021_part1_refined_from_voxel005_medium,real_previous_registration,1134,449,0.054764293920407395,0.015273761704692676,0.31369595550494334,130.6452007917099,0.25131409494801726,0,0.2574899291126552,0
real_20260626_161911_pallet_rack_cluster021_part1_refined_from_voxel005_medium,real_previous_registration,1135,65,0.36856604450227404,0.3608185208595625,0.4049491604377051,108.35216923087366,0.021506185794524086,0,0.13122543737269962,0
real_20260626_161911_pallet_rack_cluster021_part1_refined_from_voxel005_medium,real_previous_registration,1136,133,0.15373572498070662,0.13681618702385154,0.9089994588636584,73.11819019043966,-0.024097527188841162,0,0.1545740686843929,0
real_20260626_161911_pallet_rack_cluster021_part1_refined_from_voxel005_medium,real_previous_registration,1137,102,0.09200905786679338,0.06828798538472536,0.3748101544637881,112.92357558701883,0.0,0,0.2320664223244535,0
real_20260626_161911_pallet_rack_cluster021_part1_refined_from_voxel005_medium,real_previous_registration,1138,14,0.42321809067547295,0.39462523334645677,0.047492452759316614,262.33421643230287,2.0476836982581723,0,0.1840388992636926,0
real_20260626_161911_pallet_rack_cluster021_part1_refined_from_voxel005_medium,real_previous_registration,1139,74,0.2595519784293598,0.1406291361751266,0.9053366928327351,83.84875067995574,0.17768098731517523,0,0.08052241353452386,1
real_20260626_161911_pallet_rack_cluster021_part1_refined_from_voxel005_medium,real_previous_registration,1140,68,0.4111114551521707,0.40878829128813143,0.21400127669755653,173.95104904254342,0.32542195171730326,0,0.13186808710063025,0
real_20260626_161911_pallet_rack_cluster021_part1_refined_from_voxel005_medium,real_previous_registration,1141,186,0.3576290774246696,0.32770470697674364,0.4142210670876227,187.365858322866,0.43531739746211334,0,0.13499585248064264,0
real_20260626_161911_pallet_rack_cluster021_part1_refined_from_voxel005_medium,real_previous_registration,1142,157,0.14696578058653903,0.00777189413413177,0.9373076128277098,102.48811509864696,0.9808277946807323,0,0.15193750457057215,0
real_20260626_161911_pallet_rack_cluster021_part1_refined_from_voxel005_medium,real_previous_registration,1143,157,0.11003214802837316,0.02942450742548324,0.688547003019488,111.51991190216472,0.7205449565519397,0,0.23995454018028836,0
real_20260626_161911_pallet_rack_cluster021_part1_refined_from_voxel005_medium,real_previous_registration,1144,186,0.3577475329179506,0.32207683189110803,0.3766903751042756,172.54773965473984,0.43531739746211334,0,0.08196523514680519,1
real_20260626_161911_pallet_rack_cluster021_part1_refined_from_voxel005_medium,real_previous_registration,1145,99,0.13121415255085067,0.04558064606646017,0.7295225186521268,121.56059975753976,0.15415053697024822,0,0.20487279016266965,0
real_20260626_161911_pallet_rack_cluster021_part1_refined_from_voxel005_medium,real_previous_registration,1146,390,0.1979312770024527,0.12697655396778348,0.3012126639813886,71.48029223367278,0.4595316846425186,0,0.17557474260080239,0
real_20260626_161911_pallet_rack_cluster021_part1_refined_from_voxel005_medium,real_previous_registration,1147,373,0.11819180509023104,0.04261661253143115,0.9518625400725214,100.77537471113217,0.42608393995425126,0,0.22242379762228753,0
real_20260626_161911_pallet_rack_cluster021_part1_refined_from_voxel005_medium,real_previous_registration,1148,115,0.11595768402756247,0.004832467724169433,0.8015146050093538,73.90493351151619,-0.12062786541111652,0,0.3348044852052873,0
real_20260626_161911_pallet_rack_cluster021_part1_refined_from_voxel005_medium,real_previous_registration,1149,100,0.05371814907964875,0.041138937437614,0.42301915159306924,116.01453386417623,0.2876817807854119,1,0.2703379042073382,0
real_20260626_161911_pallet_rack_cluster021_part1_refined_from_voxel005_medium,real_previous_registration,1150,60,0.32012225678978434,0.1791003167902006,0.9285090542526327,151.23529032898685,0.559615037936454,0,0.07443358187722823,1
real_20260626_161911_pallet_rack_cluster021_part1_refined_from_voxel005_medium,real_previous_registration,1151,48,0.3350708689925336,0.1829882859960903,0.8304872109639526,280.4478083495462,1.1631479223136396,0,0.12696571738461598,0
real_20260626_161911_pallet_rack_cluster021_part1_refined_from_voxel005_medium,real_previous_registration,1152,300,0.2951548345918458,0.057621124226477756,0.9958075674051169,162.69698154742852,0.271933402984003,0,0.056231706757698334,1
real_20260626_161911_pallet_rack_cluster021_part1_refined_from_voxel005_medium,real_previous_registration,1153,192,0.09638734831584189,0.0708136153809096,0.10598003043129772,82.19720051275702,0.11247787704381224,0,0.21813000108606387,0
real_20260626_161911_pallet_rack_cluster021_part1_refined_from_voxel005_medium,real_previous_registration,1154,390,0.1250620222808202,0.05166495830669429,0.0418197874790725,82.86122650333989,0.628607842756803,0,0.21732062193598545,0
real_20260626_161911_pallet_rack_cluster021_part1_refined_from_voxel005_medium,real_previous_registration,1155,186,0.07710538584167803,0.044067552280531365,0.6317148953195421,109.89969674084804,0.16705379095738995,0,0.31211112497551724,0
real_20260626_161911_pallet_rack_cluster021_part1_refined_from_voxel005_medium,real_previous_registration,1156,186,0.0978383797850634,0.09606698526546144,0.3213412563804616,96.51686567564788,0.6466262558354655,0,0.24201381030875013,0
real_20260626_161911_pallet_rack_cluster021_part1_refined_from_voxel005_medium,real_previous_registration,1157,444,0.05379252667840802,0.01826207778656061,0.9074257985955425,137.71372638656177,0.024692586980641897,0,0.2816138515125893,0
real_20260626_161911_pallet_rack_cluster021_part1_refined_from_voxel005_medium,real_previous_registration,1158,159,0.14199206395343453,0.082874786858264,0.8797110259206177,115.10780686590068,0.2984927529320605,0,0.17861095351551548,0
real_20260626_161911_pallet_rack_cluster021_part1_refined_from_voxel005_medium,real_previous_registration,1159,48,0.40087479134139337,0.22382867015591967,0.8304872109639527,281.52724065162874,1.1631479223136396,0,0.13654092756884914,0
real_20260626_161911_pallet_rack_cluster021_part1_refined_from_voxel005_medium,real_previous_registration,1160,369,0.09049936025501476,0.04058073523501926,0.9988204890808122,145.02464835575535,0.1053603989912889,0,0.2136731404873101,0
real_20260626_161911_pallet_rack_cluster021_part1_refined_from_voxel005_medium,real_previous_registration,1161,455,0.1589498376333169,0.06867948145244579,0.1265172661535945,113.07762503894791,0.16907615811428456,0,0.17796611562078163,0
real_20260626_161911_pallet_rack_cluster021_part1_refined_from_voxel005_medium,real_previous_registration,1162,226,0.0883131649865004,0.04560917542557753,0.27276609596378454,112.47683749158028,0.11778288982323092,0,0.21503172277799204,0
real_20260626_161911_pallet_rack_cluster021_part1_refined_from_voxel005_medium,real_previous_registration,1163,99,0.23695301417345332,0.07491220460487907,0.9387058329666202,113.74125547161904,0.09097169124928829,0,0.09315809971275274,1
real_20260626_161911_pallet_rack_cluster021_part1_refined_from_voxel005_medium,real_previous_registration,1164,14,0.21210434342214032,0.15838785707446673,0.1313403263784315,213.28426022366048,1.7047395013826367,0,0.22071028773339912,0
real_20260626_161911_pallet_rack_cluster021_part1_refined_from_voxel005_medium,real_previous_registration,1165,48,0.31882825186782043,0.20943751636360908,0.8299467995874512,274.1714544111982,1.1313992663377126,0,0.0821327438460397,1
real_20260626_161911_pallet_rack_cluster021_part1_refined_from_voxel005_medium,real_previous_registration,1166,17,0.041498268798499854,0.03953516004215958,0.5784888689179721,85.94841797726292,0.2876817224522096,0,0.280405253210231,0
real_20260626_161911_pallet_rack_cluster021_part1_refined_from_voxel005_medium,real_previous_registration,1167,265,0.10111515694484582,0.09106843796579021,0.020464264535870857,122.85323615969631,0.22314313131500377,0,0.3050382005805613,0
real_20260626_161911_pallet_rack_cluster021_part1_refined_from_voxel005_medium,real_previous_registration,1168,65,0.32869335583137005,0.31708544231759567,0.05542553106107391,71.30283197872772,0.23180142515193164,0,0.042287241875765026,1
real_20260626_161911_pallet_rack_cluster021_part1_refined_from_voxel005_medium,real_previous_registration,1169,204,0.3323283090610388,0.30691161068911843,0.9449654650567467,101.98061237813177,0.6799014085472208,0,0.038957882955835764,1
real_20260626_161911_pallet_rack_cluster021_part1_refined_from_voxel005_medium,real_previous_registration,1170,373,0.08528701256166218,0.07584591196691703,0.712829493110515,116.73022308045678,0.06062454461065085,0,0.3009068409714345,0
real_20260626_161911_pallet_rack_cluster021_part1_refined_from_voxel005_medium,real_previous_registration,1171,102,0.23668348402695633,0.11047354699591336,0.6259672696819503,129.02249272923345,0.29423919126446546,0,0.09672244860460401,1
real_20260626_161911_pallet_rack_cluster021_part1_refined_from_voxel005_medium,real_previous_registration,1172,65,0.42498923562442353,0.42398341395707884,0.5278445217358056,90.7807967351458,-0.30228054962264034,0,0.1402661809948192,0
real_20260626_161911_pallet_rack_cluster021_part1_refined_from_voxel005_medium,real_previous_registration,1173,390,0.1469366906757266,0.07418965354849656,0.8246019569319191,66.65117952773402,0.7137655749067019,0,0.15112444993540008,0
real_20260626_161911_pallet_rack_cluster021_part1_refined_from_voxel005_medium,real_previous_registration,1174,276,0.32874655203284325,0.3265509882639102,0.02392109854921364,102.51910102742889,0.47445741292913846,0,0.04993855218262907,1
real_20260626_161911_pallet_rack_cluster021_part1_refined_from_voxel005_medium,real_previous_registration,1175,91,0.2094322983332237,0.2071676085663981,0.006578803301276109,125.40210758657835,0.03774029806834094,0,0.0783452397736991,1
real_20260626_161911_pallet_rack_cluster021_part1_refined_from_voxel005_medium,real_previous_registration,1176,265,0.0740383020628822,0.04687310362497285,0.7532887371956266,125.54521881992987,0.955510152721623,0,0.22884402935755657,0
real_20260626_161911_pallet_rack_cluster021_part1_refined_from_voxel005_medium,real_previous_registration,1177,14,0.4573255921771418,0.3935653861878337,0.04969920209883685,270.6053042863055,2.079432354234099,0,0.26661001106094645,0
real_20260626_161911_pallet_rack_cluster021_part1_refined_from_voxel005_medium,real_previous_registration,1178,17,0.08564871898470297,0.0013989684825775604,0.8964530827531355,90.79286977330027,0.427443527870981,0,0.21198683664029894,0
real_20260626_161911_pallet_rack_cluster021_part1_refined_from_voxel005_medium,real_previous_registration,1179,157,0.3871124183307805,0.06789698121267367,0.9994251837608181,113.88124149891529,1.0608704350466331,0,0.11830360338347268,0
real_20260626_161911_pallet_rack_cluster021_part1_refined_from_voxel005_medium,real_previous_registration,1180,76,0.4308876834188276,0.06115528428130211,0.9934556551296838,159.19478254521334,0.7654667188854855,0,0.17620131414186666,0
real_20260626_161911_pallet_rack_cluster021_part1_refined_from_voxel005_medium,real_previous_registration,1181,14,0.443783466908189,0.4334134911770169,0.04224399830538944,234.7873071866026,2.0476836982581723,0,0.1569294137752044,0
real_20260626_161911_pallet_rack_cluster021_part1_refined_from_voxel005_medium,real_previous_registration,1182,99,0.14654394354458733,0.11247019726353025,0.9813021003485608,112.48513633622167,0.0465199701803918,0,0.1898706785271644,0
real_20260626_161911_pallet_rack_cluster021_part1_refined_from_voxel005_medium,real_previous_registration,1183,32,0.16037335181257256,0.023098465715365453,0.16573717718886444,98.11532351032275,0.11778288982323092,0,0.19415320659463597,0
real_20260626_161911_pallet_rack_cluster021_part1_refined_from_voxel005_medium,real_previous_registration,1184,14,0.23586895062401986,0.15137871391415275,0.1309820550375724,230.39913494344304,1.6582195766566572,0,0.25921667360743883,0
real_20260626_161911_pallet_rack_cluster021_part1_refined_from_voxel005_medium,real_previous_registration,1185,91,0.25214925035902364,0.2512934645780226,0.052998355948626966,139.86200649474404,0.03774029806834094,0,0.06463193463117765,1
real_20260626_161911_pallet_rack_cluster021_part1_refined_from_voxel005_medium,real_previous_registration,1186,382,0.09516756736639097,0.057386156739906435,0.952477762971596,125.85066774639058,-0.2451222044100603,0,0.223383682582542,0
real_20260626_161911_pallet_rack_cluster021_part1_refined_from_voxel005_medium,real_previous_registration,1187,48,0.42839684029369485,0.20733083742278852,0.8371952580795275,284.42744459738276,1.1631479223136396,0,0.27457463141069,0
real_20260626_161911_pallet_rack_cluster021_part1_refined_from_voxel005_medium,real_previous_registration,1188,204,0.37335812589603146,0.3268989361243863,0.49079313317842566,112.25553880166999,0.5368006510603416,0,0.056502866480754005,1
real_20260626_161911_pallet_rack_cluster021_part1_refined_from_voxel005_medium,real_previous_registration,1189,226,0.08159344449084928,0.04489648081410341,0.4154316951471718,120.54607947650179,0.11778288982323092,0,0.22575198682821046,0
real_20260626_161911_pallet_rack_cluster021_part1_refined_from_voxel005_medium,real_previous_registration,1190,455,0.27997497906575547,0.15532828006830826,0.8768524527509061,95.67537467251,0.0,0,0.03724912503014563,1
real_20260626_161911_pallet_rack_cluster021_part1_refined_from_voxel005_medium,real_previous_registration,1191,60,0.2902010214817402,0.17925596568243957,0.9435845724918278,127.20572389314559,0.583145512090857,0,0.040151730352417606,1
real_20260626_161911_pallet_rack_cluster021_part1_refined_from_voxel005_medium,real_previous_registration,1192,102,0.43837183266218,0.2757635930014676,0.8413409164469413,97.81132796603673,0.23361462091857504,0,0.13823689718010004,0
real_20260626_161911_pallet_rack_cluster021_part1_refined_from_voxel005_medium,real_previous_registration,1193,300,0.328529589964266,0.0632550685810045,0.9982715133217782,167.08761447067016,0.19782550775327828,0,0.05909365819908484,1
real_20260626_161911_pallet_rack_cluster021_part1_refined_from_voxel005_medium,real_previous_registration,1194,60,0.2819054739552619,0.15946433550105338,0.9367454185730413,137.73343303091457,0.559615037936454,0,0.07499322989789395,1
real_20260626_161911_pallet_rack_cluster021_part1_refined_from_voxel005_medium,real_previous_registration,1195,276,0.37041667957825625,0.3703924677427659,0.0030815859507142343,112.55405098467114,0.45198457828918115,0,0.08933309299203823,1
real_20260626_161911_pallet_rack_cluster021_part1_refined_from_voxel005_medium,real_previous_registration,1196,360,0.12163637284241285,0.020137176874941775,0.2028389376327327,137.201691557854,0.04082192452037528,0,0.31372312236758043,0
real_20260626_161911_pallet_rack_cluster021_part1_refined_from_voxel005_medium,real_previous_registration,1197,373,0.04895730396674892,0.0424487710296075,0.6660704857294598,114.54528776136303,0.36290509423329126,0,0.30098832342650994,0
real_20260626_161911_pallet_rack_cluster021_part1_refined_from_voxel005_medium,real_previous_registration,1198,204,0.41177335158239214,0.23792138578316097,0.29905007903677533,200.10153646500186,-0.2035987056659947,0,0.2119869726468912,0
real_20260626_161911_pallet_rack_cluster021_part1_refined_from_voxel005_medium,real_previous_registration,1199,456,0.09382784898411031,0.07380036609152926,0.9942793724268305,118.5180918813157,0.4626230644322336,0,0.23397882434273004,0
real_20260626_161911_pallet_rack_cluster021_part1_refined_from_voxel005_medium,real_previous_registration,1200,91,0.054473668942711696,0.050110847279524064,0.14464161405594583,85.57180704273523,-0.3403254784946936,0,0.23378253667759388,0
real_20260626_161911_pallet_rack_cluster021_part1_refined_from_voxel005_medium,real_previous_registration,1201,204,0.3893788629277391,0.2493517328452286,0.3052234317614347,155.91911278542472,-0.1410784307959898,0,0.16500340205267597,0
real_20260626_161911_pallet_rack_cluster021_part1_refined_from_voxel005_medium,real_previous_registration,1202,444,0.040304967665372754,0.015049489037908335,0.7550504708454366,109.43425806205254,0.1612679912132955,0,0.2843823955615454,0
real_20260626_161911_pallet_rack_cluster021_part1_refined_from_voxel005_medium,real_previous_registration,1203,220,0.08506703377844736,0.03403395865336639,0.010741777760306825,130.05462947125054,0.36290509423329126,0,0.2519607517455013,0
real_20260626_161911_pallet_rack_cluster021_part1_refined_from_voxel005_medium,real_previous_registration,1204,17,0.0768407808614533,0.03985638855740905,0.9912377187371917,88.69820912328287,0.2876817224522096,0,0.22899567083162084,0
real_20260626_161911_pallet_rack_cluster021_part1_refined_from_voxel005_medium,real_previous_registration,1205,390,0.08825388701843676,0.016126616450438468,0.05541207497484735,76.56893237252746,0.6931463055610936,0,0.215838842262766,0
real_20260626_161911_pallet_rack_cluster021_part1_refined_from_voxel005_medium,real_previous_registration,1206,14,0.19749680933711564,0.15414068134976183,0.0598122336473145,136.63508414405388,1.6582195766566572,0,0.18993105422534093,0
real_20260626_161911_pallet_rack_cluster021_part1_refined_from_voxel005_medium,real_previous_registration,1207,207,0.2364621034935435,0.1511853892741482,0.9735979396393641,129.58349343596532,0.427443527870981,0,0.12509330739221694,0
real_20260626_161911_pallet_rack_cluster021_part1_refined_from_voxel005_medium,real_previous_registration,1208,276,0.3778991865757948,0.37637751520287227,0.026810321314920577,93.20071006927724,0.42899508226319244,0,0.09671585395779367,1
real_20260626_161911_pallet_rack_cluster021_part1_refined_from_voxel005_medium,real_previous_registration,1209,431,0.24885205179071504,0.24366303840440032,0.2873475481621633,83.37887699136841,0.33349136034893323,0,0.07665975749452247,1
real_20260626_161911_pallet_rack_cluster021_part1_refined_from_voxel005_medium,real_previous_registration,1210,48,0.36811575879259734,0.1981723406542341,0.830487210963944,279.32377266563446,1.1631479223136396,0,0.12980080782636827,0
real_20260626_161911_pallet_rack_cluster021_part1_refined_from_voxel005_medium,real_previous_registration,1211,60,0.35660311347252666,0.19256118665616997,0.90856927385489,160.06349975564385,0.37729368114227935,0,0.08296378079364469,1
real_20260626_161911_pallet_rack_cluster021_part1_refined_from_voxel005_medium,real_previous_registration,1212,99,0.3713044902317599,0.15836524563676035,0.8741982930026969,104.33498948583734,0.13353126762463974,0,0.06328738589119079,1
real_20260626_161911_pallet_rack_cluster021_part1_refined_from_voxel005_medium,real_previous_registration,1213,99,0.14146894505444257,0.07715907222475868,0.9784148625216019,109.51035359962815,0.0689928048203492,0,0.19707865780430286,0
real_20260626_161911_pallet_rack_cluster021_part1_refined_from_voxel005_medium,real_previous_registration,1214,360,0.19414870099936762,0.1736434889174837,0.012601701119360431,100.56819961538126,0.48550714270572914,0,0.2454539204548211,0
real_20260626_161911_pallet_rack_cluster021_part1_refined_from_voxel005_medium,real_previous_registration,1215,186,0.0841938271998174,0.021652757911769085,0.5938222525160946,96.86558568975911,0.6225287286466243,0,0.33541091369735887,0
real_20260626_161911_pallet_rack_cluster021_part1_refined_from_voxel005_medium,real_previous_registration,1216,162,0.3547632589172615,0.26350442693928683,0.7507540960002761,169.38068781981957,0.7178387175422412,0,0.07664313508216515,1
real_20260626_161911_pallet_rack_cluster021_part1_refined_from_voxel005_medium,real_previous_registration,1217,207,0.27086621311029696,0.12631269108224485,0.9704773514390336,128.89298824289241,0.427443527870981,0,0.07636646919532955,1
real_20260626_161911_pallet_rack_cluster021_part1_refined_from_voxel005_medium,real_previous_registration,1218,236,0.08135637988517191,0.02287110466239257,0.867521291446202,133.05394446280476,0.5306276745922229,0,0.22166458160343314,0
real_20260626_161911_pallet_rack_cluster021_part1_refined_from_voxel005_medium,real_previous_registration,1219,360,0.39443061606839674,0.2885857701919289,0.7125800744261123,162.64383788846442,0.432863467432301,0,0.1911568463421363,0
real_20260626_161911_pallet_rack_cluster021_part1_refined_from_voxel005_medium,real_previous_registration,1220,455,0.15377873179596482,0.13093608977218416,0.45329320820963775,71.44332715386258,-0.026668217210217542,0,0.17031085686745676,0
real_20260626_161911_pallet_rack_cluster021_part1_refined_from_voxel005_medium,real_previous_registration,1221,456,0.12892090129640912,0.0564212781660985,0.8926721939111062,123.24961668129916,0.34484012599799185,0,0.17930310792476145,0
real_20260626_161911_pallet_rack_cluster021_part1_refined_from_voxel005_medium,real_previous_registration,1222,9,0.10591035535543669,0.10324484453673108,0.5945576752172348,87.77813486317551,0.9162891568770493,0,0.23409251942350365,0
real_20260626_161911_pallet_rack_cluster021_part1_refined_from_voxel005_medium,real_previous_registration,1223,265,0.18928735925453882,0.07208340086213716,0.9221930041732538,138.85681301582696,0.6931461305615991,0,0.11527157911655012,0
real_20260626_161911_pallet_rack_cluster021_part1_refined_from_voxel005_medium,real_previous_registration,1224,220,0.15106206752903278,0.123264505615202,0.4010864014082277,123.70069758754603,0.17185004969006767,0,0.201076614995265,0
real_20260626_161911_pallet_rack_cluster021_part1_refined_from_voxel005_medium,real_previous_registration,1225,369,0.0938910652451024,0.04420000991386877,0.8487034921625064,147.4753260613267,0.1053603989912889,0,0.225715358350427,0
real_20260626_161911_pallet_rack_cluster021_part1_refined_from_voxel005_medium,real_previous_registration,1226,102,0.29322504950560874,0.19361174552554403,0.7543685124554831,119.52905618861611,0.43995089078093985,0,0.05972995700246812,1
real_20260626_161911_pallet_rack_cluster021_part1_refined_from_voxel005_medium,real_previous_registration,1227,91,0.26745514687851196,0.2558976498403562,0.0009538234087697328,154.9000636929885,0.09180747840297515,0,0.056384170900022845,1
real_20260626_161911_pallet_rack_cluster021_part1_refined_from_voxel005_medium,real_previous_registration,1228,220,0.07377991489437652,0.029086782373900822,0.002191643144810962,129.05729409924712,0.38441128002781527,0,0.24098636736952742,0
real_20260626_161911_pallet_rack_cluster021_part1_refined_from_voxel005_medium,real_previous_registration,1229,65,0.3716208873852661,0.3628558981316888,0.00848463314577996,93.83736617390423,0.08338153589563678,0,0.06992177563476436,1
real_20260626_161911_pallet_rack_cluster021_part1_refined_from_voxel005_medium,real_previous_registration,1230,383,0.018078880274306586,0.005369556006648138,0.5569138927147819,128.51548390646334,0.09531008434987502,1,0.2903591582785148,0
real_20260626_161911_pallet_rack_cluster021_part1_refined_from_voxel005_medium,real_previous_registration,1231,64,0.05555866873802306,0.0017880638180872623,0.6486463742436976,71.29038121293577,0.405464641442042,1,0.2624846571134087,0
real_20260626_161911_pallet_rack_cluster021_part1_refined_from_voxel005_medium,real_previous_registration,1232,204,0.2827266100611516,0.24948116559989222,0.4310256808957228,114.58875034151349,0.6250932036015032,0,0.0583795001018071,1
real_20260626_161911_pallet_rack_cluster021_part1_refined_from_voxel005_medium,real_previous_registration,1233,236,0.11998273730216011,0.016200672415492782,0.9905430181435197,148.75715481084657,0.31237430943285155,0,0.17681225309141554,0
real_20260626_161911_pallet_rack_cluster021_part1_refined_from_voxel005_medium,real_previous_registration,1234,455,0.2071127524665806,0.1266674759494787,0.8401338497671974,67.42022857675815,0.16907615811428456,0,0.11789703678164427,0
real_20260626_161911_pallet_rack_cluster021_part1_refined_from_voxel005_medium,real_previous_registration,1235,204,0.054682038572999574,0.0077930378554747805,0.3210004415172399,108.9229183929378,0.07598582610509405,0,0.29653797049139663,0
real_20260626_161911_pallet_rack_cluster021_part1_refined_from_voxel005_medium,real_previous_registration,1236,383,0.054639802672003863,0.02742862736239201,0.5332249783421293,141.71350374920536,0.09531008434987502,0,0.2916264265997444,0
real_20260626_161911_pallet_rack_cluster021_part1_refined_from_voxel005_medium,real_previous_registration,1237,360,0.4008979785646849,0.24397661395663256,0.6729950285124999,154.82489946620026,0.583145512090857,0,0.2790051817958134,0
real_20260626_161911_pallet_rack_cluster021_part1_refined_from_voxel005_medium,real_previous_registration,1238,382,0.07215597311590327,0.06278693183628116,0.9425268289143769,118.29544381815714,-0.650586729185742,0,0.23146894962772163,0
real_20260626_161911_pallet_rack_cluster021_part1_refined_from_voxel005_medium,real_previous_registration,1239,56,0.05722450282010469,0.03480114077578732,0.35985701629199107,93.86565272448144,0.23638848332775744,0,0.24923790811095445,0
real_20260626_161911_pallet_rack_cluster021_part1_refined_from_voxel005_medium,real_previous_registration,1240,276,0.10045891931646406,0.072668310993204,0.6528100746502951,104.91429429400765,0.38136708091994803,0,0.2187300285185882,0
real_20260626_161911_pallet_rack_cluster021_part1_refined_from_voxel005_medium,real_previous_registration,1241,14,0.4931421869183122,0.4348981744039493,0.049699202098817036,270.4138585726574,2.0476836982581723,0,0.2809618826761904,0
real_20260626_161911_pallet_rack_cluster021_part1_refined_from_voxel005_medium,real_previous_registration,1242,103,0.04754689622166294,0.018712269851230375,0.6825545815965083,82.52925969217466,0.271933402984003,0,0.2575333634587577,0
real_20260626_161911_pallet_rack_cluster021_part1_refined_from_voxel005_medium,real_previous_registration,1243,186,0.3284768658244825,0.2898473262161341,0.3261619530569902,156.31140902612316,0.5978361416659822,0,0.15862785211845223,0
real_20260626_161911_pallet_rack_cluster021_part1_refined_from_voxel005_medium,real_previous_registration,1244,60,0.3255585035716584,0.20394800439365585,0.9370426070145775,151.29687080304916,0.5355175107476127,0,0.08163674148522769,1
real_20260626_161911_pallet_rack_cluster021_part1_refined_from_voxel005_medium,real_previous_registration,1245,360,0.44601752810570827,0.2908767469275357,0.7458856112571061,180.81656160383875,0.34830617956310167,0,0.2525371184914314,0
real_20260626_161911_pallet_rack_cluster021_part1_refined_from_voxel005_medium,real_previous_registration,1246,360,0.13298491830106213,0.1112524330446248,0.7509545780051547,108.25975236398918,0.8292783685221287,0,0.18254118081570542,0
real_20260626_161911_pallet_rack_cluster021_part1_refined_from_voxel005_medium,real_previous_registration,1247,276,0.3262674123982228,0.326237360872893,0.029873807773583037,116.84444542038293,0.5179424851526016,0,0.045690323386436,1
real_20260626_161911_pallet_rack_cluster021_part1_refined_from_voxel005_medium,real_previous_registration,1248,99,0.14871832264846888,0.11106155591101269,0.999662486968936,119.06545472709689,-0.07410789523072468,0,0.20718407667033112,0
real_20260626_161911_pallet_rack_cluster021_part1_refined_from_voxel005_medium,real_previous_registration,1249,99,0.369755817274895,0.15666983413751645,0.8470190807756774,114.0489538002089,0.0,0,0.09769211349972175,1
real_20260626_161911_pallet_rack_cluster021_part1_refined_from_voxel005_medium,real_previous_registration,1250,91,0.07920874303965969,0.05020413983675242,0.3591166413144676,105.65429164739632,-0.01941807002001049,0,0.23456887627813286,0
real_20260626_161911_pallet_rack_cluster021_part1_refined_from_voxel005_medium,real_previous_registration,1251,390,0.4217890798292771,0.21511516917120785,0.5588684503469494,108.75164436610663,0.6720929149802661,0,0.14849365876106968,0
real_20260626_161911_pallet_rack_cluster021_part1_refined_from_voxel005_medium,real_previous_registration,1252,276,0.22638496208727757,0.22283090383854232,0.03947647049772436,83.75234166723176,0.33135671287806456,0,0.06513100477090909,1
real_20260626_161911_pallet_rack_cluster021_part1_refined_from_voxel005_medium,real_previous_registration,1253,360,0.4443480800106758,0.2720127021442431,0.6941006668995583,175.16302807252416,0.583145512090857,0,0.30052461336707936,0
real_20260626_161911_pallet_rack_cluster021_part1_refined_from_voxel005_medium,real_previous_registration,1254,360,0.19790335419773877,0.1486778535698267,0.708001156054958,93.14300073811673,0.583145512090857,0,0.25493726381160997,0
real_20260626_161911_pallet_rack_cluster021_part1_refined_from_voxel005_medium,real_previous_registration,1255,157,0.41990449659391893,0.07535822710884739,0.994573810617853,121.9831199464981,0.8938164972364845,0,0.14321127064894823,0
real_20260626_161911_pallet_rack_cluster021_part1_refined_from_voxel005_medium,real_previous_registration,1256,157,0.06092931503726503,0.036022238329189285,0.6320624672585475,109.31323633645965,0.7985064128866094,0,0.24185484768248347,0
real_20260626_161911_pallet_rack_cluster021_part1_refined_from_voxel005_medium,real_previous_registration,1257,99,0.37811591264960626,0.1301937413743497,0.8549059913296315,112.25373001437943,0.3227731164012199,0,0.07433466057884928,1
real_20260626_161911_pallet_rack_cluster021_part1_refined_from_voxel005_medium,real_previous_registration,1258,9,0.3740961231278734,0.32516393733254984,0.5725350542256765,115.41151433091126,0.7537704126731803,0,0.0614904072553566,1
real_20260626_161911_pallet_rack_cluster021_part1_refined_from_voxel005_medium,real_previous_registration,1259,385,0.03380235864640443,0.018691540183453308,0.10132033142426955,123.17153399025204,-0.6161854238691183,0,0.3087386112684892,0
real_20260626_161911_pallet_rack_cluster021_part1_refined_from_voxel005_medium,real_previous_registration,1260,360,0.2777392340984661,0.19521156109335586,0.7215130764387006,143.1666217282926,0.628607842756803,0,0.09070845224972894,1
real_20260626_161911_pallet_rack_cluster021_part1_refined_from_voxel005_medium,real_previous_registration,1261,360,0.304746709967176,0.18237349013510612,0.8195290472387927,132.25336265781007,0.48550714270572914,0,0.2460742554414379,0
real_20260626_161911_pallet_rack_cluster021_part1_refined_from_voxel005_medium,real_previous_registration,1262,449,0.04733866705017734,0.02140657397898539,0.15727104911515472,133.91968809404625,0.42899508226319244,1,0.27006151150773866,0
real_20260626_161911_pallet_rack_cluster021_part1_refined_from_voxel005_medium,real_previous_registration,1263,360,0.3349991796142781,0.2329667306752072,0.6820713776056682,152.5688895517863,0.628607842756803,0,0.1302806722113996,0
real_20260626_161911_pallet_rack_cluster021_part1_refined_from_voxel005_medium,real_previous_registration,1264,102,0.340217150736706,0.1687436401559529,0.08396640716869536,126.14562472799615,0.5212964746205235,0,0.05164253221849851,1
real_20260626_161911_pallet_rack_cluster021_part1_refined_from_voxel005_medium,real_previous_registration,1265,102,0.2309803280019485,0.1088115761380784,0.8088858569051248,118.80303234278766,0.4732872877087314,0,0.1087700085096932,0
real_20260626_161911_pallet_rack_cluster021_part1_refined_from_voxel005_medium,real_previous_registration,1266,360,0.11001808719844496,0.03916846844795596,0.26860512572272843,95.56799892118937,0.583145512090857,0,0.30174849365520673,0
real_20260626_161911_pallet_rack_cluster021_part1_refined_from_voxel005_medium,real_previous_registration,1267,300,0.18815653283389427,0.0741902607371821,0.9681768384553783,135.16878512882042,0.22314328881451986,0,0.11282334658910696,0
real_20260626_161911_pallet_rack_cluster021_part1_refined_from_voxel005_medium,real_previous_registration,1268,204,0.3430522143365092,0.3086188127600691,0.23327469355287472,117.2724650171856,0.4228564696951553,0,0.05776595808999337,1
real_20260626_161911_pallet_rack_cluster021_part1_refined_from_voxel005_medium,real_previous_registration,1269,220,0.12909273781467243,0.0562827156592298,0.3575114242274233,129.1313537367774,0.46608924095453313,0,0.18659301989680568,0
real_20260626_161911_pallet_rack_cluster021_part1_refined_from_voxel005_medium,real_previous_registration,1270,360,0.41794895047011277,0.2928699930816633,0.7458856112571163,162.76824665989477,0.432863467432301,0,0.2451313748084105,0
real_20260626_161911_pallet_rack_cluster021_part1_refined_from_voxel005_medium,real_previous_registration,1271,115,0.2407471798156792,0.23581210029306326,0.10623244521779386,76.8064737483385,0.478489880127176,0,0.08171598304251332,1
real_20260626_161911_pallet_rack_cluster021_part1_refined_from_voxel005_medium,real_previous_registration,1272,300,0.03639349683867822,0.004884590093353738,0.5914216268937543,118.52174617170624,0.38441128002781527,0,0.287615084515164,0
real_20260626_161911_pallet_rack_cluster021_part1_refined_from_voxel005_medium,real_previous_registration,1273,115,0.053066875394032834,0.02645859586470788,0.6707718206960075,81.49288356504093,0.24116185227160772,0,0.30077253466708215,0
real_20260626_161911_pallet_rack_cluster021_part1_refined_from_voxel005_medium,real_previous_registration,1274,91,0.2521439023394956,0.24413844235315307,0.0919007149176444,142.99815335383587,0.0,0,0.04506462608332576,1
real_20260626_161911_pallet_rack_cluster021_part1_refined_from_voxel005_medium,real_previous_registration,1275,455,0.13428751432389194,0.06868883050468474,0.130241879127388,109.75537488351745,0.23361462091857504,0,0.19500599876348973,0
real_20260626_161911_pallet_rack_cluster021_part1_refined_from_voxel005_medium,real_previous_registration,1276,91,0.20243271743677796,0.19877783879021826,0.18098779218927682,112.56109789364321,-0.28768180322126524,0,0.10593749362209447,0
real_20260626_161911_pallet_rack_cluster021_part1_refined_from_voxel005_medium,real_previous_registration,1277,404,0.11345130139824973,0.06607207319796726,0.02677668347901041,74.20007607075556,0.05129323912445218,0,0.21608749173813863,0
real_20260626_161911_pallet_rack_cluster021_part1_refined_from_voxel005_medium,real_previous_registration,1278,65,0.3837757291705518,0.3704615266871605,0.10972312131925127,87.37450285875912,0.14165039647248137,0,0.07016339644347092,1
real_20260626_161911_pallet_rack_cluster021_part1_refined_from_voxel005_medium,real_previous_registration,1279,91,0.2490688961040565,0.23708252699370688,0.02283647177858164,140.66577341070428,-0.16705393781014877,0,0.06851457598898894,1
real_20260626_161911_pallet_rack_cluster021_part1_refined_from_voxel005_medium,real_previous_registration,1280,455,0.38891472965802887,0.2485195898204071,0.7226664842172275,146.89823896549308,0.14660332347432725,0,0.10770785152802179,0
real_20260626_161911_pallet_rack_cluster021_part1_refined_from_voxel005_medium,real_previous_registration,1281,186,0.10897185254297276,0.06384640606738459,0.20127643219839564,87.84221658451602,0.7591041328792778,0,0.26980711524708645,0
real_20260626_161911_pallet_rack_cluster021_part1_refined_from_voxel005_medium,real_previous_registration,1282,204,0.3437987404341206,0.28679935139417034,0.2657565642135204,121.13213546969847,0.23361462091857504,0,0.07585261949138347,1
real_20260626_161911_pallet_rack_cluster021_part1_refined_from_voxel005_medium,real_previous_registration,1283,276,0.4603011973893231,0.460161388887583,0.04172681682909492,121.49231163936162,0.25131409494801726,0,0.17906808950407668,0
real_20260626_161911_pallet_rack_cluster021_part1_refined_from_voxel005_medium,real_previous_registration,1284,276,0.29174433931642324,0.28350071978714225,0.06429050111490925,114.1342601012094,0.5996204460793193,0,0.06867651496996134,1
real_20260626_161911_pallet_rack_cluster021_part1_refined_from_voxel005_medium,real_previous_registration,1285,9,0.3736378923814129,0.32871610893688763,0.5842880152725927,108.26347695497934,1.0340720758668815,0,0.08834402075916682,1
real_20260626_161911_pallet_rack_cluster021_part1_refined_from_voxel005_medium,real_previous_registration,1286,300,0.2812849096214747,0.05260371047474331,0.9963210117965938,162.75078569002426,0.318453373164395,0,0.07262342138478932,1
real_20260626_161911_pallet_rack_cluster021_part1_refined_from_voxel005_medium,real_previous_registration,1287,265,0.06909650748669795,0.05249007492876115,0.08657299674299007,122.0007936617842,0.5877857315703102,0,0.30089746629862146,0
real_20260626_161911_pallet_rack_cluster021_part1_refined_from_voxel005_medium,real_previous_registration,1288,186,0.3532319035059708,0.3186269601174356,0.36911278420941285,173.71573364633713,0.40546447174554034,0,0.08465130105176544,1
real_20260626_161911_pallet_rack_cluster021_part1_refined_from_voxel005_medium,real_previous_registration,1289,100,0.12191861920296855,0.10077767017092747,0.42159623943588886,113.61664467546767,-0.3646426002553065,0,0.2766449790721696,0
real_20260626_161911_pallet_rack_cluster021_part1_refined_from_voxel005_medium,real_previous_registration,1290,265,0.06012839119265319,0.04035684158911644,0.08691468019834814,126.61597273167058,0.5596148879369078,0,0.3123577116572684,0
real_20260626_161911_pallet_rack_cluster021_part1_refined_from_voxel005_medium,real_previous_registration,1291,60,0.29514298559807717,0.2075966472258814,0.9368976848669041,125.36388965326519,0.583145512090857,0,0.06411911070405471,1
real_20260626_161911_pallet_rack_cluster021_part1_refined_from_voxel005_medium,real_previous_registration,1292,236,0.010440606847155007,0.0016086794329169623,0.364574560593523,119.7161948383021,0.3829918068020847,1,0.2905359442083255,0
real_20260626_161911_pallet_rack_cluster021_part1_refined_from_voxel005_medium,real_previous_registration,1293,449,0.10679333053681114,0.000940704529119759,0.9585401770712754,146.185675511038,0.35667449393930617,0,0.20365822857334015,0
real_20260626_161911_pallet_rack_cluster021_part1_refined_from_voxel005_medium,real_previous_registration,1294,102,0.1941363076719273,0.08654836154565002,0.4688586618949571,125.96769856114693,0.33270544101570504,0,0.13685295541985146,0
real_20260626_161911_pallet_rack_cluster021_part1_refined_from_voxel005_medium,real_previous_registration,1295,102,0.186179254780823,0.08498180086645885,0.25417722480770105,126.49559374216518,0.5520681134009265,0,0.14557334957596152,0
real_20260626_161911_pallet_rack_cluster021_part1_refined_from_voxel005_medium,real_previous_registration,1296,133,0.4365920501947559,0.28177297191485473,0.465854488004098,92.45532922701564,0.2696633305856747,0,0.17382698556375534,0
real_20260626_161911_pallet_rack_cluster021_part1_refined_from_voxel005_medium,real_previous_registration,1297,186,0.038744057097959986,0.016818982321481664,0.5946761314232272,100.16088772600885,0.6225287286466243,0,0.32006343193345527,0
real_20260626_161911_pallet_rack_cluster021_part1_refined_from_voxel005_medium,real_previous_registration,1298,74,0.196588674734682,0.10288722647636438,0.15573515103936753,86.49334205316026,0.15415051316077205,0,0.12984697858763383,0
real_20260626_161911_pallet_rack_cluster021_part1_refined_from_voxel005_medium,real_previous_registration,1299,102,0.22993558514774404,0.14861758678043802,0.8363570912342244,99.41326900908736,0.33270544101570504,0,0.09116167859037255,1
real_20260626_161911_pallet_rack_cluster021_part1_refined_from_voxel005_medium,real_previous_registration,1300,133,0.29532449276842954,0.16512623962167627,0.6560423987810748,106.51503095934247,0.11247787704381224,0,0.0642598248213749,1
real_20260626_161911_pallet_rack_cluster021_part1_refined_from_voxel005_medium,real_previous_registration,1301,276,0.11578063761742409,0.08303108008820508,0.43676387587083426,102.14650405964306,0.3053812548148539,0,0.21012862584689357,0
real_20260626_161911_pallet_rack_cluster021_part1_refined_from_voxel005_medium,real_previous_registration,1302,91,0.2892036217549532,0.28760615291437386,0.024270072912873586,148.7530237450252,0.05608942259513408,0,0.011871554680826447,1
real_20260626_161911_pallet_rack_cluster021_part1_refined_from_voxel005_medium,real_previous_registration,1303,60,0.09448584819567116,0.07525379503751031,0.938856612828201,82.35936175390489,0.7137655749067019,0,0.23963437677541294,0
real_20260626_161911_pallet_rack_cluster021_part1_refined_from_voxel005_medium,real_previous_registration,1304,91,0.0968142035858374,0.09053420622806685,0.16311648135859064,103.84068929178159,-0.28768180322126524,0,0.19446235908711157,0
real_20260626_161911_pallet_rack_cluster021_part1_refined_from_voxel005_medium,real_previous_registration,1305,115,0.30152096160343017,0.279337929720557,0.022056422429442453,76.19151062601863,0.4054647899265993,0,0.03339740664949661,1
real_20260626_161911_pallet_rack_cluster021_part1_refined_from_voxel005_medium,real_previous_registration,1306,64,0.06858641163029511,0.06432931899933265,0.6157132716516142,83.12946432671282,0.31237430943285155,0,0.2733737505218221,0
real_20260626_161911_pallet_rack_cluster021_part1_refined_from_voxel005_medium,real_previous_registration,1307,382,0.1547025348039357,0.07095487519864042,0.8684776381468358,105.46625979084817,0.08338153589563678,0,0.1377471973128222,0
real_20260626_161911_pallet_rack_cluster021_part1_refined_from_voxel005_medium,real_previous_registration,1308,64,0.08104388559582129,0.03782160158129157,0.655401434131536,98.46489486196934,0.47000310424633246,0,0.24567664233550082,0
real_20260626_161911_pallet_rack_cluster021_part1_refined_from_voxel005_medium,real_previous_registration,1309,360,0.44132529948056687,0.2957362634231774,0.6890435545426041,162.01811948441528,0.559615037936454,0,0.29454455444230815,0
real_20260626_161911_pallet_rack_cluster021_part1_refined_from_voxel005_medium,real_previous_registration,1310,360,0.13120829082379443,0.1023998985745702,0.19127786658660967,93.77298880978408,0.6505867291857421,0,0.28440568971946345,0
real_20260626_161911_pallet_rack_cluster021_part1_refined_from_voxel005_medium,real_previous_registration,1311,360,0.06031182394174495,0.03545613472686988,0.2407645132238757,97.85644012501899,0.583145512090857,0,0.2784666356358129,0
real_20260626_161911_pallet_rack_cluster021_part1_refined_from_voxel005_medium,real_previous_registration,1312,383,0.28303238255651836,0.05277469548675533,0.9990502796780132,141.50446891986866,0.11778291898983237,0,0.04814702309965888,1
real_20260626_161911_pallet_rack_cluster021_part1_refined_from_voxel005_medium,real_previous_registration,1313,48,0.29795147087094076,0.21019553917084718,0.8317468875175222,211.8234701383913,1.1313992663377126,0,0.03690404737681459,1
real_20260626_161911_pallet_rack_cluster021_part1_refined_from_voxel005_medium,real_previous_registration,1314,201,0.04126155319004917,0.013016155590524412,0.6274259088184302,71.45241644209501,-0.22778373190447834,0,0.27331862397733236,0
real_20260626_161911_pallet_rack_cluster021_part1_refined_from_voxel005_medium,real_previous_registration,1315,204,0.33304378104198384,0.2949583152064881,0.8038180274008867,104.85679600857696,0.5965198483037933,0,0.018785740887953966,1
real_20260626_161911_pallet_rack_cluster021_part1_refined_from_voxel005_medium,real_previous_registration,1316,102,0.15834029745741712,0.01809382414744677,0.17504677273583719,121.94253772961902,0.19105504454322356,0,0.2022753517413837,0
real_20260626_161911_pallet_rack_cluster021_part1_refined_from_voxel005_medium,real_previous_registration,1317,373,0.05833293669993327,0.04784675363660009,0.6539989230823378,114.90871922623661,0.271933402984003,0,0.2974131106707911,0
real_20260626_161911_pallet_rack_cluster021_part1_refined_from_voxel005_medium,real_previous_registration,1318,17,0.359807760267746,0.013234735386288287,0.9249781965778737,111.12388749608326,0.405464641442042,0,0.09263211479387028,1
real_20260626_161911_pallet_rack_cluster021_part1_refined_from_voxel005_medium,real_previous_registration,1319,91,0.1423216101970331,0.13900473193185056,0.16529465890677775,79.35002059098997,-0.3403254784946936,0,0.1562442571904721,0
real_20260626_161911_pallet_rack_cluster021_part1_refined_from_voxel005_medium,real_previous_registration,1320,439,0.19972081301150088,0.14315595811940476,0.9231481798463717,102.55964944734922,0.38136708091994803,1,0.11029936352963625,0
real_20260626_161911_pallet_rack_cluster021_part1_refined_from_voxel005_medium,real_previous_registration,1321,48,0.3988875894444877,0.20823159556400805,0.8347009326652255,283.9490659843832,1.1313992663377126,0,0.23126957847263424,0
real_20260626_161911_pallet_rack_cluster021_part1_refined_from_voxel005_medium,real_previous_registration,1322,99,0.06558219863730468,0.020858407641500213,0.23235873749884328,98.9289599344739,0.25131420605888144,0,0.25046579200802715,0
real_20260626_161911_pallet_rack_cluster021_part1_refined_from_voxel005_medium,real_previous_registration,1323,9,0.33151110284654695,0.2889052812961508,0.5725350542256747,118.50741096237948,0.8909713758158077,0,0.030252150103853473,1
real_20260626_161911_pallet_rack_cluster021_part1_refined_from_voxel005_medium,real_previous_registration,1324,99,0.3312598407682471,0.1122687730552341,0.8960020044857923,110.09469486175514,0.37320393441479605,0,0.04519373397892718,1
real_20260626_161911_pallet_rack_cluster021_part1_refined_from_voxel005_medium,real_previous_registration,1325,162,0.3642597304882847,0.2656849680268184,0.7550345562121603,170.59828599764617,0.7654667188854855,0,0.06371927659853012,1
real_20260626_161911_pallet_rack_cluster021_part1_refined_from_voxel005_medium,real_previous_registration,1326,300,0.07566346895932473,0.04279415831360434,0.9817530125102412,114.03919220747997,0.44628663012892794,0,0.23153426433111474,0
real_20260626_161911_pallet_rack_cluster021_part1_refined_from_voxel005_medium,real_previous_registration,1327,157,0.3428774639973368,0.052832040057364596,0.9932278684914894,131.9808491716459,0.8231989998672514,0,0.055501509439512466,1
real_20260626_161911_pallet_rack_cluster021_part1_refined_from_voxel005_medium,real_previous_registration,1328,102,0.1996782674130052,0.05960847713584736,0.13106952127168428,118.93929522707724,0.29423919126446546,0,0.1506674708267156,0
real_20260626_161911_pallet_rack_cluster021_part1_refined_from_voxel005_medium,real_previous_registration,1329,91,0.09919987316657557,0.09561463625677993,0.09886708248534357,107.52598325029427,-0.3677244211513127,0,0.19645421755800946,0
real_20260626_161911_pallet_rack_cluster021_part1_refined_from_voxel005_medium,real_previous_registration,1330,17,0.4128519492990378,0.03288730685175581,0.9343994737767101,116.25571403486424,0.09531005253176758,0,0.14427703013744372,0
real_20260626_161911_pallet_rack_cluster021_part1_refined_from_voxel005_medium,real_previous_registration,1331,204,0.28831707673769125,0.26777709117657966,0.6541203844995935,101.50821820176782,0.5819210578340419,0,0.04530523888576829,1
real_20260626_161911_pallet_rack_cluster021_part1_refined_from_voxel005_medium,real_previous_registration,1332,102,0.38100688244433517,0.20887236699542044,0.6024929749949166,112.97832305583225,0.5520681134009265,0,0.08403041899889294,1
real_20260626_161911_pallet_rack_cluster021_part1_refined_from_voxel005_medium,real_previous_registration,1333,74,0.2575584837557189,0.11228110257826449,0.1739034156727441,105.57930566915172,0.2876817807854119,0,0.10590391917950737,0
real_20260626_161911_pallet_rack_cluster021_part1_refined_from_voxel005_medium,real_previous_registration,1334,14,0.41261949481203836,0.39363811115276454,0.042243998305369866,240.02203070503705,2.079432354234099,0,0.14618535207674288,0
real_20260626_161911_pallet_rack_cluster021_part1_refined_from_voxel005_medium,real_previous_registration,1335,65,0.17859494217378297,0.17135357952340682,0.15146643154914669,91.38212589277315,0.19671013120271136,0,0.16252642658273952,0
real_20260626_161911_pallet_rack_cluster021_part1_refined_from_voxel005_medium,real_previous_registration,1336,455,0.4383175548009944,0.24652835267388115,0.6929769161261574,165.04031732879733,0.10008335329393524,0,0.18736045388136913,0
real_20260626_161911_pallet_rack_cluster021_part1_refined_from_voxel005_medium,real_previous_registration,1337,276,0.09051715868343381,0.07307833163167796,0.5525766141495018,105.11627314591361,0.06899277148709657,0,0.2134516562452155,0
real_20260626_161911_pallet_rack_cluster021_part1_refined_from_voxel005_medium,real_previous_registration,1338,17,0.27714897832649504,0.023410536871426253,0.9745572569786578,123.98755538263602,0.427443527870981,0,0.01791343111154231,1
real_20260626_161911_pallet_rack_cluster021_part1_refined_from_voxel005_medium,real_previous_registration,1339,14,0.48526780709758494,0.43272212152462963,0.049699202098816606,271.596065654727,2.0476836982581723,0,0.2731102953800187,0
real_20260626_161911_pallet_rack_cluster021_part1_refined_from_voxel005_medium,real_previous_registration,1340,276,0.22421895214089949,0.2205323028686716,0.14190668310151688,93.8922579871828,0.3053812548148539,0,0.08073610449428302,1
real_20260626_161911_pallet_rack_cluster021_part1_refined_from_voxel005_medium,real_previous_registration,1341,99,0.4754342857583258,0.21195795102061213,0.8218223285095847,124.44869509286555,-0.2411617840899251,0,0.16052356965586398,0
real_20260626_161911_pallet_rack_cluster021_part1_refined_from_voxel005_medium,real_previous_registration,1342,360,0.14917268108186382,0.13681679006528732,0.9064559192550734,124.15919681337856,0.7537708759069839,0,0.18495247518481964,0
real_20260626_161911_pallet_rack_cluster021_part1_refined_from_voxel005_medium,real_previous_registration,1343,236,0.35415330885996865,0.028130251438585947,0.9761546981972612,142.6734611822868,0.2097202661175399,0,0.0708617873917843,1
real_20260626_161911_pallet_rack_cluster021_part1_refined_from_voxel005_medium,real_previous_registration,1344,265,0.3525629238695713,0.17531898389924983,0.8888950803746661,169.0983595846511,0.5596148879369078,0,0.10869589129155437,0
real_20260626_161911_pallet_rack_cluster021_part1_refined_from_voxel005_medium,real_previous_registration,1345,98,0.31494125332845696,0.12395250884543978,0.7626191177865908,261.25129687255327,0.9650776460553685,0,0.3132067479954345,0
real_20260626_161911_pallet_rack_cluster021_part1_refined_from_voxel005_medium,real_previous_registration,1346,276,0.19845307437075746,0.18036910923339597,0.12409796173061252,98.45317425236554,0.5996204460793193,0,0.12917255323950347,0
real_20260626_161911_pallet_rack_cluster021_part1_refined_from_voxel005_medium,real_previous_registration,1347,68,0.04430690849103637,0.03472520060011664,0.6931147609412153,76.83557299498139,0.45547493768923425,1,0.2738625366239152,0
real_20260626_161911_pallet_rack_cluster021_part1_refined_from_voxel005_medium,real_previous_registration,1348,360,0.10953251613903085,0.10380602171498551,0.14148842148939816,95.58427670678054,0.6505867291857421,0,0.2645265701303258,0
real_20260626_161911_pallet_rack_cluster021_part1_refined_from_voxel005_medium,real_previous_registration,1349,412,0.13431105065121193,0.1246867600926626,0.2745538304422837,131.26744481706433,0.8292783685221287,0,0.19858622227372,0
real_20260626_161911_pallet_rack_cluster021_part1_refined_from_voxel005_medium,real_previous_registration,1350,157,0.09557144965181114,0.0020591939565443532,0.6132457119383826,104.60861119619177,0.8938164972364845,0,0.2334434858252431,0
real_20260626_161911_pallet_rack_cluster021_part1_refined_from_voxel005_medium,real_previous_registration,1351,212,0.1522034427356694,0.09165435335357056,0.1977010114567841,71.35087485187105,-0.6216875460804623,0,0.25845177013828646,0
real_20260626_161911_pallet_rack_cluster021_part1_refined_from_voxel005_medium,real_previous_registration,1352,48,0.06843262094291953,0.06733328010326975,0.8421153007544945,147.83761351473248,0.8329067490292135,0,0.28246275737057097,0
