sample_id,scenario,source_index,target_index,distance_T0,point_to_plane_residual,normal_dot_abs,fpfh_distance,log_normalized_density_ratio,is_mutual_nn,label_distance,target_weight
box_sphere_partial_overlap_medium_3,partial_overlap,0,2886,0.11714280759382653,0.10891359152060079,0.9995400283883231,111.15538064300628,0.0,0,0.08627858097745907,0
box_sphere_partial_overlap_medium_3,partial_overlap,3,1601,0.08732282175211711,0.08592659636525975,0.9999202106044333,88.69971857120052,0.04401682620632756,1,0.07506335659884641,1
box_sphere_partial_overlap_medium_3,partial_overlap,6,2153,0.07319913985338539,0.07035794818126279,0.997895989771518,83.97112151938443,0.17444729320217015,1,0.1054903609149896,0
box_sphere_partial_overlap_medium_3,partial_overlap,8,2012,0.03171742738268986,0.017107294389634924,0.7854413484086413,44.328332155038176,-0.005231044400834855,1,0.1095805447565819,0
box_sphere_partial_overlap_medium_3,partial_overlap,9,870,0.07306771896760343,0.07116885706397397,0.9790618638754369,134.9795105908979,0.324151462190144,1,0.13024713068880603,0
box_sphere_partial_overlap_medium_3,partial_overlap,10,1610,0.1193663724985562,0.11584925272225687,0.9994032603976385,104.9921044810424,0.32892470642474947,0,0.121265742220408,0
box_sphere_partial_overlap_medium_3,partial_overlap,11,1694,0.11211157743297108,0.10778296319978543,0.998688913464008,99.55399701762776,0.27763144030230136,0,0.055716512038374265,1
box_sphere_partial_overlap_medium_3,partial_overlap,12,1885,0.05217228806398346,0.051973222668925935,0.02908411919825686,74.4132457139291,0.30294932342888586,0,0.15601082462600546,0
box_sphere_partial_overlap_medium_3,partial_overlap,13,412,0.1148860223612113,0.10920736522475402,0.8653448607021529,152.6247542772634,0.06140857353099098,0,0.13491901149670557,0
box_sphere_partial_overlap_medium_3,partial_overlap,14,2539,0.09413285926058343,0.08839918141096202,0.9999374677693843,80.13148517828897,0.23989114793195632,1,0.1481094072636583,0
box_sphere_partial_overlap_medium_3,partial_overlap,15,727,0.11835234314596342,0.11203264196421216,0.9986653903329173,138.71563495786822,-0.22791656189675827,0,0.1316041515839923,0
box_sphere_partial_overlap_medium_3,partial_overlap,16,214,0.028939513206388438,0.025338031670788436,0.99997441460783,102.83001479963427,0.3954143231811054,1,0.12941566938755786,0
box_sphere_partial_overlap_medium_3,partial_overlap,17,1263,0.08386433266595038,0.08354182357750482,0.9231019673275387,163.47293181475658,0.19062020051787387,1,0.12428822102227664,0
box_sphere_partial_overlap_medium_3,partial_overlap,18,3350,0.0969856350870662,0.09587132726369477,0.998968490685326,62.61305656899796,0.40624868237215717,0,0.08661277885258152,0
box_sphere_partial_overlap_medium_3,partial_overlap,21,3166,0.10392428720776131,0.10036232312175833,0.9962343648825854,38.09879722328813,-0.014504673345750287,1,0.14262348589490298,0
box_sphere_partial_overlap_medium_3,partial_overlap,23,1907,0.10317497653246623,0.09723647308266709,0.9980886701725566,77.41473883564102,0.13453075449621038,0,0.08453822741995902,0
box_sphere_partial_overlap_medium_3,partial_overlap,24,1725,0.09832793696180088,0.09169850972310227,0.995839629309921,104.64658155002478,0.25993189446155635,0,0.06679865532382846,1
box_sphere_partial_overlap_medium_3,partial_overlap,25,539,0.09072591360224062,0.08220851570362309,0.8735016718755695,105.10690140108261,0.15984852038654465,0,0.1023624969206695,0
box_sphere_partial_overlap_medium_3,partial_overlap,27,2754,0.02141284444495674,0.007716530594155507,0.8262620662610479,55.28782081631374,-0.46958231825364516,1,0.11657010373474062,0
box_sphere_partial_overlap_medium_3,partial_overlap,28,1435,0.044105546350992245,0.038894655480784295,0.8889862390427595,85.14879089505278,0.2006704732401757,1,0.1441748572064264,0
box_sphere_partial_overlap_medium_3,partial_overlap,31,306,0.056477564384112486,0.05631033672939556,0.46253844321502063,111.57853837763312,0.020586615677369458,0,0.12996805491474225,0
box_sphere_partial_overlap_medium_3,partial_overlap,32,1269,0.09787931016535668,0.093029660196293,0.9998066338820086,70.83877131761689,0.13453075449621038,0,0.15530927071227296,0
box_sphere_partial_overlap_medium_3,partial_overlap,33,1737,0.13685984931242454,0.12204451992792956,0.9364537553206287,66.88827592043658,-0.04445171909261546,0,0.03565781430255253,1
box_sphere_partial_overlap_medium_3,partial_overlap,34,2338,0.0979755610486144,0.09536168977085999,0.9342049977178521,47.71822518568612,-0.3021864481787936,1,0.14176120632339656,0
box_sphere_partial_overlap_medium_3,partial_overlap,37,837,0.11134697644995116,0.08290454721130701,0.8701917888091047,104.24597313381307,0.26163115408462706,0,0.08512350911335335,0
box_sphere_partial_overlap_medium_3,partial_overlap,42,304,0.08157156701791497,0.07916142557657932,0.368200365978703,87.43432522481876,0.22047314138593183,0,0.19079385113550437,0
box_sphere_partial_overlap_medium_3,partial_overlap,44,1491,0.0868154474828806,0.08530451094618569,0.9999852984600782,78.66973373895772,0.17444729320217015,1,0.08543989241481201,0
box_sphere_partial_overlap_medium_3,partial_overlap,45,2164,0.11328964062370725,0.09707497004217407,0.9997050671109003,193.6449504239972,0.034685513870299174,0,0.1560560329230439,0
box_sphere_partial_overlap_medium_3,partial_overlap,46,2541,0.07144712669536159,0.06173289878008513,0.9874181197794962,106.42100175712366,-0.9607409509693955,1,0.12313727768608224,0
box_sphere_partial_overlap_medium_3,partial_overlap,47,1571,0.03964221670311275,0.029517555288603812,0.34432534955739014,30.07873713233544,-0.029393276067339345,0,0.15619759006425368,0
box_sphere_partial_overlap_medium_3,partial_overlap,49,2161,0.0743456011380118,0.07355166938337036,0.9998616329710311,140.02934342325568,-0.010050326594250552,1,0.1087173844157379,0
box_sphere_partial_overlap_medium_3,partial_overlap,50,304,0.03346708438198237,0.028311665451517344,0.5507754576155248,106.56467587638953,0.19062020051787387,0,0.15825975900681188,0
box_sphere_partial_overlap_medium_3,partial_overlap,54,1167,0.10119026828031676,0.04217681340176608,0.8914289846999701,100.82431601583437,0.3729415739786799,0,0.07481052246622091,1
box_sphere_partial_overlap_medium_3,partial_overlap,56,551,0.0827259896935815,0.08206947171245146,0.9999134001594994,104.2203622093158,0.10396814809475163,1,0.0818778158563942,0
box_sphere_partial_overlap_medium_3,partial_overlap,58,2503,0.08954456577504248,0.08950210136706385,0.9986411994089924,48.84296908745825,-0.1670539308171544,0,0.1083957767900126,0
box_sphere_partial_overlap_medium_3,partial_overlap,59,634,0.10364434892638104,0.09893087520963043,0.9998290821757149,73.83865888321444,0.15984852038654465,1,0.10719034628988722,0
box_sphere_partial_overlap_medium_3,partial_overlap,62,3148,0.0964948597206297,0.09294430333427046,0.9988459227005636,106.29137536581055,-0.08527367194624638,0,0.0982736073498399,0
box_sphere_partial_overlap_medium_3,partial_overlap,64,3101,0.0934106173880116,0.09147890515091121,0.83223583210135,99.71387917754502,-0.014504673345750287,0,0.079143545419472,1
box_sphere_partial_overlap_medium_3,partial_overlap,65,2101,0.05035532624643059,0.039767278490001626,0.9539210614443885,118.92818206989695,-0.40226978142265,1,0.11324936318202578,0
box_sphere_partial_overlap_medium_3,partial_overlap,69,3218,0.09376035378868552,0.08449485426205386,0.9989538910837571,61.11392848651307,-0.3285036780836116,1,0.10368298231823757,0
box_sphere_partial_overlap_medium_3,partial_overlap,72,330,0.1307631048141266,0.08736652291392494,0.7516582791823272,65.96778512985964,-0.464304989084319,0,0.05249385009392859,1
box_sphere_partial_overlap_medium_3,partial_overlap,73,1072,0.1236238207224447,0.10782932150798158,0.8505733572490142,69.99057020901056,0.1133285781642475,0,0.10111537893420271,0
box_sphere_partial_overlap_medium_3,partial_overlap,75,564,0.03989058196740264,0.026046003283021295,0.9990025713084454,111.65836118959685,0.12348093507801945,0,0.12021865046330973,0
box_sphere_partial_overlap_medium_3,partial_overlap,76,2452,0.05686958958883938,0.05679464659196666,0.9625998246681327,159.3079787146036,0.1484198671873671,1,0.08566067502303043,0
box_sphere_partial_overlap_medium_3,partial_overlap,79,2642,0.016366429824357473,0.013010837955524454,0.9437898797613529,123.87024703223196,-0.23319359827918185,1,0.12898253517399116,0
box_sphere_partial_overlap_medium_3,partial_overlap,81,3006,0.10753162497156607,0.10285255280357007,0.9986721187810933,125.98796679930157,0.06887685907163212,0,0.14611738347658038,0
box_sphere_partial_overlap_medium_3,partial_overlap,82,2326,0.1009808405246572,0.09421365875912162,0.9955599298816669,109.72201252521012,0.0857406427076745,1,0.06278385607522807,1
box_sphere_partial_overlap_medium_3,partial_overlap,83,1271,0.10107434923166822,0.09288096550727029,0.9996036160500875,130.5790254267741,-0.3219888943549606,1,0.11054689900131276,0
box_sphere_partial_overlap_medium_3,partial_overlap,84,2392,0.11247272223986282,0.10859212307356136,0.999651629630852,71.58019814861728,0.27763144030230136,0,0.08828798319561298,0
box_sphere_partial_overlap_medium_3,partial_overlap,85,2345,0.09317572053537561,0.08908776229940567,0.9986551807668029,94.78680384403543,-0.08701129365637626,1,0.11590604658104156,0
box_sphere_partial_overlap_medium_3,partial_overlap,86,1072,0.09382736310945018,0.07271405702879305,0.7693904653138371,95.63590957033189,0.18232139012744064,0,0.11432547035404929,0
box_sphere_partial_overlap_medium_3,partial_overlap,88,2503,0.08381959807413676,0.07454207479496405,0.9942139416718441,56.867839708133495,-0.2504354527997743,1,0.14895450034103197,0
box_sphere_partial_overlap_medium_3,partial_overlap,89,3363,0.10545599422468846,0.09887152381290681,0.9993892901227486,39.69007780228247,-0.27443652991265216,0,0.10821492399294699,0
box_sphere_partial_overlap_medium_3,partial_overlap,90,1412,0.10447592174466085,0.10443088335876703,0.9992913665235212,127.47987121198321,0.27763140326534885,0,0.09547076629048129,0
box_sphere_partial_overlap_medium_3,partial_overlap,91,1109,0.08317615802618344,0.07629799695816561,0.9555713928774818,98.04069581737254,-0.08701129365637626,1,0.1262928443985019,0
box_sphere_partial_overlap_medium_3,partial_overlap,92,2195,0.08168987838977752,0.07531212641478442,0.9997006421412215,109.40511592950807,0.1057813634436778,1,0.05682416233422684,1
box_sphere_partial_overlap_medium_3,partial_overlap,93,123,0.07843127092902248,0.07040261550085436,0.9998277210724433,106.74487053968446,0.0857406427076745,1,0.08630829447524627,0
box_sphere_partial_overlap_medium_3,partial_overlap,94,2688,0.09322517418686431,0.08795102710141058,0.9998262481644093,106.44536256606902,0.27763149417425026,1,0.05775402879640371,1
box_sphere_partial_overlap_medium_3,partial_overlap,95,591,0.07203012010247624,0.06525163852436024,0.2616427598651561,89.27314202784153,0.13786967103482528,0,0.20750694699760686,0
box_sphere_partial_overlap_medium_3,partial_overlap,96,1798,0.05555329897724743,0.03990787966071313,0.7885608875629813,85.60258364657822,-0.44628654012914004,0,0.12454561285101864,0
box_sphere_partial_overlap_medium_3,partial_overlap,99,2232,0.10349935224003058,0.10311032196395899,0.9970223628410871,96.4063056016877,0.3829917855900146,0,0.07477393007919152,1
box_sphere_partial_overlap_medium_3,partial_overlap,101,794,0.078431258790298,0.07793850344385614,0.9549450748231477,120.57554022125791,0.05448813861744295,0,0.08382666158863089,0
box_sphere_partial_overlap_medium_3,partial_overlap,104,2855,0.10696389199830286,0.10170736479326087,0.9981939827850511,83.85322953068209,0.32892470642474947,0,0.10860927785804493,0
box_sphere_partial_overlap_medium_3,partial_overlap,106,1206,0.09318735025503577,0.08651685178934052,0.9914689005907942,86.00293183245545,-0.4643051438458559,0,0.12878671110891532,0
box_sphere_partial_overlap_medium_3,partial_overlap,108,1746,0.10328299936276321,0.09678367410951257,0.9983504111809463,65.68847541008783,0.1057813634436778,1,0.0834092196867572,0
box_sphere_partial_overlap_medium_3,partial_overlap,109,2276,0.10882909089134594,0.10803289004567132,0.8518624668878856,91.86957226711752,0.06887685907163212,1,0.07722579628278417,1
box_sphere_partial_overlap_medium_3,partial_overlap,110,2914,0.03551366453549313,0.02777073043627329,0.999693221307354,112.31797611810283,-0.17662333329859697,1,0.16500236718148645,0
box_sphere_partial_overlap_medium_3,partial_overlap,111,1595,0.07258991055979748,0.07070931238471548,0.9980413242107969,98.87177011512185,0.22356428335943443,0,0.10626610504554589,0
box_sphere_partial_overlap_medium_3,partial_overlap,112,1229,0.11758636003947508,0.10570818375262458,0.9985659144906377,75.70253148089321,-0.0813132671305002,0,0.11598993022608543,0
box_sphere_partial_overlap_medium_3,partial_overlap,113,1233,0.09763484117688725,0.09280861577477142,0.9990115477643258,112.43934357953587,0.12999558003839595,0,0.0732051690474478,1
box_sphere_partial_overlap_medium_3,partial_overlap,114,1724,0.023076489188395683,0.022408745253350973,0.782853339325871,36.93715188203381,0.020586615677369458,0,0.12521209366189195,0
box_sphere_partial_overlap_medium_3,partial_overlap,115,2680,0.09973309211605458,0.09786960271270614,0.9215500335612565,71.8896691870853,0.11902660767172277,0,0.057832223428494735,1
box_sphere_partial_overlap_medium_3,partial_overlap,116,2444,0.097909624400492,0.0911382623651413,0.9996036124355201,155.9285957819074,-0.07376605667247647,1,0.10737261737013216,0
box_sphere_partial_overlap_medium_3,partial_overlap,117,634,0.11148560348169975,0.10647079497590438,0.9995012939153187,105.72642823947899,0.02631727657137979,0,0.09186387121969429,0
box_sphere_partial_overlap_medium_3,partial_overlap,118,1463,0.11310380634600656,0.1057364764813919,0.9972758646934502,58.568805558793315,-0.12783322865290195,0,0.11148305960703707,0
box_sphere_partial_overlap_medium_3,partial_overlap,120,1063,0.09660538026148273,0.08806749080343454,0.9977690823248186,95.62545655190543,0.13453075449621038,0,0.06250856599876664,1
box_sphere_partial_overlap_medium_3,partial_overlap,121,1763,0.11139652940197639,0.11046390000122881,0.8348242477514838,162.5069649409949,-0.07376605667247647,0,0.10626850739959176,0
box_sphere_partial_overlap_medium_3,partial_overlap,122,2902,0.0433857510634377,0.035858066634605716,0.9993454399600328,89.46281423169135,0.11728895125755574,1,0.14729632290256392,0
box_sphere_partial_overlap_medium_3,partial_overlap,123,1307,0.06933304980248935,0.06377670686054437,0.9989462368798183,152.10284578801856,0.1057813634436778,0,0.18288112485145466,0
box_sphere_partial_overlap_medium_3,partial_overlap,124,1986,0.10754496134552416,0.10578991101235002,0.999720999885412,107.56286254232205,-0.036861553966726024,0,0.14089356770219766,0
box_sphere_partial_overlap_medium_3,partial_overlap,125,65,0.0834015857195887,0.07635357148082014,0.9988960551641531,134.46762716232217,-0.5631504641598502,1,0.14364783275985574,0
box_sphere_partial_overlap_medium_3,partial_overlap,126,1364,0.13205844041342737,0.13000244626921503,0.9986444729042994,72.72614047841019,-0.050872284447872104,0,0.06260450445499847,1
box_sphere_partial_overlap_medium_3,partial_overlap,127,1858,0.11165020114494184,0.10944244189130378,0.9990699449355253,108.77035736887015,0.0953100964710644,0,0.1339830156840527,0
box_sphere_partial_overlap_medium_3,partial_overlap,128,232,0.09648503419407546,0.09074829592425504,0.9988184642206264,89.64203510632787,-0.3856620102243305,0,0.11503694130355406,0
box_sphere_partial_overlap_medium_3,partial_overlap,129,3136,0.045614891310796456,0.04209131887383738,0.9663479296619021,93.47945320232749,-0.2188049157614113,1,0.1282434232220584,0
box_sphere_partial_overlap_medium_3,partial_overlap,134,63,0.12096870418453792,0.07350692859059622,0.864238066481639,111.92859413092147,0.47294000125352315,0,0.13225597678908008,0
box_sphere_partial_overlap_medium_3,partial_overlap,135,1559,0.10203138007842755,0.09826525452369773,0.9985305858162844,105.20274828910061,-0.07904311686436603,0,0.14688507980710966,0
box_sphere_partial_overlap_medium_3,partial_overlap,136,871,0.10403102539013338,0.10252293902367794,0.9998082805982519,155.70850039852002,0.12348093507801945,0,0.07843961487670705,1
box_sphere_partial_overlap_medium_3,partial_overlap,137,103,0.10883021245764307,0.09740486395392427,0.9886852312379034,116.17236997862138,-0.005231044400834855,0,0.07115993467038068,1
box_sphere_partial_overlap_medium_3,partial_overlap,139,3225,0.10099332877784775,0.09367522125184763,0.9981516608962305,44.06953422338102,0.3139990514044233,0,0.12564075410526013,0
box_sphere_partial_overlap_medium_3,partial_overlap,140,29,0.09706622229344557,0.09588634634407238,0.9989866423881645,92.65025418030977,0.1484198671873671,0,0.0662019460577714,1
box_sphere_partial_overlap_medium_3,partial_overlap,142,102,0.0824260602862063,0.07859151325284609,0.9994238994574477,80.57335944661037,-0.07376605667247647,1,0.05966545638503451,1
box_sphere_partial_overlap_medium_3,partial_overlap,145,678,0.062024887968872254,0.061735394836905655,0.8930121014633855,57.19695627428985,0.35400440305820197,0,0.13411705766355106,0
box_sphere_partial_overlap_medium_3,partial_overlap,147,48,0.09545252264574174,0.09340160710969707,0.9567095254649902,67.93757820538325,-0.1791264501082223,0,0.05954996474223298,1
box_sphere_partial_overlap_medium_3,partial_overlap,148,1175,0.08326802709792175,0.08186244790653922,0.9960894329377421,106.48345194886893,-0.08338152198261987,1,0.10051013909492454,0
box_sphere_partial_overlap_medium_3,partial_overlap,151,306,0.10193543618650942,0.09853230063818583,0.5848022791196741,147.62293337613576,-0.2112147734926177,0,0.1462323055382917,0
box_sphere_partial_overlap_medium_3,partial_overlap,152,3069,0.09489005606309868,0.08906096125328236,0.6741591218700604,137.9167850958948,0.0,0,0.1452865688377926,0
box_sphere_partial_overlap_medium_3,partial_overlap,153,2349,0.06588637656246607,0.05208825046497867,0.9998855561976834,101.14022425738095,-0.02247282807431516,0,0.1097839869048575,0
box_sphere_partial_overlap_medium_3,partial_overlap,155,3307,0.05660108691747865,0.05101330102307194,0.8634374085776289,128.48701989236437,0.04651996801589379,0,0.172822668298985,0
box_sphere_partial_overlap_medium_3,partial_overlap,157,2484,0.11004072378541356,0.10973602985812501,0.9984313343925385,72.22699866602946,-0.0900929637550288,0,0.0719137103359754,1
box_sphere_partial_overlap_medium_3,partial_overlap,158,1635,0.10024688577550186,0.09367118309043813,0.998588428363331,149.59337011528262,-0.18499153698415477,0,0.07649927796504663,1
box_sphere_partial_overlap_medium_3,partial_overlap,159,2192,0.09821620576861302,0.09756769473227388,0.9992572865748938,86.24588222847976,0.005698015162262853,1,0.11667376421507997,0
box_sphere_partial_overlap_medium_3,partial_overlap,162,2527,0.03515531031920848,0.03171309369863754,0.9963263081419487,54.55372701227855,0.3139990514044233,1,0.1488449664119339,0
box_sphere_partial_overlap_medium_3,partial_overlap,163,1257,0.08160697281775685,0.07864505262640467,0.9921289369444801,101.5297483932751,0.15984854618014144,0,0.10830133722886622,0
box_sphere_partial_overlap_medium_3,partial_overlap,164,1167,0.05028120678127513,0.037277632920706814,0.946321032054544,81.49280424184438,0.09531007980442975,0,0.11677806878292302,0
box_sphere_partial_overlap_medium_3,partial_overlap,165,1571,0.05257152467330067,0.041423982359785304,0.2600536223969007,36.655947238713686,0.03123129979324803,0,0.15037685835441197,0
box_sphere_partial_overlap_medium_3,partial_overlap,166,3383,0.09985733729669483,0.09964598674634292,0.9994209737095147,84.55819413091925,0.3421698327363837,1,0.11311756398981754,0
box_sphere_partial_overlap_medium_3,partial_overlap,175,211,0.11511119176011639,0.11007701141955373,0.9971840396105658,65.5672503747941,-0.2112147734926177,1,0.13229128579641516,0
box_sphere_partial_overlap_medium_3,partial_overlap,176,1314,0.1136480769320031,0.11318709030024482,0.9460925878124875,98.64775142713926,0.1057813634436778,0,0.07671486971337894,1
box_sphere_partial_overlap_medium_3,partial_overlap,177,2597,0.09272301325390254,0.08982349973115275,0.9956358536581539,83.10714974830258,0.1057813634436778,1,0.07611636928056123,1
box_sphere_partial_overlap_medium_3,partial_overlap,180,1318,0.04462721369131205,0.0406379245624272,0.7443358590016174,76.80309807892081,0.005698015162262853,1,0.13246181495613452,0
box_sphere_partial_overlap_medium_3,partial_overlap,182,3013,0.10593348013186418,0.10155406327792366,0.998170293636244,82.42916451755302,-0.372955397176227,0,0.12676477540322817,0
box_sphere_partial_overlap_medium_3,partial_overlap,183,2141,0.04935112968436284,0.026606261110616813,0.9470752849988644,127.56073023790401,0.0,0,0.1717265941828706,0
box_sphere_partial_overlap_medium_3,partial_overlap,188,2332,0.10237081936096896,0.09414872318746063,0.9971892420071871,105.80758481545662,0.12348093507801945,1,0.09847261987409664,0
box_sphere_partial_overlap_medium_3,partial_overlap,189,1901,0.09058928416839523,0.08003840535798817,0.936419537244377,55.39953067103727,0.10396814809475163,0,0.16832024188705016,0
box_sphere_partial_overlap_medium_3,partial_overlap,191,1307,0.054570957156733185,0.05440578621024912,0.9983363087381156,132.22741241094047,-0.07653998501718201,0,0.15368630885365966,0
box_sphere_partial_overlap_medium_3,partial_overlap,192,1517,0.09387003249614166,0.090202897433,0.997864372375283,108.96685572138463,-0.12783324107523536,1,0.11392096240426068,0
box_sphere_partial_overlap_medium_3,partial_overlap,193,1112,0.09641140339935667,0.09345804410632497,0.9980765058446411,107.01822850016832,-0.08701129365637626,0,0.07485030034134048,1
box_sphere_partial_overlap_medium_3,partial_overlap,194,1574,0.10015297361048046,0.09846828951391372,0.9986750524558893,99.89003089380844,0.13453075449621038,0,0.13040774623216822,0
box_sphere_partial_overlap_medium_3,partial_overlap,195,2396,0.08880735530889361,0.07972507311091886,0.996732523971015,168.48489325127844,-0.12783324651000713,0,0.11541444862391562,0
box_sphere_partial_overlap_medium_3,partial_overlap,197,1304,0.09862307074042652,0.0985668537830164,0.9976133078543293,123.14181923906108,0.15984852038654465,1,0.09705729560304845,0
box_sphere_partial_overlap_medium_3,partial_overlap,199,632,0.11180637144119698,0.10799692071882105,0.981363863120211,106.84120555685958,0.09531007980442975,0,0.07399166734959665,1
box_sphere_partial_overlap_medium_3,partial_overlap,200,3367,0.09127989235456921,0.0878308329358049,0.9994766618311393,84.65671346923283,-0.027749880371487037,0,0.09071261859867584,0
box_sphere_partial_overlap_medium_3,partial_overlap,201,2328,0.11807987547002576,0.11401723197007292,0.9980367152306546,77.41113880641734,0.27763144030230136,0,0.11281134819273245,0
box_sphere_partial_overlap_medium_3,partial_overlap,202,1068,0.08960551965602444,0.08685182328799006,0.999034681654491,63.987955768688195,0.06140857353099098,1,0.07448345253640408,1
box_sphere_partial_overlap_medium_3,partial_overlap,203,2286,0.08544263749058466,0.07416271939972321,0.9641874819342279,49.31742114301234,-0.08861257681821721,1,0.11417120324126057,0
box_sphere_partial_overlap_medium_3,partial_overlap,205,2440,0.1032516866886012,0.07715859514319352,0.9984544232789556,108.13878771173795,-0.04082195285363091,0,0.1493498108857179,0
box_sphere_partial_overlap_medium_3,partial_overlap,206,3300,0.03686069241934067,0.025247097300414953,0.43017070924438566,59.36710569658275,0.026317284507871304,1,0.15018734202715428,0
box_sphere_partial_overlap_medium_3,partial_overlap,207,2100,0.10149395783586346,0.0938564621877689,0.9987930480803889,132.45551991059213,-0.0813132671305002,0,0.08543584222107262,0
box_sphere_partial_overlap_medium_3,partial_overlap,209,2579,0.10974687901350584,0.10524410904245789,0.9988040861634654,54.734396757456665,0.06322179431468887,0,0.08045198325220707,0
box_sphere_partial_overlap_medium_3,partial_overlap,210,1740,0.10306731656019495,0.0995619399150815,0.9886631140492541,81.47333211631688,-0.17662333329859697,0,0.04709534664991,1
box_sphere_partial_overlap_medium_3,partial_overlap,211,3380,0.08991843885834884,0.08672951713825253,0.9101805736832983,125.65623696086168,-0.317075088102691,0,0.10949207620638034,0
box_sphere_partial_overlap_medium_3,partial_overlap,213,2658,0.04968276502099375,0.017947696695909274,0.8011635601180704,82.35786666796169,-0.010050326594250552,1,0.14326193062845555,0
box_sphere_partial_overlap_medium_3,partial_overlap,214,2427,0.10099933640356303,0.08399364130735965,0.9743065955890565,113.91719222395538,0.2437299469917969,0,0.11384087878147248,0
box_sphere_partial_overlap_medium_3,partial_overlap,215,2019,0.09367932969388544,0.091972175502977,0.9986459108000529,69.14014344033632,0.13453075449621038,1,0.06348484320891858,1
box_sphere_partial_overlap_medium_3,partial_overlap,216,584,0.09986433366947199,0.09871713664541532,0.9984784816195704,82.64097781635765,-0.12783323514639403,0,0.1311557601256763,0
box_sphere_partial_overlap_medium_3,partial_overlap,217,3375,0.10228834401229223,0.09641475561169467,0.9995809283557954,100.8508390147729,-0.17435319666879587,0,0.11099193658278743,0
box_sphere_partial_overlap_medium_3,partial_overlap,218,1743,0.10645389441726463,0.10544806495091563,0.9991247511194922,104.8123467140413,0.32892470642474947,0,0.1282275454941348,0
box_sphere_partial_overlap_medium_3,partial_overlap,219,1720,0.07638954212704209,0.06808938003524215,0.9990884875571977,194.85333036856815,-0.027749880371487037,0,0.06012478051245564,1
box_sphere_partial_overlap_medium_3,partial_overlap,220,384,0.11578842637488199,0.11534399961537001,0.9803432456011674,66.31334138719158,-0.050872284447872104,0,0.07008069821240372,1
box_sphere_partial_overlap_medium_3,partial_overlap,221,2084,0.09343735299819583,0.08659729717400694,0.9980541267391905,23.680039760056548,0.03250924796951011,1,0.09248552992854561,0
box_sphere_partial_overlap_medium_3,partial_overlap,222,2440,0.10478650378657565,0.07285595228553478,0.9984454432946951,108.88298146197816,-0.08338152198261987,0,0.15316818763839854,0
box_sphere_partial_overlap_medium_3,partial_overlap,223,766,0.09392171215150638,0.09343447692714144,0.9972354658678655,79.04938970615095,0.03250924796951011,0,0.12448899192913646,0
box_sphere_partial_overlap_medium_3,partial_overlap,225,1205,0.09500220522690453,0.09159780608102946,0.9170147906083526,68.19750992079616,-0.005231044400834855,0,0.0695629141816956,1
box_sphere_partial_overlap_medium_3,partial_overlap,226,1119,0.07823206235153214,0.07471258138176191,0.5742306945857443,89.29167012547629,-0.19929216818693443,0,0.16279502991038478,0
box_sphere_partial_overlap_medium_3,partial_overlap,228,2699,0.10259102504300524,0.10159470717468337,0.999673289413185,96.58959013264642,-0.2188049157614113,0,0.13191075135393202,0
box_sphere_partial_overlap_medium_3,partial_overlap,229,1641,0.07676550580446478,0.07216223644375207,0.32186562640510613,75.6585881288481,0.026317284507871304,0,0.1741245847747072,0
box_sphere_partial_overlap_medium_3,partial_overlap,230,2743,0.0536520616107902,0.047069006634155634,0.259598395194922,110.84736067331234,0.2950231834846759,0,0.17552299416364503,0
box_sphere_partial_overlap_medium_3,partial_overlap,232,2872,0.08699268366964771,0.07883260607940684,0.9269085254744363,157.43265953760823,0.09531007980442975,0,0.1496334503603879,0
box_sphere_partial_overlap_medium_3,partial_overlap,233,1994,0.09880847482806937,0.09220356929475869,0.9999734470471129,152.56244215651446,0.4475303324218963,0,0.08716242542358463,0
box_sphere_partial_overlap_medium_3,partial_overlap,234,160,0.0948517112893384,0.08326810024680895,0.952188520504578,103.25336251810447,0.2170068623311591,0,0.11785152593365006,0
box_sphere_partial_overlap_medium_3,partial_overlap,236,342,0.11021655467093638,0.10796521288642509,0.9988819823654995,98.03027836809966,-0.28817574944361596,0,0.09924046550552762,0
box_sphere_partial_overlap_medium_3,partial_overlap,237,2385,0.11364966002188358,0.11159287451654412,0.9998330760275134,74.34015732897896,0.0857406427076745,0,0.09848522951093011,0
box_sphere_partial_overlap_medium_3,partial_overlap,238,63,0.08932648721168127,0.07436869293723632,0.8082998360712325,74.58283903915833,0.44015020531223076,0,0.09828878565248565,0
box_sphere_partial_overlap_medium_3,partial_overlap,239,2532,0.056613123978711315,0.046237983591939646,0.9758042572513774,123.5060172374526,0.37115739334903747,0,0.11004774677854992,0
box_sphere_partial_overlap_medium_3,partial_overlap,242,150,0.10743602630565638,0.10350115416791761,0.9986181900667169,138.23591499644877,0.4317819342832273,0,0.0644021924014429,1
box_sphere_partial_overlap_medium_3,partial_overlap,243,753,0.0384589864137009,0.004210607639513331,0.7847762150693349,78.71717484677147,0.17327162667949406,0,0.10075976109968282,0
box_sphere_partial_overlap_medium_3,partial_overlap,246,2821,0.033525092874765905,0.019382501827937347,0.8075291285266464,115.05498597447179,0.0,1,0.1436390611153167,0
box_sphere_partial_overlap_medium_3,partial_overlap,250,3350,0.08870385187225685,0.08520745953770559,0.9991359098224901,61.301563815585354,0.44015020531223076,1,0.08320296519290003,0
box_sphere_partial_overlap_medium_3,partial_overlap,251,1760,0.09109103464580216,0.08071765230702625,0.9100679717684516,135.09691812999765,-0.005231044400834855,0,0.10688273349664676,0
box_sphere_partial_overlap_medium_3,partial_overlap,252,1801,0.06476303835975306,0.06305114499333166,0.4443596682209284,76.76622069991126,0.08838967278355257,0,0.13360468974075154,0
box_sphere_partial_overlap_medium_3,partial_overlap,253,255,0.07178076898193932,0.06241011299067927,0.9992387125049731,91.74245795067942,0.02631727657137979,1,0.11268555368318313,0
box_sphere_partial_overlap_medium_3,partial_overlap,254,2057,0.08114154236084521,0.07691727223360324,0.9997623855621156,116.77211578213767,-0.3901972321316452,1,0.11960849038320247,0
box_sphere_partial_overlap_medium_3,partial_overlap,256,1265,0.0830242963752072,0.08217873435108669,0.8688986611669764,107.39456018849991,0.2086386579686774,0,0.10677404623094763,0
box_sphere_partial_overlap_medium_3,partial_overlap,259,1129,0.11189865985253944,0.10998801303380766,0.9984693012410271,126.79801175306832,-0.3285036780836116,0,0.11784830209885523,0
box_sphere_partial_overlap_medium_3,partial_overlap,260,2680,0.12053034017264012,0.1194324224871132,0.9639417277662117,39.37039385253278,0.020586615677369458,0,0.04706084844388881,1
box_sphere_partial_overlap_medium_3,partial_overlap,261,840,0.089411616039117,0.08836503989982078,0.6112275108607818,165.38963733813878,-0.35097655282448864,0,0.1360984794281022,0
box_sphere_partial_overlap_medium_3,partial_overlap,264,628,0.0957746133566019,0.09106684782042287,0.9999970543546539,125.10895456188817,-0.12783321361534336,1,0.08855090778554406,0
box_sphere_partial_overlap_medium_3,partial_overlap,266,2761,0.09909567726071626,0.09734603067005802,0.9992143712037019,74.72631031486378,-0.08527367194624638,1,0.12400496778162447,0
box_sphere_partial_overlap_medium_3,partial_overlap,268,1122,0.09222611112687958,0.08852163739414605,0.9989513598674092,148.96455482907854,0.18582399098908933,1,0.14259132773863553,0
box_sphere_partial_overlap_medium_3,partial_overlap,269,188,0.1111788766275867,0.1038007237481906,0.9988490821990451,140.15138532182505,0.24685985918172057,0,0.12089121757452102,0
box_sphere_partial_overlap_medium_3,partial_overlap,272,483,0.03555989777192715,0.023992857542235464,0.48422343427790193,47.62448207919371,0.1026902075813119,1,0.1312535024217555,0
box_sphere_partial_overlap_medium_3,partial_overlap,273,111,0.05006613007406503,0.03441615106713356,0.4719523599467302,27.47487822392725,0.2776314699318705,0,0.17422592495925648,0
box_sphere_partial_overlap_medium_3,partial_overlap,274,2126,0.086411883583623,0.07546794214000757,0.9666791814751086,88.30886325729531,-0.7409368379874661,0,0.06545533546256374,1
box_sphere_partial_overlap_medium_3,partial_overlap,277,2034,0.05870984523232229,0.046358375150460394,0.9997057366916503,95.77100367590023,-0.44149046072980663,0,0.11764196236017685,0
box_sphere_partial_overlap_medium_3,partial_overlap,278,3041,0.08642259213230784,0.08540800910553989,0.9989785626673648,73.24006441933673,0.05448813861744295,0,0.08439837955193089,0
box_sphere_partial_overlap_medium_3,partial_overlap,280,1542,0.08676570928931922,0.07815471418992945,0.9775302921184078,140.60357723647948,0.40624868237215717,0,0.11314876360557069,0
box_sphere_partial_overlap_medium_3,partial_overlap,281,2925,0.08390727337523697,0.08022791457696174,0.9985755682921407,86.28043804192939,0.31042126587316304,1,0.08885879730114088,0
box_sphere_partial_overlap_medium_3,partial_overlap,285,2030,0.08474425590561185,0.08116229300920128,0.999839803790108,162.47093204602535,0.0953100964710644,1,0.09893896685747988,0
box_sphere_partial_overlap_medium_3,partial_overlap,286,3052,0.11352796406180463,0.1072247971763161,0.9884652614952937,70.17971374759948,-0.0813132671305002,0,0.1441661413278609,0
box_sphere_partial_overlap_medium_3,partial_overlap,288,3381,0.08592608879247807,0.08385275034325601,0.9993559923291006,139.05820531622624,0.3686030303326005,0,0.058111563160335014,1
box_sphere_partial_overlap_medium_3,partial_overlap,289,2235,0.038900653600388004,0.007991555737652097,0.4564467423927402,28.66600054883022,0.06887685907163212,1,0.12289781545308444,0
box_sphere_partial_overlap_medium_3,partial_overlap,291,1719,0.050113996844970476,0.04621443822430815,0.9549848110549444,166.56307941073814,0.22884135814333462,1,0.1647688712613935,0
box_sphere_partial_overlap_medium_3,partial_overlap,292,2866,0.10863377037911888,0.10562137760564484,0.9688496839357926,69.09338807687888,0.15984854618014144,1,0.057653161112221775,1
box_sphere_partial_overlap_medium_3,partial_overlap,293,753,0.029485768722379804,0.025791305748363892,0.7823727928402381,81.87973711734294,0.08989006121868107,1,0.14099083474868618,0
box_sphere_partial_overlap_medium_3,partial_overlap,295,3002,0.1247100987496609,0.11706006808337698,0.9431418910764031,146.10576759072072,0.2776314699318705,0,0.11299713755529354,0
box_sphere_partial_overlap_medium_3,partial_overlap,296,903,0.09044783560529349,0.0796791986008621,0.9987571102826939,104.29387134078453,-0.005231044400834855,0,0.1481272554627119,0
box_sphere_partial_overlap_medium_3,partial_overlap,297,2723,0.12132697039275638,0.10876980803514225,0.9815394402844837,41.974865841167855,0.0,0,0.09345434562277301,0
box_sphere_partial_overlap_medium_3,partial_overlap,298,2674,0.0475392663251841,0.027993586597603065,0.2793779620640802,31.74999067443238,-0.08861257681821721,1,0.15579213327987496,0
box_sphere_partial_overlap_medium_3,partial_overlap,299,1263,0.11601838784291224,0.11231004048010243,0.8172094691882111,162.4316223410808,0.19062020051787387,0,0.13096274607301436,0
box_sphere_partial_overlap_medium_3,partial_overlap,300,2483,0.1265340926273709,0.12208295416358278,0.9982564028466132,45.527519450267974,0.03922067469178058,0,0.009645548716533187,1
box_sphere_partial_overlap_medium_3,partial_overlap,301,1114,0.10049116957597137,0.09375925715321981,0.9704374293857727,98.97282355416026,0.20240814008910527,1,0.09761341615993002,0
box_sphere_partial_overlap_medium_3,partial_overlap,302,2664,0.10004738407899047,0.09702043200046657,0.9534851598549825,82.98497874503856,-0.16062307067705733,0,0.055613760495345256,1
box_sphere_partial_overlap_medium_3,partial_overlap,304,3101,0.07315761829583729,0.06438240503529313,0.8532794357632201,88.67157906704531,0.05448813861744295,0,0.07575021982992705,1
box_sphere_partial_overlap_medium_3,partial_overlap,306,962,0.10666648112420639,0.097465486372336,0.9975091324786831,87.83386289044643,-0.12783321361534336,0,0.0889453273074425,0
box_sphere_partial_overlap_medium_3,partial_overlap,307,1234,0.0731772839092066,0.07144404704329968,0.21794455691174575,90.08604629186667,0.2223689164277192,0,0.17195200237903038,0
box_sphere_partial_overlap_medium_3,partial_overlap,308,1345,0.03451402537340147,0.011902561405566421,0.16634876357959488,60.590555302302135,0.07696096706212563,0,0.16517226633370452,0
box_sphere_partial_overlap_medium_3,partial_overlap,309,3299,0.058885444926672,0.05608531210777346,0.9976111983225655,156.02017141148656,0.22356428335943443,1,0.10220139332129116,0
box_sphere_partial_overlap_medium_3,partial_overlap,310,1176,0.1126289166787829,0.10803959406994357,0.9990645205462838,72.0780635620421,-0.027749880371487037,0,0.09942811416369012,0
box_sphere_partial_overlap_medium_3,partial_overlap,313,1544,0.12308978194989344,0.10137110051171179,0.877974091539967,107.47922069129957,0.3139990514044233,0,0.06302042164891805,1
box_sphere_partial_overlap_medium_3,partial_overlap,314,275,0.11354756454516544,0.11014458525517623,0.9986091395166676,91.66426762343211,0.05448812695079888,0,0.11533019256486289,0
box_sphere_partial_overlap_medium_3,partial_overlap,315,598,0.12711874565469644,0.125057074225668,0.9974966963958765,182.38786233123787,-0.12783323514639403,0,0.12565432433150506,0
box_sphere_partial_overlap_medium_3,partial_overlap,318,1313,0.11316539954277421,0.10589174397811078,0.999871437383323,127.652001775615,-0.20787588367078538,0,0.13405295077552212,0
box_sphere_partial_overlap_medium_3,partial_overlap,320,2074,0.07715519731661395,0.06788157900338401,0.9173455470115405,115.08298644435105,0.10396814809475163,1,0.12674110571840794,0
box_sphere_partial_overlap_medium_3,partial_overlap,321,2249,0.10551477709907965,0.10275101228324401,0.9969960817180127,159.29247647174844,0.06887685907163212,0,0.07901618113426577,1
box_sphere_partial_overlap_medium_3,partial_overlap,322,1943,0.08484764189066862,0.08396331105327819,0.9935125548713558,57.172683077942224,0.2950231834846759,1,0.1196336138489075,0
box_sphere_partial_overlap_medium_3,partial_overlap,324,781,0.11072406066955776,0.10762906851940751,0.9990590358133671,76.015332964749,0.0953100964710644,0,0.06589802272416347,1
box_sphere_partial_overlap_medium_3,partial_overlap,326,1059,0.1100458055418569,0.10585380659910848,0.9561234720605131,96.57834629589857,0.1057813634436778,0,0.0745488331142105,1
box_sphere_partial_overlap_medium_3,partial_overlap,328,2514,0.07052075538767141,0.06910406056905016,0.20269939370219464,96.82555475981337,-0.65392554433109,0,0.15105989201793024,0
box_sphere_partial_overlap_medium_3,partial_overlap,329,723,0.10127992476861156,0.09991127962276034,0.9991408333787486,116.82608265248278,0.1466033162973087,0,0.06510938170082542,1
box_sphere_partial_overlap_medium_3,partial_overlap,330,463,0.09171353552858913,0.09038636656320953,0.9980143846810865,74.04762016796249,-0.3285036780836116,1,0.09431603150559303,0
box_sphere_partial_overlap_medium_3,partial_overlap,331,160,0.03843295682232994,0.01698778690631678,0.8624381091401021,99.27219820013003,0.37115739334903747,1,0.16374621382894491,0
box_sphere_partial_overlap_medium_3,partial_overlap,332,1152,0.11225451107365617,0.1081060945543692,0.9983657862927314,138.62019112462292,-0.12783324651000713,0,0.060851613966860126,1
box_sphere_partial_overlap_medium_3,partial_overlap,335,3148,0.08578790102736898,0.08535419431257633,0.9982922990296004,113.48620949880042,-0.005231044400834855,1,0.10449096128259713,0
box_sphere_partial_overlap_medium_3,partial_overlap,338,1579,0.11515992233688634,0.10883312590272563,0.999685858550346,122.24838905882058,-0.036861553966726024,0,0.131759738227126,0
box_sphere_partial_overlap_medium_3,partial_overlap,339,231,0.09552564393205419,0.09344347920173057,0.9242493214218485,163.22462756520403,0.1133285781642475,1,0.12647133588139683,0
box_sphere_partial_overlap_medium_3,partial_overlap,340,1793,0.10174068407156843,0.10133149103640518,0.9979161631170294,67.05772861318931,-0.0813132671305002,1,0.10847555447770012,0
box_sphere_partial_overlap_medium_3,partial_overlap,341,2329,0.08914651884371369,0.08594841541048792,0.999079583177563,126.8496713679202,0.0857406427076745,0,0.0929458310130682,0
box_sphere_partial_overlap_medium_3,partial_overlap,342,3345,0.09162621227114438,0.08429085856678914,0.9989766631633857,78.30557003981075,0.034685513870299174,1,0.06414723003650252,1
box_sphere_partial_overlap_medium_3,partial_overlap,343,12,0.06918693358189992,0.06737587596783334,0.9983100249023616,155.64738789645295,-0.17435319666879587,1,0.12943549087708298,0
box_sphere_partial_overlap_medium_3,partial_overlap,345,1056,0.09587764902819455,0.09259904128449692,0.9996373333471598,71.86112201605711,0.0,1,0.09043034488719735,0
box_sphere_partial_overlap_medium_3,partial_overlap,346,2432,0.05220682839096252,0.010111811469085817,0.15258131342446649,78.0565027716956,0.04651996801589379,0,0.17614358395914828,0
box_sphere_partial_overlap_medium_3,partial_overlap,347,3263,0.1490168189065349,0.14562499575988247,0.9889503902081502,122.57334998137434,0.12348093507801945,0,0.008282545326348178,1
box_sphere_partial_overlap_medium_3,partial_overlap,349,3007,0.11579538557229978,0.108939628573954,0.9510585910116577,89.12299623014646,0.2950231834846759,0,0.06479387382569958,1
box_sphere_partial_overlap_medium_3,partial_overlap,353,539,0.10612177043731633,0.07614902258264025,0.8001259534938576,128.5765028987554,0.02631727657137979,0,0.13830521042488536,0
box_sphere_partial_overlap_medium_3,partial_overlap,354,2680,0.09076613920360553,0.0773797138274898,0.8237114363102396,83.76097686400112,0.11902660767172277,0,0.08810686238896762,0
box_sphere_partial_overlap_medium_3,partial_overlap,355,2605,0.04042784735287036,0.022192446180078033,0.9975653803213701,105.70058324501278,-0.07653998501718201,1,0.13321878798280223,0
box_sphere_partial_overlap_medium_3,partial_overlap,356,1950,0.08869667708607538,0.08496558862026839,0.9992076379368334,148.31627434223515,-0.07376605667247647,1,0.10099614373078443,0
box_sphere_partial_overlap_medium_3,partial_overlap,357,300,0.1306437467679685,0.12792947732360363,0.9678600801161577,43.55182846555175,0.17227104686655548,0,0.016438455094959798,1
box_sphere_partial_overlap_medium_3,partial_overlap,358,419,0.05743934103754686,0.011688406327095294,0.5303870359730128,68.45367128583173,-0.2112147734926177,1,0.10845407198557944,0
box_sphere_partial_overlap_medium_3,partial_overlap,359,1009,0.03734119158907782,0.03235393838825616,0.9987349893835492,90.09355468698004,0.05448812695079888,1,0.16009158290325176,0
box_sphere_partial_overlap_medium_3,partial_overlap,360,2062,0.07877082010548357,0.07829762403641113,0.9887066381054392,87.37484019020991,0.25993189446155635,1,0.1052474168136333,0
box_sphere_partial_overlap_medium_3,partial_overlap,361,1544,0.13974679296612727,0.12958227782493964,0.9500132146644931,60.88709231721991,0.15984852038654465,0,0.023443997083930117,1
box_sphere_partial_overlap_medium_3,partial_overlap,362,2799,0.09189034069203487,0.09110798792172761,0.997314884109503,96.81376854795313,-0.027749880371487037,1,0.07595688489249619,1
box_sphere_partial_overlap_medium_3,partial_overlap,364,3041,0.09281762641846451,0.08922766313321928,0.9994077092917141,89.65250019695505,0.08727793455873539,0,0.11998104086988332,0
box_sphere_partial_overlap_medium_3,partial_overlap,366,2748,0.051243290084784884,0.02504071345895645,0.9000906483871555,79.94125388004554,-0.310154594970867,0,0.15007868999233806,0
box_sphere_partial_overlap_medium_3,partial_overlap,368,1363,0.10459433537528241,0.10270046943947755,0.9988279136698581,74.21110366601204,-0.07653998501718201,0,0.10735287125355936,0
box_sphere_partial_overlap_medium_3,partial_overlap,369,1743,0.10246103541626035,0.10232915713628432,0.999728933742641,96.27334111705325,0.2950231834846759,0,0.11437265426283805,0
box_sphere_partial_overlap_medium_3,partial_overlap,374,1025,0.09476469601794119,0.09246593924844965,0.9322932874779978,106.50309197491808,0.01526745931028635,1,0.10774151737594298,0
box_sphere_partial_overlap_medium_3,partial_overlap,376,1901,0.05762223464157361,0.0395388456714178,0.8875144073898259,71.78924209506937,0.23317977508163468,0,0.18034659177440826,0
box_sphere_partial_overlap_medium_3,partial_overlap,378,379,0.12796492975445545,0.12634842465002646,0.9938453701437493,21.710338788282268,-0.04779061896459558,0,0.09126808271834139,0
box_sphere_partial_overlap_medium_3,partial_overlap,379,975,0.0440609220465706,0.029384670734722205,0.6088601873081159,119.95361048133657,0.2170068623311591,1,0.16347316713313734,0
box_sphere_partial_overlap_medium_3,partial_overlap,382,1592,0.09267320108275548,0.090751765439293,0.9987668598404946,58.68292027100398,-0.01660771472786216,1,0.09348838788392262,0
box_sphere_partial_overlap_medium_3,partial_overlap,387,1712,0.062345762454215504,0.04609998690775218,0.9964705751254427,95.46014651388815,-0.07904311686436603,0,0.1961171605375595,0
box_sphere_partial_overlap_medium_3,partial_overlap,388,745,0.042778258471913785,0.0010199818781353454,0.4747877511886034,38.91364060817039,-0.018634063629787288,0,0.1563476948127736,0
box_sphere_partial_overlap_medium_3,partial_overlap,390,1445,0.10715714360696293,0.1055866146854225,0.9996822377110129,141.58782583532437,-0.2112147734926177,0,0.13456872410785375,0
box_sphere_partial_overlap_medium_3,partial_overlap,391,120,0.11732706200376433,0.11433405665113162,0.9391290872758532,174.7132521446394,-0.036861553966726024,0,0.13565306668924684,0
box_sphere_partial_overlap_medium_3,partial_overlap,392,1928,0.11981720682145142,0.11670817152485828,0.9983999966878113,102.50111533981004,-0.0813132671305002,0,0.08881839432090441,0
box_sphere_partial_overlap_medium_3,partial_overlap,395,1313,0.09618576990591603,0.0954997847126105,0.9997375873937289,127.57536458554966,-0.018634063629787288,0,0.12795731000819652,0
box_sphere_partial_overlap_medium_3,partial_overlap,396,2223,0.11050132303054527,0.10443350689479552,0.9984815364642854,110.43504702248971,-0.17228495423900955,0,0.1545409763470672,0
box_sphere_partial_overlap_medium_3,partial_overlap,398,2232,0.09197480403060347,0.09148772305721477,0.9970223628410871,99.58001588807521,0.3829917855900146,1,0.07411525602509306,1
box_sphere_partial_overlap_medium_3,partial_overlap,401,1636,0.05745101437770885,0.05738857179919032,0.07529443418882412,53.90249592487094,-0.12783323514639403,0,0.2038063171980478,0
box_sphere_partial_overlap_medium_3,partial_overlap,402,500,0.11333528123613026,0.11104948262149536,0.9979588967318799,100.39542076723315,-0.3614478235690284,0,0.1402474666786378,0
box_sphere_partial_overlap_medium_3,partial_overlap,403,40,0.09710489681712815,0.09686009954655675,0.9996081094520013,85.87188920762895,0.15984854618014144,0,0.09934363489118017,0
box_sphere_partial_overlap_medium_3,partial_overlap,405,571,0.11940543396612291,0.11577875053717515,0.9643522418618313,86.26754229120002,0.04805725525157872,0,0.0786061628748994,1
box_sphere_partial_overlap_medium_3,partial_overlap,406,2367,0.11739524513272806,0.11269729405653521,0.9967356956271272,121.32349102645601,-0.04082195285363091,0,0.13435895687296506,0
box_sphere_partial_overlap_medium_3,partial_overlap,407,286,0.08883374738045118,0.0841627843571521,0.9996618756498294,114.17877641689353,-0.29035193041990065,0,0.06814943372054248,1
box_sphere_partial_overlap_medium_3,partial_overlap,411,2725,0.059371306117284896,0.05914464727323607,0.9999187459727957,155.6264905494907,-0.03252315534196425,0,0.1394988897862138,0
box_sphere_partial_overlap_medium_3,partial_overlap,412,78,0.08756954608209888,0.08714469677193849,0.9981756005726267,82.17777047982115,-0.07653998501718201,1,0.08694549354736276,0
box_sphere_partial_overlap_medium_3,partial_overlap,413,1113,0.07567462836036305,0.06502285625049159,0.7399418209103211,107.07115660973061,0.38299186336761637,0,0.12860250170777218,0
box_sphere_partial_overlap_medium_3,partial_overlap,414,777,0.10540881638897431,0.10232146975388787,0.9982592191177496,92.28477579582653,-0.04082195285363091,0,0.11892640079859372,0
box_sphere_partial_overlap_medium_3,partial_overlap,415,867,0.022191091622261662,0.020104688548180934,0.8587969238918536,44.11933008427063,0.2551587155948133,1,0.1273467054040576,0
box_sphere_partial_overlap_medium_3,partial_overlap,420,475,0.060012521583718316,0.03622534150188784,0.9314454882702952,69.33994033599362,-0.22791656189675827,0,0.16170096577012433,0
box_sphere_partial_overlap_medium_3,partial_overlap,422,2828,0.10126092358673704,0.10114369327098367,0.9986001160916097,75.41635160627779,-0.005231044400834855,0,0.0766537311121707,1
box_sphere_partial_overlap_medium_3,partial_overlap,423,2741,0.0843898814052379,0.07770641222541715,0.9993470822411614,78.5420285677725,0.2086386579686774,0,0.09291469737007989,0
box_sphere_partial_overlap_medium_3,partial_overlap,424,883,0.1076099967303514,0.10647098449896791,0.9995068309072468,70.67628231903984,0.14043050422515357,0,0.085761590948885,0
box_sphere_partial_overlap_medium_3,partial_overlap,425,777,0.10392249019182682,0.10365065109529466,0.9988125497484442,104.81643606080189,-0.04082195285363091,0,0.09612637572182076,0
box_sphere_partial_overlap_medium_3,partial_overlap,426,1750,0.028463249021962907,6.382604707691995e-05,0.8869200257105374,53.97076020298073,-0.1866737425285787,1,0.16580223433784635,0
box_sphere_partial_overlap_medium_3,partial_overlap,428,2577,0.11390479448667286,0.11142945966858302,0.9986473735392267,90.77683212050054,0.11728895125755574,0,0.06665084675828135,1
box_sphere_partial_overlap_medium_3,partial_overlap,429,2448,0.08630631236555161,0.08418225472665053,0.9867522623392051,156.1787502996734,0.23507183413635993,0,0.09513262776487073,0
box_sphere_partial_overlap_medium_3,partial_overlap,438,704,0.10209365965354067,0.09919311832925701,0.9786141558806988,85.62698358519833,-0.17662333329859697,0,0.06482178370476757,1
box_sphere_partial_overlap_medium_3,partial_overlap,440,1041,0.11093878197279103,0.10263164100016374,0.9996991521133032,72.07079991648476,0.3576740308107603,0,0.1087875157218649,0
box_sphere_partial_overlap_medium_3,partial_overlap,443,458,0.05002607501687036,0.04352697278287959,0.9839429796265359,133.14179919000907,0.25782881518479,0,0.14939664363849595,0
box_sphere_partial_overlap_medium_3,partial_overlap,444,574,0.08907936103770045,0.08838627617913239,0.9989931349068303,112.59753394451054,-0.04445171909261546,1,0.11874918861895395,0
box_sphere_partial_overlap_medium_3,partial_overlap,445,1738,0.09081632874074928,0.08758776079448466,0.9996811380344339,94.31913662720561,0.09531007980442975,1,0.09218683473192275,0
box_sphere_partial_overlap_medium_3,partial_overlap,447,1738,0.09962075775488477,0.0932461154951682,0.9992222792092172,91.82766638696214,-0.1278332215100611,0,0.08678506857185457,0
box_sphere_partial_overlap_medium_3,partial_overlap,448,1387,0.08346589859530959,0.08328897828385792,0.983301217776453,104.3156743016662,-0.33262746260739023,1,0.10394156604954574,0
box_sphere_partial_overlap_medium_3,partial_overlap,449,2071,0.09049024184540055,0.08591529448073883,0.9976603329244657,46.51664105861282,-0.17435319666879587,0,0.07614228388277208,1
box_sphere_partial_overlap_medium_3,partial_overlap,450,1743,0.10154790805196325,0.09994348714822998,0.9998919731812267,99.08164024026948,0.361714502366042,1,0.10998741994690032,0
box_sphere_partial_overlap_medium_3,partial_overlap,452,3004,0.10665508212423065,0.10116460638944297,0.9986730433894092,115.55130716136553,-0.07904311686436603,0,0.04579759038432796,1
box_sphere_partial_overlap_medium_3,partial_overlap,456,1716,0.10280634259734749,0.098309173729597,0.9990086037189772,103.45727285108983,0.10855525567736254,0,0.0975757712833414,0
box_sphere_partial_overlap_medium_3,partial_overlap,458,1515,0.12694029254722922,0.11515886391250632,0.9978387072995744,104.48357143485396,0.03922067469178058,0,0.03201137159162633,1
box_sphere_partial_overlap_medium_3,partial_overlap,460,3002,0.11364154203082404,0.10328952928179572,0.9549622647025333,145.70134560731952,0.2776314699318705,0,0.09342916476070938,0
box_sphere_partial_overlap_medium_3,partial_overlap,461,645,0.06420130394079497,0.060545520639453836,0.9401599016806784,98.28105647796778,-0.08527367194624638,1,0.11362931529240863,0
box_sphere_partial_overlap_medium_3,partial_overlap,462,1219,0.07973200384927466,0.07049886724347214,0.9250923182593974,96.09503714975202,-0.20787588367078538,0,0.0992846345415873,0
box_sphere_partial_overlap_medium_3,partial_overlap,463,1518,0.06333555062015671,0.057102536011162046,0.9514138252839943,68.12123450370662,0.6166065705433491,0,0.1407359927096314,0
box_sphere_partial_overlap_medium_3,partial_overlap,466,1757,0.10344632973621799,0.10180242196017175,0.9971734959186417,117.25857409106095,0.40624868237215717,0,0.09254638302378097,0
box_sphere_partial_overlap_medium_3,partial_overlap,467,160,0.05571000628246847,0.0510730008350896,0.8453306675099284,108.08831669098653,0.17444729320217015,0,0.13361486007404275,0
box_sphere_partial_overlap_medium_3,partial_overlap,468,1101,0.11867479317814043,0.11160819121313685,0.9726338476152346,87.79105815286205,0.14979824266425243,0,0.056983618854088446,1
box_sphere_partial_overlap_medium_3,partial_overlap,470,635,0.039785817191118955,0.028029849550241126,0.8799526742959597,120.74228458719236,0.26163115408462706,1,0.1281609430488985,0
box_sphere_partial_overlap_medium_3,partial_overlap,472,2184,0.06379310971332058,0.0577372299114787,0.9998884183802691,170.48875566866,-0.43321439324244176,0,0.14422068594606435,0
box_sphere_partial_overlap_medium_3,partial_overlap,473,233,0.08677218854151687,0.08574421008691321,0.9973731884965762,67.43794592951647,-0.3856620102243305,1,0.1173397138124134,0
box_sphere_partial_overlap_medium_3,partial_overlap,476,1453,0.05573914651466131,0.05153258199962718,0.9953410353220046,100.71658606604325,-0.33914204220843663,0,0.1474023257624589,0
box_sphere_partial_overlap_medium_3,partial_overlap,477,1896,0.10984531528969049,0.10623424171861451,0.9997251201834,127.3763041413141,-0.17228495423900955,0,0.09622076509652508,0
box_sphere_partial_overlap_medium_3,partial_overlap,479,2017,0.08516713437634013,0.0813750623160694,0.9995469503601093,104.94540955793062,-0.04445171909261546,0,0.14236274511756586,0
box_sphere_partial_overlap_medium_3,partial_overlap,481,1316,0.13458836805468125,0.12012408957648343,0.9813096650217102,36.68575674295195,0.1057813634436778,0,0.042689327928692795,1
box_sphere_partial_overlap_medium_3,partial_overlap,482,991,0.10839413651689594,0.10068284798818156,0.9830776023839141,106.95910405548227,-0.12783324107523536,0,0.10218400055811222,0
box_sphere_partial_overlap_medium_3,partial_overlap,484,472,0.11050671276934858,0.10818867620007999,0.9445758939001232,74.3365999639042,0.22356428335943443,0,0.045204223614918944,1
box_sphere_partial_overlap_medium_3,partial_overlap,485,2342,0.029760109037140284,0.0260816265089857,0.9988809832979056,96.55268848294317,-0.04082195285363091,1,0.1351303396383088,0
box_sphere_partial_overlap_medium_3,partial_overlap,486,1803,0.09526602888403843,0.09199810131619438,0.9994431576117319,100.18332224922308,0.23989114793195632,1,0.08786925075314836,0
box_sphere_partial_overlap_medium_3,partial_overlap,489,2559,0.08217351547975263,0.08002919123149088,0.9943276784200589,144.3995097125884,0.15984852038654465,1,0.1020815538450346,0
box_sphere_partial_overlap_medium_3,partial_overlap,490,2488,0.10295493455782014,0.05791092875067122,0.87580942720321,84.86209151146983,0.34759004435935564,0,0.13211434041507178,0
box_sphere_partial_overlap_medium_3,partial_overlap,491,2206,0.1243825615911406,0.12172370799749148,0.9990434398162567,64.5209617779805,0.05448812695079888,0,0.10486478635587664,0
box_sphere_partial_overlap_medium_3,partial_overlap,493,802,0.026460808278020706,0.017512821009042497,0.9651695078596021,81.94027744036893,-0.7870780923492728,1,0.1387769745646219,0
box_sphere_partial_overlap_medium_3,partial_overlap,494,2103,0.07582701777654302,0.07524838263399372,0.9946931878694154,49.98551786258725,0.24685985918172057,1,0.1066854160723662,0
box_sphere_partial_overlap_medium_3,partial_overlap,496,1441,0.10554655662298494,0.10430466938156928,0.996119042650093,138.99443748321866,-0.04082195285363091,0,0.12549066544741422,0
box_sphere_partial_overlap_medium_3,partial_overlap,498,3018,0.10757511345912947,0.10026207738073797,0.9946559803849372,93.7931427129681,0.06322179431468887,0,0.07396630847212843,1
box_sphere_partial_overlap_medium_3,partial_overlap,501,1749,0.07074937364142311,0.06121052555747809,0.9990498745492381,104.6246368089439,-0.04445171909261546,1,0.08694075346585745,0
box_sphere_partial_overlap_medium_3,partial_overlap,503,300,0.15029358223566497,0.14352547521318304,0.9809408654044716,111.02020364212353,0.09531007980442975,0,0.05088168727299933,1
box_sphere_partial_overlap_medium_3,partial_overlap,508,2006,0.08030821069465599,0.07636567850322826,0.8643666102688965,147.19615252537216,0.03922067469178058,1,0.11153812518512662,0
box_sphere_partial_overlap_medium_3,partial_overlap,509,2118,0.08483472545418512,0.07083499910296893,0.9986564962289572,90.63921526238391,-0.04082195285363091,1,0.1321609074113262,0
box_sphere_partial_overlap_medium_3,partial_overlap,510,1347,0.08384201662135031,0.08116978524980863,0.9990985208930983,70.1132388565985,-0.03252315534196425,0,0.11083410935478459,0
box_sphere_partial_overlap_medium_3,partial_overlap,511,3109,0.04043842552346859,0.035896652938606236,0.9998930153825356,100.14398412214405,-0.036861553966726024,0,0.16574676272458355,0
box_sphere_partial_overlap_medium_3,partial_overlap,512,1408,0.07922814230844225,0.07521437800942023,0.9978130145836167,120.67757397540238,0.26163115408462706,1,0.10549167332276609,0
box_sphere_partial_overlap_medium_3,partial_overlap,514,3358,0.09861865361006297,0.09709936435141203,0.9996940469911897,102.62992669486258,0.02631727657137979,0,0.10441093882777826,0
box_sphere_partial_overlap_medium_3,partial_overlap,516,2538,0.11292174590346293,0.11261380159557602,0.9992510072013323,84.31558143635796,0.1484198671873671,0,0.11578370350225893,0
box_sphere_partial_overlap_medium_3,partial_overlap,517,3340,0.06404452804757095,0.060906914570458257,0.4454098350681746,41.553242118166345,0.07980592836456624,0,0.17934493431034765,0
box_sphere_partial_overlap_medium_3,partial_overlap,518,1306,0.11938096573834511,0.1132649792552981,0.9993080697380826,73.94225459277578,0.2006704732401757,0,0.12329721304198539,0
box_sphere_partial_overlap_medium_3,partial_overlap,520,57,0.09690022262330344,0.0938152323093725,0.9985533911938415,96.83246675925928,0.25782881518479,0,0.11250014104586879,0
box_sphere_partial_overlap_medium_3,partial_overlap,522,850,0.09844499947686186,0.09250683942896419,0.9631201383291452,84.96055403530971,0.0,1,0.05172435616959194,1
box_sphere_partial_overlap_medium_3,partial_overlap,524,3083,0.09060373177362144,0.09021542074908895,0.9988172142211057,126.60081691719263,0.12999558003839595,0,0.06989321626467199,1
box_sphere_partial_overlap_medium_3,partial_overlap,526,985,0.053014603325235166,0.04028891446400682,0.7691203597018177,99.58823575379343,-0.04779061896459558,0,0.13762927333985608,0
box_sphere_partial_overlap_medium_3,partial_overlap,529,609,0.1026468013289898,0.08779769838524265,0.9982855831538135,86.27187209308883,-0.12783322865290195,0,0.14145121683754397,0
box_sphere_partial_overlap_medium_3,partial_overlap,530,1072,0.14508808970001705,0.13598635519964442,0.9538232202513688,31.651026560272346,0.07696096706212563,0,0.08080498409319324,0
box_sphere_partial_overlap_medium_3,partial_overlap,531,302,0.0817468465080434,0.08119581616059778,0.9997904536204991,85.60265814137848,-0.07904311686436603,1,0.11856475946198838,0
box_sphere_partial_overlap_medium_3,partial_overlap,533,3360,0.08452377013768185,0.07157891135969251,0.7454864970116272,96.98047805167478,-0.20787588367078538,1,0.12530938874027994,0
box_sphere_partial_overlap_medium_3,partial_overlap,534,2105,0.08302587139758533,0.07990736988200803,0.9998934545415321,185.91583648090165,-0.3856620102243305,1,0.08112342893262024,0
box_sphere_partial_overlap_medium_3,partial_overlap,536,2870,0.052707272937998276,0.05021437389030466,0.8800735282086202,95.15769068086696,-0.036861553966726024,0,0.13427116996767843,0
box_sphere_partial_overlap_medium_3,partial_overlap,537,2810,0.08759832641386157,0.08657947919376618,0.9993222916604143,68.13574879265555,-0.08338152198261987,1,0.07427687184802934,1
box_sphere_partial_overlap_medium_3,partial_overlap,538,2905,0.13282612651272288,0.13257418371404855,0.9998813819923256,73.56254457730182,0.3347897822469157,0,0.08139915316697373,0
box_sphere_partial_overlap_medium_3,partial_overlap,539,1618,0.028102476109741516,0.026244581635873857,0.1289810696654325,48.68997941030932,-0.018634063629787288,0,0.19192560102683678,0
box_sphere_partial_overlap_medium_3,partial_overlap,541,1973,0.028900667195595423,0.028583214466030054,0.9970491938967723,68.10800293419851,-0.3285036780836116,1,0.15726503222279575,0
box_sphere_partial_overlap_medium_3,partial_overlap,543,3157,0.08736246062793718,0.08650212421689474,0.9997109528637488,123.47481954279678,0.0953100964710644,1,0.10686589198495287,0
box_sphere_partial_overlap_medium_3,partial_overlap,544,257,0.09670397323748028,0.09060777747853441,0.9998681505062978,103.7886919359272,0.07283723809378155,0,0.07327135415995625,1
box_sphere_partial_overlap_medium_3,partial_overlap,546,1970,0.019056245559971745,0.009464684800100943,0.9222680269553726,129.3035286493226,0.005698015162262853,1,0.143476529454822,0
box_sphere_partial_overlap_medium_3,partial_overlap,547,2499,0.02796006327320606,0.01656174448658875,0.4366204086191172,33.90856300066227,-0.09146564929674857,1,0.13653524615524304,0
box_sphere_partial_overlap_medium_3,partial_overlap,548,3162,0.11343622200698163,0.11100509883704553,0.999417404975795,91.69217119933475,0.3347897822469157,0,0.08582189353244842,0
box_sphere_partial_overlap_medium_3,partial_overlap,550,2230,0.1082802503636474,0.10558236273102256,0.9997125379214474,63.705671278293764,0.2086386579686774,0,0.15359174009694204,0
box_sphere_partial_overlap_medium_3,partial_overlap,551,1455,0.07004462595326733,0.05927189637165169,0.6098016045146494,75.5499061597336,0.28906024198315716,0,0.09849503824871475,0
box_sphere_partial_overlap_medium_3,partial_overlap,553,3125,0.1345961642759455,0.10632181385729607,0.9128890228765337,87.00060730135702,0.06322179431468887,0,0.027754322879692536,1
box_sphere_partial_overlap_medium_3,partial_overlap,555,752,0.07867824138089248,0.07810099160623364,0.7531614925363164,58.39563844674507,-0.22627326975430734,0,0.1751242043677134,0
box_sphere_partial_overlap_medium_3,partial_overlap,556,1887,0.08022967338465699,0.08013823120790826,0.9999085239147087,89.88903404689609,0.20240814008910527,1,0.08397677171107314,0
box_sphere_partial_overlap_medium_3,partial_overlap,557,661,0.07860784117962406,0.07227569778061567,0.8517208949539657,55.41725741950039,0.3139990514044233,0,0.14188443801226325,0
box_sphere_partial_overlap_medium_3,partial_overlap,558,2387,0.11653810188554635,0.10522939000822226,0.965403995690039,48.71068275918238,0.2006704732401757,0,0.09983283637736823,0
box_sphere_partial_overlap_medium_3,partial_overlap,562,478,0.09747694075004128,0.09739241194230688,0.9999902612752609,98.2854510486315,-0.12783323514639403,1,0.11482776309815393,0
box_sphere_partial_overlap_medium_3,partial_overlap,563,3065,0.1109701013406539,0.10019199658841539,0.8461374191198362,72.0971609622554,0.1484198671873671,0,0.14070197156978054,0
box_sphere_partial_overlap_medium_3,partial_overlap,564,1088,0.060560184773376914,0.054824727787964246,0.8361765673378163,124.11587154671274,0.27763144030230136,0,0.09262211705984938,0
box_sphere_partial_overlap_medium_3,partial_overlap,567,1894,0.0782371244547915,0.07528195060848865,0.25385986760208945,96.31893832260914,-0.2948871659635486,0,0.18160362416761097,0
box_sphere_partial_overlap_medium_3,partial_overlap,568,3298,0.08746030549362399,0.08405540140227814,0.978258380623839,114.58026399104084,0.3729415739786799,1,0.08118794332010998,0
box_sphere_partial_overlap_medium_3,partial_overlap,570,727,0.09563288895129568,0.0955585528257004,0.998796478535065,76.72800760124046,-0.0813132671305002,0,0.08796962206201642,0
box_sphere_partial_overlap_medium_3,partial_overlap,571,1572,0.10909651325070602,0.10112609851925852,0.998881546779928,107.32307279038005,-0.3285036780836116,0,0.1573590776061087,0
box_sphere_partial_overlap_medium_3,partial_overlap,573,937,0.026271183295678742,0.007436510304904318,0.4591568373253545,65.73660295924967,-0.20194116783958446,0,0.1285518495779797,0
box_sphere_partial_overlap_medium_3,partial_overlap,574,2680,0.08675223234258685,0.07322876187632826,0.7993212329707987,83.117240328366,0.020586615677369458,0,0.06876551345703537,1
box_sphere_partial_overlap_medium_3,partial_overlap,575,1618,0.10284876329071484,0.09940124407760027,0.6106969063499653,86.5322611075994,-0.20787588367078538,0,0.12955837456457495,0
box_sphere_partial_overlap_medium_3,partial_overlap,576,3276,0.10674910116204514,0.1011055544565608,0.9964258997913414,159.67088339260204,0.06322179431468887,0,0.11426258180943132,0
box_sphere_partial_overlap_medium_3,partial_overlap,578,2287,0.11289407885241577,0.11267669362462213,0.9964822080360413,68.62122144995938,-0.04082195285363091,1,0.08560554619559978,0
box_sphere_partial_overlap_medium_3,partial_overlap,581,2625,0.09894762110010284,0.09248899196382862,0.9913502703280314,104.4613877411386,-0.27443652991265216,0,0.0972771315045263,0
box_sphere_partial_overlap_medium_3,partial_overlap,582,1940,0.08723280874565081,0.08450969043712533,0.9999146047917983,61.80819448881613,0.07283723809378155,1,0.06690974156541606,1
box_sphere_partial_overlap_medium_3,partial_overlap,583,290,0.09155699526427936,0.09048267982756476,0.998836626788799,62.780860235909145,-0.12783323514639403,1,0.10387640852474847,0
box_sphere_partial_overlap_medium_3,partial_overlap,584,336,0.09144060779322924,0.08618016913304659,0.9974567985251442,103.81583987116386,0.020586615677369458,1,0.10609197033274305,0
box_sphere_partial_overlap_medium_3,partial_overlap,585,1455,0.08947356751852611,0.08784810463277751,0.27644345368985984,74.30549222308426,0.21844271634345866,0,0.11233267570826669,0
box_sphere_partial_overlap_medium_3,partial_overlap,586,3114,0.046513735873463434,0.021015395562815578,0.2791565535625727,37.15703119015258,-0.12783326436711756,0,0.15727755402954285,0
box_sphere_partial_overlap_medium_3,partial_overlap,589,221,0.11060231631316318,0.10653918816292518,0.9997591214125128,76.55847993479634,-0.027749880371487037,1,0.1005259804424638,0
box_sphere_partial_overlap_medium_3,partial_overlap,593,2961,0.04194956372023197,0.04162178300887279,0.4260054194703946,92.4176521544373,-0.029393276067339345,0,0.17864887920835604,0
box_sphere_partial_overlap_medium_3,partial_overlap,595,2717,0.10466587860678318,0.09747635175029118,0.9998917318071244,81.4457037904809,0.05448812695079888,0,0.15956776030057487,0
box_sphere_partial_overlap_medium_3,partial_overlap,597,1363,0.08517101132195831,0.08230101997605745,0.998296072193485,72.88814251782607,-0.027749880371487037,1,0.12932955215328837,0
box_sphere_partial_overlap_medium_3,partial_overlap,598,1563,0.05898382570607428,0.05796821691208487,0.9512921123554445,98.78615250677925,0.11728895125755574,0,0.17106946624540373,0
box_sphere_partial_overlap_medium_3,partial_overlap,599,671,0.09497488399842897,0.09038690944235916,0.9992044282347227,80.59980544135175,0.08727793455873539,0,0.09793093508540937,0
box_sphere_partial_overlap_medium_3,partial_overlap,602,2581,0.04974702650114432,0.04935678299516492,0.9988924090058092,128.461316950835,-0.1278332215100611,0,0.14345581800517307,0
box_sphere_partial_overlap_medium_3,partial_overlap,603,411,0.09639988053419844,0.09093875959139099,0.9981177829467685,86.23817076244576,0.14043050422515357,0,0.06714804100405675,1
box_sphere_partial_overlap_medium_3,partial_overlap,604,928,0.021494560166451984,0.019673543874209005,0.9992363422172327,133.6472450476223,-0.005231044400834855,1,0.14516001169980122,0
box_sphere_partial_overlap_medium_3,partial_overlap,605,126,0.04815291296995685,0.03540205411013638,0.821226707335154,128.69440923944745,0.0,0,0.12513291846101615,0
box_sphere_partial_overlap_medium_3,partial_overlap,606,2396,0.11852698860582757,0.1160929284586898,0.9964422949250321,165.11476812744428,-0.08701129365637626,0,0.09648258264735514,0
box_sphere_partial_overlap_medium_3,partial_overlap,608,2011,0.09269914301583568,0.09074106930400554,0.9991719465655762,56.3926763417521,-0.3614478235690284,1,0.08959301883059978,0
box_sphere_partial_overlap_medium_3,partial_overlap,609,1726,0.051699865161645535,0.045123957411013466,0.9981265080496025,91.52054450552627,0.07283723809378155,1,0.16562954684573666,0
box_sphere_partial_overlap_medium_3,partial_overlap,610,1813,0.11001204475739865,0.1082346197421517,0.998797435199401,87.01967160097136,0.3347897822469157,1,0.09029233704646034,0
box_sphere_partial_overlap_medium_3,partial_overlap,612,1031,0.09943162115396012,0.09063428705505353,0.6503172883084908,106.83993298177208,0.3954143231811054,0,0.20592566367566675,0
box_sphere_partial_overlap_medium_3,partial_overlap,613,2009,0.08542038339171235,0.08489493051359802,0.9994455073740155,78.68505553890363,-0.08527367194624638,1,0.07799228569254925,1
box_sphere_partial_overlap_medium_3,partial_overlap,616,2273,0.11326893092022162,0.10726364852056423,0.9967661251533947,44.68412880360418,0.13453075449621038,0,0.10696703782119289,0
box_sphere_partial_overlap_medium_3,partial_overlap,619,1494,0.09922864990905342,0.09900422396380759,0.9945209581395181,94.22949379941552,0.005698015162262853,1,0.06593008534348552,1
box_sphere_partial_overlap_medium_3,partial_overlap,620,1108,0.10198640707103376,0.10189519629050377,0.9994840245872941,127.31141838741617,-0.04445171909261546,1,0.11352771222495103,0
box_sphere_partial_overlap_medium_3,partial_overlap,623,1098,0.12400339950604922,0.1148819320535443,0.9984306346902009,60.20367130922019,0.10396814809475163,0,0.040709325990361124,1
box_sphere_partial_overlap_medium_3,partial_overlap,625,837,0.04455651053399597,0.012592127902142314,0.49203525080520316,49.75285629463985,0.26163115408462706,0,0.15608567620633088,0
box_sphere_partial_overlap_medium_3,partial_overlap,628,2993,0.07499419306252865,0.07350452964792789,0.8172049858310495,61.9564558828558,-0.317075088102691,0,0.11062007939277983,0
box_sphere_partial_overlap_medium_3,partial_overlap,636,2121,0.11100850579895122,0.1101392502070294,0.9991644242622313,57.22961553113394,0.24685985918172057,0,0.08921243272804864,0
box_sphere_partial_overlap_medium_3,partial_overlap,637,671,0.08966256859297837,0.08858678419068654,0.9976656929174614,162.3193775503789,0.020586615677369458,0,0.0659541668119864,1
box_sphere_partial_overlap_medium_3,partial_overlap,638,1839,0.0650309119531135,0.06425692015831644,0.9981859675558556,179.87286151146378,-0.31015448386003713,1,0.0702746614730362,1
box_sphere_partial_overlap_medium_3,partial_overlap,639,1458,0.10488422415760972,0.09741454747389663,0.9998949584829053,105.84166087129269,0.23507183413635993,0,0.1284596904892999,0
box_sphere_partial_overlap_medium_3,partial_overlap,640,2235,0.07818220608214806,0.07307624318807582,0.23135000584461118,105.12635384188147,0.17065946697611772,0,0.1907254466706464,0
box_sphere_partial_overlap_medium_3,partial_overlap,642,627,0.10981596049844168,0.1060703514510968,0.9995617388974365,92.63043476760095,0.41578165930890887,0,0.1422809921871476,0
box_sphere_partial_overlap_medium_3,partial_overlap,644,590,0.09234302137101147,0.08883664885245816,0.9871495783199703,141.6889535725726,0.0857406427076745,1,0.11886587576964776,0
box_sphere_partial_overlap_medium_3,partial_overlap,645,1269,0.08790944159777814,0.08414033694673059,0.9981353193599385,87.40214480730141,0.011928557821809965,1,0.10409008627859846,0
box_sphere_partial_overlap_medium_3,partial_overlap,646,127,0.0418828757764134,0.02006997451093938,0.05325240801201555,82.57795277170639,0.22498783263481661,0,0.17360047780864707,0
box_sphere_partial_overlap_medium_3,partial_overlap,647,871,0.09050191214955863,0.07337308424796785,0.999509606300877,146.44188123051543,0.0857406427076745,1,0.12108786552486808,0
box_sphere_partial_overlap_medium_3,partial_overlap,648,2574,0.034462039160843984,0.01386800462303084,0.9728595965515224,103.93829671507801,-0.44628654012914004,0,0.0936032314715958,0
box_sphere_partial_overlap_medium_3,partial_overlap,651,272,0.0879446224789626,0.08665925898858906,0.9137056169709074,107.35165476469591,-0.2188049157614113,0,0.11392729654608738,0
box_sphere_partial_overlap_medium_3,partial_overlap,653,2349,0.04079509710009112,0.038734429670859896,0.9997673074803717,116.032429822871,0.07283723809378155,1,0.14225496074703856,0
box_sphere_partial_overlap_medium_3,partial_overlap,655,3114,0.08789797676395245,0.08202151339358689,0.8883735249464262,84.44881692981473,-0.12783326436711756,0,0.08515896130476108,0
box_sphere_partial_overlap_medium_3,partial_overlap,656,1322,0.05004714360870682,0.04105399298069295,0.941113650968578,113.86157676517934,-0.7817587958410877,1,0.0918530404340158,0
box_sphere_partial_overlap_medium_3,partial_overlap,657,2392,0.10509049974943546,0.09875931785971291,0.9990524216986209,64.48211397364105,0.3139990514044233,0,0.10378429817396335,0
box_sphere_partial_overlap_medium_3,partial_overlap,658,3089,0.09700473533203323,0.06963328586591692,0.8292071377781608,70.3587910244095,0.06322179431468887,0,0.1526117721543005,0
box_sphere_partial_overlap_medium_3,partial_overlap,659,2780,0.11178824417516091,0.10624550345278802,0.8504645243682959,152.173670433013,-0.5332978337855163,0,0.10510273907065215,0
box_sphere_partial_overlap_medium_3,partial_overlap,661,2476,0.06365261370900448,0.058344269096342806,0.9628859823190827,44.06899170591604,-0.15523224584821396,0,0.11317904829766956,0
box_sphere_partial_overlap_medium_3,partial_overlap,664,1995,0.068703528209111,0.06133173923999887,0.9699108848020874,82.6537958825827,-0.29035193041990065,0,0.1002638769343378,0
box_sphere_partial_overlap_medium_3,partial_overlap,665,1962,0.08207949644661137,0.08137913106727404,0.187654809477397,48.90410079431332,-0.23703246055727942,0,0.23003284652567846,0
box_sphere_partial_overlap_medium_3,partial_overlap,666,1391,0.08404241261548928,0.07678564661525247,0.9309870337766231,93.76896072849675,-0.029393276067339345,0,0.05983516338658865,1
box_sphere_partial_overlap_medium_3,partial_overlap,670,1724,0.020367195541648953,0.0023758572928549975,0.7061298641290062,36.1717945230501,0.08727793455873539,1,0.14308348678785104,0
box_sphere_partial_overlap_medium_3,partial_overlap,671,2077,0.08070252130305164,0.07822845878846427,0.9987397257919258,113.15621633661453,-0.0813132671305002,1,0.058908048238682176,1
box_sphere_partial_overlap_medium_3,partial_overlap,672,485,0.05843624074671997,0.0581649691458376,0.353712329100725,77.58023883867271,-0.08861257681821721,0,0.14705888174112758,0
box_sphere_partial_overlap_medium_3,partial_overlap,674,2783,0.03881175750516802,0.03800081563984491,0.9944794874331562,98.86218267508902,-0.07376605667247647,1,0.15335007927924452,0
box_sphere_partial_overlap_medium_3,partial_overlap,677,1797,0.09837268479305832,0.0980126805989609,0.9980046016712765,35.84766448387175,0.10396814809475163,1,0.07553003740438456,1
box_sphere_partial_overlap_medium_3,partial_overlap,680,1006,0.08385537359469471,0.07950527103660565,0.9988013863858113,100.4057233993197,-0.2188049157614113,1,0.0638872788141642,1
box_sphere_partial_overlap_medium_3,partial_overlap,681,749,0.09194498059608552,0.08882318437949982,0.9986878800212744,65.4656603078118,0.3954143231811054,0,0.0928031922088766,0
box_sphere_partial_overlap_medium_3,partial_overlap,682,1912,0.08245329814923234,0.0818469161911768,0.9996628600113285,152.19270937684155,-0.12783319503954055,0,0.07150396426204056,1
box_sphere_partial_overlap_medium_3,partial_overlap,683,1667,0.010182225849252543,0.0027405344765807083,0.9833323950207546,71.99549696051734,0.5900059313969485,1,0.12999031402461744,0
box_sphere_partial_overlap_medium_3,partial_overlap,685,1517,0.10217283134763834,0.09634640525377725,0.9963094574106428,83.05285608707311,-0.17228495423900955,0,0.12993920287396868,0
box_sphere_partial_overlap_medium_3,partial_overlap,686,1990,0.09391087558502655,0.09318521520494226,0.9997365071310363,115.58588424843919,-0.03252315534196425,1,0.10933104197838607,0
box_sphere_partial_overlap_medium_3,partial_overlap,687,1565,0.10981721250240141,0.10831484951257958,0.9994982906470509,90.03275800890782,0.46687322330634695,0,0.10911220791823394,0
box_sphere_partial_overlap_medium_3,partial_overlap,690,284,0.08665356195423432,0.08361558568314358,0.9996971294106174,173.53306907396228,-0.379147236299575,0,0.0750530022852667,1
box_sphere_partial_overlap_medium_3,partial_overlap,692,2789,0.049287571083144875,0.0448997768601228,0.999738119898805,99.75987297515341,0.1057813634436778,1,0.16008126094551572,0
box_sphere_partial_overlap_medium_3,partial_overlap,693,330,0.06809324849238527,0.03882873919149371,0.8607259150327787,109.19753071023547,-0.7744593113287463,1,0.13615084344031106,0
box_sphere_partial_overlap_medium_3,partial_overlap,694,2532,0.029775159458876037,0.026093870767912242,0.8562730760563682,150.76154930612674,0.47294000125352315,1,0.14921191441551884,0
box_sphere_partial_overlap_medium_3,partial_overlap,695,572,0.04630131197638264,0.04072830726105295,0.9996760380199632,82.55623046709806,0.12999558003839595,1,0.17390161559873313,0
box_sphere_partial_overlap_medium_3,partial_overlap,696,32,0.10651514097739886,0.09714390051251781,0.9078549821631327,99.07823022033331,0.2933798271976146,1,0.062457983590817306,1
box_sphere_partial_overlap_medium_3,partial_overlap,697,304,0.021946762968603106,0.001962054767976952,0.5552433773521248,103.45221287678206,0.128099892412357,1,0.13841229481591769,0
box_sphere_partial_overlap_medium_3,partial_overlap,700,1688,0.07991916927600495,0.0780187862679493,0.9995569681614102,76.04320662226161,-0.08861257681821721,1,0.09093447727168667,0
box_sphere_partial_overlap_medium_3,partial_overlap,701,344,0.09311803570486007,0.09133199343005016,0.9999387979781437,101.19565557409341,-0.04779061896459558,1,0.13394478024891923,0
box_sphere_partial_overlap_medium_3,partial_overlap,702,1535,0.09619231812908585,0.08986422636416064,0.9991569707778716,92.17289229302337,-0.08861257681821721,0,0.08215573372959872,0
box_sphere_partial_overlap_medium_3,partial_overlap,703,129,0.04491751505284715,0.03501631894194228,0.8634882605661859,62.71475434707467,0.2086387270161818,0,0.10581093547473712,0
box_sphere_partial_overlap_medium_3,partial_overlap,705,3309,0.10194816271619306,0.09857185723695357,0.999554572448807,113.61713407043932,-0.08338152198261987,1,0.11696475361834911,0
box_sphere_partial_overlap_medium_3,partial_overlap,706,993,0.10602658360955583,0.0969404433511487,0.9992481747342932,67.96669013939164,-0.08701129365637626,0,0.04055325995657566,1
box_sphere_partial_overlap_medium_3,partial_overlap,707,1150,0.05402184839993468,0.04869254556342889,0.9997912705444277,157.63216389786012,-0.12783322865290195,0,0.16366981686634027,0
box_sphere_partial_overlap_medium_3,partial_overlap,711,1412,0.10756646003788904,0.10402615390846964,0.997838725008993,177.2376231204959,0.14410015945018403,0,0.08634638825982144,0
box_sphere_partial_overlap_medium_3,partial_overlap,713,3225,0.09305504115278186,0.0895561189490997,0.9953758877571945,59.442219961697184,0.38299186336761637,0,0.11314066282315574,0
box_sphere_partial_overlap_medium_3,partial_overlap,719,1608,0.08280610772622522,0.08270357710896364,0.9995689942553284,109.84830076179868,-0.12783324107523536,1,0.11997975902002389,0
box_sphere_partial_overlap_medium_3,partial_overlap,720,2572,0.09226912962944947,0.08256651250668154,0.9993843793114426,94.89622899501518,-0.33914204220843663,0,0.09181329976409974,0
box_sphere_partial_overlap_medium_3,partial_overlap,721,1455,0.031752952575892814,0.015872301117000887,0.5696354942643523,69.79604799695906,0.21844271634345866,1,0.13460230660952846,0
box_sphere_partial_overlap_medium_3,partial_overlap,722,1163,0.09472159251001076,0.08977881533756073,0.9991446199447547,81.06941660480058,0.1057813634436778,1,0.0908157212751221,0
box_sphere_partial_overlap_medium_3,partial_overlap,723,47,0.09126554904367411,0.089275547441103,0.9992918371363749,139.02104191536606,0.1057813634436778,1,0.0893877904080305,0
box_sphere_partial_overlap_medium_3,partial_overlap,725,746,0.09267309229888875,0.09190419503000502,0.9990077892533875,105.36529781430458,0.09531007980442975,1,0.1303977949534442,0
box_sphere_partial_overlap_medium_3,partial_overlap,729,1871,0.10494505038861593,0.10116141068571366,0.9988644535646405,149.62458334327192,0.15984854618014144,0,0.14129227444240663,0
box_sphere_partial_overlap_medium_3,partial_overlap,731,475,0.04658092508118172,0.04297499201957422,0.9510012746013667,75.76035293686397,-0.0813132671305002,1,0.12938286618065498,0
box_sphere_partial_overlap_medium_3,partial_overlap,732,3343,0.09602975545776442,0.09387751252032465,0.9974439620957152,71.39892944094969,0.15984854618014144,1,0.09429538924109443,0
box_sphere_partial_overlap_medium_3,partial_overlap,733,3321,0.026872776505147113,0.02478868573876185,0.9990368095046004,156.31265793160424,0.1484198671873671,1,0.14444484191936616,0
box_sphere_partial_overlap_medium_3,partial_overlap,734,887,0.06073054606018985,0.023501712098310576,0.1950107840492043,105.17654935519202,0.1598485655253445,0,0.18349750517218621,0
box_sphere_partial_overlap_medium_3,partial_overlap,735,2206,0.12269811663314455,0.10880973491164907,0.999423079913665,63.50845502742888,0.011928557821809965,0,0.056234837875232015,1
box_sphere_partial_overlap_medium_3,partial_overlap,736,1901,0.05293378752771144,0.04332447339623727,0.7777457786741562,79.39397040699488,0.10396814809475163,1,0.15157444063570952,0
box_sphere_partial_overlap_medium_3,partial_overlap,738,2267,0.05692235409103056,0.030885711910636486,0.09409218052214413,73.0386927092392,-0.07226347325085772,0,0.14432404029584195,0
box_sphere_partial_overlap_medium_3,partial_overlap,742,43,0.08351276648597528,0.08256780783656643,0.9997730524415656,137.85977301326832,0.361714502366042,1,0.09022396828554097,0
box_sphere_partial_overlap_medium_3,partial_overlap,749,300,0.10385392762973142,0.09105836733360975,0.8319129708891825,81.49205048402892,0.2086386579686774,0,0.09080489582215419,0
box_sphere_partial_overlap_medium_3,partial_overlap,750,1491,0.10315141832869355,0.08642118559981318,0.9976990798743728,79.80129215428039,-0.07067486289882155,0,0.10845683702982965,0
box_sphere_partial_overlap_medium_3,partial_overlap,751,2069,0.09911537651125543,0.0881671589330325,0.9987181741751875,74.22241504411647,0.026317284507871304,0,0.11011069306248572,0
box_sphere_partial_overlap_medium_3,partial_overlap,752,519,0.03945672480438814,0.03825081393365071,0.9638186519784739,111.49092818190474,-0.12783324651000713,1,0.12492852289862975,0
box_sphere_partial_overlap_medium_3,partial_overlap,754,1185,0.06639464117974285,0.05396621833924207,0.9619949614226077,121.37762426012266,0.17227104686655548,1,0.14209598125680784,0
box_sphere_partial_overlap_medium_3,partial_overlap,756,2414,0.09690379413466439,0.09355479729135228,0.9993518103027349,107.58620939326761,0.13786967103482528,0,0.09820307769774766,0
box_sphere_partial_overlap_medium_3,partial_overlap,759,156,0.03385174774013945,0.029269269185353722,0.15396965815115488,52.74401695574554,-0.21484452880277033,0,0.17961986926520365,0
box_sphere_partial_overlap_medium_3,partial_overlap,760,2709,0.08486212448762093,0.08164825825363357,0.9993002771729079,135.0492581448293,-0.03252315534196425,1,0.11087725463115697,0
box_sphere_partial_overlap_medium_3,partial_overlap,761,1737,0.15841847214395496,0.15356147926660318,0.9879691555898178,85.76431867078198,-0.12783324107523536,0,0.016978729731775822,1
box_sphere_partial_overlap_medium_3,partial_overlap,762,3106,0.06882689456693518,0.06751716943581317,0.9623866501154023,94.31427370393821,-0.07904311686436603,1,0.10666431242542769,0
box_sphere_partial_overlap_medium_3,partial_overlap,764,2662,0.1149880623244895,0.10883699318724979,0.998624727453495,168.47710112768817,-0.22791656189675827,0,0.11991874010022215,0
box_sphere_partial_overlap_medium_3,partial_overlap,765,2643,0.09220820396072911,0.0888431025670375,0.999184168622466,102.18892521063725,-0.04082195285363091,1,0.09933468059123735,0
box_sphere_partial_overlap_medium_3,partial_overlap,767,2647,0.0970735115650437,0.09687682374087635,0.9943889338383809,79.58690967189239,0.06140857353099098,0,0.10654651889090064,0
box_sphere_partial_overlap_medium_3,partial_overlap,768,1638,0.03763860800167127,0.023114648882223657,0.9198668938719993,78.977566300191,-0.17039281563899605,1,0.17659311760437163,0
box_sphere_partial_overlap_medium_3,partial_overlap,770,1415,0.05018153222740152,0.021863146901371856,0.9402435019359158,79.5332291320164,-0.35097655282448864,0,0.15633242315606297,0
box_sphere_partial_overlap_medium_3,partial_overlap,771,2439,0.08714108399699974,0.08652045909903715,0.999708517409915,102.87445016544072,0.3576740308107603,0,0.12989323762536595,0
box_sphere_partial_overlap_medium_3,partial_overlap,773,582,0.049311146521034285,0.027191736003988047,0.9979668816974802,173.7443900705154,-0.1791264501082223,1,0.184542148821653,0
box_sphere_partial_overlap_medium_3,partial_overlap,776,1425,0.0404333424147604,0.03841069978421919,0.9999341889616324,71.53512446877015,-0.21484452880277033,1,0.16219631364913287,0
box_sphere_partial_overlap_medium_3,partial_overlap,777,247,0.10592255712366441,0.1034665281155149,0.9996770583836033,141.16700494936578,-0.036861553966726024,0,0.13805734672020534,0
box_sphere_partial_overlap_medium_3,partial_overlap,779,1014,0.09402346428474925,0.09224604339471208,0.9965433883894983,84.81398047374974,-0.010050326594250552,1,0.09259335648461094,0
box_sphere_partial_overlap_medium_3,partial_overlap,781,2504,0.10548770658908704,0.10495855010279478,0.999722488401037,163.79592253993465,0.1466033162973087,0,0.10312782977199667,0
box_sphere_partial_overlap_medium_3,partial_overlap,783,2529,0.10773328068579968,0.09827178478512946,0.9990020832977686,162.83369121976725,0.17444729320217015,0,0.12229791188935071,0
box_sphere_partial_overlap_medium_3,partial_overlap,784,519,0.050088323915965335,0.033562546155046766,0.9557491039705974,132.07607651536426,0.3050304697955949,0,0.14079579389414004,0
box_sphere_partial_overlap_medium_3,partial_overlap,786,1707,0.06040380162752748,0.06040122880573357,0.13752410833777598,76.1246709750754,0.15984854618014144,0,0.18610750933524645,0
box_sphere_partial_overlap_medium_3,partial_overlap,788,1156,0.09400490741888064,0.09321942008070154,0.9999985386832128,103.92616920990474,-0.22791656189675827,1,0.10534950805104616,0
box_sphere_partial_overlap_medium_3,partial_overlap,790,2946,0.10781839212139348,0.09655147752803168,0.9617338902316681,113.80350319299109,-0.08527367194624638,0,0.09501885363389989,0
box_sphere_partial_overlap_medium_3,partial_overlap,792,1011,0.08045050352830302,0.07937290531830403,0.9858684825949651,119.76779035210683,0.17965118353231024,1,0.12258214811441484,0
box_sphere_partial_overlap_medium_3,partial_overlap,793,180,0.09152365355988823,0.08787026182629346,0.9993129226388422,142.38534956453148,0.07696096706212563,0,0.14102109343548552,0
box_sphere_partial_overlap_medium_3,partial_overlap,794,3133,0.027541711516226922,0.020164574438991768,0.9996853686710976,61.52166903779497,-0.17662333329859697,1,0.13415356009573862,0
box_sphere_partial_overlap_medium_3,partial_overlap,800,1999,0.07940302213433954,0.07358145882516959,0.989576132471817,79.44642972326169,-0.04445171909261546,0,0.07443609850474794,1
box_sphere_partial_overlap_medium_3,partial_overlap,801,3368,0.09298395979909689,0.08532074098645381,0.9988532234391289,141.30291985899487,0.1466033162973087,0,0.1418383826468717,0
box_sphere_partial_overlap_medium_3,partial_overlap,803,168,0.08369602163535474,0.07664208270131373,0.9993984734529697,121.30383896373134,-0.26759502040710637,1,0.14302088862505172,0
box_sphere_partial_overlap_medium_3,partial_overlap,805,2100,0.10725626465211491,0.10450420080729493,0.9995448194576334,157.3087014027869,-0.0813132671305002,0,0.11116218422288092,0
box_sphere_partial_overlap_medium_3,partial_overlap,807,2191,0.021935318225447347,0.013949718201671952,0.8025361840048382,44.70162945444298,-0.09608460162277736,1,0.13032585132140118,0
box_sphere_partial_overlap_medium_3,partial_overlap,809,380,0.10378225183254763,0.10337148068571582,0.9999648017853996,40.39824569276697,0.15984858057161652,0,0.09191284496047068,0
box_sphere_partial_overlap_medium_3,partial_overlap,810,2833,0.030068470498161175,0.02209733284952712,0.9545801628670567,78.4425634282208,0.5653133772322172,1,0.11612719888646236,0
box_sphere_partial_overlap_medium_3,partial_overlap,811,2454,0.08484318697341738,0.07503910807781947,0.999012517136292,199.20663876453128,0.2086385889212189,1,0.15467218228004567,0
box_sphere_partial_overlap_medium_3,partial_overlap,812,624,0.04361931348499648,0.03984439301515632,0.9994721280184803,102.4769884830056,-0.17662333329859697,1,0.15558683238394969,0
box_sphere_partial_overlap_medium_3,partial_overlap,815,2971,0.10276622249384948,0.10119556602822317,0.9989483120104753,88.80313659564281,0.0,1,0.06256883828218908,1
box_sphere_partial_overlap_medium_3,partial_overlap,818,1182,0.11736453975981728,0.11464303263327495,0.9991294260286515,145.98433118165977,0.03922067469178058,0,0.14003638405416619,0
box_sphere_partial_overlap_medium_3,partial_overlap,819,1854,0.03484265412112245,0.027780339862863854,0.6078037546459047,86.48155863811867,0.6523247068733878,0,0.12349063691140275,0
box_sphere_partial_overlap_medium_3,partial_overlap,820,2387,0.06291670367716364,0.060742123072660685,0.8459946507808906,89.30840574586352,0.23989114793195632,0,0.11812652006035927,0
box_sphere_partial_overlap_medium_3,partial_overlap,822,999,0.09566429076122605,0.08878647958028615,0.9999226150512533,85.38730271925827,0.08347561851599417,0,0.1448560484843771,0
box_sphere_partial_overlap_medium_3,partial_overlap,824,417,0.05927796087634563,0.03776271609787,0.9878442145574104,90.96867566486114,-0.12783322865290195,0,0.18224705250499518,0
box_sphere_partial_overlap_medium_3,partial_overlap,825,121,0.09807373785512934,0.09580594756486643,0.9999170390082445,86.30615816902393,0.29704948987657065,0,0.12937431803388894,0
box_sphere_partial_overlap_medium_3,partial_overlap,827,3313,0.03926169564911172,0.026312478895911824,0.9999378961130665,132.72058340663034,-0.08527367194624638,1,0.16086309734496881,0
box_sphere_partial_overlap_medium_3,partial_overlap,828,2007,0.08646058712780588,0.08591665126544432,0.9962996642262507,61.3553913119924,0.0,1,0.09232445031153871,0
box_sphere_partial_overlap_medium_3,partial_overlap,829,128,0.08540750475134602,0.08302179510946815,0.9997329555491881,89.9122244357809,0.25993189446155635,0,0.10222937657016512,0
box_sphere_partial_overlap_medium_3,partial_overlap,830,2946,0.11740320619804145,0.10944298436112422,0.9746895397068077,106.6931150641039,-0.08527367194624638,0,0.07460165177475835,1
box_sphere_partial_overlap_medium_3,partial_overlap,832,1990,0.10046826323587289,0.10015096050264402,0.9997133909489895,122.3987446941574,0.011928557821809965,0,0.12037887750569144,0
box_sphere_partial_overlap_medium_3,partial_overlap,833,1610,0.10805012845624781,0.0924956608279656,0.9999077373741011,114.80971934135331,0.25993189446155635,1,0.06506920718545364,1
box_sphere_partial_overlap_medium_3,partial_overlap,837,2914,0.046715953739096185,0.0414949322186746,0.9995326516676276,93.4766333666076,-0.036861553966726024,0,0.14675844111621858,0
box_sphere_partial_overlap_medium_3,partial_overlap,839,1760,0.08210362705296154,0.06999591321724416,0.9932203953153347,98.5701608903566,0.03250924796951011,0,0.06317184293438727,1
box_sphere_partial_overlap_medium_3,partial_overlap,840,1769,0.0891560299910382,0.0882337116284133,0.9787331792922622,125.14836879728664,-0.05372535265290683,0,0.0892494497910572,0
box_sphere_partial_overlap_medium_3,partial_overlap,841,2248,0.09303479287800673,0.0922024845731974,0.9992866705645963,90.94680379437716,-0.12783325150999786,0,0.11151149412740011,0
box_sphere_partial_overlap_medium_3,partial_overlap,842,1928,0.09954889401355696,0.09619884701208377,0.9999359419045772,92.16105983180515,-0.036861553966726024,1,0.07286355606632769,1
box_sphere_partial_overlap_medium_3,partial_overlap,843,1707,0.025870061043049602,0.01959784450516799,0.5497037907506475,148.85829156647895,0.04651996801589379,0,0.1420469368863628,0
box_sphere_partial_overlap_medium_3,partial_overlap,846,93,0.11514720210092239,0.09712887576784182,0.9999506097026956,119.32579593347646,0.19062012097258577,0,0.11387158258062006,0
box_sphere_partial_overlap_medium_3,partial_overlap,847,2794,0.11025396435336005,0.11018922124880587,0.8011497270149381,149.30831148733282,0.14043050422515357,0,0.12282230107710215,0
box_sphere_partial_overlap_medium_3,partial_overlap,848,3375,0.10652675670486438,0.09825224613389875,0.9980734971369075,114.21891520435014,0.0,0,0.10612689984906988,0
box_sphere_partial_overlap_medium_3,partial_overlap,849,2658,0.11356477290084392,0.09042552019753088,0.9951184350099107,20.746194812260818,0.026317284507871304,0,0.13487995694929283,0
box_sphere_partial_overlap_medium_3,partial_overlap,850,3174,0.08240081595305859,0.08002349281544902,0.9905951427762341,94.80861864596439,0.47294000125352315,1,0.12958251093337356,0
box_sphere_partial_overlap_medium_3,partial_overlap,851,1579,0.09629458190891432,0.09035051490761056,0.9999206353384904,131.08449394520656,0.005698015162262853,1,0.1174067357366419,0
box_sphere_partial_overlap_medium_3,partial_overlap,852,2329,0.08878265376019175,0.08713366545280532,0.9985280879665501,140.98450424967376,0.12348093507801945,0,0.12809027968796358,0
box_sphere_partial_overlap_medium_3,partial_overlap,853,2320,0.06071389599441332,0.04210337894710214,0.9978387169629273,156.9259873316579,0.17227104686655548,0,0.16650429818465276,0
box_sphere_partial_overlap_medium_3,partial_overlap,854,980,0.10111493115382084,0.09217850805373551,0.9988526641917577,120.44202691738991,0.05448812695079888,1,0.12122868856871233,0
box_sphere_partial_overlap_medium_3,partial_overlap,855,1544,0.10584359596839357,0.10318139384958905,0.9775256202383543,62.675770247196084,0.2006704732401757,0,0.030614723724446954,1
box_sphere_partial_overlap_medium_3,partial_overlap,856,1596,0.040089409098821936,0.03725496143255103,0.9995698176098289,106.10745421212454,-0.005231044400834855,1,0.16293183816108237,0
box_sphere_partial_overlap_medium_3,partial_overlap,858,598,0.11029628457476554,0.10394377110301474,0.9980480966663484,171.21347493231448,0.0,0,0.13718521636038092,0
box_sphere_partial_overlap_medium_3,partial_overlap,859,653,0.0936484933525986,0.08398716067926831,0.999764288060369,100.0616536431971,0.40624868237215717,0,0.15517577189665097,0
box_sphere_partial_overlap_medium_3,partial_overlap,861,21,0.03772772191567613,0.034815161884633364,0.999727438492885,82.96758746363903,0.1466033162973087,0,0.1285219086314998,0
box_sphere_partial_overlap_medium_3,partial_overlap,862,843,0.07859531515590538,0.07539585348518563,0.9991288023358735,107.93995156548019,0.011928557821809965,1,0.06401362605897593,1
box_sphere_partial_overlap_medium_3,partial_overlap,863,62,0.12111661990738978,0.11630166129292285,0.9951347979464854,114.42191890502107,-0.2556664866563919,0,0.1498746650310904,0
box_sphere_partial_overlap_medium_3,partial_overlap,865,2452,0.10016087186112688,0.09779022395376816,0.9953752275311297,109.39185520716936,0.03922067469178058,0,0.09123082324960381,0
box_sphere_partial_overlap_medium_3,partial_overlap,866,2150,0.06400816169231288,0.062199584954016354,0.47762279776556577,119.99375277445267,-0.08338152198261987,0,0.14627749761242242,0
box_sphere_partial_overlap_medium_3,partial_overlap,868,759,0.12326634151960156,0.12178661297644218,0.9992315694384296,72.24245466278745,-0.03252315534196425,0,0.1038229886003529,0
box_sphere_partial_overlap_medium_3,partial_overlap,869,3090,0.10826362067819345,0.10673944078595075,0.9474402201647751,119.02075701802825,0.2776315143762363,0,0.10575397495470976,0
box_sphere_partial_overlap_medium_3,partial_overlap,870,136,0.043233891962728144,0.03885429824678105,0.41684982885774324,126.05111749612455,0.31042126587316304,0,0.1523977896418096,0
box_sphere_partial_overlap_medium_3,partial_overlap,872,80,0.09903836282872791,0.0915537133428765,0.999575072375083,111.53438429163559,0.1133285781642475,0,0.1311809550671273,0
box_sphere_partial_overlap_medium_3,partial_overlap,874,643,0.08472872316182896,0.07604201666790884,0.9985435817744454,105.46927105013614,-0.0900929637550288,1,0.10744940901512724,0
box_sphere_partial_overlap_medium_3,partial_overlap,876,1345,0.013250506838598842,0.008888191464846257,0.3519745144270605,55.55381428344757,0.24685985918172057,1,0.16203376147210147,0
box_sphere_partial_overlap_medium_3,partial_overlap,877,3338,0.06371154213618467,0.04913508486230918,0.9994941500890074,99.89453205273462,0.12999558003839595,0,0.14959497695185764,0
box_sphere_partial_overlap_medium_3,partial_overlap,882,2437,0.04814721757544167,0.03651389041706474,0.6234388118341216,87.93230995024938,-0.005231044400834855,0,0.1083282056200907,0
box_sphere_partial_overlap_medium_3,partial_overlap,883,252,0.116337191918434,0.10660786781120718,0.7743680693682028,76.25419883200428,-0.3285036780836116,1,0.12223592928700854,0
box_sphere_partial_overlap_medium_3,partial_overlap,884,3231,0.10082145912922716,0.09586720653723772,0.9958397211330346,141.88033409232696,-0.07653998501718201,0,0.08804886866373658,0
box_sphere_partial_overlap_medium_3,partial_overlap,888,2485,0.08214894297812914,0.07755072355156091,0.9993871630174221,75.66930323682215,0.011928557821809965,0,0.06354513917548828,1
box_sphere_partial_overlap_medium_3,partial_overlap,889,862,0.1253048997299643,0.10290476375582537,0.9097388288913011,93.44950776226636,-0.1278332603988704,0,0.06516041094726173,1
box_sphere_partial_overlap_medium_3,partial_overlap,892,1830,0.10278313527193052,0.08914321083775766,0.9996847675718563,75.65995721828382,-0.29035193041990065,0,0.049593530041214695,1
box_sphere_partial_overlap_medium_3,partial_overlap,893,3192,0.1041047823616029,0.10213230042125025,0.9998416223831871,74.44468441206415,0.20240814008910527,0,0.10422090461150016,0
box_sphere_partial_overlap_medium_3,partial_overlap,895,98,0.1030841576346903,0.10059463621190391,0.9999939173866714,95.38600398578441,0.04651996801589379,0,0.08449819971659012,0
box_sphere_partial_overlap_medium_3,partial_overlap,898,1715,0.09645282262203277,0.08849691652590597,0.9993189913815755,90.09382890834,0.011928557821809965,1,0.07987056880917705,1
box_sphere_partial_overlap_medium_3,partial_overlap,900,3177,0.09833922199373128,0.0979574352586976,0.8807615246194501,114.38512556800552,0.09531007980442975,1,0.0918163933611984,0
box_sphere_partial_overlap_medium_3,partial_overlap,901,1921,0.08014635127258297,0.0750880961570367,0.9972198085000037,93.79434211371968,0.25993189446155635,0,0.10632350888676396,0
box_sphere_partial_overlap_medium_3,partial_overlap,902,1415,0.04997244596311195,0.04749873515559242,0.9464093669263762,49.50317091145771,-0.2112147734926177,1,0.1494888842774883,0
box_sphere_partial_overlap_medium_3,partial_overlap,903,2503,0.0838510203534763,0.06604300815686326,0.9946151436836171,66.66287965688751,0.01526745931028635,0,0.15166755338907265,0
box_sphere_partial_overlap_medium_3,partial_overlap,904,3332,0.08762929097425534,0.07913784767774115,0.9972274980079439,62.616608307374804,0.25165587367736647,1,0.13512841476179,0
box_sphere_partial_overlap_medium_3,partial_overlap,905,2134,0.10672339427945514,0.1042603761071763,0.9992823021043292,146.70053421283015,0.17227104686655548,0,0.13328466576834214,0
box_sphere_partial_overlap_medium_3,partial_overlap,907,591,0.06619258058020902,0.06136604807211478,0.258436036669218,84.7115169132298,0.10396814809475163,0,0.19907934675609826,0
box_sphere_partial_overlap_medium_3,partial_overlap,908,709,0.051030258178973664,0.05014001996234803,0.30706901220347477,76.08340161222644,-0.27443652991265216,0,0.19146066664152808,0
box_sphere_partial_overlap_medium_3,partial_overlap,909,2394,0.13768253061023938,0.12573718352777,0.9603440290012816,91.85278523428808,0.17227104686655548,0,0.10762897720257092,0
box_sphere_partial_overlap_medium_3,partial_overlap,910,475,0.07059324879998376,0.05436597609380528,0.940468629464887,61.1463035933023,-0.12783322865290195,0,0.15227617259528517,0
box_sphere_partial_overlap_medium_3,partial_overlap,911,1243,0.10389339239872698,0.09472441593956293,0.9990557879004736,151.76574696260087,0.22356428335943443,1,0.11061710610048776,0
box_sphere_partial_overlap_medium_3,partial_overlap,912,126,0.05138106010881675,0.04657977257648755,0.56999385481868,144.8688829361684,-0.08338152198261987,0,0.15660975952463943,0
box_sphere_partial_overlap_medium_3,partial_overlap,915,746,0.09935492960046505,0.0954284966986287,0.9994552261291165,90.32823672153468,0.05448812695079888,0,0.15219901625680135,0
box_sphere_partial_overlap_medium_3,partial_overlap,917,1798,0.07593543850284223,0.07302552951235945,0.3388420607627388,93.62083570501382,0.0,0,0.1868601774199679,0
box_sphere_partial_overlap_medium_3,partial_overlap,919,2866,0.11368622925348207,0.08916672675051458,0.9090688441026336,99.80064627754923,0.12348093507801945,0,0.10245186134939675,0
box_sphere_partial_overlap_medium_3,partial_overlap,922,3187,0.10477010577053691,0.10456240323614664,0.9927039253127393,153.61452246469506,0.26163115408462706,0,0.11432549201388922,0
box_sphere_partial_overlap_medium_3,partial_overlap,929,2139,0.10819943952896907,0.1049268059297605,0.7006907725785341,64.06659454595669,-0.2773649101404855,0,0.08731615506999067,0
box_sphere_partial_overlap_medium_3,partial_overlap,931,2821,0.11048452747846908,0.08064995228969593,0.9880949572091378,40.099626904013135,0.1484198671873671,0,0.08233882466282329,0
box_sphere_partial_overlap_medium_3,partial_overlap,932,315,0.09730824816941869,0.08770520753982276,0.9994806567559074,104.58992870722678,0.09531007980442975,0,0.16994966144302834,0
box_sphere_partial_overlap_medium_3,partial_overlap,933,1921,0.10334637601315255,0.0952767705416679,0.9567158062537345,127.85747178818283,0.32892470642474947,0,0.12230442539288668,0
box_sphere_partial_overlap_medium_3,partial_overlap,938,300,0.1338927853902562,0.1280716652528599,0.994140931081946,107.03489220273943,0.13453075449621038,0,0.0525882434209513,1
box_sphere_partial_overlap_medium_3,partial_overlap,940,887,0.07593218472717353,0.04570728165950488,0.37251844383359484,122.48335132702222,0.128099892412357,0,0.17398038629440946,0
box_sphere_partial_overlap_medium_3,partial_overlap,941,2496,0.11655022126578762,0.11420093731936294,0.9996280744196302,111.25722775762532,-0.12783324651000713,0,0.14441098704207136,0
box_sphere_partial_overlap_medium_3,partial_overlap,942,3231,0.0987641986787828,0.09752402914711268,0.9977963818387251,99.76226570919914,-0.18190036178630276,1,0.08354024553722772,0
box_sphere_partial_overlap_medium_3,partial_overlap,943,2853,0.0818987963261912,0.07679962895299094,0.9982864262621559,112.86697503634304,0.13453075449621038,1,0.0948332064445687,0
box_sphere_partial_overlap_medium_3,partial_overlap,944,1523,0.0649330855447667,0.06484844371485339,0.06464996512294838,59.8434835946919,-0.4155149717399878,0,0.20282184809301787,0
box_sphere_partial_overlap_medium_3,partial_overlap,946,1923,0.10833350688635558,0.10003229163194886,0.9983806600185985,128.57142220219143,0.37115739334903747,0,0.06605847558019795,1
box_sphere_partial_overlap_medium_3,partial_overlap,947,3078,0.11387332483065908,0.11275351031021573,0.9980041876933284,150.154284008908,0.018770081150914646,0,0.10843970463749945,0
box_sphere_partial_overlap_medium_3,partial_overlap,951,2262,0.11781774537215471,0.11714659170484683,0.9949629978910053,73.75601084903211,0.24685985918172057,0,0.126766523756926,0
box_sphere_partial_overlap_medium_3,partial_overlap,954,1962,0.04759095548600851,0.04514691794713772,0.18230707585259187,48.37235810383993,-0.12783326806169287,0,0.19054575099454263,0
box_sphere_partial_overlap_medium_3,partial_overlap,956,1345,0.03847651302475366,0.0010463673047239365,0.27719896223224116,55.66550319922141,0.21511118606873317,0,0.18851418665996403,0
box_sphere_partial_overlap_medium_3,partial_overlap,957,1066,0.12860426119019172,0.10567906221983979,0.9012534419844808,97.74915410072362,0.18232139012744064,0,0.09831999743166622,0
box_sphere_partial_overlap_medium_3,partial_overlap,959,2910,0.10503896388238808,0.10220113392587202,0.8798225878754019,103.96974639680874,-0.0813132671305002,0,0.0887812776660868,0
box_sphere_partial_overlap_medium_3,partial_overlap,960,149,0.10381906891679399,0.10256886006166636,0.9988544066943609,83.31684724210801,0.1484198671873671,0,0.12328744083455737,0
box_sphere_partial_overlap_medium_3,partial_overlap,963,2216,0.12812893586634067,0.12576800880980996,0.9984904954836336,63.40545387908787,-0.1791264501082223,0,0.08200300060180338,0
box_sphere_partial_overlap_medium_3,partial_overlap,964,63,0.11209474103469168,0.09029661291907524,0.9713721826850421,91.37771047172812,0.44015020531223076,0,0.06027160393772543,1
box_sphere_partial_overlap_medium_3,partial_overlap,967,2159,0.047887250563920056,0.04430227350812405,0.9631196116560717,158.23526421338687,0.19493983520326097,1,0.16759896196690566,0
box_sphere_partial_overlap_medium_3,partial_overlap,968,751,0.10061491126965445,0.09796267127245427,0.99734751577837,58.4994058934501,0.0857406427076745,0,0.12363515391978025,0
box_sphere_partial_overlap_medium_3,partial_overlap,969,1167,0.0985390825954384,0.06616775199611724,0.9526973721859241,109.5050921627568,0.2437299469917969,0,0.09907678046652521,0
box_sphere_partial_overlap_medium_3,partial_overlap,970,2779,0.0410154314825372,0.00739705551570507,0.47867480837109033,77.55616056753753,-0.33914204220843663,1,0.1438132565262388,0
box_sphere_partial_overlap_medium_3,partial_overlap,972,160,0.15466136434451427,0.0961860683184147,0.9281994079455912,50.917475378501344,-0.12783319503954055,0,0.03839385488070429,1
box_sphere_partial_overlap_medium_3,partial_overlap,973,1310,0.12394717227535113,0.1053040057119119,0.9999637006317831,175.02978006214505,-0.01660771472786216,0,0.16391366398818544,0
box_sphere_partial_overlap_medium_3,partial_overlap,974,1140,0.10832112327449132,0.1016971631580706,0.9254942244793785,95.72420084766559,0.04651996801589379,0,0.12963665768461494,0
box_sphere_partial_overlap_medium_3,partial_overlap,975,3404,0.12072212010532749,0.11268420302542533,0.9987811260564844,81.09692833914264,0.2086385889212189,0,0.14306983431002948,0
box_sphere_partial_overlap_medium_3,partial_overlap,976,2250,0.10640066244656844,0.09824484954990477,0.9972998054002895,188.97933514039258,-0.08527367194624638,1,0.16655856647297887,0
box_sphere_partial_overlap_medium_3,partial_overlap,977,2501,0.10482326754924788,0.09842155287495084,0.9993556186167433,151.53290250114694,0.3934631754790295,0,0.10580359995989362,0
box_sphere_partial_overlap_medium_3,partial_overlap,978,1923,0.08926077201562646,0.07825153496229528,0.9996350232117931,101.37496079001077,0.44015020531223076,1,0.047049703067591736,1
box_sphere_partial_overlap_medium_3,partial_overlap,982,58,0.043775115173197966,0.03603287331613863,0.9137052997800696,67.26340108991343,-0.16173479445003675,0,0.1270064981647289,0
box_sphere_partial_overlap_medium_3,partial_overlap,983,975,0.055567553445963494,0.04902508726153914,0.9543752924058382,107.97244790048234,0.034685513870299174,0,0.12950430893253836,0
box_sphere_partial_overlap_medium_3,partial_overlap,986,873,0.0992707535805454,0.07863419745912226,0.9577768487833143,89.7129750641608,-0.08861257681821721,0,0.05760064385608973,1
box_sphere_partial_overlap_medium_3,partial_overlap,988,745,0.08967196907906705,0.0843808860185871,0.16985320566868461,77.66546413745915,0.04805725525157872,0,0.19412037564111237,0
box_sphere_partial_overlap_medium_3,partial_overlap,989,2097,0.08431671478975565,0.08021587708261932,0.9987930721835269,82.96543787212214,-0.12783324107523536,1,0.05826143131799952,1
box_sphere_partial_overlap_medium_3,partial_overlap,991,3350,0.09881784429598503,0.09674019871175173,0.9996223060237943,62.27304933511071,0.5046886743665107,0,0.05581253586686043,1
box_sphere_partial_overlap_medium_3,partial_overlap,994,2797,0.09108097477444371,0.09071640193744815,0.9713531135896925,99.02816186237509,0.13453075449621038,0,0.09674735338836762,0
box_sphere_partial_overlap_medium_3,partial_overlap,997,2827,0.1163904637125108,0.10641170216680074,0.9693484299146002,79.6975316438122,0.005698015162262853,1,0.09948864594127117,0
box_sphere_partial_overlap_medium_3,partial_overlap,998,3362,0.07899536915384944,0.07382883090558678,0.999522892536491,77.05670633966447,-0.2948871659635486,1,0.09562751937766019,0
box_sphere_partial_overlap_medium_3,partial_overlap,1000,1464,0.044239168519115205,0.03473354222888683,0.972525944719087,81.46951116186774,-0.08701129365637626,0,0.13217301275739757,0
box_sphere_partial_overlap_medium_3,partial_overlap,1001,1090,0.026874207892192095,0.01620300771511053,0.357412286137684,93.88403285416884,0.18724753599097504,1,0.16579199100575534,0
box_sphere_partial_overlap_medium_3,partial_overlap,1002,883,0.10251527571107479,0.09614156355847306,0.9991399240596855,72.85607953022475,0.14043050422515357,0,0.09406699739429275,0
box_sphere_partial_overlap_medium_3,partial_overlap,1003,1985,0.10878058205791802,0.10743095675000403,0.9992840271265817,55.28406791893552,0.1133285781642475,0,0.08058385020686336,0
box_sphere_partial_overlap_medium_3,partial_overlap,1004,1968,0.07876969799512328,0.07824365410151743,0.926809854934539,96.1738662157745,0.17227104686655548,1,0.10694640506927242,0
box_sphere_partial_overlap_medium_3,partial_overlap,1005,2897,0.09892970951522366,0.09437127698442892,0.9998407318351271,66.92892964484224,-0.050872284447872104,0,0.06717024306834085,1
box_sphere_partial_overlap_medium_3,partial_overlap,1006,2889,0.0973767777690672,0.09653440133268835,0.9997297015289699,92.14855791939243,-0.12783324651000713,1,0.12547377303555404,0
box_sphere_partial_overlap_medium_3,partial_overlap,1008,1550,0.035414688084340645,0.016610671124062906,0.9981475359697873,110.86958387275988,0.1057813634436778,1,0.13816076690599569,0
box_sphere_partial_overlap_medium_3,partial_overlap,1009,275,0.10150491231228158,0.09991956619031164,0.9988152796672052,94.20131560583388,0.05448812695079888,1,0.12028357497136069,0
box_sphere_partial_overlap_medium_3,partial_overlap,1010,3245,0.05452966752749945,0.05104097885407239,0.7315828074808925,88.411573655733,-0.3901972321316452,0,0.15261565997537163,0
box_sphere_partial_overlap_medium_3,partial_overlap,1011,1734,0.08805113910100162,0.08565176540302256,0.9998038719431062,103.03549963155953,0.06322179431468887,0,0.1078212746512137,0
box_sphere_partial_overlap_medium_3,partial_overlap,1012,66,0.10478855093698533,0.10262147937944172,0.9993824095205252,98.34744327614636,0.06140857353099098,0,0.10243348886302446,0
box_sphere_partial_overlap_medium_3,partial_overlap,1014,2225,0.10875034614151738,0.09129366008220308,0.9990255208332274,123.27744944619442,0.17227104686655548,0,0.13478725380542828,0
box_sphere_partial_overlap_medium_3,partial_overlap,1015,312,0.07400474524069613,0.0673336433508026,0.9830560050728332,58.19420308179733,-0.08861257681821721,1,0.0729276753095916,1
box_sphere_partial_overlap_medium_3,partial_overlap,1016,371,0.05604744060655919,0.05063749596074358,0.9970275855865797,98.80544457411392,-0.12783321361534336,1,0.1345037871314059,0
box_sphere_partial_overlap_medium_3,partial_overlap,1017,2479,0.08512475757568357,0.0793283963641415,0.9990612549392558,59.276807922200824,-0.12783322865290195,0,0.10286689060391561,0
box_sphere_partial_overlap_medium_3,partial_overlap,1018,607,0.08122190429581665,0.07295319770295979,0.8325288744131489,81.62163655513204,-0.12783325612537383,0,0.07940646804736431,1
box_sphere_partial_overlap_medium_3,partial_overlap,1023,3125,0.12771070595839656,0.11435319826951942,0.9814607435178557,29.166220910916163,0.06322179431468887,0,0.019948797809717974,1
box_sphere_partial_overlap_medium_3,partial_overlap,1024,1478,0.056176913049219346,0.0510749701754183,0.9596996004497197,108.54409689108198,0.1484198671873671,0,0.1121937669957932,0
box_sphere_partial_overlap_medium_3,partial_overlap,1025,192,0.10433988714255193,0.10159222916871377,0.7547514663108481,124.20037400887534,0.04651996801589379,0,0.11068385247866619,0
box_sphere_partial_overlap_medium_3,partial_overlap,1031,518,0.08549166332143966,0.0843297401220621,0.999804975007817,105.41952913450751,0.0857406427076745,1,0.10055125331389494,0
box_sphere_partial_overlap_medium_3,partial_overlap,1032,903,0.09311925426340668,0.08822257835527184,0.9989944611465007,108.46117064961827,-0.005231044400834855,0,0.14295596092780585,0
box_sphere_partial_overlap_medium_3,partial_overlap,1033,272,0.09847291689355361,0.0939061807189967,0.9743957048899299,55.8647252257401,-0.12783324107523536,0,0.07577739951272267,1
box_sphere_partial_overlap_medium_3,partial_overlap,1034,1353,0.03454637956299677,0.02785397105255869,0.8210091315592242,59.947244155708084,-0.2709339869456233,0,0.16820001265911275,0
box_sphere_partial_overlap_medium_3,partial_overlap,1035,45,0.11234570538523539,0.10719573570923327,0.9993327213128214,164.9558138267334,-0.17435319666879587,0,0.1497678397398264,0
box_sphere_partial_overlap_medium_3,partial_overlap,1036,697,0.11596033702962172,0.10688553282202737,0.9990251064301804,110.88270418129979,0.11728895125755574,0,0.1565917964342473,0
box_sphere_partial_overlap_medium_3,partial_overlap,1039,241,0.08554151783826872,0.07689827389496963,0.9992725585311517,134.20620229969398,0.1466033162973087,0,0.10795022744701167,0
box_sphere_partial_overlap_medium_3,partial_overlap,1040,1416,0.0952863480516793,0.09468343932747908,0.9987190814405997,91.14954508649096,0.08347561851599417,1,0.12092794057628813,0
box_sphere_partial_overlap_medium_3,partial_overlap,1041,166,0.11905604768244131,0.1170616449760673,0.9744302190535875,116.1994213491866,-0.28817574944361596,0,0.12365125061296353,0
box_sphere_partial_overlap_medium_3,partial_overlap,1042,350,0.10924417206710768,0.10092750146333498,0.9990259694501877,72.04498525458965,0.2170068623311591,0,0.07072698685949044,1
box_sphere_partial_overlap_medium_3,partial_overlap,1043,1899,0.039971800700472966,0.03779551722944669,0.48149706894177136,54.947805982574216,0.04206563172072454,0,0.1459959369900253,0
box_sphere_partial_overlap_medium_3,partial_overlap,1044,3214,0.07820351461434624,0.07744956139629153,0.9998440496815922,63.34739526401244,-0.07653998501718201,0,0.07739187074791176,1
box_sphere_partial_overlap_medium_3,partial_overlap,1046,1184,0.08437541621054498,0.08010424408717431,0.9982721105043147,40.831119093006386,-0.7744593113287463,0,0.08934658246487301,0
box_sphere_partial_overlap_medium_3,partial_overlap,1047,504,0.10258319080255279,0.09982237583529074,0.9789476308520644,60.248206840239305,0.42423481047155887,0,0.13822954198869264,0
box_sphere_partial_overlap_medium_3,partial_overlap,1049,1397,0.08994099165364974,0.07949410174808198,0.7710100143216763,135.36078926161497,-0.21484452880277033,0,0.15125702636430174,0
box_sphere_partial_overlap_medium_3,partial_overlap,1050,1215,0.09072359974233431,0.08840122047608637,0.9999710279790077,93.38110522361158,0.12348093507801945,1,0.09306511494310982,0
box_sphere_partial_overlap_medium_3,partial_overlap,1053,1235,0.0946876299081545,0.09086474999690167,0.9994242606602258,90.36498251729671,0.026317284507871304,1,0.05974715303790202,1
box_sphere_partial_overlap_medium_3,partial_overlap,1054,1707,0.061638762941115824,0.05028819258537375,0.8296009057950934,109.83906114429152,-0.12783322865290195,0,0.1206915560345477,0
box_sphere_partial_overlap_medium_3,partial_overlap,1056,3384,0.12570227055676247,0.11385000119968966,0.9211208901341915,94.79045154886836,0.06887685907163212,0,0.07921386130135319,1
box_sphere_partial_overlap_medium_3,partial_overlap,1057,1504,0.0987656825146529,0.09098180270167902,0.9993692331944686,79.43127786299523,0.0857406427076745,0,0.09862989444974184,0
box_sphere_partial_overlap_medium_3,partial_overlap,1059,3262,0.10030532061591467,0.0914069862931917,0.9997354673771902,88.96660143536744,0.03250924796951011,1,0.1337996715911011,0
box_sphere_partial_overlap_medium_3,partial_overlap,1062,1233,0.07510509758555632,0.07246204782416918,0.999985580752154,121.92627855119969,0.25782881518479,1,0.09709155812507207,0
box_sphere_partial_overlap_medium_3,partial_overlap,1063,1072,0.13376513177613827,0.1268030555743967,0.9867567479632577,32.58802144446394,0.1484198671873671,0,0.020671420801621633,1
box_sphere_partial_overlap_medium_3,partial_overlap,1064,1316,0.08283957028974073,0.06544063069066179,0.8751854396186198,81.10398027487143,0.22356428335943443,0,0.13614432947086894,0
box_sphere_partial_overlap_medium_3,partial_overlap,1073,0,0.08181499983848221,0.0816761120341012,0.9998799201610955,110.01356519925612,0.09531007980442975,1,0.08300095388071575,0
box_sphere_partial_overlap_medium_3,partial_overlap,1074,222,0.084699451383463,0.06652539132339083,0.9996908296379288,111.1542764470423,-0.17435319666879587,0,0.14903793852000433,0
box_sphere_partial_overlap_medium_3,partial_overlap,1075,258,0.08135877476886315,0.0760705828616138,0.9523909427894276,110.54337056217283,-0.372955397176227,1,0.11525495326836825,0
box_sphere_partial_overlap_medium_3,partial_overlap,1077,1760,0.08480245273171808,0.08265438844707283,0.9339566887556998,108.2656381276808,-0.17228495423900955,0,0.06577915535436847,1
box_sphere_partial_overlap_medium_3,partial_overlap,1078,2537,0.07411777630453412,0.07151207436356051,0.9977853075526211,76.74456961491602,0.25782881518479,1,0.06906141806373213,1
box_sphere_partial_overlap_medium_3,partial_overlap,1079,2043,0.09710955156083724,0.08878276074732462,0.9629540935499978,128.5949116943544,-0.2504354527997743,1,0.08860652775911458,0
box_sphere_partial_overlap_medium_3,partial_overlap,1080,729,0.051271962387310424,0.047100162607823154,0.9998781657488287,103.83290132121348,-0.036861553966726024,1,0.12492967802871875,0
box_sphere_partial_overlap_medium_3,partial_overlap,1082,2438,0.09854663139659983,0.08765326014049042,0.9989092857088439,106.33344927388299,-0.03252315534196425,1,0.10814362179674514,0
box_sphere_partial_overlap_medium_3,partial_overlap,1084,428,0.10258801647426402,0.09915494077345857,0.8996307330649576,123.57836345664347,-0.050872284447872104,0,0.10606365101209399,0
box_sphere_partial_overlap_medium_3,partial_overlap,1085,2155,0.11301815710098628,0.10244288198028266,0.9997358086258886,120.68332208977395,0.0857406427076745,0,0.16346897082278003,0
box_sphere_partial_overlap_medium_3,partial_overlap,1086,2606,0.08704646851325107,0.08307579545976046,0.9999613771901795,108.30137008516726,-0.03252315534196425,1,0.0881904304529474,0
box_sphere_partial_overlap_medium_3,partial_overlap,1087,2677,0.08824235984058935,0.08717184005176502,0.1284508203857977,85.23410034642185,0.22356428335943443,0,0.20141808861014693,0
box_sphere_partial_overlap_medium_3,partial_overlap,1089,642,0.09959769494997252,0.09852107542229127,0.9986853364810616,61.8503509445783,0.05448812695079888,0,0.11723854342505731,0
box_sphere_partial_overlap_medium_3,partial_overlap,1090,862,0.1285323778586695,0.12606637664423814,0.9622498522269369,54.12014123010619,-0.09146564929674857,0,0.04212497222594517,1
box_sphere_partial_overlap_medium_3,partial_overlap,1091,19,0.08725938549561461,0.08186560169933507,0.9756273384944933,170.73281762776216,-0.12783324107523536,1,0.155678100935695,0
box_sphere_partial_overlap_medium_3,partial_overlap,1092,2015,0.04210905004634733,0.03231319527530612,0.9937207937832303,92.78148972558719,-0.372955397176227,1,0.16001986754560987,0
box_sphere_partial_overlap_medium_3,partial_overlap,1097,2560,0.06008286438426604,0.05609919177289247,0.9995764552641371,151.1139937370297,-0.02247282807431516,0,0.16821928781836487,0
box_sphere_partial_overlap_medium_3,partial_overlap,1100,1023,0.10576696207630114,0.10015356357250998,0.9661950787661847,68.65767445251699,-0.3021864481787936,0,0.11626117434380392,0
box_sphere_partial_overlap_medium_3,partial_overlap,1101,1215,0.10401664523441571,0.10067383067738837,0.9999391816744694,111.5204858289252,0.2933798271976146,0,0.10360009392038244,0
box_sphere_partial_overlap_medium_3,partial_overlap,1102,2812,0.06842331333306115,0.05712495062349383,0.8897429782957577,64.44155447684427,0.020586615677369458,0,0.06756243928684023,1
box_sphere_partial_overlap_medium_3,partial_overlap,1103,1949,0.08737426740322027,0.08535629422607606,0.9949235143895643,92.64782768309824,-0.02247282807431516,1,0.10323778928116056,0
box_sphere_partial_overlap_medium_3,partial_overlap,1107,1724,0.03968861195697897,0.02634349773272303,0.7828533393258706,38.880343391405674,0.020586615677369458,0,0.13134084527545103,0
box_sphere_partial_overlap_medium_3,partial_overlap,1111,2393,0.033659798123366155,0.03222308315697928,0.9998788605498832,105.70781442181993,0.07696096706212563,0,0.13947824924350263,0
box_sphere_partial_overlap_medium_3,partial_overlap,1112,3263,0.12692980025664627,0.08557145309079772,0.794199767052859,121.84769506183,0.26163115408462706,0,0.08720982370498954,0
box_sphere_partial_overlap_medium_3,partial_overlap,1113,2099,0.041063152997407155,0.037855742597451406,0.9196210657767553,133.34937629011534,0.2776314699318705,1,0.12482198636481832,0
box_sphere_partial_overlap_medium_3,partial_overlap,1114,600,0.09144397265648455,0.08946500299447865,0.99902988638779,100.96760466229902,0.2006704732401757,1,0.0927319623991726,0
box_sphere_partial_overlap_medium_3,partial_overlap,1117,1757,0.09061018914945212,0.08501082064734611,0.9975248791158582,126.5384360183909,0.44015020531223076,1,0.11152382089772132,0
box_sphere_partial_overlap_medium_3,partial_overlap,1119,2216,0.10597658570231352,0.10014584537707952,0.9984000829382745,61.521028922960525,0.011928557821809965,1,0.1190950430310608,0
box_sphere_partial_overlap_medium_3,partial_overlap,1120,840,0.10425976792821257,0.09052580859096249,0.09680434125350888,110.81766280464409,-0.35097655282448864,0,0.2532690975994639,0
box_sphere_partial_overlap_medium_3,partial_overlap,1121,2433,0.08332612699089557,0.08290513326863334,0.9694630870575812,120.3281512279374,0.45198455231522033,1,0.09152251786330466,0
box_sphere_partial_overlap_medium_3,partial_overlap,1126,759,0.0990242031758967,0.09877560528156426,0.9989843501487288,64.48311968687368,-0.07904311686436603,1,0.08328095498967068,0
box_sphere_partial_overlap_medium_3,partial_overlap,1127,330,0.08176133490774856,0.08167795613800126,0.9571474344413985,114.67617715873405,-0.2819837100677177,0,0.06962280787583666,1
box_sphere_partial_overlap_medium_3,partial_overlap,1128,1474,0.10236622723073983,0.10047991971026798,0.2744894644645331,53.22644367596071,-0.12783324651000713,0,0.18519977706197827,0
box_sphere_partial_overlap_medium_3,partial_overlap,1131,860,0.11964588934839689,0.11879137610801507,0.9987584505778047,36.47306396138658,0.0953100964710644,0,0.017966358581860714,1
box_sphere_partial_overlap_medium_3,partial_overlap,1133,2040,0.08099030396991505,0.07783828219719659,0.9988812758160189,95.43162788077957,-0.2112147734926177,1,0.08235307604179966,0
box_sphere_partial_overlap_medium_3,partial_overlap,1135,1265,0.12413200125218617,0.10713546504514725,0.9970982671729681,113.12234787152691,0.09531007980442975,0,0.03510162417319998,1
box_sphere_partial_overlap_medium_3,partial_overlap,1136,1336,0.11631141181625196,0.1107660873718772,0.9998399219581234,73.77834795937211,0.18582399098908933,0,0.07999381518558919,1
box_sphere_partial_overlap_medium_3,partial_overlap,1137,3141,0.10598022364810639,0.10296816109094495,0.9719968253548481,147.9038014754945,0.3934631754790295,0,0.13469559025442124,0
box_sphere_partial_overlap_medium_3,partial_overlap,1140,664,0.04125230018045262,0.033928829966749945,0.995839370954006,98.76085162693956,-0.01660771472786216,0,0.13247573770943633,0
box_sphere_partial_overlap_medium_3,partial_overlap,1141,1934,0.11985332809738011,0.11878471461763905,0.9967684204279488,25.441114013036803,0.0,0,0.037173086998109645,1
box_sphere_partial_overlap_medium_3,partial_overlap,1144,1762,0.0994304012065495,0.096898762197911,0.9994866338424553,106.08896637619503,-0.23319359827918185,0,0.11083668251900256,0
box_sphere_partial_overlap_medium_3,partial_overlap,1145,1468,0.1192434044794124,0.11856049358224238,0.9996068712492271,95.09875503813171,0.22884135814333462,0,0.09454440013500276,0
box_sphere_partial_overlap_medium_3,partial_overlap,1148,2664,0.0975843786974811,0.09566003526824465,0.8584580263221181,98.80923146071622,-0.22961588264025046,1,0.089554545234152,0
box_sphere_partial_overlap_medium_3,partial_overlap,1149,3134,0.08016212841289963,0.07355768396324368,0.9998381023417294,128.72663332806556,0.26163115408462706,1,0.13291586116002016,0
box_sphere_partial_overlap_medium_3,partial_overlap,1150,1184,0.08101670243236142,0.07910507175459816,0.9986004188763729,42.05573869636677,-0.6074055763151961,1,0.06349977174593127,1
box_sphere_partial_overlap_medium_3,partial_overlap,1151,607,0.025496768493145694,0.020628828261829858,0.5280313606405507,40.8457391175978,0.07980592836456624,0,0.1236097161165124,0
box_sphere_partial_overlap_medium_3,partial_overlap,1155,1549,0.11033567176574882,0.10385285966837719,0.9985586053910107,73.3046505937178,0.18582399098908933,0,0.11700276494070125,0
box_sphere_partial_overlap_medium_3,partial_overlap,1157,2008,0.10431221536118553,0.09580925770885541,0.9980447285635864,107.78995448227363,0.1466033162973087,0,0.07950567895199874,1
box_sphere_partial_overlap_medium_3,partial_overlap,1159,968,0.09691899569665587,0.0920085149360453,0.9984562482755623,58.24977529270433,-0.04082195285363091,1,0.10802015232343375,0
box_sphere_partial_overlap_medium_3,partial_overlap,1160,2321,0.08350994953982796,0.07734179190422816,0.9794126222370383,77.76942974066002,0.24685985918172057,0,0.055798036601598745,1
box_sphere_partial_overlap_medium_3,partial_overlap,1161,2581,0.03179246577131031,0.02994345974392355,0.9990352578553627,123.27618781779083,-0.07904311686436603,1,0.15527242973643782,0
box_sphere_partial_overlap_medium_3,partial_overlap,1162,1441,0.0886892084297468,0.08665261914418645,0.9952661798550729,105.95230883945183,-0.17435319666879587,1,0.13873895974562878,0
box_sphere_partial_overlap_medium_3,partial_overlap,1165,2326,0.10216104490361401,0.0992596682876288,0.9971061067225493,91.32088354199476,0.22884135814333462,0,0.07754970469307626,1
box_sphere_partial_overlap_medium_3,partial_overlap,1167,3065,0.08685642816126314,0.08010350340000333,0.9935342767677664,32.221740216328776,0.21511118606873317,0,0.15327188162386687,0
box_sphere_partial_overlap_medium_3,partial_overlap,1169,1072,0.11388608005556061,0.0937516041408922,0.8697418187854828,73.88982292701665,0.18232139012744064,0,0.07451138959028729,1
box_sphere_partial_overlap_medium_3,partial_overlap,1170,2488,0.13714965044401406,0.12391970156482618,0.9844677977326812,125.19630956468639,-0.12783324107523536,0,0.11730252473174385,0
box_sphere_partial_overlap_medium_3,partial_overlap,1171,2081,0.09079822273838423,0.08031478500587388,0.9989755062219154,98.77693165395468,0.1484198671873671,0,0.11831841876009741,0
box_sphere_partial_overlap_medium_3,partial_overlap,1173,1257,0.1067751276115267,0.1021567371445435,0.9833927468458616,112.94270088775734,0.19493983520326097,0,0.08522901976970634,0
box_sphere_partial_overlap_medium_3,partial_overlap,1176,678,0.05161711035495793,0.04182654735601718,0.8229002391872493,71.19487257590042,0.15984854618014144,0,0.14443224070482097,0
box_sphere_partial_overlap_medium_3,partial_overlap,1177,1907,0.10946565412454416,0.1012729288979426,0.9998540690190256,78.02535980974376,0.09531007980442975,0,0.09607827960310929,0
box_sphere_partial_overlap_medium_3,partial_overlap,1180,3139,0.10388646400114188,0.09582140372735354,0.9963087268986189,176.17655338062738,0.03922067469178058,0,0.14781655268034816,0
box_sphere_partial_overlap_medium_3,partial_overlap,1181,2250,0.11151930043272397,0.10770180847033738,0.9989186333851158,139.17767911973,-0.2188049157614113,0,0.10656915023000517,0
box_sphere_partial_overlap_medium_3,partial_overlap,1183,1243,0.10669075708364426,0.09965520709052694,0.9993621780057839,172.09972023962248,0.18582399098908933,0,0.09441054670378718,0
box_sphere_partial_overlap_medium_3,partial_overlap,1184,2036,0.05697245656247012,0.0564808250334381,0.7957224270182086,63.721557683423825,-0.5465432853157707,0,0.12212674239036732,0
box_sphere_partial_overlap_medium_3,partial_overlap,1185,2362,0.1018786291844082,0.09825834656304734,0.8293078571015542,152.25251958911784,0.011928557821809965,0,0.13531523962434586,0
box_sphere_partial_overlap_medium_3,partial_overlap,1189,3319,0.08943697009784143,0.08890912461928066,0.9982983037273215,89.65602881166056,-0.07653998501718201,1,0.10351938297447245,0
box_sphere_partial_overlap_medium_3,partial_overlap,1190,588,0.11717795940055516,0.11352489760334519,0.9980626698763773,99.36034951233445,0.4427108816073987,0,0.1187158125460948,0
box_sphere_partial_overlap_medium_3,partial_overlap,1191,3099,0.09560908488948719,0.09504300713383551,0.9542323998745894,89.74799030393078,0.07696096706212563,1,0.08356257112770388,0
box_sphere_partial_overlap_medium_3,partial_overlap,1192,961,0.0914427066128626,0.08760705516990032,0.11489691600730488,114.60369444298193,-0.31888824900526763,0,0.22951735453807875,0
box_sphere_partial_overlap_medium_3,partial_overlap,1194,2001,0.11300238354537152,0.11027121423239997,0.9743295912447503,87.2684282443753,0.15984854618014144,1,0.09087243941076363,0
box_sphere_partial_overlap_medium_3,partial_overlap,1195,160,0.1134536291331239,0.0565084530420579,0.8149236749518386,105.37301237824194,0.25782881518479,0,0.07636183624713101,1
box_sphere_partial_overlap_medium_3,partial_overlap,1197,2521,0.09451131612794522,0.0922665872839359,0.9915885153972976,97.59932545436928,-0.21484452880277033,1,0.12724444771750534,0
box_sphere_partial_overlap_medium_3,partial_overlap,1199,1894,0.055316036881550665,0.0507837272621943,0.25873945557275174,52.57144206634645,-0.20787588367078538,0,0.1706193724741756,0
box_sphere_partial_overlap_medium_3,partial_overlap,1200,2135,0.06396087787828086,0.04929225554809922,0.9975491272403771,129.23213792349728,-0.12783322865290195,0,0.15239636139249246,0
box_sphere_partial_overlap_medium_3,partial_overlap,1201,1446,0.03359609570475372,0.024328612699961383,0.7509438601638524,109.76422116473495,-0.2504354527997743,1,0.13924895623307681,0
box_sphere_partial_overlap_medium_3,partial_overlap,1202,1757,0.10484408172094557,0.09318028331202088,0.9976868760541528,105.42026264584678,0.3347897822469157,0,0.1137776231409353,0
box_sphere_partial_overlap_medium_3,partial_overlap,1205,111,0.04232716387070781,0.04169010490020052,0.44703357418541095,24.54820735862525,0.2437299469917969,0,0.14658498861386424,0
box_sphere_partial_overlap_medium_3,partial_overlap,1206,1211,0.10701328847494894,0.09383115188598423,0.9222591726132201,82.72574334713232,-0.8654309984372556,0,0.12590355540032058,0
box_sphere_partial_overlap_medium_3,partial_overlap,1213,2464,0.08562086740710631,0.08008995456728651,0.9891919426594598,70.78552200296,0.07980592836456624,0,0.051635836819458346,1
box_sphere_partial_overlap_medium_3,partial_overlap,1214,1695,0.10622814243077622,0.10389762465387106,0.9987369402923082,126.00588981051335,-0.04082195285363091,1,0.10152488572598724,0
box_sphere_partial_overlap_medium_3,partial_overlap,1215,1769,0.07347723124117952,0.07279739766204069,0.9744031179425604,111.3002444372543,-0.018634063629787288,1,0.08708211633171477,0
box_sphere_partial_overlap_medium_3,partial_overlap,1219,2718,0.10065144654708401,0.0980207480803624,0.9964897297443501,74.96089769740267,-0.17228495423900955,0,0.11195047820383378,0
box_sphere_partial_overlap_medium_3,partial_overlap,1221,2527,0.0478974421210217,0.028160018714063473,0.9996015077678253,53.07692961084018,0.15984852038654465,0,0.09645050290676656,0
box_sphere_partial_overlap_medium_3,partial_overlap,1222,604,0.11868868065914001,0.11542805927581126,0.9992300658813893,106.06517697733825,0.06140857353099098,0,0.06464675863883482,1
box_sphere_partial_overlap_medium_3,partial_overlap,1223,17,0.10495434436046419,0.08057520035689805,0.9384584315994575,59.028907571092795,-0.014504673345750287,0,0.14876342876483206,0
box_sphere_partial_overlap_medium_3,partial_overlap,1224,1332,0.10371713876748664,0.10085563219965846,0.9481297278250083,40.31847519671751,-0.03252316746315372,0,0.075747596318601,1
box_sphere_partial_overlap_medium_3,partial_overlap,1226,272,0.09381426356147698,0.08098518961603782,0.9901724116586652,42.658080523835594,0.03250924796951011,0,0.05755795642730953,1
box_sphere_partial_overlap_medium_3,partial_overlap,1227,1088,0.12882934698185503,0.10919146269130528,0.9976953328609134,109.67939918119941,0.2006704732401757,0,0.11553259979122882,0
box_sphere_partial_overlap_medium_3,partial_overlap,1229,1349,0.09948863120151093,0.09790189909311772,0.9964876182273461,65.39821102970356,0.1484198671873671,1,0.0962805912086296,0
box_sphere_partial_overlap_medium_3,partial_overlap,1230,1072,0.14029755665014723,0.13775592690088406,0.996857653481859,30.408411327856456,0.07696096706212563,0,0.009771549997615994,1
box_sphere_partial_overlap_medium_3,partial_overlap,1231,1763,0.08683841052522229,0.07030568333938274,0.3575775027660133,137.2053602399636,-0.31015448386003713,0,0.16465912329203614,0
box_sphere_partial_overlap_medium_3,partial_overlap,1233,3057,0.09855448347962446,0.09172955692178437,0.9989100363736159,94.66471671215149,0.026317284507871304,1,0.06246299053240532,1
box_sphere_partial_overlap_medium_3,partial_overlap,1234,1514,0.08636704717858974,0.07907749942415003,0.9940638456615678,119.24327358077127,-0.0813132671305002,0,0.11136651462335856,0
box_sphere_partial_overlap_medium_3,partial_overlap,1235,1042,0.10771779312608684,0.10032602899697271,0.9700039089755113,67.0847522023264,0.17065946697611772,0,0.11220946115641146,0
box_sphere_partial_overlap_medium_3,partial_overlap,1236,2767,0.10544584659922564,0.09960924941037629,0.9980676504519219,112.43743035671723,0.12348093507801945,0,0.14452372955526005,0
box_sphere_partial_overlap_medium_3,partial_overlap,1240,1744,0.09440221554172752,0.09042770829543881,0.9953379608544826,58.852304511941604,0.18232139012744064,1,0.12286799410112464,0
box_sphere_partial_overlap_medium_3,partial_overlap,1241,2428,0.08480627151716726,0.08151856245726519,0.9537592055620576,76.2060243612938,0.20240814008910527,0,0.10059854858146992,0
box_sphere_partial_overlap_medium_3,partial_overlap,1242,65,0.10429506875100461,0.10425131723401837,0.9990197023219415,127.38519264225236,-0.47613927656374727,0,0.10854788744172734,0
box_sphere_partial_overlap_medium_3,partial_overlap,1245,1047,0.11831241132388792,0.11478424791833274,0.9996253353236871,145.8653299042658,0.17444729320217015,0,0.1427916962577413,0
box_sphere_partial_overlap_medium_3,partial_overlap,1247,424,0.08991504625569308,0.08846053803955216,0.9982784601804738,57.47555540284666,-0.0813132671305002,1,0.12499342903141053,0
box_sphere_partial_overlap_medium_3,partial_overlap,1250,7,0.07576757428367022,0.07552235160933839,0.998319226091513,106.39155171394562,-0.5073222280337811,1,0.07637990324156319,1
box_sphere_partial_overlap_medium_3,partial_overlap,1251,251,0.10757401237087845,0.09899025877971789,0.9976612823814394,89.6860676131715,0.25165587367736647,1,0.0975702077051478,0
box_sphere_partial_overlap_medium_3,partial_overlap,1256,2997,0.07670599658544759,0.0764996224515747,0.9626161430902471,81.45398393307364,-0.415515039200161,1,0.09699146031250981,0
box_sphere_partial_overlap_medium_3,partial_overlap,1260,522,0.0789572998109454,0.07659272572775778,0.9995932733710893,100.84847878677672,-0.12783324107523536,1,0.13385153276410172,0
box_sphere_partial_overlap_medium_3,partial_overlap,1261,2950,0.044007702848272885,0.036659048798825915,0.9991813799533944,78.69325202408866,0.22356428335943443,1,0.16447292940044564,0
box_sphere_partial_overlap_medium_3,partial_overlap,1262,3076,0.06913951081441397,0.06694569343973251,0.9110955295358057,119.93890060032972,0.17227104686655548,0,0.14544655893715724,0
box_sphere_partial_overlap_medium_3,partial_overlap,1264,3138,0.10594495640832577,0.10427055357377517,0.9996953112163546,98.92906091113662,0.1484198671873671,0,0.12428698475407254,0
box_sphere_partial_overlap_medium_3,partial_overlap,1265,1899,0.0722833815579277,0.0721216115801094,0.635955301941215,96.50520884791182,-0.1278332603988704,0,0.12665962008439408,0
box_sphere_partial_overlap_medium_3,partial_overlap,1266,1798,0.03602234610885781,0.021661250548016948,0.79740503103212,82.7283985129376,-0.3285036780836116,1,0.12757730311527551,0
box_sphere_partial_overlap_medium_3,partial_overlap,1269,1075,0.09851724470356113,0.09570035269224578,0.9992972748694848,95.81728610379145,0.4317819342832273,0,0.10650334328158843,0
box_sphere_partial_overlap_medium_3,partial_overlap,1272,1276,0.10438074976846927,0.10298658458680554,0.9995664447401501,107.53393202263581,0.018770081150914646,0,0.1324226598646725,0
box_sphere_partial_overlap_medium_3,partial_overlap,1273,2336,0.11100849951471552,0.10991736092398205,0.9973379466197004,78.73182430053399,0.21511118606873317,0,0.07417661734293526,1
box_sphere_partial_overlap_medium_3,partial_overlap,1275,1273,0.09499838934015442,0.0933386367883453,0.6255218340333168,116.30158725769392,0.22884135814333462,0,0.12426701977547475,0
box_sphere_partial_overlap_medium_3,partial_overlap,1278,1128,0.08839930855247251,0.0856247605799498,0.3743250565367264,87.03092701689114,-0.35097655282448864,0,0.19349388744342877,0
box_sphere_partial_overlap_medium_3,partial_overlap,1279,1108,0.10517746853524344,0.09834355070350216,0.9989345545967887,125.96115117529561,-0.04445171909261546,0,0.1227948852781446,0
box_sphere_partial_overlap_medium_3,partial_overlap,1280,80,0.1232826815253928,0.11521349609808139,0.999647457158692,115.9114054637599,0.1133285781642475,0,0.08871834907806951,0
box_sphere_partial_overlap_medium_3,partial_overlap,1282,1276,0.07882878399028846,0.07282344476089676,0.9991339594141783,134.81461372510444,-0.027749880371487037,1,0.08689394984271526,0
box_sphere_partial_overlap_medium_3,partial_overlap,1285,2859,0.08549161095001058,0.08288630760864993,0.9983072659929229,207.81998144456898,-0.027749880371487037,1,0.133987912382028,0
box_sphere_partial_overlap_medium_3,partial_overlap,1286,1737,0.1101361718940831,0.08124299416065865,0.9248390380710791,115.97252185767096,0.2920202318145566,1,0.09768250180831387,0
box_sphere_partial_overlap_medium_3,partial_overlap,1287,2374,0.0829015027750271,0.07717090334910263,0.975548461855296,94.5238774608012,-0.04445171909261546,0,0.1083831778395253,0
box_sphere_partial_overlap_medium_3,partial_overlap,1288,928,0.0429386623277549,0.03673354488285603,0.9993018330155065,91.02420536279963,-0.12783324107523536,0,0.16805786737205528,0
box_sphere_partial_overlap_medium_3,partial_overlap,1289,2320,0.04581976918128659,0.033578334962753364,0.9997632397821961,131.35758026177172,-0.03252315534196425,1,0.1682217198120301,0
box_sphere_partial_overlap_medium_3,partial_overlap,1292,1872,0.10596974340890288,0.09942686628946874,0.9993801707505576,158.47810056496783,-0.027749880371487037,0,0.15334259716991083,0
box_sphere_partial_overlap_medium_3,partial_overlap,1293,1176,0.09536143795500981,0.09132904651066633,0.9983803395246063,82.89210632187412,0.06322179431468887,1,0.0884611399018438,0
box_sphere_partial_overlap_medium_3,partial_overlap,1296,510,0.11431826971394668,0.10885945658396297,0.998645700375198,135.52963252831535,0.011928557821809965,0,0.09166726509775201,0
box_sphere_partial_overlap_medium_3,partial_overlap,1298,2464,0.0801139068337337,0.07416535011165,0.9557603608436199,106.48117258536915,0.01526745931028635,1,0.09891286192284392,0
box_sphere_partial_overlap_medium_3,partial_overlap,1302,2872,0.0834533582793797,0.08299390829265679,0.9843533461975458,119.51659323928749,0.2776314699318705,0,0.12241805074242108,0
box_sphere_partial_overlap_medium_3,partial_overlap,1304,404,0.02421171622385326,0.013735536304953833,0.9977367949828011,116.99209795963095,-0.33914204220843663,1,0.17120380479369252,0
box_sphere_partial_overlap_medium_3,partial_overlap,1305,1543,0.1408255546532447,0.07014680815841914,0.8851874934152004,79.79980655141534,0.0857406427076745,0,0.1366534878297611,0
box_sphere_partial_overlap_medium_3,partial_overlap,1306,1204,0.09121887888325023,0.08880031803105927,0.9894037474293267,52.445552793674494,0.04651996801589379,0,0.1110635178918077,0
box_sphere_partial_overlap_medium_3,partial_overlap,1307,1331,0.03906757163541864,0.031903506107442574,0.9822861812667913,74.8325757003646,-0.4792307573736482,0,0.16868073329256789,0
box_sphere_partial_overlap_medium_3,partial_overlap,1309,2026,0.08539846700876796,0.08465657105231768,0.9989285086760301,45.32801167491532,0.0857406427076745,1,0.09185836502884555,0
box_sphere_partial_overlap_medium_3,partial_overlap,1310,125,0.06551148036446149,0.039306426747169956,0.9369094277381749,61.52357749567701,-0.1278332215100611,0,0.15187036809354879,0
box_sphere_partial_overlap_medium_3,partial_overlap,1313,3311,0.06809867012069534,0.05874113270645352,0.8238111238110712,100.46356849733883,-0.20479422746099615,0,0.08976942857010943,0
box_sphere_partial_overlap_medium_3,partial_overlap,1315,2916,0.05808315234999351,0.047487728331290134,0.11889413495109016,51.97737866693516,-0.12783325612537383,0,0.16466326089289962,0
box_sphere_partial_overlap_medium_3,partial_overlap,1320,1455,0.04190829886894277,0.03161268452207887,0.8163891781849152,59.86248040470605,0.3335119798504475,0,0.11053044628989575,0
box_sphere_partial_overlap_medium_3,partial_overlap,1321,1641,0.07938974449077549,0.06391103694219258,0.40082630059051705,47.40722009220686,-0.010050326594250552,0,0.15232912692347259,0
box_sphere_partial_overlap_medium_3,partial_overlap,1327,757,0.09368890627102427,0.08369257138259835,0.9994308133626939,54.3078325669446,0.2006704732401757,0,0.0797759825054906,1
box_sphere_partial_overlap_medium_3,partial_overlap,1328,2928,0.09753380957135493,0.09231223244565301,0.9998714084462035,75.35480884484966,0.03250924796951011,0,0.12560854057094745,0
box_sphere_partial_overlap_medium_3,partial_overlap,1332,861,0.12191946131834956,0.11912820213810914,0.9977788839556062,57.50185961411115,0.1105775633570958,0,0.0626402949283944,1
box_sphere_partial_overlap_medium_3,partial_overlap,1334,2083,0.12008283803623994,0.1132357382627699,0.8142874067743745,71.96464694004216,-0.08701129365637626,0,0.09600036582238955,0
box_sphere_partial_overlap_medium_3,partial_overlap,1337,1624,0.11192433557070798,0.11094062601459746,0.9952242230645474,159.23415804783025,0.011928557821809965,0,0.12958587716364184,0
box_sphere_partial_overlap_medium_3,partial_overlap,1338,2621,0.09641653348232879,0.08805406643979874,0.9888753265860118,37.41995141675617,-0.0064725098973259345,0,0.08172049290978187,0
box_sphere_partial_overlap_medium_3,partial_overlap,1340,131,0.06432156119470656,0.04369415928466711,0.9977954153672567,87.47794577663288,-0.07653998501718201,0,0.12584266691375515,0
box_sphere_partial_overlap_medium_3,partial_overlap,1341,1582,0.07439762071776439,0.0711406764815467,0.9996325754438726,134.856848355301,0.06887685907163212,1,0.10330909225535857,0
box_sphere_partial_overlap_medium_3,partial_overlap,1343,3096,0.06452610037773152,0.06198147609991946,0.9420073021765495,53.499204032551575,0.06887685907163212,0,0.14794450749573765,0
box_sphere_partial_overlap_medium_3,partial_overlap,1344,1106,0.0509274783214018,0.03127142240648574,0.9358493794429162,86.81861433872167,0.32019108893999715,0,0.17983788482492732,0
box_sphere_partial_overlap_medium_3,partial_overlap,1345,2455,0.11197492295172864,0.11194699306797454,0.19025590761722033,84.68945212382211,-0.26136449032517206,0,0.24615213714455678,0
box_sphere_partial_overlap_medium_3,partial_overlap,1347,764,0.10790084932266382,0.10591054346573656,0.9982966988084881,87.75618870761335,-0.04779061896459558,0,0.11622082738988639,0
box_sphere_partial_overlap_medium_3,partial_overlap,1348,1174,0.05464585419711309,0.026164052782733666,0.9257634500002956,96.73221287277958,-0.17039281563899605,0,0.07761739206337508,1
box_sphere_partial_overlap_medium_3,partial_overlap,1349,3344,0.0966909808701732,0.09073735866140953,0.9978073923399597,111.36089121878469,0.18582399098908933,1,0.1485076271039914,0
box_sphere_partial_overlap_medium_3,partial_overlap,1350,1731,0.06806611651495058,0.05240551455807163,0.3803689016878727,81.9935090700291,0.03250924796951011,0,0.15470200289546357,0
box_sphere_partial_overlap_medium_3,partial_overlap,1351,248,0.07137280699091628,0.05815741414994751,0.9115677569689533,53.66420574842327,0.23989114793195632,0,0.13749723373216408,0
box_sphere_partial_overlap_medium_3,partial_overlap,1356,2920,0.08615738719500135,0.08356332182789049,0.9984731010509673,84.74920016162825,-0.12783317151019818,1,0.10316249401406846,0
box_sphere_partial_overlap_medium_3,partial_overlap,1357,316,0.08385897398714774,0.08112729244252459,0.9992156511292043,76.4335894154474,0.27763144030230136,1,0.09901583117556469,0
box_sphere_partial_overlap_medium_3,partial_overlap,1360,2372,0.10896105245097147,0.10544993279828839,0.9994162971865992,121.95849749318273,0.17444729320217015,0,0.10124530558146966,0
box_sphere_partial_overlap_medium_3,partial_overlap,1361,737,0.08368289194850376,0.07686012011264028,0.9989037967138321,133.25170722473723,-0.07653998501718201,1,0.04584676927441914,1
box_sphere_partial_overlap_medium_3,partial_overlap,1362,380,0.10388308707899659,0.1011388986646475,0.9967901139064563,42.32083898352794,0.2139157652922094,0,0.059975776754758604,1
box_sphere_partial_overlap_medium_3,partial_overlap,1363,1678,0.08882080305243042,0.08102655366175696,0.9993710347260976,83.83166114203996,0.22884135814333462,0,0.05728147453678331,1
box_sphere_partial_overlap_medium_3,partial_overlap,1364,2687,0.12574597361502912,0.10538742665237259,0.8417217121422143,107.0980443564977,0.22884135814333462,0,0.07521177105749331,1
box_sphere_partial_overlap_medium_3,partial_overlap,1367,3147,0.11974878690515653,0.09337441387188242,0.9822774597058164,108.5066987555714,0.27763144030230136,0,0.05107905079818052,1
box_sphere_partial_overlap_medium_3,partial_overlap,1369,2285,0.07720959096401755,0.06755782852177755,0.9576368604915158,135.98250246602424,-0.310154594970867,1,0.1294083781716119,0
box_sphere_partial_overlap_medium_3,partial_overlap,1371,1931,0.11255181555032726,0.11034106623670258,0.9985682539620389,99.46440094528968,0.03922067469178058,0,0.08359843195233291,0
box_sphere_partial_overlap_medium_3,partial_overlap,1373,2161,0.10126121685709641,0.09968890819348128,0.9998367271546375,91.84960276425863,-0.12783324651000713,0,0.09767191129741395,0
box_sphere_partial_overlap_medium_3,partial_overlap,1374,2787,0.10426642568765981,0.10376273536668287,0.999527776795726,149.5415969112702,0.14410015945018403,0,0.09412963057709749,0
box_sphere_partial_overlap_medium_3,partial_overlap,1375,268,0.10308971935244193,0.10224832653170254,0.9999169400485564,102.09701567343417,0.09531005480448886,0,0.07855426640599043,1
box_sphere_partial_overlap_medium_3,partial_overlap,1376,3005,0.0665254194304954,0.05585234768563718,0.9989566816117671,76.82825159151558,-0.12783322865290195,0,0.1272803733506175,0
box_sphere_partial_overlap_medium_3,partial_overlap,1378,3299,0.07565881706372032,0.07304627897030083,0.9974215092874379,132.53058076549092,0.1057813634436778,0,0.09912169823994704,0
box_sphere_partial_overlap_medium_3,partial_overlap,1383,1098,0.10325552465042305,0.09295712608062702,0.998239796597792,87.05137375307666,0.06887685907163212,0,0.06126222727615851,1
box_sphere_partial_overlap_medium_3,partial_overlap,1385,2791,0.09421613250665986,0.09345353829148828,0.9992468119110323,128.154249767797,-0.03252315534196425,1,0.10362595077328184,0
box_sphere_partial_overlap_medium_3,partial_overlap,1387,1782,0.08759316516826347,0.0850878829682802,0.9804541481495732,107.52582390439812,-0.08861257681821721,0,0.10293360927069817,0
box_sphere_partial_overlap_medium_3,partial_overlap,1390,821,0.050237384714359574,0.025339730882844292,0.9732185821526822,66.50294951272492,-0.08701129365637626,0,0.11460237514207754,0
box_sphere_partial_overlap_medium_3,partial_overlap,1397,3171,0.08375370920744385,0.08241863615412472,0.9881939763737624,107.49192365039002,0.03250924796951011,0,0.08798518178091744,0
box_sphere_partial_overlap_medium_3,partial_overlap,1398,3150,0.09505636878634334,0.09052563972409845,0.9284473645390151,99.95808246121005,0.5386450797492799,0,0.08273835916869676,0
box_sphere_partial_overlap_medium_3,partial_overlap,1399,1648,0.03274895903065094,0.006112595954597719,0.2845483853826721,101.6019629000384,0.4519848380289553,0,0.14185590802035258,0
box_sphere_partial_overlap_medium_3,partial_overlap,1400,963,0.06503135630242131,0.04246168050945855,0.8824099846529245,52.386919290236754,-0.0927419753439979,0,0.06227129104058926,1
box_sphere_partial_overlap_medium_3,partial_overlap,1401,2027,0.07415820722100948,0.0739230250577603,0.9998492428331082,100.27157647641178,0.3421699389861505,1,0.07931117998394532,1
box_sphere_partial_overlap_medium_3,partial_overlap,1404,161,0.10919219744892696,0.10876134007095854,0.9995955349376983,68.50069225565397,0.13453075449621038,0,0.10523837850029875,0
box_sphere_partial_overlap_medium_3,partial_overlap,1405,1241,0.10826758015637486,0.10730266936949195,0.9663018262383519,147.7138609391279,-0.08701129365637626,0,0.10056880375545223,0
box_sphere_partial_overlap_medium_3,partial_overlap,1408,1560,0.05847835079977014,0.05826845802591672,0.7879754445695839,68.62874554236546,-0.12783329650992895,0,0.13348990879593042,0
box_sphere_partial_overlap_medium_3,partial_overlap,1411,2910,0.08588714626348141,0.07070222958796753,0.8900975755313195,127.55776894611806,-0.12783322865290195,0,0.1204917444231977,0
box_sphere_partial_overlap_medium_3,partial_overlap,1413,2498,0.09399219027476852,0.0810912935348428,0.968436507126073,49.61638101843552,0.17227104686655548,0,0.12140261324881227,0
box_sphere_partial_overlap_medium_3,partial_overlap,1415,910,0.09482745337616089,0.09459853904092197,0.9763822103982446,63.41326445432768,-0.2504354527997743,1,0.1370711588197335,0
box_sphere_partial_overlap_medium_3,partial_overlap,1417,1334,0.05099954005096633,0.044498998611287546,0.8629953284172786,48.99110452292664,-0.005231044400834855,0,0.14435378759017362,0
box_sphere_partial_overlap_medium_3,partial_overlap,1418,2849,0.03146128821187342,0.022428395407889403,0.6136486922251354,84.3402130111079,-0.005231044400834855,1,0.11762850131154418,0
box_sphere_partial_overlap_medium_3,partial_overlap,1420,2694,0.10172486268739993,0.09779806186092768,0.9973932908373145,89.93330649556262,0.04651996801589379,1,0.10742188159765778,0
box_sphere_partial_overlap_medium_3,partial_overlap,1421,1693,0.11855707204318108,0.11029769386712485,0.9435319841410799,108.89057687270929,0.020586615677369458,0,0.07893235426411838,1
box_sphere_partial_overlap_medium_3,partial_overlap,1427,2923,0.09028651089977738,0.08936104533253321,0.29466045526992246,120.20122233854316,-0.20787588367078538,0,0.2162997090613451,0
box_sphere_partial_overlap_medium_3,partial_overlap,1428,2496,0.10112230411382223,0.09558044484596585,0.9998200634329778,70.66336166295208,-0.26136449032517206,0,0.11336016218738952,0
box_sphere_partial_overlap_medium_3,partial_overlap,1429,2971,0.1053533085615517,0.10087476664020219,0.9998805896664675,90.00442733361767,0.18232139012744064,0,0.1063460118181574,0
box_sphere_partial_overlap_medium_3,partial_overlap,1430,632,0.11200992947975359,0.108126059903415,0.952247761397932,154.8077050732124,0.31042126587316304,0,0.10555235307932247,0
box_sphere_partial_overlap_medium_3,partial_overlap,1431,698,0.08603306949048767,0.08486835620517401,0.9996353436162893,70.96225603341678,0.018770081150914646,1,0.0787717166832461,1
box_sphere_partial_overlap_medium_3,partial_overlap,1432,2055,0.11872586884772503,0.11491750363975797,0.9825759415219746,70.37424489937514,0.005698015162262853,0,0.09401736220464142,0
box_sphere_partial_overlap_medium_3,partial_overlap,1433,1010,0.10430345109287494,0.08681655207753874,0.9794770130598992,68.49812069416883,-0.08861257681821721,0,0.08826876008635849,0
box_sphere_partial_overlap_medium_3,partial_overlap,1434,1109,0.0836548364384406,0.06656788720588742,0.9505388195170345,114.08829659598193,-0.010050326594250552,0,0.13821410479094245,0
box_sphere_partial_overlap_medium_3,partial_overlap,1435,1234,0.033836911182083526,0.03363882910261621,0.2669679728055818,80.25680472519511,0.3093802460688898,0,0.14973656492392232,0
box_sphere_partial_overlap_medium_3,partial_overlap,1436,2562,0.11151646510109071,0.1067696069549456,0.952090849373117,109.70139211849921,-0.25299614191542286,0,0.04787960986782386,1
box_sphere_partial_overlap_medium_3,partial_overlap,1437,1474,0.05635009359098308,0.05430719536095191,0.3928570328980902,51.19604666429316,-0.010050326594250552,0,0.17513797367460748,0
box_sphere_partial_overlap_medium_3,partial_overlap,1440,2991,0.08838442874083934,0.08334668724109429,0.9663120159393733,116.31978916751765,0.26163115408462706,0,0.06362855163521725,1
box_sphere_partial_overlap_medium_3,partial_overlap,1441,3138,0.10552332997254076,0.09546474034377876,0.9988394316964977,83.46140228545427,0.18232139012744064,0,0.06812904616125272,1
box_sphere_partial_overlap_medium_3,partial_overlap,1442,2524,0.050322068361918236,0.04806584584722395,0.7773195559793024,91.48933481984538,-0.036861553966726024,0,0.1542867371672139,0
box_sphere_partial_overlap_medium_3,partial_overlap,1443,837,0.08597181083257871,0.07761011064190922,0.6278278429443449,40.77299299285877,0.22884135814333462,0,0.11476218554579333,0
box_sphere_partial_overlap_medium_3,partial_overlap,1444,2129,0.05825286485926272,0.0229770725943826,0.9953078860105147,74.04105826324074,0.4852704507363877,0,0.11761286106998672,0
box_sphere_partial_overlap_medium_3,partial_overlap,1445,680,0.0986192492766013,0.09693780252663975,0.9997404728381689,131.01213366595235,0.09531007980442975,0,0.13334281839283585,0
box_sphere_partial_overlap_medium_3,partial_overlap,1446,3085,0.12987031535973625,0.12387252182558134,0.815485261893778,78.36192840357924,0.0857406427076745,0,0.0693640592680131,1
box_sphere_partial_overlap_medium_3,partial_overlap,1447,2443,0.09507021433349738,0.0925220764422001,0.9999161184140891,44.959988756808016,0.026317284507871304,0,0.11755087620231396,0
box_sphere_partial_overlap_medium_3,partial_overlap,1448,2443,0.0735416137998195,0.07098782796115846,0.999844194780312,79.37222764227981,0.026317284507871304,1,0.0835076709899914,0
box_sphere_partial_overlap_medium_3,partial_overlap,1451,350,0.10159999418573963,0.09453721432432106,0.9985217924870917,67.43681304471201,0.12999558003839595,0,0.13190703880720325,0
box_sphere_partial_overlap_medium_3,partial_overlap,1452,1395,0.11377968744423844,0.11332433811174461,0.9508972382459076,106.60101690603844,-0.28817574944361596,0,0.13636915211470904,0
box_sphere_partial_overlap_medium_3,partial_overlap,1455,608,0.10973391771238253,0.10935404639254619,0.9922664817696804,123.60701643461836,0.15984854618014144,0,0.09142927649871596,0
box_sphere_partial_overlap_medium_3,partial_overlap,1459,2055,0.11467966232522166,0.10739436214163112,0.9860211468838336,73.17408775669084,0.12348093507801945,1,0.10632295845788509,0
box_sphere_partial_overlap_medium_3,partial_overlap,1460,2378,0.10220304542910932,0.06368895648625643,0.997175354055533,49.267236840217215,0.18582399098908933,0,0.0631214759836315,1
box_sphere_partial_overlap_medium_3,partial_overlap,1464,2483,0.1234362181343878,0.10872582194229886,0.9856195567768761,68.04916196701306,0.07696096706212563,0,0.04244800508032443,1
box_sphere_partial_overlap_medium_3,partial_overlap,1466,932,0.0827761027170774,0.07358001915479288,0.9969574176714533,76.4751072036138,0.31845335611897974,1,0.05958679983986011,1
box_sphere_partial_overlap_medium_3,partial_overlap,1467,3246,0.1084026128779221,0.10503135145211528,0.9494127377081388,111.7730110691346,0.3490903404275428,1,0.08371977910719369,0
box_sphere_partial_overlap_medium_3,partial_overlap,1468,1618,0.101514943206914,0.10055965669447037,0.09181263838112888,45.69335606056788,-0.12783325612537383,0,0.2518684064369973,0
box_sphere_partial_overlap_medium_3,partial_overlap,1469,1391,0.09882344772306995,0.09122837193295198,0.9445302016623133,90.26479322447834,-0.06114194918032683,0,0.055167210623536855,1
box_sphere_partial_overlap_medium_3,partial_overlap,1474,1354,0.11218548317097657,0.09280552424778012,0.9969671773689535,34.09305505465984,-0.08701129365637626,0,0.09410109797955703,0
box_sphere_partial_overlap_medium_3,partial_overlap,1475,126,0.0850486167686439,0.07654712176502144,0.18334543634676023,62.43600083718594,0.27763149417425026,0,0.20638883776454642,0
box_sphere_partial_overlap_medium_3,partial_overlap,1477,1478,0.06857017882505921,0.06518982878043596,0.9611350219125014,100.57687118193799,-0.04082195285363091,0,0.11372469238362726,0
box_sphere_partial_overlap_medium_3,partial_overlap,1479,2095,0.04223812065623038,0.03203452788970914,0.6852609848595753,69.70014020391801,-0.16865520436362869,1,0.14396756422508286,0
box_sphere_partial_overlap_medium_3,partial_overlap,1481,2566,0.050528079501243314,0.024441224485341903,0.9178107978744146,82.51845792723798,0.12348093507801945,0,0.12880562297935344,0
box_sphere_partial_overlap_medium_3,partial_overlap,1482,1088,0.05860394686596218,0.05644838853721834,0.8177624377732887,120.5230522639756,0.27763144030230136,0,0.12380718610758605,0
box_sphere_partial_overlap_medium_3,partial_overlap,1484,1307,0.07160011279002462,0.04843352968422656,0.9992476549977445,131.5860554535513,0.25993189446155635,0,0.19511013498950414,0
box_sphere_partial_overlap_medium_3,partial_overlap,1485,1498,0.05041927664292205,0.034006448736906954,0.9087072952613444,52.784112247441335,0.3074844350423081,0,0.11221871380026094,0
box_sphere_partial_overlap_medium_3,partial_overlap,1488,2432,0.07339912043638827,0.05168717214122672,0.08033216958471373,88.14579838332577,-0.036861553966726024,0,0.19944731444957114,0
box_sphere_partial_overlap_medium_3,partial_overlap,1489,656,0.09336995643143854,0.08809600239385923,0.998253426752656,119.87437433333385,0.3829917855900146,0,0.11400865294895622,0
box_sphere_partial_overlap_medium_3,partial_overlap,1492,771,0.0955802048405551,0.09182609129420868,0.9934487905321278,77.80847825843281,0.40624868237215717,0,0.09155134216056332,0
box_sphere_partial_overlap_medium_3,partial_overlap,1497,168,0.0912223458955361,0.08151990537552999,0.9999010037528203,59.69989999780158,-0.49073825922175546,0,0.07262773292949026,1
box_sphere_partial_overlap_medium_3,partial_overlap,1498,2775,0.09583072280423974,0.08904555915496597,0.7821610276438649,128.05799853493923,-0.03252315534196425,0,0.1158024056583837,0
box_sphere_partial_overlap_medium_3,partial_overlap,1500,1282,0.09224792212310792,0.08022621771689416,0.9997573825013505,67.08497774217827,0.05448812695079888,0,0.03960862605113849,1
box_sphere_partial_overlap_medium_3,partial_overlap,1501,2429,0.11984036966806917,0.11532389321841871,0.9737727426681295,94.43384778649296,-0.7744593113287463,1,0.07235223268401499,1
box_sphere_partial_overlap_medium_3,partial_overlap,1502,2440,0.09611247175114969,0.0938072233933851,0.9997300491356088,83.369480297447,0.1484198671873671,0,0.10057576491030289,0
box_sphere_partial_overlap_medium_3,partial_overlap,1503,2566,0.07115876535482667,0.044195343724086615,0.9877877436006668,42.973789807535105,0.26163115408462706,0,0.09870005023158783,0
box_sphere_partial_overlap_medium_3,partial_overlap,1504,2775,0.05472956076855893,0.025811091802744004,0.49072576881159463,51.73796797215975,0.13453075449621038,0,0.14057497192681595,0
box_sphere_partial_overlap_medium_3,partial_overlap,1506,26,0.12213534818491582,0.10936339792362126,0.9982378773770446,95.42843565409318,-0.310154594970867,0,0.04524585462964597,1
box_sphere_partial_overlap_medium_3,partial_overlap,1509,1257,0.08679041783256268,0.0779605077879932,0.9993910905049074,87.7644091360842,0.15984854618014144,0,0.07725650752146823,1
box_sphere_partial_overlap_medium_3,partial_overlap,1510,3338,0.06197942857283756,0.05583929738921938,0.9994138136138406,138.5969726432904,0.12999558003839595,0,0.16446623678534492,0
box_sphere_partial_overlap_medium_3,partial_overlap,1511,2993,0.10330897498191742,0.10074956171486298,0.9351481414026039,48.75316324475295,-0.2762531352490601,0,0.09332443381451039,0
box_sphere_partial_overlap_medium_3,partial_overlap,1513,2826,0.043328330970368166,0.035308010201320794,0.9967334876811075,137.60836445657307,0.25782881518479,1,0.14749765587765998,0
box_sphere_partial_overlap_medium_3,partial_overlap,1516,1155,0.05911742106036338,0.05173455978876263,0.8544570433599565,88.1377573937799,0.09531007980442975,0,0.13747669349013167,0
box_sphere_partial_overlap_medium_3,partial_overlap,1517,1220,0.09467351966232883,0.08749971151610708,0.9994499240262719,75.57119026336815,0.02631727657137979,0,0.07703825757643934,1
box_sphere_partial_overlap_medium_3,partial_overlap,1518,126,0.050344934932436754,0.04451174984869834,0.31946536099094475,78.65187094502846,0.24685985918172057,0,0.1747094659383965,0
box_sphere_partial_overlap_medium_3,partial_overlap,1519,2828,0.0994732210459242,0.08978432131177437,0.9986363931495363,99.70601176217401,-0.17228495423900955,1,0.12006098960876702,0
box_sphere_partial_overlap_medium_3,partial_overlap,1520,2268,0.08043173088951203,0.07404022966365101,0.9995302394411663,119.45919694484063,-0.0813132671305002,1,0.07695174087836047,1
box_sphere_partial_overlap_medium_3,partial_overlap,1521,1770,0.10219947965176802,0.10118247798415934,0.9997776632113616,150.24234438305115,0.15984854618014144,1,0.08144718774772083,0
box_sphere_partial_overlap_medium_3,partial_overlap,1524,2407,0.090249213470807,0.07873356506181267,0.9974879239915557,83.3400181198888,-0.40226978142265,0,0.13868650953246783,0
box_sphere_partial_overlap_medium_3,partial_overlap,1527,1816,0.11344043440596416,0.11312222641138486,0.9189266235272854,172.9450430951676,0.2437299469917969,0,0.12395866108278815,0
box_sphere_partial_overlap_medium_3,partial_overlap,1529,2488,0.07307573955092032,0.06374009482436287,0.9994343796901818,101.77070698328458,0.17065946697611772,0,0.11318558206247935,0
box_sphere_partial_overlap_medium_3,partial_overlap,1530,3074,0.11099649190191993,0.10548913336890013,0.981760681978878,80.63600580011624,-0.6874481237326433,0,0.05377480143756431,1
box_sphere_partial_overlap_medium_3,partial_overlap,1531,3059,0.09293108124627583,0.08829697826100019,0.999489203871138,158.34867754806996,-0.7339680917485372,0,0.09601325755213738,0
box_sphere_partial_overlap_medium_3,partial_overlap,1532,621,0.08403617867817902,0.08393263320243266,0.9989226907124066,76.58666905601451,-0.036861553966726024,0,0.10889733402243384,0
box_sphere_partial_overlap_medium_3,partial_overlap,1534,1758,0.06742060287149718,0.04261744703683243,0.0835195882636498,39.52997969345252,0.3347897822469157,1,0.19084188087595721,0
box_sphere_partial_overlap_medium_3,partial_overlap,1537,1753,0.07958563874268156,0.07908120951122564,0.9289281060363348,65.80706648800096,-0.06114194918032683,0,0.11236944241394697,0
box_sphere_partial_overlap_medium_3,partial_overlap,1538,3134,0.09921859855553909,0.09128519910396558,0.9997593575433102,113.7752204429951,0.26163115408462706,0,0.11397326976764598,0
box_sphere_partial_overlap_medium_3,partial_overlap,1539,485,0.017418855879474178,0.007867438363473834,0.5982995874721027,37.23501972503617,-0.12783325150999786,1,0.09466595693001181,0
box_sphere_partial_overlap_medium_3,partial_overlap,1540,825,0.03927495544619859,0.038889798799519,0.9494098639196278,57.67885106239831,-0.6047568133326715,1,0.14683784797865893,0
box_sphere_partial_overlap_medium_3,partial_overlap,1541,135,0.1011852088719033,0.09511916941807441,0.9987378246056912,83.37487094431593,-0.310154594970867,0,0.12631561414554932,0
box_sphere_partial_overlap_medium_3,partial_overlap,1542,2705,0.10592800306288865,0.10375016106030527,0.9989798655212166,155.72685507610035,-0.33914204220843663,0,0.09892089457141516,0
box_sphere_partial_overlap_medium_3,partial_overlap,1543,3019,0.041231718280840615,0.026468569426255202,0.6679451651212998,79.51926989655351,0.14245685750414538,1,0.11392254665305171,0
box_sphere_partial_overlap_medium_3,partial_overlap,1544,3374,0.09541413563597773,0.08604618865177249,0.9995434493537317,54.649901047313435,-0.03252315534196425,0,0.11588435359320544,0
box_sphere_partial_overlap_medium_3,partial_overlap,1546,2673,0.08946448581241419,0.08618710170264927,0.999476137502807,97.24777738931488,0.27763135564642455,1,0.10152920835494236,0
box_sphere_partial_overlap_medium_3,partial_overlap,1548,1894,0.05050125819337584,0.04931291560461003,0.30670579508088575,57.84511937347601,-0.0900929637550288,0,0.17325332982668687,0
box_sphere_partial_overlap_medium_3,partial_overlap,1549,1577,0.08735749648281177,0.0866602602050238,0.9975831451501329,112.77793755013074,0.18232139012744064,1,0.10459423300730128,0
box_sphere_partial_overlap_medium_3,partial_overlap,1550,1560,0.043678437502488295,0.03761733733219154,0.7216521099435677,68.36858707430875,-0.032523173523752016,1,0.1103465236917357,0
box_sphere_partial_overlap_medium_3,partial_overlap,1553,3402,0.03688450528909146,0.01781534573144223,0.4887025348549814,49.98954026185055,0.13167772344617606,0,0.1144637510000274,0
box_sphere_partial_overlap_medium_3,partial_overlap,1556,1803,0.10954162032891684,0.09693109200837494,0.9994497507147447,88.10316132761245,0.11728895125755574,0,0.06603274616497773,1
box_sphere_partial_overlap_medium_3,partial_overlap,1559,300,0.08422612236099956,0.05056122735201082,0.7024462101625393,110.46311062141544,0.09531007980442975,0,0.12002597825741902,0
box_sphere_partial_overlap_medium_3,partial_overlap,1564,831,0.0891355198359448,0.08612841467997623,0.996526623495409,92.53089612806805,0.23507183413635993,1,0.12377600592497419,0
box_sphere_partial_overlap_medium_3,partial_overlap,1565,2520,0.10563599498411841,0.10424275660873751,0.9993919523609964,138.7240447870747,-0.12783322865290195,0,0.08562815022300105,0
box_sphere_partial_overlap_medium_3,partial_overlap,1566,444,0.07148457877791554,0.07110132540222548,0.9589818642086589,62.391141333752735,-0.1791264501082223,1,0.11761042646769737,0
box_sphere_partial_overlap_medium_3,partial_overlap,1568,2566,0.03394581263828242,0.0318814971324504,0.9193351803996347,75.0623624666586,0.19493983520326097,1,0.15212406625940522,0
box_sphere_partial_overlap_medium_3,partial_overlap,1570,3162,0.0990813625514308,0.08900107189022853,0.9996508777427844,75.1455683104951,0.2170068623311591,1,0.05419856307223079,1
box_sphere_partial_overlap_medium_3,partial_overlap,1573,1345,0.11064137518884831,0.10882168684977586,0.15768993719163432,108.2513683557676,-0.27443652991265216,0,0.2510658082181019,0
box_sphere_partial_overlap_medium_3,partial_overlap,1574,3377,0.10795190321774502,0.0991897346222794,0.9989624210721103,70.81387653798386,-0.2556664866563919,0,0.12503148330187172,0
box_sphere_partial_overlap_medium_3,partial_overlap,1575,1365,0.10513855333794409,0.09719498337888346,0.9998449513676688,100.66302602544857,0.011928557821809965,0,0.11095864344313015,0
box_sphere_partial_overlap_medium_3,partial_overlap,1576,3305,0.08942467364554771,0.0885932759837182,0.9980153651755109,144.09990824821492,-0.4301137293169459,1,0.08654757001869821,0
box_sphere_partial_overlap_medium_3,partial_overlap,1577,2348,0.09811891009734472,0.0979539655610065,0.9974328115856564,94.04761064737005,-0.17228495423900955,1,0.12190167702772123,0
box_sphere_partial_overlap_medium_3,partial_overlap,1578,2196,0.10611500541747307,0.10358323274036679,0.9996217702693969,100.0093802569112,-0.005231044400834855,0,0.09404143612187751,0
box_sphere_partial_overlap_medium_3,partial_overlap,1579,937,0.08445171547730618,0.0815810884965152,0.2890650121557689,96.72374960527911,-0.36899507767775913,0,0.1981790855241258,0
box_sphere_partial_overlap_medium_3,partial_overlap,1580,2680,0.12250219746728339,0.11912767327009025,0.9917381984553635,37.58647899060511,0.020586615677369458,0,0.017949257569284033,1
box_sphere_partial_overlap_medium_3,partial_overlap,1581,2605,0.050546350445187495,0.03818119415346828,0.9968298039511796,97.39790031849326,-0.07653998501718201,0,0.14772582355615468,0
box_sphere_partial_overlap_medium_3,partial_overlap,1582,1894,0.05045464864579471,0.044011129399201536,0.6435650976752246,106.45818140302353,-0.1670539308171544,0,0.1341181618591082,0
box_sphere_partial_overlap_medium_3,partial_overlap,1583,3294,0.11063957967501571,0.10739150561237559,0.9963071658098326,83.44849476357389,-0.3856620102243305,0,0.0804776894175198,0
box_sphere_partial_overlap_medium_3,partial_overlap,1585,5,0.05742333266867764,0.03868020355426386,0.6213291999379559,96.02297536454505,-0.3614478235690284,1,0.14741037906675766,0
box_sphere_partial_overlap_medium_3,partial_overlap,1586,3320,0.07611697293526241,0.07442835440172614,0.5734159556703818,76.30822873748967,-0.12783324651000713,0,0.12142246235812182,0
box_sphere_partial_overlap_medium_3,partial_overlap,1588,3368,0.0821911641786724,0.07720945971298852,0.9994442118553575,145.4315050611954,0.1057813634436778,1,0.14064868540038267,0
box_sphere_partial_overlap_medium_3,partial_overlap,1590,2036,0.051553220586155545,0.04366561834290361,0.696327844988598,57.87378387381661,-0.43321470715152327,0,0.09391194555665666,0
box_sphere_partial_overlap_medium_3,partial_overlap,1592,534,0.12879153835119236,0.1171174443355795,0.9994513777840565,129.71740004012187,0.12999558003839595,0,0.1546473296981475,0
box_sphere_partial_overlap_medium_3,partial_overlap,1593,2896,0.07753782101599678,0.04713489706314131,0.9998774218853732,144.09866428402427,-0.12783320484343594,0,0.12192999942595065,0
box_sphere_partial_overlap_medium_3,partial_overlap,1596,3138,0.09103295030478056,0.08839512931234968,0.9994059271894596,91.55576568620417,0.1484198671873671,0,0.10348625263124331,0
box_sphere_partial_overlap_medium_3,partial_overlap,1597,348,0.09000272525643745,0.08748438372111622,0.9985726119876482,108.01159935016615,0.13786967103482528,0,0.11524540104181118,0
box_sphere_partial_overlap_medium_3,partial_overlap,1598,981,0.07174058203352005,0.046149444071361886,0.9990447322846959,87.99810627657843,-0.005231044400834855,0,0.20246762474342814,0
box_sphere_partial_overlap_medium_3,partial_overlap,1599,1423,0.06571308474036934,0.051910299822071466,0.9081064044732267,39.76497595402192,-0.12783325612537383,0,0.07709461370455174,1
box_sphere_partial_overlap_medium_3,partial_overlap,1600,2267,0.027670432468994012,0.002420988038200159,0.768486172926226,66.46612687149573,0.1669660720542812,1,0.11038802505387692,0
box_sphere_partial_overlap_medium_3,partial_overlap,1601,2687,0.11898480147283083,0.0829309894256289,0.7738616324538238,109.83965129763656,0.12348093507801945,0,0.10028583522273789,0
box_sphere_partial_overlap_medium_3,partial_overlap,1603,1273,0.11864709826777081,0.11611023464575447,0.6489729801742325,129.0294012621376,0.005698015162262853,0,0.14740425888293102,0
box_sphere_partial_overlap_medium_3,partial_overlap,1606,956,0.017360346770359223,0.016587625636222545,0.9998355813113203,86.3979578155968,-0.26136449032517206,1,0.15400036271501544,0
box_sphere_partial_overlap_medium_3,partial_overlap,1608,3150,0.09283696306837803,0.07898322504110519,0.8741406080459319,127.37569612600427,0.32892470642474947,0,0.11361851061494026,0
box_sphere_partial_overlap_medium_3,partial_overlap,1609,607,0.05623138250569881,0.05622407309566864,0.7854577567180502,75.95974709409526,-0.0900929637550288,0,0.10170151242676646,0
box_sphere_partial_overlap_medium_3,partial_overlap,1610,1101,0.1097168165075406,0.09326190714647803,0.784202503994974,64.41393078656485,-0.08861257681821721,0,0.061957582960719904,1
box_sphere_partial_overlap_medium_3,partial_overlap,1612,160,0.07706192731467132,0.06769969650680654,0.8863881304219159,112.19294114361533,0.034685513870299174,0,0.13917341774422112,0
box_sphere_partial_overlap_medium_3,partial_overlap,1613,2885,0.11155549510367474,0.10461965040153368,0.9944858920429467,38.524744896908445,0.22884135814333462,0,0.08225559036125787,0
box_sphere_partial_overlap_medium_3,partial_overlap,1614,2337,0.10225633018618512,0.08921541436231488,0.9976411538247071,151.2576364492571,0.11728895125755574,0,0.13796145840582105,0
box_sphere_partial_overlap_medium_3,partial_overlap,1617,807,0.09972183881763612,0.09873598723549536,0.9322687783427542,107.52444040140396,0.20240814008910527,0,0.11192087659106317,0
box_sphere_partial_overlap_medium_3,partial_overlap,1618,2435,0.08839918732263749,0.08152947356988464,0.9414550880728029,46.06209062969849,0.08838967278355257,0,0.08661695841448486,0
box_sphere_partial_overlap_medium_3,partial_overlap,1619,2999,0.05433168809084283,0.04359838491161336,0.9997511033549944,48.161872048974715,0.1057813634436778,1,0.137814042410797,0
box_sphere_partial_overlap_medium_3,partial_overlap,1620,156,0.07624794872460863,0.07319184898739824,0.7175886160519688,123.99386960846572,-0.04779061896459558,0,0.13163650715352043,0
box_sphere_partial_overlap_medium_3,partial_overlap,1621,2695,0.08778782936303138,0.0842416840782486,0.9995481507856947,111.35809673523336,0.3421698327363837,1,0.08864815756751916,0
box_sphere_partial_overlap_medium_3,partial_overlap,1622,1334,0.0347546200063474,0.027242134188399277,0.87932203513457,45.89657880763795,0.20240814008910527,0,0.11829377628660785,0
box_sphere_partial_overlap_medium_3,partial_overlap,1623,3106,0.08318155983193011,0.08065910677903877,0.9624827444259819,89.79883138274455,-0.03252315534196425,0,0.0894809580891492,0
box_sphere_partial_overlap_medium_3,partial_overlap,1624,3310,0.09432393936325605,0.08729106831240312,0.9877901594548124,80.46011327198421,-0.21484452880277033,0,0.14388695707827623,0
box_sphere_partial_overlap_medium_3,partial_overlap,1626,350,0.0749985691039903,0.07325813377056153,0.9987548574831494,95.13323034504779,0.40624868237215717,1,0.11858046096684956,0
box_sphere_partial_overlap_medium_3,partial_overlap,1627,771,0.1000992326372668,0.09915408364433265,0.9947788338543146,78.25420932915456,0.37115739334903747,0,0.08103592753266196,0
box_sphere_partial_overlap_medium_3,partial_overlap,1628,3295,0.09305238042930604,0.08225585867325003,0.9998415397229096,182.3000399236865,-0.18499153698415477,1,0.12563883071495846,0
box_sphere_partial_overlap_medium_3,partial_overlap,1629,2970,0.08978504322147333,0.08266548145059711,0.9991181340420473,132.91134300151043,0.13453075449621038,1,0.0815450020905639,0
box_sphere_partial_overlap_medium_3,partial_overlap,1630,156,0.0962923550397012,0.08774620833510922,0.7420420910502153,125.41595422154987,-0.17039281563899605,0,0.14115757632585454,0
box_sphere_partial_overlap_medium_3,partial_overlap,1631,2235,0.052071499961368145,0.040149911155272326,0.23642329641009235,89.75272450549251,0.17065946697611772,0,0.17088981004390427,0
box_sphere_partial_overlap_medium_3,partial_overlap,1632,1999,0.06875158996026605,0.06634202137677095,0.9898109670594413,87.74226362449431,-0.08527367194624638,1,0.09319563004888483,0
box_sphere_partial_overlap_medium_3,partial_overlap,1633,693,0.057407345446501716,0.029715205898852445,0.9754775568896626,88.16133694878377,-0.23319359827918185,0,0.08067002037477167,0
box_sphere_partial_overlap_medium_3,partial_overlap,1634,385,0.10551449094139151,0.10229831443284418,0.9997010925544129,84.58023834021189,0.18582399098908933,1,0.10858248944692384,0
box_sphere_partial_overlap_medium_3,partial_overlap,1635,1345,0.08161848647320383,0.07928121264879998,0.16515255691754277,60.72436655488643,-0.08338152198261987,0,0.2282392789101543,0
box_sphere_partial_overlap_medium_3,partial_overlap,1636,1736,0.10782726883142901,0.10431396178477709,0.9789422607970688,113.76630419359722,0.12348093507801945,0,0.09086931382063472,0
box_sphere_partial_overlap_medium_3,partial_overlap,1637,162,0.080464145791286,0.07817219039469964,0.9973322281974444,103.4632778742617,-0.17228495423900955,1,0.1418548523100173,0
box_sphere_partial_overlap_medium_3,partial_overlap,1639,2215,0.1097575535245165,0.10232616146846706,0.9117865509763757,222.64219164635648,0.32892470642474947,0,0.16065545127159345,0
box_sphere_partial_overlap_medium_3,partial_overlap,1640,1202,0.10023830420135504,0.09641933595711451,0.9997153529549356,153.10494039308267,-0.08527367194624638,0,0.10828388159621324,0
box_sphere_partial_overlap_medium_3,partial_overlap,1641,483,0.05956582383988596,0.05382203867215902,0.31001823641356246,124.68766050091371,-0.1278332603988704,0,0.18182616622808237,0
box_sphere_partial_overlap_medium_3,partial_overlap,1642,2222,0.09497732825763863,0.09369519709826458,0.9968225923430933,153.69108954491136,0.018770081150914646,0,0.12834333005441936,0
box_sphere_partial_overlap_medium_3,partial_overlap,1643,887,0.04913111877623017,0.03902265409414522,0.46459232193793054,51.828761462237175,0.06140857353099098,0,0.16937459469063348,0
box_sphere_partial_overlap_medium_3,partial_overlap,1647,43,0.09944374139574969,0.09097791240748296,0.9989604237614614,144.27814356957444,-0.027749880371487037,0,0.05670773485030545,1
box_sphere_partial_overlap_medium_3,partial_overlap,1648,695,0.1319329049050769,0.12700432488753455,0.9976716464588016,90.49117379212086,-0.12783324651000713,0,0.07807538872608016,1
box_sphere_partial_overlap_medium_3,partial_overlap,1650,1523,0.08987429903474356,0.08721740804519945,0.043536301526404614,67.98014809225583,-0.310154594970867,0,0.23090718415635778,0
box_sphere_partial_overlap_medium_3,partial_overlap,1651,2356,0.10958174647753113,0.10785976420730241,0.9962578821622105,95.58631317735471,0.05448812695079888,1,0.0875200432077428,0
box_sphere_partial_overlap_medium_3,partial_overlap,1652,3020,0.09772117173873462,0.09550878701477082,0.9992781419050263,58.004164279407846,-0.17662333329859697,1,0.11067988306486802,0
box_sphere_partial_overlap_medium_3,partial_overlap,1655,807,0.09298885321878587,0.08843063560599695,0.9940600464383939,75.53207665211276,0.23317977508163468,1,0.08733707463292645,0
box_sphere_partial_overlap_medium_3,partial_overlap,1656,209,0.10161522919299544,0.10020863258740434,0.9991726755914886,69.84471060455387,-0.21484452880277033,0,0.11286196115003283,0
box_sphere_partial_overlap_medium_3,partial_overlap,1657,2662,0.10242004175293737,0.09794756502064869,0.9980560183352619,161.5613547388687,-0.17662333329859697,1,0.12452580257316258,0
box_sphere_partial_overlap_medium_3,partial_overlap,1659,3071,0.07645106100091986,0.06281528005623441,0.9163694776447472,79.50022434893108,-0.26759502040710637,1,0.13156290101407905,0
box_sphere_partial_overlap_medium_3,partial_overlap,1660,2870,0.04799556105655604,0.03934453029053921,0.8824993384870525,95.23065701372022,0.005698015162262853,0,0.12876643111100963,0
box_sphere_partial_overlap_medium_3,partial_overlap,1662,2963,0.09157908168571209,0.08561887940826475,0.9995555706637473,182.36366580954808,-0.6386582086102106,1,0.0761118632535223,1
box_sphere_partial_overlap_medium_3,partial_overlap,1663,3203,0.046785904806678984,0.036997407115409324,0.99838764462588,82.32492910259248,0.1466033162973087,1,0.17518938382180582,0
box_sphere_partial_overlap_medium_3,partial_overlap,1665,2625,0.08503114766404733,0.0767814361706457,0.9939199824582708,98.28296022201486,-0.04082195285363091,1,0.10501357110184657,0
box_sphere_partial_overlap_medium_3,partial_overlap,1666,1239,0.03952748115617197,0.021256640139595235,0.2023558540631062,82.27705015062914,-0.04082195285363091,1,0.19526870346687272,0
box_sphere_partial_overlap_medium_3,partial_overlap,1668,433,0.09922611718547203,0.08973393036637121,0.9988836535638556,69.51099364723052,0.1466033162973087,0,0.047309162047881125,1
box_sphere_partial_overlap_medium_3,partial_overlap,1669,1212,0.09853364784822895,0.09842161163820187,0.999712509232325,88.47801023868732,-0.08861257681821721,1,0.1216101829661819,0
box_sphere_partial_overlap_medium_3,partial_overlap,1670,76,0.0912523784734638,0.08827124647604276,0.9989995947773805,88.70266346398903,0.18232139012744064,0,0.08920573799984446,0
box_sphere_partial_overlap_medium_3,partial_overlap,1672,3145,0.11761178765470515,0.1146856172851256,0.9982160885959956,210.60261865587722,-0.04082195285363091,0,0.1256716747365888,0
box_sphere_partial_overlap_medium_3,partial_overlap,1673,2476,0.033365657665798645,0.008394241495805144,0.9525922095339105,48.24107867475154,-0.10116506112762098,1,0.13464131528540987,0
box_sphere_partial_overlap_medium_3,partial_overlap,1674,2206,0.11429449558269536,0.11409019883204954,0.9987556670097572,56.49213122422331,0.05448812695079888,1,0.08403454149945148,0
box_sphere_partial_overlap_medium_3,partial_overlap,1676,2528,0.11703372760766015,0.11588769159708585,0.9950981048473014,67.12292649140582,-0.04445171909261546,0,0.13543361865511302,0
box_sphere_partial_overlap_medium_3,partial_overlap,1678,110,0.07713110102264141,0.07170419608278006,0.9778658652744905,70.7825855062124,-0.1278332215100611,1,0.075014736782279,1
box_sphere_partial_overlap_medium_3,partial_overlap,1679,620,0.10010643683733433,0.09651176543080692,0.9996093545333402,118.43453731997181,-0.12783323514639403,0,0.048656912853390674,1
box_sphere_partial_overlap_medium_3,partial_overlap,1681,2821,0.08481391800257994,0.0739769084260486,0.9525691112765783,62.263447473880596,0.1133285781642475,0,0.1009338434215467,0
box_sphere_partial_overlap_medium_3,partial_overlap,1682,174,0.09645361447987093,0.09542969233937346,0.991202771915822,92.0118395256088,-0.08527367194624638,1,0.11501645120983885,0
box_sphere_partial_overlap_medium_3,partial_overlap,1683,2315,0.08468421957725865,0.08041533903977159,0.9952207212179961,210.30161308426486,-0.18190036178630276,1,0.10433334477579051,0
box_sphere_partial_overlap_medium_3,partial_overlap,1687,1398,0.09667364137846965,0.09453223673462788,0.998207237490943,120.07361365339463,0.05448812695079888,0,0.09745454559670351,0
box_sphere_partial_overlap_medium_3,partial_overlap,1688,1338,0.10383404530941413,0.09740597482337478,0.9983404295835497,137.5814708413658,-0.17662333329859697,1,0.11601197148926817,0
box_sphere_partial_overlap_medium_3,partial_overlap,1689,2748,0.04144516037451931,0.03779650238624474,0.8986354084963842,77.9590353271967,-0.12783324651000713,1,0.16692685006494118,0
box_sphere_partial_overlap_medium_3,partial_overlap,1690,3320,0.06449069039201728,0.06435309454607752,0.8249376639509856,81.7148692071648,-0.310154594970867,0,0.11294078211185786,0
box_sphere_partial_overlap_medium_3,partial_overlap,1692,1858,0.10088769567196096,0.09151948729018212,0.9991206247949439,104.52760237120057,-0.010050326594250552,0,0.14921892974269974,0
box_sphere_partial_overlap_medium_3,partial_overlap,1693,2484,0.1199296005739018,0.11798519954664377,0.9987858227385178,81.87802035765036,0.04805725525157872,0,0.060463089781894325,1
box_sphere_partial_overlap_medium_3,partial_overlap,1694,2574,0.015323443721549458,0.013501888274546226,0.9425986949861938,123.06900933847936,-0.5108249571002128,1,0.1246456976092236,0
box_sphere_partial_overlap_medium_3,partial_overlap,1695,1018,0.09614683880809033,0.08885802915984253,0.9998354371783881,83.96143771062738,0.22356428335943443,0,0.09398315240981665,0
box_sphere_partial_overlap_medium_3,partial_overlap,1697,686,0.08783617098328843,0.08622421274279014,0.9970543202356714,67.1719406690844,0.0,0,0.10538978492417095,0
box_sphere_partial_overlap_medium_3,partial_overlap,1702,2374,0.07406048333189831,0.05735993076595465,0.9949652109634508,78.0349792772829,0.03250924796951011,0,0.07180329596110953,1
box_sphere_partial_overlap_medium_3,partial_overlap,1703,2285,0.08359792037242816,0.07621670229275018,0.9580821535041311,138.80560391909498,-0.26136449032517206,0,0.12120445549712906,0
box_sphere_partial_overlap_medium_3,partial_overlap,1706,1036,0.08640746354808329,0.06427212200795532,0.9562530199053276,77.64340407829833,0.2086386579686774,1,0.12205450498041856,0
box_sphere_partial_overlap_medium_3,partial_overlap,1708,3181,0.1324768960216307,0.07021586786258062,0.8480606023202731,102.48462354444636,0.4317819342832273,0,0.0955953614009202,0
box_sphere_partial_overlap_medium_3,partial_overlap,1709,82,0.08023879473069788,0.07133774269358134,0.997457793758469,110.37268315494227,-0.44149046072980663,1,0.14433897003186727,0
box_sphere_partial_overlap_medium_3,partial_overlap,1711,2147,0.08193569513398287,0.08145792503892556,0.9993315697431929,92.86067975327971,0.18582399098908933,1,0.0749024247409025,1
box_sphere_partial_overlap_medium_3,partial_overlap,1714,2730,0.10143982314334976,0.09963654070376418,0.9981948296618652,117.92251730963739,-0.08338152198261987,1,0.12012177233285196,0
box_sphere_partial_overlap_medium_3,partial_overlap,1716,2585,0.13296061510086246,0.12637957181603313,0.995786477268003,40.134679514150264,0.2437299469917969,0,0.0390727389246813,1
box_sphere_partial_overlap_medium_3,partial_overlap,1717,2226,0.09712316710198216,0.0867700844459566,0.9998181944419688,121.17582779766545,0.018770081150914646,0,0.0856676140323218,0
box_sphere_partial_overlap_medium_3,partial_overlap,1718,1712,0.050172667961020274,0.032038515715309544,0.9971044322024326,97.93920342711968,0.011928557821809965,1,0.18825075599631588,0
box_sphere_partial_overlap_medium_3,partial_overlap,1721,2815,0.042808461301865094,0.00043695611939272174,0.6047267561863454,68.4385960134992,0.10396814809475163,1,0.17483774940127284,0
box_sphere_partial_overlap_medium_3,partial_overlap,1722,1412,0.08189354682349563,0.0811361656598123,0.9996311908753659,179.42565037243807,0.27763140326534885,1,0.08589388764479862,0
box_sphere_partial_overlap_medium_3,partial_overlap,1723,3244,0.13006331154183406,0.12951065920084462,0.9857101668067786,81.70069771190671,-1.0833431626939343,0,0.06293426046312235,1
box_sphere_partial_overlap_medium_3,partial_overlap,1724,2567,0.11370391752862394,0.11102352042910106,0.9989192498339232,81.1134841596576,0.2437299469917969,0,0.08807723415237205,0
box_sphere_partial_overlap_medium_3,partial_overlap,1728,1016,0.013793921844366999,0.009485978621007453,0.5643999778075904,85.62813066626882,-0.08701129365637626,1,0.16808704427889934,0
box_sphere_partial_overlap_medium_3,partial_overlap,1729,1553,0.09871662803930188,0.09507778066592859,0.9993330719728781,91.29282524071269,0.2776314699318705,1,0.07583839917920408,1
box_sphere_partial_overlap_medium_3,partial_overlap,1730,2544,0.07697968108415644,0.07670388372030644,0.9994002182317777,50.499766090633024,-0.07653998501718201,1,0.086976161094308,0
box_sphere_partial_overlap_medium_3,partial_overlap,1733,66,0.10733323874778217,0.10071740358652752,0.9987129802386546,90.61460067966125,-0.010050326594250552,0,0.07635022567458641,1
box_sphere_partial_overlap_medium_3,partial_overlap,1735,1899,0.0656373443922127,0.06254604801651127,0.23284672308531879,50.8164591061083,-0.16557355276921545,0,0.18991241238297227,0
box_sphere_partial_overlap_medium_3,partial_overlap,1736,777,0.07554769675863297,0.07513978177432006,0.9988782980295976,146.20070154852414,0.0,1,0.09014167983712332,0
box_sphere_partial_overlap_medium_3,partial_overlap,1737,1455,0.0339278205755029,0.005409604442758595,0.548367229945337,73.62236820641135,0.24254025340452565,0,0.17337052045681872,0
box_sphere_partial_overlap_medium_3,partial_overlap,1738,2556,0.09692123758563435,0.08643931048849407,0.9977110690259132,138.97740713843672,-0.47613927656374727,0,0.11624940296559813,0
box_sphere_partial_overlap_medium_3,partial_overlap,1740,2044,0.10005368862645586,0.0982755506547061,0.9975416129748859,81.741105457606,0.1057813634436778,1,0.06345080800485306,1
box_sphere_partial_overlap_medium_3,partial_overlap,1742,807,0.1136839100296517,0.10821288023305094,0.8922683437593033,128.1031212705819,0.17065946697611772,0,0.14362468511438908,0
box_sphere_partial_overlap_medium_3,partial_overlap,1743,3200,0.1015701125684736,0.10131353266430898,0.9973373496853615,106.6791764675119,0.11728895125755574,1,0.11007373357270155,0
box_sphere_partial_overlap_medium_3,partial_overlap,1744,73,0.11261700419400694,0.11027120045083436,0.9999046646365788,96.80909479347704,0.18232139012744064,0,0.07724080854846764,1
box_sphere_partial_overlap_medium_3,partial_overlap,1746,692,0.0956503815410182,0.09252042591152583,0.9984798696231714,66.55304395036221,-0.12783321361534336,1,0.1269486602698892,0
box_sphere_partial_overlap_medium_3,partial_overlap,1748,126,0.03778364427267144,0.03239400823607957,0.7144638607456395,137.1292838597763,0.1133285781642475,1,0.158965698517953,0
box_sphere_partial_overlap_medium_3,partial_overlap,1749,1592,0.09700705488863434,0.0889386523627824,0.9988861653293406,58.02964730987552,-0.01660771472786216,0,0.07801247155825065,1
box_sphere_partial_overlap_medium_3,partial_overlap,1750,487,0.08922318046963627,0.08668156661412858,0.9993493832559416,82.6128695380516,-0.31888824900526763,0,0.1051855347720408,0
box_sphere_partial_overlap_medium_3,partial_overlap,1751,1763,0.10525487565622264,0.10066338041780111,0.6410453409969704,144.67699991666547,-0.18499153698415477,0,0.14151864586930835,0
box_sphere_partial_overlap_medium_3,partial_overlap,1753,1370,0.09801881914699126,0.08874917412416894,0.9857880006699883,111.9885595458537,0.3074844350423081,0,0.11099361021276714,0
box_sphere_partial_overlap_medium_3,partial_overlap,1754,1634,0.09373995894040418,0.09194850363584374,0.9031570420189495,128.0192027912709,0.10396814809475163,0,0.1030283272791977,0
box_sphere_partial_overlap_medium_3,partial_overlap,1756,1134,0.06656989102708571,0.06522851486722622,0.5937418455343226,107.90663967509148,-0.12783323514639403,0,0.1145839099607894,0
box_sphere_partial_overlap_medium_3,partial_overlap,1759,2937,0.09752328110241842,0.0944064207277523,0.9994328550209164,79.91723367146663,0.24685985918172057,1,0.09796209014873962,0
box_sphere_partial_overlap_medium_3,partial_overlap,1760,1151,0.0387730456616201,0.038308292259161304,0.4847140274607715,53.95300717993087,-0.08861257681821721,1,0.12898818434827936,0
box_sphere_partial_overlap_medium_3,partial_overlap,1764,1218,0.04716166515638583,0.042762380846525345,0.9988216460190906,144.0682788360671,0.09531007980442975,1,0.1570406513692661,0
box_sphere_partial_overlap_medium_3,partial_overlap,1768,2703,0.09874702243181145,0.08926282025842697,0.9974126112412252,125.93272225620261,0.31042126587316304,0,0.12746006518135475,0
box_sphere_partial_overlap_medium_3,partial_overlap,1769,3201,0.1198551626425832,0.11488430160674594,0.999265175329732,103.78664486289149,0.14410015945018403,0,0.0833481419252379,0
box_sphere_partial_overlap_medium_3,partial_overlap,1770,2837,0.08793066505582332,0.08447819443069624,0.9982504105809742,115.7226986090386,0.45198455231522033,1,0.0793566273655241,1
box_sphere_partial_overlap_medium_3,partial_overlap,1771,1888,0.09270569743239779,0.08777496456175587,0.9633939271452022,103.4866826850275,0.05448813861744295,0,0.11720434135471788,0
box_sphere_partial_overlap_medium_3,partial_overlap,1774,3197,0.08921448435441132,0.08714673507120786,0.9984235371896087,176.96373975648723,-0.3856620102243305,1,0.0662443296948692,1
box_sphere_partial_overlap_medium_3,partial_overlap,1775,377,0.09655545328215864,0.08960022217162773,0.9801643001763655,92.72625642221568,0.23989114793195632,0,0.13920690240381284,0
box_sphere_partial_overlap_medium_3,partial_overlap,1776,136,0.11109508189202044,0.10880337743339666,0.7363033990115485,166.19579600414477,0.17227104686655548,0,0.14514285041991593,0
box_sphere_partial_overlap_medium_3,partial_overlap,1777,1253,0.11616910703147154,0.10566947364048379,0.988674207011969,100.42729381555579,0.1133285781642475,0,0.09789894403051233,0
box_sphere_partial_overlap_medium_3,partial_overlap,1778,1772,0.08788139597165873,0.08656469203833778,0.9811165761904418,110.90380383392505,0.27763149417425026,1,0.09961745113150389,0
box_sphere_partial_overlap_medium_3,partial_overlap,1780,248,0.11882081843789037,0.08725249350748718,0.864970531523296,97.96932209625304,0.23989114793195632,0,0.05500369536854208,1
box_sphere_partial_overlap_medium_3,partial_overlap,1782,1920,0.12955506823252128,0.1286079341795166,0.9991915707696466,149.16488048825568,0.18582399098908933,0,0.10049598507674823,0
box_sphere_partial_overlap_medium_3,partial_overlap,1784,3348,0.07831953307360835,0.07770111007563857,0.7595708240378152,107.14890352867276,0.05448812695079888,0,0.0885401159314101,0
box_sphere_partial_overlap_medium_3,partial_overlap,1787,1764,0.03953072562702286,0.03303422724388969,0.5439632706423696,74.6045884118765,0.25782881518479,1,0.15369216196909577,0
box_sphere_partial_overlap_medium_3,partial_overlap,1788,2754,0.03137044674264494,0.00691780825003663,0.9401711582929773,53.7598668582446,-0.36422189518833004,0,0.111059597234698,0
box_sphere_partial_overlap_medium_3,partial_overlap,1792,840,0.04895773053532663,0.012082564915068173,0.1671948588083186,79.43699680462755,-0.12783325150999786,0,0.19384655561639555,0
box_sphere_partial_overlap_medium_3,partial_overlap,1793,745,0.03740396232684015,0.0064555080480101,0.3719214612451429,28.211467704897505,0.01526745931028635,1,0.15119561694237363,0
box_sphere_partial_overlap_medium_3,partial_overlap,1794,3275,0.09792833780267628,0.0967563676736929,0.9972072350554025,81.85410593844996,0.11728895125755574,1,0.10536757507974646,0
box_sphere_partial_overlap_medium_3,partial_overlap,1797,188,0.09789048752080062,0.08572609725592208,0.9979526859846556,155.13224536680826,0.1133285781642475,0,0.05781089644801155,1
box_sphere_partial_overlap_medium_3,partial_overlap,1798,87,0.04030485373170063,0.040166995490212694,0.9674682405583426,68.87288311666357,0.0,1,0.16185600498550862,0
box_sphere_partial_overlap_medium_3,partial_overlap,1799,953,0.10476293750782516,0.09971317716648306,0.9723428608800808,124.9580998652882,0.06140857353099098,0,0.12060197270994774,0
box_sphere_partial_overlap_medium_3,partial_overlap,1801,2993,0.10300524530067748,0.10246431695481631,0.933751324807972,54.16251059516715,-0.2762531352490601,0,0.08551601815209352,0
box_sphere_partial_overlap_medium_3,partial_overlap,1802,3054,0.09157650584465692,0.09018411544683703,0.9747346976618364,59.4074397369875,0.1105775633570958,0,0.08787869632783563,0
box_sphere_partial_overlap_medium_3,partial_overlap,1803,774,0.04822145926802564,0.04748646973504291,0.5121933115921135,121.57598483171331,-0.014504673345750287,0,0.14088541335758323,0
box_sphere_partial_overlap_medium_3,partial_overlap,1804,1777,0.10405798573644148,0.0996348254597867,0.9996424389944593,95.41954015498331,0.25993189446155635,0,0.047647236830982605,1
box_sphere_partial_overlap_medium_3,partial_overlap,1805,937,0.02303602426636589,0.013272224759325855,0.5140312846038385,62.87629471590561,-0.16420087546923942,1,0.13346322271907865,0
box_sphere_partial_overlap_medium_3,partial_overlap,1806,2616,0.10557978094348103,0.10505015124213628,0.9998520545516323,72.74307820688878,0.38299191892306594,0,0.09186973934443199,0
box_sphere_partial_overlap_medium_3,partial_overlap,1808,416,0.10206202745577146,0.09674358291544514,0.9987945193114873,68.08547237957588,0.1466033162973087,0,0.07526816132771397,1
box_sphere_partial_overlap_medium_3,partial_overlap,1809,1912,0.10924217972344204,0.0897518418844235,0.9980337730200497,127.79569479992631,-0.12783319503954055,0,0.019578305460979516,1
box_sphere_partial_overlap_medium_3,partial_overlap,1810,753,0.04896428758741565,0.01353645961677851,0.6131787907525619,78.17261252475406,0.08989006121868107,0,0.09314703676945581,0
box_sphere_partial_overlap_medium_3,partial_overlap,1812,2958,0.09273014115757364,0.0918032637067589,0.9999439995890166,95.37614274489891,-0.027749880371487037,1,0.09219425052529574,0
box_sphere_partial_overlap_medium_3,partial_overlap,1815,2501,0.099337058462653,0.0980643400674979,0.999985591229121,134.52547972945646,0.25993189446155635,0,0.06508128119015485,1
box_sphere_partial_overlap_medium_3,partial_overlap,1816,2150,0.03144901170343796,0.002226251121665919,0.6602943665600695,71.6728577495142,0.0,1,0.11529178763080676,0
box_sphere_partial_overlap_medium_3,partial_overlap,1817,2478,0.09904961466998832,0.0882689622528029,0.9315256819514567,58.1466033043988,-0.12783322865290195,0,0.12492020809395936,0
box_sphere_partial_overlap_medium_3,partial_overlap,1818,1246,0.08361638498906952,0.08207724654350544,0.9995754956057126,129.54666479942284,0.07980592836456624,1,0.09253867237240972,0
box_sphere_partial_overlap_medium_3,partial_overlap,1819,961,0.03687844047272893,0.03545789451553502,0.12379169719027427,47.04858889553987,-0.26759502040710637,1,0.18895794451466225,0
box_sphere_partial_overlap_medium_3,partial_overlap,1822,1688,0.08638536130754532,0.07922380796838673,0.9987283804452067,160.87657420318777,-0.16865520436362869,0,0.09141821391314627,0
box_sphere_partial_overlap_medium_3,partial_overlap,1824,2529,0.09856169563939854,0.0957765327324177,0.9979939426661113,143.06843071456996,-0.12783319503954055,0,0.08189308984554852,0
box_sphere_partial_overlap_medium_3,partial_overlap,1826,1576,0.07424241654952932,0.06780347111796066,0.9976924371597463,117.14717823986771,0.04651996801589379,0,0.12853615550488648,0
box_sphere_partial_overlap_medium_3,partial_overlap,1827,1680,0.08679734139109699,0.08566607917504042,0.9954696837678692,87.67343486602942,-0.12783322865290195,0,0.12744895156277028,0
box_sphere_partial_overlap_medium_3,partial_overlap,1829,1836,0.08165845002103708,0.07155932926715222,0.9933184112563381,153.88355578722303,-0.25299614191542286,0,0.07274697910838972,1
box_sphere_partial_overlap_medium_3,partial_overlap,1832,1265,0.056762123747713875,0.042550391872440294,0.6747533359967219,116.03997210174637,0.09531007980442975,0,0.1187231124612905,0
box_sphere_partial_overlap_medium_3,partial_overlap,1834,2461,0.09393912421804691,0.09162624660217976,0.9989083291461658,94.11881454402058,0.07283723809378155,1,0.12689641094763052,0
box_sphere_partial_overlap_medium_3,partial_overlap,1836,133,0.0894849171038401,0.08481506875830416,0.2710168487852729,82.01362476579733,-0.08861257681821721,0,0.22449794152830854,0
box_sphere_partial_overlap_medium_3,partial_overlap,1838,1664,0.08681729076804648,0.08383454780423437,0.9997468067361545,116.54352115193328,-0.005231044400834855,1,0.1314952264091013,0
box_sphere_partial_overlap_medium_3,partial_overlap,1839,991,0.08883539066020808,0.08398563017334473,0.9837733832064365,99.13146999760576,-0.2188049157614113,1,0.09467297444301574,0
box_sphere_partial_overlap_medium_3,partial_overlap,1841,2312,0.11427988545417905,0.11160103995948993,0.9552710336549568,127.35876324534463,0.18582399098908933,0,0.0940495381213966,0
box_sphere_partial_overlap_medium_3,partial_overlap,1843,2163,0.08626953354581841,0.08529658684215391,0.9998515454197681,96.62117651802517,0.31042126587316304,0,0.077981919869941,1
box_sphere_partial_overlap_medium_3,partial_overlap,1844,2615,0.09603975237203755,0.0897983045323115,0.997257280448969,145.90779515321907,-0.0813132671305002,1,0.15816271611323307,0
box_sphere_partial_overlap_medium_3,partial_overlap,1845,2114,0.04038528348539942,0.033844067313008444,0.9985397587964552,65.120308474087,-0.17662333329859697,1,0.12530549510882819,0
box_sphere_partial_overlap_medium_3,partial_overlap,1847,3065,0.11643748382055451,0.11309856378318672,0.9278470015606476,56.861289773703,0.1133285781642475,0,0.10975662543594296,0
box_sphere_partial_overlap_medium_3,partial_overlap,1848,1997,0.11856713204617211,0.10754347194741981,0.9971421819802424,98.30579542176848,-0.04779061896459558,0,0.12458961027567973,0
box_sphere_partial_overlap_medium_3,partial_overlap,1850,856,0.08623261175196967,0.08278463599937987,0.9789041801165311,135.44777188897595,0.17227104686655548,0,0.0954299183265487,0
box_sphere_partial_overlap_medium_3,partial_overlap,1855,1567,0.10591075572286313,0.1042111790768294,0.9993409737171195,123.91278462346295,0.08727793455873539,0,0.09394344984876374,0
box_sphere_partial_overlap_medium_3,partial_overlap,1856,1364,0.1114331002452311,0.10878038251474281,0.9986447398212953,73.03143070505295,-0.050872284447872104,1,0.08339567455665185,0
box_sphere_partial_overlap_medium_3,partial_overlap,1858,1316,0.09630653194169811,0.091902695910702,0.9319573704143284,63.15132520280326,0.18582399098908933,0,0.09617477268589683,0
box_sphere_partial_overlap_medium_3,partial_overlap,1860,977,0.07533323166225443,0.06867223176945446,0.9723876092675727,96.75705983878254,0.03250924796951011,1,0.10806632629608463,0
box_sphere_partial_overlap_medium_3,partial_overlap,1862,1641,0.027260236619476026,0.01926157364630825,0.5327713996054497,50.72302458338971,-0.08701129365637626,1,0.15905350292704157,0
box_sphere_partial_overlap_medium_3,partial_overlap,1863,1763,0.09186529118441647,0.08588587917895624,0.47663266408472765,154.58434659749764,-0.4532550710909143,0,0.12379887149698462,0
box_sphere_partial_overlap_medium_3,partial_overlap,1865,1150,0.05354789754878673,0.051309359339771175,0.9998085634200042,145.0049061534969,-0.12783322865290195,1,0.13171586950151376,0
box_sphere_partial_overlap_medium_3,partial_overlap,1866,1456,0.11121588113052963,0.10492001958804224,0.9988558273724583,93.47960601011357,0.0953100964710644,0,0.04320389010791776,1
box_sphere_partial_overlap_medium_3,partial_overlap,1869,1644,0.04074309199488085,0.0340389114082301,0.9524322075679784,115.99380813436767,-0.21484452880277033,1,0.10603073669269605,0
box_sphere_partial_overlap_medium_3,partial_overlap,1871,136,0.12709868367652577,0.12509037558599692,0.9505275014142942,138.7274942915812,0.05448812695079888,0,0.10554632162694395,0
box_sphere_partial_overlap_medium_3,partial_overlap,1872,279,0.10040743407064136,0.09759230452802814,0.9814625267876824,68.51726137070997,-0.07904311686436603,0,0.07181035776327886,1
box_sphere_partial_overlap_medium_3,partial_overlap,1875,2778,0.08809704872956436,0.07700859591486892,0.9569405282829672,97.53687811364553,-0.08861257681821721,1,0.08590629361366642,0
box_sphere_partial_overlap_medium_3,partial_overlap,1877,830,0.08710161552176966,0.08315307450949244,0.9435844990445421,93.69333896182359,-0.04445171909261546,1,0.11710196447507862,0
box_sphere_partial_overlap_medium_3,partial_overlap,1879,1498,0.09936652088557045,0.08346067466560553,0.9880912228099199,36.30709377035319,0.21511118606873317,0,0.0924468328732582,0
box_sphere_partial_overlap_medium_3,partial_overlap,1881,3147,0.14327919679378864,0.12397548241493414,0.9796845493660813,124.48175795192302,0.07283723809378155,0,0.08581027910467336,0
box_sphere_partial_overlap_medium_3,partial_overlap,1885,1455,0.05356536554787421,0.05146327033609862,0.5813936806538635,75.17965771696417,0.11578862820291098,0,0.15981217047401627,0
box_sphere_partial_overlap_medium_3,partial_overlap,1886,3139,0.09444252535902174,0.09312097179724735,0.9994896276150915,162.4648255947073,-0.04082195285363091,1,0.1312034853373003,0
box_sphere_partial_overlap_medium_3,partial_overlap,1888,938,0.03517312067121744,0.027451014429465955,0.8032235851322167,59.4269207718246,-0.2331936945752783,1,0.1154259931401777,0
box_sphere_partial_overlap_medium_3,partial_overlap,1889,1505,0.12352506993562011,0.12305867522791404,0.9967569445228719,141.71256399514016,0.018770081150914646,0,0.09088730634086772,0
box_sphere_partial_overlap_medium_3,partial_overlap,1894,413,0.11061960826909817,0.10832526308106079,0.9993188819623422,128.88134316077307,0.3576740308107603,0,0.10275922079881047,0
box_sphere_partial_overlap_medium_3,partial_overlap,1895,1689,0.06060164864562347,0.05708465067699802,0.9979131098958346,150.4016877690765,-0.29035193041990065,0,0.1558603027591153,0
box_sphere_partial_overlap_medium_3,partial_overlap,1896,2479,0.05483849302335078,0.04871785376125438,0.9989474325584506,96.39847627870866,-0.17662333329859697,1,0.06633551016099427,1
box_sphere_partial_overlap_medium_3,partial_overlap,1897,3098,0.08754862510678893,0.08603797310635272,0.8485913989302781,130.87130489114432,0.15984854618014144,0,0.12046939679471796,0
box_sphere_partial_overlap_medium_3,partial_overlap,1899,960,0.15372061850169147,0.13925997938640752,0.9007786677007299,44.217775557413376,-0.036861553966726024,0,0.030054358420393754,1
box_sphere_partial_overlap_medium_3,partial_overlap,1900,1704,0.1157513782391877,0.11170509770170528,0.999350478980074,135.19395839559445,0.15984854618014144,0,0.060283273641020714,1
box_sphere_partial_overlap_medium_3,partial_overlap,1901,2937,0.11627558960883687,0.11521559006873941,0.9994328550209164,83.2163841449814,0.24685985918172057,0,0.09514312873445598,0
box_sphere_partial_overlap_medium_3,partial_overlap,1902,2621,0.11647473889096881,0.11429553797515941,0.9806904890484456,35.16542232236312,-0.0064725098973259345,0,0.1003870275640393,0
box_sphere_partial_overlap_medium_3,partial_overlap,1903,1822,0.1189400276029701,0.11862367984489744,0.9992070599196493,88.50514324604721,0.17444729320217015,0,0.10811407845212177,0
box_sphere_partial_overlap_medium_3,partial_overlap,1905,3248,0.032502717211490444,0.031619496196243754,0.998919920562978,70.87261208466529,-0.4845076297353208,1,0.154780641970325,0
box_sphere_partial_overlap_medium_3,partial_overlap,1907,944,0.0882106380229496,0.0868822256284489,0.9995789685212707,93.82597597862167,-0.1791264501082223,1,0.08932676369883585,0
box_sphere_partial_overlap_medium_3,partial_overlap,1908,81,0.0785485575118378,0.07708510706423183,0.997657661153045,63.572910675625515,-0.1791264501082223,1,0.096057062121348,0
box_sphere_partial_overlap_medium_3,partial_overlap,1909,2723,0.052837976455887545,0.030221372343407375,0.7615999047122894,75.08555836651104,-0.17435319666879587,1,0.16952578018021502,0
box_sphere_partial_overlap_medium_3,partial_overlap,1911,397,0.03559205334675498,0.028433161046568615,0.8735504725153418,86.52287531435441,0.04651996801589379,1,0.1452088481366476,0
box_sphere_partial_overlap_medium_3,partial_overlap,1912,483,0.04048874391398534,0.022763126733130617,0.4629178473504473,41.58843087217368,-0.022472837333555363,0,0.11740171814637217,0
box_sphere_partial_overlap_medium_3,partial_overlap,1915,850,0.10566589532640461,0.1056118777413653,0.9694152233625122,61.51505894479643,-0.17435319666879587,0,0.04989029255324028,1
box_sphere_partial_overlap_medium_3,partial_overlap,1917,2074,0.0931314216248107,0.09293937675123308,0.9216253098693812,101.70645878273665,-0.005231044400834855,0,0.08973412910567924,0
box_sphere_partial_overlap_medium_3,partial_overlap,1919,2723,0.11289143980362117,0.09982094523392258,0.9994848800058007,44.83079119283302,0.03922067469178058,0,0.10485745055718042,0
box_sphere_partial_overlap_medium_3,partial_overlap,1922,1154,0.11157792259481482,0.11015928590317649,0.9479336805442264,93.14678835678883,-0.050872284447872104,1,0.08228424511129903,0
box_sphere_partial_overlap_medium_3,partial_overlap,1923,104,0.10725792046160826,0.1053130390651714,0.9741255798360312,84.65531357314899,0.020586615677369458,0,0.05412202994910607,1
box_sphere_partial_overlap_medium_3,partial_overlap,1926,1338,0.11148002421892315,0.10015042323020246,0.9998477262222885,86.82318235196995,-0.33914204220843663,0,0.055599243794979984,1
box_sphere_partial_overlap_medium_3,partial_overlap,1929,2740,0.11161290046972022,0.10840122004520032,0.9552707226097338,171.69173619621455,0.3490903404275428,0,0.14525894507283552,0
box_sphere_partial_overlap_medium_3,partial_overlap,1930,185,0.0549221932485778,0.04895838899519473,0.9877825218725959,66.80954412834457,0.18232139012744064,1,0.11042683102275204,0
box_sphere_partial_overlap_medium_3,partial_overlap,1933,479,0.12833511533956884,0.1215941171077552,0.7394292334135043,105.64037429514497,-0.28198379538499607,0,0.10452621293099447,0
box_sphere_partial_overlap_medium_3,partial_overlap,1935,856,0.06967659678170927,0.06682553502947411,0.9785057460632611,116.27635828579912,0.17227104686655548,1,0.09271542562736436,0
box_sphere_partial_overlap_medium_3,partial_overlap,1936,1275,0.10819478833774969,0.106062681544791,0.9997679483939441,71.56723282835813,0.1057813634436778,1,0.10170383324874367,0
box_sphere_partial_overlap_medium_3,partial_overlap,1942,604,0.12017462535312065,0.11038975671247149,0.9983983551700727,88.45734768505599,-0.010050326594250552,0,0.08738017360791132,0
box_sphere_partial_overlap_medium_3,partial_overlap,1943,2666,0.08067678075342578,0.08058270449675342,0.9997811684849565,120.86800915097493,0.22356428335943443,1,0.07654941007180001,1
box_sphere_partial_overlap_medium_3,partial_overlap,1945,328,0.09304983449764812,0.09072674835573309,0.8831138893922611,64.30887071956026,0.005698015162262853,0,0.10376208152766322,0
box_sphere_partial_overlap_medium_3,partial_overlap,1947,2360,0.0284272026428145,0.018243877484833006,0.9153417903383962,49.20530432877348,-0.07654003106973047,0,0.12414256514606767,0
box_sphere_partial_overlap_medium_3,partial_overlap,1949,747,0.0467893247088869,0.03708279710599938,0.9905215786005204,68.59823662848945,-0.22791656189675827,0,0.13017070676916026,0
box_sphere_partial_overlap_medium_3,partial_overlap,1950,2074,0.09420861770296028,0.07905890043698786,0.923528561757722,128.801768685651,0.17065946697611772,0,0.13425758481426978,0
box_sphere_partial_overlap_medium_3,partial_overlap,1951,3251,0.05259197430144297,0.05033831651889781,0.9565187490430518,144.33140234111033,0.05448812695079888,1,0.15520120161495027,0
box_sphere_partial_overlap_medium_3,partial_overlap,1952,682,0.0918340840535425,0.08648538257612924,0.9979648203135169,60.73239318135883,0.27763140326534885,0,0.05832975860772375,1
box_sphere_partial_overlap_medium_3,partial_overlap,1953,2516,0.1041054015752449,0.10274317748886795,0.964401465928248,150.5162572516436,0.41870999275320553,0,0.13495077746513448,0
box_sphere_partial_overlap_medium_3,partial_overlap,1954,2964,0.08185378343037497,0.08082188096271853,0.999081675603943,79.1401037946407,0.011928557821809965,1,0.10572173453769829,0
box_sphere_partial_overlap_medium_3,partial_overlap,1955,1792,0.09641518043893996,0.0959300264402996,0.9972325339676639,120.71227814412345,0.15984852038654465,0,0.11453071861921116,0
box_sphere_partial_overlap_medium_3,partial_overlap,1956,2211,0.07996101001709524,0.07477283343084638,0.9989246258037294,67.2989117479455,-0.0813132671305002,1,0.09472682864927794,0
box_sphere_partial_overlap_medium_3,partial_overlap,1957,1918,0.09547576265914715,0.0862086392495316,0.9975399226294823,101.28698851141921,0.13453075449621038,0,0.04826046572710198,1
box_sphere_partial_overlap_medium_3,partial_overlap,1958,3244,0.11991118875701458,0.10875411818825109,0.9589342307031379,68.49081610614684,-0.6133404709462945,0,0.10639954779587868,0
box_sphere_partial_overlap_medium_3,partial_overlap,1960,887,0.11403192580614795,0.1055882680192432,0.6421503657888923,141.56101735944685,-0.12783324651000713,0,0.15977601190923338,0
box_sphere_partial_overlap_medium_3,partial_overlap,1961,2159,0.05748912220812407,0.03731535792513133,0.9085575245405201,171.42468481217767,0.22884135814333462,0,0.19446115926467025,0
box_sphere_partial_overlap_medium_3,partial_overlap,1969,1893,0.12991453214466192,0.1240952959765469,0.9997063296902965,106.65535879144467,0.324151462190144,0,0.1062997530092404,0
box_sphere_partial_overlap_medium_3,partial_overlap,1971,3114,0.08670193141229501,0.0823089653122563,0.8723547302962924,121.75923129049397,-0.28198379538499607,0,0.0786347847465738,1
box_sphere_partial_overlap_medium_3,partial_overlap,1972,2964,0.09113178457503067,0.09079777624774138,0.9990933373464318,83.61326787239501,-0.03252315534196425,0,0.11158659766179556,0
box_sphere_partial_overlap_medium_3,partial_overlap,1973,1163,0.0965666575633723,0.09444751684326302,0.997951775679327,77.72087768268163,-0.027749880371487037,0,0.12284348901503103,0
box_sphere_partial_overlap_medium_3,partial_overlap,1974,2118,0.09084524630557421,0.08871166959519479,0.99824574433722,106.60210389676712,-0.04082195285363091,0,0.1350299478418728,0
box_sphere_partial_overlap_medium_3,partial_overlap,1979,2916,0.023704013739093886,0.006175750082358843,0.2300580750209692,77.98049256926979,-0.05372535265290683,1,0.13641338418115875,0
box_sphere_partial_overlap_medium_3,partial_overlap,1980,88,0.0754068974491257,0.07335489390482992,0.9996740613441449,134.1471170885294,0.25782881518479,1,0.07390012586844141,1
box_sphere_partial_overlap_medium_3,partial_overlap,1981,960,0.08947402931998441,0.07990651087823886,0.9331256441814925,75.58747314474518,0.26163115408462706,1,0.0922054046990477,0
box_sphere_partial_overlap_medium_3,partial_overlap,1983,1418,0.06815869660946469,0.06787651549499735,0.44159386733775174,77.55633111298272,-0.03252316746315372,0,0.13487410762961094,0
box_sphere_partial_overlap_medium_3,partial_overlap,1984,2953,0.10281943950949123,0.10088232504857964,0.9999003183619029,83.43372647890271,-0.17662333329859697,1,0.0813765570680224,0
box_sphere_partial_overlap_medium_3,partial_overlap,1985,1365,0.09732364974724397,0.09022812552585041,0.9998755853152711,118.61548137885696,-0.1278332215100611,1,0.1486723303652738,0
box_sphere_partial_overlap_medium_3,partial_overlap,1988,2786,0.11048279803784641,0.10830203943187858,0.9822166177191886,119.23988317907326,0.27763149417425026,0,0.11967141994004683,0
box_sphere_partial_overlap_medium_3,partial_overlap,1989,2914,0.048511235614746455,0.03842941518028311,0.9992372675068844,97.8836445280637,-0.17662333329859697,0,0.15473244092496716,0
box_sphere_partial_overlap_medium_3,partial_overlap,1990,2779,0.06585751278464295,0.06422414987665079,0.799403288310445,110.17169919498002,-0.22791656189675827,0,0.09690319885623476,0
box_sphere_partial_overlap_medium_3,partial_overlap,1991,800,0.08610118056632995,0.08530223820303082,0.9995919298497152,95.18261768164504,-0.17662333329859697,1,0.09804573014702843,0
box_sphere_partial_overlap_medium_3,partial_overlap,1995,1059,0.10995683723033585,0.10592332690572459,0.9139591194919083,125.444780138232,0.22356428335943443,0,0.12748006704072296,0
box_sphere_partial_overlap_medium_3,partial_overlap,1996,1896,0.09192221055418491,0.09075147265551801,0.999962695933695,90.13881700944889,-0.17228495423900955,0,0.1012190618227944,0
box_sphere_partial_overlap_medium_3,partial_overlap,1997,1557,0.11989470627888801,0.11455401351310343,0.9759555330309109,108.74654078388934,-0.05372535265290683,0,0.06603059797318972,1
box_sphere_partial_overlap_medium_3,partial_overlap,2001,2717,0.11289078355813228,0.1111827019696684,0.9993616035727761,114.7087358299592,0.13453075449621038,0,0.1463541152571536,0
box_sphere_partial_overlap_medium_3,partial_overlap,2003,3257,0.10159536176153662,0.09526111819424685,0.997549210396766,98.3752419270286,0.18582399098908933,0,0.12325945390442203,0
box_sphere_partial_overlap_medium_3,partial_overlap,2004,430,0.09415592788664544,0.09301365829281344,0.9991760045180748,76.37997988736991,0.011928557821809965,1,0.07995624738170552,1
box_sphere_partial_overlap_medium_3,partial_overlap,2005,1976,0.09269674736696228,0.08975480756376605,0.9977685420836548,39.17123950438286,0.03922067469178058,1,0.1318267973577849,0
box_sphere_partial_overlap_medium_3,partial_overlap,2006,2896,0.06624556427576808,0.04229331143072331,0.9996175461721187,165.58085011751157,-0.12783320484343594,1,0.16266718453978501,0
box_sphere_partial_overlap_medium_3,partial_overlap,2013,1641,0.05982109124536622,0.046700673647750345,0.9943561032453255,51.31490619545762,-0.17039281563899605,0,0.11350899424243575,0
box_sphere_partial_overlap_medium_3,partial_overlap,2014,433,0.079841751965864,0.07733572176474394,0.998825298236031,88.19731910655867,0.18582399098908933,1,0.08963910004188584,0
box_sphere_partial_overlap_medium_3,partial_overlap,2017,1016,0.08814380851594435,0.0872855530443246,0.3550507598414523,104.4474385635473,-0.08701129365637626,0,0.19497952310611716,0
box_sphere_partial_overlap_medium_3,partial_overlap,2018,1584,0.048479358723158957,0.029942716662120394,0.9979501765188643,62.01266942091585,0.011928557821809965,1,0.10217016922355193,0
box_sphere_partial_overlap_medium_3,partial_overlap,2020,2547,0.07520264742693676,0.06901491487300035,0.996802944006884,100.56265069237374,-0.04445171909261546,1,0.14407738140869727,0
box_sphere_partial_overlap_medium_3,partial_overlap,2023,3107,0.10469992696922262,0.10177713097419414,0.9988860804750044,91.75250810870678,-0.12783323514639403,1,0.11702808630414506,0
box_sphere_partial_overlap_medium_3,partial_overlap,2024,1928,0.10653504292923272,0.10196071612837923,0.9997629001586462,81.89833291576264,0.0857406427076745,0,0.05187489289181875,1
box_sphere_partial_overlap_medium_3,partial_overlap,2025,2652,0.09657474821882199,0.09354212174260768,0.9984992202005226,102.87550765769113,0.03922067469178058,0,0.1365513872114801,0
box_sphere_partial_overlap_medium_3,partial_overlap,2026,1848,0.04387999291989355,0.04233385478668866,0.9978745479816222,99.45941262237942,0.04651996801589379,0,0.1365880507124997,0
box_sphere_partial_overlap_medium_3,partial_overlap,2027,2552,0.09252145685813053,0.0918865915840145,0.9794388086793171,102.41234048730264,-0.014504673345750287,1,0.09717082968342129,0
box_sphere_partial_overlap_medium_3,partial_overlap,2028,667,0.0871372124471017,0.08658660258241155,0.9989044206478939,73.72820718617133,0.27763140326534885,1,0.07970441097264357,1
box_sphere_partial_overlap_medium_3,partial_overlap,2029,2625,0.10816612341611687,0.10780876053829469,0.9906825364264371,107.09844661486456,-0.08338152198261987,0,0.07208815366145904,1
box_sphere_partial_overlap_medium_3,partial_overlap,2030,380,0.11306626902712866,0.11230883765741469,0.9995682509621248,42.65751008226749,0.15984858057161652,0,0.07088598867980272,1
box_sphere_partial_overlap_medium_3,partial_overlap,2032,2496,0.09315432208243248,0.0890142240481737,0.9993736856378703,116.96597438678164,-0.17039281563899605,1,0.148491247915135,0
box_sphere_partial_overlap_medium_3,partial_overlap,2035,1949,0.1080279281467655,0.09478869185072705,0.9983369895757813,102.95751865797595,0.2006704732401757,0,0.17274426027028644,0
box_sphere_partial_overlap_medium_3,partial_overlap,2036,960,0.10301534506680454,0.0880695936984697,0.8916761632785943,86.25040100026897,0.005698015162262853,0,0.11728132141564739,0
box_sphere_partial_overlap_medium_3,partial_overlap,2037,1386,0.09584720110109624,0.09244939264204394,0.9840836664027551,126.5483378840663,0.3934631754790295,0,0.12380327512155882,0
box_sphere_partial_overlap_medium_3,partial_overlap,2038,709,0.04991372744481177,0.03827501962347102,0.3938250952572682,67.12572411395429,0.1484198671873671,0,0.15494448162837612,0
box_sphere_partial_overlap_medium_3,partial_overlap,2041,1543,0.06692021046905834,0.05105255057816113,0.9165709068334837,72.51154263595957,0.04651996801589379,0,0.12301385723278663,0
box_sphere_partial_overlap_medium_3,partial_overlap,2042,2820,0.09579202235729231,0.09542539552040256,0.999023078542405,84.85901644383895,-0.04779061896459558,0,0.108502192457802,0
box_sphere_partial_overlap_medium_3,partial_overlap,2043,3313,0.04047992433698292,0.038228684592432845,0.9998366310929196,110.5284410771509,-0.08527367194624638,0,0.153836435213712,0
box_sphere_partial_overlap_medium_3,partial_overlap,2044,725,0.08016973027553759,0.07642610976495255,0.9964545273079096,90.29793207468518,0.0953100964710644,1,0.11151967269261531,0
box_sphere_partial_overlap_medium_3,partial_overlap,2046,364,0.08585588612262016,0.0821219649247837,0.9975604140971636,65.29363323493914,-0.23905869392702175,1,0.12948507478781313,0
box_sphere_partial_overlap_medium_3,partial_overlap,2047,2489,0.09228892563243127,0.09146314350026144,0.9987470113911758,120.36137834225833,0.15984852038654465,1,0.13316709983016575,0
box_sphere_partial_overlap_medium_3,partial_overlap,2049,2135,0.060477290810274045,0.05665533004731479,0.9992442670752825,125.4642888664075,0.005698015162262853,0,0.14967699499175335,0
box_sphere_partial_overlap_medium_3,partial_overlap,2051,637,0.10160140496535189,0.09740830065594053,0.9984799310195213,168.84587968301517,0.2437299469917969,0,0.14110141855451652,0
box_sphere_partial_overlap_medium_3,partial_overlap,2054,1612,0.0900006081762253,0.07193744070857248,0.8861667275222707,122.94558931685386,0.07696096706212563,0,0.13708546591511706,0
box_sphere_partial_overlap_medium_3,partial_overlap,2057,564,0.03762545830150113,0.033940257468449996,0.9988294252393923,92.86203493694751,0.0857406427076745,1,0.13101930216845836,0
box_sphere_partial_overlap_medium_3,partial_overlap,2058,222,0.07594943670983775,0.07455230195792761,0.9956348865794904,112.95890635142912,-0.3856620102243305,0,0.09856712944211334,0
box_sphere_partial_overlap_medium_3,partial_overlap,2060,3150,0.08122050097706185,0.06297243033112701,0.9191520743082566,106.79942015419296,0.5112461243299214,0,0.12096773154779107,0
box_sphere_partial_overlap_medium_3,partial_overlap,2061,1228,0.12775419102894153,0.12446717058415635,0.9646359282059799,69.03306258743925,-0.014504673345750287,0,0.07987811359717328,1
box_sphere_partial_overlap_medium_3,partial_overlap,2062,3112,0.06854787695125025,0.06662372980288093,0.9992603090074705,140.0054069678031,0.23989114793195632,1,0.09351927244050166,0
box_sphere_partial_overlap_medium_3,partial_overlap,2063,960,0.12693410558732734,0.11759232216991676,0.9897823259674499,92.4416699085611,0.12348093507801945,0,0.08559007654779696,0
box_sphere_partial_overlap_medium_3,partial_overlap,2064,73,0.1120595221107422,0.10587586948751325,0.9995232968945335,91.18644261844105,0.21511118606873317,0,0.1085441293348119,0
box_sphere_partial_overlap_medium_3,partial_overlap,2065,2768,0.07568983410585413,0.07526494237493,0.9990272470041011,87.362328889742,0.12348093507801945,1,0.11506103486085884,0
box_sphere_partial_overlap_medium_3,partial_overlap,2067,3320,0.06485916025066903,0.05981099565242573,0.7527494274066242,80.56554437728812,-0.26136449032517206,0,0.1310026630667298,0
box_sphere_partial_overlap_medium_3,partial_overlap,2070,3347,0.08821355700009842,0.0875334687834804,0.9997598117381836,33.99538492317164,0.011928557821809965,1,0.09270412240558767,0
box_sphere_partial_overlap_medium_3,partial_overlap,2072,751,0.08066884005493702,0.07999712879702227,0.9975086920079346,61.82873950578771,0.0857406427076745,1,0.10633562761155772,0
box_sphere_partial_overlap_medium_3,partial_overlap,2073,386,0.09936975977224169,0.09086959777047826,0.9965071116496279,110.66942052607052,-0.20787588367078538,1,0.14901482718452336,0
box_sphere_partial_overlap_medium_3,partial_overlap,2074,2881,0.09517843761655685,0.08238901480091287,0.999619740896146,66.90454680283858,0.011928557821809965,0,0.09523048912936333,0
box_sphere_partial_overlap_medium_3,partial_overlap,2077,2557,0.09390899676560711,0.09270451379476186,0.9987642924323626,61.449337635818665,-0.17228495423900955,1,0.09605667227916558,0
box_sphere_partial_overlap_medium_3,partial_overlap,2078,129,0.057763560758054514,0.052707594945233256,0.1223141009096268,77.41661522467196,0.1085553311158015,0,0.14908690389396428,0
box_sphere_partial_overlap_medium_3,partial_overlap,2079,1362,0.09064240515706838,0.08489439533840464,0.9998510086437856,38.17366131086203,-0.04445171909261546,1,0.11001074370244332,0
box_sphere_partial_overlap_medium_3,partial_overlap,2084,3283,0.07305027079217129,0.070963905708153,0.9638948184956637,112.28958880409088,0.09531007980442975,1,0.10941798455569206,0
box_sphere_partial_overlap_medium_3,partial_overlap,2087,571,0.10824748089230361,0.0903542776674999,0.9577875927900097,112.7959094044902,0.01526745931028635,1,0.11479346797704089,0
box_sphere_partial_overlap_medium_3,partial_overlap,2090,1899,0.10390075880293459,0.09875738128860183,0.8654278473430447,103.0483259320771,-0.20479422746099615,0,0.10395563154369618,0
box_sphere_partial_overlap_medium_3,partial_overlap,2093,2483,0.08685439698762264,0.08584269060071963,0.9918837642263488,74.52992559956546,0.0,1,0.05169948796674024,1
box_sphere_partial_overlap_medium_3,partial_overlap,2094,3114,0.03358589765589422,0.015086519144249468,0.47337049344304083,64.60996238637841,-0.16420087546923942,1,0.13261245797096005,0
box_sphere_partial_overlap_medium_3,partial_overlap,2097,3150,0.07772866842562612,0.05750461788864946,0.851765258301014,133.20114974220377,0.2950231834846759,1,0.12537636970985833,0
box_sphere_partial_overlap_medium_3,partial_overlap,2098,1008,0.09498482131026423,0.09332348988267518,0.9995481841868924,92.02775883098765,-0.07904311686436603,0,0.07273140086018219,1
box_sphere_partial_overlap_medium_3,partial_overlap,2099,1835,0.07822549918899335,0.07191821669875342,0.9980039425628161,159.43482275429864,-0.39976657211324623,1,0.10985405546689812,0
box_sphere_partial_overlap_medium_3,partial_overlap,2101,2278,0.11215019246112524,0.10961995562021198,0.9989715535672248,65.4042511559222,-0.04445171909261546,0,0.10266045839813889,0
box_sphere_partial_overlap_medium_3,partial_overlap,2108,17,0.08798473820786822,0.07556086856721121,0.9758966029999863,53.43676575898223,0.08727793455873539,0,0.10769605914859254,0
box_sphere_partial_overlap_medium_3,partial_overlap,2109,2341,0.06100442846937694,0.050456651124155996,0.9977885905948072,114.12729062932743,0.11728895125755574,1,0.1159242653478394,0
box_sphere_partial_overlap_medium_3,partial_overlap,2111,1971,0.09577502743978299,0.09523916061771798,0.9906283661172892,196.16349449548383,-0.08338152198261987,0,0.12087419867707493,0
box_sphere_partial_overlap_medium_3,partial_overlap,2114,1771,0.09985276830241796,0.09857190461691746,0.9990864867170863,118.32751782138308,-0.26759502040710637,1,0.14211710667970254,0
box_sphere_partial_overlap_medium_3,partial_overlap,2121,1735,0.055193616374364866,0.02758636287466198,0.9990752347022986,83.83697031982523,-0.07376605667247647,0,0.1433225347938814,0
box_sphere_partial_overlap_medium_3,partial_overlap,2122,1995,0.06852356947592622,0.05916539221599275,0.9557749873740878,86.78889800387387,-0.23319359827918185,1,0.13112480221535464,0
box_sphere_partial_overlap_medium_3,partial_overlap,2123,2235,0.048802382554960735,0.002675360937168402,0.4738233939079953,39.72097976433461,0.17065946697611772,0,0.13326200912621256,0
box_sphere_partial_overlap_medium_3,partial_overlap,2125,2594,0.06793535779335227,0.06563703383492844,0.9995164706145656,123.73752852104874,-0.12783325612537383,1,0.0965473180261309,0
box_sphere_partial_overlap_medium_3,partial_overlap,2127,1934,0.13860141108822158,0.1316499852041275,0.9622679812380462,102.57375871663656,-0.08338152198261987,0,0.07958568513862621,1
box_sphere_partial_overlap_medium_3,partial_overlap,2129,477,0.04664299739214757,0.00912258181090002,0.8526059660915298,90.85777511263427,-0.04082195285363091,1,0.07320466523804187,1
box_sphere_partial_overlap_medium_3,partial_overlap,2130,616,0.09640854253311895,0.09531992372825748,0.9996569767541892,61.122741777889146,0.25993189446155635,1,0.14368424864256288,0
box_sphere_partial_overlap_medium_3,partial_overlap,2131,2793,0.10112451545049625,0.10020130335958578,0.9993843258091434,162.1115220145869,0.04651996801589379,1,0.12952189600762223,0
box_sphere_partial_overlap_medium_3,partial_overlap,2133,3090,0.0838457720694772,0.08044185924956196,0.9791987946699722,108.91245805973348,0.22047314138593183,1,0.0973779047883156,0
box_sphere_partial_overlap_medium_3,partial_overlap,2135,1854,0.0322386644058916,0.007772127650871962,0.3667110551127452,100.6742740479677,0.6097651150995075,1,0.15497898103243463,0
box_sphere_partial_overlap_medium_3,partial_overlap,2137,1939,0.06409066455461647,0.061793647073112655,0.986392608884012,136.105190338437,-0.010050326594250552,1,0.10196571157575395,0
box_sphere_partial_overlap_medium_3,partial_overlap,2139,1885,0.0671604425710343,0.06460789378160453,0.6131268360698212,83.84327984333893,0.14043050422515357,0,0.15351616393052847,0
box_sphere_partial_overlap_medium_3,partial_overlap,2141,2952,0.05853277591198594,0.04732550273658684,0.8286138264882686,106.10275078392709,0.2368095565226148,0,0.08616753269853494,0
box_sphere_partial_overlap_medium_3,partial_overlap,2142,670,0.07470320804404416,0.06751306210129521,0.9995201705588775,200.79828734606005,0.005698015162262853,1,0.11082806073201198,0
box_sphere_partial_overlap_medium_3,partial_overlap,2143,2286,0.0911781892117782,0.09112044806134062,0.9997580060727921,30.435212476981896,0.020586615677369458,0,0.11615158814685793,0
box_sphere_partial_overlap_medium_3,partial_overlap,2144,539,0.07588742058945176,0.04788760332716613,0.7952140100708367,115.87903208333609,-0.07376605667247647,1,0.12924689854178487,0
box_sphere_partial_overlap_medium_3,partial_overlap,2145,2564,0.031951205357139925,0.029421467969721917,0.9862970418926043,60.30397174832773,0.41578165930890887,1,0.12135444504024873,0
box_sphere_partial_overlap_medium_3,partial_overlap,2147,2678,0.09158399304139925,0.08955869759817181,0.9146248569018042,111.0738023694362,-0.16420087546923942,1,0.08915284991175966,0
box_sphere_partial_overlap_medium_3,partial_overlap,2148,3006,0.12181461801894818,0.11911068832034913,0.9988228215467038,131.66480884293853,-0.08527367194624638,0,0.11351338713287021,0
box_sphere_partial_overlap_medium_3,partial_overlap,2149,2764,0.11106684377073972,0.10597184598413201,0.9990179817825644,72.71851103325199,-0.12783321361534336,0,0.10150791121119278,0
box_sphere_partial_overlap_medium_3,partial_overlap,2151,887,0.11702830664608734,0.09681659180391648,0.8610041695288185,145.13535146453202,0.026317284507871304,0,0.14487165958901457,0
box_sphere_partial_overlap_medium_3,partial_overlap,2153,197,0.12049065592961633,0.11945551075687733,0.9925232585489114,171.2910163970976,0.07283723809378155,0,0.12929304105095338,0
box_sphere_partial_overlap_medium_3,partial_overlap,2154,1985,0.08675147829931794,0.08674423063719643,0.998800568339049,69.3972747516038,0.1484198671873671,1,0.08793934702312675,0
box_sphere_partial_overlap_medium_3,partial_overlap,2155,677,0.11358964464258288,0.11325289943903079,0.98290048041471,138.759035513858,0.13786967103482528,0,0.11109852209488341,0
box_sphere_partial_overlap_medium_3,partial_overlap,2158,2106,0.09576843243925874,0.09525065405997303,0.999529752790964,44.93212605848559,-0.16865520436362869,0,0.09539451238261436,0
box_sphere_partial_overlap_medium_3,partial_overlap,2159,1801,0.037998716145469257,0.001821081916658374,0.5759012757362019,83.20997131571922,-0.12783326806169287,1,0.12768409093728136,0
box_sphere_partial_overlap_medium_3,partial_overlap,2160,2432,0.029716334629468565,0.013508078417916321,0.09225958435809786,74.05191606142233,0.12348093507801945,1,0.19124032403414534,0
box_sphere_partial_overlap_medium_3,partial_overlap,2161,624,0.052093127393429806,0.033924553619675446,0.9978619337184171,67.9099732594391,-0.12783322865290195,0,0.10859230296733273,0
box_sphere_partial_overlap_medium_3,partial_overlap,2162,50,0.023564131193918984,0.01035288301233218,0.8208753532815246,44.79669270302738,0.21309308351634593,1,0.14396485781286106,0
box_sphere_partial_overlap_medium_3,partial_overlap,2163,2134,0.0941724959517173,0.09201452584109607,0.9997417157869913,133.92858464117515,0.17227104686655548,1,0.13680450850777964,0
box_sphere_partial_overlap_medium_3,partial_overlap,2165,45,0.09176537164053267,0.08424060428283496,0.9987057192450036,141.04210983179084,0.0,1,0.11821538227778774,0
box_sphere_partial_overlap_medium_3,partial_overlap,2167,3293,0.08405383426831392,0.0790416549901815,0.9929877014305275,129.66924867769575,0.2170068623311591,1,0.09107335480771278,0
box_sphere_partial_overlap_medium_3,partial_overlap,2168,2577,0.08611342604021255,0.08549073548424521,0.9988388237556464,77.86534763655025,0.2006704732401757,0,0.07913655275165433,1
box_sphere_partial_overlap_medium_3,partial_overlap,2170,3075,0.09257446050047795,0.09206653797650471,0.9993958230481429,88.29162234356549,-0.2996832238318312,0,0.10915272923611602,0
box_sphere_partial_overlap_medium_3,partial_overlap,2171,1888,0.07019946338122136,0.06740796558912293,0.9563986993429022,83.71659230979883,0.05448813861744295,1,0.1123047646894267,0
box_sphere_partial_overlap_medium_3,partial_overlap,2173,1412,0.10663082504619542,0.09359422160586126,0.9995570365341134,88.58466244445286,0.31845335611897974,0,0.06366310255637028,1
box_sphere_partial_overlap_medium_3,partial_overlap,2174,1816,0.10442618177320549,0.09622327654912234,0.9208822039212889,153.0806591918172,0.2776314699318705,0,0.15720890973973725,0
box_sphere_partial_overlap_medium_3,partial_overlap,2176,2966,0.11809343514573965,0.11667152985528784,0.9979431405697907,72.92698161208699,0.005698015162262853,0,0.06587063185796224,1
box_sphere_partial_overlap_medium_3,partial_overlap,2177,1098,0.11377167786023316,0.11184567103588537,0.998966231451957,92.18588052060345,0.13786967103482528,0,0.09365989183377128,0
box_sphere_partial_overlap_medium_3,partial_overlap,2178,229,0.07759971618963026,0.07135984325669582,0.9982721739989945,96.77528650708719,0.03922067469178058,0,0.0926555103350874,0
box_sphere_partial_overlap_medium_3,partial_overlap,2182,2567,0.10529720275957549,0.10140695404958147,0.9989428848309624,72.83313780859528,0.3421699389861505,0,0.0819631600884193,0
box_sphere_partial_overlap_medium_3,partial_overlap,2183,1648,0.05284242102941966,0.037245024630983156,0.06789618135280014,82.43190625060916,0.17754815022184034,0,0.1489267861023505,0
box_sphere_partial_overlap_medium_3,partial_overlap,2185,1812,0.13334906178114245,0.1281452852896112,0.9988709889012578,130.5634027335709,0.026317284507871304,0,0.1177939406980796,0
box_sphere_partial_overlap_medium_3,partial_overlap,2187,270,0.10589597391856667,0.10455529577836452,0.9980253267289085,116.02145899732528,-0.0813132671305002,0,0.13501442728912802,0
box_sphere_partial_overlap_medium_3,partial_overlap,2188,1800,0.06073628925743747,0.04972778361295744,0.9996683498979378,149.5269901058094,0.17754802240256826,0,0.1259130546730068,0
box_sphere_partial_overlap_medium_3,partial_overlap,2189,382,0.10497951127357706,0.09218020635431069,0.9506195221819441,69.67019846046634,0.06140857353099098,0,0.12221457186446442,0
box_sphere_partial_overlap_medium_3,partial_overlap,2190,702,0.11016444440034331,0.10838625622325158,0.9993850617517641,111.42982328453895,0.2086385889212189,0,0.10180321067145039,0
box_sphere_partial_overlap_medium_3,partial_overlap,2191,3158,0.09278537881622055,0.08971853820594036,0.9995882023943297,106.08585178543281,0.018770081150914646,1,0.07779677717768696,1
box_sphere_partial_overlap_medium_3,partial_overlap,2196,1269,0.10502220494126602,0.1038485763924248,0.9987480661929664,75.91771961788051,0.011928557821809965,0,0.11587185839784954,0
box_sphere_partial_overlap_medium_3,partial_overlap,2198,32,0.11322955172862635,0.09371977410498301,0.8746057997028227,109.75302671150183,0.26163115408462706,0,0.09326920208784713,0
box_sphere_partial_overlap_medium_3,partial_overlap,2199,2555,0.06507615995391013,0.04881844009375344,0.8242146737093023,116.71019388057329,0.03250924796951011,1,0.13088038370710872,0
box_sphere_partial_overlap_medium_3,partial_overlap,2200,163,0.06581501603887879,0.0632123060460322,0.9999777396158234,149.21021110416774,-0.07904311686436603,1,0.12324487881240064,0
box_sphere_partial_overlap_medium_3,partial_overlap,2204,1279,0.08431697498850411,0.08297151641390595,0.998235216601182,66.61013340653652,-0.12783324107523536,1,0.10889637042573393,0
box_sphere_partial_overlap_medium_3,partial_overlap,2205,2125,0.10390576778341466,0.1019531663751479,0.9973703262011634,88.80656715600924,0.06322179431468887,0,0.14737873811745353,0
box_sphere_partial_overlap_medium_3,partial_overlap,2206,2012,0.06377371788747352,0.018806133287847693,0.7915227518586386,50.604988309523705,0.06887685907163212,0,0.09441423442386081,0
box_sphere_partial_overlap_medium_3,partial_overlap,2207,821,0.06299971206319893,0.0619621272886805,0.9603618701482804,76.9768130767935,-0.310154594970867,0,0.15418851739174272,0
box_sphere_partial_overlap_medium_3,partial_overlap,2210,1310,0.08485330627894451,0.07501728780123702,0.999458992941261,181.91837885814604,0.034685513870299174,1,0.13986735200793365,0
box_sphere_partial_overlap_medium_3,partial_overlap,2212,3085,0.12562588481987447,0.12117989309184882,0.9933932310328354,45.14661713450603,0.19493983520326097,0,0.020482482527144196,1
box_sphere_partial_overlap_medium_3,partial_overlap,2213,1731,0.06081228242658665,0.0569931456089261,0.40459720410211564,87.62865522152401,0.13786967103482528,0,0.18888957568513512,0
box_sphere_partial_overlap_medium_3,partial_overlap,2214,504,0.10089404867480464,0.09566856209630979,0.9999335020606561,40.21270974159009,0.42423481047155887,0,0.09189392965817268,0
box_sphere_partial_overlap_medium_3,partial_overlap,2216,704,0.0879902850931958,0.08432518957579951,0.9991863451539246,89.80237343727804,-0.464304989084319,1,0.09134740521143275,0
box_sphere_partial_overlap_medium_3,partial_overlap,2221,1205,0.08292334603721004,0.052617005607742406,0.7474720810102078,111.35554321047994,-0.12783324107523536,1,0.12562999679326553,0
box_sphere_partial_overlap_medium_3,partial_overlap,2223,1170,0.08826488430942543,0.07862890407789266,0.9273314620644451,113.36109581854276,0.1466033162973087,1,0.1079773904278491,0
box_sphere_partial_overlap_medium_3,partial_overlap,2227,662,0.10299020809781435,0.09878187514444377,0.9994105881191513,87.08301499154602,-0.17039281563899605,0,0.09052135786443144,0
box_sphere_partial_overlap_medium_3,partial_overlap,2229,1145,0.09101287585104595,0.08722859898576418,0.9917748453959929,136.5887215477665,0.26163115408462706,1,0.10904044948195492,0
box_sphere_partial_overlap_medium_3,partial_overlap,2230,811,0.11785809602709552,0.11680860186541094,0.9992551822166633,128.15954538997252,0.2086386579686774,0,0.09630381185195618,0
box_sphere_partial_overlap_medium_3,partial_overlap,2231,1505,0.11573522257295785,0.11047632707371066,0.9974132103114536,97.85261949749982,0.18582399098908933,0,0.07814265662724973,1
box_sphere_partial_overlap_medium_3,partial_overlap,2232,745,0.06227084908879536,0.06103762098671472,0.7589403457029217,108.98685839412585,0.19758887721545818,0,0.10893330251394644,0
box_sphere_partial_overlap_medium_3,partial_overlap,2234,1945,0.10759385490089138,0.10740348927257304,0.9992718217099695,62.60652639467912,0.26163115408462706,0,0.07155495201147184,1
box_sphere_partial_overlap_medium_3,partial_overlap,2236,1907,0.10044735439731053,0.09179398315045394,0.9998540690190256,86.54791350670044,0.09531007980442975,1,0.08964383377561408,0
box_sphere_partial_overlap_medium_3,partial_overlap,2237,268,0.09657117367578867,0.09196100052150323,0.9999454164669739,87.1443784689277,-0.06720865410535076,0,0.10269334433384099,0
box_sphere_partial_overlap_medium_3,partial_overlap,2238,1357,0.11173087126222318,0.10877380392232422,0.6745687242064371,125.15994447475367,-0.2819835394333169,0,0.12030532704171217,0
box_sphere_partial_overlap_medium_3,partial_overlap,2242,488,0.04684004333128682,0.02431610232426147,0.9658385379517015,69.46235709166076,-0.5586154645266602,1,0.12338981282103409,0
box_sphere_partial_overlap_medium_3,partial_overlap,2243,702,0.09135570053668658,0.09053167591536841,0.9997625994103324,81.90817623675156,0.29961026360739473,1,0.0939864618760591,0
box_sphere_partial_overlap_medium_3,partial_overlap,2244,1693,0.10764630901035954,0.09697049970144057,0.9429573845826045,117.03370127962081,0.020586615677369458,0,0.08699392210125458,0
box_sphere_partial_overlap_medium_3,partial_overlap,2245,2925,0.09204567160794236,0.08504162467671605,0.9704523031278215,116.86740284442061,0.3729415739786799,0,0.1040744093895531,0
box_sphere_partial_overlap_medium_3,partial_overlap,2246,1584,0.04988836443070158,0.03127160776600798,0.9979483960564385,57.768157168522876,0.05448812695079888,0,0.13656637201064323,0
box_sphere_partial_overlap_medium_3,partial_overlap,2248,3282,0.11795751251458572,0.1152757073081413,0.9999254001500223,128.11217935737713,-0.04082195285363091,0,0.1526411597853426,0
box_sphere_partial_overlap_medium_3,partial_overlap,2249,869,0.07992035279215025,0.07618265631708333,0.9726395867352556,61.340770949501454,0.005698015162262853,0,0.08636284547814105,0
box_sphere_partial_overlap_medium_3,partial_overlap,2250,1332,0.05369800222912124,0.04824486191078148,0.24824825263740682,65.35486691042088,-0.03252316746315372,0,0.18153156684911032,0
box_sphere_partial_overlap_medium_3,partial_overlap,2256,1664,0.11226045111689092,0.10778834427956191,0.9993787449557642,124.0063792909585,0.03250924796951011,0,0.12808755043721612,0
box_sphere_partial_overlap_medium_3,partial_overlap,2257,655,0.08961463121434526,0.08614459411449779,0.89188554873671,82.5485001423766,-0.17228495423900955,1,0.09609175228216242,0
box_sphere_partial_overlap_medium_3,partial_overlap,2258,3150,0.12431461626510242,0.10963869219854555,0.9664491833284521,94.0621664939233,0.2950231834846759,0,0.042422431143052,1
box_sphere_partial_overlap_medium_3,partial_overlap,2260,483,0.05915500837662141,0.05228978842806164,0.31001823641356174,118.46423606100925,-0.1278332603988704,0,0.19017805918014669,0
box_sphere_partial_overlap_medium_3,partial_overlap,2262,612,0.1131185667650512,0.11145868399297734,0.9089919393856042,111.58314012875618,0.361714502366042,0,0.11237732033939261,0
box_sphere_partial_overlap_medium_3,partial_overlap,2263,290,0.09472035200262627,0.0889879235766981,0.9994551870117989,68.59053401562075,-0.3285036780836116,0,0.13492395097471332,0
box_sphere_partial_overlap_medium_3,partial_overlap,2264,988,0.1080538393365079,0.0995919896697736,0.969051183653824,105.78314280724652,0.005698015162262853,1,0.10603410031172447,0
box_sphere_partial_overlap_medium_3,partial_overlap,2265,2529,0.08022348883113876,0.07106732103919858,0.9996901882065818,131.80394948097054,-0.01660771472786216,1,0.0820533938606718,0
box_sphere_partial_overlap_medium_3,partial_overlap,2269,3189,0.035686936021689895,0.03502117250648262,0.9621463717457525,84.39063646750658,-0.07904311686436603,1,0.10936382353158658,0
box_sphere_partial_overlap_medium_3,partial_overlap,2274,407,0.03596096713774758,0.03519761021677826,0.9840308896580995,111.852694512744,0.02631727657137979,1,0.13335648569784578,0
box_sphere_partial_overlap_medium_3,partial_overlap,2275,1034,0.08323221164837609,0.06509974727358876,0.1517863692439436,89.44134886391306,0.3646428080326126,0,0.181752387837086,0
box_sphere_partial_overlap_medium_3,partial_overlap,2276,2750,0.0628231087360462,0.05490182433223585,0.7901453163888719,148.61680562396094,-0.2188049157614113,0,0.18206526536198817,0
box_sphere_partial_overlap_medium_3,partial_overlap,2277,1509,0.10232007454121295,0.0990430309548462,0.972293037340922,177.64264946051702,0.24685985918172057,1,0.141325089501365,0
box_sphere_partial_overlap_medium_3,partial_overlap,2278,2812,0.039740040077960954,0.02954123908126874,0.6578016720890201,38.983549933513075,0.05448813861744295,0,0.07938296107813556,1
box_sphere_partial_overlap_medium_3,partial_overlap,2282,125,0.05422844161641812,0.050693926361992235,0.7254815423122367,69.80101002646032,-0.23319359827918185,0,0.15461114462214026,0
box_sphere_partial_overlap_medium_3,partial_overlap,2283,1707,0.028971865262824394,0.02460970890776497,0.5336739934868189,151.25643026320975,0.005698015162262853,0,0.15207576163858408,0
box_sphere_partial_overlap_medium_3,partial_overlap,2284,745,0.05265728059863555,0.041093768615948094,0.19702401634535954,43.39195824435373,0.1105775633570958,0,0.1718905472701075,0
box_sphere_partial_overlap_medium_3,partial_overlap,2285,2093,0.057736462127797504,0.039485057262573585,0.99959393589754,54.58823711709569,0.06322179431468887,0,0.10500048000687347,0
box_sphere_partial_overlap_medium_3,partial_overlap,2289,3402,0.08981205011003544,0.08600788887549117,0.2668763649421406,74.09047852200266,-0.16557355276921545,0,0.20169318929301128,0
box_sphere_partial_overlap_medium_3,partial_overlap,2290,2624,0.11753010056577816,0.10594278003367223,0.9688988033208201,103.03569182237656,0.2086386579686774,0,0.07666322373811019,1
box_sphere_partial_overlap_medium_3,partial_overlap,2291,1245,0.08452418202649573,0.07918457473283737,0.9597712543891435,213.09880271108722,0.2437299469917969,1,0.139169528341442,0
box_sphere_partial_overlap_medium_3,partial_overlap,2294,837,0.07777614325256478,0.056222665126872955,0.5903102321944557,40.11728866176264,0.22884135814333462,0,0.09957371470964643,0
box_sphere_partial_overlap_medium_3,partial_overlap,2295,3205,0.03640707656703077,0.03126716003658021,0.9550269314652748,120.06386140004471,-0.746871640356905,1,0.1288465555155322,0
box_sphere_partial_overlap_medium_3,partial_overlap,2298,807,0.11264278747453993,0.10799934781651663,0.9806096247451337,82.25231639937994,0.2920202318145566,0,0.0897227432710396,0
box_sphere_partial_overlap_medium_3,partial_overlap,2299,2884,0.09303625162139524,0.09266820629256724,0.9983387467868635,60.458667057107085,-0.310154594970867,1,0.09768147727963981,0
box_sphere_partial_overlap_medium_3,partial_overlap,2300,3307,0.05700300354630738,0.03614834381122216,0.8663417664610726,125.76367182180317,0.12348093507801945,0,0.17624147450098485,0
box_sphere_partial_overlap_medium_3,partial_overlap,2301,1899,0.019535217630409336,0.004913228286889083,0.33657387003590145,40.75085815206955,0.04206563172072454,1,0.16200010818304336,0
box_sphere_partial_overlap_medium_3,partial_overlap,2308,1683,0.02809543313096743,0.005888318728443476,0.5804787877244029,50.45957802750566,0.009367743970421656,1,0.10704554807343711,0
box_sphere_partial_overlap_medium_3,partial_overlap,2312,630,0.08943773669889322,0.08895249049133715,0.9999699041392025,110.89392136073312,-0.0813132671305002,1,0.13215683417777807,0
box_sphere_partial_overlap_medium_3,partial_overlap,2313,1911,0.10697512974328369,0.10456360314827076,0.9949561706287001,95.53617291693197,0.011928557821809965,0,0.14559500596281966,0
box_sphere_partial_overlap_medium_3,partial_overlap,2314,3340,0.05701973739305703,0.05106375520207475,0.7910042573957184,83.08835304332759,-0.1670539308171544,0,0.12366692866253716,0
box_sphere_partial_overlap_medium_3,partial_overlap,2315,3013,0.1087627866901018,0.10537477007796378,0.9976679258425141,135.34079514303943,-0.17228495423900955,0,0.08245131682636439,0
box_sphere_partial_overlap_medium_3,partial_overlap,2316,1491,0.094733914958674,0.08920309950041197,0.9977877292740075,78.6503012616737,0.08347561851599417,0,0.06819876142746961,1
box_sphere_partial_overlap_medium_3,partial_overlap,2318,2222,0.10689429896662757,0.10636807094890921,0.9988728477437351,156.71837470250293,-0.027749880371487037,0,0.10979953366943652,0
box_sphere_partial_overlap_medium_3,partial_overlap,2319,2921,0.10330854555904104,0.09854587587157156,0.9982413103852814,59.65807492548369,0.1133285781642475,1,0.0558740334896045,1
box_sphere_partial_overlap_medium_3,partial_overlap,2321,2030,0.09749376130322199,0.09340541677782341,0.9996952136837932,76.89275123759869,0.0953100964710644,0,0.06995594233900669,1
box_sphere_partial_overlap_medium_3,partial_overlap,2324,492,0.09248990975477016,0.09136116405418082,0.9998814590134666,149.54459367250098,0.13453075449621038,1,0.10247951550287461,0
box_sphere_partial_overlap_medium_3,partial_overlap,2325,3085,0.09986198694913473,0.09835291976728217,0.926497584270144,65.18170125025745,0.26163115408462706,1,0.06354137285883446,1
box_sphere_partial_overlap_medium_3,partial_overlap,2326,2484,0.10109712148922913,0.09805945503462321,0.9972214825604038,138.4520298711487,-0.05372535265290683,1,0.09263370927851693,0
box_sphere_partial_overlap_medium_3,partial_overlap,2328,2133,0.0908035821256261,0.08851320527522841,0.9989306031963179,31.98716753355573,-0.12783321361534336,1,0.14111222979372046,0
box_sphere_partial_overlap_medium_3,partial_overlap,2329,2378,0.055506737203108704,0.0529945624671991,0.8195148518994846,81.88524216065947,0.18582399098908933,0,0.08252901738257948,0
box_sphere_partial_overlap_medium_3,partial_overlap,2330,2427,0.11479065441608766,0.11202582275889741,0.9625107866649556,102.11355412172847,0.13453075449621038,0,0.06962036142335758,1
box_sphere_partial_overlap_medium_3,partial_overlap,2331,2655,0.07885608925796364,0.07192504990439712,0.983675107101802,66.20877303833004,-0.22791656189675827,1,0.06472776382885216,1
box_sphere_partial_overlap_medium_3,partial_overlap,2333,3141,0.09449787268091486,0.09373629348992803,0.9648442372044387,145.30280432065194,0.2950231834846759,0,0.1173373845434196,0
box_sphere_partial_overlap_medium_3,partial_overlap,2334,1273,0.11789520077772211,0.11561443173196959,0.05020750495968692,69.84498223332743,-0.0813132671305002,0,0.25478028761682514,0
box_sphere_partial_overlap_medium_3,partial_overlap,2335,226,0.10026884309636554,0.09821555867313225,0.9988235515141997,91.89470118403365,-0.0813132671305002,1,0.07482125803266212,1
box_sphere_partial_overlap_medium_3,partial_overlap,2340,887,0.08999426088512265,0.08084869563699272,0.7401716453670294,55.06915330921139,0.128099892412357,0,0.09157352671660968,0
box_sphere_partial_overlap_medium_3,partial_overlap,2341,2173,0.09891992697578653,0.09301156791800437,0.9988849482876823,89.54498773837592,0.3421699389861505,1,0.09336052117325117,0
box_sphere_partial_overlap_medium_3,partial_overlap,2342,1371,0.08662014940246393,0.07818928055658991,0.9979453019774217,131.62102589320904,0.09531007980442975,1,0.12161749980128683,0
box_sphere_partial_overlap_medium_3,partial_overlap,2343,1758,0.07870515256523736,0.07124785462644918,0.7985215039691834,120.16063583574716,0.25782881518479,0,0.11609906347824209,0
box_sphere_partial_overlap_medium_3,partial_overlap,2345,2368,0.10078826162067149,0.09619225466105415,0.9973981398787528,82.11697620302135,-0.027749880371487037,0,0.11995444748885875,0
box_sphere_partial_overlap_medium_3,partial_overlap,2347,1119,0.03857788580544889,0.0010453307742373493,0.857383792161292,47.49510367301512,-0.19929216818693443,1,0.10949693758440569,0
box_sphere_partial_overlap_medium_3,partial_overlap,2349,1080,0.12506082905772,0.12070189262083626,0.9669316390858061,100.37381746655373,-0.036861553966726024,0,0.08502052754019523,0
box_sphere_partial_overlap_medium_3,partial_overlap,2351,2812,0.03843193315394861,0.03513366169214898,0.4003148080689999,76.43224526698066,-0.12783325150999786,0,0.12701656067988837,0
box_sphere_partial_overlap_medium_3,partial_overlap,2352,1751,0.08495746942865993,0.08168634880224401,0.9998983445486614,104.4264188964092,-0.22791656189675827,0,0.13420112494345507,0
box_sphere_partial_overlap_medium_3,partial_overlap,2355,2239,0.09544549221094466,0.0913216954882995,0.9731198748817061,81.24357278918669,0.10396814809475163,0,0.06323902709325957,1
box_sphere_partial_overlap_medium_3,partial_overlap,2356,802,0.03210055443153119,0.010907070355881296,0.9690579686544039,74.37201582979014,-0.8560708447888106,0,0.12606767591608622,0
box_sphere_partial_overlap_medium_3,partial_overlap,2357,2514,0.09018475247398951,0.07483682208568466,0.8972133563178532,110.42553257965746,-0.44628654012914004,0,0.05976694685968767,1
box_sphere_partial_overlap_medium_3,partial_overlap,2358,1692,0.08120141547877639,0.07646779575266124,0.9785730053595502,84.6902870857628,-0.2188049157614113,1,0.08078115857366847,0
box_sphere_partial_overlap_medium_3,partial_overlap,2359,1815,0.10953403158404094,0.10709682878906515,0.982495708276709,134.6576935112498,-0.04082195285363091,0,0.10269924258026437,0
box_sphere_partial_overlap_medium_3,partial_overlap,2363,1829,0.05001099417847738,0.03284237792838925,0.9995980129257763,72.72014596444453,0.11728895125755574,0,0.18059048842025777,0
box_sphere_partial_overlap_medium_3,partial_overlap,2365,2850,0.11686341720968663,0.11672534278063089,0.9968452785146549,187.29299699985526,-0.08338152198261987,0,0.08127031679350806,0
box_sphere_partial_overlap_medium_3,partial_overlap,2366,1181,0.046761665275705425,0.04051291665645264,0.9180527372461391,136.82891928241804,0.4317819342832273,1,0.15881640639754718,0
box_sphere_partial_overlap_medium_3,partial_overlap,2368,2730,0.10788705421688011,0.09606209813430958,0.9990906377986056,128.54859614230483,-0.2231433013144909,0,0.15912330322497845,0
box_sphere_partial_overlap_medium_3,partial_overlap,2370,2989,0.10202444356693167,0.09326614947740498,0.9996904017243781,85.68921087672115,0.005698015162262853,1,0.059969143698530764,1
box_sphere_partial_overlap_medium_3,partial_overlap,2372,1920,0.08941127495861204,0.08837745995970116,0.9996333347806796,124.09113310528537,0.1057813634436778,1,0.08552238244067116,0
box_sphere_partial_overlap_medium_3,partial_overlap,2374,188,0.10212118265820548,0.09726973251158963,0.9992051064878776,111.96809043160583,0.21511118606873317,0,0.0806091666706387,0
box_sphere_partial_overlap_medium_3,partial_overlap,2376,2817,0.07959080353621613,0.07921589211547443,0.9995310917690003,50.29276565407847,0.1133285781642475,1,0.08855240677255155,0
box_sphere_partial_overlap_medium_3,partial_overlap,2377,404,0.054468384913839776,0.049440455146887365,0.9975970584809268,103.79982898033353,-0.22791656189675827,0,0.1738669156769316,0
box_sphere_partial_overlap_medium_3,partial_overlap,2378,1006,0.09994309933134678,0.09551757144683234,0.9997954390600974,163.9080663889776,-0.5552766761928283,0,0.10443886466042702,0
box_sphere_partial_overlap_medium_3,partial_overlap,2382,2192,0.12090058374440744,0.1097880717631807,0.9988683936897318,73.40992906954607,0.0857406427076745,0,0.06746254084466399,1
box_sphere_partial_overlap_medium_3,partial_overlap,2384,683,0.10553003232398633,0.10473638409195564,0.9997162783756759,119.07892619868299,-0.036861553966726024,1,0.0943316792501321,0
box_sphere_partial_overlap_medium_3,partial_overlap,2386,2212,0.09589947885231795,0.09535057512966534,0.9992972766277697,119.35730858657294,0.005698015162262853,1,0.12325907093306737,0
box_sphere_partial_overlap_medium_3,partial_overlap,2388,73,0.09922885654647039,0.09648722622403857,0.9996914668832112,90.1625455391466,0.21511118606873317,1,0.09052328098030613,0
box_sphere_partial_overlap_medium_3,partial_overlap,2391,3263,0.12491969174597396,0.11741926274356737,0.9536305955056897,111.38611391161565,0.324151462190144,0,0.030697368550405644,1
box_sphere_partial_overlap_medium_3,partial_overlap,2394,341,0.06618584124435967,0.060415479539105844,0.9110736573534577,119.54179540117919,-0.08861257681821721,0,0.12798620504556948,0
box_sphere_partial_overlap_medium_3,partial_overlap,2395,568,0.09583564828132354,0.09447523642669299,0.9907650126870062,134.20287848098377,0.2776315143762363,0,0.11518620722570008,0
box_sphere_partial_overlap_medium_3,partial_overlap,2397,3169,0.11600711282738395,0.1106040860742483,0.9969380024078842,89.05171237032155,0.27763144030230136,0,0.10160221431095626,0
box_sphere_partial_overlap_medium_3,partial_overlap,2398,3075,0.10024460124589084,0.0956975068154675,0.9993582825209442,84.28520060737685,-0.43321439324244176,0,0.1391895950422275,0
box_sphere_partial_overlap_medium_3,partial_overlap,2399,3273,0.10939935812487384,0.1055565234601291,0.9958490118685793,63.556764529613815,0.15984854618014144,0,0.1075542805008874,0
box_sphere_partial_overlap_medium_3,partial_overlap,2400,2774,0.08298542764971184,0.08215534682112362,0.9993592193282962,135.96633816249843,0.18582399098908933,0,0.11209911614488924,0
box_sphere_partial_overlap_medium_3,partial_overlap,2402,2885,0.12864235975519658,0.12718599843553025,0.9990235296099551,43.557852616782036,0.0857406427076745,0,0.05991928691355945,1
box_sphere_partial_overlap_medium_3,partial_overlap,2403,2521,0.10981455983354309,0.09836446363760189,0.9908403433203131,107.2048515548354,-0.310154594970867,0,0.15990750565782963,0
box_sphere_partial_overlap_medium_3,partial_overlap,2404,1958,0.10116793690267906,0.09916257446102478,0.999584435814713,62.09282139448709,-0.05372535265290683,0,0.1016342700206044,0
box_sphere_partial_overlap_medium_3,partial_overlap,2409,602,0.09067073050592121,0.08886410932331724,0.9375148355681492,64.54338949595225,-0.12783325612537383,0,0.09384518155644334,0
box_sphere_partial_overlap_medium_3,partial_overlap,2410,3245,0.01969951198224692,0.0060075975307761825,0.5164256012398526,93.6964129274694,-0.05372535265290683,1,0.15257772609054132,0
box_sphere_partial_overlap_medium_3,partial_overlap,2411,2265,0.08700486178450006,0.08288975719440023,0.9992499869494491,114.53607543813388,0.37115739334903747,1,0.10954698631674852,0
box_sphere_partial_overlap_medium_3,partial_overlap,2414,2898,0.023861459993273867,0.00404977182856357,0.9739493407664497,79.81277496018672,-0.8855180940418873,1,0.15283721684453966,0
box_sphere_partial_overlap_medium_3,partial_overlap,2415,1976,0.09426778107876055,0.08545591406909817,0.9980964736343375,71.29935878879226,-0.12783323514639403,0,0.13985361572386606,0
box_sphere_partial_overlap_medium_3,partial_overlap,2419,3245,0.05627774401358195,0.05523229893536901,0.479266528456054,105.93283736291067,0.04805725525157872,0,0.17915236728428413,0
box_sphere_partial_overlap_medium_3,partial_overlap,2422,622,0.09521720079423364,0.08912062041898042,0.9992888826739793,160.35617109506902,-0.35097655282448864,1,0.1393203850297767,0
box_sphere_partial_overlap_medium_3,partial_overlap,2424,2703,0.0947860380171091,0.09307036597842452,0.9973297814525728,111.21295857646541,0.2776314699318705,0,0.13333725168035393,0
box_sphere_partial_overlap_medium_3,partial_overlap,2425,270,0.08900561659829091,0.08435286817759331,0.9984890810833961,108.56901453280878,-0.036861553966726024,1,0.10547327674014914,0
box_sphere_partial_overlap_medium_3,partial_overlap,2428,483,0.10201682733435528,0.09221229882588348,0.7549692071282129,93.64253176836803,-0.1278332603988704,0,0.098183388749319,0
box_sphere_partial_overlap_medium_3,partial_overlap,2431,1995,0.0752020880356742,0.06579201764359431,0.978039393741633,73.40425228150283,-0.1278332215100611,0,0.09148414381682084,0
box_sphere_partial_overlap_medium_3,partial_overlap,2435,1235,0.1013498762378243,0.0980753001201566,0.9995601171085836,111.11549837546256,0.0953100964710644,0,0.06143107771991665,1
box_sphere_partial_overlap_medium_3,partial_overlap,2436,2442,0.04422025168436281,0.03968461222923135,0.7653806842919377,78.72819429924594,0.09531007980442975,1,0.13698411333736413,0
box_sphere_partial_overlap_medium_3,partial_overlap,2438,2063,0.08600792593076041,0.08354068524619435,0.999726572606389,151.8153733947015,0.011928557821809965,1,0.09717778198459165,0
box_sphere_partial_overlap_medium_3,partial_overlap,2440,2374,0.016280813809271218,0.015001743038251483,0.6400861648699456,54.374351261126215,-0.04445171909261546,1,0.10424016849710811,0
box_sphere_partial_overlap_medium_3,partial_overlap,2445,2501,0.09143084659275855,0.08979385443071673,0.9993471643431266,133.2216348988745,0.361714502366042,0,0.07928119300580411,1
box_sphere_partial_overlap_medium_3,partial_overlap,2447,2207,0.09840372853694387,0.0895141091205266,0.9999582604445238,83.81080704342709,-0.03252315534196425,0,0.08672036604889909,0
box_sphere_partial_overlap_medium_3,partial_overlap,2449,36,0.10598510910235222,0.10534149914772738,0.9972202142321305,99.15268952678933,0.05448812695079888,1,0.07945565714759938,1
box_sphere_partial_overlap_medium_3,partial_overlap,2451,1707,0.013970929687646624,0.011710560708079232,0.33580268831676224,116.0259835238022,0.12348093507801945,1,0.1577555250929166,0
box_sphere_partial_overlap_medium_3,partial_overlap,2453,301,0.09889206621192481,0.09782460052256658,0.999511323138644,92.56471603538894,-0.44628654012914004,1,0.11166026710272914,0
box_sphere_partial_overlap_medium_3,partial_overlap,2454,3097,0.04050103133467824,0.006456589280233783,0.9170374997943704,119.69417993897203,-0.07653998501718201,1,0.16884861810940205,0
box_sphere_partial_overlap_medium_3,partial_overlap,2455,3244,0.11045340115839786,0.09897238663229795,0.9784854395573053,103.43953838532533,-1.1887034005747161,1,0.11076604276701578,0
box_sphere_partial_overlap_medium_3,partial_overlap,2460,680,0.11428258630088259,0.0986186772419924,0.9997861213464961,156.8560838903044,0.011928557821809965,0,0.17280270002323012,0
box_sphere_partial_overlap_medium_3,partial_overlap,2461,932,0.09034876680984973,0.08456155078780955,0.9994859608652287,51.736754329471,0.27763140326534885,0,0.09345423415114872,0
box_sphere_partial_overlap_medium_3,partial_overlap,2465,3397,0.05453800429732247,0.04677047401982656,0.8105326762638764,116.13552372203122,-0.27443652991265216,1,0.1654793295902172,0
box_sphere_partial_overlap_medium_3,partial_overlap,2467,2535,0.10223114001274568,0.09955469399382301,0.996428553035697,80.76153999080914,-0.050872284447872104,0,0.05955578528942851,1
box_sphere_partial_overlap_medium_3,partial_overlap,2469,1265,0.10943122423690571,0.10535869880037858,0.9536329215305696,114.57619265471182,0.17227104686655548,0,0.08117571111717213,0
box_sphere_partial_overlap_medium_3,partial_overlap,2471,1618,0.019289335716890833,0.007753688174089088,0.2208308431553255,66.61379006944605,0.01526745931028635,1,0.1706173458783048,0
box_sphere_partial_overlap_medium_3,partial_overlap,2472,568,0.08661871990456517,0.08463826087959081,0.9863492698878991,133.32180664825435,0.19062020051787387,1,0.13422780910721627,0
box_sphere_partial_overlap_medium_3,partial_overlap,2473,3189,0.04354965163188732,0.011652800335010241,0.9083865848795949,109.21521905591239,-0.1791264501082223,0,0.16099025664190025,0
box_sphere_partial_overlap_medium_3,partial_overlap,2479,442,0.09443556690257543,0.09107544383843441,0.9982569647178382,121.89567087292428,-0.2996832238318312,0,0.08919158159080415,0
box_sphere_partial_overlap_medium_3,partial_overlap,2481,3107,0.11582368634601513,0.11485037048917097,0.9989481125476458,94.15402503818275,-0.04082195285363091,0,0.10596287697354505,0
box_sphere_partial_overlap_medium_3,partial_overlap,2483,1101,0.11678871725764957,0.11518323506351169,0.9957574098018986,49.52128782023398,0.05448813861744295,0,0.01897120088997587,1
box_sphere_partial_overlap_medium_3,partial_overlap,2484,2424,0.08707433573071346,0.08702385982006158,0.9994657483787099,92.94835777114507,0.011928557821809965,1,0.12433300200516795,0
box_sphere_partial_overlap_medium_3,partial_overlap,2485,943,0.10895783435558898,0.10754406163402369,0.9967018804556669,132.60639090855665,-0.04779061896459558,1,0.07409416079166802,1
box_sphere_partial_overlap_medium_3,partial_overlap,2487,2263,0.09758290289313289,0.09432881960004912,0.9913131908769981,63.45198443887297,-0.12783325612537383,0,0.10943796066968615,0
box_sphere_partial_overlap_medium_3,partial_overlap,2492,248,0.0667200904425621,0.00808679135844207,0.7222802730315778,85.17980728491247,-0.24561606688896437,1,0.19657085886326972,0
box_sphere_partial_overlap_medium_3,partial_overlap,2493,1353,0.023698363100174088,0.018019897096434916,0.8498780962037595,59.828462610084735,-0.0632948024556833,1,0.16251889552893087,0
box_sphere_partial_overlap_medium_3,partial_overlap,2497,1788,0.0976546211964366,0.09030998283548372,0.999868668672742,46.002845548445826,-0.04779061896459558,0,0.0628643692313114,1
box_sphere_partial_overlap_medium_3,partial_overlap,2498,86,0.10665608136850957,0.09427384605389152,0.9977486974731895,90.11773434801997,0.005698015162262853,0,0.07352344688133797,1
box_sphere_partial_overlap_medium_3,partial_overlap,2499,1800,0.05753560595753206,0.0547136645790203,0.9989007647103313,161.49872174995562,0.22884125100072958,1,0.14767192165170367,0
box_sphere_partial_overlap_medium_3,partial_overlap,2500,1418,0.11245960681925574,0.10140115889096396,0.7569960170980973,69.68789985004715,-0.16173479445003675,0,0.1229538962114948,0
box_sphere_partial_overlap_medium_3,partial_overlap,2504,3119,0.0975637293901462,0.09539275305285384,0.9990454964933069,46.898837451368294,-0.04779061896459558,1,0.09763308557326988,0
box_sphere_partial_overlap_medium_3,partial_overlap,2505,1678,0.0912619534064423,0.08931562520278438,0.9981866496054477,112.06679000368872,0.15984854618014144,0,0.09871662302827726,0
box_sphere_partial_overlap_medium_3,partial_overlap,2506,2344,0.0982086083054345,0.09742323683440363,0.9961176173987816,117.51110446416824,0.23989114793195632,1,0.11304120289008132,0
box_sphere_partial_overlap_medium_3,partial_overlap,2512,2437,0.05049702120854424,0.04833334625367713,0.6796253325598822,82.98147779195877,0.13786967103482528,0,0.10582225263122735,0
box_sphere_partial_overlap_medium_3,partial_overlap,2515,2717,0.09994168948587359,0.09775062826312983,0.996318530318881,86.69048435397006,0.05448812695079888,1,0.107660490215158,0
box_sphere_partial_overlap_medium_3,partial_overlap,2516,1349,0.10585075934464376,0.10365716600197845,0.997147122473774,144.75405722656674,0.1133285781642475,0,0.061754049021229065,1
box_sphere_partial_overlap_medium_3,partial_overlap,2518,1131,0.08861146710376441,0.0884031999611772,0.9993277345288634,75.46621189194767,0.14979824266425243,1,0.08546449285401748,0
box_sphere_partial_overlap_medium_3,partial_overlap,2519,504,0.0878453984175687,0.08633473300032922,0.9969297901358579,49.384641644468594,0.42423481047155887,1,0.10803210122313807,0
box_sphere_partial_overlap_medium_3,partial_overlap,2521,1474,0.03241672083285067,0.027532740116344784,0.7050294742316884,67.86604800134943,-0.08701129365637626,1,0.13596720274687013,0
box_sphere_partial_overlap_medium_3,partial_overlap,2522,485,0.05981510097091355,0.04819051362206057,0.9037957692748878,55.392272028230515,-0.08861257681821721,0,0.06376294042090376,1
box_sphere_partial_overlap_medium_3,partial_overlap,2525,1765,0.11228181623803218,0.11134157078705079,0.9997258846627264,153.59448163591216,0.18582399098908933,0,0.1167884623737311,0
box_sphere_partial_overlap_medium_3,partial_overlap,2526,1553,0.11111665818207346,0.10682138552676664,0.9990266657603765,80.40659671712183,0.3421699389861505,0,0.10830652818334398,0
box_sphere_partial_overlap_medium_3,partial_overlap,2527,739,0.11508697156690266,0.1106574162982193,0.9989110505275106,100.51936817929314,0.324151462190144,0,0.14050858858554663,0
box_sphere_partial_overlap_medium_3,partial_overlap,2528,2442,0.08173126171241714,0.0505494108219407,0.9976036140635802,91.36193074112462,0.011928557821809965,0,0.06258198638846213,1
box_sphere_partial_overlap_medium_3,partial_overlap,2529,2314,0.034551847527969325,0.009477642567203778,0.8639766541940745,77.8078886298253,0.03250924796951011,1,0.17105596252460958,0
box_sphere_partial_overlap_medium_3,partial_overlap,2530,607,0.01763987816397814,0.007456600884817186,0.3626619337379122,34.189753310839066,0.07980592836456624,1,0.13589699243613781,0
box_sphere_partial_overlap_medium_3,partial_overlap,2531,2979,0.10630574654332765,0.10381513560288894,0.9872936828320317,42.541317211786506,0.06887685907163212,0,0.14293667097050367,0
box_sphere_partial_overlap_medium_3,partial_overlap,2533,3220,0.10455756492720197,0.10126327036563182,0.9998471545410249,79.4006944552313,0.03250924796951011,0,0.10724674151898508,0
box_sphere_partial_overlap_medium_3,partial_overlap,2538,3358,0.11828001221959217,0.11674314025530103,0.9996104214919042,156.65634253742004,0.02631727657137979,0,0.12204760525053947,0
box_sphere_partial_overlap_medium_3,partial_overlap,2540,1809,0.02936483070961061,0.009401806654237337,0.9494895902841824,113.90039598888796,-0.2188049157614113,1,0.1606106444981209,0
box_sphere_partial_overlap_medium_3,partial_overlap,2542,3345,0.11507746498275907,0.10788101386092046,0.9997461646094977,106.00291724232714,0.12999558003839595,0,0.10029756440459414,0
box_sphere_partial_overlap_medium_3,partial_overlap,2544,3346,0.11851562692409048,0.11438527973410678,0.9999684143298225,137.01489967357466,0.27763144030230136,0,0.11239486484850499,0
box_sphere_partial_overlap_medium_3,partial_overlap,2545,2153,0.108966968270608,0.10325282483866227,0.9999301145090369,78.42938330696387,0.17444729320217015,0,0.062392190012697725,1
box_sphere_partial_overlap_medium_3,partial_overlap,2547,1471,0.07994512952456938,0.07705241283583306,0.9987476193265903,84.67995097603117,-0.27093375874107517,1,0.09454647931453504,0
box_sphere_partial_overlap_medium_3,partial_overlap,2548,1101,0.13975386559614805,0.1367815915330734,0.9636675500312083,49.10995976192273,0.020586615677369458,0,0.016889825344159906,1
box_sphere_partial_overlap_medium_3,partial_overlap,2550,3106,0.07505085661838302,0.062256640259515286,0.9640029640166864,87.87762654109754,-0.03252315534196425,0,0.08355896516793092,0
box_sphere_partial_overlap_medium_3,partial_overlap,2551,937,0.09476172052892373,0.08286970005046607,0.9829417560391893,88.11317187558038,-0.20194116783958446,0,0.07623677869238855,1
box_sphere_partial_overlap_medium_3,partial_overlap,2554,707,0.08673819275475839,0.0806235715013504,0.9998831739209127,139.44166318233255,0.2437299469917969,1,0.11083291112514905,0
box_sphere_partial_overlap_medium_3,partial_overlap,2556,1058,0.1257645174057138,0.12539263227189718,0.9991471565757453,73.7872339093804,0.361714502366042,0,0.08011121089193042,0
box_sphere_partial_overlap_medium_3,partial_overlap,2557,2078,0.10635535286054477,0.09843212998485755,0.9988179370789274,80.42665330758261,-0.07653998501718201,0,0.15465795144400743,0
box_sphere_partial_overlap_medium_3,partial_overlap,2558,2562,0.07321710450641239,0.06675480046904117,0.9335323562497329,88.81632338275857,-0.12783319503954055,1,0.0974998566087704,0
box_sphere_partial_overlap_medium_3,partial_overlap,2559,1463,0.11778921616566598,0.1174597524724777,0.9993170689022823,73.23804317430894,-0.0813132671305002,0,0.08842145064883111,0
box_sphere_partial_overlap_medium_3,partial_overlap,2560,2741,0.09297953041210172,0.09064970748379358,0.9998285643730576,96.03991384854598,0.011928557821809965,0,0.13831601819272138,0
box_sphere_partial_overlap_medium_3,partial_overlap,2561,1785,0.10198346153706146,0.10150916757278494,0.9631244729641297,58.19853013617128,0.14043050422515357,0,0.07863537143091975,1
box_sphere_partial_overlap_medium_3,partial_overlap,2563,2645,0.08310973004365581,0.08050522830904966,0.9999801662486316,61.42239633074413,0.1484198671873671,1,0.08076150367052173,0
box_sphere_partial_overlap_medium_3,partial_overlap,2566,698,0.09187558260755019,0.09066951044163729,0.9997506047853114,71.97813371802309,0.18582399098908933,0,0.09082165043948272,0
box_sphere_partial_overlap_medium_3,partial_overlap,2567,1555,0.08618596018451126,0.0855258820751457,0.966468388567495,93.92099549416594,0.03646965164288514,0,0.07387686065049516,1
box_sphere_partial_overlap_medium_3,partial_overlap,2569,2815,0.05370826937809076,0.046111952933796135,0.9269774953251605,63.76548250354821,-0.08527367194624638,0,0.1545376190499944,0
box_sphere_partial_overlap_medium_3,partial_overlap,2572,1319,0.08091445974204922,0.07876758973990226,0.9988840605476155,84.0495877634171,0.22884135814333462,1,0.0652215716502009,1
box_sphere_partial_overlap_medium_3,partial_overlap,2577,895,0.046698219078104855,0.042033286197509005,0.9982413207524168,150.49821635360763,-0.02247282807431516,1,0.12786655495574012,0
box_sphere_partial_overlap_medium_3,partial_overlap,2578,325,0.10013690650640279,0.09667775160478788,0.9995100027202793,76.84372927428058,-0.12783321361534336,1,0.08377711421057066,0
box_sphere_partial_overlap_medium_3,partial_overlap,2579,578,0.09623394115717764,0.09522985675457543,0.27121724623087373,96.202291691388,-0.04445171909261546,0,0.21157523872670383,0
box_sphere_partial_overlap_medium_3,partial_overlap,2580,2116,0.09418403310331276,0.08930700676068656,0.999977360257212,44.558691192940756,0.13786967103482528,0,0.08644958465652955,0
box_sphere_partial_overlap_medium_3,partial_overlap,2581,49,0.09293921737538405,0.08502160062094222,0.9991471248509296,111.4611199477978,-0.08338152198261987,1,0.11949441920058465,0
box_sphere_partial_overlap_medium_3,partial_overlap,2584,1200,0.10522192463537812,0.10515354923052982,0.9980996353108912,102.94219428609144,0.005698015162262853,0,0.12229953638060072,0
box_sphere_partial_overlap_medium_3,partial_overlap,2585,2027,0.07759431827093063,0.06765896685729456,0.9865403729278572,135.7677731091149,0.3421699389861505,0,0.11609593153022982,0
box_sphere_partial_overlap_medium_3,partial_overlap,2586,1455,0.10904174789093916,0.10616857468006315,0.1443259192687256,83.14971783137433,-0.45060633191785593,0,0.19692451860472193,0
box_sphere_partial_overlap_medium_3,partial_overlap,2588,211,0.11634086769895698,0.11060325113624453,0.9996449893499865,112.19841115771924,-0.2112147734926177,0,0.14341680552475192,0
box_sphere_partial_overlap_medium_3,partial_overlap,2591,554,0.0971313623949598,0.0938410361413054,0.999433148825044,113.65181816231843,0.07283723809378155,0,0.10059124364465867,0
box_sphere_partial_overlap_medium_3,partial_overlap,2592,1075,0.1104775949923796,0.1048853118113659,0.9995612771050955,108.40884736278511,0.5335645421877131,0,0.1132524621748041,0
box_sphere_partial_overlap_medium_3,partial_overlap,2593,3068,0.08853802244087797,0.08704871196991341,0.9987067251190358,80.25801267356299,0.3347897822469157,1,0.07976746557301054,1
box_sphere_partial_overlap_medium_3,partial_overlap,2594,3299,0.08237423639997078,0.0734708407015259,0.999091700091447,132.01223531466852,0.22356428335943443,0,0.1338455474109815,0
box_sphere_partial_overlap_medium_3,partial_overlap,2597,957,0.11285421094144897,0.11206878164849615,0.9984854660102085,100.78800323766302,0.3421699389861505,0,0.10418503539004613,0
box_sphere_partial_overlap_medium_3,partial_overlap,2598,3116,0.027033329956593813,0.021558723620329096,0.3046595023698548,56.937407854245244,0.0857406427076745,1,0.15621805488262341,0
box_sphere_partial_overlap_medium_3,partial_overlap,2599,251,0.12384994439516897,0.11462687230810233,0.9990928311203295,89.27865846157901,0.3517392069212228,0,0.07948109214005546,1
box_sphere_partial_overlap_medium_3,partial_overlap,2602,247,0.09791071009165621,0.09605383113710086,0.9993422115839803,132.8647988195347,0.005698015162262853,0,0.1118560590387297,0
box_sphere_partial_overlap_medium_3,partial_overlap,2603,2325,0.10024248958389187,0.09906476305078041,0.9980436679558691,94.07534166055495,-0.036861553966726024,0,0.08343907174526471,0
box_sphere_partial_overlap_medium_3,partial_overlap,2604,2481,0.11322116611256415,0.10921736990831693,0.9547838341076119,74.31008147878578,-0.08527367194624638,1,0.08112593606544079,0
box_sphere_partial_overlap_medium_3,partial_overlap,2605,3357,0.10362852027161353,0.0964194562585108,0.9982038672530933,182.10866143229512,-0.2188049157614113,1,0.14651564915238494,0
box_sphere_partial_overlap_medium_3,partial_overlap,2608,1234,0.036972393279987525,0.03358747384849801,0.2662897603530416,73.21172751797353,0.28832684795261204,0,0.14625291520268502,0
box_sphere_partial_overlap_medium_3,partial_overlap,2609,380,0.09924661566312666,0.09457304836331942,0.9949942472919423,32.87403596449476,0.1026902075813119,0,0.08750123022421678,0
