sample_id,scenario,source_index,target_index,distance_T0,point_to_plane_residual,normal_dot_abs,fpfh_distance,log_normalized_density_ratio,is_mutual_nn,label_distance,target_weight
real_20260703_135250_rm00_0260_02_cluster029_full_refined_from_voxel005_medium,real_previous_registration,0,443,0.01632299684253996,0.012653074277028532,0.9072742883089112,115.49932659968972,1.1574512302518123,1,0.1600201521759638,0
real_20260703_135250_rm00_0260_02_cluster029_full_refined_from_voxel005_medium,real_previous_registration,1,408,0.022414704454550176,0.018886795830686857,0.7005041859026259,102.61459062940128,-0.06791115238119896,0,0.13266155924218062,0
real_20260703_135250_rm00_0260_02_cluster029_full_refined_from_voxel005_medium,real_previous_registration,2,397,0.04564210781416015,0.007877861883273838,0.20827642536808946,134.94531325097074,0.2696632855641166,0,0.11125180101492692,0
real_20260703_135250_rm00_0260_02_cluster029_full_refined_from_voxel005_medium,real_previous_registration,3,350,0.04015738318108295,0.020869779128588478,0.266953285176451,103.10958290152254,-0.09531010404680942,0,0.12644799699176007,0
real_20260703_135250_rm00_0260_02_cluster029_full_refined_from_voxel005_medium,real_previous_registration,4,21,0.33244359847379984,0.17468460161165505,0.025909839549067268,123.9190866879953,1.116958624313754,0,0.2242969040222159,0
real_20260703_135250_rm00_0260_02_cluster029_full_refined_from_voxel005_medium,real_previous_registration,5,41,0.18415999523446863,0.04427554494885448,0.8742392063666141,137.5543716967971,1.2390615871972357,0,0.17032899612806338,0
real_20260703_135250_rm00_0260_02_cluster029_full_refined_from_voxel005_medium,real_previous_registration,6,51,0.2866870046964928,0.15298668599420379,0.13614731995288845,162.0303771947255,0.7559466083720315,0,0.2125281666947853,0
real_20260703_135250_rm00_0260_02_cluster029_full_refined_from_voxel005_medium,real_previous_registration,7,398,0.1819668815657945,0.07907396946875017,0.06333217761915966,159.4802501046791,0.34377097966318426,0,0.13191447271523196,0
real_20260703_135250_rm00_0260_02_cluster029_full_refined_from_voxel005_medium,real_previous_registration,8,109,0.12317638622626842,0.1111541686708837,0.9868952627436652,110.86804666142787,0.3285034836397479,0,0.10976096164115078,0
real_20260703_135250_rm00_0260_02_cluster029_full_refined_from_voxel005_medium,real_previous_registration,9,400,0.043884663362119276,0.03178717968378362,0.8774801851038503,128.04213599026212,-0.37647723510076186,0,0.1519746386719726,0
real_20260703_135250_rm00_0260_02_cluster029_full_refined_from_voxel005_medium,real_previous_registration,10,377,0.051240559914608116,0.03959514647994628,0.2362296631716611,137.64227720366173,-0.009049829377415984,0,0.1221720975235315,0
real_20260703_135250_rm00_0260_02_cluster029_full_refined_from_voxel005_medium,real_previous_registration,11,373,0.09682436244654717,0.08210205428915872,0.1685048143969149,111.9787031894347,-0.182321371608958,0,0.147568011841774,0
real_20260703_135250_rm00_0260_02_cluster029_full_refined_from_voxel005_medium,real_previous_registration,12,255,0.010421722077400853,0.009922382427050286,0.6854800433179093,113.01403977186251,0.13275937473092553,1,0.1361541132419052,0
real_20260703_135250_rm00_0260_02_cluster029_full_refined_from_voxel005_medium,real_previous_registration,13,207,0.19812979767959393,0.18924265899929232,0.693365980814659,106.6136100905542,0.018349113415706088,0,0.17046047093406297,0
real_20260703_135250_rm00_0260_02_cluster029_full_refined_from_voxel005_medium,real_previous_registration,14,269,0.1574308835848022,0.027584545102823176,0.2962123537711069,148.91653832361825,0.5908674019538522,0,0.0800044067232348,1
real_20260703_135250_rm00_0260_02_cluster029_full_refined_from_voxel005_medium,real_previous_registration,15,13,0.12816112325708257,0.11869833040158687,0.9962175032878999,93.73689064093946,0.08594227142997586,0,0.05007178116201715,1
real_20260703_135250_rm00_0260_02_cluster029_full_refined_from_voxel005_medium,real_previous_registration,16,181,0.045566007098005304,0.019303598742993103,0.6999310631520078,116.50096910337405,0.01438872192416603,0,0.13182342333609492,0
real_20260703_135250_rm00_0260_02_cluster029_full_refined_from_voxel005_medium,real_previous_registration,17,20,0.026021218632002328,0.009675952251666821,0.5134836944226753,55.49128905706479,0.3207817570143018,0,0.1222470347620801,0
real_20260703_135250_rm00_0260_02_cluster029_full_refined_from_voxel005_medium,real_previous_registration,18,36,0.09789322547406355,0.08663669361616488,0.9838157813648765,93.94331150526435,0.2559330918794491,0,0.06335396756566675,1
real_20260703_135250_rm00_0260_02_cluster029_full_refined_from_voxel005_medium,real_previous_registration,19,298,0.03988388763652344,0.015230700369619257,0.9619920126000945,103.48198390297586,-0.5877860588421557,0,0.06675804683388159,1
real_20260703_135250_rm00_0260_02_cluster029_full_refined_from_voxel005_medium,real_previous_registration,20,487,0.1010041650256167,0.0896318732799647,0.5319379264383103,104.88826744116159,-0.36464280803261256,0,0.06315913063021472,1
real_20260703_135250_rm00_0260_02_cluster029_full_refined_from_voxel005_medium,real_previous_registration,21,206,0.05344402399717095,0.026887665579210927,0.9962461081524504,81.1668109126573,1.1086611017966397,0,0.1697227239295781,0
real_20260703_135250_rm00_0260_02_cluster029_full_refined_from_voxel005_medium,real_previous_registration,22,426,0.03454848778971102,0.02008788243554833,0.7393590075575551,96.12738815289575,-0.336471950907172,0,0.15052236449833237,0
real_20260703_135250_rm00_0260_02_cluster029_full_refined_from_voxel005_medium,real_previous_registration,23,33,0.05798757137178331,0.047058892097537566,0.9983247531841192,65.2961204269763,0.28304146464395663,0,0.09624354652993286,1
real_20260703_135250_rm00_0260_02_cluster029_full_refined_from_voxel005_medium,real_previous_registration,24,51,0.3356996361039299,0.13130207754031376,0.3166693312443145,154.86381331142965,1.1169595586528824,0,0.20122668709691177,0
real_20260703_135250_rm00_0260_02_cluster029_full_refined_from_voxel005_medium,real_previous_registration,25,386,0.12469211755866667,0.05874293388862546,0.9137074330025723,92.68809484261871,-0.010471283419952926,0,0.034281547386845974,1
real_20260703_135250_rm00_0260_02_cluster029_full_refined_from_voxel005_medium,real_previous_registration,26,21,0.33588562499569347,0.1682883397911694,0.0168300843433654,121.25996075555089,1.116958624313754,0,0.192234945298338,0
real_20260703_135250_rm00_0260_02_cluster029_full_refined_from_voxel005_medium,real_previous_registration,27,451,0.04122178692284365,0.016469797004262217,0.9318307008839725,93.11660000706813,0.14903545553421688,0,0.16727596707332487,0
real_20260703_135250_rm00_0260_02_cluster029_full_refined_from_voxel005_medium,real_previous_registration,28,414,0.17114549214916935,0.008676699408684624,0.5661231398196751,196.62370564218529,0.5415966290244608,0,0.07118795300344807,1
real_20260703_135250_rm00_0260_02_cluster029_full_refined_from_voxel005_medium,real_previous_registration,29,488,0.05816451689287861,0.05374605370340755,0.047546691188155576,152.3584378539953,-0.3115330113672078,0,0.13413240717507674,0
real_20260703_135250_rm00_0260_02_cluster029_full_refined_from_voxel005_medium,real_previous_registration,30,382,0.07831744921178142,0.035049622156131166,0.9970314141237621,171.62713526875436,-0.1082134747502344,0,0.05153629060441173,1
real_20260703_135250_rm00_0260_02_cluster029_full_refined_from_voxel005_medium,real_previous_registration,31,366,0.048532259603893596,0.011986926925312077,0.9962517213819747,172.9964809769302,-0.06899280005845385,0,0.06680212850610244,1
real_20260703_135250_rm00_0260_02_cluster029_full_refined_from_voxel005_medium,real_previous_registration,32,51,0.2992053242533847,0.16101440555264326,0.11008265138624551,166.27040747238544,0.839328112963387,0,0.1758109538592838,0
real_20260703_135250_rm00_0260_02_cluster029_full_refined_from_voxel005_medium,real_previous_registration,33,51,0.3485221969613243,0.1666267008719084,0.09764527740389124,158.58037764715658,0.8785487799628767,0,0.21835402470619217,0
real_20260703_135250_rm00_0260_02_cluster029_full_refined_from_voxel005_medium,real_previous_registration,34,235,0.2679344759179604,0.2512997793354557,0.3872497571375111,98.65147321782833,1.2840124991869746,0,0.1505277459061665,0
real_20260703_135250_rm00_0260_02_cluster029_full_refined_from_voxel005_medium,real_previous_registration,35,142,0.043430610847869096,0.037315088793556106,0.746510973364461,132.5082214593986,-0.14595376712057953,0,0.12360696099340737,0
real_20260703_135250_rm00_0260_02_cluster029_full_refined_from_voxel005_medium,real_previous_registration,36,231,0.20550521995409626,0.11891325976392031,0.4741338581097177,104.76100451210179,0.24512209571468266,0,0.12393698800912463,0
real_20260703_135250_rm00_0260_02_cluster029_full_refined_from_voxel005_medium,real_previous_registration,37,152,0.03828271523622627,0.018636867893135622,0.5533670619895565,82.7348409187809,-0.5306277363567988,0,0.09217510297395286,1
real_20260703_135250_rm00_0260_02_cluster029_full_refined_from_voxel005_medium,real_previous_registration,38,306,0.08863605318150411,0.039241257835313514,0.562113714539586,47.142568055089065,0.45953186885259373,0,0.09296415032693299,1
real_20260703_135250_rm00_0260_02_cluster029_full_refined_from_voxel005_medium,real_previous_registration,39,396,0.1205627805919807,0.1087709165627074,0.9927147488331688,96.34664786815821,-0.010471283419952926,0,0.01823728612341514,1
real_20260703_135250_rm00_0260_02_cluster029_full_refined_from_voxel005_medium,real_previous_registration,40,475,0.2669117528748107,0.22897396269763554,0.4418674671593446,112.56924720230333,0.39304168533392986,0,0.2079507545881483,0
real_20260703_135250_rm00_0260_02_cluster029_full_refined_from_voxel005_medium,real_previous_registration,41,399,0.03720727814782649,0.007489897004819675,0.42548371774493626,116.69949106079571,-0.12675160911412084,1,0.0860673451786504,1
real_20260703_135250_rm00_0260_02_cluster029_full_refined_from_voxel005_medium,real_previous_registration,42,5,0.08054534421663458,0.06066328686581688,0.33602422283368877,61.461914499579045,0.2972512762153914,0,0.11308522143647824,0
real_20260703_135250_rm00_0260_02_cluster029_full_refined_from_voxel005_medium,real_previous_registration,43,143,0.10526726865219124,0.04420256809148852,0.9366163680514459,83.02762014016706,-0.8109291745510725,0,0.12506183737674642,0
real_20260703_135250_rm00_0260_02_cluster029_full_refined_from_voxel005_medium,real_previous_registration,44,41,0.3424529752072255,0.22429323142499982,0.23272277791231777,112.29521531161433,1.0072602430046633,0,0.24468029971079575,0
real_20260703_135250_rm00_0260_02_cluster029_full_refined_from_voxel005_medium,real_previous_registration,45,246,0.07556017209156875,0.07118785460129715,0.14425892533807244,121.82779819897152,-0.307484435042308,0,0.14780158840801919,0
real_20260703_135250_rm00_0260_02_cluster029_full_refined_from_voxel005_medium,real_previous_registration,46,5,0.03653508841286188,0.013604630199277346,0.8447440339808558,72.95723031599178,0.1704996671012706,0,0.10151107059444456,0
real_20260703_135250_rm00_0260_02_cluster029_full_refined_from_voxel005_medium,real_previous_registration,47,393,0.032081512284083784,0.0010457171649356804,0.990606953393676,124.4390298276726,-0.2776314941742501,0,0.06840076825253552,1
real_20260703_135250_rm00_0260_02_cluster029_full_refined_from_voxel005_medium,real_previous_registration,48,246,0.0718859200145693,0.06908891080602123,0.10035150053966427,121.66906955714515,-0.2429459764046764,0,0.16084341342952968,0
real_20260703_135250_rm00_0260_02_cluster029_full_refined_from_voxel005_medium,real_previous_registration,49,382,0.1946316103534662,0.027855531692140677,0.7624159766000816,199.72550376448362,0.1704996671012706,0,0.08718365196422062,1
real_20260703_135250_rm00_0260_02_cluster029_full_refined_from_voxel005_medium,real_previous_registration,50,431,0.07246442759398575,0.06945564801156011,0.11389512775782368,163.4656845965148,0.10536043990030501,0,0.14628948049989132,0
real_20260703_135250_rm00_0260_02_cluster029_full_refined_from_voxel005_medium,real_previous_registration,51,31,0.22335749655538192,0.05956806530666485,0.008988426264371178,111.4673018796087,1.1394300332058962,0,0.16558185613052234,0
real_20260703_135250_rm00_0260_02_cluster029_full_refined_from_voxel005_medium,real_previous_registration,52,215,0.17322013236579303,0.12680486899905155,0.18766911408839404,113.33617180220602,1.0414522571838378,0,0.12027655707880365,0
real_20260703_135250_rm00_0260_02_cluster029_full_refined_from_voxel005_medium,real_previous_registration,53,269,0.1551152302081925,0.0004433260517462054,0.5226723529618456,165.3326546818909,0.5108247904340465,0,0.09895960191372943,1
real_20260703_135250_rm00_0260_02_cluster029_full_refined_from_voxel005_medium,real_previous_registration,54,212,0.09637800630515468,0.06680782026531414,0.013751199366129715,133.65680677669258,-0.6813118510653614,0,0.20531496935218177,0
real_20260703_135250_rm00_0260_02_cluster029_full_refined_from_voxel005_medium,real_previous_registration,55,199,0.18833382404643553,0.17457485560744418,0.583727017598948,114.86252309261288,0.18540298828892662,0,0.11703944514241632,0
real_20260703_135250_rm00_0260_02_cluster029_full_refined_from_voxel005_medium,real_previous_registration,56,193,0.12546006173880958,0.07339619839680533,0.9054956005888819,121.42025378793231,2.5257056446187502,0,0.22433095405983922,0
real_20260703_135250_rm00_0260_02_cluster029_full_refined_from_voxel005_medium,real_previous_registration,57,397,0.14768434568684408,0.030799242247531413,0.47167119065345964,110.78929047367217,-0.3364717604314169,0,0.09063536212493191,1
real_20260703_135250_rm00_0260_02_cluster029_full_refined_from_voxel005_medium,real_previous_registration,58,51,0.28429202150409477,0.12600475303763164,0.41647986838505185,162.90000148823557,1.05443926032252,0,0.15438667374217196,0
real_20260703_135250_rm00_0260_02_cluster029_full_refined_from_voxel005_medium,real_previous_registration,59,319,0.025748412583656125,0.012256213255761157,0.9941764069456088,144.05966625935287,-0.4118956717224232,1,0.09458288321993408,1
real_20260703_135250_rm00_0260_02_cluster029_full_refined_from_voxel005_medium,real_previous_registration,60,399,0.03833515206791197,0.029290759701323058,0.6872041835288306,124.31409678639817,-0.44183235545400446,0,0.1086842255988598,0
real_20260703_135250_rm00_0260_02_cluster029_full_refined_from_voxel005_medium,real_previous_registration,61,257,0.04155045665779199,0.021838124977704335,0.9867376391092092,115.57680921758184,-0.061693528212826206,0,0.08552185003429943,1
real_20260703_135250_rm00_0260_02_cluster029_full_refined_from_voxel005_medium,real_previous_registration,62,109,0.13375952919377992,0.12112021785481884,0.9590073650360275,106.19410892403913,0.1053603073249055,0,0.009380585287687981,1
real_20260703_135250_rm00_0260_02_cluster029_full_refined_from_voxel005_medium,real_previous_registration,63,488,0.047493343107522575,0.010784605561443299,0.192436659042171,152.1355055753781,0.034742922575451675,0,0.1410641271589905,0
real_20260703_135250_rm00_0260_02_cluster029_full_refined_from_voxel005_medium,real_previous_registration,64,392,0.014850925058358931,0.009949111057956404,0.8171820600892503,106.25809325448395,-0.284103986127187,1,0.09373372654604852,1
real_20260703_135250_rm00_0260_02_cluster029_full_refined_from_voxel005_medium,real_previous_registration,65,207,0.18825691438790498,0.1791361688628636,0.6053769480907492,89.28623844874498,0.14618232128943714,0,0.12053725457826532,0
real_20260703_135250_rm00_0260_02_cluster029_full_refined_from_voxel005_medium,real_previous_registration,66,187,0.03895996081783358,0.007061720313421959,0.9941940583588321,79.05770415982361,1.0216499142005369,0,0.13621090515867093,0
real_20260703_135250_rm00_0260_02_cluster029_full_refined_from_voxel005_medium,real_previous_registration,67,37,0.1292991697892428,0.11478765843655452,0.9090261643463522,76.42968043411094,0.35176049303137286,0,0.06400911355574615,1
real_20260703_135250_rm00_0260_02_cluster029_full_refined_from_voxel005_medium,real_previous_registration,68,259,0.09988129188276078,0.09518290146585554,0.35019140297560686,147.18089439708677,-0.1156300766224089,0,0.10958481280957522,0
real_20260703_135250_rm00_0260_02_cluster029_full_refined_from_voxel005_medium,real_previous_registration,69,488,0.09717899512650147,0.09101002395173605,0.16682752696435368,152.91580142295643,-0.6830961022830394,0,0.16299609301078688,0
real_20260703_135250_rm00_0260_02_cluster029_full_refined_from_voxel005_medium,real_previous_registration,70,246,0.06559612468408688,0.02218968514775034,0.11498912559903544,117.30890905675868,0.0979803397328008,0,0.16465737139085224,0
real_20260703_135250_rm00_0260_02_cluster029_full_refined_from_voxel005_medium,real_previous_registration,71,386,0.10591448355992394,0.05385408545224738,0.913007484174807,91.23515648933635,-0.010471283419952926,0,0.06300659834867352,1
real_20260703_135250_rm00_0260_02_cluster029_full_refined_from_voxel005_medium,real_previous_registration,72,306,0.07910763597874458,0.006426993027412447,0.5024257639385644,55.3195588112668,0.2559330918794491,0,0.12648963667342514,0
real_20260703_135250_rm00_0260_02_cluster029_full_refined_from_voxel005_medium,real_previous_registration,73,451,0.029399903902022274,0.02174596113459071,0.9560529729968119,90.61287613626106,0.2921361966108613,1,0.12321585378136574,0
real_20260703_135250_rm00_0260_02_cluster029_full_refined_from_voxel005_medium,real_previous_registration,74,51,0.26758465755776306,0.06452500753477171,0.4164798683850521,161.7872661355311,1.1169595586528824,0,0.13136982378970005,0
real_20260703_135250_rm00_0260_02_cluster029_full_refined_from_voxel005_medium,real_previous_registration,75,235,0.2408850477986066,0.2282083501056686,0.23309155676938603,92.70091892609332,1.3581203889232059,0,0.13010920001377915,0
real_20260703_135250_rm00_0260_02_cluster029_full_refined_from_voxel005_medium,real_previous_registration,76,202,0.10548058444918113,0.10099065316558879,0.9932256162072731,87.42347286905712,0.7114956121581668,0,0.11598714896164329,0
real_20260703_135250_rm00_0260_02_cluster029_full_refined_from_voxel005_medium,real_previous_registration,77,414,0.17092429234047507,0.09135389771223668,0.14611161153336363,173.36923718314017,0.3772937400706861,0,0.11216745465672026,0
real_20260703_135250_rm00_0260_02_cluster029_full_refined_from_voxel005_medium,real_previous_registration,78,479,0.031086615311351127,0.006900911899663586,0.9722072696474023,128.07842866288325,-0.307484435042308,0,0.13049378055353084,0
real_20260703_135250_rm00_0260_02_cluster029_full_refined_from_voxel005_medium,real_previous_registration,79,414,0.18903200447882704,0.09304634676014412,0.11562452727938455,191.5541251087474,0.4462865401291401,0,0.12222494584585539,0
real_20260703_135250_rm00_0260_02_cluster029_full_refined_from_voxel005_medium,real_previous_registration,80,373,0.07994563566854515,0.07953961685410005,0.1420929090624066,106.17027132041692,-0.044171176497167446,0,0.15329560216191787,0
real_20260703_135250_rm00_0260_02_cluster029_full_refined_from_voxel005_medium,real_previous_registration,81,73,0.12196639891530725,0.054480580182167324,0.9621860280388159,89.44644983698608,-0.12516294687588234,0,0.06438620586581692,1
real_20260703_135250_rm00_0260_02_cluster029_full_refined_from_voxel005_medium,real_previous_registration,82,185,0.03371338785632557,0.013564652374605028,0.9906523715118092,122.42708899561826,-0.039220687512272416,0,0.1287500800383322,0
real_20260703_135250_rm00_0260_02_cluster029_full_refined_from_voxel005_medium,real_previous_registration,83,257,0.012640085270316861,0.0058688131452751535,0.9914116981709113,103.71428321564167,-0.039220687512272416,1,0.10453947893298701,0
real_20260703_135250_rm00_0260_02_cluster029_full_refined_from_voxel005_medium,real_previous_registration,84,235,0.04912242184462046,0.04018634112551288,0.7108808183943629,103.38837179439398,0.9703553654325667,0,0.09577491149620955,1
real_20260703_135250_rm00_0260_02_cluster029_full_refined_from_voxel005_medium,real_previous_registration,85,193,0.330574006234558,0.2817206893418523,0.9480327473808553,143.00235561656982,2.9957085238657046,0,0.23728528325323786,0
real_20260703_135250_rm00_0260_02_cluster029_full_refined_from_voxel005_medium,real_previous_registration,86,251,0.04656722688065913,0.03747448681281229,0.13171805007111181,132.92981063707654,-0.035718058678650355,0,0.15251462173193833,0
real_20260703_135250_rm00_0260_02_cluster029_full_refined_from_voxel005_medium,real_previous_registration,87,20,0.05537741247233689,0.003341697747153564,0.5718655933123459,52.52481805309208,0.3207817570143018,0,0.10655028983461183,0
real_20260703_135250_rm00_0260_02_cluster029_full_refined_from_voxel005_medium,real_previous_registration,88,21,0.326155541966585,0.13428661108075812,0.22025404656890163,116.97055472919745,1.3217527844348271,0,0.18043502870248188,0
real_20260703_135250_rm00_0260_02_cluster029_full_refined_from_voxel005_medium,real_previous_registration,89,105,0.03721881752587482,0.031029630547235912,0.36786858761572533,59.09461984444101,0.049480004789662274,0,0.1154355336828983,0
real_20260703_135250_rm00_0260_02_cluster029_full_refined_from_voxel005_medium,real_previous_registration,90,475,0.21524517844913368,0.13709589179694648,0.09871708797400786,101.26298075960862,0.7114949050896562,0,0.12466283001689026,0
real_20260703_135250_rm00_0260_02_cluster029_full_refined_from_voxel005_medium,real_previous_registration,91,41,0.16861756569701258,0.08902332789457995,0.8751528766281602,139.13961439393708,1.3057528949551518,0,0.03755117942858835,1
real_20260703_135250_rm00_0260_02_cluster029_full_refined_from_voxel005_medium,real_previous_registration,92,367,0.05728435818695014,0.05719934285320143,0.07287084465794931,184.21520348541534,-0.875465820697563,1,0.08353722265497254,1
real_20260703_135250_rm00_0260_02_cluster029_full_refined_from_voxel005_medium,real_previous_registration,93,475,0.26671315104262966,0.16756464587300418,0.4477896024298511,132.21988255779615,0.2595105605660119,0,0.1751169950165793,0
real_20260703_135250_rm00_0260_02_cluster029_full_refined_from_voxel005_medium,real_previous_registration,94,139,0.10748688786054966,0.07730604761049877,0.3816827027240755,83.88470456488187,0.207142987233754,0,0.11967841875574306,0
real_20260703_135250_rm00_0260_02_cluster029_full_refined_from_voxel005_medium,real_previous_registration,95,340,0.05427383382646668,0.017234881980882334,0.9686746848705501,103.75392146884737,-0.3426638284476558,0,0.04236109875686361,1
real_20260703_135250_rm00_0260_02_cluster029_full_refined_from_voxel005_medium,real_previous_registration,96,113,0.08706752355153884,0.08564619922922036,0.11509653930253544,145.8673820078832,-0.37647723510076186,0,0.13873157919777346,0
real_20260703_135250_rm00_0260_02_cluster029_full_refined_from_voxel005_medium,real_previous_registration,97,207,0.17154164719753026,0.146534523090566,0.4426527815071492,103.26015491899375,0.2946021608906539,0,0.07454209596335107,1
real_20260703_135250_rm00_0260_02_cluster029_full_refined_from_voxel005_medium,real_previous_registration,98,187,0.02264604968568394,0.012447626151939903,0.9955398882652003,102.31166203836862,1.0463425084982392,0,0.159742746433937,0
real_20260703_135250_rm00_0260_02_cluster029_full_refined_from_voxel005_medium,real_previous_registration,99,13,0.13407981979582714,0.12564353290798724,0.997218810429857,91.31282920055506,0.025317759907458114,0,0.13061452518122776,0
real_20260703_135250_rm00_0260_02_cluster029_full_refined_from_voxel005_medium,real_previous_registration,100,212,0.09189821545178617,0.021003611520851246,0.2135837791366067,132.8863198125855,-0.1472300953572052,0,0.1814519106689714,0
real_20260703_135250_rm00_0260_02_cluster029_full_refined_from_voxel005_medium,real_previous_registration,101,153,0.04792376213625997,0.00886569389205819,0.6163367669724573,136.1637519247388,0.15942760047597723,0,0.09111481537038696,1
real_20260703_135250_rm00_0260_02_cluster029_full_refined_from_voxel005_medium,real_previous_registration,102,435,0.012701533229942248,0.003335140895139888,0.9682125583004824,147.66098104159,-0.03278979594129256,1,0.11522973114672214,0
real_20260703_135250_rm00_0260_02_cluster029_full_refined_from_voxel005_medium,real_previous_registration,103,109,0.11922706769752818,0.11648528955165742,0.9844167685490606,107.84810918269939,-0.028170817443012582,1,0.06994860020956004,1
real_20260703_135250_rm00_0260_02_cluster029_full_refined_from_voxel005_medium,real_previous_registration,104,144,0.03467528202040903,0.006544249064919282,0.9768045384699403,95.35692255725675,0.0979803397328008,1,0.15680802716934433,0
real_20260703_135250_rm00_0260_02_cluster029_full_refined_from_voxel005_medium,real_previous_registration,105,143,0.030743317089868133,0.009881799687001768,0.9517022646003853,62.85269426241849,-0.21622290732039837,0,0.1322716211383056,0
real_20260703_135250_rm00_0260_02_cluster029_full_refined_from_voxel005_medium,real_previous_registration,106,130,0.07284995056536892,0.025659703534091527,0.7971173398417123,262.07039112259633,-0.4700017542533526,0,0.0740063442079556,1
real_20260703_135250_rm00_0260_02_cluster029_full_refined_from_voxel005_medium,real_previous_registration,107,24,0.27983054291165216,0.08687133457562055,0.5458546709324097,137.2175109313537,0.987747952564604,0,0.2051506126120095,0
real_20260703_135250_rm00_0260_02_cluster029_full_refined_from_voxel005_medium,real_previous_registration,108,391,0.1503149020793692,0.020210930533359737,0.909200316082034,101.71111302487878,0.04082193202035082,0,0.15310043521266695,0
real_20260703_135250_rm00_0260_02_cluster029_full_refined_from_voxel005_medium,real_previous_registration,109,27,0.05528063808876604,0.022767646715187016,0.4800023447641394,62.008093652816434,-0.01801848926892673,0,0.12089467886475083,0
real_20260703_135250_rm00_0260_02_cluster029_full_refined_from_voxel005_medium,real_previous_registration,110,431,0.030278450054585945,0.00942349355065115,0.9977691644915239,132.87166479669293,0.1923717600717902,0,0.1049424442173247,0
real_20260703_135250_rm00_0260_02_cluster029_full_refined_from_voxel005_medium,real_previous_registration,111,51,0.2534062195952752,0.06341651075776039,0.39854076645271885,153.89993006775072,1.1169595586528824,0,0.12956105418394517,0
real_20260703_135250_rm00_0260_02_cluster029_full_refined_from_voxel005_medium,real_previous_registration,112,444,0.07754032621678643,0.03813382086837941,0.8423112995731563,108.33791531387891,0.47692343990725505,0,0.07293731976643948,1
real_20260703_135250_rm00_0260_02_cluster029_full_refined_from_voxel005_medium,real_previous_registration,113,235,0.22318526990973814,0.19252366473466268,0.3224534888435115,81.73560000111726,1.2840124991869746,0,0.14929344520919988,0
real_20260703_135250_rm00_0260_02_cluster029_full_refined_from_voxel005_medium,real_previous_registration,114,306,0.022799415529227617,0.021639388859296338,0.2438904524393275,63.74713595109243,0.37729383828473895,0,0.15631412826015892,0
real_20260703_135250_rm00_0260_02_cluster029_full_refined_from_voxel005_medium,real_previous_registration,115,51,0.19065878124543856,0.030199017514013007,0.9959578662115448,172.56170634123134,0.987747952564604,0,0.09219833417119982,1
real_20260703_135250_rm00_0260_02_cluster029_full_refined_from_voxel005_medium,real_previous_registration,116,418,0.03803387111011509,0.019191580905552598,0.9913542925883619,143.0619465156863,-0.2746946444773499,0,0.1329209912250619,0
real_20260703_135250_rm00_0260_02_cluster029_full_refined_from_voxel005_medium,real_previous_registration,117,377,0.08974378551145049,0.08125008672893706,0.2168664988965115,137.15774201618544,-0.32750330481433937,0,0.14702641136631364,0
real_20260703_135250_rm00_0260_02_cluster029_full_refined_from_voxel005_medium,real_previous_registration,118,366,0.06819643561828422,0.009138876085816603,0.9963788990940237,172.63552487803983,-0.10536040454683229,0,0.12069622663286102,0
real_20260703_135250_rm00_0260_02_cluster029_full_refined_from_voxel005_medium,real_previous_registration,119,19,0.13095864589938977,0.015471297358033582,0.6820565713664809,121.32365873027695,-1.16314737231696,0,0.21266430678324555,0
real_20260703_135250_rm00_0260_02_cluster029_full_refined_from_voxel005_medium,real_previous_registration,120,373,0.03860037553195308,0.03691501798732323,0.17118630106484592,105.11266161936364,0.30603096701242943,1,0.12527631960904634,0
real_20260703_135250_rm00_0260_02_cluster029_full_refined_from_voxel005_medium,real_previous_registration,121,124,0.011425403799012978,0.010270412244617853,0.955737984814465,96.64095561884953,0.5831457330205732,1,0.13276280488971895,0
real_20260703_135250_rm00_0260_02_cluster029_full_refined_from_voxel005_medium,real_previous_registration,122,21,0.29603451124542074,0.04243921606609387,0.6215211444320772,112.79307848592802,1.5224232778769804,0,0.17391292511826353,0
real_20260703_135250_rm00_0260_02_cluster029_full_refined_from_voxel005_medium,real_previous_registration,123,414,0.18510572858875954,0.12488006218585708,0.027774888453310415,179.5584990202695,0.22314323881464915,0,0.15037394526960385,0
real_20260703_135250_rm00_0260_02_cluster029_full_refined_from_voxel005_medium,real_previous_registration,124,235,0.20571134550528627,0.16931650804013657,0.14489494554314675,78.93931599791199,1.3581203889232059,0,0.09952921318052843,1
real_20260703_135250_rm00_0260_02_cluster029_full_refined_from_voxel005_medium,real_previous_registration,125,235,0.15290652987758988,0.11655467620203394,0.447922647414922,102.22936156948604,1.4271131889816595,0,0.05551384733927222,1
real_20260703_135250_rm00_0260_02_cluster029_full_refined_from_voxel005_medium,real_previous_registration,126,475,0.281364315733034,0.219278005012795,0.4655126133991001,134.64297755999397,0.2595105605660119,0,0.21048292777476807,0
real_20260703_135250_rm00_0260_02_cluster029_full_refined_from_voxel005_medium,real_previous_registration,127,235,0.2302034434840621,0.2133559604117879,0.2914002307534117,93.26678977655395,1.2840124991869746,0,0.1389545081884837,0
real_20260703_135250_rm00_0260_02_cluster029_full_refined_from_voxel005_medium,real_previous_registration,128,235,0.2138214967306583,0.13661630695464078,0.45074071911971103,102.15202174974286,1.0704386736138354,0,0.16669740028803365,0
real_20260703_135250_rm00_0260_02_cluster029_full_refined_from_voxel005_medium,real_previous_registration,129,101,0.03361065064518174,0.022398949587663603,0.8018880402974111,86.37985316443454,1.4046414038321167,0,0.16230687973948674,0
real_20260703_135250_rm00_0260_02_cluster029_full_refined_from_voxel005_medium,real_previous_registration,130,24,0.11166557406357737,0.018716074316649872,0.9839467206376773,149.55180269205738,0.987747952564604,0,0.12156787994450222,0
real_20260703_135250_rm00_0260_02_cluster029_full_refined_from_voxel005_medium,real_previous_registration,131,101,0.07532321248007105,0.004947852018160746,0.8786231661657018,86.05592117923491,1.381651901463644,0,0.15106201489498375,0
real_20260703_135250_rm00_0260_02_cluster029_full_refined_from_voxel005_medium,real_previous_registration,132,1,0.0649321566181246,0.043218595218784815,0.8283218954833446,85.46807696452926,0.8903141118691928,0,0.13862531556708427,0
real_20260703_135250_rm00_0260_02_cluster029_full_refined_from_voxel005_medium,real_previous_registration,133,408,0.045549457935172157,0.020960082598587088,0.8058454963410844,98.69304747666835,-0.12348095720400197,0,0.15581758819650068,0
real_20260703_135250_rm00_0260_02_cluster029_full_refined_from_voxel005_medium,real_previous_registration,134,85,0.06951140699526522,0.06856159199667661,0.9164799840329507,67.9090747403068,0.48415687170570343,0,0.12297320120443109,0
real_20260703_135250_rm00_0260_02_cluster029_full_refined_from_voxel005_medium,real_previous_registration,135,269,0.17143400033885525,0.09346887799008341,0.12346451233133784,158.60290240742228,0.5108247904340465,0,0.12944737534419415,0
real_20260703_135250_rm00_0260_02_cluster029_full_refined_from_voxel005_medium,real_previous_registration,136,20,0.06084580238894297,0.033721069106760246,0.5755309993015062,62.24736354622454,0.3207817570143018,0,0.16321687475968477,0
real_20260703_135250_rm00_0260_02_cluster029_full_refined_from_voxel005_medium,real_previous_registration,137,397,0.15703097040422365,0.06016168092101135,0.6616939694087722,144.81882647439755,-0.454254587754836,0,0.07674516736225125,1
real_20260703_135250_rm00_0260_02_cluster029_full_refined_from_voxel005_medium,real_previous_registration,138,480,0.10957288558541316,0.09187439389047522,0.048873706910157765,93.07749309923373,1.3340238865072636,0,0.20540807426706512,0
real_20260703_135250_rm00_0260_02_cluster029_full_refined_from_voxel005_medium,real_previous_registration,139,98,0.07616886676794697,0.0704702524921687,0.9531922554129995,66.8741801851191,0.364221802684497,0,0.11461314601521365,0
real_20260703_135250_rm00_0260_02_cluster029_full_refined_from_voxel005_medium,real_previous_registration,140,5,0.08819329465861638,0.0747170927903861,0.3658170399452067,63.41948113864498,0.2972512762153914,0,0.06507865907804666,1
real_20260703_135250_rm00_0260_02_cluster029_full_refined_from_voxel005_medium,real_previous_registration,141,41,0.05018597710618048,0.02707365414545779,0.9222939182557146,128.9610863472946,1.3057528949551518,0,0.12426217030952483,0
real_20260703_135250_rm00_0260_02_cluster029_full_refined_from_voxel005_medium,real_previous_registration,142,366,0.1835083104619653,0.011049895842555736,0.5513297669573205,188.50562389022645,0.09531008889532089,0,0.11208289239103962,0
real_20260703_135250_rm00_0260_02_cluster029_full_refined_from_voxel005_medium,real_previous_registration,143,277,0.04053159417359907,0.006877488131713729,0.25178994085513734,126.3579247493394,-0.09776409324925678,0,0.11283899087220102,0
real_20260703_135250_rm00_0260_02_cluster029_full_refined_from_voxel005_medium,real_previous_registration,144,207,0.16252466441609476,0.14045823444866085,0.4335253051058062,84.68381742538914,0.3612934686485698,0,0.08107484127204606,1
real_20260703_135250_rm00_0260_02_cluster029_full_refined_from_voxel005_medium,real_previous_registration,145,427,0.0832232803099937,0.0831814433114824,0.42294833760185335,128.0283911140072,-0.1472300953572052,0,0.10133399220977381,0
real_20260703_135250_rm00_0260_02_cluster029_full_refined_from_voxel005_medium,real_previous_registration,146,235,0.06057981947584554,0.05564188508430215,0.7132685961064339,110.87871253409672,1.116958624313754,0,0.07169620813812655,1
real_20260703_135250_rm00_0260_02_cluster029_full_refined_from_voxel005_medium,real_previous_registration,147,101,0.1012662065113423,0.10012234151202462,0.06426725396206504,87.77897177393328,1.3340238865072636,0,0.19838771740892222,0
real_20260703_135250_rm00_0260_02_cluster029_full_refined_from_voxel005_medium,real_previous_registration,148,317,0.03964609247720441,0.01637859605946863,0.9862087633262147,104.35471886878383,0.018349126041942602,0,0.14319941177887524,0
real_20260703_135250_rm00_0260_02_cluster029_full_refined_from_voxel005_medium,real_previous_registration,149,181,0.04881700242544002,0.028063472327694898,0.19229869360535007,119.67839000834533,0.3457455556810844,0,0.05975935626632799,1
real_20260703_135250_rm00_0260_02_cluster029_full_refined_from_voxel005_medium,real_previous_registration,150,397,0.11550201198518037,0.015472555442721359,0.5190315115967312,149.76707819520405,-0.09134966471673428,0,0.06423885725065498,1
real_20260703_135250_rm00_0260_02_cluster029_full_refined_from_voxel005_medium,real_previous_registration,151,5,0.07573489415703641,0.02493973287579015,0.8570642709419873,75.18763287957245,0.22314335900668392,0,0.08533397310847284,1
real_20260703_135250_rm00_0260_02_cluster029_full_refined_from_voxel005_medium,real_previous_registration,152,430,0.03144526097581671,0.010887514234836634,0.9911532313434493,108.84591659554812,0.08237093753183221,0,0.12043964849626473,0
real_20260703_135250_rm00_0260_02_cluster029_full_refined_from_voxel005_medium,real_previous_registration,153,187,0.0851088566709418,0.06746889682636024,0.3301469001864042,86.28931304954007,1.0704400426557092,0,0.14686550403278678,0
real_20260703_135250_rm00_0260_02_cluster029_full_refined_from_voxel005_medium,real_previous_registration,154,201,0.20754234871015856,0.14203596384643022,0.18340637716271208,114.0536253530839,0.01438872192416603,0,0.15887040247330478,0
real_20260703_135250_rm00_0260_02_cluster029_full_refined_from_voxel005_medium,real_previous_registration,155,212,0.07298166026483105,0.023133461925694564,0.21038802415932692,131.055773886231,-0.11332857816424759,0,0.18926532271646412,0
real_20260703_135250_rm00_0260_02_cluster029_full_refined_from_voxel005_medium,real_previous_registration,156,21,0.3418169222429452,0.13001845591528538,0.14603407410364147,116.626005837122,1.2039698876671687,0,0.18577255082870156,0
real_20260703_135250_rm00_0260_02_cluster029_full_refined_from_voxel005_medium,real_previous_registration,157,216,0.03790991401684911,0.030894556151573837,0.8640293011552352,126.74255838880866,-0.08994816076167532,0,0.11068646749284772,0
real_20260703_135250_rm00_0260_02_cluster029_full_refined_from_voxel005_medium,real_previous_registration,158,113,0.09121027023363504,0.08625876264489084,0.018659682266573385,146.99288980013594,-0.2429459764046764,0,0.1568238795265846,0
real_20260703_135250_rm00_0260_02_cluster029_full_refined_from_voxel005_medium,real_previous_registration,159,51,0.31050775206138337,0.12917491673011985,0.31357048160161394,154.26190998529236,1.05443926032252,0,0.17523729900253973,0
real_20260703_135250_rm00_0260_02_cluster029_full_refined_from_voxel005_medium,real_previous_registration,160,269,0.1581797983042367,0.03593111628795803,0.29738115596360193,155.39837524971367,0.5516467349543628,0,0.10182616633710961,0
real_20260703_135250_rm00_0260_02_cluster029_full_refined_from_voxel005_medium,real_previous_registration,161,42,0.036508106852298335,0.0209257092990457,0.7620645419484127,70.42678152953441,0.6560068819221914,0,0.1649525831849509,0
real_20260703_135250_rm00_0260_02_cluster029_full_refined_from_voxel005_medium,real_previous_registration,162,330,0.07236973353318808,0.05570751259632386,0.8885647228011181,80.23457765926373,0.842181743238215,0,0.18150751412023977,0
real_20260703_135250_rm00_0260_02_cluster029_full_refined_from_voxel005_medium,real_previous_registration,163,20,0.02387122548034023,0.02380570678334462,0.33643375997241554,56.68899718621586,0.05608941420354014,1,0.11407075274549829,0
real_20260703_135250_rm00_0260_02_cluster029_full_refined_from_voxel005_medium,real_previous_registration,164,391,0.05604507055503664,0.03225329398475265,0.9805764672139096,95.1082681513712,0.4123850229361823,0,0.10770417234899685,0
real_20260703_135250_rm00_0260_02_cluster029_full_refined_from_voxel005_medium,real_previous_registration,165,207,0.19776449543042957,0.19491627848924573,0.6951132409163572,107.82982942970833,0.06280081669808149,0,0.14671590438947468,0
real_20260703_135250_rm00_0260_02_cluster029_full_refined_from_voxel005_medium,real_previous_registration,166,76,0.04680399444399962,0.023098346371657058,0.21714781011101836,67.05320441078273,-0.08053878759928933,0,0.15305322512891817,0
real_20260703_135250_rm00_0260_02_cluster029_full_refined_from_voxel005_medium,real_previous_registration,167,187,0.07606516779443488,0.013049166043666084,0.8766300624092183,92.11511213464368,0.9436884335415885,0,0.21496891092093875,0
real_20260703_135250_rm00_0260_02_cluster029_full_refined_from_voxel005_medium,real_previous_registration,168,432,0.015746239874132165,0.004202032339474309,0.8837611104633148,102.92599477361458,0.23383867227733868,1,0.11255454597846841,0
real_20260703_135250_rm00_0260_02_cluster029_full_refined_from_voxel005_medium,real_previous_registration,169,443,0.035242409127217586,0.011879101445063434,0.9055047965607464,114.54575973985229,1.1086611017966397,0,0.14144021440407628,0
real_20260703_135250_rm00_0260_02_cluster029_full_refined_from_voxel005_medium,real_previous_registration,170,451,0.03602084926932737,0.011284477309791227,0.998418201931821,108.5197780850653,0.26966335591030755,0,0.11922319184902552,0
real_20260703_135250_rm00_0260_02_cluster029_full_refined_from_voxel005_medium,real_previous_registration,171,269,0.17131597564435852,0.08641016847457039,0.21360819980732546,158.2248556373612,0.5516467349543628,0,0.11419946288703699,0
real_20260703_135250_rm00_0260_02_cluster029_full_refined_from_voxel005_medium,real_previous_registration,172,31,0.24176251254006514,0.11022581916218234,0.0012679002825513458,120.96934811780876,0.8292758321730646,0,0.20894563534017588,0
real_20260703_135250_rm00_0260_02_cluster029_full_refined_from_voxel005_medium,real_previous_registration,173,246,0.029442309127919047,0.02361284591960948,0.0364488869789109,116.41721919602807,0.05251799666377425,1,0.13820478803384445,0
real_20260703_135250_rm00_0260_02_cluster029_full_refined_from_voxel005_medium,real_previous_registration,174,488,0.11055731044054641,0.0944295328799844,0.27085075382982327,154.00266475543353,-0.8456147670753641,0,0.1541733447452024,0
real_20260703_135250_rm00_0260_02_cluster029_full_refined_from_voxel005_medium,real_previous_registration,175,193,0.354504979887658,0.3233726587150888,0.9891200503245556,164.2207677134885,2.382605108669722,0,0.21276254776629047,0
real_20260703_135250_rm00_0260_02_cluster029_full_refined_from_voxel005_medium,real_previous_registration,176,281,0.051657842340624885,0.019853923489407677,0.9492745687812849,91.67169232612187,-0.10227877433414806,0,0.0942866206036236,1
real_20260703_135250_rm00_0260_02_cluster029_full_refined_from_voxel005_medium,real_previous_registration,177,443,0.04554089576177734,0.0426660210855609,0.8245197294694772,104.58549046039892,1.0306996211376913,0,0.17553175148231553,0
real_20260703_135250_rm00_0260_02_cluster029_full_refined_from_voxel005_medium,real_previous_registration,178,21,0.3076348214019849,0.07613180855383732,0.2799531928438193,120.435067667915,1.4916516476192911,0,0.17934923193314525,0
real_20260703_135250_rm00_0260_02_cluster029_full_refined_from_voxel005_medium,real_previous_registration,179,344,0.11736016004979026,0.11532992330172429,0.9555081530100876,109.65849226718109,-0.05715831580090116,1,0.07337749011780963,1
real_20260703_135250_rm00_0260_02_cluster029_full_refined_from_voxel005_medium,real_previous_registration,180,234,0.038998907703906883,0.023838908346272388,0.9845170068072779,100.96778096252179,-0.3920417634519711,0,0.12427156123341764,0
real_20260703_135250_rm00_0260_02_cluster029_full_refined_from_voxel005_medium,real_previous_registration,181,73,0.11988625180087759,0.06248652305123947,0.957447552617581,83.81022166895819,0.4184518007892887,0,0.023321428146117592,1
real_20260703_135250_rm00_0260_02_cluster029_full_refined_from_voxel005_medium,real_previous_registration,182,73,0.144794710159546,0.04511376576449973,0.9714544360671525,90.66125304198442,-0.12516294687588234,0,0.05504478551310689,1
real_20260703_135250_rm00_0260_02_cluster029_full_refined_from_voxel005_medium,real_previous_registration,183,306,0.09744457431985823,0.07444307102055293,0.6851518731193861,73.52458949795802,0.5355177180641927,0,0.075735551164142,1
real_20260703_135250_rm00_0260_02_cluster029_full_refined_from_voxel005_medium,real_previous_registration,184,475,0.23084234370666915,0.1493120785165823,0.12156759239646564,102.53417941431107,0.5648916462084687,0,0.13768267812246196,0
real_20260703_135250_rm00_0260_02_cluster029_full_refined_from_voxel005_medium,real_previous_registration,185,269,0.21341285545192515,0.0590961062418945,0.1155284178177715,144.57179408873412,-0.028170817443012582,0,0.20135604440935123,0
real_20260703_135250_rm00_0260_02_cluster029_full_refined_from_voxel005_medium,real_previous_registration,186,51,0.27087740069194244,0.11797638064600123,0.2566755842511114,152.87164180556695,0.9162890652107294,0,0.19502158231648348,0
real_20260703_135250_rm00_0260_02_cluster029_full_refined_from_voxel005_medium,real_previous_registration,187,311,0.008275805382043866,0.0010201260132171935,0.9811588333280581,141.92384461616024,-0.35821187586341824,1,0.11988111534539633,0
real_20260703_135250_rm00_0260_02_cluster029_full_refined_from_voxel005_medium,real_previous_registration,188,124,0.0495056008645444,0.015398558774608275,0.9847573731408679,98.93274177685502,0.4328636431075421,0,0.09670537988533942,1
real_20260703_135250_rm00_0260_02_cluster029_full_refined_from_voxel005_medium,real_previous_registration,189,12,0.1337417706856031,0.08954038177696039,0.9892478286552562,96.87687828787492,-0.18232127901660128,0,0.11295862078203706,0
real_20260703_135250_rm00_0260_02_cluster029_full_refined_from_voxel005_medium,real_previous_registration,190,295,0.19607712477746264,0.11844378520438323,0.3890459197063176,114.54739689121143,0.9628085397222879,0,0.07377309435077299,1
real_20260703_135250_rm00_0260_02_cluster029_full_refined_from_voxel005_medium,real_previous_registration,191,269,0.18966900548789176,0.10508027524687395,0.04083752290047418,160.20424951528278,0.37729357638071315,0,0.1683202756431327,0
real_20260703_135250_rm00_0260_02_cluster029_full_refined_from_voxel005_medium,real_previous_registration,192,235,0.25973682351246674,0.25407914533811016,0.4645460130737472,97.18663828934503,1.1614103275961296,0,0.15771945254060246,0
real_20260703_135250_rm00_0260_02_cluster029_full_refined_from_voxel005_medium,real_previous_registration,193,21,0.31406147552287383,0.07475447979929803,0.3609730950381662,122.67215100333085,1.3581203889232059,0,0.17126139008618385,0
real_20260703_135250_rm00_0260_02_cluster029_full_refined_from_voxel005_medium,real_previous_registration,194,269,0.16883713725370406,0.01853177140502025,0.3826308892502951,150.49936561074165,0.7667578823134955,0,0.07990233191220109,1
real_20260703_135250_rm00_0260_02_cluster029_full_refined_from_voxel005_medium,real_previous_registration,195,202,0.10418306114689557,0.10165448563640282,0.9779611039602841,76.59375213885099,0.5648922456217145,0,0.07797117551815211,1
real_20260703_135250_rm00_0260_02_cluster029_full_refined_from_voxel005_medium,real_previous_registration,196,152,0.017265783829789032,0.0076558336937926925,0.32039416825942985,78.53538048115772,-0.7129490431510974,1,0.1384056350527297,0
real_20260703_135250_rm00_0260_02_cluster029_full_refined_from_voxel005_medium,real_previous_registration,197,51,0.26665859176518364,0.1210419844749016,0.34030242895444696,162.01119546035633,0.987747952564604,0,0.16433385162496697,0
real_20260703_135250_rm00_0260_02_cluster029_full_refined_from_voxel005_medium,real_previous_registration,198,41,0.26845544617130956,0.12489209896838482,0.6015008754264055,107.03130714669287,1.337501563027825,0,0.1391228633923283,0
real_20260703_135250_rm00_0260_02_cluster029_full_refined_from_voxel005_medium,real_previous_registration,199,199,0.1955830598140569,0.13188885340745324,0.5218687038607874,101.09109043923453,0.10536037676912076,0,0.08582649614086779,1
real_20260703_135250_rm00_0260_02_cluster029_full_refined_from_voxel005_medium,real_previous_registration,200,73,0.09935535387405336,0.08697719843793622,0.9098825338660885,77.01877383053515,0.7456644419304128,0,0.06870578013946278,1
real_20260703_135250_rm00_0260_02_cluster029_full_refined_from_voxel005_medium,real_previous_registration,201,366,0.18729753387439807,0.010695913891115568,0.5847824936638304,185.04367899036146,0.12516302530705786,0,0.10034016828370901,0
real_20260703_135250_rm00_0260_02_cluster029_full_refined_from_voxel005_medium,real_previous_registration,202,57,0.024334674981791066,0.01869224866011742,0.9700521103062536,139.06366858437033,0.6649752916900833,1,0.14059323130607637,0
real_20260703_135250_rm00_0260_02_cluster029_full_refined_from_voxel005_medium,real_previous_registration,203,198,0.25185766331114057,0.25047241357902217,0.32584388505620926,125.66563179327112,1.8971146724049728,0,0.13866087414636044,0
real_20260703_135250_rm00_0260_02_cluster029_full_refined_from_voxel005_medium,real_previous_registration,204,263,0.02494020795953136,0.007251944229540671,0.9882806825967515,108.04206320614266,-0.07410791720870755,1,0.10489335447657996,0
real_20260703_135250_rm00_0260_02_cluster029_full_refined_from_voxel005_medium,real_previous_registration,205,393,0.016329999249375157,0.0014155331180873518,0.9520204394723635,126.5038758641791,-0.12348095720400197,1,0.1065834753413447,0
real_20260703_135250_rm00_0260_02_cluster029_full_refined_from_voxel005_medium,real_previous_registration,206,21,0.1138922387030078,0.013942487905818653,0.9828524276692714,139.3765787717815,1.3217527844348271,0,0.0702563846823239,1
real_20260703_135250_rm00_0260_02_cluster029_full_refined_from_voxel005_medium,real_previous_registration,207,31,0.23149077036761034,0.0874326155554809,0.0048053558319614414,119.06389913854679,1.0704373045757916,0,0.18356907093970123,0
real_20260703_135250_rm00_0260_02_cluster029_full_refined_from_voxel005_medium,real_previous_registration,208,113,0.028566970634366882,0.02037901780849014,0.997759429042098,114.63096298993035,0.0979803397328008,1,0.09331438968898174,1
real_20260703_135250_rm00_0260_02_cluster029_full_refined_from_voxel005_medium,real_previous_registration,209,75,0.03934143846284428,0.0284593365879374,0.9893431737970907,128.55431548496006,1.6422237030110585,0,0.1358575473834904,0
real_20260703_135250_rm00_0260_02_cluster029_full_refined_from_voxel005_medium,real_previous_registration,210,20,0.08292842813345276,0.07459501045452323,0.34203606063056424,72.09906210883274,-0.4446852828005699,0,0.10580561414159388,0
real_20260703_135250_rm00_0260_02_cluster029_full_refined_from_voxel005_medium,real_previous_registration,211,106,0.08973325050287283,0.07820313135337445,0.09669904842561708,113.0672164457481,-0.2429459764046764,0,0.1840907273996365,0
real_20260703_135250_rm00_0260_02_cluster029_full_refined_from_voxel005_medium,real_previous_registration,212,42,0.06111394848260856,0.04164232168491222,0.799457839369876,73.82851222390771,0.6004370770993882,0,0.15010587640778514,0
real_20260703_135250_rm00_0260_02_cluster029_full_refined_from_voxel005_medium,real_previous_registration,213,201,0.2021982143496914,0.13531789126800642,0.15833975734942296,113.50865120698654,0.08338152198261992,0,0.12402317031926573,0
real_20260703_135250_rm00_0260_02_cluster029_full_refined_from_voxel005_medium,real_previous_registration,214,373,0.06805769464801642,0.040689246657854,0.21518727345679933,96.9592516970967,0.21072085538987395,0,0.11852655628340582,0
real_20260703_135250_rm00_0260_02_cluster029_full_refined_from_voxel005_medium,real_previous_registration,215,207,0.13371371716127958,0.08095403883619191,0.0015190583389350087,106.6653285145425,0.42381376697893247,0,0.09963867211881261,1
real_20260703_135250_rm00_0260_02_cluster029_full_refined_from_voxel005_medium,real_previous_registration,216,81,0.06779050629455231,0.06648615750391726,0.9990833698719486,86.5529202462804,0.364221802684497,0,0.10785944093804607,0
real_20260703_135250_rm00_0260_02_cluster029_full_refined_from_voxel005_medium,real_previous_registration,217,212,0.11175971605873843,0.06390974867399547,0.0032658564962268835,131.25653595182615,-0.7419363625878793,0,0.198565586714844,0
real_20260703_135250_rm00_0260_02_cluster029_full_refined_from_voxel005_medium,real_previous_registration,218,109,0.13020312268652356,0.12092044821999988,0.9822354748784204,105.80751789576611,-0.10227862476193632,0,0.04457429289399763,1
real_20260703_135250_rm00_0260_02_cluster029_full_refined_from_voxel005_medium,real_previous_registration,219,366,0.07729123989457573,0.015471764329777003,0.9993214484248998,166.63404646874082,0.06453845863763169,0,0.0562477303617366,1
real_20260703_135250_rm00_0260_02_cluster029_full_refined_from_voxel005_medium,real_previous_registration,220,207,0.06118592614544529,0.033310782859844235,0.44622227591953645,111.4923925817743,0.3930421367212433,0,0.06695162900135904,1
real_20260703_135250_rm00_0260_02_cluster029_full_refined_from_voxel005_medium,real_previous_registration,221,27,0.0591957274508781,0.04021698623418737,0.6823089173415919,69.1382972394973,-0.21868898271107995,0,0.17914834696204823,0
real_20260703_135250_rm00_0260_02_cluster029_full_refined_from_voxel005_medium,real_previous_registration,222,198,0.20510431084253936,0.20423165394035792,0.10371117751849446,107.36955860494903,1.957739239074399,0,0.09410580955865235,1
real_20260703_135250_rm00_0260_02_cluster029_full_refined_from_voxel005_medium,real_previous_registration,223,366,0.21736868209405255,0.10189470395363916,0.24114686364995458,182.76133712970176,-0.18232135679417452,0,0.17527453076881735,0
real_20260703_135250_rm00_0260_02_cluster029_full_refined_from_voxel005_medium,real_previous_registration,224,75,0.2791900863679262,0.08786191432724605,0.7199938853280061,121.77073774786028,1.504073507899268,0,0.12740212203584514,0
real_20260703_135250_rm00_0260_02_cluster029_full_refined_from_voxel005_medium,real_previous_registration,225,269,0.2541966804678133,0.07049233249815852,0.2794933007807541,146.42286795428166,-0.3646421969235725,0,0.2532448206281497,0
real_20260703_135250_rm00_0260_02_cluster029_full_refined_from_voxel005_medium,real_previous_registration,226,51,0.11189280830006192,0.025294079628728115,0.9970353978859842,168.3864928010632,0.9162890652107294,0,0.07447300248874691,1
real_20260703_135250_rm00_0260_02_cluster029_full_refined_from_voxel005_medium,real_previous_registration,227,215,0.14828466339526755,0.11302013394657268,0.6261179187562225,132.8095681350982,1.1260095736698312,0,0.13308976592290594,0
real_20260703_135250_rm00_0260_02_cluster029_full_refined_from_voxel005_medium,real_previous_registration,228,21,0.037350984221137334,0.010311928921693938,0.995159137053473,121.71025157476694,1.5522762142887174,0,0.1843917333202336,0
real_20260703_135250_rm00_0260_02_cluster029_full_refined_from_voxel005_medium,real_previous_registration,229,414,0.20259331667339053,0.1176583550198155,0.02255619162981931,185.2419742333344,0.1805836787436099,0,0.14447150515536464,0
real_20260703_135250_rm00_0260_02_cluster029_full_refined_from_voxel005_medium,real_previous_registration,230,202,0.11449038953506797,0.0964899033012441,0.9912479643533048,79.1944152004495,0.18540298828892662,0,0.07256895355674504,1
real_20260703_135250_rm00_0260_02_cluster029_full_refined_from_voxel005_medium,real_previous_registration,231,21,0.3304816108549509,0.1723099651813071,0.026123508728635433,121.46056902291303,1.0704386736138354,0,0.2050608684323864,0
real_20260703_135250_rm00_0260_02_cluster029_full_refined_from_voxel005_medium,real_previous_registration,232,418,0.030537171106170102,0.005625658872316752,0.9766081145960771,126.07360175532655,-0.307484435042308,1,0.10899189904628948,0
real_20260703_135250_rm00_0260_02_cluster029_full_refined_from_voxel005_medium,real_previous_registration,233,269,0.08773132305789955,0.034180279949590726,0.9331979518403357,146.88298476902187,0.7667578823134955,0,0.04214030680882174,1
real_20260703_135250_rm00_0260_02_cluster029_full_refined_from_voxel005_medium,real_previous_registration,234,207,0.1654322074148346,0.10759995933262409,0.23975053315820355,90.82091296143817,0.3612934686485698,0,0.11008641756700781,0
real_20260703_135250_rm00_0260_02_cluster029_full_refined_from_voxel005_medium,real_previous_registration,235,454,0.02738132556696361,0.012546707575081358,0.9908112329893806,125.29643198412242,0.8881186287187856,1,0.12160265380194123,0
real_20260703_135250_rm00_0260_02_cluster029_full_refined_from_voxel005_medium,real_previous_registration,236,41,0.10361072286765752,0.014795869214827511,0.9100474276656959,129.4297392544806,1.3682731932855143,0,0.2145678996252241,0
real_20260703_135250_rm00_0260_02_cluster029_full_refined_from_voxel005_medium,real_previous_registration,237,475,0.053280713265128274,0.03569043743183095,0.8836096656017174,111.19663400151529,0.2595105605660119,0,0.0902838246263232,1
real_20260703_135250_rm00_0260_02_cluster029_full_refined_from_voxel005_medium,real_previous_registration,238,269,0.03691635140001466,0.02470877694597059,0.9667910203295248,154.9362999930237,0.3285034836397479,1,0.09935262612083691,1
real_20260703_135250_rm00_0260_02_cluster029_full_refined_from_voxel005_medium,real_previous_registration,239,247,0.02540554648707192,0.019966096644796972,0.5152590725561624,133.57984928874112,-0.2089896509601543,1,0.10546052538476433,0
real_20260703_135250_rm00_0260_02_cluster029_full_refined_from_voxel005_medium,real_previous_registration,240,480,0.06165497955528425,0.025957351249813947,0.8755465038862085,92.4778824387727,1.284013503456026,0,0.1908955978818774,0
real_20260703_135250_rm00_0260_02_cluster029_full_refined_from_voxel005_medium,real_previous_registration,241,408,0.012149806029816225,0.002467129717961309,0.6510082451136723,110.46577035182655,-0.06791115238119896,1,0.11184782108721038,0
real_20260703_135250_rm00_0260_02_cluster029_full_refined_from_voxel005_medium,real_previous_registration,242,20,0.0643036547944439,0.05827321578816432,0.33798845089074014,66.07961644116078,-0.39589519005960483,0,0.12359150588566596,0
real_20260703_135250_rm00_0260_02_cluster029_full_refined_from_voxel005_medium,real_previous_registration,243,21,0.11484868735943167,0.016524757233787088,0.9826877019348983,138.1903255377905,1.2840124991869746,0,0.10889363908166619,0
real_20260703_135250_rm00_0260_02_cluster029_full_refined_from_voxel005_medium,real_previous_registration,244,66,0.04018261823885615,0.010510821044876675,0.4863107388914097,82.96717701031316,-0.716403140088481,0,0.12448384192456591,0
real_20260703_135250_rm00_0260_02_cluster029_full_refined_from_voxel005_medium,real_previous_registration,245,212,0.10804829680652844,0.06935265674853164,0.0025717140679225453,134.7913384204827,-0.8064747587256926,0,0.2211785731308062,0
real_20260703_135250_rm00_0260_02_cluster029_full_refined_from_voxel005_medium,real_previous_registration,246,21,0.27436895581326404,0.04623190818776721,0.7583032826878628,131.5858943072569,1.5812637259519078,0,0.20602680096389964,0
real_20260703_135250_rm00_0260_02_cluster029_full_refined_from_voxel005_medium,real_previous_registration,247,363,0.03369220951177054,0.005241171351851282,0.9935683384284775,141.56782798382437,-0.2394795948175023,0,0.10982766928308739,0
real_20260703_135250_rm00_0260_02_cluster029_full_refined_from_voxel005_medium,real_previous_registration,248,123,0.03373419780842952,0.008905532913611373,0.5696981033172843,123.17772120894584,0.09531008889532089,1,0.0853235951404956,1
real_20260703_135250_rm00_0260_02_cluster029_full_refined_from_voxel005_medium,real_previous_registration,249,81,0.040304959118750414,0.025094199996482013,0.796056649066365,89.83213272405459,0.09393171795343642,0,0.11127300359604016,0
real_20260703_135250_rm00_0260_02_cluster029_full_refined_from_voxel005_medium,real_previous_registration,250,414,0.038274384425209564,0.028927360825916317,0.9829289792224504,171.34553344176612,0.34092613558230767,0,0.08848331176842214,1
real_20260703_135250_rm00_0260_02_cluster029_full_refined_from_voxel005_medium,real_previous_registration,251,51,0.32056787500638967,0.06943885926768205,0.418096873657262,160.99197184647244,1.05443926032252,0,0.18357898673567458,0
real_20260703_135250_rm00_0260_02_cluster029_full_refined_from_voxel005_medium,real_previous_registration,252,199,0.04992898764591499,0.002539753396635022,0.5928059624104309,114.04875702905146,0.06280081669808149,0,0.09012518434607801,1
real_20260703_135250_rm00_0260_02_cluster029_full_refined_from_voxel005_medium,real_previous_registration,253,378,0.04293035247167421,0.02141988081115882,0.963493964900312,138.9366138791147,-0.29152055698205215,0,0.07726265946227494,1
real_20260703_135250_rm00_0260_02_cluster029_full_refined_from_voxel005_medium,real_previous_registration,254,160,0.034165863784812206,0.018132649303188097,0.6102796746182373,122.24226585237257,0.027398951665610446,0,0.14535691009509552,0
real_20260703_135250_rm00_0260_02_cluster029_full_refined_from_voxel005_medium,real_previous_registration,255,269,0.21392742836812872,0.11329522435627612,0.196544964025895,155.71281680604648,0.040821911187092046,0,0.2042817363400522,0
real_20260703_135250_rm00_0260_02_cluster029_full_refined_from_voxel005_medium,real_previous_registration,256,306,0.060734758731795124,0.04341051339021332,0.30951983234650565,50.380189087237824,0.4328636431075421,0,0.10699473714315562,0
real_20260703_135250_rm00_0260_02_cluster029_full_refined_from_voxel005_medium,real_previous_registration,257,444,0.16442443772772847,0.07995274351284916,0.3697043779354833,91.17998109474787,0.5108249571002128,0,0.0672800657575731,1
real_20260703_135250_rm00_0260_02_cluster029_full_refined_from_voxel005_medium,real_previous_registration,258,480,0.06299408867680432,0.010574355181128451,0.9298027693960206,100.53201899128054,1.2313698115506129,0,0.11871106766374895,0
real_20260703_135250_rm00_0260_02_cluster029_full_refined_from_voxel005_medium,real_previous_registration,259,475,0.28926585905233,0.17901919605762956,0.4718192020516805,137.86293887779453,0.018349088163284906,0,0.20347902502626458,0
real_20260703_135250_rm00_0260_02_cluster029_full_refined_from_voxel005_medium,real_previous_registration,260,306,0.03938961045282425,0.012042508726910086,0.1503592730552477,57.23841754876468,0.31845339020981167,0,0.1361679345649816,0
real_20260703_135250_rm00_0260_02_cluster029_full_refined_from_voxel005_medium,real_previous_registration,261,23,0.06152031205780791,0.04058650693467969,0.8687858171785261,90.60771665647756,1.1086611017966397,0,0.13833889632697033,0
real_20260703_135250_rm00_0260_02_cluster029_full_refined_from_voxel005_medium,real_previous_registration,262,41,0.05621285871636193,0.03531849122126614,0.8719013538398113,140.19571880693192,1.2390615871972357,0,0.09894783099087533,1
real_20260703_135250_rm00_0260_02_cluster029_full_refined_from_voxel005_medium,real_previous_registration,263,207,0.18798223295510053,0.1311163080216833,0.3922326948301024,87.91989147234011,0.32850367808361153,0,0.15137876639612646,0
real_20260703_135250_rm00_0260_02_cluster029_full_refined_from_voxel005_medium,real_previous_registration,264,422,0.09115905025503881,0.010421938839780175,0.9965798282115744,160.92170198346338,0.9526566696991078,0,0.10382184157668922,0
real_20260703_135250_rm00_0260_02_cluster029_full_refined_from_voxel005_medium,real_previous_registration,265,457,0.012973303159161917,0.0005220150960948408,0.9770843914353564,148.40221265360802,0.10536043990030501,1,0.11253595506520918,0
real_20260703_135250_rm00_0260_02_cluster029_full_refined_from_voxel005_medium,real_previous_registration,266,201,0.2118442131335116,0.16164437467965306,0.3020533714540721,135.46483500261513,-0.18232133940291012,0,0.14601908184225215,0
real_20260703_135250_rm00_0260_02_cluster029_full_refined_from_voxel005_medium,real_previous_registration,267,187,0.08050268717429919,0.06979168408125205,0.41782891293979707,80.09679222834586,1.0216499142005369,0,0.17334889490138186,0
real_20260703_135250_rm00_0260_02_cluster029_full_refined_from_voxel005_medium,real_previous_registration,268,259,0.0404313949859882,0.015604624475175294,0.5014326285697166,139.0184577994313,0.08796870035073583,1,0.09563092904544628,1
real_20260703_135250_rm00_0260_02_cluster029_full_refined_from_voxel005_medium,real_previous_registration,269,384,0.01939414366450957,0.009689917121304069,0.7445656683967646,113.72722213030005,-0.005390844275682039,1,0.13574266406160446,0
real_20260703_135250_rm00_0260_02_cluster029_full_refined_from_voxel005_medium,real_previous_registration,270,143,0.06287955711943309,0.021358887239987825,0.9976979965232209,74.90625828298487,-0.11778293148980895,0,0.08792572657890137,1
real_20260703_135250_rm00_0260_02_cluster029_full_refined_from_voxel005_medium,real_previous_registration,271,326,0.034018726184207114,0.03097860471866053,0.8426144228647527,68.73542182629451,0.7519864792861861,1,0.12973165328070768,0
real_20260703_135250_rm00_0260_02_cluster029_full_refined_from_voxel005_medium,real_previous_registration,272,24,0.14912267871793344,0.014882500071348389,0.9894297127566983,139.79068159499414,1.1169595586528824,0,0.11949115101796684,0
real_20260703_135250_rm00_0260_02_cluster029_full_refined_from_voxel005_medium,real_previous_registration,273,111,0.05107779721573113,0.01649922960553056,0.9373769870582821,123.40708186296986,0.058840435087940166,0,0.07138076546769273,1
real_20260703_135250_rm00_0260_02_cluster029_full_refined_from_voxel005_medium,real_previous_registration,274,474,0.028917398883363657,0.0028134225345086174,0.9843440895980506,140.49462889330462,0.15860491559338818,1,0.1378051019049503,0
real_20260703_135250_rm00_0260_02_cluster029_full_refined_from_voxel005_medium,real_previous_registration,275,366,0.20071227854941168,0.0660212113788232,0.4598002024112311,179.05398376637567,0.03278979056495829,0,0.15021633805593657,0
real_20260703_135250_rm00_0260_02_cluster029_full_refined_from_voxel005_medium,real_previous_registration,276,240,0.013748898092531665,0.0006345137343810816,0.9961408904365727,131.22208966119348,-0.3158526592401745,1,0.08967120401505142,1
real_20260703_135250_rm00_0260_02_cluster029_full_refined_from_voxel005_medium,real_previous_registration,277,45,0.15174043528712877,0.15072215952187587,0.6051997711504278,85.98592311092399,0.5596147165089558,0,0.08143936483678542,1
real_20260703_135250_rm00_0260_02_cluster029_full_refined_from_voxel005_medium,real_previous_registration,278,306,0.09998661702956568,0.06333492088354042,0.6820736377459495,78.43313593420083,0.5108251237664905,0,0.085142311683446,1
real_20260703_135250_rm00_0260_02_cluster029_full_refined_from_voxel005_medium,real_previous_registration,279,19,0.17989185379979775,0.033207037951159236,0.4548266490346887,179.66968316887053,-1.0089974067721,0,0.24330579394111143,0
real_20260703_135250_rm00_0260_02_cluster029_full_refined_from_voxel005_medium,real_previous_registration,280,422,0.0477141887093966,0.008066102945748778,0.9962449687103847,156.66393412155944,0.987747952564604,0,0.10651111441077,0
real_20260703_135250_rm00_0260_02_cluster029_full_refined_from_voxel005_medium,real_previous_registration,281,37,0.13776875564819782,0.0942557998941721,0.8641542061150643,82.95825154281545,-0.24294577419930136,0,0.059807129990016694,1
real_20260703_135250_rm00_0260_02_cluster029_full_refined_from_voxel005_medium,real_previous_registration,282,397,0.13002800840451023,0.04477428596996924,0.885762088496517,145.2749982424808,-0.23111141143999356,0,0.0418376709645925,1
real_20260703_135250_rm00_0260_02_cluster029_full_refined_from_voxel005_medium,real_previous_registration,283,193,0.3184157790909757,0.2839438137250215,0.9712449290240744,152.74384384425858,2.7620940016311026,0,0.20126863239439793,0
real_20260703_135250_rm00_0260_02_cluster029_full_refined_from_voxel005_medium,real_previous_registration,284,46,0.05043663900501197,0.029648099846607007,0.46014135495780983,95.5880285094513,-0.31585256251419325,0,0.10633886267097165,0
real_20260703_135250_rm00_0260_02_cluster029_full_refined_from_voxel005_medium,real_previous_registration,285,400,0.015845929108835612,0.012213261173191972,0.5763038381630659,128.71538924605005,-0.09776409324925678,0,0.1289556072031974,0
real_20260703_135250_rm00_0260_02_cluster029_full_refined_from_voxel005_medium,real_previous_registration,286,75,0.10569337062047963,0.04174980532971651,0.9731801735161849,122.5176057053596,1.1526760888970071,0,0.0851728169408062,1
real_20260703_135250_rm00_0260_02_cluster029_full_refined_from_voxel005_medium,real_previous_registration,287,444,0.17331083054331411,0.11081497951417224,0.06282476255879177,91.42286662415141,0.47692343990725505,0,0.09487891377441979,1
real_20260703_135250_rm00_0260_02_cluster029_full_refined_from_voxel005_medium,real_previous_registration,288,330,0.033963969473654376,0.028612668635543872,0.9654560497547767,86.61592314737143,0.8674995319917502,1,0.15494877289468076,0
real_20260703_135250_rm00_0260_02_cluster029_full_refined_from_voxel005_medium,real_previous_registration,289,420,0.03593956719897815,0.020834760270871906,0.9926595859739915,143.59593046306847,-0.4526115099461631,1,0.08554266663980434,1
real_20260703_135250_rm00_0260_02_cluster029_full_refined_from_voxel005_medium,real_previous_registration,290,235,0.1258067439253411,0.09972556899477467,0.6456455102186641,96.41277541322822,1.4599029795466179,0,0.02112786599263169,1
real_20260703_135250_rm00_0260_02_cluster029_full_refined_from_voxel005_medium,real_previous_registration,291,450,0.07092468428137667,0.033036914201490304,0.8776233605345187,248.17510340660118,-0.1823207234644407,0,0.06981098905138551,1
real_20260703_135250_rm00_0260_02_cluster029_full_refined_from_voxel005_medium,real_previous_registration,292,277,0.03482058173480824,0.014124680027612057,0.5863512660446984,120.00212559816772,-0.15333389807205985,0,0.127159761297575,0
real_20260703_135250_rm00_0260_02_cluster029_full_refined_from_voxel005_medium,real_previous_registration,293,184,0.06772991941254809,0.036211929192082444,0.5914605007113319,101.83960893737587,-0.27193349226954044,0,0.11858023825594725,0
real_20260703_135250_rm00_0260_02_cluster029_full_refined_from_voxel005_medium,real_previous_registration,294,27,0.029653513128161304,0.029612375915714226,0.47385391691597056,60.51275333282593,-0.25642926795893256,1,0.14857598662710314,0
real_20260703_135250_rm00_0260_02_cluster029_full_refined_from_voxel005_medium,real_previous_registration,295,369,0.040393729338137556,0.03226471014348412,0.9916714794989749,117.17678105267156,1.2313698115506129,1,0.1539927388505063,0
real_20260703_135250_rm00_0260_02_cluster029_full_refined_from_voxel005_medium,real_previous_registration,296,139,0.10408787864680752,0.08740376747714232,0.37628774972238,85.58242714644217,0.1743531966687958,0,0.06570412698482492,1
real_20260703_135250_rm00_0260_02_cluster029_full_refined_from_voxel005_medium,real_previous_registration,297,414,0.16131406609011503,0.0013428320803427138,0.612198647179997,197.8125957303647,0.4790763306940982,0,0.11898414339998578,0
real_20260703_135250_rm00_0260_02_cluster029_full_refined_from_voxel005_medium,real_previous_registration,298,233,0.04782310870033671,0.03203894138829581,0.9996315987360844,130.8142110455075,-0.5136782623458351,0,0.08825346986775842,1
real_20260703_135250_rm00_0260_02_cluster029_full_refined_from_voxel005_medium,real_previous_registration,299,375,0.03549641517862465,0.006836639066621806,0.3511083029259091,124.02726085658217,-0.005390844275682039,0,0.09059138318347248,1
real_20260703_135250_rm00_0260_02_cluster029_full_refined_from_voxel005_medium,real_previous_registration,300,51,0.2760031077035208,0.0349658213153783,0.7386353131092008,163.27415727441922,1.1758000067278098,0,0.138322027692297,0
real_20260703_135250_rm00_0260_02_cluster029_full_refined_from_voxel005_medium,real_previous_registration,301,57,0.06736392402143414,0.019802859228288547,0.9812484265641175,125.71825372944757,0.7667578823134955,0,0.15330995529689426,0
real_20260703_135250_rm00_0260_02_cluster029_full_refined_from_voxel005_medium,real_previous_registration,302,199,0.17493683884566855,0.11212873498048914,0.19615469523833812,88.44893037655753,0.18540298828892662,0,0.05606591697191833,1
real_20260703_135250_rm00_0260_02_cluster029_full_refined_from_voxel005_medium,real_previous_registration,303,73,0.09875286838947431,0.07201604557600899,0.9745512604562815,83.86460987868101,0.4184518007892887,0,0.056550137731657374,1
real_20260703_135250_rm00_0260_02_cluster029_full_refined_from_voxel005_medium,real_previous_registration,304,41,0.16682277619988836,0.05773541808684962,0.8740898363902034,141.36805902797883,1.2039703043317396,0,0.12740013762394103,0
real_20260703_135250_rm00_0260_02_cluster029_full_refined_from_voxel005_medium,real_previous_registration,305,235,0.023108903743389766,0.016256607127580005,0.7104003396933893,110.05635780445951,0.9162882318814467,1,0.1273749725805547,0
real_20260703_135250_rm00_0260_02_cluster029_full_refined_from_voxel005_medium,real_previous_registration,306,475,0.1552450918636466,0.07364852714876292,0.40153713254587864,107.899021383098,0.7985061684430708,0,0.07165247603700711,1
real_20260703_135250_rm00_0260_02_cluster029_full_refined_from_voxel005_medium,real_previous_registration,307,41,0.14916342163639498,0.023032338387966114,0.8733862582892629,142.88326301013393,1.2039703043317396,0,0.17490160799028742,0
real_20260703_135250_rm00_0260_02_cluster029_full_refined_from_voxel005_medium,real_previous_registration,308,5,0.042398975605583075,0.011224655312040237,0.3007855368352574,73.30643477748197,-0.03922067469178065,0,0.13144727689335906,0
real_20260703_135250_rm00_0260_02_cluster029_full_refined_from_voxel005_medium,real_previous_registration,309,46,0.018642184902496455,0.010717014689781347,0.45640737904744066,94.49691929255283,-0.18232134846085993,1,0.1103735278125436,0
real_20260703_135250_rm00_0260_02_cluster029_full_refined_from_voxel005_medium,real_previous_registration,310,201,0.09212711111099556,0.004778497478506234,0.8226361101376052,127.5153579248304,0.14791998062025155,0,0.06452132714868676,1
real_20260703_135250_rm00_0260_02_cluster029_full_refined_from_voxel005_medium,real_previous_registration,311,202,0.12755412426444213,0.10418561081834393,0.9589853167157517,82.28827749140773,0.2946021608906539,0,0.05405531170365424,1
real_20260703_135250_rm00_0260_02_cluster029_full_refined_from_voxel005_medium,real_previous_registration,312,269,0.2524975547686956,0.12350391433637187,0.2794933007807542,155.76649008099,-0.3646421969235725,0,0.2537895035151319,0
real_20260703_135250_rm00_0260_02_cluster029_full_refined_from_voxel005_medium,real_previous_registration,313,245,0.023931790147639083,0.016280889017104703,0.9955719437723007,131.193976803544,-0.2746946444773499,1,0.09654029640115021,1
real_20260703_135250_rm00_0260_02_cluster029_full_refined_from_voxel005_medium,real_previous_registration,314,444,0.06007482868902256,0.03850138502542889,0.8289725437698334,110.34845987658937,0.5753634157378446,0,0.07987816985899121,1
real_20260703_135250_rm00_0260_02_cluster029_full_refined_from_voxel005_medium,real_previous_registration,315,41,0.04951877614847254,0.0005398039113299457,0.9080266290367451,131.7714231153248,1.337501563027825,0,0.1710797403810474,0
real_20260703_135250_rm00_0260_02_cluster029_full_refined_from_voxel005_medium,real_previous_registration,316,269,0.05987407380942915,0.02625801923335621,0.9262851371107885,150.2539574226394,0.5908674019538522,0,0.04675385085237621,1
real_20260703_135250_rm00_0260_02_cluster029_full_refined_from_voxel005_medium,real_previous_registration,317,422,0.028471613808503632,0.003177076788368899,0.994141910933647,143.86203458332608,1.05443926032252,0,0.1639842094174601,0
real_20260703_135250_rm00_0260_02_cluster029_full_refined_from_voxel005_medium,real_previous_registration,318,75,0.14643238071000467,0.05510098518204583,0.9737863556386006,132.54636882954583,1.1526760888970071,0,0.02762149983234759,1
real_20260703_135250_rm00_0260_02_cluster029_full_refined_from_voxel005_medium,real_previous_registration,319,51,0.07503887106376571,0.02295612337677203,0.9970039854548062,166.33828388045004,0.9526566696991078,0,0.07189036466404189,1
real_20260703_135250_rm00_0260_02_cluster029_full_refined_from_voxel005_medium,real_previous_registration,320,429,0.025755103302450677,0.0008679227403273684,0.9341062508893545,99.9478990782495,-0.15415056077973133,1,0.14336904495734212,0
real_20260703_135250_rm00_0260_02_cluster029_full_refined_from_voxel005_medium,real_previous_registration,321,382,0.24071718510557105,0.018096180765860313,0.14023547116843088,186.66057687242426,-0.07312219188473827,0,0.14736488108625972,0
real_20260703_135250_rm00_0260_02_cluster029_full_refined_from_voxel005_medium,real_previous_registration,322,207,0.19239496152173194,0.19186866664509938,0.6999772123885029,108.70057126563347,0.018349113415706088,0,0.15223867183792497,0
real_20260703_135250_rm00_0260_02_cluster029_full_refined_from_voxel005_medium,real_previous_registration,323,111,0.017841439833931418,0.0008616403836948744,0.9369294747911533,134.71174234158053,-0.05448812164778044,1,0.1261088751992852,0
real_20260703_135250_rm00_0260_02_cluster029_full_refined_from_voxel005_medium,real_previous_registration,324,113,0.0449910928275488,0.04079831658988952,0.028632412166446297,150.574888906614,0.05251799666377425,0,0.1070409651179533,0
real_20260703_135250_rm00_0260_02_cluster029_full_refined_from_voxel005_medium,real_previous_registration,325,366,0.17498048048408682,0.024223704704160465,0.7650059041887429,204.4328184021347,0.06453845863763169,0,0.09479093963285615,1
real_20260703_135250_rm00_0260_02_cluster029_full_refined_from_voxel005_medium,real_previous_registration,326,41,0.12402720455297973,0.04028249881124005,0.8728553415521102,139.22616879400408,1.1298624145955085,0,0.12447761612975465,0
real_20260703_135250_rm00_0260_02_cluster029_full_refined_from_voxel005_medium,real_previous_registration,327,51,0.20161355784343446,0.03166410368781878,0.8331090576225386,174.59056805140378,1.2039708598850023,0,0.08481119231944986,1
real_20260703_135250_rm00_0260_02_cluster029_full_refined_from_voxel005_medium,real_previous_registration,328,417,0.03897177917093348,0.007771158786075996,0.895009370296081,109.65516090979138,0.18924178412153314,1,0.12398609763093577,0
real_20260703_135250_rm00_0260_02_cluster029_full_refined_from_voxel005_medium,real_previous_registration,329,113,0.12922780279407622,0.12804668080579473,0.13875724123831212,145.91181037205757,-0.8183093921425209,0,0.17378055840298973,0
real_20260703_135250_rm00_0260_02_cluster029_full_refined_from_voxel005_medium,real_previous_registration,330,477,0.06296873639959556,0.0567321597877545,0.8999449190066262,122.02197214592647,-0.48081404745426337,0,0.062738058797548,1
real_20260703_135250_rm00_0260_02_cluster029_full_refined_from_voxel005_medium,real_previous_registration,331,437,0.034451789478323086,0.03137278217882815,0.7682856574331605,115.03725426824825,-0.4054647509656259,0,0.14735345104088707,0
real_20260703_135250_rm00_0260_02_cluster029_full_refined_from_voxel005_medium,real_previous_registration,332,23,0.046007875763598126,0.01648112522568708,0.9789418554904609,87.30175142578848,1.1574512302518123,0,0.117639427168743,0
real_20260703_135250_rm00_0260_02_cluster029_full_refined_from_voxel005_medium,real_previous_registration,333,23,0.10811431191859167,0.10042829998045248,0.18360830478781592,90.74467247056221,1.1574512302518123,0,0.17983334928271785,0
real_20260703_135250_rm00_0260_02_cluster029_full_refined_from_voxel005_medium,real_previous_registration,334,201,0.19993279666522087,0.08958993286015945,0.0754094405929952,133.1493281010378,0.20854454728967783,0,0.11502182787276004,0
real_20260703_135250_rm00_0260_02_cluster029_full_refined_from_voxel005_medium,real_previous_registration,335,363,0.008879711720392957,0.0013283285461970023,0.9934966628778883,136.3981861501262,-0.028170837284212623,1,0.0872758316884836,1
real_20260703_135250_rm00_0260_02_cluster029_full_refined_from_voxel005_medium,real_previous_registration,336,62,0.05066714169107938,0.023081406170088865,0.6558213018110358,82.51299568681519,0.5908674019538522,1,0.14036410985413109,0
real_20260703_135250_rm00_0260_02_cluster029_full_refined_from_voxel005_medium,real_previous_registration,337,488,0.0455462286370796,0.009285600459837683,0.13092205604960896,147.83817506481782,0.08237093753183221,0,0.10247021605023986,0
real_20260703_135250_rm00_0260_02_cluster029_full_refined_from_voxel005_medium,real_previous_registration,338,81,0.026697948059567864,0.0249881395656027,0.6864852139705704,91.63547672201997,0.058840435087940166,1,0.1357272865033448,0
real_20260703_135250_rm00_0260_02_cluster029_full_refined_from_voxel005_medium,real_previous_registration,339,269,0.26241418999864513,0.15395113330591376,0.2794933007807542,155.35113261537393,-0.3646421969235725,0,0.26563715392524423,0
real_20260703_135250_rm00_0260_02_cluster029_full_refined_from_voxel005_medium,real_previous_registration,340,176,0.046198213158717936,0.01942987800655732,0.9793609971789828,113.40955562806039,0.013423011323137633,0,0.15325274107217451,0
real_20260703_135250_rm00_0260_02_cluster029_full_refined_from_voxel005_medium,real_previous_registration,341,87,0.07030480989743591,0.06388424652324809,0.19114682287020218,58.79016920146664,0.16907612536581973,1,0.13811062445110714,0
real_20260703_135250_rm00_0260_02_cluster029_full_refined_from_voxel005_medium,real_previous_registration,342,51,0.17111871303327114,0.03043718995840057,0.9855265810783145,160.8695153647506,1.0861879283951932,0,0.035037127826269596,1
real_20260703_135250_rm00_0260_02_cluster029_full_refined_from_voxel005_medium,real_previous_registration,343,36,0.12966326784452836,0.0725315946759612,0.9807740453590386,100.69373117960727,-0.23361452223460205,0,0.042757911508504456,1
real_20260703_135250_rm00_0260_02_cluster029_full_refined_from_voxel005_medium,real_previous_registration,344,432,0.02833097739788574,0.003989931574777943,0.7867936219629937,123.94115220425928,0.07257063638326638,0,0.14753525448208302,0
real_20260703_135250_rm00_0260_02_cluster029_full_refined_from_voxel005_medium,real_previous_registration,345,201,0.061835433402073176,0.014860789659521943,0.8874254469901912,136.24394134195,0.08338152198261992,0,0.09288647872540653,1
real_20260703_135250_rm00_0260_02_cluster029_full_refined_from_voxel005_medium,real_previous_registration,346,43,0.06308238935456927,0.032654492075470457,0.9614100062987827,101.77719127234133,1.3581214206647336,0,0.20253764595605386,0
real_20260703_135250_rm00_0260_02_cluster029_full_refined_from_voxel005_medium,real_previous_registration,347,76,0.04073292613386357,0.032139195508818254,0.5827778230138768,69.00683200642705,-0.1472300953572052,1,0.11429765244768882,0
real_20260703_135250_rm00_0260_02_cluster029_full_refined_from_voxel005_medium,real_previous_registration,348,382,0.21263282924232516,0.10377172005915054,0.08366333272055067,185.88666105579222,-0.18232136448646555,0,0.1588834762481199,0
real_20260703_135250_rm00_0260_02_cluster029_full_refined_from_voxel005_medium,real_previous_registration,349,235,0.18826655919266097,0.12755896038433248,0.22745928549028305,100.57277548336518,1.2840124991869746,0,0.10828500186022753,0
real_20260703_135250_rm00_0260_02_cluster029_full_refined_from_voxel005_medium,real_previous_registration,350,444,0.12133751363353878,0.06441475042247519,0.45158705691365353,92.39277994269524,0.6061350459955337,0,0.06577912261248942,1
real_20260703_135250_rm00_0260_02_cluster029_full_refined_from_voxel005_medium,real_previous_registration,351,230,0.02805137574531645,0.00917913518354696,0.9944753362700768,170.65475532186787,0.20544372985419826,0,0.08020095838528234,1
real_20260703_135250_rm00_0260_02_cluster029_full_refined_from_voxel005_medium,real_previous_registration,352,366,0.17929496798801534,0.025457533568240265,0.7558183989228142,199.36692341908426,0.15415053697024822,0,0.08159926226273259,1
real_20260703_135250_rm00_0260_02_cluster029_full_refined_from_voxel005_medium,real_previous_registration,353,0,0.0642410712030879,0.006242177683058493,0.920554349229699,70.88119633697895,0.7586609568788418,0,0.14459448323255444,0
real_20260703_135250_rm00_0260_02_cluster029_full_refined_from_voxel005_medium,real_previous_registration,354,51,0.20085515557799158,0.02759086655889332,0.8080147879636724,161.3820703844997,1.1758000067278098,0,0.10932978675768874,0
real_20260703_135250_rm00_0260_02_cluster029_full_refined_from_voxel005_medium,real_previous_registration,355,75,0.12113448952117588,0.05149725151366277,0.9734088415581564,138.51831206254116,1.2992793477781945,0,0.05174788187956688,1
real_20260703_135250_rm00_0260_02_cluster029_full_refined_from_voxel005_medium,real_previous_registration,356,139,0.12274688310581945,0.09441955588077183,0.4736264225378271,88.79138123139376,0.207142987233754,0,0.036718449453345674,1
real_20260703_135250_rm00_0260_02_cluster029_full_refined_from_voxel005_medium,real_previous_registration,357,414,0.11349380863666612,0.007969911254787215,0.7233836486112364,194.7245272205382,0.571449565436198,0,0.06319821819322617,1
real_20260703_135250_rm00_0260_02_cluster029_full_refined_from_voxel005_medium,real_previous_registration,358,43,0.026222630925976098,0.02290611328698538,0.9751502921020919,123.41813680592257,1.2039708598850023,1,0.1505699704556953,0
real_20260703_135250_rm00_0260_02_cluster029_full_refined_from_voxel005_medium,real_previous_registration,359,195,0.06019781055509781,0.055445957325472965,0.6267169343445314,68.3677150790154,-0.6010313495473799,0,0.12060403676218981,0
real_20260703_135250_rm00_0260_02_cluster029_full_refined_from_voxel005_medium,real_previous_registration,360,41,0.30292085609369257,0.1079562442812095,0.34250722918273174,115.46517326324305,1.3981261296972514,0,0.2107243995930032,0
real_20260703_135250_rm00_0260_02_cluster029_full_refined_from_voxel005_medium,real_previous_registration,361,354,0.027200394517147845,0.013962157780552764,0.9960461770905794,110.90172881470727,0.30603096701242943,0,0.1042376774542445,0
real_20260703_135250_rm00_0260_02_cluster029_full_refined_from_voxel005_medium,real_previous_registration,362,41,0.2632909672646766,0.11570928764642609,0.5302264635428819,110.20434794728381,1.4552844945176342,0,0.15108800863666172,0
real_20260703_135250_rm00_0260_02_cluster029_full_refined_from_voxel005_medium,real_previous_registration,363,70,0.061082620172725643,0.01701052394742296,0.7775046465779061,63.60421502007432,-0.2693326118142747,1,0.13368485008127617,0
real_20260703_135250_rm00_0260_02_cluster029_full_refined_from_voxel005_medium,real_previous_registration,364,408,0.038550526503871536,0.005217141963952282,0.8058454963410862,115.7188157682032,-0.041242926636147245,0,0.13985669758494107,0
real_20260703_135250_rm00_0260_02_cluster029_full_refined_from_voxel005_medium,real_previous_registration,365,414,0.15556802586985888,0.031664891562335686,0.33467052948588305,185.509254960437,0.4123850229361823,0,0.07138456236132396,1
real_20260703_135250_rm00_0260_02_cluster029_full_refined_from_voxel005_medium,real_previous_registration,366,21,0.3196619417987776,0.13640792219618375,0.2624021914672157,126.03526887718917,1.393211671788702,0,0.18769000921950427,0
real_20260703_135250_rm00_0260_02_cluster029_full_refined_from_voxel005_medium,real_previous_registration,367,41,0.07869495046602831,0.048474356688403115,0.868022863823389,136.40264324788728,1.2039703043317396,0,0.0796163762223381,1
real_20260703_135250_rm00_0260_02_cluster029_full_refined_from_voxel005_medium,real_previous_registration,368,230,0.07179224410762933,0.011957299978042586,0.9759963387188931,175.30314405028946,0.3389749885502838,0,0.05954805641551192,1
real_20260703_135250_rm00_0260_02_cluster029_full_refined_from_voxel005_medium,real_previous_registration,369,150,0.026294929753388582,0.015292111739853242,0.9961872782060294,158.238295600768,-0.10536040454683229,1,0.0826133691162118,1
real_20260703_135250_rm00_0260_02_cluster029_full_refined_from_voxel005_medium,real_previous_registration,370,397,0.10181831023087164,0.06049701131310591,0.2380880213056406,131.70404659405813,0.29951622197585376,0,0.10693576216275472,0
real_20260703_135250_rm00_0260_02_cluster029_full_refined_from_voxel005_medium,real_previous_registration,371,192,0.019452280048564544,0.010451816472779419,0.9580167181822101,125.67873806144485,-0.18232140973525018,1,0.11056237620318843,0
real_20260703_135250_rm00_0260_02_cluster029_full_refined_from_voxel005_medium,real_previous_registration,372,397,0.17920404315142494,0.05216468492927149,0.5555254615034011,129.69525189074292,-0.5187929838926494,0,0.06882977325086646,1
real_20260703_135250_rm00_0260_02_cluster029_full_refined_from_voxel005_medium,real_previous_registration,373,366,0.09370423672571151,0.015055556963491652,0.9993249045299438,168.3431981654411,0.12516302530705786,0,0.09873140914041585,1
real_20260703_135250_rm00_0260_02_cluster029_full_refined_from_voxel005_medium,real_previous_registration,374,82,0.028773599931839516,0.008403779443659975,0.02859122815922366,44.75409198201644,-0.1823213901274407,1,0.11747687517919822,0
real_20260703_135250_rm00_0260_02_cluster029_full_refined_from_voxel005_medium,real_previous_registration,375,422,0.01686877651277092,0.005703205990847615,0.9962952472098007,157.40288020169382,0.987747952564604,1,0.12641346306323684,0
real_20260703_135250_rm00_0260_02_cluster029_full_refined_from_voxel005_medium,real_previous_registration,376,24,0.23515847168120077,0.007597012595294092,0.8190492079554033,131.26653141160244,1.1169595586528824,0,0.13465708078495722,0
real_20260703_135250_rm00_0260_02_cluster029_full_refined_from_voxel005_medium,real_previous_registration,377,193,0.10950631138126257,0.0701358463986218,0.5196688889461157,132.31693913206806,2.8621773098123713,1,0.22620943744221408,0
real_20260703_135250_rm00_0260_02_cluster029_full_refined_from_voxel005_medium,real_previous_registration,378,252,0.039653020327656115,0.03616540043366611,0.9912914794247503,134.4541453048187,-0.3566745153678242,1,0.10726535116830709,0
real_20260703_135250_rm00_0260_02_cluster029_full_refined_from_voxel005_medium,real_previous_registration,379,306,0.11899851952180027,0.04984968611870874,0.7070916519152297,69.54474771619027,0.3483063266215488,0,0.06806363190254124,1
real_20260703_135250_rm00_0260_02_cluster029_full_refined_from_voxel005_medium,real_previous_registration,380,485,0.04539249709526375,0.014095896408578525,0.7669448161326097,102.46175994848649,-0.04255956007103919,0,0.08743289336034606,1
real_20260703_135250_rm00_0260_02_cluster029_full_refined_from_voxel005_medium,real_previous_registration,381,122,0.030008397793134977,0.00042760682628416183,0.9670849874074804,78.44106912398314,0.6161855005356113,0,0.12405709816044753,0
real_20260703_135250_rm00_0260_02_cluster029_full_refined_from_voxel005_medium,real_previous_registration,382,107,0.0388274535063731,0.010922285606413007,0.9815779377927641,93.7480737230232,0.34092613558230767,0,0.11230911084076932,0
real_20260703_135250_rm00_0260_02_cluster029_full_refined_from_voxel005_medium,real_previous_registration,383,303,0.025043316276865676,0.009111624680274743,0.9578507335619262,131.38694419106707,-0.23638860262576472,1,0.13439148456613692,0
real_20260703_135250_rm00_0260_02_cluster029_full_refined_from_voxel005_medium,real_previous_registration,384,21,0.3482174132478754,0.16646554531436497,0.00458314411108178,115.79140311650781,1.0216485808728701,0,0.19623149162034284,0
real_20260703_135250_rm00_0260_02_cluster029_full_refined_from_voxel005_medium,real_previous_registration,385,379,0.07813590916993217,0.026363069715824722,0.8412061917176472,87.9748704745264,0.6286076872017049,0,0.1619688915227274,0
real_20260703_135250_rm00_0260_02_cluster029_full_refined_from_voxel005_medium,real_previous_registration,386,21,0.14001036957914603,0.019816491094081273,0.9825895755461307,147.90763297871567,1.3217527844348271,0,0.16577156918265962,0
real_20260703_135250_rm00_0260_02_cluster029_full_refined_from_voxel005_medium,real_previous_registration,387,193,0.3446245677174373,0.2811772643344724,0.9963504689339819,159.91949857793256,2.7620940016311026,0,0.23106993967305084,0
real_20260703_135250_rm00_0260_02_cluster029_full_refined_from_voxel005_medium,real_previous_registration,388,491,0.0751965630231867,0.05582110335155397,0.2579924672456257,240.8604968966803,-0.6931446805693203,0,0.07289967908184235,1
real_20260703_135250_rm00_0260_02_cluster029_full_refined_from_voxel005_medium,real_previous_registration,389,379,0.051942723237088866,0.035380787257397364,0.9705200599359112,70.54388518288654,0.9436884335415885,1,0.1034164801516149,0
real_20260703_135250_rm00_0260_02_cluster029_full_refined_from_voxel005_medium,real_previous_registration,390,454,0.03573833905400061,0.01605291556231768,0.9836702676995458,122.13869072583812,0.829278180643858,0,0.15160889552487847,0
real_20260703_135250_rm00_0260_02_cluster029_full_refined_from_voxel005_medium,real_previous_registration,391,51,0.3244333589487337,0.16399766162276808,0.10413249984045422,165.428410912276,0.839328112963387,0,0.19459689295528582,0
real_20260703_135250_rm00_0260_02_cluster029_full_refined_from_voxel005_medium,real_previous_registration,392,21,0.29576592708914484,0.04523704045043201,0.6383916175515377,115.5618107459188,1.4599029795466179,0,0.1927662274546007,0
real_20260703_135250_rm00_0260_02_cluster029_full_refined_from_voxel005_medium,real_previous_registration,393,397,0.036686671898288205,0.017839736914363687,0.7891672052321305,111.0842588093277,0.03125250687411082,1,0.14718157632100137,0
real_20260703_135250_rm00_0260_02_cluster029_full_refined_from_voxel005_medium,real_previous_registration,394,75,0.1832624404781405,0.0649366019397557,0.974872286049155,129.98464835146373,1.0414506395449863,0,0.02635395103219579,1
real_20260703_135250_rm00_0260_02_cluster029_full_refined_from_voxel005_medium,real_previous_registration,395,410,0.016246339884927054,0.012754121139047303,0.985794214422064,106.12581281566,0.1805838078194195,1,0.11613273284225557,0
real_20260703_135250_rm00_0260_02_cluster029_full_refined_from_voxel005_medium,real_previous_registration,396,340,0.05898914235842684,0.025408932927618724,0.8241360499339019,119.037711916708,-0.7055687514857575,0,0.09262299097829413,1
real_20260703_135250_rm00_0260_02_cluster029_full_refined_from_voxel005_medium,real_previous_registration,397,201,0.2342695276942687,0.1051066025778565,0.2550739667342059,112.73078917456507,0.049480004789662274,0,0.14538807751350127,0
real_20260703_135250_rm00_0260_02_cluster029_full_refined_from_voxel005_medium,real_previous_registration,398,101,0.03421507569865219,0.017054461689030916,0.8448454837006036,103.43767331552934,1.381651901463644,0,0.1812092479159665,0
real_20260703_135250_rm00_0260_02_cluster029_full_refined_from_voxel005_medium,real_previous_registration,399,106,0.0252424381929257,0.024252305596569667,0.8768555736987163,91.30054761390112,0.16251881920373223,1,0.12840624669081244,0
real_20260703_135250_rm00_0260_02_cluster029_full_refined_from_voxel005_medium,real_previous_registration,400,187,0.06477937491484964,0.013481746922967237,0.9947236818151803,90.13073950411733,0.8881186287187856,0,0.11630001567418753,0
real_20260703_135250_rm00_0260_02_cluster029_full_refined_from_voxel005_medium,real_previous_registration,401,269,0.06440058961221524,0.015441770509793364,0.881359614019874,156.6120686413601,0.4238135270806317,0,0.07088303884935125,1
real_20260703_135250_rm00_0260_02_cluster029_full_refined_from_voxel005_medium,real_previous_registration,402,457,0.03206669100532692,0.0006119200788799026,0.9707363265843579,127.673859251787,0.08237093753183221,0,0.09412456277673034,1
real_20260703_135250_rm00_0260_02_cluster029_full_refined_from_voxel005_medium,real_previous_registration,403,27,0.0841923573720213,0.07278912630529104,0.17688226067952317,59.19941707043191,0.011834447142810277,0,0.1602738723044928,0
real_20260703_135250_rm00_0260_02_cluster029_full_refined_from_voxel005_medium,real_previous_registration,404,75,0.12461368062562905,0.032753862883221296,0.9988102549110014,117.21708010583745,1.5404411123876462,0,0.14394343101415757,0
real_20260703_135250_rm00_0260_02_cluster029_full_refined_from_voxel005_medium,real_previous_registration,405,414,0.19457307873420612,0.12786205172115866,0.02352225490029841,182.20282495042866,0.22314323881464915,0,0.17297765663718853,0
real_20260703_135250_rm00_0260_02_cluster029_full_refined_from_voxel005_medium,real_previous_registration,406,391,0.08909878647123919,0.027642826663744534,0.9638050662812832,91.46413184142516,0.303185850334455,0,0.11679719586629439,0
real_20260703_135250_rm00_0260_02_cluster029_full_refined_from_voxel005_medium,real_previous_registration,407,488,0.07296853023142318,0.05263678923487441,0.13728624882302498,153.4217308208055,-0.346624294232704,0,0.12376499152447563,0
real_20260703_135250_rm00_0260_02_cluster029_full_refined_from_voxel005_medium,real_previous_registration,408,107,0.01931564339320782,0.006957903832412592,0.9795550578455743,102.83379401618026,0.2639651833349655,1,0.1133925948407631,0
real_20260703_135250_rm00_0260_02_cluster029_full_refined_from_voxel005_medium,real_previous_registration,409,330,0.04720141251185299,0.03917430377285888,0.979712513921302,89.74313454607639,0.7621390996671912,0,0.12124768887937545,0
real_20260703_135250_rm00_0260_02_cluster029_full_refined_from_voxel005_medium,real_previous_registration,410,41,0.30231851851846836,0.1394523422607993,0.40464258425273436,112.5836723551004,1.3682731932855143,0,0.16913515044161212,0
real_20260703_135250_rm00_0260_02_cluster029_full_refined_from_voxel005_medium,real_previous_registration,411,422,0.05384497120050261,0.0054881333286005566,0.9987016811151509,153.37527031989524,1.0861879283951932,0,0.1503251467522747,0
real_20260703_135250_rm00_0260_02_cluster029_full_refined_from_voxel005_medium,real_previous_registration,412,414,0.1850375085540716,0.12142556506838767,0.02293457682006672,177.84744795217182,0.1805836787436099,0,0.13787551004195805,0
real_20260703_135250_rm00_0260_02_cluster029_full_refined_from_voxel005_medium,real_previous_registration,413,198,0.22980284728144235,0.22630433170501946,0.07911971225279057,128.37730214251584,1.957739239074399,0,0.10885161567970197,0
real_20260703_135250_rm00_0260_02_cluster029_full_refined_from_voxel005_medium,real_previous_registration,414,36,0.1104481273493952,0.06806199394314427,0.9823055000646332,94.50078011569974,-0.287681655785722,0,0.10963996317147298,0
real_20260703_135250_rm00_0260_02_cluster029_full_refined_from_voxel005_medium,real_previous_registration,415,12,0.11911620087598493,0.10245721612346924,0.9915558083805184,90.97332684444918,0.42381376697893247,0,0.10515898308462557,0
real_20260703_135250_rm00_0260_02_cluster029_full_refined_from_voxel005_medium,real_previous_registration,416,24,0.07957218600157363,0.025772680582733194,0.9844395839053244,149.11141693724286,0.7985061684430708,0,0.13828558239209593,0
real_20260703_135250_rm00_0260_02_cluster029_full_refined_from_voxel005_medium,real_previous_registration,417,269,0.2500967625618542,0.06765220065712663,0.21200633476588732,145.72536597072576,-0.10227862476193632,0,0.2283693777821542,0
real_20260703_135250_rm00_0260_02_cluster029_full_refined_from_voxel005_medium,real_previous_registration,418,160,0.03605259736249632,0.001362003219275646,0.7132475659781792,123.06406556214671,0.08004264357102372,0,0.12781145930580634,0
real_20260703_135250_rm00_0260_02_cluster029_full_refined_from_voxel005_medium,real_previous_registration,419,193,0.13757015526267824,0.11075109459843085,0.5213680641956132,133.6133338745515,2.9957085238657046,0,0.26403041061973753,0
real_20260703_135250_rm00_0260_02_cluster029_full_refined_from_voxel005_medium,real_previous_registration,420,37,0.1280258705732723,0.1036467339370673,0.9009027396096785,73.56800357999911,0.3166692101658766,0,0.10504348990628251,0
real_20260703_135250_rm00_0260_02_cluster029_full_refined_from_voxel005_medium,real_previous_registration,421,382,0.10757983845623274,0.031033189651393213,0.9823501623214976,175.0376291398074,0.1149298622784676,0,0.014780647285360424,1
real_20260703_135250_rm00_0260_02_cluster029_full_refined_from_voxel005_medium,real_previous_registration,422,235,0.2187134267713203,0.18474714165315778,0.12696132079534334,99.22301413320073,1.4271131889816595,0,0.09583396516090903,1
real_20260703_135250_rm00_0260_02_cluster029_full_refined_from_voxel005_medium,real_previous_registration,423,21,0.20290810336359041,0.03228532824995617,0.943942833651883,128.12939818459068,1.4916516476192911,0,0.12512395402524779,0
real_20260703_135250_rm00_0260_02_cluster029_full_refined_from_voxel005_medium,real_previous_registration,424,22,0.07259680075368236,0.06684424443283594,0.8763981511014837,64.31034525557088,-0.6010313495473799,0,0.09374195685163478,1
real_20260703_135250_rm00_0260_02_cluster029_full_refined_from_voxel005_medium,real_previous_registration,425,193,0.32189170817717255,0.2864947043517583,0.986637627207295,180.2101196816417,2.1202415365080856,0,0.16714770861942077,0
real_20260703_135250_rm00_0260_02_cluster029_full_refined_from_voxel005_medium,real_previous_registration,426,306,0.050625246374801855,0.04933749989555003,0.3402464856188346,52.93582233828761,0.45953186885259373,0,0.1375492721191687,0
real_20260703_135250_rm00_0260_02_cluster029_full_refined_from_voxel005_medium,real_previous_registration,427,101,0.12037881551074694,0.049038054447383767,0.8305676292907592,81.00573794108082,1.1468124950646197,0,0.09763192610362695,1
real_20260703_135250_rm00_0260_02_cluster029_full_refined_from_voxel005_medium,real_previous_registration,428,58,0.03383157916275647,0.010678896852507619,0.4116044100598831,61.610020360763976,-0.2876817946742731,1,0.13369999373301064,0
real_20260703_135250_rm00_0260_02_cluster029_full_refined_from_voxel005_medium,real_previous_registration,429,331,0.050345055158824946,0.024230078128166608,0.9120248584980578,132.67917027563786,0.5978359780301492,0,0.154535664011475,0
real_20260703_135250_rm00_0260_02_cluster029_full_refined_from_voxel005_medium,real_previous_registration,430,377,0.04186974826610106,0.04002732929483031,0.22813693609191565,137.12859762147312,-0.03203933174588883,0,0.09660091969351374,1
real_20260703_135250_rm00_0260_02_cluster029_full_refined_from_voxel005_medium,real_previous_registration,431,51,0.137242153929057,0.027847128600920982,0.9973794725923837,168.71074064254873,1.05443926032252,0,0.037624438781358384,1
real_20260703_135250_rm00_0260_02_cluster029_full_refined_from_voxel005_medium,real_previous_registration,432,1,0.05914443292624042,0.02689398591665561,0.1605963385971896,78.89410593452173,0.584932744272636,0,0.19131590589992242,0
real_20260703_135250_rm00_0260_02_cluster029_full_refined_from_voxel005_medium,real_previous_registration,433,444,0.04386500973828207,0.016977720629431182,0.9030653180918342,108.53389786667017,0.4054645525533805,0,0.10831922990872579,0
real_20260703_135250_rm00_0260_02_cluster029_full_refined_from_voxel005_medium,real_previous_registration,434,51,0.27191434885202237,0.1225473526681939,0.4048246866003139,164.6712663273863,1.0216494697575615,0,0.15278833144586962,0
real_20260703_135250_rm00_0260_02_cluster029_full_refined_from_voxel005_medium,real_previous_registration,435,107,0.053370512843039807,0.006974693271582176,0.9783593269160569,108.92920208554453,0.34092613558230767,0,0.14224324421849374,0
real_20260703_135250_rm00_0260_02_cluster029_full_refined_from_voxel005_medium,real_previous_registration,436,24,0.06389683822199842,0.033037245821653356,0.984439410761518,156.85610824144086,0.8785487799628767,0,0.09368101448618156,1
real_20260703_135250_rm00_0260_02_cluster029_full_refined_from_voxel005_medium,real_previous_registration,437,269,0.13206114345027906,0.02388078132080441,0.7194284673930994,163.52649234493393,0.7985065503861689,0,0.038450908359211736,1
real_20260703_135250_rm00_0260_02_cluster029_full_refined_from_voxel005_medium,real_previous_registration,438,350,0.04322400687667463,0.004504335230463464,0.2324341622783675,103.83838754215955,-0.015267460475785649,0,0.11225890971320354,0
real_20260703_135250_rm00_0260_02_cluster029_full_refined_from_voxel005_medium,real_previous_registration,439,269,0.1852431671615919,0.1232672417306365,0.0012331388765597917,153.14543383304508,0.27721026819944433,0,0.1505544789116702,0
real_20260703_135250_rm00_0260_02_cluster029_full_refined_from_voxel005_medium,real_previous_registration,440,382,0.22951784975757802,0.013143226194674826,0.2500534023610483,184.45129102663606,-0.03922067469178065,0,0.13468952355751465,0
real_20260703_135250_rm00_0260_02_cluster029_full_refined_from_voxel005_medium,real_previous_registration,441,168,0.03852311382052418,9.903764614672961e-05,0.9265927851696434,121.02573861375609,-0.284103986127187,0,0.08278177756944123,1
real_20260703_135250_rm00_0260_02_cluster029_full_refined_from_voxel005_medium,real_previous_registration,442,114,0.03290360354487274,0.002974508776070945,0.987722298398841,117.56794439999206,-0.438254487383224,0,0.08863512696364659,1
real_20260703_135250_rm00_0260_02_cluster029_full_refined_from_voxel005_medium,real_previous_registration,443,41,0.341372651632147,0.2515877109789192,0.20000481922803207,111.51495399358863,1.0072602430046633,0,0.21338534370721665,0
real_20260703_135250_rm00_0260_02_cluster029_full_refined_from_voxel005_medium,real_previous_registration,444,23,0.04676558803418197,0.02193901609728948,0.976466299250919,92.56978487657035,0.9162893682399609,0,0.10469791091671533,0
real_20260703_135250_rm00_0260_02_cluster029_full_refined_from_voxel005_medium,real_previous_registration,445,234,0.03790152972841804,0.022349332047545238,0.9861585576519029,97.28133450332001,-0.3592519728870129,1,0.14253240227925612,0
real_20260703_135250_rm00_0260_02_cluster029_full_refined_from_voxel005_medium,real_previous_registration,446,24,0.040699734011097735,0.040198068473474395,0.985750418029041,150.92599326196734,0.9526566696991078,1,0.14289155259259761,0
real_20260703_135250_rm00_0260_02_cluster029_full_refined_from_voxel005_medium,real_previous_registration,447,71,0.06620460335488311,0.0607507558224337,0.7002710352230787,69.66396687059603,0.4716041875369154,0,0.168054625289054,0
real_20260703_135250_rm00_0260_02_cluster029_full_refined_from_voxel005_medium,real_previous_registration,448,21,0.02002470102252973,0.004758907947233535,0.9946920431940244,133.92388505492454,1.5224232778769804,1,0.14635474814868923,0
real_20260703_135250_rm00_0260_02_cluster029_full_refined_from_voxel005_medium,real_previous_registration,449,42,0.09624891067260126,0.0949189279389521,0.2989394294290917,74.31051022616633,0.7339683625811397,0,0.12547708176513847,0
real_20260703_135250_rm00_0260_02_cluster029_full_refined_from_voxel005_medium,real_previous_registration,450,444,0.15472462754252386,0.07973534354020184,0.3497260018602541,94.06945520347863,0.543614747665171,0,0.07389006721562014,1
real_20260703_135250_rm00_0260_02_cluster029_full_refined_from_voxel005_medium,real_previous_registration,451,272,0.023035079081296126,0.0022043552576795225,0.9993789811927903,159.33046053896953,0.10536039661034198,1,0.10395844109427771,0
real_20260703_135250_rm00_0260_02_cluster029_full_refined_from_voxel005_medium,real_previous_registration,452,235,0.15426602535591477,0.10885064136713446,0.4255863593640882,89.9462834117708,1.3217527844348271,0,0.08568436964540864,1
real_20260703_135250_rm00_0260_02_cluster029_full_refined_from_voxel005_medium,real_previous_registration,453,414,0.17027466933594337,0.09520257288107786,0.12904009142371825,178.93190715307014,0.303185850334455,0,0.1267542910207481,0
real_20260703_135250_rm00_0260_02_cluster029_full_refined_from_voxel005_medium,real_previous_registration,454,235,0.23735109734290336,0.1151183765733427,0.6186559112286326,103.36033314257426,0.7339670084202143,0,0.21674972756179323,0
real_20260703_135250_rm00_0260_02_cluster029_full_refined_from_voxel005_medium,real_previous_registration,455,34,0.060513790276259805,0.0014276800184386193,0.5529774406013012,68.12542459293851,-0.07312219188473827,1,0.13769826913424665,0
real_20260703_135250_rm00_0260_02_cluster029_full_refined_from_voxel005_medium,real_previous_registration,456,464,0.02713798665753099,0.0010252904588753252,0.9986397470945619,145.72714350034616,-0.346624294232704,0,0.08532183071212646,1
real_20260703_135250_rm00_0260_02_cluster029_full_refined_from_voxel005_medium,real_previous_registration,457,114,0.023033857304721152,9.804285819192161e-05,0.9564008016729081,118.42359772885281,-0.08994816076167532,1,0.10686753108894868,0
real_20260703_135250_rm00_0260_02_cluster029_full_refined_from_voxel005_medium,real_previous_registration,458,454,0.04784732040967809,0.013894495345496364,0.9476024134834913,119.8428992283588,0.9162894818759779,0,0.16236918640273132,0
real_20260703_135250_rm00_0260_02_cluster029_full_refined_from_voxel005_medium,real_previous_registration,459,217,0.08095477531898485,0.03963291981826633,0.40760569517775486,118.4984135967735,-0.12516294687588234,0,0.05626793870115006,1
real_20260703_135250_rm00_0260_02_cluster029_full_refined_from_voxel005_medium,real_previous_registration,460,207,0.17796163441869048,0.1747922426232432,0.6079051915424167,107.07690185778723,0.22314327353677932,0,0.12567069247171267,0
real_20260703_135250_rm00_0260_02_cluster029_full_refined_from_voxel005_medium,real_previous_registration,461,272,0.03963615394374063,0.0014858695765186379,0.9993553043141583,159.91680859446092,0.03125250687411082,0,0.12698168943222463,0
real_20260703_135250_rm00_0260_02_cluster029_full_refined_from_voxel005_medium,real_previous_registration,462,406,0.11797642861996502,0.11560716227179747,0.047782143358862134,108.07372408909386,-0.7830944589698471,0,0.20127281030330546,0
real_20260703_135250_rm00_0260_02_cluster029_full_refined_from_voxel005_medium,real_previous_registration,463,207,0.07682844672897,0.02824592544835294,0.47266700299396464,113.10926513218412,0.3612934686485698,0,0.10735653557127506,0
real_20260703_135250_rm00_0260_02_cluster029_full_refined_from_voxel005_medium,real_previous_registration,464,329,0.0315257749856557,0.01972880584442239,0.9820540577369128,143.14383609743624,-0.3746931653507195,1,0.08704440083150361,1
real_20260703_135250_rm00_0260_02_cluster029_full_refined_from_voxel005_medium,real_previous_registration,465,272,0.05216023447219979,0.0030618869386094013,0.9993388556319197,169.10552136080943,0.03125250687411082,0,0.09760612983206253,1
real_20260703_135250_rm00_0260_02_cluster029_full_refined_from_voxel005_medium,real_previous_registration,466,366,0.1406984526700904,0.02096908454715861,0.9540865136570962,184.4527772532263,0.23638856753810286,0,0.04357399837053241,1
real_20260703_135250_rm00_0260_02_cluster029_full_refined_from_voxel005_medium,real_previous_registration,467,41,0.31588729878863414,0.17192652760953192,0.06300724166476879,109.59700645545838,1.2390615871972357,0,0.18040316932689307,0
real_20260703_135250_rm00_0260_02_cluster029_full_refined_from_voxel005_medium,real_previous_registration,468,101,0.04389314881614659,0.03937616294348416,0.8578183184324405,90.43265070266636,1.3340238865072636,0,0.185850610327861,0
real_20260703_135250_rm00_0260_02_cluster029_full_refined_from_voxel005_medium,real_previous_registration,469,187,0.05561074925797462,0.010485476388443663,0.9820580313083599,76.96570869353198,0.9703566592866403,0,0.18452616351964174,0
real_20260703_135250_rm00_0260_02_cluster029_full_refined_from_voxel005_medium,real_previous_registration,470,255,0.03772050882148701,0.026819987833077305,0.7351866762106858,97.93450946339784,-0.2200616568568107,0,0.1487038698903532,0
real_20260703_135250_rm00_0260_02_cluster029_full_refined_from_voxel005_medium,real_previous_registration,471,193,0.11393769758426198,0.06457852203322861,0.3736879884355361,128.77402713678205,3.2188518251801956,0,0.24191692721186467,0
real_20260703_135250_rm00_0260_02_cluster029_full_refined_from_voxel005_medium,real_previous_registration,472,101,0.012777627430982045,0.004078503465474926,0.8556232794469444,99.29179288279515,1.3581214206647336,1,0.16069113196083917,0
real_20260703_135250_rm00_0260_02_cluster029_full_refined_from_voxel005_medium,real_previous_registration,473,475,0.2920154402386716,0.17988148820605146,0.4477896024298511,114.99366923115664,0.2595105605660119,0,0.19219294522880995,0
real_20260703_135250_rm00_0260_02_cluster029_full_refined_from_voxel005_medium,real_previous_registration,474,252,0.045521126116807246,0.03977829443126844,0.9913030549121682,129.2936053452479,-0.3101545646679056,0,0.08837939851257372,1
real_20260703_135250_rm00_0260_02_cluster029_full_refined_from_voxel005_medium,real_previous_registration,475,21,0.2626749990715547,0.040309577859898985,0.719677854284048,137.65288189053013,1.5522762142887174,0,0.14221654260367012,0
real_20260703_135250_rm00_0260_02_cluster029_full_refined_from_voxel005_medium,real_previous_registration,476,57,0.05340074666285588,0.011559285911493019,0.9806786084586216,123.68398479732319,0.7985065503861689,0,0.1779191155353463,0
real_20260703_135250_rm00_0260_02_cluster029_full_refined_from_voxel005_medium,real_previous_registration,477,36,0.11153280314133404,0.07088305836067044,0.9890576492963197,101.54886925248987,-0.23361452223460205,0,0.0683936010780902,1
real_20260703_135250_rm00_0260_02_cluster029_full_refined_from_voxel005_medium,real_previous_registration,478,51,0.09464378720314953,0.023148544410884504,0.9972911937924239,167.348785622726,0.987747952564604,0,0.06727000826320759,1
real_20260703_135250_rm00_0260_02_cluster029_full_refined_from_voxel005_medium,real_previous_registration,479,24,0.14601010236648948,0.02239485378617724,0.9931097978158933,150.5149880251357,1.05443926032252,0,0.07262471239050407,1
real_20260703_135250_rm00_0260_02_cluster029_full_refined_from_voxel005_medium,real_previous_registration,480,280,0.01260357691799482,0.0008179155238481749,0.9879095605371564,121.7673767096881,-0.11332857816424759,1,0.0960289985944287,1
real_20260703_135250_rm00_0260_02_cluster029_full_refined_from_voxel005_medium,real_previous_registration,481,193,0.316600256510448,0.2854893550988375,0.9876962653347999,170.22041390948667,2.3025625933034153,0,0.174068847330157,0
real_20260703_135250_rm00_0260_02_cluster029_full_refined_from_voxel005_medium,real_previous_registration,482,189,0.028812880049767703,0.0009052226572334333,0.7385087181052264,121.06153277214167,-0.7701071476235708,1,0.07604792373179797,1
real_20260703_135250_rm00_0260_02_cluster029_full_refined_from_voxel005_medium,real_previous_registration,483,295,0.21430882317764088,0.16986971620957664,0.38077237305908734,119.07273827191248,0.8162052808411006,0,0.08817325157440103,1
real_20260703_135250_rm00_0260_02_cluster029_full_refined_from_voxel005_medium,real_previous_registration,484,41,0.20942935880420568,0.07489271774647835,0.8290782362548021,130.54460181994443,1.3981261296972514,0,0.14415601940827047,0
real_20260703_135250_rm00_0260_02_cluster029_full_refined_from_voxel005_medium,real_previous_registration,485,160,0.05652129104092122,0.04462318849349924,0.7744803062263221,116.25091977936536,-0.2876817946742731,0,0.16942441065398073,0
real_20260703_135250_rm00_0260_02_cluster029_full_refined_from_voxel005_medium,real_previous_registration,486,51,0.31460219792856464,0.07806774320694707,0.2441471033362077,155.472248354702,0.987747952564604,0,0.17695185218067497,0
real_20260703_135250_rm00_0260_02_cluster029_full_refined_from_voxel005_medium,real_previous_registration,487,269,0.1552864759791704,0.006469439778514649,0.5633355446332111,172.1339992514077,0.5516467349543628,0,0.0787139861849627,1
real_20260703_135250_rm00_0260_02_cluster029_full_refined_from_voxel005_medium,real_previous_registration,488,201,0.19949623260848978,0.13813936069822677,0.06347919307435795,131.74090511300707,0.14791998062025155,0,0.13418563671234354,0
real_20260703_135250_rm00_0260_02_cluster029_full_refined_from_voxel005_medium,real_previous_registration,489,199,0.17661616635224034,0.13863888801347427,0.3770799693425864,100.21078580261235,0.25951087802515765,0,0.07309674120677805,1
real_20260703_135250_rm00_0260_02_cluster029_full_refined_from_voxel005_medium,real_previous_registration,490,198,0.20309178869829317,0.1761935957064016,0.06212577630371141,127.98267602585088,1.8325762137673411,0,0.12404952741163766,0
real_20260703_135250_rm00_0260_02_cluster029_full_refined_from_voxel005_medium,real_previous_registration,491,207,0.1544897578936056,0.112104789486483,0.1403251584255381,87.56185248057987,0.32850367808361153,0,0.061409299029790754,1
real_20260703_135250_rm00_0260_02_cluster029_full_refined_from_voxel005_medium,real_previous_registration,492,366,0.02134183772831929,0.009143781741510402,0.99633570558471,161.46877358855534,-0.10536040454683229,1,0.12190762446324238,0
real_20260703_135250_rm00_0260_02_cluster029_full_refined_from_voxel005_medium,real_previous_registration,493,405,0.03499305982523341,0.01673234999548314,0.9847048856382086,105.00035558980211,1.3093312922095612,1,0.17036011477436896,0
real_20260703_135250_rm00_0260_02_cluster029_full_refined_from_voxel005_medium,real_previous_registration,494,21,0.21815859498503748,0.035651240405512416,0.9564591641460807,136.31017875437863,1.4916516476192911,0,0.17645440257840914,0
real_20260703_135250_rm00_0260_02_cluster029_full_refined_from_voxel005_medium,real_previous_registration,495,207,0.02596446202046705,0.003903539656227032,0.5660839078532602,114.65358449484948,0.2946021608906539,1,0.10632350220996685,0
real_20260703_135250_rm00_0260_02_cluster029_full_refined_from_voxel005_medium,real_previous_registration,496,41,0.12148809744951541,0.0669109149762317,0.8729717079807622,145.227807163793,1.167602699843361,0,0.03787135172493995,1
real_20260703_135250_rm00_0260_02_cluster029_full_refined_from_voxel005_medium,real_previous_registration,497,193,0.3620062643601225,0.27995317309190304,0.989120050324551,175.5766308736648,2.382605108669722,0,0.2327603672386795,0
real_20260703_135250_rm00_0260_02_cluster029_full_refined_from_voxel005_medium,real_previous_registration,498,406,0.032374325207120025,0.027580086501851273,0.06034246421716091,102.70927271864856,0.12136076483843877,1,0.14908388637618156,0
real_20260703_135250_rm00_0260_02_cluster029_full_refined_from_voxel005_medium,real_previous_registration,499,294,0.11298103892841956,0.11054717313033188,0.9947956047400182,88.22766633459366,-0.18232127901660128,1,0.04927877745997021,1
real_20260703_135250_rm00_0260_02_cluster029_full_refined_from_voxel005_medium,real_previous_registration,500,31,0.22332013190007213,0.019892346818031995,0.13764627440665572,97.42399218717557,1.427111605658552,0,0.1228576521234039,0
real_20260703_135250_rm00_0260_02_cluster029_full_refined_from_voxel005_medium,real_previous_registration,501,51,0.2832429834067889,0.15647155402851076,0.1475528170576182,163.51956559508042,0.6649749543897375,0,0.18514097010403016,0
real_20260703_135250_rm00_0260_02_cluster029_full_refined_from_voxel005_medium,real_previous_registration,502,220,0.07354922745311968,0.03965955391478775,0.7131419765880569,57.734072274394826,0.05129322859816127,0,0.10182631894428655,0
real_20260703_135250_rm00_0260_02_cluster029_full_refined_from_voxel005_medium,real_previous_registration,503,335,0.03305127839797146,0.019149119985848975,0.9398493381624861,103.9448156206454,-0.01980259788445884,1,0.11785158200570936,0
real_20260703_135250_rm00_0260_02_cluster029_full_refined_from_voxel005_medium,real_previous_registration,504,202,0.1512764663408792,0.11942029834501128,0.7788553616831704,76.0367536953174,0.18540298828892662,0,0.10700929079258838,0
real_20260703_135250_rm00_0260_02_cluster029_full_refined_from_voxel005_medium,real_previous_registration,505,124,0.09221118024517393,0.007904399577654379,0.9739714051409145,107.76599179433505,0.2231433013144909,0,0.10389581347412875,0
real_20260703_135250_rm00_0260_02_cluster029_full_refined_from_voxel005_medium,real_previous_registration,506,480,0.052157835210880465,0.00034148434834132234,0.9707995017783032,119.00290693448362,1.0861879283951932,0,0.10163073262892625,0
real_20260703_135250_rm00_0260_02_cluster029_full_refined_from_voxel005_medium,real_previous_registration,507,490,0.031036969597089136,0.021768835262442623,0.9946953580032459,147.5837247610319,0.05251799666377425,1,0.1281685751910011,0
real_20260703_135250_rm00_0260_02_cluster029_full_refined_from_voxel005_medium,real_previous_registration,508,40,0.036924278697947344,0.007890157477101072,0.7473227220948587,68.46759647209325,0.054067177410662255,1,0.12986630321219395,0
real_20260703_135250_rm00_0260_02_cluster029_full_refined_from_voxel005_medium,real_previous_registration,509,426,0.026508301195114662,0.01774663563850222,0.7116523067032697,99.01138794420451,-0.4054647509656259,0,0.12900433913159567,0
real_20260703_135250_rm00_0260_02_cluster029_full_refined_from_voxel005_medium,real_previous_registration,510,214,0.031178922651065925,0.019043476284690695,0.9303826953511727,140.8442567424718,-0.10536040454683229,1,0.09517082748049066,1
real_20260703_135250_rm00_0260_02_cluster029_full_refined_from_voxel005_medium,real_previous_registration,511,281,0.029484819726134797,0.018948555189608845,0.9590138408270047,94.7483651415223,-0.1823214179051719,1,0.1114082354991704,0
real_20260703_135250_rm00_0260_02_cluster029_full_refined_from_voxel005_medium,real_previous_registration,512,143,0.05700332459740747,0.047212155657499574,0.9529035064120452,55.83587359143038,0.0,0,0.08269651045570098,1
real_20260703_135250_rm00_0260_02_cluster029_full_refined_from_voxel005_medium,real_previous_registration,513,414,0.14161602727089972,0.015569306095966167,0.7517601967515635,198.26125310305804,0.571449565436198,0,0.047450889598794066,1
real_20260703_135250_rm00_0260_02_cluster029_full_refined_from_voxel005_medium,real_previous_registration,514,41,0.07267424881744781,0.01734197904811427,0.8708884846459354,142.2753436564565,1.2390615871972357,0,0.14423166686155262,0
real_20260703_135250_rm00_0260_02_cluster029_full_refined_from_voxel005_medium,real_previous_registration,515,366,0.13382089169810446,0.019001140528396063,0.9500464004246971,182.98680850913513,0.18232139012744064,0,0.06976808926462379,1
real_20260703_135250_rm00_0260_02_cluster029_full_refined_from_voxel005_medium,real_previous_registration,516,257,0.03401142454221692,0.004614373646299637,0.6501664495865911,135.3419678155402,-0.1823214285889169,0,0.1448816191959836,0
real_20260703_135250_rm00_0260_02_cluster029_full_refined_from_voxel005_medium,real_previous_registration,517,57,0.05217506867883847,0.02998337869014536,0.9700331689901488,136.04786996303415,0.6649752916900833,0,0.11396185474118087,0
real_20260703_135250_rm00_0260_02_cluster029_full_refined_from_voxel005_medium,real_previous_registration,518,317,0.025155515493468915,0.015474369632832056,0.981832417757457,111.79416417515225,-0.004640376326530294,1,0.11497027976706947,0
real_20260703_135250_rm00_0260_02_cluster029_full_refined_from_voxel005_medium,real_previous_registration,519,475,0.020275384024692526,0.019031266355954965,0.885775863989323,117.77465277589734,0.39304168533392986,1,0.1281212003205952,0
real_20260703_135250_rm00_0260_02_cluster029_full_refined_from_voxel005_medium,real_previous_registration,520,306,0.03677185015165026,0.019589297415920498,0.33371555815102116,57.67900864795188,0.0,0,0.16638292261199578,0
real_20260703_135250_rm00_0260_02_cluster029_full_refined_from_voxel005_medium,real_previous_registration,521,295,0.2407484029468388,0.21322723130779203,0.306411486223557,125.2646385874852,0.8674984962814042,0,0.1233654226371687,0
real_20260703_135250_rm00_0260_02_cluster029_full_refined_from_voxel005_medium,real_previous_registration,522,168,0.03196828680753872,0.022797914259467627,0.927357056539999,118.81388370070403,-0.284103986127187,1,0.14001070888622977,0
real_20260703_135250_rm00_0260_02_cluster029_full_refined_from_voxel005_medium,real_previous_registration,523,235,0.0928854694125908,0.070528062967853,0.616373040321037,97.14666171652595,1.1614103275961296,0,0.07239909225616721,1
real_20260703_135250_rm00_0260_02_cluster029_full_refined_from_voxel005_medium,real_previous_registration,524,444,0.021221615250982054,0.020835606421182828,0.9017952422573856,117.21723035893078,0.3285036003060383,1,0.11748367009294362,0
real_20260703_135250_rm00_0260_02_cluster029_full_refined_from_voxel005_medium,real_previous_registration,525,202,0.1319851942537457,0.09403159909816636,0.9986279955827336,83.74293826153948,0.2946021608906539,0,0.15475663036329473,0
real_20260703_135250_rm00_0260_02_cluster029_full_refined_from_voxel005_medium,real_previous_registration,526,372,0.02966833075881515,0.0186382400359481,0.9998042579801826,144.817687827639,-0.36464280803261256,1,0.0761203603072615,1
real_20260703_135250_rm00_0260_02_cluster029_full_refined_from_voxel005_medium,real_previous_registration,527,404,0.06075937746179569,0.017364288860780775,0.8916293458168221,247.50810483457633,-0.1823207234644407,1,0.06717890492828052,1
real_20260703_135250_rm00_0260_02_cluster029_full_refined_from_voxel005_medium,real_previous_registration,528,366,0.038085138080966814,0.013598152572065909,0.9962651794356092,171.96270531824825,-0.06899280005845385,0,0.08978718363912502,1
real_20260703_135250_rm00_0260_02_cluster029_full_refined_from_voxel005_medium,real_previous_registration,529,207,0.11902363681395761,0.08272421507562756,0.15026160209381312,107.10486224606775,0.4536667033906695,0,0.04316929123438836,1
real_20260703_135250_rm00_0260_02_cluster029_full_refined_from_voxel005_medium,real_previous_registration,530,41,0.3284076852325349,0.22043964388096626,0.024142792475255304,108.57550620125807,1.2039703043317396,0,0.1975267861662484,0
real_20260703_135250_rm00_0260_02_cluster029_full_refined_from_voxel005_medium,real_previous_registration,531,75,0.26729297835644866,0.08434129734053454,0.6725204683650764,127.09465693767564,1.6422237030110585,0,0.1354853796249373,0
real_20260703_135250_rm00_0260_02_cluster029_full_refined_from_voxel005_medium,real_previous_registration,532,426,0.032061534698076814,0.00510401672763734,0.5035121583505071,97.3233151818803,-0.12675160911412084,0,0.12928275684547014,0
real_20260703_135250_rm00_0260_02_cluster029_full_refined_from_voxel005_medium,real_previous_registration,533,193,0.3521404239115661,0.27939161492683173,0.9759047417397407,155.18628116144262,2.9531489637946655,0,0.255707231488998,0
real_20260703_135250_rm00_0260_02_cluster029_full_refined_from_voxel005_medium,real_previous_registration,534,21,0.1556711867281808,0.021414443781520087,0.9836060227359181,139.12699428459214,1.393211671788702,0,0.06894826178047028,1
real_20260703_135250_rm00_0260_02_cluster029_full_refined_from_voxel005_medium,real_previous_registration,535,185,0.02498933347085992,0.012653725885675005,0.9996097016822488,127.08154059018331,-0.10821351138020928,1,0.08610689277236623,1
real_20260703_135250_rm00_0260_02_cluster029_full_refined_from_voxel005_medium,real_previous_registration,536,41,0.31431867121477586,0.14030028801833153,0.04934935016913167,115.01846929477836,1.337501563027825,0,0.21732702257500797,0
real_20260703_135250_rm00_0260_02_cluster029_full_refined_from_voxel005_medium,real_previous_registration,537,57,0.06117910535462474,0.028383490011366145,0.9708914853131966,131.53439659151996,0.5908674019538522,0,0.09952618559126003,1
real_20260703_135250_rm00_0260_02_cluster029_full_refined_from_voxel005_medium,real_previous_registration,538,24,0.05450326846997394,0.03419924198260772,0.9853119412419459,144.94167586414065,0.987747952564604,0,0.1672755090506146,0
real_20260703_135250_rm00_0260_02_cluster029_full_refined_from_voxel005_medium,real_previous_registration,539,21,0.34163580313313274,0.17757854155432384,0.03250973069117308,123.45386696468854,1.0704386736138354,0,0.25089751019435563,0
real_20260703_135250_rm00_0260_02_cluster029_full_refined_from_voxel005_medium,real_previous_registration,540,41,0.20336480933373277,0.09229486689248459,0.7983622187981632,114.6808531662532,1.3057528949551518,0,0.09856337035716074,1
real_20260703_135250_rm00_0260_02_cluster029_full_refined_from_voxel005_medium,real_previous_registration,541,412,0.03495481394466552,0.026986233069173624,0.9721004004343565,97.95668034138487,0.144891245637349,1,0.13748635025865763,0
real_20260703_135250_rm00_0260_02_cluster029_full_refined_from_voxel005_medium,real_previous_registration,542,101,0.0957403313452861,0.07966432034567676,0.14321101014025525,90.12161946280492,1.4271142445326706,0,0.17709062107555695,0
real_20260703_135250_rm00_0260_02_cluster029_full_refined_from_voxel005_medium,real_previous_registration,543,143,0.02182537275857074,0.013531650729443687,0.9923999099836365,45.49144473899241,-0.21622290732039837,1,0.1334585437947175,0
real_20260703_135250_rm00_0260_02_cluster029_full_refined_from_voxel005_medium,real_previous_registration,544,370,0.024855936236505616,0.015605437271781316,0.743933372208251,115.46675598141637,-0.7036176827308136,1,0.07890274932779288,1
real_20260703_135250_rm00_0260_02_cluster029_full_refined_from_voxel005_medium,real_previous_registration,545,193,0.3424469277241535,0.28231207010114046,0.9890674816622226,179.76198908622848,2.456712915988646,0,0.2074280645074999,0
real_20260703_135250_rm00_0260_02_cluster029_full_refined_from_voxel005_medium,real_previous_registration,546,480,0.040416435548637414,0.010052058157893767,0.926596873049007,102.23141152064106,1.2039708598850023,0,0.16374864427099195,0
real_20260703_135250_rm00_0260_02_cluster029_full_refined_from_voxel005_medium,real_previous_registration,547,269,0.17823955963793658,0.0478635553114004,0.09448953607184715,150.2917064358503,0.4238135270806317,0,0.14814332440712602,0
real_20260703_135250_rm00_0260_02_cluster029_full_refined_from_voxel005_medium,real_previous_registration,548,51,0.25184988245116396,0.03585311486724905,0.9043390850072169,154.59534607158838,1.2313698115506129,0,0.11620733606852125,0
real_20260703_135250_rm00_0260_02_cluster029_full_refined_from_voxel005_medium,real_previous_registration,549,206,0.06212306263728682,0.05284715672438641,0.9930773576880638,86.23477767117568,1.0033006694720807,0,0.09233950470321625,1
real_20260703_135250_rm00_0260_02_cluster029_full_refined_from_voxel005_medium,real_previous_registration,550,20,0.057446225224165294,0.0013228166913770798,0.44806124619780957,67.5284804675529,0.1149298622784676,0,0.15801964284112283,0
real_20260703_135250_rm00_0260_02_cluster029_full_refined_from_voxel005_medium,real_previous_registration,551,429,0.03635110802260367,0.0019927301590910744,0.9784485359769358,114.5089100500235,-0.30368216034221385,0,0.11323746309197574,0
real_20260703_135250_rm00_0260_02_cluster029_full_refined_from_voxel005_medium,real_previous_registration,552,276,0.01853557504644519,0.007052143886486298,0.9621316787589527,133.5746388145374,-0.12169683387466276,1,0.09733957510931876,1
real_20260703_135250_rm00_0260_02_cluster029_full_refined_from_voxel005_medium,real_previous_registration,553,75,0.3029264580500146,0.08892860271755773,0.5020669595699859,119.7759869522603,1.4663332226514152,0,0.16958005079678656,0
real_20260703_135250_rm00_0260_02_cluster029_full_refined_from_voxel005_medium,real_previous_registration,554,398,0.17415045018911066,0.057880813126462344,0.18424061712536427,165.99572637812568,0.584932744272636,0,0.09919180427951203,1
real_20260703_135250_rm00_0260_02_cluster029_full_refined_from_voxel005_medium,real_previous_registration,555,43,0.11974801615521898,0.09726573991160306,0.09931331725889704,119.07244187748648,1.3581214206647336,0,0.21860900659807797,0
real_20260703_135250_rm00_0260_02_cluster029_full_refined_from_voxel005_medium,real_previous_registration,556,111,0.09061528755347625,0.028066258872877448,0.8809504770439802,107.97403894430167,0.16062302571135226,0,0.06941675321865749,1
real_20260703_135250_rm00_0260_02_cluster029_full_refined_from_voxel005_medium,real_previous_registration,557,51,0.23820699002567722,0.029110252692229572,0.6878507958613795,164.64424858321905,1.1758000067278098,0,0.11673848346351169,0
real_20260703_135250_rm00_0260_02_cluster029_full_refined_from_voxel005_medium,real_previous_registration,558,201,0.21263936074522063,0.16725421128767665,0.3427633927619873,118.62891959859613,-0.09893983481155452,0,0.162264512474027,0
real_20260703_135250_rm00_0260_02_cluster029_full_refined_from_voxel005_medium,real_previous_registration,559,196,0.014400149863051595,0.011635811802679495,0.999106232578152,150.1571195940868,-0.4054647509656259,1,0.11446248149855755,0
real_20260703_135250_rm00_0260_02_cluster029_full_refined_from_voxel005_medium,real_previous_registration,560,10,0.029041511636800372,0.014553007620341786,0.6945146415197393,114.76277911986678,0.6161848616487724,1,0.12027589618942144,0
real_20260703_135250_rm00_0260_02_cluster029_full_refined_from_voxel005_medium,real_previous_registration,561,197,0.03360392926032186,0.016605197913858186,0.9629707075166614,101.67994870661997,-0.013245217978096595,0,0.12774863054183203,0
real_20260703_135250_rm00_0260_02_cluster029_full_refined_from_voxel005_medium,real_previous_registration,562,18,0.06456988591184204,0.060256982594462154,0.9482453996413398,60.54907769556657,-0.09134966471673428,1,0.1044028087339433,0
real_20260703_135250_rm00_0260_02_cluster029_full_refined_from_voxel005_medium,real_previous_registration,563,199,0.08215001525040878,0.03324509534407728,0.41811660239537407,96.1518440361299,0.22314327353677932,0,0.04619987809037226,1
real_20260703_135250_rm00_0260_02_cluster029_full_refined_from_voxel005_medium,real_previous_registration,564,414,0.1498504064827028,0.004645418099138786,0.603279047863562,191.82157480967564,0.5108249987667718,0,0.05704581504449588,1
real_20260703_135250_rm00_0260_02_cluster029_full_refined_from_voxel005_medium,real_previous_registration,565,263,0.02522167427359366,0.014050345590024431,0.9840154679564911,117.38858947216141,0.02353048079891023,0,0.0846880000134856,1
real_20260703_135250_rm00_0260_02_cluster029_full_refined_from_voxel005_medium,real_previous_registration,566,162,0.0654392776203265,0.06381401797556774,0.365429506225093,70.96169223766834,0.664975494070461,0,0.14827056412080702,0
real_20260703_135250_rm00_0260_02_cluster029_full_refined_from_voxel005_medium,real_previous_registration,567,418,0.031138412931082084,0.010694255349287505,0.976683022444404,124.59173552523826,-0.4128448395891403,0,0.08893823744763855,1
real_20260703_135250_rm00_0260_02_cluster029_full_refined_from_voxel005_medium,real_previous_registration,568,51,0.2545611718727882,0.032073587118965206,0.7477529944024937,159.53893931459893,1.1758000067278098,0,0.12028739733039659,0
real_20260703_135250_rm00_0260_02_cluster029_full_refined_from_voxel005_medium,real_previous_registration,569,13,0.13397298477807412,0.11786579530886836,0.9985284574759213,91.18400239050997,0.08594227142997586,0,0.05101378733008641,1
real_20260703_135250_rm00_0260_02_cluster029_full_refined_from_voxel005_medium,real_previous_registration,570,21,0.2622174699745551,0.04282645468382691,0.7669316215737115,135.38116733826504,1.5522762142887174,0,0.16469407038941672,0
real_20260703_135250_rm00_0260_02_cluster029_full_refined_from_voxel005_medium,real_previous_registration,571,212,0.08841884251582041,0.025511302068261195,0.16517957607381523,131.62626222246539,-0.08053878759928933,0,0.20709876726384083,0
real_20260703_135250_rm00_0260_02_cluster029_full_refined_from_voxel005_medium,real_previous_registration,572,41,0.26822194746111805,0.09758919437724349,0.629939399748585,111.11491732081379,1.4552844945176342,0,0.18327248462357096,0
real_20260703_135250_rm00_0260_02_cluster029_full_refined_from_voxel005_medium,real_previous_registration,573,387,0.03296502390159676,0.029970431000998592,0.91490847349824,97.76173115556767,-0.1823214216589199,1,0.12515573858673487,0
real_20260703_135250_rm00_0260_02_cluster029_full_refined_from_voxel005_medium,real_previous_registration,574,414,0.1481511567714949,0.002966899931004831,0.6025475874871782,197.531908350411,0.4790763306940982,0,0.08190859833170262,1
real_20260703_135250_rm00_0260_02_cluster029_full_refined_from_voxel005_medium,real_previous_registration,575,475,0.2516147947485359,0.20208569857020603,0.30757410613482405,111.26401047378856,0.5648916462084687,0,0.18233065816559393,0
real_20260703_135250_rm00_0260_02_cluster029_full_refined_from_voxel005_medium,real_previous_registration,576,21,0.026798926272730905,0.0021116054280140755,0.9992557253567758,134.74998128918583,1.4271131889816595,0,0.16785160909375732,0
real_20260703_135250_rm00_0260_02_cluster029_full_refined_from_voxel005_medium,real_previous_registration,577,75,0.3137766291014691,0.09255409954950397,0.5050360360946875,111.34892931829957,1.3862906111316093,0,0.16404929152778927,0
real_20260703_135250_rm00_0260_02_cluster029_full_refined_from_voxel005_medium,real_previous_registration,578,199,0.13635520966838474,0.08093837611537251,0.009151157607003246,104.40983748417634,0.2946021608906539,0,0.020120196396723158,1
real_20260703_135250_rm00_0260_02_cluster029_full_refined_from_voxel005_medium,real_previous_registration,579,31,0.2682919882471849,0.16364547056473233,0.012627375588508072,132.85612617192115,0.7339659250952315,0,0.24808277046862118,0
real_20260703_135250_rm00_0260_02_cluster029_full_refined_from_voxel005_medium,real_previous_registration,580,51,0.2876640215192617,0.15877208488488712,0.12155137182804117,166.67025352021807,0.7559466083720315,0,0.1744983463480346,0
real_20260703_135250_rm00_0260_02_cluster029_full_refined_from_voxel005_medium,real_previous_registration,581,330,0.07182711263043921,0.054689928125762774,0.943269830213839,88.89102438100079,0.842181743238215,0,0.15710788527748631,0
real_20260703_135250_rm00_0260_02_cluster029_full_refined_from_voxel005_medium,real_previous_registration,582,269,0.03712949066808312,0.03313973867182544,0.9668421965317939,152.18006309853666,0.5108247904340465,0,0.08174013920524636,1
real_20260703_135250_rm00_0260_02_cluster029_full_refined_from_voxel005_medium,real_previous_registration,583,414,0.11426214216914427,0.011184926991201088,0.7626332516590627,193.03638717737678,0.571449565436198,0,0.023780654534400467,1
real_20260703_135250_rm00_0260_02_cluster029_full_refined_from_voxel005_medium,real_previous_registration,584,443,0.05495405410311017,0.040899228252730534,0.7589054537471793,97.89753021998264,1.1086611017966397,0,0.15734318469184022,0
real_20260703_135250_rm00_0260_02_cluster029_full_refined_from_voxel005_medium,real_previous_registration,585,444,0.03598375675743958,0.0005740138638571507,0.9017076656609863,112.85389882794514,0.3285036003060383,0,0.15521820610902387,0
real_20260703_135250_rm00_0260_02_cluster029_full_refined_from_voxel005_medium,real_previous_registration,586,41,0.3383003726364655,0.23759407281738049,0.23266236334935858,109.9317864114042,1.090641747596019,0,0.2245623195374707,0
real_20260703_135250_rm00_0260_02_cluster029_full_refined_from_voxel005_medium,real_previous_registration,587,350,0.018508514444650192,0.003986095056644178,0.11791280495464335,103.25865757669776,-0.041242926636147245,1,0.08854288999480006,1
real_20260703_135250_rm00_0260_02_cluster029_full_refined_from_voxel005_medium,real_previous_registration,588,235,0.1017451879769921,0.08467318658200255,0.5974216239810055,95.61168516289838,1.3217527844348271,0,0.03464761851148442,1
real_20260703_135250_rm00_0260_02_cluster029_full_refined_from_voxel005_medium,real_previous_registration,589,414,0.1288863582581491,0.0048813089260630604,0.7543956484544353,193.3740633289006,0.571449565436198,0,0.10712627153847579,0
real_20260703_135250_rm00_0260_02_cluster029_full_refined_from_voxel005_medium,real_previous_registration,590,339,0.022919371201754093,0.01890046629024672,0.9740680324282134,117.76842246621283,-0.7975063715607604,1,0.0783790229814924,1
real_20260703_135250_rm00_0260_02_cluster029_full_refined_from_voxel005_medium,real_previous_registration,591,450,0.1119651360829304,0.034732768050954224,0.8776235506335587,210.9930864461878,-0.1823207234644407,0,0.11544190514239258,0
real_20260703_135250_rm00_0260_02_cluster029_full_refined_from_voxel005_medium,real_previous_registration,592,366,0.08406022778782465,0.01581677416728678,0.9984328149084827,167.72150346828332,0.06453845863763169,0,0.02636420775335755,1
real_20260703_135250_rm00_0260_02_cluster029_full_refined_from_voxel005_medium,real_previous_registration,593,269,0.1669592816623348,0.0166194597483659,0.5210984882898849,161.2857866251022,0.7339680917485373,0,0.07276461097282907,1
real_20260703_135250_rm00_0260_02_cluster029_full_refined_from_voxel005_medium,real_previous_registration,594,282,0.04745222163767076,0.031442281256965965,0.1021724336917496,124.75906915879166,-1.0986089553458873,1,0.11790433467549703,0
real_20260703_135250_rm00_0260_02_cluster029_full_refined_from_voxel005_medium,real_previous_registration,595,247,0.10181146952746098,0.09539686616870274,0.12885495881713657,140.42948205608923,-0.41870999275320553,0,0.14167111782859254,0
real_20260703_135250_rm00_0260_02_cluster029_full_refined_from_voxel005_medium,real_previous_registration,596,31,0.21874903768743,0.01941101378184875,0.053043253160924814,106.76707128269385,1.3758183902182481,0,0.13839846251382537,0
real_20260703_135250_rm00_0260_02_cluster029_full_refined_from_voxel005_medium,real_previous_registration,597,262,0.06339231513490091,0.06217383767132802,0.9754249483616582,106.00730068252105,-0.8013599776552055,0,0.08577597893914887,1
real_20260703_135250_rm00_0260_02_cluster029_full_refined_from_voxel005_medium,real_previous_registration,598,199,0.19347800448379202,0.10747032791639634,0.15307707917554803,88.22846059707405,0.10536037676912076,0,0.07179421852919933,1
real_20260703_135250_rm00_0260_02_cluster029_full_refined_from_voxel005_medium,real_previous_registration,599,122,0.04110930058525982,0.016809758556343386,0.9401665046882483,76.91488197650045,0.6408780948333134,0,0.12237866765311015,0
real_20260703_135250_rm00_0260_02_cluster029_full_refined_from_voxel005_medium,real_previous_registration,600,75,0.09284996669218051,0.03228535165088221,0.9881638132232429,115.69101516201269,1.504073507899268,0,0.12873283633293445,0
real_20260703_135250_rm00_0260_02_cluster029_full_refined_from_voxel005_medium,real_previous_registration,601,400,0.008848215228759816,0.005276161822589465,0.5763038381630516,132.2535481039769,-0.0710958675042051,1,0.111888671799525,0
real_20260703_135250_rm00_0260_02_cluster029_full_refined_from_voxel005_medium,real_previous_registration,602,21,0.3080367011177071,0.0796885104762096,0.3692837390693483,116.74342378393851,1.4271131889816595,0,0.1976258730502011,0
real_20260703_135250_rm00_0260_02_cluster029_full_refined_from_voxel005_medium,real_previous_registration,603,107,0.02880170362877348,8.530597908045553e-05,0.9766283100637015,102.46164527753128,0.5415966290244608,0,0.15252641528183591,0
real_20260703_135250_rm00_0260_02_cluster029_full_refined_from_voxel005_medium,real_previous_registration,604,73,0.11292539728235092,0.08966717392526181,0.9712667255396782,85.19050361199504,0.48097209911965133,0,0.1425975820319324,0
real_20260703_135250_rm00_0260_02_cluster029_full_refined_from_voxel005_medium,real_previous_registration,605,247,0.06432861574058742,0.04984943612131281,0.15430084862756283,133.83732363508892,-0.035718058678650355,0,0.09178849206430101,1
real_20260703_135250_rm00_0260_02_cluster029_full_refined_from_voxel005_medium,real_previous_registration,606,41,0.2247060126924196,0.061461292030873166,0.7969061027291962,116.65342335055543,1.3682731932855143,0,0.1844670940809583,0
real_20260703_135250_rm00_0260_02_cluster029_full_refined_from_voxel005_medium,real_previous_registration,607,405,0.046632558720144913,0.04324717826784023,0.9857543937762621,97.39220356672264,1.1468124950646197,0,0.12628933961180186,0
real_20260703_135250_rm00_0260_02_cluster029_full_refined_from_voxel005_medium,real_previous_registration,608,51,0.14935307725459207,0.02662167655369295,0.9788450031113407,156.79537810379654,1.1169595586528824,0,0.034145424408493,1
real_20260703_135250_rm00_0260_02_cluster029_full_refined_from_voxel005_medium,real_previous_registration,609,292,0.019792690786408527,0.01263398338539258,0.8282284357805125,130.54770200038186,-0.21622290732039837,0,0.13165447461997348,0
real_20260703_135250_rm00_0260_02_cluster029_full_refined_from_voxel005_medium,real_previous_registration,610,245,0.034226349225218125,0.013167704841328853,0.9945292155478574,136.87231771718703,-0.3413859522352657,0,0.07737884193766116,1
real_20260703_135250_rm00_0260_02_cluster029_full_refined_from_voxel005_medium,real_previous_registration,611,235,0.2780337863953057,0.26970191212161765,0.45736034951611415,96.79976919928393,1.116958624313754,0,0.16850559039909244,0
real_20260703_135250_rm00_0260_02_cluster029_full_refined_from_voxel005_medium,real_previous_registration,612,71,0.04959011405393629,0.021439660884667547,0.6665896410848945,70.74671481223871,0.8903141118691928,0,0.1725314059718369,0
real_20260703_135250_rm00_0260_02_cluster029_full_refined_from_voxel005_medium,real_previous_registration,613,0,0.04382191533118375,0.021700709921110443,0.8847016969144911,76.23316155621652,0.6004370770993882,0,0.12113702125532726,0
real_20260703_135250_rm00_0260_02_cluster029_full_refined_from_voxel005_medium,real_previous_registration,614,101,0.08812148477806707,0.032271219361545575,0.8274421069803843,87.70722981949697,1.1758000067278098,0,0.08837410926951897,1
real_20260703_135250_rm00_0260_02_cluster029_full_refined_from_voxel005_medium,real_previous_registration,615,188,0.08129815480322536,0.05725446308354387,0.16075049797205973,131.1971098738809,0.06551455756798116,0,0.14691406379867983,0
real_20260703_135250_rm00_0260_02_cluster029_full_refined_from_voxel005_medium,real_previous_registration,616,433,0.014043124089969909,0.011134771755316679,0.9876203301684927,130.80875957444007,-0.004640376326530294,1,0.10768125608539926,0
real_20260703_135250_rm00_0260_02_cluster029_full_refined_from_voxel005_medium,real_previous_registration,617,371,0.005682724286405592,0.002371625067271206,0.9996248317074797,162.67607907882675,-0.05971916781206512,1,0.10601996052130272,0
real_20260703_135250_rm00_0260_02_cluster029_full_refined_from_voxel005_medium,real_previous_registration,618,412,0.04606523068753991,0.031231308226757456,0.9468306011796997,94.30809780006238,-0.03278979594129256,0,0.08915479864540478,1
real_20260703_135250_rm00_0260_02_cluster029_full_refined_from_voxel005_medium,real_previous_registration,619,19,0.10374951147505554,0.0018935761412379746,0.6820516872647522,94.83690893616982,-1.16314737231696,0,0.19984345280930904,0
real_20260703_135250_rm00_0260_02_cluster029_full_refined_from_voxel005_medium,real_previous_registration,620,142,0.03484081600032917,0.020814557042176517,0.37134224685365397,126.74596140163386,0.018349121833195082,1,0.09834576972644395,1
real_20260703_135250_rm00_0260_02_cluster029_full_refined_from_voxel005_medium,real_previous_registration,621,21,0.05951668692940732,0.0039880049852500515,0.9815466233039827,143.32336023404676,1.3581203889232059,0,0.13951975394185961,0
real_20260703_135250_rm00_0260_02_cluster029_full_refined_from_voxel005_medium,real_previous_registration,622,191,0.10549501910062489,0.08832562710550518,0.9486741857447705,84.0120074090112,0.16598481884742333,0,0.0857753635948031,1
real_20260703_135250_rm00_0260_02_cluster029_full_refined_from_voxel005_medium,real_previous_registration,623,316,0.01041633650500245,0.00983395886850576,0.9959786965232073,137.243849372451,-0.019802612590308376,1,0.10478949020064798,0
real_20260703_135250_rm00_0260_02_cluster029_full_refined_from_voxel005_medium,real_previous_registration,624,20,0.05474078390246256,0.03847211706395373,0.3687160337056873,59.58461706713018,0.025317783945851075,0,0.09370571592734762,1
real_20260703_135250_rm00_0260_02_cluster029_full_refined_from_voxel005_medium,real_previous_registration,625,184,0.02533868223698871,0.007996391717663181,0.8494798137664136,104.78251780251954,-0.24116186201185133,1,0.11666079796230637,0
real_20260703_135250_rm00_0260_02_cluster029_full_refined_from_voxel005_medium,real_previous_registration,626,303,0.03224277505879977,0.01346793433468267,0.9594818219131664,117.73172993193765,-0.29354696744614767,0,0.11898958278963563,0
real_20260703_135250_rm00_0260_02_cluster029_full_refined_from_voxel005_medium,real_previous_registration,627,207,0.17234462582061086,0.13974315618944025,0.49453601934836616,89.4079646098654,0.3930421367212433,0,0.12058154911549447,0
real_20260703_135250_rm00_0260_02_cluster029_full_refined_from_voxel005_medium,real_previous_registration,628,273,0.03402622071147465,0.027175587122237558,0.9988572347999035,159.66386000759564,-0.47858697948033896,1,0.10648374721439662,0
real_20260703_135250_rm00_0260_02_cluster029_full_refined_from_voxel005_medium,real_previous_registration,629,444,0.12309544579010444,0.06432894862867236,0.5402178559628704,113.71147788452912,0.5753634157378446,0,0.05041242808383762,1
real_20260703_135250_rm00_0260_02_cluster029_full_refined_from_voxel005_medium,real_previous_registration,630,39,0.13457531508724743,0.12945823166445855,0.9656177798100299,83.37198459332534,0.584932744272636,0,0.05101651293903431,1
real_20260703_135250_rm00_0260_02_cluster029_full_refined_from_voxel005_medium,real_previous_registration,631,302,0.06021989538589753,0.03652223723421501,0.7437879792038529,96.39751288806596,-0.346624294232704,1,0.09543401411287955,1
real_20260703_135250_rm00_0260_02_cluster029_full_refined_from_voxel005_medium,real_previous_registration,632,13,0.1495512255154851,0.11602848363890347,0.99761189737639,82.95551550815455,0.08594227142997586,0,0.04989800923686336,1
real_20260703_135250_rm00_0260_02_cluster029_full_refined_from_voxel005_medium,real_previous_registration,633,41,0.16026132432340695,0.07588508334577557,0.8752678515260441,138.5986140313186,1.1298624145955085,0,0.07132360323293976,1
real_20260703_135250_rm00_0260_02_cluster029_full_refined_from_voxel005_medium,real_previous_registration,634,21,0.0999692013569058,0.0093323866478296,0.9812368816110251,141.32310546360796,1.393211671788702,0,0.1846048144592398,0
real_20260703_135250_rm00_0260_02_cluster029_full_refined_from_voxel005_medium,real_previous_registration,635,227,0.043431756440753755,0.0110159900844,0.7349632389807526,91.32418999360785,-0.4946958515925188,1,0.07463704812356185,1
real_20260703_135250_rm00_0260_02_cluster029_full_refined_from_voxel005_medium,real_previous_registration,636,397,0.07874916169474248,0.006456234757311309,0.7873190687097715,140.2218381261825,0.29951622197585376,0,0.06377496300956084,1
real_20260703_135250_rm00_0260_02_cluster029_full_refined_from_voxel005_medium,real_previous_registration,637,124,0.04319620576013629,0.016340135078393693,0.9943988867024669,97.71975855701716,0.5355177180641927,0,0.12065018680564425,0
real_20260703_135250_rm00_0260_02_cluster029_full_refined_from_voxel005_medium,real_previous_registration,638,431,0.03303122244203463,0.019001167709408684,0.999639067372746,143.00159986285917,0.10536043990030501,0,0.10506238896943967,0
real_20260703_135250_rm00_0260_02_cluster029_full_refined_from_voxel005_medium,real_previous_registration,639,170,0.03490202922033801,0.022204293232331203,0.9915225344214385,124.11728155653235,-0.3115330113672078,1,0.09693740962920235,1
real_20260703_135250_rm00_0260_02_cluster029_full_refined_from_voxel005_medium,real_previous_registration,640,414,0.06159041477360423,0.021372392458388158,0.9495835162173919,173.30549731628423,0.5108249987667718,0,0.04514546654486839,1
real_20260703_135250_rm00_0260_02_cluster029_full_refined_from_voxel005_medium,real_previous_registration,641,81,0.07840028257666078,0.06618835044154739,0.9975474415375494,60.28821534004985,0.3901972688448585,0,0.07446755293063645,1
real_20260703_135250_rm00_0260_02_cluster029_full_refined_from_voxel005_medium,real_previous_registration,642,85,0.03739241523352166,0.03390150740824893,0.5348841916921322,79.29592546328696,0.27443652991265216,1,0.14766668523788318,0
real_20260703_135250_rm00_0260_02_cluster029_full_refined_from_voxel005_medium,real_previous_registration,643,26,0.11877650462044793,0.10472218158478341,0.9145234566206434,85.34079574424642,0.5108251475759679,0,0.054422424210815286,1
real_20260703_135250_rm00_0260_02_cluster029_full_refined_from_voxel005_medium,real_previous_registration,644,443,0.11468889338027627,0.10871338134062633,0.08443710471336147,103.34829075741145,1.1333536960943418,0,0.1785148424004099,0
real_20260703_135250_rm00_0260_02_cluster029_full_refined_from_voxel005_medium,real_previous_registration,645,51,0.05184201204256963,0.02059932043676245,0.9969303639280139,168.7924330074781,0.839328112963387,0,0.09338446349329384,1
real_20260703_135250_rm00_0260_02_cluster029_full_refined_from_voxel005_medium,real_previous_registration,646,24,0.20438888886019546,0.015441061710140605,0.9289414302979494,151.94431410152092,1.1468124950646197,0,0.10879320646673517,0
real_20260703_135250_rm00_0260_02_cluster029_full_refined_from_voxel005_medium,real_previous_registration,647,244,0.020246085034283223,0.016970012188867956,0.9883971960513821,119.26818543687777,-0.2876817946742731,1,0.1284153341612568,0
real_20260703_135250_rm00_0260_02_cluster029_full_refined_from_voxel005_medium,real_previous_registration,648,335,0.04798963185928707,0.03903860004807167,0.9367690693782609,115.35461700536182,0.1625187089098397,0,0.14253431713973805,0
real_20260703_135250_rm00_0260_02_cluster029_full_refined_from_voxel005_medium,real_previous_registration,649,41,0.1175269337869242,0.058093731401093876,0.8716004969662979,143.98589122553912,1.2039703043317396,0,0.07332154538193929,1
real_20260703_135250_rm00_0260_02_cluster029_full_refined_from_voxel005_medium,real_previous_registration,650,475,0.0951114912191561,0.05156261294350163,0.778984749750869,95.66190654055465,0.7114949050896562,0,0.06512861951995193,1
real_20260703_135250_rm00_0260_02_cluster029_full_refined_from_voxel005_medium,real_previous_registration,651,361,0.023518440504760013,0.011190361597567429,0.8401392678184588,135.78638899156556,-0.37903143954977764,1,0.10150269843552293,0
real_20260703_135250_rm00_0260_02_cluster029_full_refined_from_voxel005_medium,real_previous_registration,652,306,0.11879763986879856,0.11782866993593255,0.7354040388957633,77.33157128216178,0.606135235389046,0,0.11930792607023435,0
real_20260703_135250_rm00_0260_02_cluster029_full_refined_from_voxel005_medium,real_previous_registration,653,345,0.026676796589213316,0.021154390980706567,0.9010370622816528,103.75876292627012,-0.18232127901660128,1,0.07179512400726697,1
real_20260703_135250_rm00_0260_02_cluster029_full_refined_from_voxel005_medium,real_previous_registration,654,75,0.06699935288400649,0.03830166276801765,0.9724716871613774,127.53091227340188,1.34373105106057,0,0.09491421523215786,1
real_20260703_135250_rm00_0260_02_cluster029_full_refined_from_voxel005_medium,real_previous_registration,655,39,0.14697977272242913,0.12217377543326681,0.9722567635103891,93.86444790269978,0.08594227142997586,0,0.0634787940035393,1
real_20260703_135250_rm00_0260_02_cluster029_full_refined_from_voxel005_medium,real_previous_registration,656,330,0.054538116127768904,0.03266749313513671,0.9655920887066,89.71124074156664,0.9162896604469226,0,0.1395827430330643,0
real_20260703_135250_rm00_0260_02_cluster029_full_refined_from_voxel005_medium,real_previous_registration,657,325,0.043736903172242436,0.02882691212057113,0.9643682928927981,136.18620024694496,-0.23638860262576472,0,0.08501469904600441,1
real_20260703_135250_rm00_0260_02_cluster029_full_refined_from_voxel005_medium,real_previous_registration,658,382,0.19985468882241195,0.07338861304496502,0.3134700959724929,193.02012828160005,0.05608941420354014,0,0.13632268887168583,0
real_20260703_135250_rm00_0260_02_cluster029_full_refined_from_voxel005_medium,real_previous_registration,659,41,0.21170461081314182,0.10635517255346566,0.8011767104992373,115.90591221723761,1.3057528949551518,0,0.07844013959794575,1
real_20260703_135250_rm00_0260_02_cluster029_full_refined_from_voxel005_medium,real_previous_registration,660,75,0.1635985791757697,0.061198162172280225,0.9747535813428866,130.56692509588453,1.3862906111316093,0,0.05107404842265322,1
real_20260703_135250_rm00_0260_02_cluster029_full_refined_from_voxel005_medium,real_previous_registration,661,5,0.033756929425021655,0.004084975692982798,0.6240665892632936,54.360608143510355,0.1704996671012706,0,0.13015490625165926,0
real_20260703_135250_rm00_0260_02_cluster029_full_refined_from_voxel005_medium,real_previous_registration,662,368,0.038218169569501075,0.024175100838451515,0.9829794830598885,149.89766028806042,-0.5240703973000378,1,0.10042935451456295,0
real_20260703_135250_rm00_0260_02_cluster029_full_refined_from_voxel005_medium,real_previous_registration,663,21,0.1597447684107484,0.02457488815382593,0.9841887076496467,137.01961217200403,1.3217527844348271,0,0.10820036450434643,0
real_20260703_135250_rm00_0260_02_cluster029_full_refined_from_voxel005_medium,real_previous_registration,664,396,0.10815436150078148,0.10580511190010837,0.9928603101222717,94.15517566383686,-0.010471283419952926,1,0.05298093174263742,1
real_20260703_135250_rm00_0260_02_cluster029_full_refined_from_voxel005_medium,real_previous_registration,665,321,0.040932160898495044,0.029958311822541835,0.9588602082157206,139.03339456817992,-0.2089896509601543,0,0.08559134506694985,1
real_20260703_135250_rm00_0260_02_cluster029_full_refined_from_voxel005_medium,real_previous_registration,666,348,0.04026737682117452,0.03749474445647149,0.9994213509290192,152.1305560466956,-0.37647723510076186,1,0.10043943808313438,0
real_20260703_135250_rm00_0260_02_cluster029_full_refined_from_voxel005_medium,real_previous_registration,667,198,0.14595164549622652,0.14388600103762425,0.4399013267756906,117.76996420384825,2.014897603894782,0,0.08696801248132634,1
real_20260703_135250_rm00_0260_02_cluster029_full_refined_from_voxel005_medium,real_previous_registration,668,201,0.15117361655428033,0.03220914205745828,0.6354575721227858,137.25310825799986,0.3457455556810844,0,0.07015350258920912,1
real_20260703_135250_rm00_0260_02_cluster029_full_refined_from_voxel005_medium,real_previous_registration,669,274,0.028825340445258137,0.023758958734448454,0.9936518008547847,119.1818761788631,-0.3204715906155656,1,0.10508076845155091,0
real_20260703_135250_rm00_0260_02_cluster029_full_refined_from_voxel005_medium,real_previous_registration,670,187,0.021863072915805953,0.012022055541657268,0.918612209736682,81.16719469678934,1.0216499142005369,1,0.16099884142261553,0
real_20260703_135250_rm00_0260_02_cluster029_full_refined_from_voxel005_medium,real_previous_registration,671,294,0.12237631332265352,0.10767035099593664,0.9949724648654017,90.25596949555027,-0.2394795948175023,0,0.023375159433434052,1
real_20260703_135250_rm00_0260_02_cluster029_full_refined_from_voxel005_medium,real_previous_registration,672,447,0.03952117996265144,0.005102601097525783,0.9767231364881368,161.8838666141624,-0.18232140973525018,0,0.1376344988027955,0
real_20260703_135250_rm00_0260_02_cluster029_full_refined_from_voxel005_medium,real_previous_registration,673,162,0.05654404830425732,0.037725551168194024,0.8097869455118363,57.39825489134045,0.44183215704175893,1,0.17946955248926247,0
real_20260703_135250_rm00_0260_02_cluster029_full_refined_from_voxel005_medium,real_previous_registration,674,75,0.3250605659340251,0.12286056967972597,0.3253010426034844,120.55555144820757,1.3862906111316093,0,0.17330470097603415,0
real_20260703_135250_rm00_0260_02_cluster029_full_refined_from_voxel005_medium,real_previous_registration,675,73,0.09611283032071712,0.08061387733296685,0.967773317397344,85.12399236875966,0.3166692101658766,0,0.09903266676164708,1
real_20260703_135250_rm00_0260_02_cluster029_full_refined_from_voxel005_medium,real_previous_registration,676,201,0.06529175611495558,0.01976335806818994,0.8859327806598188,131.9640271224211,0.049480004789662274,0,0.0639549904678925,1
real_20260703_135250_rm00_0260_02_cluster029_full_refined_from_voxel005_medium,real_previous_registration,677,331,0.06774507754555038,0.011576943558394625,0.9380662823653633,130.19682441962226,0.7519864792861861,0,0.18909841412221481,0
real_20260703_135250_rm00_0260_02_cluster029_full_refined_from_voxel005_medium,real_previous_registration,678,101,0.06831748183629653,0.029962253951218674,0.8626876148211321,95.14584203216518,1.381651901463644,0,0.15408597273211325,0
real_20260703_135250_rm00_0260_02_cluster029_full_refined_from_voxel005_medium,real_previous_registration,679,193,0.36547121849408354,0.2812032465894941,0.9859864343443506,182.17748986897897,2.2155514435859187,0,0.22635203018620273,0
real_20260703_135250_rm00_0260_02_cluster029_full_refined_from_voxel005_medium,real_previous_registration,680,246,0.11666133017403098,0.114074192404877,0.04899626667203413,124.72600068434372,-0.9360922194659399,0,0.17901244451463075,0
real_20260703_135250_rm00_0260_02_cluster029_full_refined_from_voxel005_medium,real_previous_registration,681,162,0.06843651954145845,0.030211044446139736,0.1815688327525371,72.77574487555812,0.5108249571002128,0,0.19884929469890283,0
real_20260703_135250_rm00_0260_02_cluster029_full_refined_from_voxel005_medium,real_previous_registration,682,201,0.09938663280997308,0.0010731960946413974,0.81763518841721,117.6408992780391,0.14791998062025155,0,0.02273752819272473,1
real_20260703_135250_rm00_0260_02_cluster029_full_refined_from_voxel005_medium,real_previous_registration,683,71,0.04666011730486173,0.03938794218941818,0.7813250814348143,67.49431655900096,0.6539255443310898,1,0.1302992827922126,0
real_20260703_135250_rm00_0260_02_cluster029_full_refined_from_voxel005_medium,real_previous_registration,684,215,0.18284351554389014,0.12957730306120213,0.24423488572076224,112.23928878257269,1.0115993207721008,0,0.14498433689567433,0
real_20260703_135250_rm00_0260_02_cluster029_full_refined_from_voxel005_medium,real_previous_registration,685,488,0.11747078279212035,0.10073898923250632,0.27424005483059727,153.22643496865743,-0.9062392785978819,0,0.18820145555025528,0
real_20260703_135250_rm00_0260_02_cluster029_full_refined_from_voxel005_medium,real_previous_registration,686,51,0.2843068407834968,0.04055286891436827,0.858145894169892,174.10689163589677,1.2039708598850023,0,0.15286524070507806,0
real_20260703_135250_rm00_0260_02_cluster029_full_refined_from_voxel005_medium,real_previous_registration,687,480,0.009052096673592877,0.0014560857245774017,0.9227575378203067,104.85708961194149,1.2039708598850023,1,0.13573215061959854,0
real_20260703_135250_rm00_0260_02_cluster029_full_refined_from_voxel005_medium,real_previous_registration,688,124,0.031106276966198207,0.019005416982707773,0.9879266058228275,100.77898106856632,0.5108251237664905,0,0.11463282912491511,0
real_20260703_135250_rm00_0260_02_cluster029_full_refined_from_voxel005_medium,real_previous_registration,689,480,0.11793292441475778,0.012751592448463458,0.9803256975189357,129.64638956664876,0.9162890652107294,0,0.03188261847662074,1
real_20260703_135250_rm00_0260_02_cluster029_full_refined_from_voxel005_medium,real_previous_registration,690,21,0.3647021584416642,0.16347066433634183,0.09790210700950684,127.19835324938474,0.9162882318814467,0,0.20895752314319668,0
real_20260703_135250_rm00_0260_02_cluster029_full_refined_from_voxel005_medium,real_previous_registration,691,235,0.2781736728455845,0.14037848479212345,0.6773295365488471,108.79271798695378,0.590866472471186,0,0.24696237198467183,0
real_20260703_135250_rm00_0260_02_cluster029_full_refined_from_voxel005_medium,real_previous_registration,692,51,0.24708364791775206,0.06108898713505561,0.48642633562725623,153.41529003665,1.0861879283951932,0,0.142004315348806,0
real_20260703_135250_rm00_0260_02_cluster029_full_refined_from_voxel005_medium,real_previous_registration,693,215,0.13489369652395908,0.1079962517776366,0.6476653934951973,109.71717046957014,1.1260095736698312,0,0.10339871548902498,0
real_20260703_135250_rm00_0260_02_cluster029_full_refined_from_voxel005_medium,real_previous_registration,694,201,0.19337963919712237,0.08071497557278129,0.10412267903211109,107.93515644308414,0.20854454728967783,0,0.09216712772067119,1
real_20260703_135250_rm00_0260_02_cluster029_full_refined_from_voxel005_medium,real_previous_registration,695,27,0.06478326091854006,0.061643824496826025,0.28377892025903334,55.32332357527816,0.04082195880600061,0,0.12792950527911634,0
real_20260703_135250_rm00_0260_02_cluster029_full_refined_from_voxel005_medium,real_previous_registration,696,438,0.05615938543888897,0.043632637197172024,0.2108314952884201,151.8249100188469,-0.8754662373614893,0,0.09678511003249679,1
real_20260703_135250_rm00_0260_02_cluster029_full_refined_from_voxel005_medium,real_previous_registration,697,466,0.018047135906769134,0.0025055975900239364,0.9776994330619972,136.88954931842585,-0.3592519728870129,1,0.1182589915983246,0
real_20260703_135250_rm00_0260_02_cluster029_full_refined_from_voxel005_medium,real_previous_registration,698,5,0.03109646383417644,0.027850936715240686,0.13019643394316036,65.52597807189308,0.025317783945851075,1,0.16249496766952126,0
real_20260703_135250_rm00_0260_02_cluster029_full_refined_from_voxel005_medium,real_previous_registration,699,246,0.03874678498277281,0.026656813315299923,0.07050774515643221,120.9208721506457,0.07550749903224714,0,0.12232190141312381,0
real_20260703_135250_rm00_0260_02_cluster029_full_refined_from_voxel005_medium,real_previous_registration,700,51,0.16704536488103794,0.02939993385060121,0.9969841587779459,165.27172124290266,0.9526566696991078,0,0.10886319158970084,0
real_20260703_135250_rm00_0260_02_cluster029_full_refined_from_voxel005_medium,real_previous_registration,701,491,0.06054690182558654,0.054015949131745185,0.022018942801641503,225.91563468176565,-0.53899471502446,1,0.05110286017552303,1
real_20260703_135250_rm00_0260_02_cluster029_full_refined_from_voxel005_medium,real_previous_registration,702,23,0.06726249388053762,0.030176869112935132,0.8722562915587473,86.82604072429646,1.0833433130431045,0,0.18730922070599934,0
real_20260703_135250_rm00_0260_02_cluster029_full_refined_from_voxel005_medium,real_previous_registration,703,13,0.12461397948120603,0.12343139011926459,0.9972096105342488,89.5588238534286,-0.03922063623035529,0,0.09000298676680214,1
real_20260703_135250_rm00_0260_02_cluster029_full_refined_from_voxel005_medium,real_previous_registration,704,465,0.05281853625020441,0.04760690931680353,0.27604749751924174,150.45544349181796,-1.1267802688176283,1,0.06400893016031617,1
real_20260703_135250_rm00_0260_02_cluster029_full_refined_from_voxel005_medium,real_previous_registration,705,51,0.251517244758856,0.05785864862449414,0.49216453314010244,151.55181585537727,1.0216494697575615,0,0.17607019216820335,0
real_20260703_135250_rm00_0260_02_cluster029_full_refined_from_voxel005_medium,real_previous_registration,706,329,0.03240427645692826,0.012842878665616725,0.9843586518053196,146.36250805912937,-0.4054647956084086,0,0.10380109385624489,0
real_20260703_135250_rm00_0260_02_cluster029_full_refined_from_voxel005_medium,real_previous_registration,707,235,0.09888931070323712,0.07255958195841136,0.7158911391475429,110.79846067751616,1.3581203889232059,0,0.061415857306825354,1
real_20260703_135250_rm00_0260_02_cluster029_full_refined_from_voxel005_medium,real_previous_registration,708,75,0.0528784165696653,0.01836942497184101,0.9985024092315684,112.8877771501792,1.7917553025735409,0,0.17967084815411452,0
real_20260703_135250_rm00_0260_02_cluster029_full_refined_from_voxel005_medium,real_previous_registration,709,336,0.10661356950438709,0.10476152558104011,0.9245243236771995,91.50766010303181,-0.287681655785722,1,0.0766238795616214,1
real_20260703_135250_rm00_0260_02_cluster029_full_refined_from_voxel005_medium,real_previous_registration,710,262,0.08965902959572346,0.05825455998747867,0.9901249240860057,89.76011379870245,-0.8013599776552055,0,0.07529963928490789,1
real_20260703_135250_rm00_0260_02_cluster029_full_refined_from_voxel005_medium,real_previous_registration,711,269,0.11768142483299966,0.015202339214425393,0.6799158222350223,165.0241098884532,0.7000665745555795,0,0.03888481161156798,1
real_20260703_135250_rm00_0260_02_cluster029_full_refined_from_voxel005_medium,real_previous_registration,712,382,0.0326439387440596,0.03205653322226692,0.9968701704759146,160.35962061145935,-0.14458107923861294,1,0.11281433668250615,0
real_20260703_135250_rm00_0260_02_cluster029_full_refined_from_voxel005_medium,real_previous_registration,713,210,0.02734894427694265,0.0039631891645489125,0.9910326879676838,140.88245926842825,0.144891245637349,0,0.13006851471571124,0
real_20260703_135250_rm00_0260_02_cluster029_full_refined_from_voxel005_medium,real_previous_registration,714,382,0.15796012209749868,0.02879666660532531,0.8984905713909318,187.34145758665375,0.1431007154356601,0,0.04892817491575198,1
real_20260703_135250_rm00_0260_02_cluster029_full_refined_from_voxel005_medium,real_previous_registration,715,243,0.06721174771730085,0.05328809434873315,0.09160804915957602,170.93868519609006,-0.9555083681150103,1,0.0437673481669087,1
real_20260703_135250_rm00_0260_02_cluster029_full_refined_from_voxel005_medium,real_previous_registration,716,235,0.1907586521870268,0.13963187101043079,0.23273829912696242,105.23108462480894,1.3581203889232059,0,0.0861739709105376,1
real_20260703_135250_rm00_0260_02_cluster029_full_refined_from_voxel005_medium,real_previous_registration,717,57,0.07529121107687828,0.038163014058780316,0.9711092508292046,135.60463368816778,0.6286076872017049,0,0.06029875336317645,1
real_20260703_135250_rm00_0260_02_cluster029_full_refined_from_voxel005_medium,real_previous_registration,718,42,0.08080773550016411,0.07245092475048666,0.29563325747516855,77.81597324641344,0.7827584910363121,0,0.14165639416756634,0
real_20260703_135250_rm00_0260_02_cluster029_full_refined_from_voxel005_medium,real_previous_registration,719,41,0.03484378075402013,0.0010540968330895201,0.9426324591591888,115.85072762354767,1.4271136413604415,0,0.1747421148913693,0
real_20260703_135250_rm00_0260_02_cluster029_full_refined_from_voxel005_medium,real_previous_registration,720,198,0.23713118202996164,0.22983293754028955,0.2880140305525023,127.8098096920266,1.8325762137673411,0,0.13558387781225478,0
real_20260703_135250_rm00_0260_02_cluster029_full_refined_from_voxel005_medium,real_previous_registration,721,49,0.14277562315814896,0.1144442829808621,0.29056563186807616,102.96241192552326,-0.18232129363644078,0,0.041137792103603084,1
real_20260703_135250_rm00_0260_02_cluster029_full_refined_from_voxel005_medium,real_previous_registration,722,414,0.15459233791706883,0.03512753425509028,0.28205761307579824,177.1484833496993,0.4123850229361823,0,0.09169724273357892,1
real_20260703_135250_rm00_0260_02_cluster029_full_refined_from_voxel005_medium,real_previous_registration,723,21,0.3185732587206672,0.08289359683727768,0.3367920007717372,119.08148638095206,1.4271131889816595,0,0.2332672559363827,0
real_20260703_135250_rm00_0260_02_cluster029_full_refined_from_voxel005_medium,real_previous_registration,724,98,0.05034116795188898,0.029867094260707567,0.9982829717193396,86.04681619239244,0.1278332351463941,1,0.14248789619087535,0
real_20260703_135250_rm00_0260_02_cluster029_full_refined_from_voxel005_medium,real_previous_registration,725,41,0.018432187633899984,0.01827324423609422,0.9017969950675179,130.1966511973259,1.3057528949551518,1,0.13866167524404588,0
real_20260703_135250_rm00_0260_02_cluster029_full_refined_from_voxel005_medium,real_previous_registration,726,246,0.11412177139904603,0.11209024924096483,0.04832454515734097,123.42373485871272,-0.875467707943422,0,0.19014480733189273,0
real_20260703_135250_rm00_0260_02_cluster029_full_refined_from_voxel005_medium,real_previous_registration,727,199,0.20659300461423213,0.16889811288915146,0.5861243306795094,100.51889201410395,0.018349113415706088,0,0.12604652509109512,0
real_20260703_135250_rm00_0260_02_cluster029_full_refined_from_voxel005_medium,real_previous_registration,728,397,0.03697995391406358,0.03548009945180648,0.8872605002692268,129.25527180908387,-0.048790104645695026,0,0.1281096572074958,0
real_20260703_135250_rm00_0260_02_cluster029_full_refined_from_voxel005_medium,real_previous_registration,729,106,0.040336239911573556,0.039556272930666506,0.03164072218054846,113.16132472696182,0.0979803397328008,0,0.14645975157370658,0
real_20260703_135250_rm00_0260_02_cluster029_full_refined_from_voxel005_medium,real_previous_registration,730,386,0.10762175755366345,0.04839217988996666,0.9089824322396374,88.07454715393398,-0.010471283419952926,0,0.11745989575320381,0
real_20260703_135250_rm00_0260_02_cluster029_full_refined_from_voxel005_medium,real_previous_registration,731,199,0.0482439819690404,0.039467526856297036,0.5914933245856231,118.03896402070349,0.06280081669808149,0,0.13595130576879264,0
real_20260703_135250_rm00_0260_02_cluster029_full_refined_from_voxel005_medium,real_previous_registration,732,384,0.030856911549520864,0.008211194197057976,0.6383366170557042,101.87009920223517,0.04725284762973127,0,0.11650221112003342,0
real_20260703_135250_rm00_0260_02_cluster029_full_refined_from_voxel005_medium,real_previous_registration,733,184,0.035388375690773695,0.0024501941585054294,0.6300961506936139,113.16575457697802,-0.048790128455172464,0,0.09726905296004582,1
real_20260703_135250_rm00_0260_02_cluster029_full_refined_from_voxel005_medium,real_previous_registration,734,122,0.03651620868713613,0.02464054865110183,0.9240330989082184,71.3769742569496,0.5108250682110523,0,0.13480781804891692,0
real_20260703_135250_rm00_0260_02_cluster029_full_refined_from_voxel005_medium,real_previous_registration,735,42,0.04277705248786642,0.003258824076463055,0.8728583208578555,90.4110319688843,0.7339683625811397,0,0.12330419848698829,0
real_20260703_135250_rm00_0260_02_cluster029_full_refined_from_voxel005_medium,real_previous_registration,736,443,0.05865594868879269,0.009394599488044646,0.9063228329674514,112.49784364930505,1.0033006694720807,0,0.09827240149073295,1
real_20260703_135250_rm00_0260_02_cluster029_full_refined_from_voxel005_medium,real_previous_registration,737,216,0.03549685631967583,0.025720750409846636,0.8026590032601064,118.58256967636973,0.0972632306809686,0,0.08882339946856882,1
real_20260703_135250_rm00_0260_02_cluster029_full_refined_from_voxel005_medium,real_previous_registration,738,307,0.11695171581150213,0.09923978780513305,0.9536062004635288,122.04933538800962,0.39304168533392986,1,0.06438098203637976,1
real_20260703_135250_rm00_0260_02_cluster029_full_refined_from_voxel005_medium,real_previous_registration,739,269,0.23322380203952936,0.14579771153825702,0.249130441164029,156.529841709899,-0.10227862476193632,0,0.22976915316165852,0
real_20260703_135250_rm00_0260_02_cluster029_full_refined_from_voxel005_medium,real_previous_registration,740,438,0.048425254436869215,0.04704512116759492,0.2798422506652666,188.85625003793172,-1.0296162029063496,1,0.09730449077991958,1
real_20260703_135250_rm00_0260_02_cluster029_full_refined_from_voxel005_medium,real_previous_registration,741,437,0.010199425636681388,0.005614031417704196,0.561034190439712,107.36266002444599,-0.12675160911412084,1,0.1222017570830696,0
real_20260703_135250_rm00_0260_02_cluster029_full_refined_from_voxel005_medium,real_previous_registration,742,101,0.07165148932057876,0.03016708050958298,0.7464937873171125,69.40883544806404,1.284013503456026,0,0.21005441619760148,0
real_20260703_135250_rm00_0260_02_cluster029_full_refined_from_voxel005_medium,real_previous_registration,743,277,0.04619535176013309,0.03636233128130919,0.7046840304855173,116.22987785762956,-0.4128448395891403,0,0.14599040172642094,0
real_20260703_135250_rm00_0260_02_cluster029_full_refined_from_voxel005_medium,real_previous_registration,744,23,0.037908221004862686,0.03072518405047073,0.9435276367509943,89.49047724048803,1.0306996211376913,0,0.15448364452717817,0
real_20260703_135250_rm00_0260_02_cluster029_full_refined_from_voxel005_medium,real_previous_registration,745,481,0.03978373489685949,0.030874911589298056,0.9821487373424278,138.9479687398345,-0.532523586667259,0,0.09389291938238886,1
real_20260703_135250_rm00_0260_02_cluster029_full_refined_from_voxel005_medium,real_previous_registration,746,176,0.04094674244341754,0.024679683768385082,0.9768052828521119,113.32860579169044,-0.03203933174588883,0,0.13123199702378952,0
real_20260703_135250_rm00_0260_02_cluster029_full_refined_from_voxel005_medium,real_previous_registration,747,73,0.11614876432290579,0.06606977649037722,0.9555079096109277,95.9517523322124,-0.1823212626767834,0,0.11114574783772636,0
real_20260703_135250_rm00_0260_02_cluster029_full_refined_from_voxel005_medium,real_previous_registration,748,75,0.22338342361200972,0.07480433312076658,0.9017053097395563,114.87352906804553,1.34373105106057,0,0.06835956475092461,1
real_20260703_135250_rm00_0260_02_cluster029_full_refined_from_voxel005_medium,real_previous_registration,749,79,0.019183788113797007,0.0037792795819575065,0.6841298914116244,62.040502259813536,-0.6176389997102137,1,0.1224864226176587,0
real_20260703_135250_rm00_0260_02_cluster029_full_refined_from_voxel005_medium,real_previous_registration,750,21,0.33031245377950913,0.14257462026729645,0.21823921693201032,115.54917642519295,1.393211671788702,0,0.24009956739779384,0
real_20260703_135250_rm00_0260_02_cluster029_full_refined_from_voxel005_medium,real_previous_registration,751,414,0.03488337150523541,0.025686980019217657,0.9833030471722074,173.57806933396134,0.4462865401291401,1,0.1061915030822437,0
real_20260703_135250_rm00_0260_02_cluster029_full_refined_from_voxel005_medium,real_previous_registration,752,24,0.29954818952772144,0.12498935187189092,0.3174343237813317,142.95351998030202,0.7114949050896562,0,0.22923982202446713,0
real_20260703_135250_rm00_0260_02_cluster029_full_refined_from_voxel005_medium,real_previous_registration,753,187,0.06088691592446057,0.010161810988924198,0.9988541298116235,105.24120746522127,1.0463425084982392,0,0.18328630481231856,0
real_20260703_135250_rm00_0260_02_cluster029_full_refined_from_voxel005_medium,real_previous_registration,754,21,0.08605948532135779,0.0013680719111648558,0.9943685678742051,136.32782278589747,1.5522762142887174,0,0.20918787703402236,0
real_20260703_135250_rm00_0260_02_cluster029_full_refined_from_voxel005_medium,real_previous_registration,755,195,0.030852193621138297,0.006881709976234492,0.9284858386273853,77.5445978713016,-0.0822380418460334,1,0.09092342801023026,1
real_20260703_135250_rm00_0260_02_cluster029_full_refined_from_voxel005_medium,real_previous_registration,756,397,0.048092359544535154,0.01072013883907445,0.44903362155105664,148.04694989249123,0.207142987233754,0,0.08827517730605569,1
real_20260703_135250_rm00_0260_02_cluster029_full_refined_from_voxel005_medium,real_previous_registration,757,306,0.12026377418999434,0.06576758807930295,0.8014199788010088,59.655713623541025,0.4328636431075421,0,0.054942452716485304,1
real_20260703_135250_rm00_0260_02_cluster029_full_refined_from_voxel005_medium,real_previous_registration,758,233,0.04268134810267536,0.03332378736321823,0.9997453026985134,121.55557095558474,-0.5500458668342136,1,0.10020049110274235,0
real_20260703_135250_rm00_0260_02_cluster029_full_refined_from_voxel005_medium,real_previous_registration,759,269,0.11761347226812582,0.006770258243723584,0.6607227261647228,166.95894418878248,0.5908674019538522,0,0.06916771857405708,1
real_20260703_135250_rm00_0260_02_cluster029_full_refined_from_voxel005_medium,real_previous_registration,760,199,0.18658060678473148,0.17869165677232696,0.46210154093013484,106.68362089449845,0.25951087802515765,0,0.12886039668455898,0
real_20260703_135250_rm00_0260_02_cluster029_full_refined_from_voxel005_medium,real_previous_registration,761,186,0.033370044668888724,0.007165076889491757,0.8399972487535121,134.2074994986816,-0.07312219188473827,1,0.11617602835620588,0
real_20260703_135250_rm00_0260_02_cluster029_full_refined_from_voxel005_medium,real_previous_registration,762,277,0.02986023812678589,0.010687134904959922,0.4689634241743311,131.23467082996015,-0.04512040134384352,0,0.08358862483699676,1
real_20260703_135250_rm00_0260_02_cluster029_full_refined_from_voxel005_medium,real_previous_registration,763,269,0.2020128008955821,0.13458777509232156,0.08111918164771897,162.29181679770846,0.27721026819944433,0,0.1847496338418829,0
real_20260703_135250_rm00_0260_02_cluster029_full_refined_from_voxel005_medium,real_previous_registration,764,480,0.04727477270916714,4.999994847060523e-05,0.9162603072240879,100.81854271321062,1.2580380372956645,0,0.18351033234914715,0
real_20260703_135250_rm00_0260_02_cluster029_full_refined_from_voxel005_medium,real_previous_registration,765,307,0.12542299938533694,0.10256699085694893,0.9476066313496634,127.14835764786791,0.39304168533392986,0,0.025435057452586063,1
real_20260703_135250_rm00_0260_02_cluster029_full_refined_from_voxel005_medium,real_previous_registration,766,51,0.13822281767523267,0.026460821440820608,0.9839286688384314,166.04998419522755,1.1468124950646197,0,0.0677301662971109,1
real_20260703_135250_rm00_0260_02_cluster029_full_refined_from_voxel005_medium,real_previous_registration,767,123,0.040809314554578646,0.024695565868189696,0.7512728199957528,117.65753057307226,-0.03390151719295767,0,0.09107761859804074,1
real_20260703_135250_rm00_0260_02_cluster029_full_refined_from_voxel005_medium,real_previous_registration,768,414,0.1804270779336856,0.09722098297197096,0.2347967563691063,188.98636458460362,0.3772937400706861,0,0.1527621430200775,0
real_20260703_135250_rm00_0260_02_cluster029_full_refined_from_voxel005_medium,real_previous_registration,769,106,0.05480923021061424,0.028335179576504287,0.03503701057207584,106.43138338283364,0.14146542330376383,0,0.16260189648734208,0
real_20260703_135250_rm00_0260_02_cluster029_full_refined_from_voxel005_medium,real_previous_registration,770,194,0.02971434781994252,0.016959031337732855,0.9952312616672091,103.12179173633844,-0.5240703973000378,1,0.08539636656906005,1
real_20260703_135250_rm00_0260_02_cluster029_full_refined_from_voxel005_medium,real_previous_registration,771,398,0.18315997479260485,0.08812719754018922,0.06137627656516492,159.59818123168012,0.38822268294555984,0,0.11852024802557251,0
real_20260703_135250_rm00_0260_02_cluster029_full_refined_from_voxel005_medium,real_previous_registration,772,354,0.018031985665960475,0.017335430468558333,0.9911004136385012,98.87297973887534,0.35048269993901443,1,0.12700807592856747,0
real_20260703_135250_rm00_0260_02_cluster029_full_refined_from_voxel005_medium,real_previous_registration,773,201,0.19025306621754162,0.04964747691152423,0.23158789695437748,114.04446647867431,0.2931018637756712,0,0.10050169352001188,0
real_20260703_135250_rm00_0260_02_cluster029_full_refined_from_voxel005_medium,real_previous_registration,774,298,0.06554860936792398,0.056589174337590496,0.883008927564644,110.0934988808086,-0.6343060095420744,0,0.0488419216543757,1
real_20260703_135250_rm00_0260_02_cluster029_full_refined_from_voxel005_medium,real_previous_registration,775,455,0.03274997435361043,0.003561941610102028,0.9710183333252788,106.71400310394122,-0.015267454648290909,0,0.09536960644232897,1
real_20260703_135250_rm00_0260_02_cluster029_full_refined_from_voxel005_medium,real_previous_registration,776,198,0.18570633839002954,0.1827057240760599,0.1236974274263169,109.92025704556,1.927886302662662,0,0.08834054856023155,1
real_20260703_135250_rm00_0260_02_cluster029_full_refined_from_voxel005_medium,real_previous_registration,777,37,0.15464842233077636,0.07111707275321787,0.8643038499965949,87.46268392998184,-0.24294577419930136,0,0.15307630397551938,0
real_20260703_135250_rm00_0260_02_cluster029_full_refined_from_voxel005_medium,real_previous_registration,778,255,0.02699832149733358,0.008832637389369246,0.7376020536570524,113.91481418496716,0.105360423065315,0,0.1068500206637598,0
real_20260703_135250_rm00_0260_02_cluster029_full_refined_from_voxel005_medium,real_previous_registration,779,205,0.01916025508592605,0.0008234922620688721,0.6225455853675579,124.14707505416392,-0.07410791720870755,1,0.11279191788428482,0
real_20260703_135250_rm00_0260_02_cluster029_full_refined_from_voxel005_medium,real_previous_registration,780,31,0.24711849507331757,0.12908773494523013,0.012627375588508405,126.35717866374537,0.7339659250952315,0,0.21907553483771858,0
real_20260703_135250_rm00_0260_02_cluster029_full_refined_from_voxel005_medium,real_previous_registration,781,488,0.014428947030242927,0.010009543918794954,0.1416954515957538,148.9806644894104,0.034742922575451675,1,0.11572925116120715,0
real_20260703_135250_rm00_0260_02_cluster029_full_refined_from_voxel005_medium,real_previous_registration,782,233,0.04445762535548779,0.03508474049909196,0.9940323198146565,113.51070635901888,-0.4446854622873813,0,0.14265554945179376,0
real_20260703_135250_rm00_0260_02_cluster029_full_refined_from_voxel005_medium,real_previous_registration,783,191,0.1043487044743096,0.09374604890638158,0.9485646503190857,86.12689712343686,0.2231431346483244,1,0.04205297178907851,1
real_20260703_135250_rm00_0260_02_cluster029_full_refined_from_voxel005_medium,real_previous_registration,784,21,0.052219647371159104,0.005858518159968632,0.9814483343555805,140.36997285406574,1.3217527844348271,0,0.11190516361689906,0
real_20260703_135250_rm00_0260_02_cluster029_full_refined_from_voxel005_medium,real_previous_registration,785,382,0.2157585181722269,0.10100028912470926,0.08649979109300879,199.11305071709313,-0.18232136448646555,0,0.15191361584545707,0
real_20260703_135250_rm00_0260_02_cluster029_full_refined_from_voxel005_medium,real_previous_registration,786,153,0.0173084755044249,0.010788537245564032,0.4151058388595536,134.0633788932807,0.21072085538987395,1,0.11263514206955723,0
real_20260703_135250_rm00_0260_02_cluster029_full_refined_from_voxel005_medium,real_previous_registration,787,292,0.012930403841072018,0.008233690270207367,0.6338908337866409,124.71726296742274,0.0,1,0.11277595388886238,0
real_20260703_135250_rm00_0260_02_cluster029_full_refined_from_voxel005_medium,real_previous_registration,788,408,0.05116516477029382,0.03881428468157557,0.8130841774888626,114.49539335550674,-0.3829918987210825,0,0.15717768267667248,0
real_20260703_135250_rm00_0260_02_cluster029_full_refined_from_voxel005_medium,real_previous_registration,789,41,0.3118315734096762,0.1590153770826273,0.08421921308012897,111.36882049392693,1.3057528949551518,0,0.19094679700297076,0
real_20260703_135250_rm00_0260_02_cluster029_full_refined_from_voxel005_medium,real_previous_registration,790,488,0.07320579909864677,0.05405157618131602,0.11820959662830177,152.42657204956524,-0.3115330113672078,0,0.1566995915106331,0
real_20260703_135250_rm00_0260_02_cluster029_full_refined_from_voxel005_medium,real_previous_registration,791,45,0.14789974671196865,0.1328864948319328,0.815521321001619,75.35919622344055,0.5596147165089558,0,0.05048081501618885,1
real_20260703_135250_rm00_0260_02_cluster029_full_refined_from_voxel005_medium,real_previous_registration,792,21,0.17705730307197046,0.027616609805833376,0.9836226661540293,146.38883644806384,1.393211671788702,0,0.16475679652196595,0
real_20260703_135250_rm00_0260_02_cluster029_full_refined_from_voxel005_medium,real_previous_registration,793,57,0.11402912853686928,0.0477212209890929,0.9715784679183354,136.64918017417207,0.7339680917485373,0,0.029414305485981642,1
real_20260703_135250_rm00_0260_02_cluster029_full_refined_from_voxel005_medium,real_previous_registration,794,21,0.3197747802701539,0.13844924058623123,0.19864533929306954,127.89333001376752,1.3581203889232059,0,0.20489996511901126,0
real_20260703_135250_rm00_0260_02_cluster029_full_refined_from_voxel005_medium,real_previous_registration,795,42,0.024797460048991932,0.019099442684071957,0.8668875289401606,76.69381562270347,0.7086505738276044,1,0.13101936150435284,0
real_20260703_135250_rm00_0260_02_cluster029_full_refined_from_voxel005_medium,real_previous_registration,796,376,0.14611841470282677,0.1172542082192471,0.9351518164990467,90.62349509539304,-0.11778282732341898,0,0.13290770815119493,0
real_20260703_135250_rm00_0260_02_cluster029_full_refined_from_voxel005_medium,real_previous_registration,797,475,0.29587099585277504,0.24642601488886182,0.46527576539003324,121.00534204659908,0.1854027532470881,0,0.2336707746367678,0
real_20260703_135250_rm00_0260_02_cluster029_full_refined_from_voxel005_medium,real_previous_registration,798,480,0.08031524489041461,0.01319011134149024,0.973561854149816,116.12750197019055,1.1169595586528824,0,0.0727075066188725,1
real_20260703_135250_rm00_0260_02_cluster029_full_refined_from_voxel005_medium,real_previous_registration,799,73,0.09679833582643725,0.09629292022438501,0.9203479662805502,84.26997945521029,0.6980364269740322,0,0.10740234624861801,0
real_20260703_135250_rm00_0260_02_cluster029_full_refined_from_voxel005_medium,real_previous_registration,800,235,0.03534137609217039,0.023124021892172247,0.7089586724492947,105.908004064656,1.0704386736138354,0,0.11570475283535604,0
real_20260703_135250_rm00_0260_02_cluster029_full_refined_from_voxel005_medium,real_previous_registration,801,306,0.0178871142889954,0.011701076490298912,0.3269594152057137,57.846719019112314,0.08004261151980573,1,0.18393012727766173,0
real_20260703_135250_rm00_0260_02_cluster029_full_refined_from_voxel005_medium,real_previous_registration,802,41,0.11149261510545626,0.0003449019174743412,0.869218166457071,140.88732467112655,1.2390615871972357,0,0.19089794914130484,0
real_20260703_135250_rm00_0260_02_cluster029_full_refined_from_voxel005_medium,real_previous_registration,803,193,0.3648592455695881,0.2799658103754916,0.9923166684953239,161.93642361657524,2.6508685522790816,0,0.2543436085355671,0
real_20260703_135250_rm00_0260_02_cluster029_full_refined_from_voxel005_medium,real_previous_registration,804,350,0.022404821372334346,0.021634225461692212,0.23931997784035808,103.40924022674687,-0.1823214052789294,0,0.10739151515869459,0
real_20260703_135250_rm00_0260_02_cluster029_full_refined_from_voxel005_medium,real_previous_registration,805,41,0.3260258761353265,0.20674763659216272,0.027153437860770624,108.3197192857661,1.2729631043901934,0,0.20989480194484988,0
real_20260703_135250_rm00_0260_02_cluster029_full_refined_from_voxel005_medium,real_previous_registration,806,95,0.04627067447063976,0.04625572169429764,0.9681071480943408,98.99397320929795,1.1786532655752444,1,0.1272080185686633,0
real_20260703_135250_rm00_0260_02_cluster029_full_refined_from_voxel005_medium,real_previous_registration,807,21,0.20285233475522885,0.029779564359409077,0.9442955711232043,127.59180516401094,1.5224232778769804,0,0.09366786259566964,1
real_20260703_135250_rm00_0260_02_cluster029_full_refined_from_voxel005_medium,real_previous_registration,808,199,0.22932923256714235,0.16388601365485708,0.7483181232526466,104.6551442837941,0.06280081669808149,0,0.14848865310944306,0
real_20260703_135250_rm00_0260_02_cluster029_full_refined_from_voxel005_medium,real_previous_registration,809,350,0.04509991390967038,0.04246960542423385,0.6557691125521561,92.2819107022301,-0.3829918987210825,0,0.12262801796384575,0
real_20260703_135250_rm00_0260_02_cluster029_full_refined_from_voxel005_medium,real_previous_registration,810,447,0.0077784166429949635,0.0008432561642459031,0.9991346405269464,144.63692273446446,-0.307484435042308,1,0.09651055282352673,1
real_20260703_135250_rm00_0260_02_cluster029_full_refined_from_voxel005_medium,real_previous_registration,811,475,0.3060949129920258,0.22976454847061184,0.49794698730723347,136.42938029637554,0.10536023788078157,0,0.2353886071908959,0
real_20260703_135250_rm00_0260_02_cluster029_full_refined_from_voxel005_medium,real_previous_registration,812,219,0.04107593480325804,0.031316204191630594,0.9976483018815222,170.23787841749123,-0.2200616568568107,1,0.08021313949083606,1
real_20260703_135250_rm00_0260_02_cluster029_full_refined_from_voxel005_medium,real_previous_registration,813,122,0.012698286776710397,0.007906955806412288,0.9182445731603119,63.76805688015702,0.6161855005356113,1,0.14167880315045883,0
real_20260703_135250_rm00_0260_02_cluster029_full_refined_from_voxel005_medium,real_previous_registration,814,51,0.23217685458492238,0.02778354491008756,0.7336501002039584,160.50341396762323,1.0861879283951932,0,0.13013997777401196,0
real_20260703_135250_rm00_0260_02_cluster029_full_refined_from_voxel005_medium,real_previous_registration,815,41,0.3288875218372754,0.19357399033379302,0.01005696876909612,110.53699860287729,1.2729631043901934,0,0.22974544480417192,0
real_20260703_135250_rm00_0260_02_cluster029_full_refined_from_voxel005_medium,real_previous_registration,816,111,0.024093904645040007,0.0013611432762953802,0.9355398612950113,118.89929455113177,-0.015267454648290909,0,0.11599947763006635,0
real_20260703_135250_rm00_0260_02_cluster029_full_refined_from_voxel005_medium,real_previous_registration,817,294,0.11441783800084916,0.11294404265332608,0.9936912411233829,88.2555245853425,-0.3001041063400202,0,0.09036776930640333,1
real_20260703_135250_rm00_0260_02_cluster029_full_refined_from_voxel005_medium,real_previous_registration,818,111,0.04491342487642035,0.012995690269223863,0.9363136981634635,131.35810463071093,0.09393171795343642,0,0.09178151566873988,1
real_20260703_135250_rm00_0260_02_cluster029_full_refined_from_voxel005_medium,real_previous_registration,819,207,0.18370877257337864,0.17172222540968635,0.6135224304902822,88.68144606712409,0.25951087802515765,0,0.14678554869056523,0
real_20260703_135250_rm00_0260_02_cluster029_full_refined_from_voxel005_medium,real_previous_registration,820,33,0.04761873304922965,0.006767793106942551,0.9929486480954434,48.884448696669544,-0.044171176497167446,1,0.13015848192851445,0
real_20260703_135250_rm00_0260_02_cluster029_full_refined_from_voxel005_medium,real_previous_registration,821,414,0.17613231565778378,0.027235664680130743,0.3085806514943137,178.1547992982535,0.5108249987667718,0,0.08314213748158897,1
real_20260703_135250_rm00_0260_02_cluster029_full_refined_from_voxel005_medium,real_previous_registration,822,235,0.20170998875544968,0.15458245660558956,0.23669745818055615,76.8733870343057,1.2840124991869746,0,0.12091955848111363,0
real_20260703_135250_rm00_0260_02_cluster029_full_refined_from_voxel005_medium,real_previous_registration,823,451,0.03169492651412337,0.00934262191334602,0.9965355245453413,109.29899636702483,0.2921361966108613,0,0.0995474845008262,1
real_20260703_135250_rm00_0260_02_cluster029_full_refined_from_voxel005_medium,real_previous_registration,824,207,0.199506267332505,0.16887120781052717,0.5383201791471806,102.72427002622545,0.32850367808361153,0,0.17647771972327247,0
real_20260703_135250_rm00_0260_02_cluster029_full_refined_from_voxel005_medium,real_previous_registration,825,51,0.29293427956204643,0.06776629217259222,0.42209890948290635,155.4506718100421,1.1169595586528824,0,0.15340645074465667,0
real_20260703_135250_rm00_0260_02_cluster029_full_refined_from_voxel005_medium,real_previous_registration,826,75,0.2086622908727676,0.07133301398180499,0.9178504831441162,117.98578246531949,1.504073507899268,0,0.0816146305746691,1
real_20260703_135250_rm00_0260_02_cluster029_full_refined_from_voxel005_medium,real_previous_registration,827,51,0.2219461499389376,0.03382765860194748,0.8852981285790179,173.737935891885,1.2580380372956645,0,0.08518843207846775,1
real_20260703_135250_rm00_0260_02_cluster029_full_refined_from_voxel005_medium,real_previous_registration,828,235,0.17394759125196135,0.13650757159855478,0.35872309828312365,83.77992708782031,1.5224232778769804,0,0.04675904693093938,1
real_20260703_135250_rm00_0260_02_cluster029_full_refined_from_voxel005_medium,real_previous_registration,829,187,0.10166552284492152,0.07110318758577372,0.32618488584520927,81.2950676721822,1.0704400426557092,0,0.2019713580877765,0
real_20260703_135250_rm00_0260_02_cluster029_full_refined_from_voxel005_medium,real_previous_registration,830,263,0.029355790557613136,0.014173437801499347,0.8370505938111653,114.1974829293748,-0.048790128455172464,0,0.12244589328240411,0
real_20260703_135250_rm00_0260_02_cluster029_full_refined_from_voxel005_medium,real_previous_registration,831,43,0.04122617414678497,0.010807916852886755,0.9803063565786726,122.75772623945427,1.3581214206647336,0,0.1937058726938097,0
real_20260703_135250_rm00_0260_02_cluster029_full_refined_from_voxel005_medium,real_previous_registration,832,414,0.06405271920618723,0.017283829057334662,0.9485660171998205,175.50243499359635,0.5108249987667718,0,0.08193774610826367,1
real_20260703_135250_rm00_0260_02_cluster029_full_refined_from_voxel005_medium,real_previous_registration,833,36,0.0968324168236483,0.08419731477374326,0.9849881620153,84.55493546342555,0.2559330918794491,1,0.10388283891780706,0
real_20260703_135250_rm00_0260_02_cluster029_full_refined_from_voxel005_medium,real_previous_registration,834,450,0.15207747064391927,0.035882836480593684,0.6889184677732476,200.77941647258672,-0.1823207234644407,0,0.15708533574860403,0
real_20260703_135250_rm00_0260_02_cluster029_full_refined_from_voxel005_medium,real_previous_registration,835,346,0.03422478195045355,0.011175774173235935,0.8812453857036142,99.70544190830424,-1.1378309633638903,1,0.07977382743327939,1
real_20260703_135250_rm00_0260_02_cluster029_full_refined_from_voxel005_medium,real_previous_registration,836,46,0.03592678879581055,0.035057786665161766,0.45610717461126815,93.30274793862925,-0.10227873694105408,0,0.12383441534347857,0
real_20260703_135250_rm00_0260_02_cluster029_full_refined_from_voxel005_medium,real_previous_registration,837,181,0.03304952912923858,0.0013045366435440768,0.5089394641103202,114.3165541357784,0.20854454728967783,0,0.07762503350065436,1
real_20260703_135250_rm00_0260_02_cluster029_full_refined_from_voxel005_medium,real_previous_registration,838,378,0.042601518289370977,0.016862107258434393,0.9636632977860355,149.3801842886142,-0.2537802717341995,1,0.10467346437468504,0
real_20260703_135250_rm00_0260_02_cluster029_full_refined_from_voxel005_medium,real_previous_registration,839,386,0.09588301501683358,0.0787390036871468,0.9031713042731331,84.64223206942872,0.5108249987667718,1,0.05753813007891091,1
real_20260703_135250_rm00_0260_02_cluster029_full_refined_from_voxel005_medium,real_previous_registration,840,475,0.3128793442895976,0.2544309001582249,0.49794698730723297,140.5703898958941,0.10536023788078157,0,0.2509466047235404,0
real_20260703_135250_rm00_0260_02_cluster029_full_refined_from_voxel005_medium,real_previous_registration,841,51,0.11057602610995186,0.02561187322945263,0.9975324068845928,166.43914942675983,0.9162890652107294,0,0.029179723957705208,1
real_20260703_135250_rm00_0260_02_cluster029_full_refined_from_voxel005_medium,real_previous_registration,842,23,0.01815616885314435,0.008208028197637914,0.9803511840518084,85.48293228754042,1.1086611017966397,1,0.14828065085151074,0
real_20260703_135250_rm00_0260_02_cluster029_full_refined_from_voxel005_medium,real_previous_registration,843,51,0.35230033491327256,0.08223675431021928,0.2592008014176085,159.311415893161,0.9526566696991078,0,0.2132695565538128,0
real_20260703_135250_rm00_0260_02_cluster029_full_refined_from_voxel005_medium,real_previous_registration,844,181,0.027906787213541978,0.0024055979532939167,0.6652220162296432,109.32723294121206,0.2657029121100606,1,0.10570717570220485,0
real_20260703_135250_rm00_0260_02_cluster029_full_refined_from_voxel005_medium,real_previous_registration,845,37,0.14364482819297197,0.09495670726811997,0.8960689844297083,80.02519533971751,0.3166692101658766,0,0.14952841302238692,0
real_20260703_135250_rm00_0260_02_cluster029_full_refined_from_voxel005_medium,real_previous_registration,846,186,0.0339133069350637,0.0035004360320276193,0.7635453679942282,134.96831981962956,-0.07312219188473827,0,0.13744507069043288,0
real_20260703_135250_rm00_0260_02_cluster029_full_refined_from_voxel005_medium,real_previous_registration,847,143,0.051656959065468265,0.018816863742015886,0.8867078451482532,77.64320495509084,-0.36464274692161525,0,0.12275514446741911,0
real_20260703_135250_rm00_0260_02_cluster029_full_refined_from_voxel005_medium,real_previous_registration,848,40,0.04069020058330267,0.011273759784623333,0.6681386505350404,68.54433755068736,0.027398951665610446,0,0.10097663081082246,0
real_20260703_135250_rm00_0260_02_cluster029_full_refined_from_voxel005_medium,real_previous_registration,849,37,0.13736180566897857,0.0840360100210876,0.8640299306211179,88.56484814890746,-0.1823212626767834,0,0.11187522645020374,0
real_20260703_135250_rm00_0260_02_cluster029_full_refined_from_voxel005_medium,real_previous_registration,850,41,0.29763100831240336,0.12598382078045667,0.34381954675088067,113.93958710429604,1.337501563027825,0,0.18049764745381283,0
real_20260703_135250_rm00_0260_02_cluster029_full_refined_from_voxel005_medium,real_previous_registration,851,19,0.09084278728053873,0.011172399715184455,0.42192088580390213,69.74984683958314,-0.47000269174763987,1,0.19588538864816785,0
real_20260703_135250_rm00_0260_02_cluster029_full_refined_from_voxel005_medium,real_previous_registration,852,357,0.04169104106090197,0.024155536709333222,0.9342580063380591,120.23739244198116,-0.12825424049450965,0,0.11955951497674994,0
real_20260703_135250_rm00_0260_02_cluster029_full_refined_from_voxel005_medium,real_previous_registration,853,386,0.09923569581034697,0.07487198301673481,0.9139004875871882,81.59755933976457,0.5108249987667718,0,0.11482425244164143,0
real_20260703_135250_rm00_0260_02_cluster029_full_refined_from_voxel005_medium,real_previous_registration,854,202,0.11541383035783091,0.09568610432973676,0.9991972205601576,85.87778458449289,0.3612934686485698,0,0.11256663587430607,0
real_20260703_135250_rm00_0260_02_cluster029_full_refined_from_voxel005_medium,real_previous_registration,855,106,0.07907810140339645,0.0786175789962911,0.0802435371481297,117.97830501624458,-0.21217434614698724,0,0.16586827245608443,0
real_20260703_135250_rm00_0260_02_cluster029_full_refined_from_voxel005_medium,real_previous_registration,856,21,0.3065241753530373,0.048521970347280466,0.6215554663847157,117.94526971849575,1.4916516476192911,0,0.22871591072880726,0
real_20260703_135250_rm00_0260_02_cluster029_full_refined_from_voxel005_medium,real_previous_registration,857,198,0.2104024521837672,0.20249435530308524,0.03683468261188122,129.36026884682462,1.927886302662662,0,0.10242801580306764,0
real_20260703_135250_rm00_0260_02_cluster029_full_refined_from_voxel005_medium,real_previous_registration,858,206,0.039747081715522124,0.03096234380148516,0.9892285121449409,84.0868324934607,1.1333536960943418,1,0.14159482888686434,0
real_20260703_135250_rm00_0260_02_cluster029_full_refined_from_voxel005_medium,real_previous_registration,859,295,0.19480696154580263,0.06690576129932442,0.4060061843924565,108.56942583729789,0.9628085397222879,1,0.1005593325308853,0
real_20260703_135250_rm00_0260_02_cluster029_full_refined_from_voxel005_medium,real_previous_registration,860,51,0.2121577747045766,0.03452479873942514,0.9840672169676684,160.94822859130267,1.1468124950646197,0,0.08891483167518928,1
real_20260703_135250_rm00_0260_02_cluster029_full_refined_from_voxel005_medium,real_previous_registration,861,382,0.20028179190795553,0.010512692108225334,0.5002553973286701,189.1798240954341,0.08594235061527739,0,0.10167885052701466,0
real_20260703_135250_rm00_0260_02_cluster029_full_refined_from_voxel005_medium,real_previous_registration,862,49,0.12839079060108038,0.10639888493756228,0.3387717457238324,99.61123809203153,-0.2935467429884618,0,0.06980114301883328,1
real_20260703_135250_rm00_0260_02_cluster029_full_refined_from_voxel005_medium,real_previous_registration,863,414,0.1667705209077528,0.03835825970154053,0.3418627853434895,186.56143754816839,0.4123850229361823,0,0.12662594040671396,0
real_20260703_135250_rm00_0260_02_cluster029_full_refined_from_voxel005_medium,real_previous_registration,864,24,0.10238231832101591,0.027890099371480664,0.9836650584702914,154.3026674962658,0.9526566696991078,0,0.07050867476699162,1
real_20260703_135250_rm00_0260_02_cluster029_full_refined_from_voxel005_medium,real_previous_registration,865,109,0.1210307982067566,0.11703600048954117,0.9660532873850163,101.92545218845672,0.5108247904340465,0,0.0384492403152355,1
real_20260703_135250_rm00_0260_02_cluster029_full_refined_from_voxel005_medium,real_previous_registration,866,340,0.015372561714229715,0.0006770315774539811,0.9047496682463891,124.44198166993814,-0.14595376712057953,1,0.07887504227951773,1
real_20260703_135250_rm00_0260_02_cluster029_full_refined_from_voxel005_medium,real_previous_registration,867,274,0.035930994768637675,0.023602107393971374,0.9788487081737323,115.12239101336363,-0.21511118606873325,0,0.14555416950446012,0
real_20260703_135250_rm00_0260_02_cluster029_full_refined_from_voxel005_medium,real_previous_registration,868,187,0.05569802249222272,0.012020629312035713,0.8126256624502293,87.47875079756822,0.9436884335415885,0,0.19139526204844898,0
real_20260703_135250_rm00_0260_02_cluster029_full_refined_from_voxel005_medium,real_previous_registration,869,31,0.23712318602644064,0.060125663681695016,0.14804417278179846,92.45830266351136,1.5224216490994356,0,0.12313248220361095,0
real_20260703_135250_rm00_0260_02_cluster029_full_refined_from_voxel005_medium,real_previous_registration,870,193,0.34731833547218566,0.2835963523388567,0.9859864343443506,185.80249259575132,2.2155514435859187,0,0.200651853054099,0
real_20260703_135250_rm00_0260_02_cluster029_full_refined_from_voxel005_medium,real_previous_registration,871,46,0.06612751653693438,0.0009994499729131996,0.3231684080073211,87.55805740008023,0.10536041149126255,0,0.09039854974844905,1
real_20260703_135250_rm00_0260_02_cluster029_full_refined_from_voxel005_medium,real_previous_registration,872,377,0.02847559752175619,0.017990783019261797,0.9661533566149018,111.84794659884342,0.035401903549168875,1,0.0866006398298567,1
real_20260703_135250_rm00_0260_02_cluster029_full_refined_from_voxel005_medium,real_previous_registration,873,431,0.018977965918837297,0.008691276249383007,0.961722148767061,135.00254698434102,0.10536043990030501,1,0.12233256118932129,0
real_20260703_135250_rm00_0260_02_cluster029_full_refined_from_voxel005_medium,real_previous_registration,874,375,0.0372518526307093,0.01422055814850873,0.7484140591901689,133.58404039464477,-0.24901270326169087,0,0.11077334675482715,0
real_20260703_135250_rm00_0260_02_cluster029_full_refined_from_voxel005_medium,real_previous_registration,875,316,0.033030070396542995,0.01988176701518951,0.9959427971988948,127.66510614506984,0.07550749903224714,0,0.12683718081412,0
real_20260703_135250_rm00_0260_02_cluster029_full_refined_from_voxel005_medium,real_previous_registration,876,193,0.14784399326966782,0.10841810983778694,0.6203607352057622,135.14362531669812,2.5902440407565637,0,0.257502756582611,0
real_20260703_135250_rm00_0260_02_cluster029_full_refined_from_voxel005_medium,real_previous_registration,877,406,0.07404658961031688,0.07122313323162448,0.13427118138702063,106.03110421230731,-0.21511118606873325,0,0.17083769223478162,0
real_20260703_135250_rm00_0260_02_cluster029_full_refined_from_voxel005_medium,real_previous_registration,878,257,0.06765925204244948,0.06742373233715074,0.02773636539344662,133.99089810024975,-0.061693528212826206,0,0.13617809044887366,0
real_20260703_135250_rm00_0260_02_cluster029_full_refined_from_voxel005_medium,real_previous_registration,879,31,0.22381347655402292,0.037587165524813164,0.04167153536013453,105.46290165927364,1.427111605658552,0,0.1505176136910405,0
real_20260703_135250_rm00_0260_02_cluster029_full_refined_from_voxel005_medium,real_previous_registration,880,51,0.30240562240438845,0.03704042389587121,0.7141856547649418,160.91515097445557,1.1169595586528824,0,0.16684023342437768,0
real_20260703_135250_rm00_0260_02_cluster029_full_refined_from_voxel005_medium,real_previous_registration,881,113,0.05456383257809876,0.0433008639896799,0.04794137443879487,150.74287843250514,0.028987515864864075,0,0.13134651710999767,0
