sample_id,scenario,source_index,target_index,distance_T0,point_to_plane_residual,normal_dot_abs,fpfh_distance,log_normalized_density_ratio,is_mutual_nn,label_distance,target_weight
l_shape_partial_overlap_hard_mixed,partial_overlap,0,392,0.08439805815852544,0.07943251796350602,0.9846453580715447,67.52945200085959,-0.21437784573413105,0,0.049810570791222045,1
l_shape_partial_overlap_hard_mixed,partial_overlap,2,1761,0.08781597378184072,0.08208907152374462,0.9996858554049608,65.13170948844659,0.09274195104937341,0,0.15486906606411407,0
l_shape_partial_overlap_hard_mixed,partial_overlap,3,2754,0.0593170257653274,0.057783561438709476,0.9983551201826685,58.76622715318265,-0.025817654597878572,1,0.0932532696527131,0
l_shape_partial_overlap_hard_mixed,partial_overlap,5,1683,0.024537975823135116,0.023407536725676307,0.9663823108339528,100.76257807541977,-0.11764824891372173,1,0.0924347040394461,0
l_shape_partial_overlap_hard_mixed,partial_overlap,6,582,0.06119600631818964,0.052911254076470036,0.9539657912036429,72.37308826308137,-0.31831874908986835,1,0.15805276438874963,0
l_shape_partial_overlap_hard_mixed,partial_overlap,9,2091,0.1171981504563649,0.10973601772995595,0.6953092420368406,62.1701863612268,0.11394412473399235,0,0.11271290895926145,0
l_shape_partial_overlap_hard_mixed,partial_overlap,11,2180,0.0319795517192603,0.014383206887732574,0.913446628994896,62.22917739730856,-0.03400962773252297,1,0.11667170451139937,0
l_shape_partial_overlap_hard_mixed,partial_overlap,14,253,0.0319975807125352,0.02884299796442818,0.10835633449645825,110.3314599347475,0.11627246595171557,1,0.144014067143319,0
l_shape_partial_overlap_hard_mixed,partial_overlap,15,2591,0.05187605981816913,0.034468200889222644,0.46216473632497584,80.48527194001555,-0.5538844965604748,0,0.16463375594767038,0
l_shape_partial_overlap_hard_mixed,partial_overlap,18,797,0.069992260060593,0.06289236593847472,0.9589924053348025,117.99622508613488,-0.0018165285340566149,0,0.09023073058515459,0
l_shape_partial_overlap_hard_mixed,partial_overlap,20,1498,0.0408357038914257,0.019073156224934388,0.9809027782611928,73.39303592907984,-0.10493483171284956,0,0.10554732960493735,0
l_shape_partial_overlap_hard_mixed,partial_overlap,21,0,0.066932665273233,0.06677564585125478,0.9693979003931202,102.75413264296209,-0.12691372635433668,0,0.08154006688783683,0
l_shape_partial_overlap_hard_mixed,partial_overlap,23,1459,0.08647645496077247,0.08640440141681276,0.9978639636671939,69.57603543700179,-0.06837722372686757,0,0.1527954659090644,0
l_shape_partial_overlap_hard_mixed,partial_overlap,26,1306,0.127847259292474,0.12369244971114504,0.8952894929191016,81.1865033665351,-0.11205225115914628,0,0.10878449918692568,0
l_shape_partial_overlap_hard_mixed,partial_overlap,27,2825,0.10306328405812469,0.09189731444841111,0.9888212492711426,69.93247805345554,0.07472345619604473,0,0.07589535118928102,1
l_shape_partial_overlap_hard_mixed,partial_overlap,28,2929,0.10859130062816565,0.10703018463567761,0.9980321364747539,134.24750862015608,-0.1484198312054339,0,0.07840504342801055,1
l_shape_partial_overlap_hard_mixed,partial_overlap,29,278,0.07336975726751317,0.07212130951980693,0.9966227076551911,59.34137118048275,-0.10189986177791288,1,0.10393395256508847,0
l_shape_partial_overlap_hard_mixed,partial_overlap,30,3008,0.07003389327683307,0.05331201869851785,0.753151925285088,63.20195726021635,0.41119536138901586,0,0.14320703620518185,0
l_shape_partial_overlap_hard_mixed,partial_overlap,31,1506,0.10111570344466903,0.09454010424207335,0.9901831711412921,45.50732304360429,-0.07045841432427155,0,0.072781936801979,1
l_shape_partial_overlap_hard_mixed,partial_overlap,32,458,0.07519658580085198,0.07343170460666204,0.9968721000359388,70.7100781284679,-0.030636937054516686,0,0.0921944910981678,0
l_shape_partial_overlap_hard_mixed,partial_overlap,34,1963,0.06708980688131193,0.05623442987933053,0.9130910746703149,69.61722785847158,0.20297764000450458,0,0.0901324633240866,0
l_shape_partial_overlap_hard_mixed,partial_overlap,35,134,0.09087838894767526,0.08676488552158099,0.9995003771480209,58.77041787234141,-0.19493989845887083,0,0.0574030332394921,1
l_shape_partial_overlap_hard_mixed,partial_overlap,36,631,0.0340021992709088,0.017157739912129318,0.32046115330214664,72.10338461817152,0.2844438192953581,1,0.17017855597116407,0
l_shape_partial_overlap_hard_mixed,partial_overlap,38,1602,0.12150629407634327,0.11913622745434166,0.7936713286491334,117.20219352090001,-0.28818158445041425,0,0.14450481687268843,0
l_shape_partial_overlap_hard_mixed,partial_overlap,39,169,0.0915111963455717,0.0808718431707817,0.9404563294960028,70.15649013047872,0.08338152198261992,0,0.07302985612604614,1
l_shape_partial_overlap_hard_mixed,partial_overlap,40,2449,0.0978360675388856,0.09373827474999377,0.9820314629482707,76.41366339369979,-0.043059448719744736,0,0.11031663888702344,0
l_shape_partial_overlap_hard_mixed,partial_overlap,41,2022,0.09822542089156158,0.09348310729773483,0.9960852563900432,38.959660421269405,-0.14841980511854327,1,0.09828319552912236,0
l_shape_partial_overlap_hard_mixed,partial_overlap,42,1137,0.09249526780967346,0.08906373566819033,0.9765730452776683,46.140708434307385,0.018634058565895624,0,0.07042685337656054,1
l_shape_partial_overlap_hard_mixed,partial_overlap,43,1966,0.06024018395734219,0.056465985964138384,0.30550228005601787,82.01430401317634,0.35468328543418504,0,0.09735492753941626,0
l_shape_partial_overlap_hard_mixed,partial_overlap,44,28,0.060292023641536276,0.04034145403797944,0.8140288414835202,62.277292762201654,-0.41870999275320553,0,0.12168279594818919,0
l_shape_partial_overlap_hard_mixed,partial_overlap,45,1270,0.08793571194485264,0.07264196229044981,0.9769402565517237,59.886160402890944,0.13926191257177525,0,0.18614889087835507,0
l_shape_partial_overlap_hard_mixed,partial_overlap,46,1537,0.08282585223422861,0.07847198210476865,0.9566145373757846,98.11312100388196,0.3624052567433207,0,0.10731180617938003,0
l_shape_partial_overlap_hard_mixed,partial_overlap,47,171,0.027872039136254065,0.015462734194469757,0.9508899597712722,79.02869172750307,-0.021668284678624694,1,0.12470571514158878,0
l_shape_partial_overlap_hard_mixed,partial_overlap,48,487,0.021297469901750833,0.020865337862878662,0.51536408963975,127.79358532130632,0.28879359901966783,1,0.12071556456793589,0
l_shape_partial_overlap_hard_mixed,partial_overlap,49,2865,0.07600277249595645,0.07563533341120271,0.9954493048970674,60.470229295483485,-0.4062488296612172,0,0.0886365458427653,0
l_shape_partial_overlap_hard_mixed,partial_overlap,50,1514,0.08058200430239243,0.07297036201154532,0.9987324802170412,80.12340975712164,-0.25842074674742216,0,0.09536148288996242,0
l_shape_partial_overlap_hard_mixed,partial_overlap,53,1137,0.08798858071444524,0.0825029735568027,0.9989735859356008,96.6610936677291,0.018634058565895624,0,0.11477970698261747,0
l_shape_partial_overlap_hard_mixed,partial_overlap,57,939,0.0862837383977444,0.08493970885389067,0.0746393938665767,61.67231963197262,-0.2950230893585148,0,0.21265371389772247,0
l_shape_partial_overlap_hard_mixed,partial_overlap,59,856,0.08204343989993458,0.07964064615185647,0.99425248703621,74.6320421852111,-0.5538842322754934,1,0.11094437035730464,0
l_shape_partial_overlap_hard_mixed,partial_overlap,60,2998,0.07160764214848499,0.0703624635686133,0.9871197638412053,33.78169976396224,-0.14841990511834072,0,0.08261006782037873,0
l_shape_partial_overlap_hard_mixed,partial_overlap,62,1015,0.08848211238214403,0.0867327317357863,0.5827530127307197,79.3219111410075,-0.07696096706212566,0,0.13214874059537832,0
l_shape_partial_overlap_hard_mixed,partial_overlap,63,854,0.0543872374258994,0.0468703398946167,0.9700586195706086,44.7721702716765,-0.1861601436426242,1,0.07617156120326456,1
l_shape_partial_overlap_hard_mixed,partial_overlap,64,224,0.018088503665283247,0.014070001182396461,0.9991184614839357,73.92229747322698,0.08338152198261992,1,0.11847462211153549,0
l_shape_partial_overlap_hard_mixed,partial_overlap,65,2219,0.040620942526521424,0.010554837784221503,0.46930605798110825,93.39724598997377,0.09274198459909629,1,0.12405218075313884,0
l_shape_partial_overlap_hard_mixed,partial_overlap,67,1503,0.08576126339490739,0.0842663717869725,0.6947978789207142,106.17114213501925,-0.030636937054516686,0,0.1037125108146757,0
l_shape_partial_overlap_hard_mixed,partial_overlap,68,2164,0.06567458003770175,0.06062444176650167,0.012042017689100591,74.54518325431786,-0.046637268181641996,0,0.18001163024938557,0
l_shape_partial_overlap_hard_mixed,partial_overlap,69,2353,0.068912002919647,0.06824230811342362,0.9979446338110077,121.38550882999627,-0.14841978289638433,0,0.09073220130016389,0
l_shape_partial_overlap_hard_mixed,partial_overlap,70,303,0.11486919410252067,0.11324085846604721,0.960411566127075,92.23419001041029,0.02593335155034978,0,0.11319031580460795,0
l_shape_partial_overlap_hard_mixed,partial_overlap,74,1811,0.09832430255147191,0.08766367258033064,0.9851627199668993,55.92655797132846,-0.07609929412007457,0,0.06473302652781705,1
l_shape_partial_overlap_hard_mixed,partial_overlap,75,2276,0.03585958269103928,0.03271754295450108,0.854199205493558,58.82468528407776,0.029261152093353223,1,0.10618973155803736,0
l_shape_partial_overlap_hard_mixed,partial_overlap,79,2264,0.07273376122113168,0.058320330768548014,0.999374328603074,69.9720942348866,-0.5712761916922761,0,0.0802049899880704,0
l_shape_partial_overlap_hard_mixed,partial_overlap,82,2246,0.004572439756066883,0.0045274730488068324,0.9549246221649956,43.91067555093653,0.10289430676064813,1,0.10556245440645487,0
l_shape_partial_overlap_hard_mixed,partial_overlap,85,282,0.09149506781961088,0.0839378800006434,0.6681292684166846,98.43449324569787,-0.3025703694696726,0,0.11684133416767978,0
l_shape_partial_overlap_hard_mixed,partial_overlap,86,2939,0.07205687898618847,0.0697626489110245,0.9798958473533175,84.45790929710304,-0.21741267422446126,0,0.09932035602207723,0
l_shape_partial_overlap_hard_mixed,partial_overlap,87,2674,0.08983345448311329,0.0837850484062747,0.9501574456834108,69.61037182029185,0.4494165842740936,0,0.11123507238472187,0
l_shape_partial_overlap_hard_mixed,partial_overlap,88,2426,0.07427888474840795,0.06212814799679944,0.43244850348085906,109.20492439728933,-0.06140855615903095,0,0.1909814625654683,0
l_shape_partial_overlap_hard_mixed,partial_overlap,89,1488,0.01504122471189331,0.004943247594427523,0.23388135268282945,148.44993359030724,-0.44952481411859335,1,0.11315823260799485,0
l_shape_partial_overlap_hard_mixed,partial_overlap,92,276,0.02612382785646181,0.013874785083886789,0.42102809847272815,110.482787949432,-0.3532140255088344,1,0.16706881986031405,0
l_shape_partial_overlap_hard_mixed,partial_overlap,94,181,0.09571762576312588,0.09500431827349251,0.9696187499616261,117.95573695018744,0.03390151000906574,0,0.09310395890300872,0
l_shape_partial_overlap_hard_mixed,partial_overlap,95,308,0.07426101178945961,0.0712434188450116,0.996534812227097,49.85200190586436,-0.28499536472195325,1,0.06750302714901404,1
l_shape_partial_overlap_hard_mixed,partial_overlap,96,726,0.07668816943085102,0.07664967575616093,0.9997260349053165,61.23671871015893,0.1278332351463941,0,0.1418257619695066,0
l_shape_partial_overlap_hard_mixed,partial_overlap,97,264,0.06676170262669949,0.06104528904889359,0.9973608950628056,118.42209384759016,-0.7902723070834811,1,0.12059474377031364,0
l_shape_partial_overlap_hard_mixed,partial_overlap,98,2787,0.07225702276584997,0.04931778135213447,0.9972804617314437,76.48496921781067,-0.08388141106409891,0,0.04419357359904876,1
l_shape_partial_overlap_hard_mixed,partial_overlap,99,2220,0.08113608824059006,0.08095264529118082,0.9960749872777387,77.69505783169204,-0.24373002810451766,0,0.0911524454436382,0
l_shape_partial_overlap_hard_mixed,partial_overlap,100,1356,0.060158822367786184,0.05574854461421674,0.05035603247921617,87.00424862862766,-0.38683067075474864,0,0.17166043733542924,0
l_shape_partial_overlap_hard_mixed,partial_overlap,101,2183,0.032614181127863365,0.020580715109593452,0.9854164361170638,90.6777282414287,0.02593335155034978,1,0.12275084255582645,0
l_shape_partial_overlap_hard_mixed,partial_overlap,102,1199,0.009909767210975248,0.004469634149473534,0.4739661621137668,60.813067658048176,-0.38958177838558666,1,0.1370795017425038,0
l_shape_partial_overlap_hard_mixed,partial_overlap,104,524,0.06315683036336177,0.05812457076961444,0.9829359488920926,90.64632438888931,0.1743531966687958,1,0.09182841531007031,0
l_shape_partial_overlap_hard_mixed,partial_overlap,106,876,0.06318865533316242,0.053031286416154726,0.9913064956101506,65.96603039051914,-0.14841981464232767,0,0.1739919707088201,0
l_shape_partial_overlap_hard_mixed,partial_overlap,107,2169,0.07086960478973696,0.05745884941988126,0.9449694233899303,81.60671001612745,-0.22538081218057165,1,0.09955306297587596,0
l_shape_partial_overlap_hard_mixed,partial_overlap,108,115,0.1028327417704137,0.09802331944649104,0.9730570959031504,59.265928417924876,-0.22252782892044606,0,0.07666226853819194,1
l_shape_partial_overlap_hard_mixed,partial_overlap,109,725,0.08734172451465447,0.08357529476416788,0.9920709448669524,63.22091364576707,-0.20248693106734383,1,0.1146059844503023,0
l_shape_partial_overlap_hard_mixed,partial_overlap,110,2431,0.05820925725771749,0.05698343432546596,0.9952562887968213,102.74287555392061,0.010644680383632938,0,0.14131875390528165,0
l_shape_partial_overlap_hard_mixed,partial_overlap,111,3002,0.11127024871658724,0.10809612347281217,0.9974711611515092,86.03932237244773,-0.1039681180416598,1,0.11767412974093612,0
l_shape_partial_overlap_hard_mixed,partial_overlap,114,700,0.08555863673750216,0.08145484294451212,0.9923045194674783,103.10187919959732,0.018634058565895624,0,0.08473997448974475,0
l_shape_partial_overlap_hard_mixed,partial_overlap,115,2315,0.07891727698959232,0.07511441705915915,0.9712406940640211,90.17615685504458,0.10751326283623643,1,0.07750640094974594,1
l_shape_partial_overlap_hard_mixed,partial_overlap,116,2016,0.04378632693866815,0.0263602884693475,0.9675324396943213,49.86600889572132,-0.3025703694696726,0,0.09512077099968698,0
l_shape_partial_overlap_hard_mixed,partial_overlap,117,1756,0.09003033297655982,0.08914314308978202,0.996258906069804,56.90914302588394,-0.199713023190418,0,0.12145337554764928,0
l_shape_partial_overlap_hard_mixed,partial_overlap,118,273,0.12727764800438196,0.12633517599667593,0.994945605875597,44.479133922443225,0.0651540200882974,0,0.10188308673022327,0
l_shape_partial_overlap_hard_mixed,partial_overlap,119,429,0.03594979560859592,0.028157647174797303,0.3338520370717841,32.26317509388468,-0.1823213901274407,1,0.16475528524302868,0
l_shape_partial_overlap_hard_mixed,partial_overlap,120,429,0.04178168595148653,0.03981601376249009,0.35309983672006995,34.58666852662529,-0.1823213901274407,0,0.15473628691890254,0
l_shape_partial_overlap_hard_mixed,partial_overlap,123,1878,0.05056138350963623,0.031090975275403134,0.9992146300790334,41.80755938389024,0.07472347119601185,0,0.06155180865899808,1
l_shape_partial_overlap_hard_mixed,partial_overlap,124,487,0.03668768501126311,0.00874606331632642,0.5882905134867642,119.55622946215159,0.2677402026764375,0,0.09127158970132343,0
l_shape_partial_overlap_hard_mixed,partial_overlap,125,1423,0.10220469370358679,0.09271908854730525,0.9992148625526515,35.25622551864115,0.0339015308423607,0,0.025437240150515336,1
l_shape_partial_overlap_hard_mixed,partial_overlap,126,571,0.04144731642555794,0.037045411422839465,0.9965770702334669,65.55938221364012,-0.24373002810451766,0,0.10579865591656341,0
l_shape_partial_overlap_hard_mixed,partial_overlap,127,1500,0.07096630285795964,0.06771502714492048,0.9996631406152996,80.89860226288961,0.5707020896457917,0,0.07566780740944308,1
l_shape_partial_overlap_hard_mixed,partial_overlap,128,324,0.12381915883792521,0.12274762235923573,0.9206868988526297,92.84827116113135,-0.18764051981022664,0,0.11480608433855707,0
l_shape_partial_overlap_hard_mixed,partial_overlap,129,1035,0.12760170917763333,0.12216957866863211,0.9744305843642663,61.18075353422252,-0.2662027583675507,0,0.10846453013642869,0
l_shape_partial_overlap_hard_mixed,partial_overlap,130,2,0.033282249178712614,0.02164521377862555,0.9737004880995371,51.908708344929416,0.293412393986591,1,0.08306577370360389,0
l_shape_partial_overlap_hard_mixed,partial_overlap,133,3008,0.13014114953869282,0.1214715167456851,0.9052410085763712,54.88697690511345,0.25704481965687165,0,0.09972786172044255,0
l_shape_partial_overlap_hard_mixed,partial_overlap,134,2476,0.09520870056484726,0.09020877476324922,0.9996366211265469,73.96266147689454,0.3411278398952577,0,0.11688309529357988,0
l_shape_partial_overlap_hard_mixed,partial_overlap,136,705,0.08849985231799683,0.08344174242898411,0.9706966448093473,45.720342152711986,-0.30664379151799365,0,0.09530127496340268,0
l_shape_partial_overlap_hard_mixed,partial_overlap,137,1651,0.11056968050029166,0.10618837402565619,0.9990837080746007,65.51332783185654,-0.3216915107904901,0,0.042498371118475285,1
l_shape_partial_overlap_hard_mixed,partial_overlap,143,1380,0.09685904212976144,0.08595057579514338,0.8897730467023421,154.66355371385868,0.293412393986591,0,0.14013084278808327,0
l_shape_partial_overlap_hard_mixed,partial_overlap,145,1582,0.040955928064402576,0.026416113558067805,0.9804002002228225,28.33121021714472,-0.14841983845179404,1,0.09607257175902872,0
l_shape_partial_overlap_hard_mixed,partial_overlap,146,2222,0.02475019695323231,0.022462555999002525,0.9193458169380228,64.64980767411093,-0.14841989985519022,1,0.13786967291834398,0
l_shape_partial_overlap_hard_mixed,partial_overlap,147,1547,0.10194020857393768,0.09004075435416592,0.9407489909607907,64.6987197024262,-0.1928715364640889,0,0.08024288579062615,0
l_shape_partial_overlap_hard_mixed,partial_overlap,148,222,0.06855778613869075,0.06541509887418537,0.997275231806089,55.439723446973304,-0.49136424451544203,0,0.13568166932274653,0
l_shape_partial_overlap_hard_mixed,partial_overlap,150,1718,0.06720932584318774,0.061915309995318135,0.9556697172200512,89.78167590430478,0.20297764000450458,0,0.13602671209268055,0
l_shape_partial_overlap_hard_mixed,partial_overlap,152,270,0.05675688634869141,0.04617281110841571,0.990440455630471,40.05519712998986,0.08338152198261992,0,0.09092606893032536,0
l_shape_partial_overlap_hard_mixed,partial_overlap,153,1490,0.07153143721466933,0.0676428061086379,0.978713759911177,71.22872628761333,0.018634058565895624,1,0.08950582303654897,0
l_shape_partial_overlap_hard_mixed,partial_overlap,158,2076,0.09339841747399773,0.09276129696194509,0.997751276724143,131.48733196526103,0.11394412473399235,1,0.11590447711010896,0
l_shape_partial_overlap_hard_mixed,partial_overlap,159,571,0.05094236348995728,0.04889662465692517,0.9890634477743737,57.593509573101464,-0.4062488296612172,0,0.0776354035069202,1
l_shape_partial_overlap_hard_mixed,partial_overlap,160,2863,0.09430174940595713,0.09205931733658133,0.9782610848734554,54.385075939394866,-0.19604792818588473,0,0.06997949157616988,1
l_shape_partial_overlap_hard_mixed,partial_overlap,161,1811,0.026207777597105367,0.01968129746864421,0.9647642210076978,81.36214493948941,0.13299237648976914,1,0.0989943072022295,0
l_shape_partial_overlap_hard_mixed,partial_overlap,163,112,0.030881969811582186,0.013486251518783807,0.9997634860265987,66.36155210740344,0.04263517672459831,0,0.1380347346076168,0
l_shape_partial_overlap_hard_mixed,partial_overlap,168,684,0.046192480671325344,0.0239826928645727,0.6568576964989766,64.58511062813213,-0.017799812259829337,0,0.09973122385026705,0
l_shape_partial_overlap_hard_mixed,partial_overlap,170,2080,0.0679094786229379,0.06329461761465884,0.9853838839233839,60.42372859542354,0.11394412473399235,1,0.16089314374134783,0
l_shape_partial_overlap_hard_mixed,partial_overlap,171,893,0.09244184510246814,0.08012361375324704,0.9993662537478466,103.30614745244914,-0.02058660997205198,0,0.08449088827448423,0
l_shape_partial_overlap_hard_mixed,partial_overlap,174,382,0.10147135645431424,0.09948516525859749,0.9858267431767801,90.82863476917895,-0.2284624659972056,0,0.18829425148313933,0
l_shape_partial_overlap_hard_mixed,partial_overlap,176,1703,0.07904490227671998,0.07753027090815906,0.9993647033476244,99.98524768144813,0.10289430676064813,0,0.1395196792335613,0
l_shape_partial_overlap_hard_mixed,partial_overlap,177,870,0.01962123650693029,0.01809018159367595,0.29490665576791514,92.61586698727865,-0.14841990988023918,1,0.12209616479990588,0
l_shape_partial_overlap_hard_mixed,partial_overlap,178,2102,0.04258788802508198,0.03578963209379996,0.11986142540096344,91.59875699229507,-0.2751715222118586,0,0.14250481588898292,0
l_shape_partial_overlap_hard_mixed,partial_overlap,179,497,0.07927808672695193,0.061149047398946436,0.9995030550566445,49.38889320121391,0.02593335155034978,0,0.12765504619138604,0
l_shape_partial_overlap_hard_mixed,partial_overlap,180,216,0.04680227921555221,0.0011615337042716633,0.25951522427754703,102.80027418547623,-0.2617484232826936,0,0.1996922800631219,0
l_shape_partial_overlap_hard_mixed,partial_overlap,182,1944,0.021129722077225258,0.01442588200966109,0.8032226950988475,57.16489662450831,0.028510680372993886,1,0.13449903232076957,0
l_shape_partial_overlap_hard_mixed,partial_overlap,185,576,0.10444104526277591,0.10121762423584989,0.9799133576652765,110.04080125802783,0.1278332351463941,0,0.09528654349614031,0
l_shape_partial_overlap_hard_mixed,partial_overlap,186,2503,0.05032341557430007,0.04687775028669246,0.9761102605997612,56.12040072880214,-0.14841983845179404,1,0.10441964264358962,0
l_shape_partial_overlap_hard_mixed,partial_overlap,188,1367,0.05139285862463412,0.048396592274949676,0.9979049284165271,63.530350996093325,-0.09285008446544496,0,0.09573204327093977,0
l_shape_partial_overlap_hard_mixed,partial_overlap,190,2319,0.08081689327719689,0.0782079553427397,0.9797307848934178,156.57252590479237,0.07472345619604473,1,0.10984274451885111,0
l_shape_partial_overlap_hard_mixed,partial_overlap,191,456,0.1140775791323455,0.10903830366338553,0.9566357975672918,91.34468459336188,0.5707020896457917,0,0.08324236772072355,0
l_shape_partial_overlap_hard_mixed,partial_overlap,192,2491,0.06993808735444486,0.06661734778757372,0.9982129373441411,43.80491631122555,-0.48055350483150866,1,0.07187472177654382,1
l_shape_partial_overlap_hard_mixed,partial_overlap,193,2960,0.05646429768602429,0.05523959506167688,0.9951264862067102,83.58969948274378,0.1278332351463941,1,0.1052648424949516,0
l_shape_partial_overlap_hard_mixed,partial_overlap,194,2147,0.06186567855239911,0.006401578072042797,0.9846297577539194,96.30895515702807,0.11728304032500077,0,0.11241326897832798,0
l_shape_partial_overlap_hard_mixed,partial_overlap,195,1199,0.05438928901681475,0.04725807774203212,0.5902418691089816,69.00811449493463,-0.6279925652340841,0,0.14878997395812849,0
l_shape_partial_overlap_hard_mixed,partial_overlap,196,2240,0.06665176386212052,0.05645347712204861,0.9178132862772683,76.03772616361387,0.31694299306384,0,0.07235015298507068,1
l_shape_partial_overlap_hard_mixed,partial_overlap,197,282,0.09070567650199918,0.08838731171980284,0.6613116281769685,94.45194567423486,-0.046637268181641996,1,0.12038341480049378,0
l_shape_partial_overlap_hard_mixed,partial_overlap,198,1813,0.061439944483134265,0.059817039433163036,0.04908266544687117,53.537813772300204,-0.3952797043001667,0,0.15102012296325298,0
l_shape_partial_overlap_hard_mixed,partial_overlap,199,744,0.08281217316853322,0.08019738005476959,0.940016701305127,96.46405927317831,-0.2819511432787413,0,0.1605715182598211,0
l_shape_partial_overlap_hard_mixed,partial_overlap,200,869,0.07925880452760717,0.07009519435047412,0.9942549251335057,23.147380002806365,-0.06503832313582608,0,0.062056332159569114,1
l_shape_partial_overlap_hard_mixed,partial_overlap,201,2407,0.08988139112022914,0.08372053240303931,0.9347665316349555,111.4910953402252,-0.5733024547406407,0,0.1584363293890192,0
l_shape_partial_overlap_hard_mixed,partial_overlap,202,1319,0.05423808247726263,0.0541574290170554,0.9147302655854367,88.81356660368087,-0.008658057308335352,0,0.09061246793592474,0
l_shape_partial_overlap_hard_mixed,partial_overlap,206,975,0.09891418230602213,0.0901021887732084,0.7257558234133294,153.68087701673147,0.10289430676064813,0,0.09545520078711808,0
l_shape_partial_overlap_hard_mixed,partial_overlap,207,1433,0.04445667561646083,0.043001360628783375,0.9309791577827445,84.69858939518421,0.024851699571007795,1,0.09476437853851911,0
l_shape_partial_overlap_hard_mixed,partial_overlap,209,1799,0.10421502091694192,0.10181159609682365,0.9734753518499227,56.1339707526505,0.20825471501117676,1,0.10108058839322268,0
l_shape_partial_overlap_hard_mixed,partial_overlap,211,1849,0.018181982089123732,0.016888447450311705,0.005307147255940231,149.84904457271455,-0.2373673486311442,1,0.12685098857569743,0
l_shape_partial_overlap_hard_mixed,partial_overlap,213,2293,0.0622504033414329,0.05285605874286313,0.993843654931306,76.6661036942441,0.20297764000450458,0,0.1513453915010178,0
l_shape_partial_overlap_hard_mixed,partial_overlap,214,294,0.06369672425907914,0.05504640560197804,0.15428671441266023,70.15498868325895,-0.14841983845179404,1,0.20352257853543435,0
l_shape_partial_overlap_hard_mixed,partial_overlap,215,179,0.058119231891962754,0.043812047159787135,0.9665925267598673,83.99324245544295,-0.27847293756715163,0,0.11674567519516628,0
l_shape_partial_overlap_hard_mixed,partial_overlap,216,2064,0.011460291551979097,0.0018535401560098642,0.942010806601671,57.61658706141635,-0.0350912840970206,1,0.11095057779784416,0
l_shape_partial_overlap_hard_mixed,partial_overlap,217,1944,0.06865588800947227,0.06537390219592651,0.909479217394516,86.16792233938365,-0.1166712070053913,0,0.09829297645940763,0
l_shape_partial_overlap_hard_mixed,partial_overlap,219,405,0.06289574824194152,0.05616331785022971,0.9953615747654774,64.3985029273045,0.3411278398952577,0,0.08452107841975863,0
l_shape_partial_overlap_hard_mixed,partial_overlap,220,312,0.07108448414694891,0.07033370835564687,0.9878310815314147,66.62428896734176,0.3523549115824898,0,0.13851721456178134,0
l_shape_partial_overlap_hard_mixed,partial_overlap,221,216,0.06953766861030493,0.0685001176472597,0.6715314505421288,90.22289949267925,-0.1847874680723951,0,0.12878353534348105,0
l_shape_partial_overlap_hard_mixed,partial_overlap,223,2478,0.09690543800868667,0.09404284420962855,0.9787165894857534,46.82830399909512,-0.317496127560005,0,0.030325927928733364,1
l_shape_partial_overlap_hard_mixed,partial_overlap,224,922,0.07935349185870173,0.0727918522264653,0.9984957335054462,52.78267665793387,0.09670232489555769,1,0.1186871029229052,0
l_shape_partial_overlap_hard_mixed,partial_overlap,225,786,0.05987712237808345,0.059813999052392784,0.8942032399677293,74.29572318338462,-0.08097867528333662,0,0.05944852289025748,1
l_shape_partial_overlap_hard_mixed,partial_overlap,226,931,0.10354162525016114,0.09267844761825463,0.998898625315983,74.77553214410247,0.03390151000906574,0,0.07462050120663949,1
l_shape_partial_overlap_hard_mixed,partial_overlap,229,1963,0.0365311590387728,0.018184349086838254,0.4885400681132578,82.31636843091768,0.1260166847942061,1,0.15644679310906473,0
l_shape_partial_overlap_hard_mixed,partial_overlap,231,216,0.09549828898761586,0.09360075903746087,0.7753569318658757,97.7024594201782,-0.3451299313523013,0,0.13480208594248383,0
l_shape_partial_overlap_hard_mixed,partial_overlap,232,2194,0.10457764774288067,0.10267327453399802,0.9652596490590436,92.05875602268935,0.08338152198261992,0,0.09752550913918025,0
l_shape_partial_overlap_hard_mixed,partial_overlap,234,2164,0.05887123586144395,0.024165025107437985,0.07833583645019987,67.34470563360858,0.0747234819102775,0,0.16309024697262345,0
l_shape_partial_overlap_hard_mixed,partial_overlap,235,2303,0.09085440328795276,0.08669294779885213,0.999616257009475,63.977820835096495,0.04263517672459831,0,0.11232522531931904,0
l_shape_partial_overlap_hard_mixed,partial_overlap,236,750,0.09187126098272515,0.08395170216082799,0.9809154637876337,60.5071306635598,0.011922632074472318,0,0.1373179657130466,0
l_shape_partial_overlap_hard_mixed,partial_overlap,237,2585,0.08019097729902738,0.0763132207878499,0.9997953351557054,36.85537194624884,-0.11332857816424759,1,0.06982670908684768,1
l_shape_partial_overlap_hard_mixed,partial_overlap,238,1703,0.07815713646727175,0.07507523289518973,0.9995591050322277,104.84367414571396,-0.014888594636629237,1,0.11246564645806095,0
l_shape_partial_overlap_hard_mixed,partial_overlap,239,2240,0.13528448782241914,0.10453961308840905,0.9967467924413951,147.2988290582394,-0.010269657079520125,0,0.012900511007553983,1
l_shape_partial_overlap_hard_mixed,partial_overlap,240,846,0.06945121606205572,0.06535527378378775,0.8477423275834819,91.13939759936459,-0.18764051981022664,1,0.12818258359312917,0
l_shape_partial_overlap_hard_mixed,partial_overlap,243,2193,0.04928304963767828,0.03748191570023249,0.9576056249911835,89.10497209021871,-0.043059448719744736,1,0.06826455240956263,1
l_shape_partial_overlap_hard_mixed,partial_overlap,245,2103,0.08204423917100455,0.07115785265936606,0.9946354205629813,76.90082789702838,0.1463794378379987,0,0.09854076680700857,0
l_shape_partial_overlap_hard_mixed,partial_overlap,246,1424,0.09165206939148215,0.08661909647246502,0.9604957254436759,59.79584828317046,-0.0350912840970206,0,0.11852096899700397,0
l_shape_partial_overlap_hard_mixed,partial_overlap,247,1137,0.07340307650306578,0.06614297578196554,0.934348856721797,84.13791598394153,0.056374345238246505,1,0.1051877120270361,0
l_shape_partial_overlap_hard_mixed,partial_overlap,249,540,0.06028247567326655,0.05852059427982674,0.9950599295168264,58.63286020704768,-0.14841983845179404,1,0.0801916971812889,0
l_shape_partial_overlap_hard_mixed,partial_overlap,250,1745,0.08596350446349635,0.0858047070314007,0.8985732702960032,133.9410714902085,-0.025817654597878572,0,0.11657461647483754,0
l_shape_partial_overlap_hard_mixed,partial_overlap,251,1259,0.09630988700997546,0.08760871430233257,0.9732663075057205,61.187973121855684,0.04829023788559933,0,0.16170992012934104,0
l_shape_partial_overlap_hard_mixed,partial_overlap,252,86,0.05825268072356985,0.050672954214055044,0.9985296614265677,55.43984235432824,0.25704484541439293,1,0.16564678087484977,0
l_shape_partial_overlap_hard_mixed,partial_overlap,253,2219,0.10022616573108793,0.08685692892457728,0.999958225924635,43.770368837665586,0.06864444986090666,0,0.07199462135238159,1
l_shape_partial_overlap_hard_mixed,partial_overlap,254,1074,0.06725963697415505,0.06302543279113311,0.9976303965719872,39.19728264574574,-0.1484198312054339,1,0.15012856946500794,0
l_shape_partial_overlap_hard_mixed,partial_overlap,256,74,0.06697614008800731,0.012875234918046118,0.6602360638230113,101.0134223530688,-0.24372987128663998,0,0.10499354213901442,0
l_shape_partial_overlap_hard_mixed,partial_overlap,257,861,0.09926666830365702,0.09705512394682152,0.995308163321233,63.37526055720218,-0.10189992563060662,0,0.08216271027974124,0
l_shape_partial_overlap_hard_mixed,partial_overlap,258,487,0.09326915855877595,0.08509261926819345,0.8728510534203298,154.6181105134324,-0.2502024701657538,0,0.05477780909269668,1
l_shape_partial_overlap_hard_mixed,partial_overlap,259,631,0.0759813607529067,0.0446829182290102,0.5685279625543437,92.15421263311671,0.040821952853630904,0,0.152120683009345,0
l_shape_partial_overlap_hard_mixed,partial_overlap,263,236,0.07623454255968813,0.07568081931539314,0.9922236443437304,76.72185507153961,-0.19604792818588473,0,0.0904988301643785,0
l_shape_partial_overlap_hard_mixed,partial_overlap,265,2350,0.08031009178305852,0.07496147046158216,0.997104408483647,62.86600479300994,-0.199713023190418,0,0.09283244980074595,0
l_shape_partial_overlap_hard_mixed,partial_overlap,266,1147,0.04450765469545505,0.03816638488955456,0.9876350695766839,74.81551430960377,-0.01488859910090564,1,0.10054286047446692,0
l_shape_partial_overlap_hard_mixed,partial_overlap,267,2897,0.05129585319984915,0.04365740850265297,0.9736795901768056,67.03206930848732,0.005730671307626658,0,0.10548312428238762,0
l_shape_partial_overlap_hard_mixed,partial_overlap,268,27,0.0699487874081497,0.06675536537203988,0.9939428985605295,151.5509639955263,0.10289430676064813,0,0.09970864324814588,0
l_shape_partial_overlap_hard_mixed,partial_overlap,270,1149,0.11944990223297497,0.10799853951022487,0.915131656178761,39.58018638377563,-0.19971316134802514,0,0.039380103210796845,1
l_shape_partial_overlap_hard_mixed,partial_overlap,271,1530,0.02589182937628013,0.01842231801886231,0.9918051227845343,38.51497702078424,-0.24079312505970255,1,0.09204361953409829,0
l_shape_partial_overlap_hard_mixed,partial_overlap,273,1491,0.08729804871653467,0.08528610655300597,0.8161410547190348,80.95232997048657,-0.03922067469178065,0,0.1532002194971356,0
l_shape_partial_overlap_hard_mixed,partial_overlap,274,2098,0.10320723141797437,0.09647384841667758,0.9923898294536148,59.69803633598315,-0.12736652366870885,0,0.03535716024209716,1
l_shape_partial_overlap_hard_mixed,partial_overlap,278,1264,0.10685834537035047,0.0667593447934011,0.9168633691881819,82.31117861602314,0.07472348994597892,0,0.11817062872103062,0
l_shape_partial_overlap_hard_mixed,partial_overlap,279,1857,0.0645264718188983,0.06443901569511333,0.9745672962932406,89.84157893093463,0.056374345238246505,1,0.09698023255274586,0
l_shape_partial_overlap_hard_mixed,partial_overlap,280,2564,0.11926193022572992,0.11908155477075555,0.9968649045395817,50.450854265952565,0.13926193191697284,0,0.11784456744514483,0
l_shape_partial_overlap_hard_mixed,partial_overlap,281,440,0.07887529768851145,0.07598358901085733,0.9847204696017577,78.93101642483803,0.20297764000450458,0,0.07589951792890488,1
l_shape_partial_overlap_hard_mixed,partial_overlap,283,872,0.09463129073581217,0.07780807886912751,0.8463529596070873,90.5145511288365,0.23724216510588447,0,0.14170686747238964,0
l_shape_partial_overlap_hard_mixed,partial_overlap,284,64,0.0940800162851643,0.08007498330764953,0.9981343568204434,139.00917416571139,0.09670232489555769,0,0.14103798797092765,0
l_shape_partial_overlap_hard_mixed,partial_overlap,285,600,0.10575514680172814,0.10069095419298546,0.9999029990576668,40.11455680151119,0.07472345619604473,1,0.10716346423750388,0
l_shape_partial_overlap_hard_mixed,partial_overlap,288,1266,0.04523471753743614,0.016153253808398348,0.08583925134836191,56.942709512535544,0.16666089937960155,1,0.13266938791533933,0
l_shape_partial_overlap_hard_mixed,partial_overlap,289,1985,0.07815734149641164,0.06664368178810384,0.9559340852641298,56.08064222971489,-0.43610150812636495,1,0.07996527048771716,1
l_shape_partial_overlap_hard_mixed,partial_overlap,290,1306,0.05902137693608666,0.05693740181768555,0.572001006304942,59.563225728708375,-0.11205225115914628,0,0.13881621431248606,0
l_shape_partial_overlap_hard_mixed,partial_overlap,291,109,0.07410255389465574,0.06697985492015104,0.9508073724131678,53.175132103907885,-0.061408580148883,0,0.09570710403260665,0
l_shape_partial_overlap_hard_mixed,partial_overlap,292,216,0.12965439742936752,0.12744994198357318,0.9019781266851084,98.9730623839115,-0.3451299313523013,0,0.12857447210978265,0
l_shape_partial_overlap_hard_mixed,partial_overlap,293,2800,0.0567131848152619,0.054870528289423195,0.9632526141625192,57.42830911084219,0.0945261171196007,1,0.0733996306664165,1
l_shape_partial_overlap_hard_mixed,partial_overlap,294,1922,0.08281651804293978,0.0700411346873049,0.994679985132525,60.85366102887366,0.29341251171122074,0,0.07251142878162675,1
l_shape_partial_overlap_hard_mixed,partial_overlap,296,2809,0.07452631111192513,0.06490147365868229,0.9924436817572632,54.48102036554132,-0.3307411535794032,0,0.1567849118015861,0
l_shape_partial_overlap_hard_mixed,partial_overlap,297,2878,0.09323903226087624,0.08738119702948709,0.9979457215793016,108.06203193644517,0.3411278398952577,0,0.138045354909265,0
l_shape_partial_overlap_hard_mixed,partial_overlap,299,118,0.014173275172242731,0.0018390713867350885,0.07422914933907314,70.5258810258041,0.13029328827747955,1,0.10789073837535366,0
l_shape_partial_overlap_hard_mixed,partial_overlap,300,68,0.10669445625026025,0.08497612645980886,0.9349922598888012,55.43475845925427,-0.21511118606873325,0,0.0961623142721855,0
l_shape_partial_overlap_hard_mixed,partial_overlap,301,3008,0.11529825879746926,0.10962613396992295,0.9040415437654723,50.564198597061925,0.2231433013144909,0,0.13022534418456508,0
l_shape_partial_overlap_hard_mixed,partial_overlap,302,1665,0.07147036062135989,0.07092708381522411,0.9995904709891593,41.13455786968933,-0.22638138780431313,0,0.0607422774054526,1
l_shape_partial_overlap_hard_mixed,partial_overlap,304,1596,0.04171776486665983,0.032164852127439095,0.9796192591552386,60.05968840738869,-0.09285008446544496,0,0.09052655355490796,0
l_shape_partial_overlap_hard_mixed,partial_overlap,305,194,0.07537604927207335,0.07536143714397724,0.9999779786185605,94.57373764886923,0.18805201721747017,0,0.13060614961955758,0
l_shape_partial_overlap_hard_mixed,partial_overlap,306,2411,0.06653962307771932,0.06539556458500063,0.9986822107852091,111.1805189757878,-0.008658051873563024,1,0.1293788200388688,0
l_shape_partial_overlap_hard_mixed,partial_overlap,307,2257,0.03677228590670523,0.013165488811230246,0.3312301119838639,77.9860292159723,0.06288904373103828,1,0.14475120435344688,0
l_shape_partial_overlap_hard_mixed,partial_overlap,308,2738,0.05596626109260186,0.05235452558650518,0.9131286615940257,101.5170051132601,-0.07696096706212566,0,0.1632321351089272,0
l_shape_partial_overlap_hard_mixed,partial_overlap,309,2306,0.07109276812655876,0.03918040952448452,0.9934731086384432,50.19362661451864,0.056374345238246505,0,0.14846342498453716,0
l_shape_partial_overlap_hard_mixed,partial_overlap,310,518,0.11166083000062305,0.10634352929306629,0.9967051473374182,25.86871334493631,-0.12175167055395592,0,0.008599968275672654,1
l_shape_partial_overlap_hard_mixed,partial_overlap,312,134,0.11213856464997718,0.10900139261106614,0.9991774709492529,62.44475862565098,-0.2690478174990777,0,0.07937810281971568,1
l_shape_partial_overlap_hard_mixed,partial_overlap,313,2227,0.03878009572986746,0.00586120198991994,0.9939875998649677,39.59218589729767,-0.2819510584574926,1,0.10619544996180688,0
l_shape_partial_overlap_hard_mixed,partial_overlap,314,2494,0.0570452166187617,0.04710987363779253,0.9666643190843867,60.13802786108243,-0.30664379151799365,0,0.12569174382717435,0
l_shape_partial_overlap_hard_mixed,partial_overlap,315,856,0.09135695181083711,0.08373031655599825,0.9990664721945486,72.47276287131642,-0.30257026431120004,0,0.07999625208462324,1
l_shape_partial_overlap_hard_mixed,partial_overlap,316,2038,0.06467642340313112,0.05501774205522393,0.3195673530460753,94.91180153719469,0.04829023788559933,0,0.16039168731612147,0
l_shape_partial_overlap_hard_mixed,partial_overlap,317,497,0.05274337101199224,0.048146683644688756,0.9992174774641295,62.08238059894886,-0.014888594636629237,1,0.11679083119729866,0
l_shape_partial_overlap_hard_mixed,partial_overlap,318,1814,0.07419131837738066,0.06500013742243081,0.9995520094478512,116.18997328000737,0.257044748823715,0,0.16340355369047732,0
l_shape_partial_overlap_hard_mixed,partial_overlap,319,2481,0.1001401206404031,0.0997330901934829,0.9758664052321835,38.521195416480595,-0.17311250246481916,0,0.013885423132317998,1
l_shape_partial_overlap_hard_mixed,partial_overlap,320,1398,0.039012631954850545,0.028417414610376283,0.9962377719396486,64.65882539314089,0.15168441140634326,1,0.10547968192848022,0
l_shape_partial_overlap_hard_mixed,partial_overlap,322,2002,0.03871003362426432,0.032050378255486005,0.7710105025683457,115.11283203775072,-0.12432237281917234,1,0.11657803910227556,0
l_shape_partial_overlap_hard_mixed,partial_overlap,323,1355,0.0746635399269616,0.06772496081844354,0.9897673601977859,39.15692622021679,-0.017799812259829337,0,0.03946572571415898,1
l_shape_partial_overlap_hard_mixed,partial_overlap,325,1405,0.09676941989538373,0.09346624910702335,0.9918192335480183,124.77773139140078,0.10289430676064813,0,0.09454645497943391,0
l_shape_partial_overlap_hard_mixed,partial_overlap,327,2262,0.07274795733525895,0.05488957501636235,0.9848574636729465,40.89464156673829,0.02343023371629466,0,0.11123129619333617,0
l_shape_partial_overlap_hard_mixed,partial_overlap,328,2478,0.12437166126066514,0.115998122244031,0.9818130890729079,40.897611385636,-0.3715633064326533,0,0.019234018960300667,1
l_shape_partial_overlap_hard_mixed,partial_overlap,329,45,0.06168498722503059,0.054217722589833414,0.5860498295076744,89.61422128997708,0.13926191257177525,1,0.1258805144932636,0
l_shape_partial_overlap_hard_mixed,partial_overlap,331,2361,0.04623869317684551,0.04128588869796959,0.9723663104613718,27.312827689912524,-0.5538845526209589,1,0.1251688458241078,0
l_shape_partial_overlap_hard_mixed,partial_overlap,332,957,0.0740247111978604,0.07296388069212863,0.6660027654495073,93.00477151922453,-0.19493977616472935,0,0.1065577261441958,0
l_shape_partial_overlap_hard_mixed,partial_overlap,333,1415,0.09265966850900152,0.08781748874150402,0.7879127093941157,69.52171197719125,-0.18764051981022664,0,0.06340030584059718,1
l_shape_partial_overlap_hard_mixed,partial_overlap,339,2954,0.040413615354595686,0.027647778487169795,0.9385725880007821,55.50455448681125,-0.2306579326786805,1,0.0689655703773556,1
l_shape_partial_overlap_hard_mixed,partial_overlap,340,923,0.020996539274360924,0.008988877452659791,0.9973346932675278,118.79572481519573,-0.5538842322754934,1,0.1242903193188905,0
l_shape_partial_overlap_hard_mixed,partial_overlap,341,440,0.08099801242633879,0.07588837362054765,0.9704020823957905,100.63298415415034,0.08519473860722715,0,0.09875868877795842,0
l_shape_partial_overlap_hard_mixed,partial_overlap,343,845,0.05135832813171721,0.02094212114156796,0.996419317199908,64.0348069713732,-0.10586026932280505,0,0.06252995571852041,1
l_shape_partial_overlap_hard_mixed,partial_overlap,344,2113,0.11664084558469401,0.11658242325771272,0.9965957925065458,96.08998929977137,-0.22440575869450338,0,0.06886039551094426,1
l_shape_partial_overlap_hard_mixed,partial_overlap,345,2610,0.07203152945192719,0.048450983284780445,0.6285498794492412,96.08575740850243,0.825028314452913,0,0.15223409483639788,0
l_shape_partial_overlap_hard_mixed,partial_overlap,346,2016,0.04244500788707679,0.035512935454517926,0.8474286953263848,54.26728832982836,-0.1484198622612682,1,0.1164529157793699,0
l_shape_partial_overlap_hard_mixed,partial_overlap,347,924,0.10483436264153713,0.1037908258951873,0.9776705823885644,58.32206518281245,0.12921161026799896,0,0.06791702536315435,1
l_shape_partial_overlap_hard_mixed,partial_overlap,349,318,0.1108454632891094,0.10854009816010161,0.9664577666654008,121.44024098947826,-0.06140855615903095,0,0.1047765528473636,0
l_shape_partial_overlap_hard_mixed,partial_overlap,351,528,0.03262235731344512,0.011566741144353392,0.9423503882123967,63.63865718976331,-0.3441643540162931,1,0.09984672032538118,0
l_shape_partial_overlap_hard_mixed,partial_overlap,352,1347,0.07036388908370637,0.05262522307820221,0.9995970848556132,44.78503462663646,-0.25107398515079155,1,0.08895630674035854,0
l_shape_partial_overlap_hard_mixed,partial_overlap,354,1573,0.09832461400132808,0.08362277579034838,0.9017466824441742,58.603282065898966,-0.45590428016075407,0,0.08013121789419168,0
l_shape_partial_overlap_hard_mixed,partial_overlap,356,216,0.06354167848894791,0.059714654124586306,0.18279443620396058,41.81024585758131,-0.22252775474474604,0,0.22409894833793054,0
l_shape_partial_overlap_hard_mixed,partial_overlap,357,2973,0.05563772502470003,0.045975441661965655,0.9206655518437512,71.36806668842056,-0.22252775474474604,0,0.10276687410955325,0
l_shape_partial_overlap_hard_mixed,partial_overlap,360,2524,0.008966071110728837,0.00273818497263416,0.9996348864758484,85.97817567473095,0.15696151473376768,1,0.11883155284647684,0
l_shape_partial_overlap_hard_mixed,partial_overlap,362,957,0.10135363482447686,0.08561695084201736,0.7903777863358071,109.82792702411477,-0.14841982330031464,0,0.09710879378514074,0
l_shape_partial_overlap_hard_mixed,partial_overlap,363,65,0.0948246783782174,0.08286253427436317,0.9943838258268942,30.887603837533238,-0.14841982330031464,0,0.0503098442331678,1
l_shape_partial_overlap_hard_mixed,partial_overlap,364,2051,0.050949737930137844,0.05066224872847356,0.0251100430890274,76.57182879951357,-0.09126152101694089,0,0.1551058389452417,0
l_shape_partial_overlap_hard_mixed,partial_overlap,366,2810,0.05603019621650389,0.03472383897677723,0.2215436660463186,96.48982729296233,-0.1719503934476951,0,0.1355163612021767,0
l_shape_partial_overlap_hard_mixed,partial_overlap,367,2262,0.0898647297110365,0.07181036323863209,0.9853574387417924,71.33132580405616,-0.11764824891372173,0,0.1443163878740806,0
l_shape_partial_overlap_hard_mixed,partial_overlap,368,1592,0.07032937773801501,0.060688324110399566,0.976410682332674,117.87247908758862,-0.10919917658049856,0,0.10455443808544532,0
l_shape_partial_overlap_hard_mixed,partial_overlap,369,1905,0.08364341150021616,0.06389029993531897,0.8887969222443348,119.95759314609624,-0.10189986177791288,0,0.12400090373278422,0
l_shape_partial_overlap_hard_mixed,partial_overlap,370,1497,0.032144687357015256,0.019549366721594602,0.97773224154697,46.07582078715246,0.07472345619604473,0,0.10191810185831852,0
l_shape_partial_overlap_hard_mixed,partial_overlap,371,2897,0.08760260843983277,0.07719439740005246,0.966187716460714,62.956721950108225,-0.07942708442500311,0,0.11799506172030053,0
l_shape_partial_overlap_hard_mixed,partial_overlap,372,2017,0.156413279750986,0.15131576776913186,0.994652454574221,139.29735380374828,-0.3820343716512779,0,0.1309355996232476,0
l_shape_partial_overlap_hard_mixed,partial_overlap,373,1308,0.08048943629357545,0.0726676437872438,0.9971633612845597,40.81296193024409,-0.14841990755736187,0,0.05296699715333671,1
l_shape_partial_overlap_hard_mixed,partial_overlap,376,51,0.07354244902080745,0.0726274602024163,0.9965373767477004,74.47201168257945,-0.06140855615903095,0,0.09790106877878237,0
l_shape_partial_overlap_hard_mixed,partial_overlap,377,1887,0.046303327166388644,0.03798359700734744,0.6227349989520964,159.42594013338984,0.06414139599196522,0,0.1068265550704126,0
l_shape_partial_overlap_hard_mixed,partial_overlap,378,1797,0.028925060548925248,0.02824695842421027,0.8901983940156124,102.66523415053913,-0.07431198351403495,0,0.13188617373425307,0
l_shape_partial_overlap_hard_mixed,partial_overlap,379,352,0.06789751935127074,0.06139782968902097,0.9392503981261227,118.99021860432909,-0.2576190437678657,1,0.12839636006570865,0
l_shape_partial_overlap_hard_mixed,partial_overlap,380,2071,0.057189073985311416,0.05520531916322275,0.9807740380652318,56.74915271909324,-0.4485240734951597,1,0.10277620656995662,0
l_shape_partial_overlap_hard_mixed,partial_overlap,381,1111,0.09571309314523142,0.0874843437393476,0.9893173710291274,64.78525591386895,-0.30257005399447656,1,0.09684337073173359,0
l_shape_partial_overlap_hard_mixed,partial_overlap,382,705,0.06466832947223325,0.05954810383929996,0.9838811888720442,91.4645331975895,-0.12432237281917234,0,0.07662928280121957,1
l_shape_partial_overlap_hard_mixed,partial_overlap,384,2235,0.03729715165113146,0.028088194945006303,0.9167453382708232,87.2432258919935,0.0186340655588895,0,0.12090323498801686,0
l_shape_partial_overlap_hard_mixed,partial_overlap,385,113,0.0681161624108042,0.06763826399508278,0.6900453194627716,93.62572830484471,0.021479012001216144,0,0.14272058606142396,0
l_shape_partial_overlap_hard_mixed,partial_overlap,386,683,0.07299145474729617,0.060477925418380825,0.981631078365679,71.96294486063564,-0.21586115497354177,0,0.09491655353743753,0
l_shape_partial_overlap_hard_mixed,partial_overlap,387,466,0.08842051578697814,0.08032937344038477,0.9230541276536578,174.68580711646965,0.23934524581563146,0,0.1399574550731495,0
l_shape_partial_overlap_hard_mixed,partial_overlap,388,2980,0.044485851781253485,0.02084399671715787,0.822826919954584,52.515938666455014,-0.07145888990814764,0,0.12315510165158117,0
l_shape_partial_overlap_hard_mixed,partial_overlap,390,487,0.08281512079005467,0.07537542837148958,0.9447113110120494,153.39801704833624,-0.08589957580073433,0,0.0334074032316861,1
l_shape_partial_overlap_hard_mixed,partial_overlap,391,2167,0.07847174419183504,0.06871232683467722,0.9969831011075446,68.48947668138923,-0.2090444559789662,1,0.07344957503672268,1
l_shape_partial_overlap_hard_mixed,partial_overlap,393,1156,0.08557022270694867,0.08486011069249096,0.906625311366632,91.81563485377924,0.1743531966687958,0,0.08227023838210192,0
l_shape_partial_overlap_hard_mixed,partial_overlap,394,2031,0.06906270899645224,0.06715327698081616,0.9944906824335795,84.20583293342683,0.02593335155034978,1,0.07755162395265236,1
l_shape_partial_overlap_hard_mixed,partial_overlap,395,240,0.10937525169799063,0.1081301063595114,0.8888862587640549,78.8739517762815,-0.1835111512843877,0,0.0851723657274523,0
l_shape_partial_overlap_hard_mixed,partial_overlap,396,179,0.027548970456948048,0.01588850658917572,0.9697128482732084,64.0221807833066,-0.14841990755736187,1,0.0859449879793049,0
l_shape_partial_overlap_hard_mixed,partial_overlap,397,2822,0.04570820544634195,0.00024633915805158347,0.9701327875355199,93.06100535152275,0.018634058565895624,0,0.16663317169340813,0
l_shape_partial_overlap_hard_mixed,partial_overlap,398,2707,0.09118946670620424,0.08091129627546044,0.728880197552109,92.15680832412916,-0.2380319718438302,0,0.0647700334123813,1
l_shape_partial_overlap_hard_mixed,partial_overlap,400,624,0.07257447674317241,0.044370070589766025,0.6810572160627523,139.06325641153413,0.10289430676064813,1,0.1295152387828645,0
l_shape_partial_overlap_hard_mixed,partial_overlap,401,977,0.06622479305602255,0.061810476545643527,0.5072195010972369,52.85508600851739,-0.625343328167363,0,0.16702503089534776,0
l_shape_partial_overlap_hard_mixed,partial_overlap,403,735,0.0703944673165942,0.06493435086553226,0.995808115221343,86.56898963294881,-0.030636937054516686,1,0.07524857322357949,1
l_shape_partial_overlap_hard_mixed,partial_overlap,406,2094,0.044912721223852495,0.0205050908921919,0.7889214020313857,101.17258394306273,-0.12543040919806253,1,0.10700668355148386,0
l_shape_partial_overlap_hard_mixed,partial_overlap,407,1911,0.1159718121851589,0.11384993506534932,0.9985940916861826,98.15619866233155,0.27443652991265216,0,0.08358531816980729,0
l_shape_partial_overlap_hard_mixed,partial_overlap,409,242,0.07711620885206694,0.06196530432900894,0.9977520674896084,75.8638237146699,-0.24685985918172065,0,0.12745066765724097,0
l_shape_partial_overlap_hard_mixed,partial_overlap,410,2661,0.02249547603590477,0.0024766360231659053,0.458311283799822,99.30503273733393,-0.07431198351403495,1,0.10320194729275793,0
l_shape_partial_overlap_hard_mixed,partial_overlap,411,2652,0.03197605388633468,0.020643072693627154,0.9995070879533178,88.67736639508972,-0.06503832313582608,1,0.10975164528426579,0
l_shape_partial_overlap_hard_mixed,partial_overlap,413,2380,0.021045417650185194,0.010805583970143058,0.18135432274231825,130.65096880615056,-0.5947067014969787,1,0.12588780041880923,0
l_shape_partial_overlap_hard_mixed,partial_overlap,414,1232,0.06129758184503646,0.02205020754319516,0.852764238744031,82.27943763762933,-0.14841987608612767,0,0.1270920498268895,0
l_shape_partial_overlap_hard_mixed,partial_overlap,415,2379,0.09421247033903252,0.08510235437478036,0.9984485147595878,57.37480787640776,0.1800838329651656,1,0.019282687164296347,1
l_shape_partial_overlap_hard_mixed,partial_overlap,416,1817,0.08686912502765586,0.07710113473792331,0.9445989092916165,62.17080637204792,0.0994160848534362,0,0.09498782165314591,0
l_shape_partial_overlap_hard_mixed,partial_overlap,418,704,0.031324140193712185,0.018366129209109485,0.8941427717537485,95.94141338215249,-0.0018165297302265308,0,0.12126675192433227,0
l_shape_partial_overlap_hard_mixed,partial_overlap,419,12,0.0795014991451736,0.0759309208987782,0.9994466094310351,72.93612307974946,0.08519473860722715,0,0.11962587331014796,0
l_shape_partial_overlap_hard_mixed,partial_overlap,420,912,0.07478015998049338,0.0739045658419073,0.9913621989688537,75.99845661142923,0.09274195104937341,0,0.10209164283575732,0
l_shape_partial_overlap_hard_mixed,partial_overlap,422,763,0.0749348392002312,0.06750672920337543,0.9996134250110255,138.8048643817088,-0.1039681180416598,1,0.10283465836017755,0
l_shape_partial_overlap_hard_mixed,partial_overlap,423,1974,0.04675918595848352,0.014438025814198617,0.9715547495122431,92.36819541210232,-0.23543110559307784,0,0.13448099372391453,0
l_shape_partial_overlap_hard_mixed,partial_overlap,424,2093,0.015358205412021025,0.003965251903007768,0.9954794128379234,106.8493703011999,-0.14841981464232767,1,0.09386295344500448,0
l_shape_partial_overlap_hard_mixed,partial_overlap,426,815,0.06826687940160975,0.06653606795844112,0.9793765415865422,47.003227672561685,0.0693034334857339,1,0.0633615174765613,1
l_shape_partial_overlap_hard_mixed,partial_overlap,428,512,0.10781206678024155,0.09523051542645258,0.9667865156545636,177.74738267689693,0.09274195104937341,0,0.14323099126404493,0
l_shape_partial_overlap_hard_mixed,partial_overlap,430,1712,0.08110713766562945,0.07879369712076036,0.8583891421021924,84.19140135764029,0.09274195104937341,1,0.10544266055442852,0
l_shape_partial_overlap_hard_mixed,partial_overlap,431,3049,0.10968825727586845,0.10566350140416556,0.9877213460686023,71.80810215154534,0.2727931757321376,0,0.08208766875253735,0
l_shape_partial_overlap_hard_mixed,partial_overlap,432,2628,0.06049138291863352,0.05870121211883802,0.9997911808484251,64.61941957094841,0.11728304032500077,0,0.08291032737154798,0
l_shape_partial_overlap_hard_mixed,partial_overlap,433,1982,0.10645812431798758,0.10070257835087475,0.9958640253926683,126.55264330285667,-0.3820343716512779,0,0.0716519956170135,1
l_shape_partial_overlap_hard_mixed,partial_overlap,434,2950,0.010898553573835557,0.006490383331509063,0.8593394557854213,110.32404708570071,0.43936636348775243,1,0.1235512714954698,0
l_shape_partial_overlap_hard_mixed,partial_overlap,435,1666,0.09996099951192203,0.09951439275265052,0.9664261981106097,86.47611889510969,-0.14841988011837876,0,0.09472148133525994,0
l_shape_partial_overlap_hard_mixed,partial_overlap,438,2928,0.09699774151674283,0.08421213259052181,0.8833015388618314,47.272046176170704,-0.07045841432427155,0,0.06127813736725278,1
l_shape_partial_overlap_hard_mixed,partial_overlap,440,750,0.07566021045760382,0.07360386734590296,0.8606181419852832,76.6521728666083,-0.025817654597878572,0,0.16944779126003284,0
l_shape_partial_overlap_hard_mixed,partial_overlap,441,2758,0.07936587641356896,0.07194071160590275,0.9929863919461139,61.58911533784562,0.299604436007987,0,0.13664046977418123,0
l_shape_partial_overlap_hard_mixed,partial_overlap,442,2259,0.0940352013966665,0.09236397991991403,0.8445942670384751,79.59638484490856,-0.687415819343736,1,0.10811938092108767,0
l_shape_partial_overlap_hard_mixed,partial_overlap,445,197,0.0323077580285382,0.0032667696250489806,0.9339009557889473,34.91440462325301,-0.18764051981022664,1,0.13864415509196323,0
l_shape_partial_overlap_hard_mixed,partial_overlap,449,1728,0.036066909353339595,0.0066340490204006425,0.6496377769405873,101.91371809122836,-0.05947248347587075,0,0.14007894257806355,0
l_shape_partial_overlap_hard_mixed,partial_overlap,451,2405,0.11146850165200076,0.1094870167622549,0.997270581256601,68.74822786565409,-0.2819512281000414,0,0.05584876718302221,1
l_shape_partial_overlap_hard_mixed,partial_overlap,452,1022,0.09021007634961906,0.08902719899319747,0.9994278904957119,81.98368988594243,0.03390151000906574,0,0.10689126476595581,0
l_shape_partial_overlap_hard_mixed,partial_overlap,453,1841,0.11073346202385197,0.10299923356201982,0.9974451803933582,69.6903326861722,0.04263517672459831,0,0.16130524248481598,0
l_shape_partial_overlap_hard_mixed,partial_overlap,455,930,0.08598348171166346,0.08286822017244777,0.9967973290234348,113.64023406549376,0.10289430676064813,0,0.0855474949788574,0
l_shape_partial_overlap_hard_mixed,partial_overlap,457,177,0.020808734754839516,0.0189193094303762,0.5796573154531542,137.35468109164168,-0.2992427204343548,1,0.10786898159296972,0
l_shape_partial_overlap_hard_mixed,partial_overlap,458,29,0.0847135983174347,0.08282191208545377,0.09349816994520281,42.53993723832364,-0.04833651397985909,0,0.08995737882978384,0
l_shape_partial_overlap_hard_mixed,partial_overlap,459,1971,0.02897511253537081,0.028154757260602195,0.9378350125483512,80.27075241402368,-0.2856209147163813,1,0.09159880450021358,0
l_shape_partial_overlap_hard_mixed,partial_overlap,460,745,0.13784207388036507,0.1287717624809633,0.990384876249977,46.23863884161953,-0.011218875309168508,0,0.02027410681039426,1
l_shape_partial_overlap_hard_mixed,partial_overlap,461,363,0.05731232567035647,0.033596403187589385,0.9475124725938884,50.71034787655256,-0.18764051981022664,0,0.15330815018408359,0
l_shape_partial_overlap_hard_mixed,partial_overlap,462,134,0.062371325756544145,0.062185386617094704,0.9998222409786625,61.61999408350884,-0.1259470730036347,1,0.081472830621717,0
l_shape_partial_overlap_hard_mixed,partial_overlap,463,223,0.08367774678133637,0.07031524191681329,0.9625832092334261,61.46989316594407,-0.008658051873563024,0,0.16712728418344397,0
l_shape_partial_overlap_hard_mixed,partial_overlap,464,2447,0.10911931393734793,0.10761601360460502,0.9899340289785564,52.48365134711989,0.15007283196522547,1,0.09558356676846251,0
l_shape_partial_overlap_hard_mixed,partial_overlap,465,1072,0.03624976657398735,0.014910441701900472,0.8820089349669766,83.8795822637346,0.024851699571007795,1,0.1287922582550293,0
l_shape_partial_overlap_hard_mixed,partial_overlap,466,458,0.04883471323516174,0.035172097084911404,0.9983745525300957,89.11628935949597,-0.14841983845179404,1,0.10844368312060262,0
l_shape_partial_overlap_hard_mixed,partial_overlap,468,1024,0.09893692773771799,0.09705881777899159,0.9992361160263468,55.16613396246009,0.1392618867781865,0,0.05774623124295345,1
l_shape_partial_overlap_hard_mixed,partial_overlap,469,2686,0.08596363337389679,0.08114778086307851,0.9988737762667899,58.199059174685424,0.07472345619604473,0,0.11747822249600107,0
l_shape_partial_overlap_hard_mixed,partial_overlap,470,631,0.04415868732502275,0.03646421059184164,0.2558311182246885,86.24774651565926,0.040821952853630904,0,0.21381051779824675,0
l_shape_partial_overlap_hard_mixed,partial_overlap,471,2286,0.06676453440925577,0.05848360724535643,0.44798836164080247,81.36218729332921,-0.3154737331384893,0,0.17991277840785894,0
l_shape_partial_overlap_hard_mixed,partial_overlap,472,427,0.08425323296672728,0.08249228969522249,0.9997820558700232,132.93887724269226,-0.37156310643303414,1,0.08692466856526576,0
l_shape_partial_overlap_hard_mixed,partial_overlap,473,745,0.11652579146117757,0.10258778218402557,0.9011584850855647,65.47713096068249,0.08641952508365758,0,0.08026834359721541,0
l_shape_partial_overlap_hard_mixed,partial_overlap,476,2048,0.08722981555157538,0.07516951267026345,0.998427125313367,73.52055202788154,-0.1039681180416598,1,0.109483403890414,0
l_shape_partial_overlap_hard_mixed,partial_overlap,480,611,0.07573054773828272,0.07195321218371831,0.9957660222915002,53.258465440859155,-0.25378034022067314,0,0.072912066243715,1
l_shape_partial_overlap_hard_mixed,partial_overlap,481,1493,0.10262990494549241,0.10066109638909729,0.9947851867777069,57.77358038596624,-0.2662027583675507,1,0.09538956552659802,0
l_shape_partial_overlap_hard_mixed,partial_overlap,483,710,0.06458734472212004,0.062405315535899585,0.9972767775676167,60.18462999201257,0.16173475348877484,1,0.08027451904751554,0
l_shape_partial_overlap_hard_mixed,partial_overlap,484,2104,0.0893179188602,0.07923787994300212,0.9994114689906919,146.02343985656844,-0.1039681180416598,1,0.13816845490939753,0
l_shape_partial_overlap_hard_mixed,partial_overlap,485,2286,0.06127889536451315,0.058019524305518155,0.5575290059850535,65.3953938290536,-0.07431195878880122,0,0.1511630954951154,0
l_shape_partial_overlap_hard_mixed,partial_overlap,489,2240,0.07358621162948528,0.061738142101466956,0.9005176088476857,122.90728118645754,0.3624053371664569,0,0.05312137546699129,1
l_shape_partial_overlap_hard_mixed,partial_overlap,490,51,0.08165755162897093,0.07825073993120334,0.998560416893446,70.92632740328986,-0.02058660997205198,0,0.10341179779603106,0
l_shape_partial_overlap_hard_mixed,partial_overlap,491,2337,0.048548020364457045,0.044323819162480106,0.7021983908391607,107.51415855063095,-0.38958163661095624,1,0.165034188360203,0
l_shape_partial_overlap_hard_mixed,partial_overlap,493,951,0.08804157035461944,0.07932110594618207,0.9968864787972759,133.2393491964421,0.0651540200882974,0,0.07929964525265226,1
l_shape_partial_overlap_hard_mixed,partial_overlap,494,2685,0.07585578068596688,0.07447211267353672,0.9950527034490322,69.94939834240446,0.02747063529082499,1,0.1735643920501707,0
l_shape_partial_overlap_hard_mixed,partial_overlap,495,2051,0.03877617613383205,0.03777794266946937,0.3019912128644364,81.15958714622991,0.2170396249189042,0,0.0757322590290968,1
l_shape_partial_overlap_hard_mixed,partial_overlap,496,1378,0.045227571572638486,0.03949432626733325,0.9519106192609597,78.16547971802122,0.0018621966739946958,0,0.09763012467025528,0
l_shape_partial_overlap_hard_mixed,partial_overlap,497,1570,0.0963560483823783,0.08564778116410032,0.8586526423692705,97.5767239048023,-0.23180135318805384,0,0.13198331697206214,0
l_shape_partial_overlap_hard_mixed,partial_overlap,498,2539,0.0957265514626783,0.09392420252287512,0.9986991604980515,48.91003660271621,-0.3820346139753727,0,0.054571096141061454,1
l_shape_partial_overlap_hard_mixed,partial_overlap,500,1494,0.02514294939390655,0.009981410873313716,0.706067997903554,101.1802316093271,-0.11764824891372173,0,0.12540117384672692,0
l_shape_partial_overlap_hard_mixed,partial_overlap,501,757,0.09584385482576116,0.09156108257721322,0.9971493950721272,113.40918373490874,-0.14841984511844597,0,0.10049307735089004,0
l_shape_partial_overlap_hard_mixed,partial_overlap,502,112,0.03897555891384227,0.013173527024021822,0.998976524050845,44.81840037617335,0.08519473860722715,0,0.15778442171231247,0
l_shape_partial_overlap_hard_mixed,partial_overlap,503,1037,0.0639259295339919,0.05822239926074247,0.9592589059920779,75.89133051132046,-0.199713023190418,1,0.1287954446939786,0
l_shape_partial_overlap_hard_mixed,partial_overlap,504,317,0.09266166777710003,0.09128007613345941,0.9998696418548172,57.57464109589553,0.014098903791296503,1,0.06645865032208337,1
l_shape_partial_overlap_hard_mixed,partial_overlap,508,1481,0.04739931149736307,0.04030890497858767,0.997993357330446,71.67988386322423,0.15007283196522547,1,0.16149804626692346,0
l_shape_partial_overlap_hard_mixed,partial_overlap,511,1067,0.06830538009418477,0.057953364048748054,0.9867776169596068,48.3763083685764,-0.07431198351403495,0,0.04257629994531092,1
l_shape_partial_overlap_hard_mixed,partial_overlap,513,1745,0.07670030646195232,0.07210452900660196,0.9427798979595667,125.01359436414549,0.08338152198261992,0,0.09490386124176159,0
l_shape_partial_overlap_hard_mixed,partial_overlap,514,2633,0.1075925302776864,0.04411593426012731,0.9241237566120468,56.8613636194425,0.34627594403515677,0,0.05379679425307332,1
l_shape_partial_overlap_hard_mixed,partial_overlap,515,1750,0.0826424562828641,0.06990331659404987,0.9945000193193647,54.05545396723859,-0.057448156519258005,0,0.15900206952530288,0
l_shape_partial_overlap_hard_mixed,partial_overlap,517,1805,0.07332363961243354,0.06948475541659614,0.9993114466289379,106.28384026950722,-0.053109757132217876,1,0.13619691296550618,0
l_shape_partial_overlap_hard_mixed,partial_overlap,518,86,0.07353569264108352,0.06583049443190764,0.9987067166091168,45.50832809870443,0.28689778271739413,0,0.1658256567942502,0
l_shape_partial_overlap_hard_mixed,partial_overlap,519,1715,0.06056728990104572,0.05893750506089933,0.9931423670093348,42.58680598857743,-0.2576190437678657,0,0.09274205637234302,0
l_shape_partial_overlap_hard_mixed,partial_overlap,520,2507,0.03505906009545697,0.020349796314761717,0.8529717653157828,193.45862588873106,-1.2470299974948493,1,0.13794096659167993,0
l_shape_partial_overlap_hard_mixed,partial_overlap,521,3030,0.03810815717334537,0.03725345528532143,0.9447642261889146,79.52087248097394,-0.18120966772635233,1,0.11724315271933963,0
l_shape_partial_overlap_hard_mixed,partial_overlap,522,1773,0.077797783201788,0.07273929164385999,0.9424053336729888,104.45624876924289,-0.10759789226481506,1,0.10378409775545508,0
l_shape_partial_overlap_hard_mixed,partial_overlap,524,1099,0.10545691652511624,0.09496344283023453,0.9726786781129012,120.0058502240047,0.11394412473399235,0,0.11613825708186835,0
l_shape_partial_overlap_hard_mixed,partial_overlap,525,2591,0.05174740422868877,0.04322391865587381,0.885349586195642,99.80020966925595,-0.6051777146323495,0,0.1420840680990595,0
l_shape_partial_overlap_hard_mixed,partial_overlap,527,860,0.10246417750309895,0.08876972302258636,0.9439739352510417,69.84833264403339,0.1800838329651656,0,0.13370373018694423,0
l_shape_partial_overlap_hard_mixed,partial_overlap,530,1437,0.029177241466625696,0.007600279652087924,0.9692361215811609,41.01106126317932,0.27143358205714485,1,0.13131641024120833,0
l_shape_partial_overlap_hard_mixed,partial_overlap,531,318,0.0937901330198839,0.09250410168729654,0.9674951552987866,122.62543498641699,0.018634058565895624,0,0.1320247337257606,0
l_shape_partial_overlap_hard_mixed,partial_overlap,532,375,0.0848517965703411,0.07922925847917492,0.9675627586631728,50.59794970944223,-0.24372987128663998,1,0.13213454715821546,0
l_shape_partial_overlap_hard_mixed,partial_overlap,533,518,0.08598096388660657,0.07400183539390136,0.8502698948964276,110.03508178828002,-0.021668284678624694,0,0.04365815056264422,1
l_shape_partial_overlap_hard_mixed,partial_overlap,535,513,0.06369271947484943,0.061154473793404954,0.9897254509097457,57.67322100266853,-0.18924179130542496,0,0.1066042076692918,0
l_shape_partial_overlap_hard_mixed,partial_overlap,536,797,0.08562028219355448,0.047066929932988624,0.9785691123186449,106.51171673013287,0.08519473860722715,0,0.09305863972314016,0
l_shape_partial_overlap_hard_mixed,partial_overlap,538,1654,0.08584370261969668,0.08564178009186554,0.9624467839870812,114.01275539082576,0.10751326283623643,0,0.08727602386568285,0
l_shape_partial_overlap_hard_mixed,partial_overlap,539,2038,0.06071341626008293,0.037642312626795564,0.3297137691949206,91.33859287794498,0.011922632074472318,0,0.15919526989681618,0
l_shape_partial_overlap_hard_mixed,partial_overlap,540,1537,0.07237470302730221,0.0688114825495793,0.9795560969501479,85.34226258083763,0.4706187564019354,0,0.11130483511657951,0
l_shape_partial_overlap_hard_mixed,partial_overlap,541,212,0.08390140522291943,0.07598501901906297,0.9976396172005755,32.08243221338557,-0.17311250246481916,0,0.10852291908953107,0
l_shape_partial_overlap_hard_mixed,partial_overlap,542,169,0.0968855623437321,0.09190075715386162,0.9941114474226631,36.459033221200826,0.08338152198261992,0,0.11261941862047657,0
l_shape_partial_overlap_hard_mixed,partial_overlap,543,518,0.06829708920926147,0.06616384859586082,0.9034248522269578,112.42280512535389,-0.021668284678624694,0,0.03659760184757767,1
l_shape_partial_overlap_hard_mixed,partial_overlap,544,2766,0.050637728110581384,0.04894916935936028,0.9809992793200564,37.8011290617653,-0.37156318143286576,1,0.12052239992661781,0
l_shape_partial_overlap_hard_mixed,partial_overlap,545,2585,0.08685703754466333,0.08459004028876402,0.998615715044801,27.202481002092156,-0.1484198622612682,0,0.07460211475356625,1
l_shape_partial_overlap_hard_mixed,partial_overlap,546,1943,0.08039049511732949,0.07754679738552499,0.9745004121894149,55.96438386775546,-0.005319158058798757,0,0.036869234062989184,1
l_shape_partial_overlap_hard_mixed,partial_overlap,551,488,0.07742662030311953,0.07730001718737614,0.453041507247145,60.919279768632265,-0.04020639117403248,0,0.11585563299986928,0
l_shape_partial_overlap_hard_mixed,partial_overlap,552,2268,0.045278305670603314,0.043151960554358694,0.8568144444712122,70.76116064724903,-0.07431195878880122,0,0.0933989785635503,0
l_shape_partial_overlap_hard_mixed,partial_overlap,553,1429,0.033292237955116016,0.00872472788989527,0.45351368605710013,96.23206855352205,0.018634058565895624,0,0.1590605956719973,0
l_shape_partial_overlap_hard_mixed,partial_overlap,554,64,0.0866153716182865,0.08356774969677767,0.9990473270806344,97.8385454757344,0.09670232489555769,1,0.09481201308333677,0
l_shape_partial_overlap_hard_mixed,partial_overlap,557,2925,0.08307458625921008,0.08151490538259931,0.9395274402666084,44.51544416715584,-0.11205225115914628,0,0.11461575857431501,0
l_shape_partial_overlap_hard_mixed,partial_overlap,561,2474,0.11970525625411141,0.11572721187710582,0.9533282920066808,97.05578365656386,0.10751326283623643,0,0.1389111324459374,0
l_shape_partial_overlap_hard_mixed,partial_overlap,562,2716,0.020280449115456976,0.017039265731488548,0.9986270417031475,83.99585453300213,-0.12432237281917234,1,0.10178596537941778,0
l_shape_partial_overlap_hard_mixed,partial_overlap,563,2628,0.04386762716870888,0.042822019614614654,0.9978288147142875,73.11621250686505,0.011922632074472318,1,0.09325753056486735,0
l_shape_partial_overlap_hard_mixed,partial_overlap,564,2962,0.08894861562115879,0.08839475483727201,0.9998804570706248,62.98577282798671,-0.1166712070053913,0,0.09695618185781114,0
l_shape_partial_overlap_hard_mixed,partial_overlap,565,1480,0.04904854870554801,0.03294870265225469,0.9871672933383653,50.97190827916312,-0.41668361162280654,0,0.13257856491393524,0
l_shape_partial_overlap_hard_mixed,partial_overlap,566,1164,0.07927792483652353,0.07780639530384245,0.9962354040216013,100.99224024482952,-0.3715632350041927,0,0.10649260508664753,0
l_shape_partial_overlap_hard_mixed,partial_overlap,568,1897,0.10345086060407169,0.10107128693435227,0.9991740341720632,36.936232654797166,-0.4998172915670346,0,0.07971406962074662,1
l_shape_partial_overlap_hard_mixed,partial_overlap,569,2229,0.07032922796977603,0.06688940837930735,0.9974843619513606,69.17375994536337,-0.336471950907172,0,0.11791031076717105,0
l_shape_partial_overlap_hard_mixed,partial_overlap,570,1788,0.026685555440773924,0.025978945728227572,0.8811930515356398,76.70177120432965,0.11186302163642994,1,0.14437296490083856,0
l_shape_partial_overlap_hard_mixed,partial_overlap,571,1789,0.06355818243836965,0.05446446063905487,0.9989148309879964,47.55650850380313,0.018634058565895624,0,0.07037057182130174,1
l_shape_partial_overlap_hard_mixed,partial_overlap,572,1513,0.04800405678591159,0.030268312692051925,0.9793308462725909,44.726462217373346,0.11109109301239926,0,0.0959228203978038,0
l_shape_partial_overlap_hard_mixed,partial_overlap,573,2592,0.052649563672309406,0.03660736113153847,0.9981644926857101,60.28930012162098,-0.05947248347587075,0,0.1347464885799314,0
l_shape_partial_overlap_hard_mixed,partial_overlap,575,1943,0.10103317924443013,0.09886620027649942,0.9743641513872907,93.65851365628248,-0.05078150216141556,0,0.03386162746055608,1
l_shape_partial_overlap_hard_mixed,partial_overlap,577,1570,0.07627390683537431,0.06778734236203884,0.8161722743839904,98.32989946340906,-0.14841984511844597,0,0.130054405307685,0
l_shape_partial_overlap_hard_mixed,partial_overlap,583,1034,0.09167754187713913,0.08295973071701972,0.9786450387563556,38.78098746914645,-0.1259470730036347,0,0.06659588752746833,1
l_shape_partial_overlap_hard_mixed,partial_overlap,585,2822,0.04341509823702483,0.0038273686950356326,0.9401411075387667,118.70151484597528,-0.1039681180416598,0,0.16312682056448474,0
l_shape_partial_overlap_hard_mixed,partial_overlap,586,2164,0.03077163664502664,0.028865099363385313,0.025567201115910577,83.22975421475579,0.15696151473376768,1,0.14619153782253122,0
l_shape_partial_overlap_hard_mixed,partial_overlap,587,193,0.08592096336716032,0.08313717558221015,0.9992316086061415,34.801291765959775,-0.025817654597878572,1,0.07168603894120015,1
l_shape_partial_overlap_hard_mixed,partial_overlap,588,1675,0.0177188385250879,0.0087951005353193,0.836038306491157,86.57946754822083,0.05921932280101972,1,0.14206774650555537,0
l_shape_partial_overlap_hard_mixed,partial_overlap,589,1091,0.10529758297002029,0.10220899193743463,0.10349297686233194,55.76204752634226,-0.0018165285340566149,0,0.18875969326937764,0
l_shape_partial_overlap_hard_mixed,partial_overlap,590,2337,0.05870862777301306,0.056884431371777344,0.8326833090613424,114.01396926991956,-0.11332857816424759,0,0.13569048680302556,0
l_shape_partial_overlap_hard_mixed,partial_overlap,591,2330,0.09597067151107885,0.09535038650179677,0.9990653320031131,33.75265392534671,0.09274195104937341,0,0.04029795394019832,1
l_shape_partial_overlap_hard_mixed,partial_overlap,592,2271,0.09089685472696735,0.09050510905481518,0.9405793922933504,90.3732663701484,-0.09962970999663263,0,0.13738149851767195,0
l_shape_partial_overlap_hard_mixed,partial_overlap,594,737,0.0646587102702759,0.057051614404796176,0.992571849456351,104.72203270048809,0.18805201721747017,1,0.15917700601667928,0
l_shape_partial_overlap_hard_mixed,partial_overlap,597,2633,0.06467364804300517,0.047667520239973935,0.9639141536466668,67.67699598728902,0.4828513887451708,0,0.12281734808236351,0
l_shape_partial_overlap_hard_mixed,partial_overlap,598,202,0.10931635262632396,0.10829024801578344,0.9103376388894048,107.90894381541915,0.02593335155034978,0,0.10278637456741184,0
l_shape_partial_overlap_hard_mixed,partial_overlap,602,1675,0.033311529613479204,0.026828405040807107,0.8397875747833217,80.13676599729743,0.05921932280101972,0,0.11528344405052429,0
l_shape_partial_overlap_hard_mixed,partial_overlap,603,1241,0.09012538699819193,0.0871893540491252,0.9985807840055833,65.55095894993164,0.07472347119601185,0,0.0734352968459283,1
l_shape_partial_overlap_hard_mixed,partial_overlap,605,2843,0.09191482864808778,0.0880680726934641,0.9979867068003642,84.0273103627563,0.07472345619604473,0,0.08946727471572022,0
l_shape_partial_overlap_hard_mixed,partial_overlap,606,237,0.06734595880569873,0.06283474383637296,0.9974031840805455,89.08389145674084,-0.14841990511834072,1,0.06538995224414275,1
l_shape_partial_overlap_hard_mixed,partial_overlap,607,2195,0.05717002819946178,0.04638532838278334,0.9845633735434507,50.15827335436987,-0.14841990511834072,0,0.06405948580203802,1
l_shape_partial_overlap_hard_mixed,partial_overlap,608,1061,0.074553595300337,0.06611697102255111,0.9977406816626282,56.362224961733006,0.0,0,0.1278243875386123,0
l_shape_partial_overlap_hard_mixed,partial_overlap,609,2248,0.09469090622630365,0.09391480443503564,0.9946791338887067,128.57787030461898,0.052250619636902806,0,0.09429165930613753,0
l_shape_partial_overlap_hard_mixed,partial_overlap,610,2536,0.11962998010835858,0.1162643915817073,0.9908776765624344,58.57295185149548,-0.190979400334423,0,0.10590351581677529,0
l_shape_partial_overlap_hard_mixed,partial_overlap,612,2750,0.020765281363995563,0.019290942348549164,0.9287383623474965,52.82121959563922,-0.1484198671873671,1,0.09944225117977072,0
l_shape_partial_overlap_hard_mixed,partial_overlap,615,2476,0.08251133837684073,0.07657329949741992,0.9857185805519173,77.89121364723322,0.403648140180651,0,0.1761809580206636,0
l_shape_partial_overlap_hard_mixed,partial_overlap,616,1497,0.0952764617879695,0.03708995795770878,0.8686126666993572,47.41490976713965,-0.008658051873563024,0,0.1016120411425641,0
l_shape_partial_overlap_hard_mixed,partial_overlap,618,745,0.10248312214500466,0.07521797778424459,0.784615097154838,88.92788096298715,0.257044936323333,0,0.05446368322878339,1
l_shape_partial_overlap_hard_mixed,partial_overlap,620,1266,0.08287766371068896,0.07976697490638687,0.8815575641785354,100.87183240354585,0.244622382065574,0,0.05804141838923969,1
l_shape_partial_overlap_hard_mixed,partial_overlap,621,754,0.10140778742771053,0.09976432205094667,0.8112686870326762,68.02066909391262,-0.45380127685022603,0,0.1010592335641173,0
l_shape_partial_overlap_hard_mixed,partial_overlap,623,2173,0.109069384781348,0.10182014716044765,0.9997742969983944,109.87268649733882,-0.32277301131112346,0,0.09347130641910796,0
l_shape_partial_overlap_hard_mixed,partial_overlap,624,1692,0.11460907381359303,0.11358838906315341,0.9996049660258796,87.47530413773691,-0.2987020057793144,0,0.07703248387717282,1
l_shape_partial_overlap_hard_mixed,partial_overlap,625,1252,0.08439290726723525,0.07986046106332707,0.9875004524601582,143.067713070357,0.21930450150311315,1,0.14872817294085758,0
l_shape_partial_overlap_hard_mixed,partial_overlap,626,525,0.07511665468247432,0.07510516507037449,0.9530402155583534,67.8222464576509,-0.1484198622612682,1,0.1423068611897822,0
l_shape_partial_overlap_hard_mixed,partial_overlap,628,2195,0.02280573905374203,0.00027249769014587856,0.965036514748114,123.44289628114728,-0.07609929412007457,1,0.12524561599551298,0
l_shape_partial_overlap_hard_mixed,partial_overlap,629,1336,0.030773078824406858,0.030744230165522978,0.9914701419601255,53.20631402671479,-0.1791915151109083,1,0.12539614278424518,0
l_shape_partial_overlap_hard_mixed,partial_overlap,631,1070,0.09496345997357995,0.04975317996712947,0.758418703391988,73.73296770153027,0.293412393986591,0,0.09366380206235445,0
l_shape_partial_overlap_hard_mixed,partial_overlap,632,731,0.09572549365230246,0.09531841154986376,0.7484752651680191,42.575883149429856,0.16173475348877484,0,0.11593379059158915,0
l_shape_partial_overlap_hard_mixed,partial_overlap,635,1879,0.0723635663131621,0.0721821218963293,0.9966442514516397,91.86827756571452,0.005730666772488121,1,0.09406600029923552,0
l_shape_partial_overlap_hard_mixed,partial_overlap,636,2108,0.017752882013286408,0.004273679245555795,0.8973056012977726,68.31531913875943,-0.04997988812402525,1,0.11573208233663004,0
l_shape_partial_overlap_hard_mixed,partial_overlap,637,194,0.07079755083682722,0.06099232159156514,0.9999320711285287,102.0190480613832,0.2231433013144909,1,0.12381937709551462,0
l_shape_partial_overlap_hard_mixed,partial_overlap,638,641,0.1134365203601111,0.10694488623905417,0.9989742982913774,76.33985518663529,0.13926191257177525,0,0.10751433744109995,0
l_shape_partial_overlap_hard_mixed,partial_overlap,639,2485,0.0768775833590716,0.07130923296140979,0.7069390402457217,137.30719106312347,-0.23939163632616117,0,0.08810001740535803,0
l_shape_partial_overlap_hard_mixed,partial_overlap,640,2441,0.10225803580030153,0.0962386107923952,0.9992983330170562,59.825883756540726,0.04263517672459831,1,0.05939402288937414,1
l_shape_partial_overlap_hard_mixed,partial_overlap,641,891,0.0771415491399095,0.07156732315283974,0.9979542414871824,133.3889958687626,-0.2710220278798344,0,0.09966599016012469,0
l_shape_partial_overlap_hard_mixed,partial_overlap,642,2622,0.06223775762908216,0.009131566162142868,0.938974779855942,90.71507007366456,-0.1484198671873671,0,0.13962640031235074,0
l_shape_partial_overlap_hard_mixed,partial_overlap,643,1164,0.0727095144720546,0.06490907266562508,0.9950710286785728,71.89721736089132,-0.4848917960256181,0,0.11843371101064978,0
l_shape_partial_overlap_hard_mixed,partial_overlap,644,703,0.09970304350287965,0.09705877827414189,0.9316434025912734,95.45735875530424,-0.09840951825222455,0,0.04005786680343138,1
l_shape_partial_overlap_hard_mixed,partial_overlap,645,2904,0.05051340766595621,0.03288131214783987,0.9375417844657306,86.87778291585936,0.17003356312162976,0,0.11136895047982369,0
l_shape_partial_overlap_hard_mixed,partial_overlap,647,46,0.07532240920364339,0.06421563247171265,0.9888038741448861,85.0474160655527,0.13926191257177525,0,0.09793511002953292,0
l_shape_partial_overlap_hard_mixed,partial_overlap,648,1294,0.06318074340535319,0.06125741287400965,0.7285708823455989,72.71401999392195,-0.1823213901274407,0,0.1298702971013898,0
l_shape_partial_overlap_hard_mixed,partial_overlap,649,109,0.08802465150817879,0.0852025717870964,0.9528482023796779,51.77294673279665,-0.08957943409972517,0,0.09988295999519702,0
l_shape_partial_overlap_hard_mixed,partial_overlap,651,114,0.039191328937261474,0.032891388302025,0.8429313886647877,97.14681986230126,-0.030636937054516686,1,0.17204292834397025,0
l_shape_partial_overlap_hard_mixed,partial_overlap,652,1776,0.09684798809658511,0.09591632387565137,0.9961589448639254,67.26628922450155,0.1743531966687958,1,0.1027532693381815,0
l_shape_partial_overlap_hard_mixed,partial_overlap,653,1415,0.03612240876284508,0.025211722455550305,0.38027598692208375,61.39011362483071,-0.07431195878880122,1,0.14832512345711532,0
l_shape_partial_overlap_hard_mixed,partial_overlap,654,1619,0.034251325288008325,0.03251587013407981,0.9743376425321444,71.79918546678535,0.11394416960569889,0,0.13953537865221471,0
l_shape_partial_overlap_hard_mixed,partial_overlap,658,546,0.09786067273514129,0.09517513034948298,0.8998461214178368,92.84064738286268,0.39519498806621717,0,0.08906401889057534,0
l_shape_partial_overlap_hard_mixed,partial_overlap,659,2893,0.06113704207125305,0.059710209661548844,0.9091058778042207,59.328047129064316,0.07472348994597892,0,0.05992196829398597,1
l_shape_partial_overlap_hard_mixed,partial_overlap,660,2005,0.07547174495329093,0.07242002026206404,0.23421591285170726,39.460966033936494,-0.0457658194168143,0,0.08651644362801268,0
l_shape_partial_overlap_hard_mixed,partial_overlap,662,1898,0.07013771207683749,0.04767012427879647,0.9544625719965263,55.966157186391946,-0.12310211315968177,0,0.07517987847323838,1
l_shape_partial_overlap_hard_mixed,partial_overlap,663,1640,0.03154108606209298,0.010875634646003031,0.8774041166161389,76.27606408769618,-0.14841982330031464,1,0.13771471272507305,0
l_shape_partial_overlap_hard_mixed,partial_overlap,664,1857,0.09321374814229119,0.08714744047474861,0.9345898389347919,99.96074629423802,0.1278332351463941,0,0.11075444308744647,0
l_shape_partial_overlap_hard_mixed,partial_overlap,665,1498,0.018769845831526143,0.008174327735837658,0.061092787192747806,127.3592003385023,-0.10493483171284956,1,0.12019440178864853,0
l_shape_partial_overlap_hard_mixed,partial_overlap,666,2397,0.01880987028442807,0.010033720943196706,0.9219638732488076,59.775168256222784,-0.27203377932302625,1,0.0889610968887686,0
l_shape_partial_overlap_hard_mixed,partial_overlap,668,2218,0.057440424377552105,0.032693518280290865,0.7976870947868488,72.40511134960104,-0.3789433249504557,0,0.08013477910665705,0
l_shape_partial_overlap_hard_mixed,partial_overlap,669,1269,0.06634433416148044,0.06095176646202599,0.9868875601429689,81.1948159304301,-0.307484435042308,1,0.1026559384312809,0
l_shape_partial_overlap_hard_mixed,partial_overlap,670,860,0.11627306162735267,0.10819379549887842,0.8811019880012272,53.5747597881306,0.005730666772488121,0,0.08727672674541859,0
l_shape_partial_overlap_hard_mixed,partial_overlap,671,2481,0.12576693989678184,0.12511699686123237,0.9531737392774473,98.01443538795286,-0.30664379151799365,0,0.018746792539056804,1
l_shape_partial_overlap_hard_mixed,partial_overlap,672,785,0.036022047247256245,0.031294826081546004,0.9892330422466898,45.99304433733617,-0.01488859910090564,0,0.14073626833597927,0
l_shape_partial_overlap_hard_mixed,partial_overlap,673,766,0.04646027792125924,0.00640995858147483,0.9295019625772332,88.01909857396565,0.08210358050887437,0,0.0972339703215294,0
l_shape_partial_overlap_hard_mixed,partial_overlap,675,1316,0.07530417700025205,0.07298390623110061,0.9943460169195157,45.77472819787633,-0.20557810196524842,1,0.08023309163003417,0
l_shape_partial_overlap_hard_mixed,partial_overlap,676,745,0.061948719071226496,0.06043062707667343,0.9184903603684108,55.57347869348889,0.40275667040274044,0,0.06310999002934906,1
l_shape_partial_overlap_hard_mixed,partial_overlap,677,2485,0.10168071613767322,0.09624562905547364,0.9987362531197534,72.54436978666843,-0.19287165207652848,0,0.07506438507814538,1
l_shape_partial_overlap_hard_mixed,partial_overlap,678,1854,0.08240396388121557,0.07722138131466758,0.9896615995469157,111.31971717802966,-0.4738415636740831,0,0.08480275062926344,0
l_shape_partial_overlap_hard_mixed,partial_overlap,679,392,0.07340229652428747,0.0722068751453288,0.9541160199020746,100.19301405288458,-0.14841992001193913,0,0.08469848131028136,0
l_shape_partial_overlap_hard_mixed,partial_overlap,680,2075,0.1021926872122549,0.09915444900812198,0.9980211579746414,80.76835346830578,0.005730666772488121,0,0.08372920366931835,0
l_shape_partial_overlap_hard_mixed,partial_overlap,681,2094,0.07839262204419416,0.07386176764217199,0.8605383357743189,94.95312446158589,-0.05947248347587075,0,0.06322518396695985,1
l_shape_partial_overlap_hard_mixed,partial_overlap,683,185,0.0650317147089555,0.061606595776408174,0.9206181392959913,124.22380709233406,-0.0007840058665761492,0,0.08826034283828142,0
l_shape_partial_overlap_hard_mixed,partial_overlap,684,1805,0.08739751457255589,0.08230903724974854,0.998897503929723,101.18576246904057,-0.008658051873563024,0,0.12492466325640711,0
l_shape_partial_overlap_hard_mixed,partial_overlap,685,2944,0.10599731972399598,0.10000782092511175,0.9911510698707361,77.71946004651967,0.056374345238246505,0,0.12254837585972114,0
l_shape_partial_overlap_hard_mixed,partial_overlap,686,372,0.09297304400741446,0.08777998578395127,0.9784442034641346,49.31317635262032,-0.1984302918593792,0,0.05761904922437239,1
l_shape_partial_overlap_hard_mixed,partial_overlap,687,1715,0.07027712235425812,0.06104186735545538,0.9941202834543234,40.58118967592363,-0.2576190437678657,0,0.11131419678663267,0
l_shape_partial_overlap_hard_mixed,partial_overlap,689,1116,0.07552246606263494,0.0621549502482558,0.8172603543976497,82.48668743180787,-0.07145888990814764,0,0.048777580189629764,1
l_shape_partial_overlap_hard_mixed,partial_overlap,690,229,0.04080509513099943,0.01508945812114167,0.6627927380734867,84.35811757488243,0.19642035004609304,0,0.1289386021663442,0
l_shape_partial_overlap_hard_mixed,partial_overlap,693,2893,0.07912028069366854,0.07656980609905109,0.7575857607349941,75.52645636968523,-0.030636945156353512,0,0.07927942291171017,1
l_shape_partial_overlap_hard_mixed,partial_overlap,694,2480,0.025558101852187053,0.010769628991679624,0.10168597314417378,56.00534449406503,0.13116475796642357,1,0.13816604581432151,0
l_shape_partial_overlap_hard_mixed,partial_overlap,696,888,0.04674336885043551,0.04563528751983391,0.9734067466411438,107.11664432579443,-0.12691372635433668,0,0.0895073226577828,0
l_shape_partial_overlap_hard_mixed,partial_overlap,697,975,0.08803346616201137,0.08775658209099563,0.9158489549217697,110.5170925203699,0.10289430676064813,1,0.07715458878249858,1
l_shape_partial_overlap_hard_mixed,partial_overlap,699,503,0.07475645132215392,0.06180058582968479,0.8450497391361393,74.8763195251436,-0.14841983845179404,0,0.11109728491616784,0
l_shape_partial_overlap_hard_mixed,partial_overlap,701,786,0.09938266625411193,0.09537560951448434,0.9544334966589173,38.7939314321199,-0.24605831248790197,0,0.029434730509235636,1
l_shape_partial_overlap_hard_mixed,partial_overlap,702,554,0.06431596231680807,0.056174388883161945,0.9896483252738535,69.74019295046809,-0.22638138780431313,0,0.12202817880344344,0
l_shape_partial_overlap_hard_mixed,partial_overlap,703,1264,0.08385683180220674,0.06619930860421162,0.9527218749851369,74.09860704718984,0.3176695121839204,0,0.0674519309423371,1
l_shape_partial_overlap_hard_mixed,partial_overlap,704,1015,0.04653187678057631,0.02780889575724782,0.21413003321078178,43.970337488726386,-0.22538081218057165,0,0.20063723632273955,0
l_shape_partial_overlap_hard_mixed,partial_overlap,706,2525,0.06874762548348037,0.06560579384934045,0.9883084199675938,114.87858281816906,0.040821952853630904,0,0.07778820345970411,1
l_shape_partial_overlap_hard_mixed,partial_overlap,708,225,0.08002470464917498,0.07540358993934045,0.994675928019181,55.421185190649844,-0.06503832313582608,1,0.12596481155126074,0
l_shape_partial_overlap_hard_mixed,partial_overlap,709,1251,0.09080943968507432,0.08871661553077867,0.9926187715621536,89.8117146805518,-0.3307411535794032,1,0.07637865438120414,1
l_shape_partial_overlap_hard_mixed,partial_overlap,711,497,0.07149313623366357,0.0695899661965408,0.9989224211862437,55.08073477655637,-0.014888594636629237,0,0.09883915937632436,0
l_shape_partial_overlap_hard_mixed,partial_overlap,712,1918,0.12174148502467667,0.10886508064538626,0.9587485080666951,61.62407709541663,-0.3154737331384893,0,0.07586042209058318,1
l_shape_partial_overlap_hard_mixed,partial_overlap,713,2883,0.08595860055759531,0.08290691864671555,0.9990576086682138,128.52774781275633,-0.06140855615903095,0,0.12840384014195863,0
l_shape_partial_overlap_hard_mixed,partial_overlap,714,2353,0.07289592613473998,0.059469818147577284,0.9968292345583182,107.72237507820539,-0.2662026171642236,0,0.11386869110708761,0
l_shape_partial_overlap_hard_mixed,partial_overlap,715,1068,0.048448187265385155,0.041895254407332626,0.952037625728511,67.08132499424326,0.28689778271739413,0,0.12091818576420886,0
l_shape_partial_overlap_hard_mixed,partial_overlap,719,1411,0.007492425384676991,9.692148312507838e-05,0.6422393828114653,68.5716369958213,0.1724876079136699,1,0.12165843045135262,0
l_shape_partial_overlap_hard_mixed,partial_overlap,722,2344,0.03594495266948658,0.012932609097113877,0.9981082417151678,51.19734473452119,-0.09962970999663263,0,0.12606148254280383,0
l_shape_partial_overlap_hard_mixed,partial_overlap,723,1610,0.03503795127179534,0.03503426965409435,0.99355025205633,53.15957646430664,0.13188186918627456,1,0.09836493551139283,0
l_shape_partial_overlap_hard_mixed,partial_overlap,726,1672,0.10320833523929997,0.10120451682333075,0.9873407961610338,48.74481507935245,-0.046637268181641996,0,0.09433322254083625,0
l_shape_partial_overlap_hard_mixed,partial_overlap,727,936,0.09323501989371473,0.08486958599971593,0.9965204067035088,108.82994306558528,0.2144851869410862,0,0.13641330093723128,0
l_shape_partial_overlap_hard_mixed,partial_overlap,728,2144,0.08638985222688077,0.08393718468460785,0.9976370832055352,125.17345085949496,0.1743531966687958,0,0.14982512791834934,0
l_shape_partial_overlap_hard_mixed,partial_overlap,729,2218,0.04101304074259494,0.011616655210638576,0.7369935296012833,74.97343352557674,-0.2735829166999271,0,0.10519229698758017,0
l_shape_partial_overlap_hard_mixed,partial_overlap,730,813,0.02780608825693001,0.02778968238551789,0.32127818099299016,94.49227958270399,0.21448533775598433,1,0.10225866520133885,0
l_shape_partial_overlap_hard_mixed,partial_overlap,731,2097,0.08353105031903894,0.07975402646876197,0.9936486944789595,83.15342846969281,-0.06140855615903095,0,0.15037397658925375,0
l_shape_partial_overlap_hard_mixed,partial_overlap,732,2932,0.0788591996180822,0.07655010511569783,0.2674017865840592,96.5539678053799,-0.45857461019002144,0,0.18440822326213976,0
l_shape_partial_overlap_hard_mixed,partial_overlap,733,2121,0.08608913695878459,0.06735055458261661,0.9677917072821374,101.9891388964486,-0.057448156519258005,0,0.15596876690603478,0
l_shape_partial_overlap_hard_mixed,partial_overlap,734,2791,0.10436464984508238,0.1025362906396714,0.9988446895933687,105.94226722132791,-0.1039681180416598,0,0.07703293657090074,1
l_shape_partial_overlap_hard_mixed,partial_overlap,735,1379,0.09757056702967515,0.08251642214510722,0.9966000260591109,104.45114130637333,-0.025817654597878572,0,0.1174968014876197,0
l_shape_partial_overlap_hard_mixed,partial_overlap,736,2138,0.06478876782757788,0.05773266262533826,0.984642602711971,67.9315093614965,0.13926191257177525,1,0.12209619997237166,0
l_shape_partial_overlap_hard_mixed,partial_overlap,737,2047,0.03368924629522852,0.028107381200474856,0.7800310885540751,115.01821285264984,-0.06140855615903095,1,0.14171752925663958,0
l_shape_partial_overlap_hard_mixed,partial_overlap,740,786,0.06624563107795024,0.04786019558153293,0.7766713134857369,99.96075625457188,-0.1719503934476951,0,0.09949648719971657,0
l_shape_partial_overlap_hard_mixed,partial_overlap,742,1983,0.07044203684975449,0.05116774045047646,0.9796564266297788,63.900805545648495,-0.5050945383430608,0,0.14702547468013008,0
l_shape_partial_overlap_hard_mixed,partial_overlap,744,599,0.023140641540521954,0.007808753557351671,0.8989485241164821,107.9292679505696,0.23724232039969573,1,0.12921830716848556,0
l_shape_partial_overlap_hard_mixed,partial_overlap,745,644,0.04410201069341137,0.007435517593851763,0.2286277093383514,50.792675266807855,-0.07045841432427155,1,0.12301960065780641,0
l_shape_partial_overlap_hard_mixed,partial_overlap,746,1523,0.0515686382217705,0.049600722141381795,0.99341922351808,68.36817465811326,-0.014888603565184544,0,0.10094613495073991,0
l_shape_partial_overlap_hard_mixed,partial_overlap,747,1432,0.08461451630013705,0.08334699554571855,0.9984234590965589,87.98908668901659,0.23724216510588447,0,0.1047117401077568,0
l_shape_partial_overlap_hard_mixed,partial_overlap,749,269,0.06624231370095979,0.05710408366763162,0.9965403709361496,74.52982119187867,-0.39354193899737605,1,0.11464127963112009,0
l_shape_partial_overlap_hard_mixed,partial_overlap,750,1483,0.09150288242819293,0.08640465366594535,0.9990087698502574,82.77222548559428,0.23724216510588447,0,0.05640522808668175,1
l_shape_partial_overlap_hard_mixed,partial_overlap,751,1137,0.14560052848804952,0.13822909902504746,0.9929432471650139,31.909021482847262,-0.19493977616472935,0,0.06557455228563049,1
l_shape_partial_overlap_hard_mixed,partial_overlap,752,2527,0.021276213083759793,0.004597863625522914,0.9975988800336274,81.97106178512847,-0.01488859910090564,1,0.10165398825534606,0
l_shape_partial_overlap_hard_mixed,partial_overlap,754,2884,0.08067478873952896,0.07082519979398197,0.9953622284646647,65.46022816052243,-0.014888594636629237,0,0.1293161496259486,0
l_shape_partial_overlap_hard_mixed,partial_overlap,757,1355,0.07676373345485049,0.07019734230538681,0.9322693681673588,67.55384310496942,-0.14841991209507582,0,0.08968652646155567,0
l_shape_partial_overlap_hard_mixed,partial_overlap,759,1887,0.017206366647672378,0.01104297733256607,0.2057838349268141,127.54141602075978,-0.04833651397985909,1,0.12112346730380856,0
l_shape_partial_overlap_hard_mixed,partial_overlap,760,1640,0.0709183766329034,0.047891328591567896,0.9364104982511111,120.64313549738061,-0.4668730601014412,0,0.13610649662288352,0
l_shape_partial_overlap_hard_mixed,partial_overlap,761,1602,0.021478700943647237,0.021349073363650557,0.28410222924185324,74.41365727716048,-0.1484198312054339,1,0.1667061326259248,0
l_shape_partial_overlap_hard_mixed,partial_overlap,763,2667,0.006297213644969542,0.004706425365721408,0.9249118746578425,88.75404860820544,-0.005319158058798757,1,0.11102359849409128,0
l_shape_partial_overlap_hard_mixed,partial_overlap,764,2865,0.041824120579578565,0.022154532402670655,0.9945917060969367,56.529249363403316,-0.37726131715769223,1,0.12981808493082403,0
l_shape_partial_overlap_hard_mixed,partial_overlap,765,376,0.09771858533336956,0.09442928434532116,0.9967089144407372,50.67220998408968,-0.2380319718438302,0,0.07302746180451018,1
l_shape_partial_overlap_hard_mixed,partial_overlap,766,1974,0.03174898761567418,0.014792979054523103,0.9727671794453754,66.57636823291939,-0.030636937054516686,1,0.10154191084230484,0
l_shape_partial_overlap_hard_mixed,partial_overlap,767,52,0.08825753239425421,0.07449089724733744,0.978443338235025,117.68319800720552,0.575498150397139,0,0.1726490982410651,0
l_shape_partial_overlap_hard_mixed,partial_overlap,768,1194,0.026240232203991527,0.0158023008785022,0.9771995004222158,86.5432974610578,0.3215833491276996,1,0.14425659539491537,0
l_shape_partial_overlap_hard_mixed,partial_overlap,769,2563,0.09583560853703692,0.09439340369595985,0.9910149204291236,58.37470062729136,0.3963068882546366,0,0.052007865211611826,1
l_shape_partial_overlap_hard_mixed,partial_overlap,771,1914,0.015178301756457601,0.004881641816916261,0.9816814969224059,83.77602119172515,-0.14841989400724545,1,0.11174195451765685,0
l_shape_partial_overlap_hard_mixed,partial_overlap,772,1636,0.04370204217516964,0.032756149696567795,0.8393793438358002,120.93123663501305,-0.14841982330031464,0,0.15691660101381913,0
l_shape_partial_overlap_hard_mixed,partial_overlap,773,1777,0.09247545373915513,0.085358081979971,0.999536712871541,99.95835034083821,0.04263517672459831,0,0.1285709415416843,0
l_shape_partial_overlap_hard_mixed,partial_overlap,774,2925,0.06160893929117308,0.05641661965482394,0.862315920273306,75.31014597648144,-0.010269657079520125,0,0.09102869125377522,0
l_shape_partial_overlap_hard_mixed,partial_overlap,775,2816,0.09379965651076048,0.08669258523068502,0.9955111750349799,39.73376030933226,-0.14841981464232767,0,0.08802039334430943,0
l_shape_partial_overlap_hard_mixed,partial_overlap,777,2494,0.017017702968902405,0.009524330231289766,0.9788233292460847,57.32898759435814,-0.1984302918593792,1,0.11077054926979406,0
l_shape_partial_overlap_hard_mixed,partial_overlap,778,2438,0.0983810745420343,0.09692888864393108,0.9838857122199111,69.94667505439892,0.1743531966687958,0,0.09168469292745018,0
l_shape_partial_overlap_hard_mixed,partial_overlap,781,2426,0.041204121498511666,0.037281116315099436,0.8040661926956207,73.1098438011993,-0.06140855615903095,0,0.12310616506747721,0
l_shape_partial_overlap_hard_mixed,partial_overlap,782,444,0.07686772164583787,0.07138225412291901,0.992318089010255,52.708080105243255,-0.3820343716512779,1,0.09454878563654431,0
l_shape_partial_overlap_hard_mixed,partial_overlap,783,684,0.08381695700932225,0.06855153572294656,0.818914950484506,55.922379517974804,0.09771301029804366,0,0.07519281894436806,1
l_shape_partial_overlap_hard_mixed,partial_overlap,785,2103,0.08907340773336382,0.0678120472536578,0.9984226625002134,60.523193050991715,0.1463794378379987,0,0.10086961070575531,0
l_shape_partial_overlap_hard_mixed,partial_overlap,786,1859,0.07351017834384249,0.06507370702925312,0.9988602970400469,30.310262315206323,-0.07045841432427155,1,0.08213177968232445,0
l_shape_partial_overlap_hard_mixed,partial_overlap,787,1603,0.055284939380444965,0.05447838746951189,0.5304650716534924,90.55834398087525,-0.2306579326786805,0,0.13867322170727,0
l_shape_partial_overlap_hard_mixed,partial_overlap,788,523,0.06899851577848597,0.06415230760892567,0.9757896047270971,70.66217245758355,0.0057306687566104336,1,0.13141185008753542,0
l_shape_partial_overlap_hard_mixed,partial_overlap,789,100,0.05058244199558947,0.043891712281656475,0.3101658721794815,78.81984996909195,-0.10189986177791288,0,0.18000224565268402,0
l_shape_partial_overlap_hard_mixed,partial_overlap,790,944,0.0645985364557859,0.05686385178367968,0.9974813223819717,63.13492626429974,-0.2751715222118586,0,0.06853945162885312,1
l_shape_partial_overlap_hard_mixed,partial_overlap,791,92,0.056016523430833735,0.04575888789457391,0.11964423915277203,143.13923142443028,-0.6592451103661678,0,0.17121088580028673,0
l_shape_partial_overlap_hard_mixed,partial_overlap,793,2888,0.10327624554047556,0.09974597803196321,0.9584114762150217,53.11258539258399,-0.220740523093342,0,0.053928757977129586,1
l_shape_partial_overlap_hard_mixed,partial_overlap,795,2180,0.052828091724233424,0.03758169254949017,0.9561026758691386,64.79166232713014,0.24689256578696198,0,0.10945326253281315,0
l_shape_partial_overlap_hard_mixed,partial_overlap,798,1058,0.011573228541492649,0.008620553100185108,0.7179561734771729,123.71779518569163,0.15696151473376768,1,0.10638793186332891,0
l_shape_partial_overlap_hard_mixed,partial_overlap,801,2433,0.05815920339208944,0.05486007390683796,0.9991701186146993,77.34491717532548,-0.19190500452852735,1,0.09050824210276083,0
l_shape_partial_overlap_hard_mixed,partial_overlap,803,997,0.030482552541710443,0.019086702566401752,0.9944613399872048,56.95535763397603,-0.2751715222118586,1,0.10284901299487748,0
l_shape_partial_overlap_hard_mixed,partial_overlap,805,429,0.10932853820702047,0.10851612175660319,0.8208702712527257,103.54799747642095,-0.3307412352458868,0,0.1405029139136355,0
l_shape_partial_overlap_hard_mixed,partial_overlap,809,1213,0.04797569404454809,0.04155428892447389,0.9989971503227747,63.7783192876873,0.056374345238246505,1,0.1305914711312992,0
l_shape_partial_overlap_hard_mixed,partial_overlap,811,1583,0.057593891151485006,0.05713647040146244,0.9984162163398365,96.55633703475294,-0.02058660997205198,1,0.09889032234611475,0
l_shape_partial_overlap_hard_mixed,partial_overlap,812,635,0.04847479891681841,0.046952447643997176,0.9517830164548543,65.59321964193728,-0.49136424451544203,1,0.09285476116057895,0
l_shape_partial_overlap_hard_mixed,partial_overlap,813,2223,0.04260867837241192,0.018960540509721593,0.7668265404158863,123.36913990794807,-0.3243103626492317,0,0.09185039678581096,0
l_shape_partial_overlap_hard_mixed,partial_overlap,815,1110,0.08159473141639347,0.0736970975515044,0.9819196213567204,78.66959641515584,-0.30876232025017947,0,0.11467290531685957,0
l_shape_partial_overlap_hard_mixed,partial_overlap,817,1470,0.09181753114464249,0.09103434089330455,0.9976848637798664,46.18080527724075,-0.2950232843342019,0,0.09430688928595769,0
l_shape_partial_overlap_hard_mixed,partial_overlap,819,2532,0.03947659342154069,0.03539928044464933,0.9862610425518377,93.56571083602635,-0.08097867528333662,0,0.11302935742347149,0
l_shape_partial_overlap_hard_mixed,partial_overlap,820,1054,0.037770670700860313,0.03453547910825359,0.9546912161878355,82.64234852065292,0.15007283196522547,1,0.11928578738670828,0
l_shape_partial_overlap_hard_mixed,partial_overlap,821,944,0.04561358731800107,0.04370982628137701,0.9999127790404776,52.015400322893775,-0.30257047462821857,1,0.10230829435808267,0
l_shape_partial_overlap_hard_mixed,partial_overlap,822,2520,0.0833170833972217,0.06384321102550196,0.9908932321688946,46.7948940064638,-0.07045841432427155,0,0.1130405793076833,0
l_shape_partial_overlap_hard_mixed,partial_overlap,823,2918,0.09314725363534193,0.08673704787743673,0.9998110005633664,73.22386434995107,-0.10759789226481506,0,0.047838148698079924,1
l_shape_partial_overlap_hard_mixed,partial_overlap,824,1574,0.03058716764622269,0.00023243380065970096,0.38564873610667827,86.17712588342565,-0.539285788230362,1,0.1592149118681203,0
l_shape_partial_overlap_hard_mixed,partial_overlap,825,2604,0.1256788092953806,0.12265280572663907,0.9962731785485965,60.40463156038352,-0.1484198312054339,0,0.10634299453109078,0
l_shape_partial_overlap_hard_mixed,partial_overlap,827,1065,0.06848193216536166,0.06739981705052625,0.9973641169027545,31.648338598956602,-0.09435264642129719,0,0.12267732238570986,0
l_shape_partial_overlap_hard_mixed,partial_overlap,828,2788,0.02309568501895314,0.003894994370854577,0.9345128807171763,54.78984053332268,-0.03719434214429282,1,0.14950876165642177,0
l_shape_partial_overlap_hard_mixed,partial_overlap,830,2131,0.09384935058403292,0.08682609507916032,0.9537788882111127,114.49603734502878,0.21930450150311315,0,0.06838272014057581,1
l_shape_partial_overlap_hard_mixed,partial_overlap,832,1327,0.05388345339036309,0.03933341457580314,0.9758161918010061,96.02408975261994,-0.014888594636629237,0,0.14983309104152284,0
l_shape_partial_overlap_hard_mixed,partial_overlap,833,2952,0.09738164326710556,0.08512805289333655,0.9988680961038379,74.94700576914609,-0.0018165285340566149,0,0.16883215953453734,0
l_shape_partial_overlap_hard_mixed,partial_overlap,834,3044,0.07702860773276227,0.05600272633838553,0.9265250436225211,39.43911840933361,-0.06386256860058087,0,0.029819022618721283,1
l_shape_partial_overlap_hard_mixed,partial_overlap,835,2159,0.06062318108024174,0.04259384059234618,0.9257401209173295,50.40544504081081,-0.10759789226481506,0,0.12067677014124698,0
l_shape_partial_overlap_hard_mixed,partial_overlap,837,2627,0.06978054891045846,0.06199615672406316,0.9975619624140379,36.370858921855614,0.18805201721747017,0,0.07492256578365529,1
l_shape_partial_overlap_hard_mixed,partial_overlap,838,2306,0.06487464763894475,0.05610371569566804,0.39317499455560057,97.13530087744468,-0.14841982330031464,0,0.17377398466529692,0
l_shape_partial_overlap_hard_mixed,partial_overlap,839,1707,0.03717427019340257,0.02691017587704117,0.949063057778204,55.84556839904675,0.16173475348877484,1,0.07653690958720968,1
l_shape_partial_overlap_hard_mixed,partial_overlap,841,2843,0.09156899531096352,0.09058721114687998,0.9985720673295093,76.53502360281051,-0.14841980511854327,1,0.08791305776093535,0
l_shape_partial_overlap_hard_mixed,partial_overlap,845,2362,0.010547598503361103,0.006313782765711078,0.9303838398541757,121.32679823728223,0.18182150104596176,1,0.1325014834392306,0
l_shape_partial_overlap_hard_mixed,partial_overlap,846,2980,0.054754601050299834,0.05245686623109376,0.5596604040438404,82.91095597340787,-0.10919917658049856,0,0.1703499107785945,0
l_shape_partial_overlap_hard_mixed,partial_overlap,847,2841,0.07991085026762838,0.07782581878004857,0.9938668745368642,60.93437081137533,0.040821952853630904,0,0.08024838937026213,0
l_shape_partial_overlap_hard_mixed,partial_overlap,848,1523,0.08078683571601793,0.07768484987728858,0.9931964237267769,64.893225825838,-0.03594199990841482,0,0.09175172969370718,0
l_shape_partial_overlap_hard_mixed,partial_overlap,850,2504,0.08307606084323951,0.08063665360881538,0.6263268714355592,59.50094875451361,-0.08589957580073433,0,0.09717111078370673,0
l_shape_partial_overlap_hard_mixed,partial_overlap,851,3003,0.056671560553305994,0.0565503050184938,0.9947851870945593,54.24914432348099,0.040821952853630904,1,0.09561663010587353,0
l_shape_partial_overlap_hard_mixed,partial_overlap,852,1898,0.13161663351379846,0.12945142979146587,0.9764580709270092,30.200356443168324,-0.2856209147163813,0,0.03034740139669966,1
l_shape_partial_overlap_hard_mixed,partial_overlap,854,2119,0.08367587933640401,0.08195407795668311,0.9999177670558493,62.36717171165592,-0.10189986177791288,1,0.07521075360549487,1
l_shape_partial_overlap_hard_mixed,partial_overlap,856,2878,0.0715430996069645,0.07103868364908163,0.9966334233006944,96.41578019831219,0.20297764000450458,1,0.11015449543943989,0
l_shape_partial_overlap_hard_mixed,partial_overlap,857,2912,0.08049130710859918,0.07592353495945242,0.9747005644835596,124.84853887109391,0.0186340655588895,0,0.1087830509678587,0
l_shape_partial_overlap_hard_mixed,partial_overlap,858,2911,0.06124746435597627,0.05736238746068806,0.9932002348220919,67.06197599739527,0.1743531966687958,1,0.0744456569248511,1
l_shape_partial_overlap_hard_mixed,partial_overlap,861,615,0.08142018800990572,0.08106572703503119,0.9990172719247676,83.2595720512424,-0.1484198512722791,0,0.08031463028223312,0
l_shape_partial_overlap_hard_mixed,partial_overlap,862,1139,0.031856794463789424,0.025432658765266295,0.7919249179345387,83.7491014661777,0.029828208368693473,1,0.12940320558815804,0
l_shape_partial_overlap_hard_mixed,partial_overlap,864,1802,0.05475902161863117,0.040870604700327225,0.263049864199003,91.34407608398338,0.02593335155034978,0,0.17885988114021323,0
l_shape_partial_overlap_hard_mixed,partial_overlap,865,2395,0.02178500984897991,0.019822403032905306,0.17043110808860742,98.94104619076455,-0.1248894285276199,1,0.09208028336989262,0
l_shape_partial_overlap_hard_mixed,partial_overlap,867,158,0.12685916739621023,0.12472524353395172,0.994226475428084,36.6585264276533,0.09274195104937341,0,0.07974319174375132,1
l_shape_partial_overlap_hard_mixed,partial_overlap,868,674,0.07817218631119055,0.07109894663441774,0.990337834636383,36.61233160835598,-0.2987020057793144,0,0.06801681858567354,1
l_shape_partial_overlap_hard_mixed,partial_overlap,869,2085,0.047493882713943475,0.04631478390536511,0.5003492768915639,103.88149363699821,0.42965746601777666,0,0.10899136065800002,0
l_shape_partial_overlap_hard_mixed,partial_overlap,870,869,0.08830752479888729,0.08343540144958125,0.995475436029344,55.70656071792735,0.04829023788559933,0,0.11311769525649239,0
l_shape_partial_overlap_hard_mixed,partial_overlap,873,955,0.03712149983366425,0.009503000804915986,0.8288387147422628,94.39883675481788,-0.5340817800488599,1,0.09884016287739973,0
l_shape_partial_overlap_hard_mixed,partial_overlap,874,1212,0.06250037235473695,0.06032692193632867,0.9981113717478937,49.41772339112645,-0.2987020057793144,0,0.09868148501600589,0
l_shape_partial_overlap_hard_mixed,partial_overlap,875,1371,0.10875435316517403,0.09056616912520245,0.8911384180149655,87.53523520509982,-0.2662028713303207,0,0.04665669964115993,1
l_shape_partial_overlap_hard_mixed,partial_overlap,876,2643,0.08366359070829055,0.08195287807647615,0.998597781056931,110.85869570837967,0.1260166847942061,1,0.10160530425469862,0
l_shape_partial_overlap_hard_mixed,partial_overlap,877,1070,0.12093126085387589,0.07638453155445965,0.8612922169077517,64.22468924173297,0.1800838329651656,0,0.09561089726957794,0
l_shape_partial_overlap_hard_mixed,partial_overlap,879,2577,0.03596891910202325,0.025570947006870244,0.12211974587276334,74.95144588977026,0.08115437366440634,1,0.127857986835028,0
l_shape_partial_overlap_hard_mixed,partial_overlap,880,208,0.016903575092749184,0.006091359584311014,0.6742189148765239,108.4394120531997,-0.02058660997205198,1,0.129271536148496,0
l_shape_partial_overlap_hard_mixed,partial_overlap,882,888,0.01775910907814951,0.002233342376272079,0.8381257483593497,149.2345625817532,-0.08524105513829533,1,0.10252702236621986,0
l_shape_partial_overlap_hard_mixed,partial_overlap,883,332,0.08233036106314617,0.07861364222720106,0.9994338800869536,52.412878280251945,-0.3661432486577804,0,0.0923108888579153,0
l_shape_partial_overlap_hard_mixed,partial_overlap,886,422,0.031126868446232265,0.01977628749022794,0.966964029278496,69.91073887130693,-0.33563130402151864,1,0.079394659214628,1
l_shape_partial_overlap_hard_mixed,partial_overlap,887,826,0.04408035468361656,0.01684295105558962,0.9718056579604646,63.17750061764694,0.04573596940675253,1,0.0713973579941686,1
l_shape_partial_overlap_hard_mixed,partial_overlap,888,960,0.11754551075989399,0.11081998407016584,0.9960773261108317,47.30502830197051,-0.2762530584467087,0,0.08157964020254874,0
l_shape_partial_overlap_hard_mixed,partial_overlap,889,2023,0.08174568750784474,0.08052724673664573,0.0383741967685085,103.50713525800721,-0.5538847021156394,0,0.16508582696939522,0
l_shape_partial_overlap_hard_mixed,partial_overlap,890,2424,0.0889550966448777,0.08209040060421183,0.9951858712112023,36.09195035547217,-0.10189986177791288,0,0.08519991532916,0
l_shape_partial_overlap_hard_mixed,partial_overlap,892,2737,0.039389235456285455,0.03278097773193095,0.9399631596778584,66.02504721713757,-0.27847293756715163,0,0.11159862961460197,0
l_shape_partial_overlap_hard_mixed,partial_overlap,894,2234,0.09440348177202246,0.08934437666011051,0.9959620456152032,62.76236959253816,-0.10919917658049856,0,0.1207619496177629,0
l_shape_partial_overlap_hard_mixed,partial_overlap,895,2450,0.09611505616449505,0.0933201730612744,0.9994931083173947,37.137556045652005,-0.24372987128663998,0,0.06533703839404639,1
l_shape_partial_overlap_hard_mixed,partial_overlap,896,2367,0.02886196491318347,0.009371456930838575,0.968432873726861,44.25901830098646,-0.19720990976423833,1,0.08319351908632754,0
l_shape_partial_overlap_hard_mixed,partial_overlap,898,1786,0.09428147714679219,0.09319165717194985,0.9984237109781008,72.03723491407409,0.38220784888549086,1,0.06491722815952762,1
l_shape_partial_overlap_hard_mixed,partial_overlap,899,2823,0.08331331152106955,0.08292729973406572,0.9999499834019693,76.89503934536141,-0.18764051981022664,0,0.09523945630545234,0
l_shape_partial_overlap_hard_mixed,partial_overlap,901,510,0.06233125878493738,0.055005422461515366,0.8849914048416165,54.58461785844102,-0.1039681180416598,0,0.15109284030187117,0
l_shape_partial_overlap_hard_mixed,partial_overlap,902,601,0.10454032648921685,0.08902870961832668,0.7549484514470297,132.19522311591925,0.018634058565895624,0,0.11416602895611838,0
l_shape_partial_overlap_hard_mixed,partial_overlap,903,2788,0.02667986060319047,0.017842222188476933,0.9129160670161164,56.636222917536365,-0.06386256860058087,0,0.10932824812460189,0
l_shape_partial_overlap_hard_mixed,partial_overlap,904,234,0.03382178738858549,0.028672852415046884,0.13356288821436785,106.10103296465502,-0.3715633064326533,0,0.15110340322912047,0
l_shape_partial_overlap_hard_mixed,partial_overlap,905,248,0.03186055033083077,0.018337016080013948,0.7179880223924109,89.62007989094464,-0.5423238722210415,1,0.09029877426197191,0
l_shape_partial_overlap_hard_mixed,partial_overlap,906,508,0.056657212791271776,0.05452281157061866,0.9689483919518493,43.307824139600555,-0.33766165849279217,1,0.08666654540866951,0
l_shape_partial_overlap_hard_mixed,partial_overlap,907,2602,0.09821797007890425,0.09771608408681742,0.9992607641080484,39.97338566304245,-0.4107837811248146,0,0.07858400101652027,1
l_shape_partial_overlap_hard_mixed,partial_overlap,908,2154,0.0874625548226496,0.08453462419726347,0.9999730488337911,46.40247174208843,-0.23180135318805384,0,0.08055074159442306,0
l_shape_partial_overlap_hard_mixed,partial_overlap,909,2378,0.010341479460002575,0.00935388271400054,0.5710875108101641,103.9450174305085,0.16395455390771613,1,0.095276439194994,0
l_shape_partial_overlap_hard_mixed,partial_overlap,912,2225,0.08137379702011652,0.07595333084783384,0.3619246659767131,59.68335447302924,-0.28818158445041425,0,0.178679070985579,0
l_shape_partial_overlap_hard_mixed,partial_overlap,913,1260,0.08814514413120159,0.06607304682804183,0.9945060291765734,98.38805983960309,-0.7770267062124956,0,0.15101750037940184,0
l_shape_partial_overlap_hard_mixed,partial_overlap,915,2182,0.1047548199788341,0.09752469260075218,0.9966400055054473,56.04829082615097,0.2898346112970965,0,0.05570773766078867,1
l_shape_partial_overlap_hard_mixed,partial_overlap,918,1037,0.07903981084554126,0.07893264073324496,0.9557594068070001,87.5945985739997,-0.37156299393334447,0,0.15232147715027305,0
l_shape_partial_overlap_hard_mixed,partial_overlap,919,1081,0.06740554246656245,0.0660655463190553,0.9663722175828297,90.26436160524747,0.2955111956935014,0,0.09481017989157808,0
l_shape_partial_overlap_hard_mixed,partial_overlap,920,460,0.04486305830623658,0.02073395995130726,0.9999751035430756,106.76700456416684,-0.4668730601014412,0,0.10025154577766435,0
l_shape_partial_overlap_hard_mixed,partial_overlap,921,185,0.10271016428087044,0.09872816813149396,0.9819277346929278,69.20515327264472,-0.1714094171062515,0,0.042296717845827475,1
l_shape_partial_overlap_hard_mixed,partial_overlap,922,1829,0.09758942767480491,0.09061468061604916,0.8957379275732615,178.1016803329666,0.1260166847942061,0,0.14425855975870908,0
l_shape_partial_overlap_hard_mixed,partial_overlap,923,224,0.038982016771685224,0.03199755886907489,0.986889953010086,101.2401823775361,0.011922632074472318,0,0.1385994330005889,0
l_shape_partial_overlap_hard_mixed,partial_overlap,924,2996,0.05832828364410148,0.04927158013576017,0.6891995015415175,87.25471290561714,0.13926191257177525,0,0.12558531747649104,0
l_shape_partial_overlap_hard_mixed,partial_overlap,925,867,0.044942148488475255,0.041741321914922185,0.9380248135470268,45.00791965737135,-0.09126152101694089,1,0.09008140049082061,0
l_shape_partial_overlap_hard_mixed,partial_overlap,926,1076,0.01367905885409743,0.0020152103955535326,0.9644132490945744,49.79941756574611,-0.10919917658049856,1,0.11623479298484747,0
l_shape_partial_overlap_hard_mixed,partial_overlap,927,2633,0.07394157929674976,0.03083242915924429,0.9634870846966603,60.92584826282147,0.6216877536151932,0,0.0754616716865201,1
l_shape_partial_overlap_hard_mixed,partial_overlap,928,1108,0.03149708651365989,0.013296251013884984,0.9441138006820766,96.55747008609762,-0.12102094159088546,0,0.10021846528382031,0
l_shape_partial_overlap_hard_mixed,partial_overlap,930,2012,0.0788826704309133,0.0739393403405145,0.9887214591824606,115.66952150796837,0.04263517672459831,1,0.10038112285313613,0
l_shape_partial_overlap_hard_mixed,partial_overlap,931,1592,0.07689762732590129,0.07606874169475848,0.9627747053038501,136.36398721034337,-0.18924179130542496,0,0.1357997820182971,0
l_shape_partial_overlap_hard_mixed,partial_overlap,933,1053,0.16165815152028637,0.15950210616099525,0.83332612644308,49.90699113791182,-0.33947480252228895,0,0.09242060783454437,0
l_shape_partial_overlap_hard_mixed,partial_overlap,935,2649,0.06762292921098254,0.06640202636592085,0.9965303911929988,85.24517090337106,-0.008658051873563024,1,0.10600511627563333,0
l_shape_partial_overlap_hard_mixed,partial_overlap,937,1289,0.09235909457192104,0.08573094514180364,0.05706094744299289,127.23930281204568,-0.9716193125725145,0,0.2050762004087249,0
l_shape_partial_overlap_hard_mixed,partial_overlap,938,632,0.03590523358822407,0.028202226050503616,0.8999289758173702,138.12440815228172,-0.025817654597878572,1,0.13897307374044868,0
l_shape_partial_overlap_hard_mixed,partial_overlap,941,1870,0.09580308008379938,0.09391728330816745,0.9976282579648091,25.321731679595096,-0.1719503934476951,0,0.016034132678742676,1
l_shape_partial_overlap_hard_mixed,partial_overlap,942,1802,0.066604417323582,0.06567723658185211,0.6466002094757636,104.63211473506713,-0.014888594636629237,0,0.1187767490244287,0
l_shape_partial_overlap_hard_mixed,partial_overlap,943,2173,0.10599223112432336,0.08799585540165539,0.9997895906129279,65.96808871373744,-0.23180135318805384,0,0.08379791373929679,0
l_shape_partial_overlap_hard_mixed,partial_overlap,944,2805,0.07042362641614701,0.04523139859334139,0.9888640642511524,53.541676286102934,-0.0350912840970206,0,0.07202650929269444,1
l_shape_partial_overlap_hard_mixed,partial_overlap,945,1895,0.026028655085582858,0.004906352218505189,0.7730115336324344,77.77701321077315,-0.07780238856953965,0,0.11638654049081103,0
l_shape_partial_overlap_hard_mixed,partial_overlap,947,2146,0.07281786693321837,0.061484466262813675,0.974928709830411,63.731077474445584,-0.45210207867098007,0,0.13489824766549033,0
l_shape_partial_overlap_hard_mixed,partial_overlap,948,1016,0.03111918499057193,0.00956414953651053,0.0702926013430074,64.49829829560251,-0.12310211315968177,0,0.10601181766999393,0
l_shape_partial_overlap_hard_mixed,partial_overlap,950,2383,0.12209425147491602,0.12071091184437978,0.9971949601828208,79.74778134556509,-0.1039681180416598,0,0.13342590616942343,0
l_shape_partial_overlap_hard_mixed,partial_overlap,951,1053,0.1316998605955467,0.13017131626401868,0.9902403549496653,43.36717657065709,-0.1928715364640889,0,0.06897229463728136,1
l_shape_partial_overlap_hard_mixed,partial_overlap,952,1922,0.07501453588372563,0.06918116127384481,0.9999591368875523,55.388165936722665,0.26931497697303114,0,0.11121973654761773,0
l_shape_partial_overlap_hard_mixed,partial_overlap,953,2823,0.06658896336888252,0.059577597026865894,0.9994661275804995,131.77992982451605,-0.2284624659972056,1,0.08293712341114363,0
l_shape_partial_overlap_hard_mixed,partial_overlap,954,1404,0.10934018408109317,0.0990718751917528,0.9998450890271522,40.209680358093976,-0.037194314280578275,0,0.04659582449323608,1
l_shape_partial_overlap_hard_mixed,partial_overlap,955,2310,0.04053965148430333,0.02337787077751212,0.5974258368901413,97.0450336787786,0.1248732460305328,0,0.09031045300158415,0
l_shape_partial_overlap_hard_mixed,partial_overlap,956,1910,0.0917362638100445,0.09008696680972732,0.9994967911322925,73.94189860577802,0.03390151000906574,0,0.09426254067399839,0
l_shape_partial_overlap_hard_mixed,partial_overlap,958,2027,0.07801114279414144,0.06668748454319635,0.8563214033592191,96.25861641460607,-0.18924179130542496,0,0.10731050454270837,0
l_shape_partial_overlap_hard_mixed,partial_overlap,960,1717,0.11841153709587933,0.10569849550012557,0.9995940509696072,122.81572494903645,-0.190979400334423,0,0.10969530752112798,0
l_shape_partial_overlap_hard_mixed,partial_overlap,962,2160,0.012866919950532959,0.005627123376870966,0.8792742375810076,104.49198793012157,-0.07243404871804873,0,0.12840794436799807,0
l_shape_partial_overlap_hard_mixed,partial_overlap,966,2378,0.04839562093229665,0.030379646912935886,0.6890426577759157,107.537854941201,0.23457207289553828,0,0.07298123981022951,1
l_shape_partial_overlap_hard_mixed,partial_overlap,967,1452,0.05128217983323966,0.047283522297293705,0.9848985219899997,145.5588989894749,-0.014888603565184544,1,0.11580337785474512,0
l_shape_partial_overlap_hard_mixed,partial_overlap,968,2481,0.11827994991251833,0.10345440796831966,0.812284425072586,97.77136841870988,-0.22440575869450338,0,0.05733906558351489,1
l_shape_partial_overlap_hard_mixed,partial_overlap,970,1067,0.062457719860932695,0.05686728060687725,0.9623395929119595,51.087956347318126,-0.14841990255424173,0,0.05899510678461107,1
l_shape_partial_overlap_hard_mixed,partial_overlap,971,392,0.10234198002151132,0.09808075249080016,0.9858427015577873,71.18904522142479,-0.28499536472195325,0,0.0636676770533273,1
l_shape_partial_overlap_hard_mixed,partial_overlap,972,817,0.0797828942985791,0.07349885293334088,0.9988751539967221,146.97385938106663,0.1260166847942061,1,0.12685314906411974,0
l_shape_partial_overlap_hard_mixed,partial_overlap,973,667,0.035433465806056864,0.023808103722334162,0.7892919648851412,71.72643405669258,-0.02480603262723977,0,0.1447159065300505,0
l_shape_partial_overlap_hard_mixed,partial_overlap,974,1654,0.08198735421097622,0.06954551732761864,0.8785993127250421,86.41406019567486,0.10751326283623643,0,0.09876357663066856,0
l_shape_partial_overlap_hard_mixed,partial_overlap,980,1601,0.022695183398808313,0.005400984415637437,0.41952399696638437,103.24036555653989,-0.007341401276234918,1,0.10866298989100698,0
l_shape_partial_overlap_hard_mixed,partial_overlap,981,2822,0.05373229688829354,0.018391941082256315,0.9420958232800545,110.74657171049547,-0.1039681180416598,0,0.1778116833755995,0
l_shape_partial_overlap_hard_mixed,partial_overlap,985,2827,0.0947923375089942,0.09124379272682884,0.9916641158426107,110.03095314387406,-0.06503832313582608,1,0.10516936262366729,0
l_shape_partial_overlap_hard_mixed,partial_overlap,986,466,0.09421784977020953,0.09123213770078319,0.9982957202979375,105.11272163038723,0.20297764000450458,0,0.0989607745302681,0
l_shape_partial_overlap_hard_mixed,partial_overlap,987,539,0.052223888411951795,0.04938699459871768,0.9029154703461412,70.08730682190935,-0.29360178438862927,0,0.08565222352460782,0
l_shape_partial_overlap_hard_mixed,partial_overlap,988,3044,0.04074517181958436,0.006951321603972952,0.7298788579852575,90.18262241931737,-0.011218875309168508,0,0.07776542748739997,1
l_shape_partial_overlap_hard_mixed,partial_overlap,989,487,0.10287347815662211,0.09570847066627522,0.9414310748552654,140.48931988825143,-0.18120966772635233,0,0.023062456595324046,1
l_shape_partial_overlap_hard_mixed,partial_overlap,990,488,0.027743778769389767,0.0013431602002836902,0.8852551707051735,58.62109428556443,-0.14841989083264717,1,0.12769553829792188,0
l_shape_partial_overlap_hard_mixed,partial_overlap,993,1692,0.08907999400902694,0.08303799411460008,0.9995164210414078,64.44625481393945,-0.27203377932302625,0,0.03047809751873663,1
l_shape_partial_overlap_hard_mixed,partial_overlap,994,2458,0.03794860431539021,0.0220091113216461,0.9317957192072891,172.13696529171506,-0.14841991420923828,0,0.12324367181491097,0
l_shape_partial_overlap_hard_mixed,partial_overlap,995,3011,0.04195900778806031,0.03417677976085771,0.8849658990893938,87.35966528290838,0.1463794378379987,1,0.0939618221283606,0
l_shape_partial_overlap_hard_mixed,partial_overlap,997,487,0.0916208197163456,0.06843565859544255,0.8255124660659738,65.58854962791264,-0.1166712070053913,0,0.05507374182045876,1
l_shape_partial_overlap_hard_mixed,partial_overlap,998,2939,0.07251243846530611,0.07133009056797171,0.9776401688329004,80.25316073880393,-0.1823213901274407,0,0.09007768974349631,0
l_shape_partial_overlap_hard_mixed,partial_overlap,1000,1270,0.08223914423076602,0.08162781557175354,0.967105191420712,54.02782232613546,0.0651540200882974,1,0.14490002128917184,0
l_shape_partial_overlap_hard_mixed,partial_overlap,1002,2936,0.08464139058476498,0.08448889718256128,0.21546090976842253,91.4003138591013,-0.1928715364640889,0,0.19308148991774743,0
l_shape_partial_overlap_hard_mixed,partial_overlap,1003,1821,0.07126242483181845,0.06626028707860701,0.9969260477970543,47.89332686502941,-0.1484199162294378,0,0.10438199286459517,0
l_shape_partial_overlap_hard_mixed,partial_overlap,1006,1960,0.09637701903683571,0.0935635236388494,0.9982996919834651,62.824782394234056,0.0057306687566104336,0,0.1097682726366266,0
l_shape_partial_overlap_hard_mixed,partial_overlap,1007,2958,0.09343199146572365,0.08548594777822457,0.9988905615856895,52.559265518359354,-0.1039681180416598,0,0.07914568209724714,1
l_shape_partial_overlap_hard_mixed,partial_overlap,1008,2893,0.10086691074504688,0.09163720802715729,0.9809838716049109,51.80110348665096,-0.0032379927399935,0,0.05524680082878165,1
l_shape_partial_overlap_hard_mixed,partial_overlap,1010,2499,0.051211951786368844,0.04479267363171714,0.9696903972150794,59.96841258092202,0.06864444986090666,1,0.1163644181638741,0
l_shape_partial_overlap_hard_mixed,partial_overlap,1011,1042,0.08940343857805347,0.079699597324854,0.9122945735586852,70.7763925356054,-0.1259470730036347,0,0.06795109815840654,1
l_shape_partial_overlap_hard_mixed,partial_overlap,1014,616,0.09176158267431817,0.08937348613059493,0.9887868929485053,33.61536053174881,-0.22252775474474604,0,0.0786371190158782,1
l_shape_partial_overlap_hard_mixed,partial_overlap,1015,5,0.03439833509186415,0.028322295845938275,0.9945957967602974,99.5871989259946,-0.008658051873563024,1,0.12191250198746234,0
l_shape_partial_overlap_hard_mixed,partial_overlap,1016,779,0.11125278688247266,0.10969459071595744,0.9784309042282872,50.07248533052476,-0.01836686399745575,0,0.03210907963640378,1
l_shape_partial_overlap_hard_mixed,partial_overlap,1017,2147,0.04318183453387191,0.009095088287564354,0.928713805249054,81.77939016894464,0.11728304032500077,0,0.14512205051815374,0
l_shape_partial_overlap_hard_mixed,partial_overlap,1018,626,0.020519311485326402,0.004258244727073606,0.998881441050707,114.4184496490251,0.13029328827747955,1,0.1436303143304081,0
l_shape_partial_overlap_hard_mixed,partial_overlap,1023,1727,0.0904355814495538,0.08382110582943628,0.8214865240416231,66.19773754946938,-0.09285008446544496,0,0.06681063946625998,1
l_shape_partial_overlap_hard_mixed,partial_overlap,1024,1110,0.07564960533570762,0.07525394182737954,0.9873777075456645,55.439237611683,-0.1861601436426242,1,0.10302306280404495,0
l_shape_partial_overlap_hard_mixed,partial_overlap,1025,424,0.0639934375577726,0.06219557183118105,0.9920232942848499,82.9717605994792,0.2570448850413589,0,0.08518131916274672,0
l_shape_partial_overlap_hard_mixed,partial_overlap,1028,164,0.04163681839828205,0.02021287490966425,0.9869014115291549,60.547784874793486,0.2162229140253671,1,0.12730343404860076,0
l_shape_partial_overlap_hard_mixed,partial_overlap,1029,506,0.09636981560623323,0.08322499160690924,0.9810318810073705,83.70000372006345,-0.053109757132217876,0,0.0904727015922168,0
l_shape_partial_overlap_hard_mixed,partial_overlap,1030,859,0.08908216981350865,0.08387303094414872,0.9991405722913416,108.25312667889987,0.09274195104937341,0,0.09751562894512596,0
l_shape_partial_overlap_hard_mixed,partial_overlap,1032,1047,0.022959572486950477,0.01568499868063205,0.8856349055166278,90.05553114153591,-0.08957943409972517,1,0.09348750239059889,0
l_shape_partial_overlap_hard_mixed,partial_overlap,1035,1905,0.0743232806305317,0.0682115898334596,0.8916992589095457,104.75976467802143,-0.057448156519258005,1,0.1399910293911907,0
l_shape_partial_overlap_hard_mixed,partial_overlap,1036,1200,0.10230190555749717,0.0913299934581892,0.9925934193038147,119.48472773373415,0.018634058565895624,1,0.07395057498309363,1
l_shape_partial_overlap_hard_mixed,partial_overlap,1038,1859,0.09744733670700875,0.09539330551773802,0.9989173311350404,42.31507607881546,-0.14841989701024394,0,0.03685368271350196,1
l_shape_partial_overlap_hard_mixed,partial_overlap,1039,2091,0.12034512651079134,0.09556610152929271,0.9157525991291426,73.17656457300627,0.3215832803778327,0,0.14013190085073163,0
l_shape_partial_overlap_hard_mixed,partial_overlap,1040,406,0.050140712205269895,0.02948190517901855,0.9709875140976355,81.56532586916568,-0.04020639117403248,0,0.0980928915370182,0
l_shape_partial_overlap_hard_mixed,partial_overlap,1041,2622,0.04617850494665286,0.039041087850814886,0.940472104894585,53.74070967602623,-0.38022122037542105,0,0.11732764361742211,0
l_shape_partial_overlap_hard_mixed,partial_overlap,1042,911,0.06719096623512157,0.06570339439027173,0.9977096608117645,76.46086165224405,-0.5113247732652153,0,0.10232394648840941,0
l_shape_partial_overlap_hard_mixed,partial_overlap,1043,765,0.09267942700847447,0.09159730507387184,0.9916912194710257,54.57125799048299,-0.24373002810451766,0,0.07643098761651308,1
l_shape_partial_overlap_hard_mixed,partial_overlap,1044,208,0.05516587546817529,0.04813814351144304,0.6103683236323167,114.1107682327671,-0.02058660997205198,0,0.15926180991581587,0
l_shape_partial_overlap_hard_mixed,partial_overlap,1045,1932,0.12259372454124454,0.12168235559745176,0.9688364311141004,62.229269000028026,0.1278332351463941,0,0.0772994526802174,1
l_shape_partial_overlap_hard_mixed,partial_overlap,1046,1554,0.04150540332889422,0.03443271528452532,0.9788621156438039,105.41153729895055,0.20440119174994653,1,0.14538670971021492,0
l_shape_partial_overlap_hard_mixed,partial_overlap,1048,2162,0.0711995878235958,0.06671991341320657,0.9988714939978859,85.17955048302034,-0.04833648139847134,0,0.10082512890498078,0
l_shape_partial_overlap_hard_mixed,partial_overlap,1049,1199,0.00994677519471424,0.007671496346520666,0.48047968024248067,58.545938776170416,-0.30257047462821857,0,0.12347808360612311,0
l_shape_partial_overlap_hard_mixed,partial_overlap,1050,1748,0.0514854758682056,0.03230950352855231,0.980473231876197,41.35138606708457,0.19190568283563447,0,0.10148202393771562,0
l_shape_partial_overlap_hard_mixed,partial_overlap,1051,1849,0.037120363330785666,0.0293538118306283,0.23311289608384606,144.3071141717529,-0.2373673486311442,0,0.11671896863187227,0
l_shape_partial_overlap_hard_mixed,partial_overlap,1052,1035,0.1202278053596953,0.1119797392477739,0.9713179805894654,59.08618206383991,-0.22538081218057165,1,0.1343672254503507,0
l_shape_partial_overlap_hard_mixed,partial_overlap,1053,2675,0.04017004447892067,0.03565635795733235,0.9838746539544745,107.11883685152011,-0.061408580148883,1,0.11803282545274653,0
l_shape_partial_overlap_hard_mixed,partial_overlap,1054,229,0.043249107245914374,0.0026933375959667227,0.7121294269815627,69.80438979108386,0.23724232039969573,0,0.11568403038265494,0
l_shape_partial_overlap_hard_mixed,partial_overlap,1055,2520,0.08216413118807928,0.07717414791903121,0.9818051674650259,53.13008313284895,-0.09577620371883151,0,0.06803453338665229,1
l_shape_partial_overlap_hard_mixed,partial_overlap,1056,924,0.10071885370394927,0.0979228025009925,0.8942144334789667,84.13686595915034,0.0,0,0.09569200774345886,0
l_shape_partial_overlap_hard_mixed,partial_overlap,1057,1137,0.08298674485797781,0.08217973466038969,0.9684858541472464,57.1762786296672,0.018634058565895624,0,0.10020518386411253,0
l_shape_partial_overlap_hard_mixed,partial_overlap,1059,2300,0.023303862937887807,0.0030504867705705577,0.909025393977893,44.68730083531844,-0.44567112748767057,1,0.12460354784111403,0
l_shape_partial_overlap_hard_mixed,partial_overlap,1060,886,0.08693632423620286,0.08256741053285067,0.9801781853913982,61.34865958823334,0.19535142023170382,0,0.05379244873536275,1
l_shape_partial_overlap_hard_mixed,partial_overlap,1061,789,0.08996826539433785,0.08371550445092138,0.999645037201769,113.97638338093637,0.257044748823715,0,0.12333360496274476,0
l_shape_partial_overlap_hard_mixed,partial_overlap,1062,2639,0.030615211720170753,0.028584482042621488,0.9051235733351993,104.51401128213476,-0.361993686002904,1,0.11871234632391241,0
l_shape_partial_overlap_hard_mixed,partial_overlap,1063,2884,0.07459398371641306,0.06704218265812728,0.9964806490255714,56.970225223827185,0.13926191257177525,1,0.08378943237456433,0
l_shape_partial_overlap_hard_mixed,partial_overlap,1064,1511,0.016455659517138083,0.013832221177659065,0.9870203164690253,53.80354609303,0.16173475348877484,1,0.09715008712156345,0
l_shape_partial_overlap_hard_mixed,partial_overlap,1065,2507,0.05315116507331008,0.03468571648935159,0.9688200126719793,147.71119823576095,-1.0463598878895681,0,0.09642101225245082,0
l_shape_partial_overlap_hard_mixed,partial_overlap,1066,2815,0.0701847371319794,0.05600065059944293,0.916994133074224,91.84709184981715,-0.3441643540162931,0,0.09896675717404325,0
l_shape_partial_overlap_hard_mixed,partial_overlap,1067,68,0.08856960099661769,0.07363351366932093,0.9349939983309405,59.017729276009995,-0.2865700759768809,0,0.08244810211181212,0
l_shape_partial_overlap_hard_mixed,partial_overlap,1068,916,0.06447741777982954,0.06277137733755338,0.9746658389370931,52.359491996369,-0.1484198512722791,1,0.10274755314307409,0
l_shape_partial_overlap_hard_mixed,partial_overlap,1069,626,0.029547296913905695,0.01895908982694346,0.9988814410507072,115.70752787280047,0.18293698156889202,0,0.1443599860549028,0
l_shape_partial_overlap_hard_mixed,partial_overlap,1070,1864,0.028498614515517898,0.02265957970057396,0.7094927696520343,59.1964647737183,-0.4107837811248146,1,0.1692079856552288,0
l_shape_partial_overlap_hard_mixed,partial_overlap,1071,493,0.08564232253071323,0.0790837951522496,0.9079697095592181,57.25693902732297,-0.0661818580091568,0,0.06584553495954004,1
l_shape_partial_overlap_hard_mixed,partial_overlap,1072,2299,0.05537293274679968,0.04108877625802235,0.5856667744248149,110.9861196457556,-0.32277301131112346,0,0.16039044751384396,0
l_shape_partial_overlap_hard_mixed,partial_overlap,1074,2563,0.09363219368369588,0.0882855774610354,0.9583042144282737,71.75089387266881,0.3129253297503378,0,0.0664655105038384,1
l_shape_partial_overlap_hard_mixed,partial_overlap,1077,970,0.08037838708359425,0.07883385475581962,0.9211697940604608,59.651815600616956,-0.3654842413245198,0,0.0844890468820343,0
l_shape_partial_overlap_hard_mixed,partial_overlap,1079,2180,0.07833883341324265,0.07833768303941616,0.6492657607624623,89.82199452199774,0.20521989457092055,0,0.09811387679961435,0
l_shape_partial_overlap_hard_mixed,partial_overlap,1080,423,0.02139335552402975,0.007338372390250299,0.9473684713733941,68.69995200697112,-0.3997340921296331,1,0.1230003420393434,0
l_shape_partial_overlap_hard_mixed,partial_overlap,1081,464,0.08263233037308114,0.08247682850860759,0.07369919456038372,119.70073768499607,-0.6969853970385188,0,0.16885896966436803,0
l_shape_partial_overlap_hard_mixed,partial_overlap,1083,2248,0.10968861712574414,0.08319521152236439,0.9325999066841759,58.95546315017058,0.1392618867781865,0,0.1361734967280355,0
l_shape_partial_overlap_hard_mixed,partial_overlap,1084,2151,0.060068737963393584,0.05262661777314425,0.26480997169163323,91.38931380056236,-0.14841981464232767,0,0.19968630901667533,0
l_shape_partial_overlap_hard_mixed,partial_overlap,1087,1242,0.01529585159550709,0.01431608328299208,0.2810896853206637,89.22778951616604,-0.0018165297302265308,1,0.13076503992086944,0
l_shape_partial_overlap_hard_mixed,partial_overlap,1088,2017,0.07283072454807371,0.054391231934075024,0.8286315179971764,139.32483353660794,-0.10759789226481506,1,0.10034109475470737,0
l_shape_partial_overlap_hard_mixed,partial_overlap,1090,1522,0.0468357101650538,0.02185296203012996,0.9593990579337673,74.83625867180379,0.11394412473399235,0,0.08277076778049408,0
l_shape_partial_overlap_hard_mixed,partial_overlap,1092,2952,0.09268165999815152,0.08743283823289003,0.9986329443623887,80.03524003126348,0.08519473860722715,1,0.12371364836013937,0
l_shape_partial_overlap_hard_mixed,partial_overlap,1095,2042,0.09509442583355941,0.08407678011803722,0.9794711812582046,111.53614691382276,0.04263517672459831,1,0.07873780448979038,1
l_shape_partial_overlap_hard_mixed,partial_overlap,1096,2713,0.03954310753283858,0.02055411278215369,0.8881621866034084,99.60774461545684,0.03879150899284865,1,0.12022708588785225,0
l_shape_partial_overlap_hard_mixed,partial_overlap,1098,2185,0.09366485863955258,0.0911519516727472,0.9709220181005208,93.39381573642702,0.37287650897599406,0,0.10308548914376092,0
l_shape_partial_overlap_hard_mixed,partial_overlap,1100,148,0.07979121230480099,0.0767411540180905,0.9995884420365438,75.05764582413933,-0.14841984511844597,1,0.1021131516441873,0
l_shape_partial_overlap_hard_mixed,partial_overlap,1101,1333,0.08389122895371186,0.08265684104699968,0.9837849141131076,46.459403880517485,-0.31547385201938233,0,0.08744448966829474,0
l_shape_partial_overlap_hard_mixed,partial_overlap,1102,1640,0.07143304602186479,0.04338449930413238,0.9364104982511111,120.72953932564697,-0.4668730601014412,0,0.13784672809042797,0
l_shape_partial_overlap_hard_mixed,partial_overlap,1103,1255,0.04114748965700575,0.03381641725853786,0.9942525602211582,35.7066017700668,0.13926193191697284,0,0.08156173500112054,0
l_shape_partial_overlap_hard_mixed,partial_overlap,1105,487,0.05523574229520494,0.03201334184647067,0.7260573633427376,84.89884998125653,0.15526229270461323,0,0.08432556446770935,0
l_shape_partial_overlap_hard_mixed,partial_overlap,1106,860,0.10042864831032972,0.08823493419449457,0.842104092537667,57.956075035955934,0.1392618867781865,0,0.08534304373704939,0
l_shape_partial_overlap_hard_mixed,partial_overlap,1107,922,0.0797811836360989,0.060644822053771835,0.9972130575612599,111.43422786568647,0.1392618867781865,0,0.16119878670324828,0
l_shape_partial_overlap_hard_mixed,partial_overlap,1108,2072,0.0816542185610692,0.07548504446754575,0.9955911604844566,116.57166168466632,-0.06503832313582608,0,0.1250323260097725,0
l_shape_partial_overlap_hard_mixed,partial_overlap,1109,1684,0.014995691393462525,0.01081450142782064,0.8608270127248062,125.95183943746981,0.10647216305896635,1,0.11730668958509374,0
l_shape_partial_overlap_hard_mixed,partial_overlap,1110,834,0.06495799055982326,0.0597229644492432,0.9799212675853497,54.057089660291474,-0.14841982330031464,1,0.15478861783160242,0
l_shape_partial_overlap_hard_mixed,partial_overlap,1113,2127,0.052370609332574806,0.018161494993667364,0.9949632247270985,48.440704301266926,0.08338152198261992,0,0.13227646649472422,0
l_shape_partial_overlap_hard_mixed,partial_overlap,1114,178,0.08040151668813837,0.07773800549786843,0.9773082650591927,74.80753435584786,0.03390151834238077,0,0.12532244617841837,0
l_shape_partial_overlap_hard_mixed,partial_overlap,1115,963,0.09191386545484444,0.09132792723934646,0.9868484023032271,55.66680912844442,0.0,0,0.08379078058488094,0
l_shape_partial_overlap_hard_mixed,partial_overlap,1116,80,0.11362166543270462,0.10174275198962514,0.9833302353569087,70.07572179649664,-0.2762530584467087,0,0.09596547599122993,0
l_shape_partial_overlap_hard_mixed,partial_overlap,1117,1676,0.08410246992158363,0.08006181806276884,0.9996753911363369,77.71752074519594,0.1800838329651656,0,0.12332212981874613,0
l_shape_partial_overlap_hard_mixed,partial_overlap,1122,1632,0.027734251280868486,0.02559604449507988,0.997073911291364,69.75266761577389,-0.2819510584574926,1,0.11347354280103407,0
l_shape_partial_overlap_hard_mixed,partial_overlap,1123,631,0.1214492553308991,0.0931636131244452,0.8367836843716302,41.065213210748276,-0.06837722372686757,0,0.12820483753967124,0
l_shape_partial_overlap_hard_mixed,partial_overlap,1125,757,0.06704905228343755,0.06398520053281596,0.9972471289104231,140.3875658822041,-0.2762530584467087,1,0.10040479974175105,0
l_shape_partial_overlap_hard_mixed,partial_overlap,1126,2449,0.0989360537869878,0.09170316541488682,0.9959786359229648,51.14094340659105,0.021479012001216144,0,0.1032070387926815,0
l_shape_partial_overlap_hard_mixed,partial_overlap,1127,2103,0.07013537912397011,0.054028030813474535,0.997898611887593,52.106755878898255,-0.20726034063917315,1,0.05821131405014818,1
l_shape_partial_overlap_hard_mixed,partial_overlap,1128,1081,0.09439493773469013,0.08466658752802451,0.08769551304989782,59.26197928619857,-0.5837374934890168,0,0.17478208827349795,0
l_shape_partial_overlap_hard_mixed,partial_overlap,1131,813,0.0689295591376995,0.06724353109595976,0.8121258825314147,97.08993628748554,0.25704492590668043,0,0.09441434581393582,0
l_shape_partial_overlap_hard_mixed,partial_overlap,1133,2975,0.05833526074047132,0.05638307776385502,0.9917407447183877,55.79799567610199,-0.005319158058798757,1,0.0642354230808043,1
l_shape_partial_overlap_hard_mixed,partial_overlap,1134,2520,0.0945797804242845,0.08994607790140507,0.9795320876571838,122.25674340859128,-0.2039897033774462,0,0.08158578192174547,0
l_shape_partial_overlap_hard_mixed,partial_overlap,1135,1507,0.07507745203229824,0.0742689250495333,0.9995673058912652,81.44199537249436,0.06669130998260557,1,0.10593925587994732,0
l_shape_partial_overlap_hard_mixed,partial_overlap,1136,2664,0.029118504227799574,0.011551857900583513,0.9396773528851593,82.08101801681394,0.19785607684778972,1,0.13408888053885212,0
l_shape_partial_overlap_hard_mixed,partial_overlap,1137,580,0.02792967432801187,0.010075008108075661,0.015765310188679927,60.83859152962114,-0.12310211315968177,1,0.10866692269138906,0
l_shape_partial_overlap_hard_mixed,partial_overlap,1138,1748,0.05704937575592258,0.04423022129082461,0.7126595332659778,46.6559292700926,0.024851699571007795,0,0.10823498573949025,0
l_shape_partial_overlap_hard_mixed,partial_overlap,1140,1467,0.052893539145115895,0.04475751822362084,0.9191004212885008,85.12999052374268,-0.2790400233209117,0,0.11827808066455472,0
l_shape_partial_overlap_hard_mixed,partial_overlap,1141,2500,0.03294202982329352,0.020489353919173062,0.7090543317018019,49.55329742479892,-0.2576190437678657,0,0.11468880635838671,0
l_shape_partial_overlap_hard_mixed,partial_overlap,1142,1602,0.09706795809805938,0.096012244932877,0.6937942269326736,113.77549422025139,-0.1928715364640889,0,0.15262813041569692,0
l_shape_partial_overlap_hard_mixed,partial_overlap,1146,2218,0.10379725465027043,0.08154822367167922,0.9356319589787415,44.693003831978565,-0.784407896022304,0,0.07055371615632475,1
l_shape_partial_overlap_hard_mixed,partial_overlap,1147,2844,0.07700009865532903,0.07459758360322775,0.9618868534813958,134.12222408759686,-0.06503832313582608,1,0.09369017878147354,0
l_shape_partial_overlap_hard_mixed,partial_overlap,1148,616,0.09969506014547115,0.08645613616453551,0.9483060280246092,76.7817911695754,-0.3025703694696726,0,0.1088416846859446,0
l_shape_partial_overlap_hard_mixed,partial_overlap,1149,1753,0.03937012037245382,0.03531290069607079,0.9850899756841662,42.570843294553136,0.024851699571007795,1,0.11641937940328423,0
l_shape_partial_overlap_hard_mixed,partial_overlap,1150,1918,0.11041711940716357,0.09582245847982165,0.9571130041133431,73.66288445582212,-0.2284624659972056,0,0.11343319609688743,0
l_shape_partial_overlap_hard_mixed,partial_overlap,1151,1570,0.05010854156983053,0.03816177443512422,0.17096457616603736,91.82667513981602,-0.23180135318805384,0,0.19806014562980168,0
l_shape_partial_overlap_hard_mixed,partial_overlap,1154,624,0.09824058164120741,0.08875204558844152,0.7688674477946528,128.39743622159182,0.0651540200882974,0,0.08416252816912557,0
l_shape_partial_overlap_hard_mixed,partial_overlap,1155,22,0.03318721109080558,0.009215761503424638,0.8550237992566508,103.59032584173428,-0.4998172915670346,1,0.16255739881305614,0
l_shape_partial_overlap_hard_mixed,partial_overlap,1156,1419,0.050216274018367764,0.03906090637370502,0.9531476951558486,62.393180769311485,-0.2415102764228635,0,0.11850093115073274,0
l_shape_partial_overlap_hard_mixed,partial_overlap,1157,248,0.05978446699772881,0.03460682966059343,0.6292395270965383,88.62888675159195,-0.6515230488015399,0,0.14334457571525475,0
l_shape_partial_overlap_hard_mixed,partial_overlap,1158,1798,0.07112533650444425,0.061702108549414984,0.9920697308769183,53.18668131383881,0.07472345619604473,0,0.06301116590387636,1
l_shape_partial_overlap_hard_mixed,partial_overlap,1159,1570,0.027067484392245062,0.012089476855913838,0.25825905961940276,90.3384892185253,-0.14841984511844597,1,0.17556717336161642,0
l_shape_partial_overlap_hard_mixed,partial_overlap,1160,2275,0.043054093807319505,0.03958327480765293,0.8317268995200987,126.68637556573655,0.03390152786617432,0,0.13083235971679302,0
l_shape_partial_overlap_hard_mixed,partial_overlap,1161,229,0.04519542160123729,0.0214596882818166,0.6588430081749402,83.08115178155455,0.10940902798067104,0,0.14047547808676847,0
l_shape_partial_overlap_hard_mixed,partial_overlap,1162,2635,0.04731226777838344,0.043679925117555085,0.8390160268058486,58.29861233172585,-0.20726034063917315,1,0.11766596416300742,0
l_shape_partial_overlap_hard_mixed,partial_overlap,1163,625,0.11227678986630966,0.11009875234594521,0.9798605583000048,28.88487732347497,0.056374345238246505,0,0.06515581727261946,1
l_shape_partial_overlap_hard_mixed,partial_overlap,1164,2716,0.037429002206211905,0.026665141616823533,0.9998778284817841,74.67104212663652,-0.12432237281917234,0,0.11828239549109794,0
l_shape_partial_overlap_hard_mixed,partial_overlap,1165,750,0.0756410509628831,0.06664952006253937,0.17950536707387804,71.63031582948912,-0.10586026932280505,0,0.22745253344801472,0
l_shape_partial_overlap_hard_mixed,partial_overlap,1166,2020,0.06316490318195657,0.0571674156924103,0.9978127265690263,47.538835375777964,0.011922632074472318,0,0.11495522120337368,0
l_shape_partial_overlap_hard_mixed,partial_overlap,1167,3004,0.07749284975587434,0.07572048974730827,0.9620079314754237,63.78718787780331,-0.10759789226481506,0,0.09862990459519626,0
l_shape_partial_overlap_hard_mixed,partial_overlap,1168,2668,0.09281649511045015,0.08358267006766996,0.9981545518216731,59.520602562252215,-0.24850312783611309,1,0.05602686855071715,1
l_shape_partial_overlap_hard_mixed,partial_overlap,1169,2218,0.03804192974334314,0.01869427962825834,0.6293968432058209,80.67066356901194,-0.41668361162280654,1,0.14637315244913585,0
l_shape_partial_overlap_hard_mixed,partial_overlap,1170,1184,0.050812473044183154,0.03530821531172068,0.9935580320037195,49.08691705458366,-0.14841990255424173,0,0.08654572121087499,0
l_shape_partial_overlap_hard_mixed,partial_overlap,1175,2950,0.024642942112547465,0.01887061635742706,0.8258806938994505,112.15105686307948,0.36240536531456313,0,0.1251489849027631,0
l_shape_partial_overlap_hard_mixed,partial_overlap,1176,1371,0.06773249906711,0.056475496211795484,0.98659561004581,60.720762062571254,-0.12644102352031542,1,0.07426133460669182,1
l_shape_partial_overlap_hard_mixed,partial_overlap,1177,2778,0.04698216958722098,0.03291474265888586,0.9986508963984263,63.610294707299246,-0.14841990511834072,1,0.11881902217899243,0
l_shape_partial_overlap_hard_mixed,partial_overlap,1184,1563,0.09140449095713662,0.08852448559947756,0.994739175470995,75.4617914093777,-0.33947480252228895,0,0.0903696105965028,0
l_shape_partial_overlap_hard_mixed,partial_overlap,1185,1966,0.062007308251878356,0.05909189207109575,0.4729481498109731,82.50270977406267,0.33115280408156583,0,0.0771219227684364,1
l_shape_partial_overlap_hard_mixed,partial_overlap,1191,990,0.08045448520371687,0.07163058086861035,0.9993805191943448,73.49882147250649,-0.0018165285340566149,1,0.07018980338533982,1
l_shape_partial_overlap_hard_mixed,partial_overlap,1193,2804,0.08815291748034453,0.08078772926616595,0.944990315899108,63.23945296884497,-0.12310211315968177,0,0.0822756110849954,0
l_shape_partial_overlap_hard_mixed,partial_overlap,1194,1268,0.01985525988984992,0.012603730722955505,0.8645802748640364,68.75452953178366,-0.23543119776461358,1,0.12349722403702405,0
l_shape_partial_overlap_hard_mixed,partial_overlap,1195,1983,0.04764375390028801,0.04560751625498002,0.9804153040582463,61.55248859141143,-0.40331194426343486,1,0.11445368126876382,0
l_shape_partial_overlap_hard_mixed,partial_overlap,1196,1665,0.0590972144648727,0.05400038940000462,0.9978820499786828,47.31995803454526,-0.28195119417151543,1,0.08436484343264049,0
l_shape_partial_overlap_hard_mixed,partial_overlap,1197,1679,0.014330915133885767,0.0016664459427126988,0.4659495269317132,83.23732464327664,0.0,1,0.13107276715001365,0
l_shape_partial_overlap_hard_mixed,partial_overlap,1198,2068,0.05632356573976865,0.046059290984748466,0.880372980264401,64.60526096925689,-0.1484198622612682,0,0.12220361951750078,0
l_shape_partial_overlap_hard_mixed,partial_overlap,1199,1683,0.02990450686420909,0.02840421095418679,0.9661082042150663,100.68103124418161,-0.08779531161072071,0,0.09242780562044704,0
l_shape_partial_overlap_hard_mixed,partial_overlap,1203,1285,0.06688722957496016,0.05635983568725021,0.9721192907668452,50.0586818352992,-0.33766165849279217,0,0.10772875689460376,0
l_shape_partial_overlap_hard_mixed,partial_overlap,1204,2378,0.04904070473640755,0.018084561973798464,0.6895269505097166,107.1040585311919,0.1392619590002588,0,0.09661012815818153,0
l_shape_partial_overlap_hard_mixed,partial_overlap,1205,2978,0.0500132356967525,0.005808116667909527,0.9616998891777112,113.61519376681161,-0.5733024547406407,1,0.056395046735172,1
l_shape_partial_overlap_hard_mixed,partial_overlap,1206,1095,0.02752346982164678,0.0012688010990440412,0.8520159324626467,79.45817308909658,-0.07045841432427155,1,0.0980316624138493,0
l_shape_partial_overlap_hard_mixed,partial_overlap,1207,1852,0.07963279039743294,0.07313623164124347,0.9902427454344265,57.34835952711749,-0.14841982330031464,1,0.07882729052921195,1
l_shape_partial_overlap_hard_mixed,partial_overlap,1209,1946,0.05193627082550928,0.051178132354485414,0.8834274804744479,75.11608397947407,0.11728304032500077,1,0.1617987166920173,0
l_shape_partial_overlap_hard_mixed,partial_overlap,1210,1505,0.09207870577422886,0.07783285470910764,0.9993693232697379,73.70042858944414,-0.1928715364640889,0,0.15448569954897667,0
l_shape_partial_overlap_hard_mixed,partial_overlap,1214,1149,0.11173372920155399,0.11131457411097133,0.9888143591179183,30.123061480157705,-0.09962977547269398,0,0.01323078484347116,1
l_shape_partial_overlap_hard_mixed,partial_overlap,1215,901,0.09671718465231822,0.09216657384337033,0.9956279232827877,69.40694155727488,0.1743531966687958,1,0.14786232521607787,0
l_shape_partial_overlap_hard_mixed,partial_overlap,1220,2151,0.04311105169683473,0.03214324299144439,0.23105739638403278,85.54873236857108,-0.057448156519258005,0,0.19089301623916827,0
l_shape_partial_overlap_hard_mixed,partial_overlap,1223,1929,0.11156144118950907,0.11113812965606071,0.9513613282752746,54.09997335855484,-0.22252782892044606,0,0.03868687561135375,1
l_shape_partial_overlap_hard_mixed,partial_overlap,1224,1066,0.0942051371717824,0.08279649720352832,0.999010028151888,66.33841932824322,-0.1719503934476951,0,0.07350515109834328,1
l_shape_partial_overlap_hard_mixed,partial_overlap,1225,2496,0.05268770814990352,0.041390406971583193,0.9656814189917586,66.96124923139384,0.0057306687566104336,1,0.17401371839778637,0
l_shape_partial_overlap_hard_mixed,partial_overlap,1228,1347,0.07502734530742344,0.07276814579595896,0.9970338269738495,29.5589501979456,-0.12432237281917234,0,0.04499274358903076,1
l_shape_partial_overlap_hard_mixed,partial_overlap,1229,1404,0.09027540900941802,0.07873533509634105,0.9997180641647289,58.243323108314264,0.06288899891320701,0,0.07106573547470053,1
l_shape_partial_overlap_hard_mixed,partial_overlap,1232,869,0.06406330265726565,0.060901495547158783,0.9936193702355625,48.1124991220986,-0.025817654597878572,1,0.10653035327041643,0
l_shape_partial_overlap_hard_mixed,partial_overlap,1233,939,0.08775502562152869,0.08560114515991127,0.6995535354821583,135.6291637334994,-0.06140855615903095,0,0.13047344471881386,0
l_shape_partial_overlap_hard_mixed,partial_overlap,1234,2147,0.045482719399734854,0.03111097015905146,0.9774911940575172,91.4585948805451,0.011922632074472318,0,0.1214636949770246,0
l_shape_partial_overlap_hard_mixed,partial_overlap,1238,965,0.05606082737340786,0.04964580958085922,0.9934578952449975,76.56304452589164,-0.4668733981688753,0,0.1086107161185272,0
l_shape_partial_overlap_hard_mixed,partial_overlap,1239,1015,0.018275549452625665,0.0036268992404717777,0.2919029613683167,42.967874182389814,-0.11205225115914628,1,0.17185673815521676,0
l_shape_partial_overlap_hard_mixed,partial_overlap,1240,307,0.05326402077731761,0.047746808281497244,0.9937535525357486,44.32619604628378,-0.1861601436426242,1,0.07356574247531363,1
l_shape_partial_overlap_hard_mixed,partial_overlap,1241,401,0.017496542472501177,0.007637251268452115,0.8912725768857546,103.94563114417927,0.07472349619596994,1,0.1354204377154497,0
l_shape_partial_overlap_hard_mixed,partial_overlap,1243,1636,0.08034573750550626,0.0681900597797859,0.35225934363502376,69.53097133600164,-0.06140855615903095,0,0.1907995242912048,0
l_shape_partial_overlap_hard_mixed,partial_overlap,1245,1445,0.06593265551662406,0.05286476082349747,0.9921252451775354,63.629840162191314,-0.0971266436255059,0,0.09537579888819503,0
l_shape_partial_overlap_hard_mixed,partial_overlap,1247,238,0.05209613101183773,0.044530820238732574,0.9318378500666069,50.42323677693056,-0.1847874680723951,0,0.12349974351214907,0
l_shape_partial_overlap_hard_mixed,partial_overlap,1249,158,0.12229557202429829,0.11985379860565432,0.9913241946123644,47.97596317232362,0.226273214209736,0,0.10730595131136178,0
l_shape_partial_overlap_hard_mixed,partial_overlap,1251,1832,0.0526460265232643,0.03536830846985884,0.864237610579474,128.57471732395126,-0.35972858338006414,0,0.13271805878785894,0
l_shape_partial_overlap_hard_mixed,partial_overlap,1252,2861,0.0897309325429554,0.08799818395875213,0.8043183517633525,86.56329385304242,-0.14841981464232767,0,0.07740553791958163,1
l_shape_partial_overlap_hard_mixed,partial_overlap,1255,814,0.06740470204861745,0.05654264484850481,0.9966538939276822,65.72617088697794,-0.057448156519258005,1,0.15245574232073147,0
l_shape_partial_overlap_hard_mixed,partial_overlap,1256,562,0.02584310161051051,0.012657983975718315,0.9789369954856195,101.5859802509632,-0.14841990255424173,1,0.13769921371505714,0
l_shape_partial_overlap_hard_mixed,partial_overlap,1257,1505,0.09111234071365581,0.08453438969395347,0.9972158873548492,74.41077741048504,-0.10586026932280505,0,0.0874851278149016,0
l_shape_partial_overlap_hard_mixed,partial_overlap,1259,154,0.05207166112071025,0.012843158544665046,0.9854336361321824,47.47546867380105,-0.7725732737165469,0,0.15030876874498147,0
l_shape_partial_overlap_hard_mixed,partial_overlap,1260,1982,0.09626688373727776,0.09109894597785058,0.9995262734019148,121.67727217732812,-0.2819510584574926,1,0.11564618090752622,0
l_shape_partial_overlap_hard_mixed,partial_overlap,1261,699,0.04564566792453613,0.04115643390679194,0.9940810356981734,54.835754322027384,-0.30876232025017947,1,0.08973561383183717,0
l_shape_partial_overlap_hard_mixed,partial_overlap,1265,601,0.1329829859426848,0.128101172350424,0.789662905987212,128.2704997037513,-0.06140855615903095,0,0.08513893133922881,0
l_shape_partial_overlap_hard_mixed,partial_overlap,1266,577,0.03141031981143559,0.031265881374169,0.9813261337276866,75.37243754167203,-0.18016854919911507,1,0.09957977891777525,0
l_shape_partial_overlap_hard_mixed,partial_overlap,1267,2863,0.08497411314721359,0.07728065270844914,0.9515356719082885,52.347224983560935,-0.12543040919806253,0,0.09628071221522726,0
l_shape_partial_overlap_hard_mixed,partial_overlap,1268,2839,0.08094311123477063,0.07579304987333077,0.994873833409588,65.16240536059227,0.005730666772488121,0,0.10016768851457182,0
l_shape_partial_overlap_hard_mixed,partial_overlap,1269,2841,0.07279551508552586,0.06919574960779079,0.9942082312773259,67.7689082083295,0.07472347119601185,1,0.09581448033896776,0
l_shape_partial_overlap_hard_mixed,partial_overlap,1271,2183,0.04725791800832208,0.006486124683937427,0.98357890006959,90.37397339360912,0.0651540200882974,0,0.09286186885992474,0
l_shape_partial_overlap_hard_mixed,partial_overlap,1273,1843,0.09052360087235331,0.08779054755840798,0.9985481646176777,82.91971625193692,-0.1484198312054339,0,0.08621870123237303,0
l_shape_partial_overlap_hard_mixed,partial_overlap,1274,2449,0.0904610561412688,0.08748245346149133,0.9873584041650593,60.31173821769475,-0.010269657079520125,0,0.0635557082968671,1
l_shape_partial_overlap_hard_mixed,partial_overlap,1276,1500,0.08295917449191202,0.08113155365769016,0.9723623347366498,105.10147942454343,0.5960198790403517,0,0.11084751569438667,0
l_shape_partial_overlap_hard_mixed,partial_overlap,1277,1745,0.0911898722009978,0.08887265095377228,0.9555566900048489,124.73182991013665,-0.025817654597878572,0,0.09829105864821225,0
l_shape_partial_overlap_hard_mixed,partial_overlap,1278,1679,0.0850556371732359,0.0716968552060392,0.9446347779923625,108.77441583353867,-0.14841984511844597,0,0.08289156382266917,0
l_shape_partial_overlap_hard_mixed,partial_overlap,1279,1679,0.06537632028314737,0.06316169479004352,0.7212674954546134,111.35165665493156,-0.32277301131112346,0,0.10127618708990802,0
l_shape_partial_overlap_hard_mixed,partial_overlap,1280,617,0.05552478470215147,0.054346742854292016,0.9920193222170028,83.40817277016069,0.39519498806621717,1,0.10793932104135257,0
l_shape_partial_overlap_hard_mixed,partial_overlap,1281,1827,0.08763452101084164,0.08219445740719372,0.9994236733448836,153.42282448068124,-0.3307410174686878,0,0.09725717149378608,0
l_shape_partial_overlap_hard_mixed,partial_overlap,1283,599,0.0727753163490363,0.07076787063031131,0.3737482747369275,86.001359793707,-0.03719434214429282,0,0.15946522145538894,0
l_shape_partial_overlap_hard_mixed,partial_overlap,1284,2677,0.08977036833737291,0.08354506588618427,0.9991802105085512,35.315330794493576,-0.4087028404316607,0,0.1113566384243293,0
l_shape_partial_overlap_hard_mixed,partial_overlap,1286,944,0.05737618126730267,0.04180065587405873,0.9944793629499946,47.81046447453781,-0.30257047462821857,0,0.07899437846460755,1
l_shape_partial_overlap_hard_mixed,partial_overlap,1288,2648,0.025546687386185672,0.020497547726287323,0.9949031957601349,66.71884920272673,0.24548409293859852,1,0.12627259548174882,0
l_shape_partial_overlap_hard_mixed,partial_overlap,1289,2458,0.07449753088356358,0.0639430208993227,0.9811748589977827,154.68907776570148,-0.14841991420923828,0,0.08766961135569976,0
l_shape_partial_overlap_hard_mixed,partial_overlap,1293,1786,0.11582248306076333,0.10991883053768288,0.9999660655042025,76.96844355316476,0.2231433013144909,0,0.06762462223216706,1
l_shape_partial_overlap_hard_mixed,partial_overlap,1294,1355,0.09961368645348109,0.09187643913320916,0.9567557827055191,61.32059725544957,-0.24605831248790197,0,0.0930588701169257,0
l_shape_partial_overlap_hard_mixed,partial_overlap,1295,113,0.0930782111399581,0.0913676906121571,0.4789644316895826,97.74731793718946,0.13926194696324137,0,0.16505603473013725,0
l_shape_partial_overlap_hard_mixed,partial_overlap,1297,2936,0.08107447235059283,0.07238275469762996,0.21552471837472267,90.24886793002325,-0.1484198312054339,0,0.20182464814485804,0
l_shape_partial_overlap_hard_mixed,partial_overlap,1298,758,0.10153859837728155,0.09711135303648048,0.9935331870417475,42.83246918685228,0.02593335155034978,0,0.09798375626868534,0
l_shape_partial_overlap_hard_mixed,partial_overlap,1300,1337,0.04624394862582469,0.02357713386043755,0.03217655829073706,55.20809670948435,-0.4446854622873813,0,0.1279001595706367,0
l_shape_partial_overlap_hard_mixed,partial_overlap,1301,2738,0.04339599565384245,0.040822969297564245,0.94838761357343,98.66634536423504,-0.07696096706212566,1,0.14992284106647205,0
l_shape_partial_overlap_hard_mixed,partial_overlap,1302,2827,0.11180552124165719,0.10780720038204215,0.9916641158426105,119.17850439466868,-0.06503832313582608,0,0.11089986050954294,0
l_shape_partial_overlap_hard_mixed,partial_overlap,1303,2037,0.10647777551808765,0.10567668763176641,0.9907859019602717,60.61318783545913,-0.3261009581956744,0,0.0765122211527421,1
l_shape_partial_overlap_hard_mixed,partial_overlap,1305,2532,0.06279840368821002,0.04495791883453297,0.9850903158281223,80.44880875064953,-0.12543040919806253,0,0.12528345553933237,0
l_shape_partial_overlap_hard_mixed,partial_overlap,1306,1665,0.08554073683220628,0.08162873918069127,0.9983124916827373,46.7089615938866,-0.17373769451290083,0,0.09036982814410456,0
l_shape_partial_overlap_hard_mixed,partial_overlap,1307,603,0.03752091671680368,0.010037400626953893,0.7849166560790012,89.37556790801736,0.2727931757321376,1,0.10022860724119191,0
l_shape_partial_overlap_hard_mixed,partial_overlap,1308,705,0.06604674709440286,0.05074477601393738,0.9708200321362132,55.393894326412585,-0.30664379151799365,0,0.12963596711305037,0
l_shape_partial_overlap_hard_mixed,partial_overlap,1310,2839,0.09269212920559428,0.09027704974495249,0.9927213360374325,91.49782197560619,0.1392618867781865,0,0.1065465088051295,0
l_shape_partial_overlap_hard_mixed,partial_overlap,1313,1727,0.09012269420856076,0.08558171765253213,0.9938257490353531,106.92020476339229,-0.014888601779472484,0,0.11215121858311934,0
l_shape_partial_overlap_hard_mixed,partial_overlap,1314,294,0.07317661906024941,0.06682417431129621,0.11230733634695815,82.63522986237307,-0.23543110559307784,0,0.23164538864482173,0
l_shape_partial_overlap_hard_mixed,partial_overlap,1315,2121,0.08440829569359397,0.08267869505761695,0.9907393290869324,69.5151949102698,0.10289430676064813,0,0.10435338426869846,0
l_shape_partial_overlap_hard_mixed,partial_overlap,1316,2506,0.03616809727685833,0.0351877519015616,0.9489140401409595,58.02574085480258,-0.03922067469178065,1,0.10085399827321746,0
l_shape_partial_overlap_hard_mixed,partial_overlap,1317,2382,0.07311402845429842,0.07064814445818601,0.9981802763421934,37.59081849517278,-0.2284624659972056,0,0.11107488268125892,0
l_shape_partial_overlap_hard_mixed,partial_overlap,1318,1722,0.11690638074912717,0.1097942245387749,0.9948758869657399,47.05688480756673,0.1652373533321537,0,0.12784918459308484,0
l_shape_partial_overlap_hard_mixed,partial_overlap,1319,493,0.054119441643439244,0.048898146153045906,0.7539571424436216,96.66137067903293,-0.014888601779472484,0,0.05737463138669903,1
l_shape_partial_overlap_hard_mixed,partial_overlap,1320,2500,0.032146373837100714,0.011785918982699182,0.6559551217299997,45.2071868825568,-0.11451834884498632,1,0.10031131726073121,0
l_shape_partial_overlap_hard_mixed,partial_overlap,1321,2769,0.06038617519315245,0.05974056769483717,0.9989688101118683,38.14126761379351,-0.09840951825222455,0,0.08876901053023734,0
l_shape_partial_overlap_hard_mixed,partial_overlap,1322,2980,0.020012846738406084,0.019439162524542492,0.5790301721393973,45.405824857412526,-0.18924179130542496,1,0.16538632465638853,0
l_shape_partial_overlap_hard_mixed,partial_overlap,1323,731,0.05944341550344533,0.04709124738430816,0.6784358660081452,31.110842480824466,0.056374345238246505,0,0.16082242678970465,0
l_shape_partial_overlap_hard_mixed,partial_overlap,1324,2670,0.08239166978755402,0.08117250517967953,0.9998641726401301,126.32866102443003,-0.06140855615903095,1,0.11634731394807306,0
l_shape_partial_overlap_hard_mixed,partial_overlap,1326,758,0.08811565680253446,0.08624876759655718,0.9864942262169816,45.975915486885704,0.13926191257177525,1,0.0817983062101969,0
l_shape_partial_overlap_hard_mixed,partial_overlap,1327,668,0.04759597634869861,0.04671742493449754,0.993118602438875,66.54581087666689,0.2410445066514014,1,0.0911904913254669,0
l_shape_partial_overlap_hard_mixed,partial_overlap,1328,2151,0.11667699285021291,0.10206979327396781,0.995943996462527,66.29053509695555,-0.057448156519258005,0,0.10790702716964691,0
l_shape_partial_overlap_hard_mixed,partial_overlap,1329,850,0.09113708037750856,0.08621732557021612,0.8562562071011273,162.96465567478705,0.1392618867781865,0,0.11249307774883144,0
l_shape_partial_overlap_hard_mixed,partial_overlap,1330,3010,0.07591295468135535,0.07537927706073648,0.9638879591211168,65.30954716246073,-0.10919917658049856,0,0.10843612698417453,0
l_shape_partial_overlap_hard_mixed,partial_overlap,1331,49,0.07129355239607507,0.05276775657485558,0.21423182633989446,72.40747959177753,-0.30876232025017947,0,0.21720361630980006,0
l_shape_partial_overlap_hard_mixed,partial_overlap,1332,2744,0.06893612630333135,0.06663450237527156,0.9298398832465921,58.27490513388213,-0.04833651397985909,0,0.06556285717815138,1
l_shape_partial_overlap_hard_mixed,partial_overlap,1334,1116,0.09862345456011064,0.07923461889852203,0.907018669402437,61.61661974952034,-0.10919917658049856,0,0.0410927986148983,1
l_shape_partial_overlap_hard_mixed,partial_overlap,1335,2026,0.0739236932881403,0.07348572471744357,0.9944672016870688,79.525417332288,0.2231433013144909,1,0.09836776389206471,0
l_shape_partial_overlap_hard_mixed,partial_overlap,1336,2011,0.06424764036532105,0.05941783297089617,0.9951369573755797,32.363185685875116,-0.38683067075474864,0,0.0971303512147629,0
l_shape_partial_overlap_hard_mixed,partial_overlap,1337,403,0.0489780739446137,0.04200368717644528,0.0953586323971463,75.45796138276548,-0.4361017669642184,0,0.14728343917205777,0
l_shape_partial_overlap_hard_mixed,partial_overlap,1338,1293,0.04941129254371982,0.04761621181642531,0.9978391627316349,54.007164741977604,-0.24605831248790197,0,0.08373261490689851,0
l_shape_partial_overlap_hard_mixed,partial_overlap,1340,2588,0.05321505174604538,0.05003617980739232,0.966671674727015,125.53030886352933,-0.3154737331384893,0,0.120350778499104,0
l_shape_partial_overlap_hard_mixed,partial_overlap,1341,2944,0.09959952186825631,0.09598007105458792,0.9940900130683012,66.89338653940985,0.1278332351463941,1,0.065322947255779,1
l_shape_partial_overlap_hard_mixed,partial_overlap,1342,1288,0.048165877154191725,0.03881015898114249,0.9811608178436096,65.51613771997916,0.18293698156889202,1,0.11644794617417462,0
l_shape_partial_overlap_hard_mixed,partial_overlap,1343,208,0.02910147801265676,0.022659491068040945,0.7775602675412463,93.71461836307527,0.19452454512899964,0,0.1099768884139935,0
l_shape_partial_overlap_hard_mixed,partial_overlap,1344,2220,0.02016121200828019,0.004568838406467265,0.8900633537485557,172.7654212695791,-0.14841991420923828,1,0.1178009610974108,0
l_shape_partial_overlap_hard_mixed,partial_overlap,1346,254,0.114014022509641,0.10204442219464321,0.9292175952839417,109.63522927842648,-0.5538840854506156,0,0.09529226133335887,0
l_shape_partial_overlap_hard_mixed,partial_overlap,1347,2426,0.06387836714148058,0.054631858756058804,0.4700035693346022,95.20356874278788,-0.06140855615903095,0,0.15969863345980287,0
l_shape_partial_overlap_hard_mixed,partial_overlap,1350,750,0.06397836736137247,0.05229872635148241,0.22389645027707322,62.27311121262072,-0.025817654597878572,0,0.19995851720126245,0
l_shape_partial_overlap_hard_mixed,partial_overlap,1351,518,0.09429329927290782,0.08386975807036999,0.8852227199876612,44.6089168726571,-0.09577620371883151,0,0.05377688492341846,1
l_shape_partial_overlap_hard_mixed,partial_overlap,1352,1766,0.08372241110122745,0.07577495654657722,0.9991495834089851,82.90363347093488,-0.5538846727506062,0,0.1107481005893654,0
l_shape_partial_overlap_hard_mixed,partial_overlap,1353,1411,0.05010246449333967,0.02838980690840518,0.7028839935613131,74.68510316692633,0.09080962529319975,0,0.13990157671975306,0
l_shape_partial_overlap_hard_mixed,partial_overlap,1357,2375,0.024989812640070636,0.011901318226874628,0.9867859209867679,46.5959815643168,0.028510680372993886,1,0.10087856872454601,0
l_shape_partial_overlap_hard_mixed,partial_overlap,1358,561,0.030144604695350873,0.025696376979743266,0.7429263842987187,87.2047471536583,0.014098914085391481,1,0.10104773723853148,0
l_shape_partial_overlap_hard_mixed,partial_overlap,1359,2388,0.09958147484861682,0.09899648398224777,0.9937663907027185,74.09760742345189,-0.17089275743504131,0,0.05896034896685682,1
l_shape_partial_overlap_hard_mixed,partial_overlap,1363,2897,0.055471387200929693,0.05014022895299126,0.9931660476755098,61.55906327018356,0.005730671307626658,0,0.12084086010251834,0
l_shape_partial_overlap_hard_mixed,partial_overlap,1364,74,0.051782155748696164,0.014472284856542676,0.6602360638230117,104.55779057075462,-0.24372987128663998,1,0.12385633522078514,0
l_shape_partial_overlap_hard_mixed,partial_overlap,1365,964,0.07552840955205398,0.0736175779772235,0.8954385488444372,135.68120700686947,0.056374345238246505,1,0.11595053253742034,0
l_shape_partial_overlap_hard_mixed,partial_overlap,1367,1243,0.05743113662511431,0.050000091823243706,0.8486865462532921,120.98984311616157,-0.11205225115914628,0,0.11582318462047919,0
l_shape_partial_overlap_hard_mixed,partial_overlap,1369,966,0.02527251104694869,0.01840220006364052,0.9644700864677225,57.133303238467356,-0.34079164397804135,1,0.11793993978848628,0
l_shape_partial_overlap_hard_mixed,partial_overlap,1370,3010,0.06862181979007086,0.05683893751132819,0.9690227707575975,59.826795504790205,-0.10919917658049856,1,0.07810602707322813,1
l_shape_partial_overlap_hard_mixed,partial_overlap,1372,956,0.08444318593000578,0.07807145631038627,0.9187101729874112,74.85894262507435,-0.2662027583675507,0,0.13951889981094187,0
l_shape_partial_overlap_hard_mixed,partial_overlap,1373,1488,0.028097691950848408,0.023979452818179953,0.1850643512343814,148.36869377599345,-0.6931466805603205,0,0.12738769387099885,0
l_shape_partial_overlap_hard_mixed,partial_overlap,1374,1053,0.11756966480026973,0.11020780648553365,0.973406744554217,48.88139587367495,0.15007283196522547,0,0.11701808216403838,0
l_shape_partial_overlap_hard_mixed,partial_overlap,1376,2524,0.028112893324211935,0.026068008600328523,0.9996681892995593,88.55365400238355,0.13029328827747955,0,0.1250606178110294,0
l_shape_partial_overlap_hard_mixed,partial_overlap,1377,2809,0.06794325929791425,0.06744789923477172,0.9941524315420822,47.37638729904938,-0.190979400334423,1,0.12821846988799543,0
l_shape_partial_overlap_hard_mixed,partial_overlap,1380,2066,0.10324301700193744,0.08386360875355343,0.9985492602848727,103.96776301779995,0.09670232489555769,0,0.18574045910917752,0
l_shape_partial_overlap_hard_mixed,partial_overlap,1381,2037,0.05736428979348625,0.05594208895277513,0.8472667046094076,91.21376728191244,-0.10295756799245899,0,0.06409681641087842,1
l_shape_partial_overlap_hard_mixed,partial_overlap,1382,2298,0.04027902394221666,0.020662994430019836,0.9937142444648834,48.22849377481431,-0.4079308408153197,0,0.12748795450232547,0
l_shape_partial_overlap_hard_mixed,partial_overlap,1383,980,0.06330547189941531,0.029004390974261263,0.953133270301527,91.11672056188672,0.19452454512899964,0,0.10811448461055627,0
l_shape_partial_overlap_hard_mixed,partial_overlap,1384,100,0.11063051217954636,0.09728557544162612,0.9974648338053627,53.98156152175007,-0.14841981464232767,0,0.10968777443813081,0
l_shape_partial_overlap_hard_mixed,partial_overlap,1385,1922,0.035087387425823915,0.010183871855900768,0.060369909718631765,85.54823140231876,0.244622382065574,0,0.13728163710888353,0
l_shape_partial_overlap_hard_mixed,partial_overlap,1386,1570,0.08350279082162532,0.07692548773826431,0.9162673379853371,102.56841219800775,-0.10919917658049856,0,0.13376940966467207,0
l_shape_partial_overlap_hard_mixed,partial_overlap,1388,2235,0.023355265509337062,0.00032605969367234533,0.2675194143187092,84.59963325538025,0.06864444986090666,1,0.10818529733013874,0
l_shape_partial_overlap_hard_mixed,partial_overlap,1389,617,0.06276210658865483,0.04643863337934363,0.998817480215943,76.30194094340453,0.32850367808361153,0,0.13723332408697236,0
l_shape_partial_overlap_hard_mixed,partial_overlap,1390,2744,0.09134253027418501,0.0799524792712375,0.9976395099508575,33.07730963369234,-0.14841989985519022,0,0.0272156699064843,1
l_shape_partial_overlap_hard_mixed,partial_overlap,1391,2068,0.036391339236644754,0.019976915629175394,0.4960950052885124,62.187226671159095,-0.1484198622612682,1,0.1838902059570139,0
l_shape_partial_overlap_hard_mixed,partial_overlap,1392,2449,0.09621136151950382,0.08580663056230407,0.9827168653722308,75.9709226106048,-0.11205225115914628,0,0.12585493931550387,0
l_shape_partial_overlap_hard_mixed,partial_overlap,1395,1762,0.09219431202712179,0.08983051405519674,0.8811952558833821,123.24076193195945,0.46134519693770487,0,0.08479795070451275,0
l_shape_partial_overlap_hard_mixed,partial_overlap,1397,1497,0.023489974364893525,0.0033895455198112664,0.9443555266134493,64.09297441993591,0.11394412473399235,0,0.14771897104032433,0
l_shape_partial_overlap_hard_mixed,partial_overlap,1399,2037,0.06598014743520149,0.06336507301150718,0.9701053299165845,58.29889986198297,-0.12543040919806253,0,0.08379987622422035,0
l_shape_partial_overlap_hard_mixed,partial_overlap,1400,755,0.05174516117359978,0.01250949379955451,0.9845275466854655,56.21914041523918,-0.6379675105736421,0,0.1568983630341321,0
l_shape_partial_overlap_hard_mixed,partial_overlap,1401,2133,0.0273129336569166,0.002337374609443245,0.942296599565092,85.60493753354028,-0.05310979122306137,1,0.10228701268580148,0
l_shape_partial_overlap_hard_mixed,partial_overlap,1403,163,0.05498775649465343,0.053881650411488895,0.978911884699667,66.58428804236242,-0.2915206607248807,0,0.11298864381552277,0
l_shape_partial_overlap_hard_mixed,partial_overlap,1404,488,0.03157412310625528,0.025570535862371985,0.8850137342694655,77.7821066350081,-0.0661818580091568,0,0.09994628893563198,0
l_shape_partial_overlap_hard_mixed,partial_overlap,1405,330,0.08597594512156635,0.07467400047335121,0.9863565665100177,110.43427800902144,-0.6184222968669932,1,0.052997980642039526,1
l_shape_partial_overlap_hard_mixed,partial_overlap,1406,848,0.03762415492145738,0.03702867827419878,0.9982836551253352,63.48702232508811,-0.01836686399745575,1,0.09383059744159528,0
l_shape_partial_overlap_hard_mixed,partial_overlap,1407,1563,0.07384943570128974,0.07272070930560476,0.9953279132077264,70.5148285470369,-0.33947480252228895,1,0.10071970335204598,0
l_shape_partial_overlap_hard_mixed,partial_overlap,1408,1107,0.07550764699150678,0.07206948401749794,0.9954486787242084,82.84090012345088,0.257044788175464,0,0.09255982328716483,0
l_shape_partial_overlap_hard_mixed,partial_overlap,1409,2565,0.0990934678664958,0.09861348869599948,0.9973036067879506,49.63570903095585,0.07472345619604473,1,0.11081414758102412,0
l_shape_partial_overlap_hard_mixed,partial_overlap,1411,2173,0.09807467415292505,0.09642005474534592,0.999614481599343,109.6499802182265,-0.4228563245049089,0,0.07159783504003665,1
l_shape_partial_overlap_hard_mixed,partial_overlap,1414,1369,0.07811314277227521,0.07799599359171366,0.9998089081512058,73.26404404187466,-0.053109757132217876,1,0.10753019381517806,0
l_shape_partial_overlap_hard_mixed,partial_overlap,1415,2896,0.09560240639969166,0.08941952935695525,0.9331104137952486,121.54933794210629,0.0,1,0.0930577424644224,0
l_shape_partial_overlap_hard_mixed,partial_overlap,1416,963,0.0876549996224815,0.05455866179669496,0.9331971204016252,126.52227835610648,-0.18924179130542496,1,0.14725881244269073,0
l_shape_partial_overlap_hard_mixed,partial_overlap,1417,2816,0.07081499031774884,0.06830930328010079,0.9959461476868898,63.50738516186996,-0.10189986177791288,1,0.13252887204052421,0
l_shape_partial_overlap_hard_mixed,partial_overlap,1420,2485,0.058643778833459316,0.0578431368984236,0.8413426242844427,131.73270926633003,-0.10586033001110641,0,0.0837519478149322,0
l_shape_partial_overlap_hard_mixed,partial_overlap,1422,2633,0.05540479335640012,0.03635856293794309,0.8767290963694643,64.65141734816127,0.5645293713656411,0,0.08120325378519105,0
l_shape_partial_overlap_hard_mixed,partial_overlap,1423,1570,0.077849577775714,0.07051084628462327,0.916267337985343,103.13201543228394,-0.10919917658049856,0,0.13743758866725223,0
l_shape_partial_overlap_hard_mixed,partial_overlap,1424,715,0.07623316569428724,0.07220571855423007,0.999426839413968,69.70545120311145,-0.0350912840970206,0,0.07164876666338932,1
l_shape_partial_overlap_hard_mixed,partial_overlap,1426,536,0.036691386963629995,0.02424140548968975,0.9982053126394571,59.75078415318815,-0.10759789226481506,1,0.1138912239858803,0
l_shape_partial_overlap_hard_mixed,partial_overlap,1427,940,0.11891808155800926,0.1114526678391155,0.9603209530038298,118.11866929625137,-0.06503832313582608,0,0.08653280536220513,0
l_shape_partial_overlap_hard_mixed,partial_overlap,1428,1013,0.03839071091695636,0.018983699006703207,0.9512665378054042,55.422105110522466,-0.11563008014483513,1,0.13679228104040722,0
l_shape_partial_overlap_hard_mixed,partial_overlap,1430,2716,0.07885899615261037,0.05672728821027316,0.9983450585214275,71.91005609764281,-0.10079189146655301,0,0.14196181072913,0
l_shape_partial_overlap_hard_mixed,partial_overlap,1434,177,0.10571121961984485,0.09801023248238931,0.9973015310407318,53.29780658830977,-0.32277320178697405,0,0.05209195323958745,1
l_shape_partial_overlap_hard_mixed,partial_overlap,1435,540,0.07987260717452563,0.06312381042600711,0.9973079053560048,79.12849955886838,-0.2819510584574926,0,0.06221865135399675,1
l_shape_partial_overlap_hard_mixed,partial_overlap,1438,644,0.0628735007616611,0.04423872807788715,0.15136796550539286,56.063245412746255,-0.3920417634519711,0,0.1595038022328304,0
l_shape_partial_overlap_hard_mixed,partial_overlap,1439,2474,0.10681500135949389,0.10414239176265444,0.9852168950905693,79.05889270339453,0.0057306687566104336,1,0.12063839495294701,0
l_shape_partial_overlap_hard_mixed,partial_overlap,1443,2432,0.03783072654926199,0.028673125052377894,0.9489871257361625,109.4283134889848,-0.061408580148883,1,0.12131101138706883,0
l_shape_partial_overlap_hard_mixed,partial_overlap,1444,850,0.087102582620421,0.08568401758523067,0.9571073207798583,137.6960209196294,0.21930450150311315,1,0.07345972077625829,1
l_shape_partial_overlap_hard_mixed,partial_overlap,1447,1256,0.07529304863892838,0.07021356364709093,0.9989978923738306,134.10026771435435,-0.3154737331384893,1,0.08055696336238384,0
l_shape_partial_overlap_hard_mixed,partial_overlap,1448,2818,0.06743843244589712,0.05018080431670522,0.9621460322735079,62.662954629781076,-0.4107839439450005,0,0.1416397195279855,0
l_shape_partial_overlap_hard_mixed,partial_overlap,1449,2240,0.04792439861022595,0.026818884352322048,0.9469852979693266,116.28655691151495,0.3399324959608534,0,0.11385075418433038,0
l_shape_partial_overlap_hard_mixed,partial_overlap,1450,2865,0.06992700317855104,0.06873067393710634,0.994432000143906,58.01045162016297,-0.3216915107904901,0,0.09990120082129017,0
l_shape_partial_overlap_hard_mixed,partial_overlap,1451,2681,0.11061931249543004,0.10822307844840083,0.9908161319639217,35.83434486696825,-0.01488859910090564,0,0.1212862097284113,0
l_shape_partial_overlap_hard_mixed,partial_overlap,1452,1019,0.07647420065783751,0.07420075502298817,0.9987712030533251,35.714700439854,-0.48489192337235243,0,0.06932531836677756,1
l_shape_partial_overlap_hard_mixed,partial_overlap,1453,1679,0.025848598153682067,0.009766909823279336,0.49546146303932614,79.0681674249942,0.0,0,0.1438151034782094,0
l_shape_partial_overlap_hard_mixed,partial_overlap,1454,2702,0.02053669755028574,0.010468581302553265,0.9723802857758929,63.595059259335585,-0.14841984511844597,1,0.12284651067765369,0
l_shape_partial_overlap_hard_mixed,partial_overlap,1459,1588,0.07522463276668098,0.06229239100577504,0.9920083879205672,154.59974154858372,-0.02325682294864715,1,0.07446281880008183,1
l_shape_partial_overlap_hard_mixed,partial_overlap,1460,2564,0.12965826016768,0.12588011450363032,0.9991529553398036,40.61711795973215,0.0057306687566104336,0,0.11228005824629622,0
l_shape_partial_overlap_hard_mixed,partial_overlap,1461,589,0.07936058158673985,0.0788746662346532,0.9936947216690314,94.85494059665821,-0.19720990976423833,0,0.12909327682068597,0
l_shape_partial_overlap_hard_mixed,partial_overlap,1462,1461,0.057524259211827966,0.05422670122136374,0.9976183202448781,42.28257901109478,-0.10759789226481506,1,0.115041855012153,0
l_shape_partial_overlap_hard_mixed,partial_overlap,1463,2629,0.09016871334794406,0.08965719430537025,0.9992362204249421,54.08375746875996,0.02593335155034978,1,0.07008137278319354,1
l_shape_partial_overlap_hard_mixed,partial_overlap,1464,1151,0.06598558777054638,0.061506208106644394,0.9996623013465852,125.38262961050208,-0.19493977616472935,1,0.12824827530996796,0
l_shape_partial_overlap_hard_mixed,partial_overlap,1465,737,0.08236253748546697,0.07788592991702667,0.9942576701899607,100.15561523762713,0.2898346112970965,0,0.15311712754361537,0
l_shape_partial_overlap_hard_mixed,partial_overlap,1466,842,0.08139102050330596,0.05960675345889317,0.9645066714191535,95.98159215161998,-0.12175167055395592,0,0.08868879738137314,0
l_shape_partial_overlap_hard_mixed,partial_overlap,1472,2628,0.052912629489323286,0.04104922124561684,0.9770045278197081,105.26676106504118,0.11728304032500077,0,0.11176002782219062,0
l_shape_partial_overlap_hard_mixed,partial_overlap,1474,2839,0.07075900572951367,0.06992873535065872,0.9834104585695486,93.30258246274987,0.257044788175464,1,0.12072380986991131,0
l_shape_partial_overlap_hard_mixed,partial_overlap,1475,1226,0.0997036687908963,0.09195138364076075,0.955932093610563,65.68851132266157,-0.30257026431120004,0,0.11787998169629722,0
l_shape_partial_overlap_hard_mixed,partial_overlap,1477,1691,0.12428523394563477,0.11597216231146168,0.9818560577078637,104.79120242379355,0.2231433013144909,0,0.08355378407867534,0
l_shape_partial_overlap_hard_mixed,partial_overlap,1478,3039,0.08586908944876087,0.083258416250717,0.9918283539166505,52.13744296435319,-0.0794270598218667,0,0.10982444479107938,0
l_shape_partial_overlap_hard_mixed,partial_overlap,1479,2406,0.1368095173805907,0.1326990826001134,0.923721554191294,83.6111308982065,0.018634058565895624,0,0.13000161793336537,0
l_shape_partial_overlap_hard_mixed,partial_overlap,1480,1384,0.05558870179719279,0.0479977364815096,0.9993748198542538,52.57010451055976,-0.057448156519258005,1,0.08252445745934618,0
l_shape_partial_overlap_hard_mixed,partial_overlap,1481,301,0.09143206269222864,0.09015257012437912,0.9979632202286952,32.34009494772031,-0.10586026932280505,1,0.0704768355507562,1
l_shape_partial_overlap_hard_mixed,partial_overlap,1483,808,0.06974304301904073,0.0661749175696355,0.980578578803532,64.08456128600471,-0.21903743319706037,0,0.11560988046662198,0
l_shape_partial_overlap_hard_mixed,partial_overlap,1484,127,0.07265564527023545,0.0720843307453823,0.9769295202658707,85.03753500305181,0.19452454512899964,1,0.1456787880630704,0
l_shape_partial_overlap_hard_mixed,partial_overlap,1488,100,0.01814578966684472,0.009780986041142206,0.3259986751818166,75.08449601214932,0.0651540200882974,1,0.14912112837873412,0
l_shape_partial_overlap_hard_mixed,partial_overlap,1489,848,0.06582699215680912,0.06469425187753317,0.9981656226929825,64.15459910325464,-0.06837724829947295,0,0.09824070346456693,0
l_shape_partial_overlap_hard_mixed,partial_overlap,1490,705,0.054450357678670604,0.041744586963432445,0.9528926001622092,70.77318592917632,-0.033350654654813794,1,0.07286856831418217,1
l_shape_partial_overlap_hard_mixed,partial_overlap,1491,831,0.09289536815039835,0.08904067099822512,0.9986508894135956,144.24150915472762,-0.02058660997205198,0,0.11391060918861237,0
l_shape_partial_overlap_hard_mixed,partial_overlap,1493,2686,0.08621691454286609,0.08479635423904518,0.9989355537825324,63.64090009434653,-0.008658051873563024,0,0.09505575028441526,0
l_shape_partial_overlap_hard_mixed,partial_overlap,1494,2707,0.049526564382546594,0.04357756316618331,0.9855123132559871,37.37867044205187,0.10289435332141052,0,0.09223627398543512,0
l_shape_partial_overlap_hard_mixed,partial_overlap,1495,652,0.03924994139081708,0.03417629346266709,0.9981176873880956,97.19592643830258,0.010644680383632938,0,0.13263087351007047,0
l_shape_partial_overlap_hard_mixed,partial_overlap,1498,1652,0.07368623405784905,0.07174213368999928,0.9997215704649344,73.39348727400265,0.1260166847942061,0,0.1050947000361248,0
l_shape_partial_overlap_hard_mixed,partial_overlap,1499,446,0.08038184690684695,0.07956355047739655,0.9633302238508358,109.97357126037322,-0.10919917658049856,1,0.12082666117153858,0
l_shape_partial_overlap_hard_mixed,partial_overlap,1500,2404,0.058350706767629795,0.04761980206498071,0.990825301159418,73.83102919165708,0.08115437366440634,0,0.11764449486426835,0
l_shape_partial_overlap_hard_mixed,partial_overlap,1501,2452,0.027239149717357306,0.019645900843723467,0.9944166159166533,51.591131306144106,-0.057448156519258005,1,0.13814540777641135,0
l_shape_partial_overlap_hard_mixed,partial_overlap,1502,1636,0.0807949859301046,0.06686125423681376,0.3679269904380724,73.59780174725717,-0.14841982330031464,0,0.17249215811755275,0
l_shape_partial_overlap_hard_mixed,partial_overlap,1503,2633,0.10549821100147604,0.07769840401993046,0.9293093761542444,54.7373442302694,0.27029009289801526,0,0.11357348531196133,0
l_shape_partial_overlap_hard_mixed,partial_overlap,1504,2520,0.047512916344428696,0.03022846919286821,0.7054947919693222,85.72774499143263,0.09080962529319975,0,0.08916325286043908,0
l_shape_partial_overlap_hard_mixed,partial_overlap,1506,775,0.018084880578208264,0.003921668883096248,0.9132612923873629,113.05596266871748,-0.9693989208274423,1,0.14955781916134422,0
l_shape_partial_overlap_hard_mixed,partial_overlap,1507,1475,0.09270465988619127,0.09046810298447668,0.07635896619844809,81.77047397781665,-0.1928715364640889,0,0.21311045728509712,0
l_shape_partial_overlap_hard_mixed,partial_overlap,1508,893,0.11056639276274757,0.09446123380605415,0.9986686641833104,116.7678721584235,0.056374345238246505,0,0.08903100053891103,0
l_shape_partial_overlap_hard_mixed,partial_overlap,1509,2030,0.09203752987591779,0.08714856319171829,0.9662806294070251,139.1310928450661,-0.19493977616472935,0,0.08038672003463149,0
l_shape_partial_overlap_hard_mixed,partial_overlap,1511,1506,0.09605491765383475,0.09167541968986273,0.9965548029088289,37.73825183499532,-0.0457658194168143,0,0.017328711419127753,1
l_shape_partial_overlap_hard_mixed,partial_overlap,1513,118,0.05410706372220321,0.05343337139359194,0.9530557080629309,75.1903733632361,0.23294736587090925,0,0.09021009622424735,0
l_shape_partial_overlap_hard_mixed,partial_overlap,1515,1441,0.06757355509414917,0.06110180511283129,0.9897867141458251,35.39683359280577,-0.1248894285276199,0,0.07334990767557836,1
l_shape_partial_overlap_hard_mixed,partial_overlap,1519,1111,0.10030172961319182,0.09612462474599427,0.9973463796783478,60.964314423629745,-0.30257005399447656,0,0.06862780244385644,1
l_shape_partial_overlap_hard_mixed,partial_overlap,1520,1778,0.09976237421309431,0.09731043587204215,0.9962937709979965,39.450801750611085,0.09670232489555769,1,0.09769342930021482,0
l_shape_partial_overlap_hard_mixed,partial_overlap,1521,2458,0.032644648586600704,0.012816318309226167,0.22863253314724954,153.4216305130427,-0.10396818029451227,0,0.13095592176044626,0
l_shape_partial_overlap_hard_mixed,partial_overlap,1524,1699,0.042202265711608025,0.02654629707363217,0.9073043389809988,59.77887939311111,-0.061408580148883,0,0.14167734724822528,0
l_shape_partial_overlap_hard_mixed,partial_overlap,1525,1355,0.11907822967265526,0.10455106709932077,0.9984066659103716,32.72188009124001,-0.14841991209507582,0,0.014326950980231927,1
l_shape_partial_overlap_hard_mixed,partial_overlap,1529,1386,0.09574228577439947,0.09461526937065767,0.9918604810649543,78.82931686890308,-0.1039681180416598,0,0.13100859915208207,0
l_shape_partial_overlap_hard_mixed,partial_overlap,1531,2737,0.03592173883339546,0.03296214542415675,0.9423296084368594,65.87503163481435,-0.27847293756715163,1,0.10699942232439706,0
l_shape_partial_overlap_hard_mixed,partial_overlap,1532,10,0.060792028306255116,0.05623944694670824,0.2591546013911904,124.0037628040183,-0.7080351799590107,0,0.1466003140619256,0
l_shape_partial_overlap_hard_mixed,partial_overlap,1533,1115,0.09912150427319419,0.08408527566009195,0.999760209171358,65.92018028356716,-0.06503832313582608,0,0.05949118609152213,1
l_shape_partial_overlap_hard_mixed,partial_overlap,1534,1891,0.03838547143599362,0.01542006675012919,0.9832842843084131,81.92812663168934,-0.06837724829947295,0,0.15770863845876332,0
l_shape_partial_overlap_hard_mixed,partial_overlap,1535,721,0.02497693685862287,0.01757802133638851,0.7761984413674352,73.35247270289288,0.15386076189539696,1,0.1104530193040557,0
l_shape_partial_overlap_hard_mixed,partial_overlap,1536,237,0.08478536222849675,0.07679113803809932,0.9996227834822614,84.54995139631937,-0.14841990511834072,0,0.08270333563049907,0
l_shape_partial_overlap_hard_mixed,partial_overlap,1537,2417,0.03696199604334511,0.03353692801444207,0.9568028349704398,51.394952816403986,0.21930450150311315,1,0.09000291186463928,0
l_shape_partial_overlap_hard_mixed,partial_overlap,1538,2771,0.047735346887279394,0.04618140223190818,0.9841139701992335,57.58232631232354,-0.2690478174990777,0,0.07993037881557291,1
l_shape_partial_overlap_hard_mixed,partial_overlap,1539,1522,0.09102508841041403,0.04205875846829771,0.9486138926037173,37.42601961629389,-0.199713023190418,0,0.0864297620221709,0
l_shape_partial_overlap_hard_mixed,partial_overlap,1540,907,0.04569212366950852,0.03522273607498255,0.9855940995478574,87.99374558252609,-0.2819510584574926,0,0.10720921274105641,0
l_shape_partial_overlap_hard_mixed,partial_overlap,1541,2669,0.028629186372628367,0.020749427573009037,0.9054603667496417,82.74023676356715,0.02747063529082499,1,0.11048509727967673,0
l_shape_partial_overlap_hard_mixed,partial_overlap,1542,746,0.11475471914684772,0.11142605148518515,0.9354124116176129,81.18565430731266,0.4001456295368019,0,0.06078672242285689,1
l_shape_partial_overlap_hard_mixed,partial_overlap,1543,569,0.04141607037436109,0.027434593404137977,0.9863781919571392,58.600000045502696,0.24362186644172706,0,0.13119593404339358,0
l_shape_partial_overlap_hard_mixed,partial_overlap,1545,1212,0.07218408897243114,0.05312679250525169,0.9992849203009995,56.255816608326384,-0.27203377932302625,0,0.1380741757153378,0
l_shape_partial_overlap_hard_mixed,partial_overlap,1546,2220,0.04900061786189451,0.03746985057605188,0.9406548660834528,125.23887636992244,-0.10396818029451227,0,0.09533011573297362,0
l_shape_partial_overlap_hard_mixed,partial_overlap,1547,405,0.06547660142791552,0.06395020120547334,0.9966840308764322,71.03764577934179,0.27443652991265216,0,0.08739337309586502,0
l_shape_partial_overlap_hard_mixed,partial_overlap,1548,571,0.036250795809707984,0.029494406168693255,0.9932405337656688,67.66302542645462,-0.49862206724961167,1,0.10263037339953629,0
l_shape_partial_overlap_hard_mixed,partial_overlap,1549,332,0.090683090802035,0.08624536927282099,0.9999865509588033,49.85879354249186,-0.33947502220149234,0,0.05049276145331449,1
l_shape_partial_overlap_hard_mixed,partial_overlap,1550,222,0.04831317787378948,0.044116995892992755,0.9990655194914871,43.08836595960342,-0.3243103626492317,1,0.09722061819825552,0
l_shape_partial_overlap_hard_mixed,partial_overlap,1551,1910,0.06530783264691006,0.056649967309916914,0.9993893777136308,120.64477339539911,-0.008658051873563024,1,0.09763237717084315,0
l_shape_partial_overlap_hard_mixed,partial_overlap,1552,2540,0.09290732171765462,0.09137146359547885,0.9932637933310222,45.70212905829009,-0.14841985697027324,0,0.08331669097541505,0
l_shape_partial_overlap_hard_mixed,partial_overlap,1554,2271,0.07955862163657361,0.07647314305106323,0.9450216602230616,85.66147114908037,-0.199713023190418,0,0.11358760242606189,0
l_shape_partial_overlap_hard_mixed,partial_overlap,1556,2240,0.0398680703330893,0.012763659719981925,0.8336428147251684,123.11705734783469,0.5810944115440584,0,0.10120976435990646,0
l_shape_partial_overlap_hard_mixed,partial_overlap,1557,2818,0.034061593355252405,0.030903900666375328,0.9816612415913681,55.620661242227634,-0.25663340221285635,1,0.08450763313033666,0
l_shape_partial_overlap_hard_mixed,partial_overlap,1558,1151,0.07801998791543689,0.07307781150317678,0.9994538912930954,107.08626262069747,-0.19493977616472935,0,0.13385551150697375,0
l_shape_partial_overlap_hard_mixed,partial_overlap,1559,936,0.07384074197886209,0.06972731720705898,0.9965204067035097,103.78318193153437,0.2144851869410862,1,0.12752110930822416,0
l_shape_partial_overlap_hard_mixed,partial_overlap,1560,2194,0.06898707380527529,0.052911490485025754,0.8305379658503085,60.148757751635074,0.11728304032500077,0,0.11057697062209035,0
l_shape_partial_overlap_hard_mixed,partial_overlap,1564,2885,0.0736871777451702,0.0676372153358526,0.9320122045010875,56.595005185053125,0.07472347119601185,0,0.07034420286016344,1
l_shape_partial_overlap_hard_mixed,partial_overlap,1566,1802,0.03228025118040281,0.029336855721298762,0.6265420391516884,104.12105742391525,0.1743531966687958,0,0.10757699932574148,0
l_shape_partial_overlap_hard_mixed,partial_overlap,1567,1157,0.08200883850638423,0.0797793998203212,0.9870421966073136,52.95785830195763,-0.26089782998376365,0,0.052079827250765036,1
l_shape_partial_overlap_hard_mixed,partial_overlap,1569,2946,0.05886896170672008,0.03638379663389221,0.798831615573169,85.30658099271126,0.27143358205714485,1,0.15694309490431985,0
l_shape_partial_overlap_hard_mixed,partial_overlap,1570,304,0.09524501593224076,0.08837284599802377,0.9976034338482693,57.9685193170197,-0.043059428349422446,0,0.12687798050385418,0
l_shape_partial_overlap_hard_mixed,partial_overlap,1571,1379,0.10109397098447113,0.09777646751823825,0.9961864939380756,111.33691491976201,0.08338152198261992,0,0.12477656878906628,0
l_shape_partial_overlap_hard_mixed,partial_overlap,1572,2600,0.06864837466711238,0.06110728268298121,0.9554508598324369,52.36068595128499,-0.32277301131112346,1,0.13764467566734295,0
l_shape_partial_overlap_hard_mixed,partial_overlap,1574,1878,0.039423780367362424,0.027349845035564663,0.9936706983145562,39.49920483048936,0.19988650042463094,1,0.12766748530487676,0
l_shape_partial_overlap_hard_mixed,partial_overlap,1575,176,0.08536843944854122,0.08212280758063806,0.9988149503302091,68.18049614000635,0.033901496120217,0,0.08800009383796009,0
l_shape_partial_overlap_hard_mixed,partial_overlap,1576,982,0.0872026598968663,0.08465690872138416,0.9880916093019002,93.82671418887654,0.13926191257177525,0,0.06302867802726753,1
l_shape_partial_overlap_hard_mixed,partial_overlap,1577,456,0.08716167803107593,0.0844161431163301,0.9655251382022844,86.50572720465082,0.403648140180651,0,0.06766697224161469,1
l_shape_partial_overlap_hard_mixed,partial_overlap,1578,1671,0.0843076659364774,0.0776464433935689,0.0740387037586012,41.517152742178546,0.0018621966739946958,0,0.11923113266513603,0
l_shape_partial_overlap_hard_mixed,partial_overlap,1582,530,0.06758736069776392,0.0657948406179848,0.10863767525803705,58.256871767656314,-0.14841991420923828,0,0.09468231190788032,0
l_shape_partial_overlap_hard_mixed,partial_overlap,1584,2912,0.02126073237135985,0.011540373431364277,0.7866472928115148,74.03173454290551,0.32536413656155944,1,0.11037388579284378,0
l_shape_partial_overlap_hard_mixed,partial_overlap,1585,1866,0.024331402717571397,0.012297597604041088,0.9973895766125539,65.4084983776559,0.10751326283623643,1,0.10164114280017146,0
l_shape_partial_overlap_hard_mixed,partial_overlap,1587,1817,0.09250222188971485,0.08249886021368966,0.9956954744266274,101.67085477277614,-0.05880779910719567,0,0.06508687699000501,1
l_shape_partial_overlap_hard_mixed,partial_overlap,1588,745,0.10894724180784929,0.10433913864645507,0.8799028786622507,66.52338957410564,0.10940902798067104,0,0.012736344995557402,1
l_shape_partial_overlap_hard_mixed,partial_overlap,1589,536,0.048575901781329804,0.04261485993032254,0.9971875943558597,60.679254909627765,0.07472347119601185,0,0.08054796483626757,0
l_shape_partial_overlap_hard_mixed,partial_overlap,1590,37,0.04253974221441049,0.03461947947042581,0.40011582344828256,92.21773839190415,-0.5020596984891111,0,0.13776719045252686,0
l_shape_partial_overlap_hard_mixed,partial_overlap,1591,817,0.09698717083609566,0.09492826695908335,0.9997279707121094,160.28535548432325,0.08519473860722715,0,0.13350772679700904,0
l_shape_partial_overlap_hard_mixed,partial_overlap,1594,2592,0.04226521914835806,0.03407878094218239,0.9989929480356192,46.41225732218051,-0.220740523093342,1,0.10793937481421179,0
l_shape_partial_overlap_hard_mixed,partial_overlap,1595,2989,0.10298371615974326,0.09405966819793218,0.9957860851137462,43.11089772179601,0.11394416960569889,0,0.08335746149428132,0
l_shape_partial_overlap_hard_mixed,partial_overlap,1596,2133,0.038861679218834426,0.01785778794425715,0.9431889644932531,110.18697592756686,-0.1237273102108836,0,0.15348268985627736,0
l_shape_partial_overlap_hard_mixed,partial_overlap,1597,2956,0.08142997801036543,0.08080156981282982,0.5400834091102393,84.35647770468277,-0.18924179130542496,0,0.16487051941240616,0
l_shape_partial_overlap_hard_mixed,partial_overlap,1598,1722,0.12017986122012646,0.11047736369045408,0.9955834734873973,48.09982876975073,0.27443652991265216,0,0.12979144462581085,0
l_shape_partial_overlap_hard_mixed,partial_overlap,1599,179,0.09076443713526709,0.07028840285370637,0.9936740825683492,44.35711042422062,-0.1984302918593792,0,0.018957437458918133,1
l_shape_partial_overlap_hard_mixed,partial_overlap,1600,1081,0.0682759738881587,0.056812296918019714,0.06791361974312055,55.915883269151486,-0.34257571913932866,0,0.16495071095973635,0
l_shape_partial_overlap_hard_mixed,partial_overlap,1602,2085,0.0810307665078017,0.07982483544551533,0.8352568306645737,103.42031838187053,0.47728548210858557,0,0.09988982912718314,0
l_shape_partial_overlap_hard_mixed,partial_overlap,1604,1552,0.032644234538485736,0.032433235326521766,0.9864036170775808,81.07808220484674,-0.14841988011837876,1,0.12625536239599477,0
l_shape_partial_overlap_hard_mixed,partial_overlap,1605,774,0.07617914044257948,0.06603799321914439,0.9999785285004066,63.97446959808718,0.13926191257177525,1,0.17240846503106552,0
l_shape_partial_overlap_hard_mixed,partial_overlap,1606,2567,0.124441358967714,0.12369852456248645,0.9954116779809725,64.67103369163699,-0.22252775474474604,0,0.10698763943095545,0
l_shape_partial_overlap_hard_mixed,partial_overlap,1607,1594,0.03255055447103016,0.024976980696272695,0.9878772068609197,70.04002813270135,-0.14841985697027324,1,0.10670412942511927,0
l_shape_partial_overlap_hard_mixed,partial_overlap,1608,2002,0.0794735711324468,0.07379910719107668,0.9189651054949141,91.13919197696782,-0.033350654654813794,0,0.09903885095706495,0
l_shape_partial_overlap_hard_mixed,partial_overlap,1609,2583,0.08930381302798368,0.08621213039066838,0.9942618151827645,125.1954720464157,-0.6004041937978952,0,0.1190933833048982,0
l_shape_partial_overlap_hard_mixed,partial_overlap,1611,1899,0.01767579763795223,0.003525171773863543,0.9623972982903611,73.8054919703134,-0.10189992563060662,1,0.10751490222976472,0
l_shape_partial_overlap_hard_mixed,partial_overlap,1612,1895,0.017184954273275595,0.014712229028236204,0.6856879869821527,91.25347945574806,-0.1984302918593792,1,0.11742216852755466,0
l_shape_partial_overlap_hard_mixed,partial_overlap,1613,2532,0.07147944490040087,0.06846670849984406,0.9870113201755019,75.50258087663751,-0.14841991209507582,0,0.083634011266122,0
l_shape_partial_overlap_hard_mixed,partial_overlap,1614,2275,0.041624276412358004,0.023811551650862888,0.8001401630954811,110.83417541606707,0.1248732460305328,0,0.10111085341828863,0
l_shape_partial_overlap_hard_mixed,partial_overlap,1615,2962,0.07798157967112836,0.07634167479178773,0.9999574859066364,60.016693425738985,-0.14841987608612767,1,0.08024391333049577,0
l_shape_partial_overlap_hard_mixed,partial_overlap,1618,2886,0.10419074354261014,0.09513846970317621,0.9982439566996092,67.47886112951869,0.06288899891320701,0,0.10328275879412693,0
l_shape_partial_overlap_hard_mixed,partial_overlap,1620,1404,0.08720502040806616,0.08297081920256923,0.9980970154347607,55.56539668197042,-0.09126145075566547,1,0.09775283057612247,0
l_shape_partial_overlap_hard_mixed,partial_overlap,1621,2738,0.06205306096971321,0.05974720080802078,0.9786818739850522,82.77839600411329,0.021479012001216144,0,0.14044433590387817,0
l_shape_partial_overlap_hard_mixed,partial_overlap,1622,1709,0.059768520389172304,0.05600571106703356,0.9970974430716133,55.640960972626715,-0.10759789226481506,1,0.08944873132403347,0
l_shape_partial_overlap_hard_mixed,partial_overlap,1623,2323,0.04575808149549479,0.043328353627224585,0.9415645191536616,85.0209289315675,-0.22538081218057165,1,0.14604637171854803,0
l_shape_partial_overlap_hard_mixed,partial_overlap,1624,1853,0.06850233938918177,0.04786642774715879,0.9957081320030486,45.705337129654296,-0.336471950907172,0,0.07865926466181886,1
l_shape_partial_overlap_hard_mixed,partial_overlap,1625,1946,0.0576258525071998,0.04629819225838299,0.21526254606588113,63.016959735745054,-0.025817654597878572,0,0.2143332798490029,0
l_shape_partial_overlap_hard_mixed,partial_overlap,1626,2955,0.07465507058871565,0.05703216259345939,0.9953549946297537,33.90947914820003,-0.008658051873563024,0,0.0945791487240606,0
l_shape_partial_overlap_hard_mixed,partial_overlap,1627,2469,0.043333072899866404,0.04148665132695993,0.948414632657178,50.83559344533189,0.41119536138901586,1,0.09741769486285032,0
l_shape_partial_overlap_hard_mixed,partial_overlap,1628,1095,0.03351197271393077,0.03200485888356913,0.8012955505130673,80.48454139112141,-0.17581884942660406,0,0.12741572777280932,0
l_shape_partial_overlap_hard_mixed,partial_overlap,1629,2480,0.06313980668059781,0.061743210755168525,0.07717424590016633,97.87496871487173,-0.18120966772635233,0,0.17392716387296553,0
l_shape_partial_overlap_hard_mixed,partial_overlap,1630,856,0.08341694786562784,0.08027652838635524,0.9947341080090156,73.21335215291562,-0.24850312783611309,0,0.0698876816934134,1
l_shape_partial_overlap_hard_mixed,partial_overlap,1632,350,0.04195111348594844,0.03737029880300097,0.985800374366951,99.17182715802873,-0.07145888990814764,1,0.11577971232490628,0
l_shape_partial_overlap_hard_mixed,partial_overlap,1634,1927,0.04723932340905316,0.036707353721238754,0.9989604121062297,46.585221037917954,0.21930459267101388,0,0.1540716343300923,0
l_shape_partial_overlap_hard_mixed,partial_overlap,1635,2912,0.04819197708099043,0.03737084531321504,0.9320084393879946,109.2008748140406,0.11627246595171557,0,0.1247342043308498,0
l_shape_partial_overlap_hard_mixed,partial_overlap,1636,2000,0.04724924833768359,0.04569948929930064,0.9929839759091236,57.65823464593653,-0.28195119417151543,1,0.08407200596929124,0
l_shape_partial_overlap_hard_mixed,partial_overlap,1637,1944,0.07178935797784118,0.05738665467479182,0.9747437741384216,84.98553958371409,-0.18120966772635233,0,0.13301421971562746,0
l_shape_partial_overlap_hard_mixed,partial_overlap,1638,2049,0.049264838003583444,0.049048768906337775,0.7673045931518488,96.89976378709352,-0.2380319718438302,0,0.12943085004242819,0
l_shape_partial_overlap_hard_mixed,partial_overlap,1639,702,0.03942618713809611,0.017204698638968903,0.8310864035422868,93.93838121235646,-0.36098121585909476,1,0.11572129900819482,0
l_shape_partial_overlap_hard_mixed,partial_overlap,1644,1039,0.1317295652200758,0.1265649820412192,0.9953418440230679,84.09637760206621,-0.10586026932280505,0,0.10864285127386826,0
l_shape_partial_overlap_hard_mixed,partial_overlap,1646,405,0.061599174877843554,0.057199925622162084,0.9893236736823767,107.01087468683899,0.462488589987177,1,0.1195202489577845,0
l_shape_partial_overlap_hard_mixed,partial_overlap,1647,1589,0.0451312906493155,0.03146000668408405,0.9211629133443118,39.939712827258056,-0.33563130402151864,0,0.10678289335131634,0
l_shape_partial_overlap_hard_mixed,partial_overlap,1648,2102,0.04670648892272413,0.04251384795367918,0.26506473434867706,74.52264130216591,-0.2485032957555703,0,0.1340252393930044,0
l_shape_partial_overlap_hard_mixed,partial_overlap,1649,1891,0.024239495246321192,0.020228731548407847,0.9804723492985606,77.47640336189674,-0.12102094159088546,1,0.1211247463595252,0
l_shape_partial_overlap_hard_mixed,partial_overlap,1650,443,0.038570448997117056,0.024640621818133764,0.9855720199186276,67.04980329909282,-0.25107398515079155,0,0.11762468121127685,0
l_shape_partial_overlap_hard_mixed,partial_overlap,1651,493,0.027381230178925978,0.008346603403878002,0.45447531495484583,99.1368579318308,0.10289435332141052,1,0.11430174174491395,0
l_shape_partial_overlap_hard_mixed,partial_overlap,1653,278,0.0915545441913503,0.0845043831022143,0.9960326987316395,95.31748529279754,0.02593335155034978,0,0.08223528823254254,0
l_shape_partial_overlap_hard_mixed,partial_overlap,1654,1429,0.08624124095910203,0.07979412736343032,0.9352617798466323,116.32476273115665,-0.06140855615903095,0,0.15286237521794332,0
l_shape_partial_overlap_hard_mixed,partial_overlap,1655,1243,0.05216211878990232,0.051110509992971107,0.8939102948736865,116.6602567111271,-0.07696096706212566,0,0.10609403982088077,0
l_shape_partial_overlap_hard_mixed,partial_overlap,1656,598,0.09091234319582235,0.08920378429366818,0.9303357984108286,107.35326761753471,-0.23939148932850363,1,0.14071825681715994,0
l_shape_partial_overlap_hard_mixed,partial_overlap,1657,401,0.03848798410910471,0.02905276861259077,0.9498587867528259,89.23771442316713,0.07472349619596994,0,0.09341113921390319,0
l_shape_partial_overlap_hard_mixed,partial_overlap,1658,2987,0.07267065030445187,0.06831357964383769,0.9964382475066867,61.44739171740751,-0.6592449622182956,1,0.11682955199947102,0
l_shape_partial_overlap_hard_mixed,partial_overlap,1659,1736,0.02957760032087582,0.0015076946763137745,0.998702974588499,79.41104065946416,0.19452454512899964,0,0.13848433011689695,0
l_shape_partial_overlap_hard_mixed,partial_overlap,1660,1371,0.0810618507770299,0.07527192887309683,0.9787605148083275,64.93918893303888,-0.12644102352031542,0,0.061423639727176925,1
l_shape_partial_overlap_hard_mixed,partial_overlap,1661,1864,0.042986373749510386,0.03381956861315871,0.4880303106857883,62.64406169730924,-0.07431195878880122,0,0.17863934111879484,0
l_shape_partial_overlap_hard_mixed,partial_overlap,1662,2540,0.07155052412355224,0.06789769187954776,0.9928819576854117,59.20489660994993,-0.010269657079520125,1,0.11206480201434799,0
l_shape_partial_overlap_hard_mixed,partial_overlap,1663,1870,0.10357370097996213,0.10222503906538734,0.9985824965581642,26.380770500151435,-0.19604792818588473,0,0.006456039511902971,1
l_shape_partial_overlap_hard_mixed,partial_overlap,1665,275,0.05642292847993915,0.04679183687420342,0.9999960725818736,96.38667639469791,-0.493259827195229,1,0.10647149930935539,0
l_shape_partial_overlap_hard_mixed,partial_overlap,1667,1625,0.0348730248250262,0.02800164322198424,0.9913805079839535,89.81781463156284,0.02747063529082499,1,0.11234306104037824,0
l_shape_partial_overlap_hard_mixed,partial_overlap,1668,679,0.09935593829599859,0.09783774405932168,0.9997064517245227,124.88408033303948,0.0651540200882974,0,0.08777609817103536,0
l_shape_partial_overlap_hard_mixed,partial_overlap,1669,1475,0.011378838851117918,0.0018090776952864444,0.4253892116072492,117.1403883271498,-0.025817654597878572,1,0.15194509314802274,0
l_shape_partial_overlap_hard_mixed,partial_overlap,1670,2665,0.09302440626305603,0.09169223238317221,0.9849539003470789,51.91886558854219,0.08210358050887437,1,0.08057824333342146,0
l_shape_partial_overlap_hard_mixed,partial_overlap,1671,422,0.0379668517487669,0.03536593998773072,0.9916079310204785,68.7589895886395,-0.30664379151799365,0,0.11261928651830865,0
l_shape_partial_overlap_hard_mixed,partial_overlap,1673,2240,0.029564823604638104,0.02264809149603036,0.8419228482379822,128.11454532050277,0.3624053371664569,1,0.12321737466279781,0
l_shape_partial_overlap_hard_mixed,partial_overlap,1675,943,0.06841123507916325,0.06767594336488075,0.9757329069485586,60.735146391181694,-0.4361017669642184,0,0.08626815415705301,0
l_shape_partial_overlap_hard_mixed,partial_overlap,1676,2005,0.04668635758509763,0.03770710321666994,0.06382832172369231,42.2978429475494,-0.35814024510959025,1,0.12765993814535928,0
l_shape_partial_overlap_hard_mixed,partial_overlap,1677,723,0.13065066306122552,0.13057640459125844,0.9497070984707784,86.9388881368197,0.3035648069367948,0,0.11793337994271322,0
l_shape_partial_overlap_hard_mixed,partial_overlap,1681,1943,0.11503941960330391,0.11464293758345051,0.9990401132254664,45.175558597655225,-0.09840951825222455,0,0.02980959984250686,1
l_shape_partial_overlap_hard_mixed,partial_overlap,1682,2778,0.06863426205412473,0.06389847307410695,0.9995662943721799,60.398309774437735,-0.22638138780431313,0,0.11884276903947362,0
l_shape_partial_overlap_hard_mixed,partial_overlap,1684,2690,0.01257123596002602,0.00047363019633032326,0.2581414586963979,72.01967248521625,-0.14841984511844597,1,0.15135347844279876,0
l_shape_partial_overlap_hard_mixed,partial_overlap,1686,829,0.07445223634800184,0.06772027383498765,0.9969128637086035,62.3703370018675,0.21259313225061882,0,0.07541005393196852,1
l_shape_partial_overlap_hard_mixed,partial_overlap,1687,35,0.06452824340949363,0.06337974476936553,0.9704237527005761,86.7650681542411,-0.24850312783611309,1,0.11245804746671297,0
l_shape_partial_overlap_hard_mixed,partial_overlap,1688,2017,0.12037836699923964,0.10227183219296947,0.907928354760695,130.79076325476623,-0.10759789226481506,0,0.11609782620286443,0
l_shape_partial_overlap_hard_mixed,partial_overlap,1690,2907,0.03764521877867996,0.013803439713868495,0.8171413899421928,84.07334862688096,-0.09126152101694089,1,0.1332864743775035,0
l_shape_partial_overlap_hard_mixed,partial_overlap,1693,1177,0.09959083825858042,0.09802075038622667,0.996905593912449,69.5604570118425,0.2410445066514014,1,0.10445021974589418,0
l_shape_partial_overlap_hard_mixed,partial_overlap,1695,1663,0.08119595110721955,0.07956390043637407,0.9995994023812053,28.87696317241006,-0.38683067075474864,0,0.07865083502541718,1
l_shape_partial_overlap_hard_mixed,partial_overlap,1696,2248,0.11087099788743052,0.10984528994956397,0.9872542412526908,132.24379290442937,0.052250619636902806,0,0.09953841442759169,0
l_shape_partial_overlap_hard_mixed,partial_overlap,1697,2324,0.03605933490972025,0.028827867372259626,0.9953174641421025,65.24985951305098,-0.14841988390625127,1,0.10400272745807546,0
l_shape_partial_overlap_hard_mixed,partial_overlap,1699,2567,0.13190288723908578,0.12528941802294524,0.9971286857035077,77.07660882540728,-0.3025703694696726,0,0.14512424992623024,0
l_shape_partial_overlap_hard_mixed,partial_overlap,1700,1586,0.0621079730451449,0.05455408246021224,0.9685352737052371,95.97747832218697,-0.5538844280421216,0,0.06599853849861971,1
l_shape_partial_overlap_hard_mixed,partial_overlap,1701,2170,0.08351095511231532,0.07337850534760994,0.9978187091369565,36.60389796816794,0.1652373533321537,0,0.09325006810903,0
l_shape_partial_overlap_hard_mixed,partial_overlap,1703,1532,0.0867057029042129,0.07398888267681829,0.9995082215273595,135.07906335360948,0.09670232489555769,0,0.14483906627115736,0
l_shape_partial_overlap_hard_mixed,partial_overlap,1704,406,0.023756313801030163,0.018412297688782633,0.8343027195669319,84.75818228615813,-0.04020639117403248,1,0.1153779182897891,0
l_shape_partial_overlap_hard_mixed,partial_overlap,1705,725,0.10565657803896035,0.0985978371577185,0.9919760150601613,76.22047717414438,-0.2596452501362078,0,0.1306778126303757,0
l_shape_partial_overlap_hard_mixed,partial_overlap,1706,679,0.08270308454551982,0.07967457528959883,0.9978549735476124,116.42930574408089,-0.10189986177791288,1,0.0976401641510218,0
l_shape_partial_overlap_hard_mixed,partial_overlap,1707,2805,0.06905112469565212,0.03484440773836896,0.9867611521671071,71.67822993284967,-0.07145888990814764,0,0.11815508723657625,0
l_shape_partial_overlap_hard_mixed,partial_overlap,1708,81,0.04238871174029728,0.02998620902229634,0.2309975169902033,107.44736258160388,-0.6663625928541306,1,0.14172833949023733,0
l_shape_partial_overlap_hard_mixed,partial_overlap,1709,2019,0.035614223141852495,0.005476000471155295,0.8623921879693667,89.21882837969865,0.20297764000450458,1,0.13228141037118532,0
l_shape_partial_overlap_hard_mixed,partial_overlap,1710,2168,0.06949320529396306,0.06533841318651662,0.9732911576975437,60.774911758297655,-0.07431195878880122,1,0.11046879419085577,0
l_shape_partial_overlap_hard_mixed,partial_overlap,1712,684,0.0697072515865482,0.06720521156288946,0.05436314615991979,72.47352729675458,-0.44388389315769966,0,0.12605859307253772,0
l_shape_partial_overlap_hard_mixed,partial_overlap,1713,1371,0.07721350883167015,0.07148712933242195,0.9862479056788063,61.08274593690948,-0.2174127416846739,0,0.05961273121682352,1
l_shape_partial_overlap_hard_mixed,partial_overlap,1714,1793,0.028355571656297214,0.020786422675272236,0.996207013202491,101.63642013384484,-0.30257026431120004,1,0.12801690501020208,0
l_shape_partial_overlap_hard_mixed,partial_overlap,1715,900,0.1013489201023862,0.09304256675962796,0.9798815255848664,51.767859510615,-0.2865700759768809,0,0.09081675143846904,0
l_shape_partial_overlap_hard_mixed,partial_overlap,1716,503,0.07659559078580935,0.07305450768938976,0.39530883029637526,106.20541981600435,-0.3820343716512779,0,0.181817968406218,0
l_shape_partial_overlap_hard_mixed,partial_overlap,1717,1654,0.10348882456606392,0.10202395750485663,0.9816436790964507,121.50742662550948,0.10751326283623643,0,0.1094833966749473,0
l_shape_partial_overlap_hard_mixed,partial_overlap,1720,679,0.10414143773584617,0.09546951067244208,0.999559206504801,139.66196161951007,-0.10189986177791288,0,0.14186849217531372,0
l_shape_partial_overlap_hard_mixed,partial_overlap,1721,2107,0.04513829139653113,0.04352933292146538,0.9975832996118246,92.27284031990973,-0.1847874680723951,1,0.09707616613834794,0
l_shape_partial_overlap_hard_mixed,partial_overlap,1722,2520,0.040581745124552926,0.031364072853288454,0.6645684721115719,86.29390792931193,-0.0457658194168143,0,0.12149510930754714,0
l_shape_partial_overlap_hard_mixed,partial_overlap,1724,2367,0.03151068098213482,0.006759468668521557,0.9617036338392646,55.15656079517008,-0.10189986177791288,0,0.13527183623191188,0
l_shape_partial_overlap_hard_mixed,partial_overlap,1725,2008,0.044787896009160194,0.0340891666874026,0.9943075101580522,58.18748449032682,-0.11764824891372173,0,0.08543990940179023,0
l_shape_partial_overlap_hard_mixed,partial_overlap,1728,1770,0.060669560038717804,0.04881739188509068,0.9961305551313218,82.51325731294216,-0.008658051873563024,1,0.1046337588352423,0
l_shape_partial_overlap_hard_mixed,partial_overlap,1730,301,0.09342262981162927,0.09170396657047755,0.9972514412531557,38.572888450911364,0.04829023788559933,0,0.08527596007636522,0
l_shape_partial_overlap_hard_mixed,partial_overlap,1733,1205,0.08727849313938353,0.08602427777569265,0.5916881744559285,103.14861332600415,0.18805206007452502,0,0.1692761571657906,0
l_shape_partial_overlap_hard_mixed,partial_overlap,1734,1285,0.06201716287164084,0.04870382204819779,0.9934162378717757,40.273990363697656,-0.2576190437678657,0,0.12074773561736872,0
l_shape_partial_overlap_hard_mixed,partial_overlap,1735,2208,0.0707221035883321,0.06838567464504997,0.9997466537118277,120.38628260315244,-0.008658051873563024,1,0.08684722230349642,0
l_shape_partial_overlap_hard_mixed,partial_overlap,1737,2869,0.06803646879723609,0.06086761140270234,0.9437101297894962,56.26246353362894,-0.19604792818588473,0,0.11529238667393799,0
l_shape_partial_overlap_hard_mixed,partial_overlap,1741,278,0.10133071702867787,0.08984707173642344,0.9968444778559004,105.84654101950606,0.0651540200882974,0,0.08997633960581695,0
l_shape_partial_overlap_hard_mixed,partial_overlap,1742,2061,0.039064950282236804,0.026866817252748455,0.8387712333961056,64.44819378326545,-0.1750881263114784,0,0.11460607277476961,0
l_shape_partial_overlap_hard_mixed,partial_overlap,1743,1749,0.12706058853992705,0.11653799770895754,0.9986229962004463,78.69697329239217,0.11394412473399235,0,0.08116221375956251,0
l_shape_partial_overlap_hard_mixed,partial_overlap,1744,1936,0.07705591696964392,0.07307814404483479,0.9967125191911818,63.394354202154496,-0.053109757132217876,1,0.10701259921880242,0
l_shape_partial_overlap_hard_mixed,partial_overlap,1745,2504,0.039377371317824615,0.024144035717029846,0.9687323430463095,65.04615219185891,0.055178906829282,1,0.07147268886695307,1
l_shape_partial_overlap_hard_mixed,partial_overlap,1746,1131,0.035240303007952445,0.03323833835067391,0.984894998259884,37.02691125192116,0.16395455390771613,1,0.08752800448346759,0
l_shape_partial_overlap_hard_mixed,partial_overlap,1747,1602,0.08955997317221831,0.08462553252049375,0.5873738637513048,106.11337511464991,-0.06503832313582608,0,0.14419911671319074,0
l_shape_partial_overlap_hard_mixed,partial_overlap,1748,1522,0.02433245157683857,0.021236891677297573,0.9777729804792314,75.46184297932038,0.03390151000906574,1,0.1336383968519576,0
l_shape_partial_overlap_hard_mixed,partial_overlap,1749,883,0.1048682857921977,0.08325861635775801,0.7741334807812434,137.28343854614977,0.08519473860722715,0,0.1270546227540177,0
l_shape_partial_overlap_hard_mixed,partial_overlap,1750,2027,0.07957127743914884,0.0676523058678593,0.19830698923472928,71.4234984354048,-0.0350912840970206,0,0.1893556714708094,0
l_shape_partial_overlap_hard_mixed,partial_overlap,1751,2958,0.09077632736207272,0.08580972861445581,0.9975912484269691,34.82127633496751,-0.14841982330031464,1,0.0714910657125412,1
l_shape_partial_overlap_hard_mixed,partial_overlap,1752,1294,0.06237461477072566,0.04679555129898104,0.29505359714621626,47.93437045451237,-0.37156318143286576,0,0.2292184086466258,0
l_shape_partial_overlap_hard_mixed,partial_overlap,1753,1168,0.08595511146185655,0.08021187083775312,0.9437614208050564,68.65065817414502,-0.09840951825222455,0,0.07984675146017937,1
l_shape_partial_overlap_hard_mixed,partial_overlap,1756,2824,0.08271658065341789,0.07813315759950426,0.9977978749255964,124.74623669178601,-0.14841981464232767,1,0.06491202152297873,1
l_shape_partial_overlap_hard_mixed,partial_overlap,1757,1536,0.09355873471634707,0.08689524078171938,0.9988236120493675,85.17954592731905,0.27646283364383195,1,0.09507555935756347,0
l_shape_partial_overlap_hard_mixed,partial_overlap,1758,1808,0.09605602476285008,0.09430370519328116,0.9839483695464324,85.10145735833358,-0.08388143536961928,0,0.06649501203408896,1
l_shape_partial_overlap_hard_mixed,partial_overlap,1759,556,0.04113841175522878,0.032890127698292124,0.24869329998558987,124.52810231186112,-0.6184231885310071,0,0.15208801205690875,0
l_shape_partial_overlap_hard_mixed,partial_overlap,1760,208,0.036973205283826784,0.005736727871498428,0.80953946156273,94.5442161808527,0.1278332351463941,0,0.10006043044676248,0
l_shape_partial_overlap_hard_mixed,partial_overlap,1761,1149,0.0988157987375595,0.06622674739830471,0.8596903618331609,68.0183160681207,-0.1237273102108836,0,0.100551922900872,0
l_shape_partial_overlap_hard_mixed,partial_overlap,1762,1940,0.021575719316075777,0.0020494114850256283,0.998385006033519,34.346962477309084,-0.29683971230581313,1,0.0878203627703732,0
l_shape_partial_overlap_hard_mixed,partial_overlap,1763,1375,0.0797367020124766,0.07415316257177434,0.999956913689482,84.567380025022,0.04263517672459831,0,0.10550766475922156,0
l_shape_partial_overlap_hard_mixed,partial_overlap,1767,2975,0.08291371575668652,0.08017597597871112,0.9963280484010154,40.19142915393537,-0.14841990255424173,0,0.04667491483739943,1
l_shape_partial_overlap_hard_mixed,partial_overlap,1768,773,0.027908546251106846,0.019593590958206356,0.9538962910076079,30.308513051530657,0.19785607684778972,1,0.09241233489764908,0
l_shape_partial_overlap_hard_mixed,partial_overlap,1771,2195,0.09256040370845471,0.0748176686671663,0.9836508713621958,45.57247222776603,-0.17373769451290083,0,0.10158729504307558,0
l_shape_partial_overlap_hard_mixed,partial_overlap,1772,1779,0.08143226756037286,0.07640212223688349,0.996873196583461,44.60828070077711,-0.05947248347587075,0,0.1046532884057198,0
l_shape_partial_overlap_hard_mixed,partial_overlap,1773,1212,0.08177075009980062,0.08073758013096863,0.9997253192056951,48.823297973106726,-0.27203377932302625,0,0.08297296060429168,0
l_shape_partial_overlap_hard_mixed,partial_overlap,1774,989,0.01962871425617452,0.0069019725723024625,0.7618879272218468,128.73874861351453,0.10940902798067104,1,0.14451918585686857,0
l_shape_partial_overlap_hard_mixed,partial_overlap,1775,554,0.03064770348357465,0.028706543112925056,0.9868081749274512,49.66999299445852,-0.17373769451290083,1,0.08743158051308741,0
l_shape_partial_overlap_hard_mixed,partial_overlap,1776,2996,0.023156783580044187,0.00587093715042054,0.5429597458853255,72.25551013347183,0.1743531966687958,1,0.13860223499043597,0
l_shape_partial_overlap_hard_mixed,partial_overlap,1778,429,0.13965648053170857,0.13836373853023376,0.9305800208556416,102.57405256503313,-0.25378028003558833,0,0.11329275813950443,0
l_shape_partial_overlap_hard_mixed,partial_overlap,1779,2170,0.10257740989785577,0.092508414170597,0.9992002145923701,75.5974784609019,0.04263517672459831,0,0.06584396693586328,1
l_shape_partial_overlap_hard_mixed,partial_overlap,1780,2447,0.1160103466285283,0.10831467660098631,0.9884877097138399,51.22004105857266,0.08338152198261992,0,0.09381923904979578,0
l_shape_partial_overlap_hard_mixed,partial_overlap,1782,682,0.0811016259517252,0.07652010855830856,0.9978595897539778,72.43608955692356,0.16173475348877484,0,0.11969178579946418,0
l_shape_partial_overlap_hard_mixed,partial_overlap,1783,665,0.09791281099493096,0.097368965327057,0.9979224513189084,62.02831795236119,0.3624051964259924,1,0.09943842687360835,0
l_shape_partial_overlap_hard_mixed,partial_overlap,1786,1276,0.07585761996687017,0.07473575935418564,0.9962754668014633,59.58154164764902,-0.02058660997205198,1,0.14778136853455182,0
l_shape_partial_overlap_hard_mixed,partial_overlap,1787,2633,0.063759871660729,0.04009848667771398,0.9901323426706075,64.29293386401324,0.6029956307358094,0,0.1068183041521002,0
l_shape_partial_overlap_hard_mixed,partial_overlap,1788,1797,0.056766564226205116,0.05402427407181363,0.6384616705873781,96.06647115459852,-0.005319158058798757,0,0.13947527282050795,0
l_shape_partial_overlap_hard_mixed,partial_overlap,1789,2093,0.023403853519099134,0.022570665988826642,0.9961517530575587,111.66346237309268,-0.14841981464232767,0,0.11134221006592415,0
l_shape_partial_overlap_hard_mixed,partial_overlap,1790,2475,0.10968767171468403,0.10051108433382872,0.9701633543291839,106.97961625241668,-0.476923460979996,0,0.1340159523493696,0
l_shape_partial_overlap_hard_mixed,partial_overlap,1793,1876,0.11229107217015769,0.11208303864518508,0.18588810545914433,86.18168143261752,0.04829023788559933,0,0.22035827355322485,0
l_shape_partial_overlap_hard_mixed,partial_overlap,1795,665,0.11796417903078922,0.11403526524814837,0.9991459649335013,69.5033230352262,0.293412393986591,0,0.08595695820321937,0
l_shape_partial_overlap_hard_mixed,partial_overlap,1796,599,0.04124604285019657,0.03240846150534247,0.9865651868761678,90.35215460772731,-0.09126152101694089,0,0.1044558900620684,0
l_shape_partial_overlap_hard_mixed,partial_overlap,1797,2126,0.03281448568357054,0.027028283155807645,0.9909333668285231,55.358292509001984,-0.04997988812402525,1,0.10871814164061973,0
l_shape_partial_overlap_hard_mixed,partial_overlap,1798,1779,0.0635411135699975,0.04650346533355218,0.9959230886153602,48.66287199745662,-0.08097867528333662,0,0.11473846298675873,0
l_shape_partial_overlap_hard_mixed,partial_overlap,1800,964,0.07938935888292635,0.07852786537377421,0.8800220581245698,139.65066646247953,-0.02058660997205198,0,0.113933600396751,0
l_shape_partial_overlap_hard_mixed,partial_overlap,1801,148,0.0838495662069342,0.07199203905353171,0.9988395010846113,60.81756943200711,-0.14841984511844597,0,0.10273086268196395,0
l_shape_partial_overlap_hard_mixed,partial_overlap,1802,774,0.09599658307013041,0.09077719648055949,0.9999688916709686,79.3325149116037,0.10289430676064813,0,0.16678850593993788,0
l_shape_partial_overlap_hard_mixed,partial_overlap,1803,2310,0.01625692400129148,0.011756952165954584,0.753929044815121,93.79517435375968,0.1248732460305328,1,0.09957120209605053,0
l_shape_partial_overlap_hard_mixed,partial_overlap,1804,1274,0.05393973203711521,0.026500539759502412,0.7391699906372573,102.18117659569084,-0.30257026431120004,1,0.09055584732971024,0
l_shape_partial_overlap_hard_mixed,partial_overlap,1806,82,0.07767422749769833,0.07669963935776154,0.9993734587196844,84.88692545405706,0.08338152198261992,1,0.1413934399360171,0
l_shape_partial_overlap_hard_mixed,partial_overlap,1808,2620,0.04752408462462843,0.04601784464939531,0.7821147408470936,55.78714837837345,-0.18924179130542496,0,0.1786611275587797,0
l_shape_partial_overlap_hard_mixed,partial_overlap,1809,2376,0.03864486815740676,0.029457840552101634,0.9918026770802343,50.61466850492171,0.06669130998260557,0,0.07882520636889302,1
l_shape_partial_overlap_hard_mixed,partial_overlap,1812,2268,0.052277309862034854,0.04804539246711978,0.8981976375309616,69.69059786792361,0.0592193043715612,0,0.11970865321896462,0
l_shape_partial_overlap_hard_mixed,partial_overlap,1813,1047,0.024556946141173885,0.021770298294398367,0.8778126474989145,85.53584751301176,-0.14841988390625127,0,0.11978613134865902,0
l_shape_partial_overlap_hard_mixed,partial_overlap,1814,122,0.07848745698451944,0.07596846600606638,0.9992106582398314,116.66672109476978,0.257044748823715,1,0.13329240914100027,0
l_shape_partial_overlap_hard_mixed,partial_overlap,1815,191,0.07191821599386146,0.07065879749504766,0.9989000848437218,53.17806368854796,0.3440561491717612,1,0.10809681491636304,0
l_shape_partial_overlap_hard_mixed,partial_overlap,1817,745,0.06499377819616144,0.043196153810485687,0.8832273547332378,59.93986389436117,0.3142033185728851,0,0.10577656996031808,0
l_shape_partial_overlap_hard_mixed,partial_overlap,1818,957,0.02952361782215951,0.02146913638369942,0.5787184171192277,87.15743827099479,0.056374345238246505,1,0.13208610431229467,0
l_shape_partial_overlap_hard_mixed,partial_overlap,1819,2298,0.03457689579847415,0.013924205290347167,0.9871415434063177,55.31447329825249,-0.44567112748767057,1,0.15814596227084696,0
l_shape_partial_overlap_hard_mixed,partial_overlap,1820,1128,0.08689055520574933,0.08587965375949941,0.9997504932746847,64.15841487459994,0.0747234336961059,1,0.1476033409907451,0
l_shape_partial_overlap_hard_mixed,partial_overlap,1822,904,0.04183069830548053,0.02403962538760692,0.9810690557062018,114.25372830249009,-0.11067956459992824,1,0.09735741951134537,0
l_shape_partial_overlap_hard_mixed,partial_overlap,1824,2928,0.049070239142174184,0.0477959372074333,0.597300659783013,100.37760299764707,0.0693034334857339,0,0.06607970280687306,1
l_shape_partial_overlap_hard_mixed,partial_overlap,1826,528,0.050304358181698275,0.028374200587549213,0.9586231272432272,44.11613435993368,-0.5877862204580203,0,0.14659286794722548,0
l_shape_partial_overlap_hard_mixed,partial_overlap,1827,715,0.06801031672947175,0.06536546371954279,0.9993316250584403,84.10481934329361,0.12921161026799896,1,0.09894007950062464,0
l_shape_partial_overlap_hard_mixed,partial_overlap,1829,51,0.06298451658192054,0.052632859919047356,0.9998821500475628,78.87784753528553,0.056374345238246505,1,0.06208079319186253,1
l_shape_partial_overlap_hard_mixed,partial_overlap,1832,527,0.042234131950051344,0.031438499153766994,0.7404381471050265,82.44926616813973,-0.2576190437678657,0,0.10841521133241289,0
l_shape_partial_overlap_hard_mixed,partial_overlap,1833,1243,0.0511143581685529,0.047557705317729855,0.9543085734657651,42.3750135366431,-0.07696096706212566,0,0.08634641689235163,0
l_shape_partial_overlap_hard_mixed,partial_overlap,1834,1070,0.10562791065139764,0.05894567693841529,0.8533848028599692,45.94376218427596,0.39519498806621717,0,0.07058829159843265,1
l_shape_partial_overlap_hard_mixed,partial_overlap,1835,631,0.09336688975467763,0.08992548479757756,0.7803688586991053,102.08125662267939,0.13926193191697284,0,0.11730499549478242,0
l_shape_partial_overlap_hard_mixed,partial_overlap,1836,2992,0.028473251798290074,0.01158761967541311,0.9880149798791448,43.78001292082082,-0.1484198512722791,1,0.13211905537594631,0
l_shape_partial_overlap_hard_mixed,partial_overlap,1837,2119,0.09243992123993243,0.0857173110250123,0.999055813380333,111.55311999277161,-0.014888594636629237,0,0.12039784109934407,0
l_shape_partial_overlap_hard_mixed,partial_overlap,1838,530,0.036517881711505426,0.03275839533260076,0.03055367218379275,55.485672050760726,-0.14841991420923828,1,0.10430263572134923,0
l_shape_partial_overlap_hard_mixed,partial_overlap,1839,1498,0.07255396276492133,0.061336094050272044,0.9919985652524247,65.68139696120303,-0.317496127560005,0,0.13074100316282297,0
l_shape_partial_overlap_hard_mixed,partial_overlap,1840,307,0.05746928711025146,0.05524145015957667,0.9963435006893535,76.43388546728868,-0.010269657079520125,0,0.09717089337767264,0
l_shape_partial_overlap_hard_mixed,partial_overlap,1841,1465,0.02435623789259116,0.019812977973337045,0.9967634866740301,49.82669951109639,0.11984387287921931,1,0.1123738923975304,0
l_shape_partial_overlap_hard_mixed,partial_overlap,1843,2758,0.09972673694213303,0.092984206080328,0.995620267994046,76.40898127509169,0.21259313225061882,0,0.12261238776832964,0
l_shape_partial_overlap_hard_mixed,partial_overlap,1844,2602,0.09594287952401225,0.09217810011815226,0.9997286698775042,38.89041857254943,-0.361993686002904,0,0.053890664803711456,1
l_shape_partial_overlap_hard_mixed,partial_overlap,1846,2306,0.058060823626694735,0.028513678781340875,0.9635283454365997,49.53919203134484,0.19452454512899964,0,0.1244330580714159,0
l_shape_partial_overlap_hard_mixed,partial_overlap,1847,1505,0.07690503164340234,0.07505507860445726,0.9983086559922546,66.56425909431404,-0.10586026932280505,1,0.0996062902851631,0
l_shape_partial_overlap_hard_mixed,partial_overlap,1848,2520,0.09816689821858729,0.08869032903028055,0.9458022044722083,127.78417483539518,-0.23297721588097112,0,0.11278089119115677,0
l_shape_partial_overlap_hard_mixed,partial_overlap,1850,2922,0.09380547379569168,0.09125337671686981,0.9959311770063496,49.953616393158576,-0.14841983845179404,1,0.09575047735426247,0
l_shape_partial_overlap_hard_mixed,partial_overlap,1853,1813,0.013771356202875009,0.008060347234595304,0.35997840416644855,85.59842132477881,-0.0032379927399935,1,0.10033618987922373,0
l_shape_partial_overlap_hard_mixed,partial_overlap,1854,1447,0.0824557122813749,0.07675398788209364,0.9992704116437797,78.7243092327446,0.1278332351463941,0,0.11207475453605292,0
l_shape_partial_overlap_hard_mixed,partial_overlap,1856,1603,0.023209002493942723,0.012360131197464156,0.9559900494122887,52.792510169499586,-0.1224444330200659,1,0.1176282993811189,0
l_shape_partial_overlap_hard_mixed,partial_overlap,1857,2458,0.008521923712298533,0.00812493712575915,0.6810353874672717,177.2562934937189,-0.08246198848704649,1,0.11788721220569276,0
l_shape_partial_overlap_hard_mixed,partial_overlap,1858,1555,0.08845376335173748,0.08708414746901477,0.9958486601892002,72.19551188848781,0.018634058565895624,1,0.1309685346855491,0
l_shape_partial_overlap_hard_mixed,partial_overlap,1859,2499,0.06816542278670022,0.067687981520346,0.9670387239196955,88.3559160620098,0.13926196884872882,0,0.09234276676027547,0
l_shape_partial_overlap_hard_mixed,partial_overlap,1860,1654,0.07972768360330187,0.0642518141851978,0.8920909588947147,82.17974161234227,0.10751326283623643,0,0.12355977846337535,0
l_shape_partial_overlap_hard_mixed,partial_overlap,1861,2085,0.05513293826782829,0.047690008535911786,0.383039160448305,98.9262231643784,0.35367161488063514,0,0.08780545098821402,0
l_shape_partial_overlap_hard_mixed,partial_overlap,1862,1589,0.06259418857528194,0.05874911298942156,0.8853694218386253,46.8541605599361,-0.4280045416099131,0,0.15426996082775493,0
l_shape_partial_overlap_hard_mixed,partial_overlap,1864,2129,0.10615716456257797,0.10452322517427556,0.9914173715731021,60.371002354641554,0.1743531966687958,1,0.09239779239160635,0
l_shape_partial_overlap_hard_mixed,partial_overlap,1866,1459,0.08478126929640142,0.08326961122187196,0.9981845432797837,64.79552519719351,-0.190979400334423,0,0.13329862972039105,0
l_shape_partial_overlap_hard_mixed,partial_overlap,1867,2000,0.07158964292074284,0.07099258147596807,0.9947610420910736,61.82083810388799,-0.22638138780431313,0,0.09669766663426133,0
l_shape_partial_overlap_hard_mixed,partial_overlap,1868,1423,0.12198447962238533,0.12080756297689747,0.9698365343404047,41.89064959334709,-0.14841990511834072,0,0.016568947322466658,1
l_shape_partial_overlap_hard_mixed,partial_overlap,1869,997,0.05689100989776322,0.05068148266103269,0.9944613399872072,57.69153124966168,-0.30257047462821857,0,0.09094424970259447,0
l_shape_partial_overlap_hard_mixed,partial_overlap,1871,1721,0.08883701150073192,0.08349915671500045,0.9997739744129439,50.35557629793722,-0.44952481411859335,0,0.08807695003054475,0
l_shape_partial_overlap_hard_mixed,partial_overlap,1872,1418,0.0893244074427319,0.08635250165042935,0.9969911643610878,68.77421138013989,0.1278332351463941,0,0.1163749071571829,0
l_shape_partial_overlap_hard_mixed,partial_overlap,1873,171,0.03203001951770458,0.010736537375947321,0.9460355662410181,76.63274767365125,-0.09577620371883151,0,0.12625500954669178,0
l_shape_partial_overlap_hard_mixed,partial_overlap,1874,1423,0.07436137898334044,0.06293212260027921,0.9243609799627414,50.577108517990595,0.15168449936915282,0,0.0866315238659685,0
l_shape_partial_overlap_hard_mixed,partial_overlap,1875,1481,0.05886466790173915,0.04978908031917259,0.9912589036847632,74.47408958629373,0.18182150104596176,0,0.18292073757373828,0
l_shape_partial_overlap_hard_mixed,partial_overlap,1876,1138,0.08190400126780745,0.06914596203169351,0.9721449824910029,45.65712609487755,-0.49862206724961167,0,0.14067828946050642,0
l_shape_partial_overlap_hard_mixed,partial_overlap,1877,2350,0.0720365731400986,0.06601317974157624,0.9982027060354401,79.33965296914768,-0.053109757132217876,1,0.1458418458789533,0
l_shape_partial_overlap_hard_mixed,partial_overlap,1878,1429,0.08086449881815118,0.06913757991538108,0.9745936011564803,67.22877240919371,-0.06140855615903095,0,0.08533046296562782,0
l_shape_partial_overlap_hard_mixed,partial_overlap,1879,1737,0.019392774712118244,0.0033295261117961892,0.8769176822308754,67.58722066441047,0.1248732460305328,1,0.1182628502107445,0
l_shape_partial_overlap_hard_mixed,partial_overlap,1881,2252,0.05125304863172282,0.020495181074699973,0.995641741590808,35.37275609994749,0.052250619636902806,0,0.1325580049847248,0
l_shape_partial_overlap_hard_mixed,partial_overlap,1884,1294,0.11094246675007396,0.10649952596916282,0.8591150193371,103.88152793139037,-0.1484198717850598,0,0.11124457814797661,0
l_shape_partial_overlap_hard_mixed,partial_overlap,1888,2965,0.1006185614261155,0.09081652218589072,0.9980053090446934,54.14431980325374,-0.6592449622182956,0,0.11665661472557488,0
l_shape_partial_overlap_hard_mixed,partial_overlap,1889,1474,0.0761422751921672,0.07552293360651419,0.998417267354428,73.71365314471437,0.15168441140634326,1,0.12431376264855523,0
l_shape_partial_overlap_hard_mixed,partial_overlap,1890,1205,0.0396460272503332,0.031790154788393664,0.9096863598447699,97.0994197347185,-0.10919917658049856,1,0.1417290167778618,0
l_shape_partial_overlap_hard_mixed,partial_overlap,1891,1462,0.06021001353207309,0.05966854995140474,0.8121292348844974,87.89130487405684,0.10289430676064813,1,0.1462742935924547,0
l_shape_partial_overlap_hard_mixed,partial_overlap,1893,1777,0.06989413149203452,0.06900630621879282,0.9983114654222601,91.04941798836768,0.1260166847942061,1,0.0908159275268449,0
l_shape_partial_overlap_hard_mixed,partial_overlap,1894,2936,0.09696482936166516,0.09516609537916933,0.22505308386102518,95.88120335138993,-0.23939148932850363,0,0.20038992539084202,0
l_shape_partial_overlap_hard_mixed,partial_overlap,1895,3024,0.11862428087800367,0.11337815997789297,0.997194880663657,139.80509555932713,-0.14841980511854327,0,0.15499163711278938,0
l_shape_partial_overlap_hard_mixed,partial_overlap,1896,1671,0.06566272321871676,0.06450220187838299,0.9353638650256373,45.76886111728376,-0.07045841432427155,0,0.08724752650016612,0
l_shape_partial_overlap_hard_mixed,partial_overlap,1897,229,0.04179137378074315,0.0402112451707715,0.7436905313190815,71.26316824162824,0.17536695370286276,0,0.10288802827899857,0
l_shape_partial_overlap_hard_mixed,partial_overlap,1898,170,0.026576506930157125,0.012990270050307264,0.9944976216505343,103.50623759626323,-0.10586026932280505,1,0.14700756668784143,0
l_shape_partial_overlap_hard_mixed,partial_overlap,1900,146,0.07039191715333981,0.06919757812382282,0.9670291278764587,68.39476297833608,-0.4062488296612172,0,0.08604082943940995,0
l_shape_partial_overlap_hard_mixed,partial_overlap,1901,1099,0.10502097164039689,0.09443790417425144,0.8075951706274157,122.62002810349239,-0.008658051873563024,0,0.08192421023435341,0
l_shape_partial_overlap_hard_mixed,partial_overlap,1902,1327,0.03739727995166233,0.024750139691414708,0.9982397484594592,40.77968357786816,-0.057448156519258005,0,0.13035437192282434,0
l_shape_partial_overlap_hard_mixed,partial_overlap,1903,580,0.0391365417021505,0.026901908023963972,0.05827963407860068,66.44574744339936,-0.20106359584565411,0,0.1361179843782648,0
l_shape_partial_overlap_hard_mixed,partial_overlap,1905,2932,0.02955932646466842,0.027293179763244756,0.0036590765602083058,99.57717110182932,-0.1484199162294378,1,0.13430250586057477,0
l_shape_partial_overlap_hard_mixed,partial_overlap,1906,1759,0.08228549433235366,0.08156594811597294,0.9996874154462778,84.25317477415012,-0.014888594636629237,1,0.11229003664366799,0
l_shape_partial_overlap_hard_mixed,partial_overlap,1907,2286,0.01695879559117995,0.007155184755142658,0.7047265718438984,65.43353668448864,-0.11067956459992824,1,0.13738988047998044,0
l_shape_partial_overlap_hard_mixed,partial_overlap,1908,553,0.055839255367651774,0.022841735347275665,0.9765871050291786,94.6830873155353,0.0057306687566104336,0,0.09312087502562212,0
l_shape_partial_overlap_hard_mixed,partial_overlap,1910,674,0.05182488613500535,0.04569352676773036,0.9830613080988208,44.93078944903759,-0.2987020057793144,1,0.09184018488483542,0
l_shape_partial_overlap_hard_mixed,partial_overlap,1911,2879,0.08767208978068974,0.08137540442676434,0.9331931388378232,83.64426422657053,-0.1166712070053913,0,0.10426737572338461,0
l_shape_partial_overlap_hard_mixed,partial_overlap,1912,2584,0.0667094004066154,0.05749366176753139,0.9942627175253359,64.05231488359766,0.48018805847152096,1,0.0662415525726158,1
l_shape_partial_overlap_hard_mixed,partial_overlap,1913,2494,0.07843501411231421,0.07151815696801922,0.9917542480352686,50.9187624044174,-0.27847293756715163,0,0.1204444420001992,0
l_shape_partial_overlap_hard_mixed,partial_overlap,1914,256,0.05193668687881151,0.033521312270818004,0.7427131923065718,81.55679302391805,0.16173475348877484,0,0.12761318955937734,0
l_shape_partial_overlap_hard_mixed,partial_overlap,1915,1679,0.04311500001038251,0.04219774153991867,0.25629124079395904,74.4253113363272,-0.07145888990814764,0,0.16112936097581582,0
l_shape_partial_overlap_hard_mixed,partial_overlap,1916,1514,0.07691588802535862,0.07663015330016267,0.995384062597047,73.81155630067745,-0.2819512281000414,0,0.07591027553982715,1
l_shape_partial_overlap_hard_mixed,partial_overlap,1917,2781,0.0659958406630412,0.05432399326215717,0.991536824233644,87.49671284958384,0.40162578051971437,1,0.1708709263179659,0
l_shape_partial_overlap_hard_mixed,partial_overlap,1918,785,0.031080098944198168,0.02408179857418288,0.9823619245818485,93.81083525097048,0.1028943358611195,1,0.11731700842155672,0
l_shape_partial_overlap_hard_mixed,partial_overlap,1922,2811,0.027984790775105267,0.013196677971666713,0.9551796659088985,39.919565204391894,0.02343023371629466,1,0.0836596280688421,0
l_shape_partial_overlap_hard_mixed,partial_overlap,1924,2078,0.0816225508664955,0.07663719525074122,0.9951818946182042,103.5661237197369,-0.014888594636629237,0,0.08363783213920341,0
l_shape_partial_overlap_hard_mixed,partial_overlap,1925,237,0.0827838000715754,0.06635229578968012,0.9996211508302464,83.78081834778588,-0.19971316134802514,0,0.08760299302018641,0
l_shape_partial_overlap_hard_mixed,partial_overlap,1926,1081,0.04010853990666748,0.03497423938818162,0.012754800139014023,44.800037670355614,-0.2090444559789662,0,0.12933586010154002,0
l_shape_partial_overlap_hard_mixed,partial_overlap,1928,2483,0.029424352999888118,0.021144018970487875,0.9417770338094266,77.97241652082428,0.08042151211580688,0,0.10009964007608993,0
l_shape_partial_overlap_hard_mixed,partial_overlap,1929,2091,0.13996182418647524,0.13931467689091476,0.9303348504489848,46.52265142754916,0.07472345619604473,0,0.0938324271250407,0
l_shape_partial_overlap_hard_mixed,partial_overlap,1930,957,0.06782323872551095,0.05598405682485677,0.289408759131791,95.97640486544316,-0.02058660997205198,0,0.18728274789705793,0
l_shape_partial_overlap_hard_mixed,partial_overlap,1931,755,0.0230520057936767,0.012730946036534185,0.9905023594308215,62.53494720524711,-0.5378841973798566,1,0.14215224567476337,0
l_shape_partial_overlap_hard_mixed,partial_overlap,1932,2240,0.03332962173453876,0.013095409230876163,0.7182250365690656,124.30195281713547,0.42694381802627546,0,0.15482192387660534,0
l_shape_partial_overlap_hard_mixed,partial_overlap,1933,1140,0.09310624317716597,0.09023712454420359,0.9890265607967846,68.40985311873335,0.10289430676064813,1,0.0829053739079214,0
l_shape_partial_overlap_hard_mixed,partial_overlap,1934,88,0.08877183484804312,0.08845196765369771,0.9980354105909659,93.4486461321762,-0.02058660997205198,1,0.10844410977189586,0
l_shape_partial_overlap_hard_mixed,partial_overlap,1935,2027,0.08562904922478055,0.08387488094118985,0.2077351101677073,78.4064220249098,-0.0350912840970206,0,0.20049219191947787,0
l_shape_partial_overlap_hard_mixed,partial_overlap,1938,2047,0.07420634344800185,0.06178127516105632,0.406407921776067,90.43591728334619,-0.06140855615903095,0,0.18887835927949065,0
l_shape_partial_overlap_hard_mixed,partial_overlap,1939,1925,0.03645901681763998,0.02673658669829322,0.9917562014239142,90.79639469878506,-0.37156299393334447,1,0.07997135900370221,1
l_shape_partial_overlap_hard_mixed,partial_overlap,1941,1371,0.11083449808529294,0.10781290202551246,0.989407111424557,31.94081927679433,-0.2662028713303207,0,0.012871541823240852,1
l_shape_partial_overlap_hard_mixed,partial_overlap,1943,2815,0.08824091184982685,0.08011248685325277,0.9567745625283339,58.86727861577484,-0.2415102764228635,0,0.0379244520726199,1
l_shape_partial_overlap_hard_mixed,partial_overlap,1945,2648,0.031573222554873576,0.012553719148758339,0.9947859091926855,67.0574808230637,0.06780304683799991,0,0.10065297303761782,0
l_shape_partial_overlap_hard_mixed,partial_overlap,1946,22,0.04230023894932743,0.03338769005395545,0.9670724744793194,104.83517740424199,-0.4485240734951597,0,0.15236248498993413,0
l_shape_partial_overlap_hard_mixed,partial_overlap,1947,2108,0.06257015202367655,0.029553488313040457,0.93556337302771,41.536960526846194,-0.1835111512843877,0,0.12266384297576599,0
l_shape_partial_overlap_hard_mixed,partial_overlap,1948,2040,0.06206414254184713,0.06169506802257199,0.9618157074399757,32.32985270520437,-0.3715632350041927,0,0.10584440629102311,0
l_shape_partial_overlap_hard_mixed,partial_overlap,1950,2481,0.09642425646341662,0.0843227218786167,0.8880049904547337,88.37372312329708,-0.30664379151799365,0,0.05360039628128,1
l_shape_partial_overlap_hard_mixed,partial_overlap,1952,1821,0.0314237164891353,0.030931894037650332,0.9994093259965716,55.58865157197864,-0.2662028713303207,1,0.1069521272169589,0
l_shape_partial_overlap_hard_mixed,partial_overlap,1953,1822,0.029856873666843597,0.01737433158312541,0.9885709063052737,47.882812481135296,-0.10759789226481506,1,0.1410211811115193,0
l_shape_partial_overlap_hard_mixed,partial_overlap,1954,2743,0.03804169614033247,0.0327293666213446,0.9548821494168132,52.58858729650073,-0.09126152101694089,1,0.10944579982863159,0
l_shape_partial_overlap_hard_mixed,partial_overlap,1955,799,0.08689768476149554,0.07492031849018384,0.9920350585060113,148.2026283009683,-0.09435264642129719,0,0.08297389068341451,0
l_shape_partial_overlap_hard_mixed,partial_overlap,1956,1242,0.025019735554245914,0.021169035523938375,0.7186364994476451,97.77048154494241,-0.07243404871804873,0,0.11919767749830416,0
l_shape_partial_overlap_hard_mixed,partial_overlap,1957,229,0.0653720675240316,0.06341835183684964,0.9282781135930234,104.37289978763987,0.15386076189539696,0,0.09329252913780343,0
l_shape_partial_overlap_hard_mixed,partial_overlap,1958,2162,0.06708273527800036,0.06324614660893692,0.9970574235244798,92.29945292691313,-0.14841979459225677,1,0.1433051756599345,0
l_shape_partial_overlap_hard_mixed,partial_overlap,1959,2164,0.06358674813675781,0.05339051671750255,0.04780790561039461,73.71355653454434,0.3035648848587315,0,0.10867429472547539,0
l_shape_partial_overlap_hard_mixed,partial_overlap,1960,1294,0.016155984855975362,0.015085914560254328,0.319051797462842,43.23283095228223,-0.21741267422446126,1,0.1829287466541735,0
l_shape_partial_overlap_hard_mixed,partial_overlap,1961,1727,0.102150332428104,0.10057760840348043,0.9902046257755966,108.18820058034606,-0.17740740333617214,0,0.10610844643447274,0
l_shape_partial_overlap_hard_mixed,partial_overlap,1962,2755,0.0950787744829928,0.0926187155199865,0.987384338883625,75.60703599410138,0.02593335155034978,1,0.11262350588680353,0
l_shape_partial_overlap_hard_mixed,partial_overlap,1965,1050,0.09004120981459215,0.0895996416659688,0.8892273938293005,145.6756627611213,0.0,0,0.11956314061714642,0
l_shape_partial_overlap_hard_mixed,partial_overlap,1966,2504,0.054345398416539695,0.04838140584976177,0.200750600904053,82.79345859500575,-0.05604663849773325,0,0.11148786984742293,0
l_shape_partial_overlap_hard_mixed,partial_overlap,1967,1643,0.05204802160950089,0.04537013886498029,0.9970047414533435,39.904410831506155,0.040821952853630904,1,0.09151693840286662,0
l_shape_partial_overlap_hard_mixed,partial_overlap,1968,2527,0.033228740838704626,0.030307556919261402,0.9968431525003096,83.35093726589896,-0.046637268181641996,0,0.10147683217004728,0
l_shape_partial_overlap_hard_mixed,partial_overlap,1969,446,0.08091198573100764,0.07688631497878827,0.9462105445551062,114.50617044864697,-0.10919917658049856,0,0.12958318660873433,0
l_shape_partial_overlap_hard_mixed,partial_overlap,1970,310,0.053800982643036704,0.02198780279074003,0.9925989767829558,38.40527951905007,-0.2537801596655051,1,0.11917342287016788,0
l_shape_partial_overlap_hard_mixed,partial_overlap,1973,2105,0.08879633470274742,0.08547977016934137,0.9912469188504892,37.41857450112847,-0.1484198671873671,1,0.10936016385222125,0
l_shape_partial_overlap_hard_mixed,partial_overlap,1974,1356,0.0492862819182322,0.04339600027443482,0.09883240690962675,61.20854114647929,-0.11856694660325011,0,0.161391505714491,0
l_shape_partial_overlap_hard_mixed,partial_overlap,1975,3024,0.08999754737905133,0.07711479794192048,0.9945687404710574,108.69562988968153,-0.199713023190418,0,0.16170578057977772,0
l_shape_partial_overlap_hard_mixed,partial_overlap,1976,2486,0.12618085800959639,0.12241373334158698,0.9807695078509087,65.30560203583286,0.257044866878998,0,0.09253808034641077,0
l_shape_partial_overlap_hard_mixed,partial_overlap,1977,684,0.07890187375086934,0.07347545894742355,0.019861227033630538,67.88972660369502,-0.4131122619530426,0,0.14265394394870842,0
l_shape_partial_overlap_hard_mixed,partial_overlap,1978,687,0.04473293534024901,0.03698969357315313,0.41849454469419967,80.29416864936816,0.0,0,0.14529554670760592,0
l_shape_partial_overlap_hard_mixed,partial_overlap,1980,2779,0.07515149384083267,0.07327113624862162,0.9986510428005623,134.4123831282406,-0.10189986177791288,1,0.087043458561951,0
l_shape_partial_overlap_hard_mixed,partial_overlap,1982,2589,0.12177174113673823,0.11610345726756936,0.9731551886218557,52.20724638642713,0.28689778271739413,1,0.10941925510419077,0
l_shape_partial_overlap_hard_mixed,partial_overlap,1983,2180,0.041624799962564366,0.03347412123560433,0.956320308406227,82.96811560820628,0.16173481005433238,0,0.08835182080322834,0
l_shape_partial_overlap_hard_mixed,partial_overlap,1988,930,0.06327655917475826,0.05779331101761626,0.9949125561039475,81.763079254464,0.10289430676064813,1,0.07195994711431178,1
l_shape_partial_overlap_hard_mixed,partial_overlap,1989,2198,0.06585663846788707,0.041664309465717315,0.11148696238377792,74.36671236704726,0.47728548210858557,0,0.14223375029614435,0
l_shape_partial_overlap_hard_mixed,partial_overlap,1990,2237,0.08417485906509516,0.08204086155008833,0.9999769527541494,122.23089159726052,0.10940895177762185,1,0.09706280569108665,0
l_shape_partial_overlap_hard_mixed,partial_overlap,1991,304,0.07854661918015245,0.07852896897041707,0.9987051338545414,58.96104983010306,0.1392618867781865,0,0.09258865746414897,0
l_shape_partial_overlap_hard_mixed,partial_overlap,1992,2810,0.06355058999147761,0.05857149172805269,0.04288341083264191,94.46651695488602,-0.10295756799245899,0,0.14258255249484594,0
l_shape_partial_overlap_hard_mixed,partial_overlap,1993,1497,0.020094969649890736,0.0014679246070347248,0.9444750626591324,55.836840096420296,0.11394412473399235,1,0.12616611377610984,0
l_shape_partial_overlap_hard_mixed,partial_overlap,1995,759,0.03102368942212085,0.02572236045641974,0.9971712283469842,48.59757585663793,-0.3876494423153829,1,0.09909992820443794,0
l_shape_partial_overlap_hard_mixed,partial_overlap,1997,601,0.12136201234969553,0.11899299405200214,0.958754192900346,126.1479829997827,-0.02058660997205198,0,0.09738126980377994,0
l_shape_partial_overlap_hard_mixed,partial_overlap,1998,403,0.019725528191018363,0.0039972894701117735,0.21290357547744154,72.58420963444676,-0.24373002810451766,1,0.11298866148061117,0
l_shape_partial_overlap_hard_mixed,partial_overlap,1999,624,0.08608365925635171,0.04958267368535224,0.6562305398562627,140.7190774270991,0.10289430676064813,0,0.14551838691939892,0
l_shape_partial_overlap_hard_mixed,partial_overlap,2000,100,0.044495770158847016,0.03831851850234172,0.4662737307369391,76.7293032758639,0.0651540200882974,0,0.12345572008207141,0
l_shape_partial_overlap_hard_mixed,partial_overlap,2001,2194,0.08735280420707107,0.08645798526579265,0.9852850218168129,37.168053561677844,0.11728304032500077,0,0.08122500711177565,0
l_shape_partial_overlap_hard_mixed,partial_overlap,2002,2494,0.04730038569002721,0.04340369505112409,0.9933376814670309,38.18059525562186,-0.3654842413245198,0,0.078931357404583,1
l_shape_partial_overlap_hard_mixed,partial_overlap,2003,620,0.052566008389661446,0.04900065099885162,0.9917883676638432,59.054559329194575,0.018634058565895624,1,0.09635161418294831,0
l_shape_partial_overlap_hard_mixed,partial_overlap,2004,567,0.07497639058056947,0.07368445266502273,0.9969732734570351,86.72497248194111,0.03390151000906574,0,0.08530499188850009,0
l_shape_partial_overlap_hard_mixed,partial_overlap,2005,1876,0.03354034347659137,0.03222668497767492,0.5168468596340058,87.10131821803834,-0.10586026932280505,0,0.14896302849164153,0
l_shape_partial_overlap_hard_mixed,partial_overlap,2006,2306,0.024120876503371382,0.005353555884828383,0.6152618791216422,54.429651656759376,-0.1039681180416598,1,0.1856801149550455,0
l_shape_partial_overlap_hard_mixed,partial_overlap,2008,1042,0.11632625374642477,0.11613394761234175,0.9844641571944548,32.72038099976974,-0.3216915107904901,0,0.024892918912309363,1
l_shape_partial_overlap_hard_mixed,partial_overlap,2009,19,0.0763503677428802,0.07314689056823945,0.9880140760039791,36.742984457708296,-0.2751715222118586,0,0.08432500572821168,0
l_shape_partial_overlap_hard_mixed,partial_overlap,2010,1165,0.0914139355939063,0.08023789086931399,0.9972220172021983,54.965788237484986,-0.1719503934476951,0,0.04768716257916313,1
l_shape_partial_overlap_hard_mixed,partial_overlap,2011,1797,0.011903811545038284,0.005789507478030129,0.6061836988200298,101.8265677649815,0.016659734650323704,1,0.11884180478068727,0
l_shape_partial_overlap_hard_mixed,partial_overlap,2012,633,0.07310591581994733,0.0594491138239222,0.9045770582193376,76.23807077744974,-0.19493989845887083,1,0.08576485030565542,0
l_shape_partial_overlap_hard_mixed,partial_overlap,2013,957,0.046286249327822875,0.03603014879567046,0.6339383684764137,94.36815455856888,0.056374345238246505,0,0.12506292677765526,0
l_shape_partial_overlap_hard_mixed,partial_overlap,2014,2305,0.08489409602141765,0.07247451089857818,0.9865144980717944,67.1937845168031,0.02593335155034978,1,0.0803931479704103,0
l_shape_partial_overlap_hard_mixed,partial_overlap,2015,1853,0.05128644303049234,0.04259301914976634,0.8579681445376377,80.34904928725655,-0.26978064092456655,0,0.11142737109352606,0
l_shape_partial_overlap_hard_mixed,partial_overlap,2016,2772,0.05543605329120872,0.05221875270062556,0.9916959382250213,45.84955527124684,-0.3154737331384893,1,0.13560316739402423,0
l_shape_partial_overlap_hard_mixed,partial_overlap,2019,946,0.02154372945658581,0.015944126991407792,0.9560765409582186,71.32880505049954,0.1392619590002588,1,0.1143514120486068,0
l_shape_partial_overlap_hard_mixed,partial_overlap,2020,2685,0.08890441851013636,0.07385945552433913,0.9684050366845613,52.86425084683262,-0.07431195878880122,0,0.17726505488473074,0
l_shape_partial_overlap_hard_mixed,partial_overlap,2021,2120,0.08263359209435085,0.07966906846281342,0.6168528779702537,94.03500586864408,-0.0794270598218667,0,0.16732519187389036,0
l_shape_partial_overlap_hard_mixed,partial_overlap,2022,2147,0.032605701575397446,0.01928780145770805,0.9204738575659295,84.84467464187519,0.15007283196522547,0,0.1052137169980652,0
l_shape_partial_overlap_hard_mixed,partial_overlap,2023,2707,0.0467174676297342,0.045388385386630266,0.9786947225031004,48.80704076071391,0.10289435332141052,0,0.1097146729397052,0
l_shape_partial_overlap_hard_mixed,partial_overlap,2024,2718,0.0810617297961622,0.07874115714344057,0.9814501753682043,81.19179699558103,-0.307484435042308,0,0.09611770487577247,0
l_shape_partial_overlap_hard_mixed,partial_overlap,2025,1870,0.08635179209210758,0.07674644499985712,0.9989860318211374,42.15543901248531,0.002402883220962277,0,0.039417134873838085,1
l_shape_partial_overlap_hard_mixed,partial_overlap,2026,1583,0.07673779672809955,0.07497097244179438,0.9977170523062903,121.96304410867799,-0.1039681180416598,0,0.10884295538982708,0
l_shape_partial_overlap_hard_mixed,partial_overlap,2027,421,0.057474693251904956,0.05665733364715993,0.9893243895276366,91.91555761625105,-0.18764051981022664,1,0.11305324111588647,0
l_shape_partial_overlap_hard_mixed,partial_overlap,2029,2661,0.06685367028507368,0.05751470410326127,0.9802773197483521,51.9261734287847,-0.14841990255424173,0,0.0668765225925961,1
l_shape_partial_overlap_hard_mixed,partial_overlap,2031,486,0.014343861681595007,0.0022172009309498744,0.9535637334482622,39.43031623576494,-0.2762530584467087,1,0.09824602682532185,0
l_shape_partial_overlap_hard_mixed,partial_overlap,2032,977,0.022480188266742234,0.0015126051105102136,0.8057860108884369,80.59458566158753,-0.29683971230581313,1,0.11120202144706484,0
l_shape_partial_overlap_hard_mixed,partial_overlap,2035,1170,0.11389770553061987,0.106567428183184,0.9858478065920251,79.64575139289484,-0.025817654597878572,0,0.09936668363859197,0
l_shape_partial_overlap_hard_mixed,partial_overlap,2037,1674,0.0736933534540222,0.0690541386317475,0.9752335031455392,81.3832870693459,-0.21437784573413105,0,0.05296416660539909,1
l_shape_partial_overlap_hard_mixed,partial_overlap,2039,143,0.09562941927656524,0.08775411634956369,0.9996714619622891,94.89363716495154,0.02593335155034978,0,0.06804536168017243,1
l_shape_partial_overlap_hard_mixed,partial_overlap,2040,1383,0.052873159963078314,0.052724791969958655,0.9831906677893051,61.92924533905764,-0.28195119417151543,1,0.10261126915337374,0
l_shape_partial_overlap_hard_mixed,partial_overlap,2041,2925,0.1295754505990675,0.12121093019304213,0.9877302952895787,36.72025747266441,-0.1861601436426242,0,0.12491473723142625,0
l_shape_partial_overlap_hard_mixed,partial_overlap,2042,2220,0.05963089580549784,0.057294401243750764,0.9916590252854093,138.16162625329758,-0.21903743319706037,0,0.09256696931890107,0
l_shape_partial_overlap_hard_mixed,partial_overlap,2045,2617,0.037624488480580504,0.006466704399947018,0.9683880250461037,95.58502357795498,-0.5279087118450426,0,0.1701171249936508,0
l_shape_partial_overlap_hard_mixed,partial_overlap,2046,888,0.03406330237489524,0.024904062369369564,0.9047778316664348,145.42265025245396,-0.21586115497354177,0,0.1063226555477131,0
l_shape_partial_overlap_hard_mixed,partial_overlap,2047,1359,0.07386425008079281,0.06617657819599203,0.8582685927651347,155.86881642699205,0.0651540200882974,1,0.13302244206623492,0
l_shape_partial_overlap_hard_mixed,partial_overlap,2049,488,0.038127880805919646,0.016730748794346183,0.8627051248650862,67.6458273295821,0.03390152786617432,0,0.07667285156892611,1
l_shape_partial_overlap_hard_mixed,partial_overlap,2050,1810,0.09823847475071766,0.09503627914540325,0.9993757387980221,60.2051971244777,-0.06503832313582608,0,0.0900861005295216,0
l_shape_partial_overlap_hard_mixed,partial_overlap,2051,603,0.07183062042898418,0.061076935174726135,0.6195291406548286,122.82963104783595,0.13926191257177525,0,0.16577824077916287,0
l_shape_partial_overlap_hard_mixed,partial_overlap,2052,561,0.05606034774160835,0.0377356525855908,0.7965825447463827,75.79953421032548,0.06288904373103828,0,0.14190131172424966,0
l_shape_partial_overlap_hard_mixed,partial_overlap,2054,1415,0.08334399726967488,0.07528093634921652,0.8603389000348445,60.18130797077691,-0.2284624659972056,0,0.05283349222719051,1
l_shape_partial_overlap_hard_mixed,partial_overlap,2055,2299,0.039694033939915434,0.03197303270523058,0.33045244545407493,106.508244657673,-0.23180135318805384,0,0.183910101734892,0
l_shape_partial_overlap_hard_mixed,partial_overlap,2056,343,0.0828224344840408,0.07872140574987319,0.9999299880354162,35.08772845438965,-0.10586026932280505,1,0.05195581213054,1
l_shape_partial_overlap_hard_mixed,partial_overlap,2057,1898,0.10615663687764398,0.10328628360893494,0.9890121695321473,37.99169505303366,-0.07431198351403495,0,0.018136512645379892,1
l_shape_partial_overlap_hard_mixed,partial_overlap,2058,2520,0.06985555446266017,0.06383178805058184,0.8682511538291127,69.82763947119702,-0.09577620371883151,0,0.11266931518347581,0
l_shape_partial_overlap_hard_mixed,partial_overlap,2059,1965,0.07206870716127989,0.06389051397893755,0.9992683216374884,77.197039282229,-0.09712657652038195,1,0.13987854900502975,0
l_shape_partial_overlap_hard_mixed,partial_overlap,2061,2869,0.06396175870420535,0.06342512855093893,0.9678976437672732,54.26952777046868,-0.14841991209507582,0,0.09255901656262808,0
l_shape_partial_overlap_hard_mixed,partial_overlap,2062,2049,0.06186102866155872,0.055035801813759194,0.8449483598740741,100.02226925730211,-0.525713742212597,0,0.14993863652450212,0
l_shape_partial_overlap_hard_mixed,partial_overlap,2063,2949,0.05298818210225021,0.04317620622934708,0.841353059372149,94.85477572306921,-0.3532140255088344,1,0.16550045501696678,0
l_shape_partial_overlap_hard_mixed,partial_overlap,2064,842,0.07726535190337148,0.07086192624673875,0.9930462429305069,94.51488872701835,-0.07045841432427155,0,0.07948600944487766,1
l_shape_partial_overlap_hard_mixed,partial_overlap,2065,1099,0.08832882900912642,0.04196942461000155,0.6689136185058677,140.4617058854414,0.11394412473399235,1,0.13246533435444974,0
l_shape_partial_overlap_hard_mixed,partial_overlap,2066,1290,0.09672601251717863,0.08620070880296234,0.9581401639403702,104.41851753720479,-0.1484198312054339,0,0.1223472048609243,0
l_shape_partial_overlap_hard_mixed,partial_overlap,2067,904,0.04865072364554898,0.021975473284033216,0.9491287457133738,122.34570768211364,-0.18764051981022664,0,0.09556943474119575,0
l_shape_partial_overlap_hard_mixed,partial_overlap,2069,1800,0.08520370828324034,0.07623551493777586,0.9583415198555291,59.42590595480534,0.11394412473399235,0,0.054644283559114326,1
l_shape_partial_overlap_hard_mixed,partial_overlap,2070,2835,0.07387171770917447,0.0696071089074795,0.9956853367620387,65.90274948414235,0.3523549115824898,0,0.07922262977072142,1
l_shape_partial_overlap_hard_mixed,partial_overlap,2071,2532,0.04850270148404939,0.0224783285005924,0.9170378627195542,121.51442341173983,-0.10295756799245899,0,0.06523125100262607,1
l_shape_partial_overlap_hard_mixed,partial_overlap,2073,3008,0.12944798335528962,0.10846057959863176,0.8747144444935666,55.05436016021887,0.38220784888549086,0,0.09514089670431823,0
l_shape_partial_overlap_hard_mixed,partial_overlap,2076,2304,0.04821937876453928,0.04593019084493249,0.043429753928748316,102.46959277160484,-0.5837376877845847,0,0.16141730664050627,0
l_shape_partial_overlap_hard_mixed,partial_overlap,2078,154,0.04602815519102763,0.011205851677581927,0.9850276642556632,33.969338773459235,-0.38958163661095624,1,0.10820863332226849,0
l_shape_partial_overlap_hard_mixed,partial_overlap,2080,2481,0.11695939908268775,0.11147828958510005,0.8993292884080437,100.90243224384228,-0.1984302918593792,0,0.03479957849423064,1
l_shape_partial_overlap_hard_mixed,partial_overlap,2082,1091,0.03779059690751645,0.008139092477007103,0.4747338013824307,60.84280118312717,0.1652373533321537,1,0.167012459610123,0
l_shape_partial_overlap_hard_mixed,partial_overlap,2086,49,0.02209476413541554,0.006588313920437957,0.35533808550814006,84.55896018376524,-0.11205225115914628,1,0.1644029912204077,0
l_shape_partial_overlap_hard_mixed,partial_overlap,2087,1898,0.0855275238849353,0.07996228159620294,0.9588407595843245,48.79774382905163,-0.14841990255424173,0,0.053280773931198365,1
l_shape_partial_overlap_hard_mixed,partial_overlap,2089,2102,0.031344377304412356,0.011746122374310618,0.09649886932392521,93.39172229863146,-0.2485032957555703,1,0.14793391163896838,0
l_shape_partial_overlap_hard_mixed,partial_overlap,2090,2092,0.08210119258049887,0.07709949481611857,0.9984156342390033,81.21918238161479,-0.14841981464232767,1,0.10704097881983524,0
l_shape_partial_overlap_hard_mixed,partial_overlap,2092,1034,0.06851869070954766,0.06625788732167938,0.9891217468941843,48.385531780597205,-0.04078931727100499,1,0.04468827916230139,1
l_shape_partial_overlap_hard_mixed,partial_overlap,2094,1070,0.10876731896018291,0.06610807542613475,0.8631014205243666,64.0952933434363,0.1800838329651656,0,0.11584319142331453,0
l_shape_partial_overlap_hard_mixed,partial_overlap,2095,229,0.08361890529311937,0.06499929554132591,0.9898653399077831,50.738057566959185,0.15386076189539696,0,0.08375851304466297,0
l_shape_partial_overlap_hard_mixed,partial_overlap,2098,145,0.0472376869958736,0.03582074249320781,0.9232345568623654,97.44926941006561,0.28689778271739413,1,0.177086967775877,0
l_shape_partial_overlap_hard_mixed,partial_overlap,2099,998,0.08978826445172385,0.08153524925119618,0.9905702737500027,44.828361393073415,-0.30664379151799365,0,0.12850846937257543,0
l_shape_partial_overlap_hard_mixed,partial_overlap,2100,2627,0.0582905431709894,0.050333706537632236,0.996944003884477,39.15400510041616,0.15168441140634326,1,0.0848593729031615,0
l_shape_partial_overlap_hard_mixed,partial_overlap,2102,2884,0.08733201377008232,0.07821906582052905,0.9958819499892203,91.07557820231094,0.02593335155034978,0,0.09445010583901259,0
l_shape_partial_overlap_hard_mixed,partial_overlap,2104,1081,0.07432341876129125,0.07189436456266833,0.09733653826528349,57.71717216135234,-0.45590428016075407,0,0.1630605302538276,0
l_shape_partial_overlap_hard_mixed,partial_overlap,2106,305,0.07860773987701523,0.0780619711203095,0.9511458843769447,104.88216388767037,-0.2950230893585148,1,0.1312421686362931,0
l_shape_partial_overlap_hard_mixed,partial_overlap,2107,361,0.0641989459960329,0.051943197559517,0.985300152510231,49.85806015289161,-0.19493977616472935,1,0.09753152357394015,0
l_shape_partial_overlap_hard_mixed,partial_overlap,2108,617,0.07732329970769743,0.06309310911856154,0.9979986933224384,69.61529483738975,0.257044788175464,0,0.13085519807502768,0
l_shape_partial_overlap_hard_mixed,partial_overlap,2109,546,0.08660226178986188,0.08509036694420125,0.9615897287148256,78.5313142865381,0.257044788175464,0,0.06086428885283964,1
l_shape_partial_overlap_hard_mixed,partial_overlap,2110,2373,0.08201294718823075,0.07627080261478611,0.9985513751951071,35.79423717685609,-0.43610169794076015,1,0.09132716761913136,0
l_shape_partial_overlap_hard_mixed,partial_overlap,2111,1888,0.08026259725175906,0.07581168535828757,0.9998390414793847,86.67995690000701,0.011922632074472318,1,0.10460760073588349,0
l_shape_partial_overlap_hard_mixed,partial_overlap,2115,939,0.024064965683603654,0.021330191301747417,0.2657269354064854,81.26494273087233,0.09274195104937341,1,0.1621215686930889,0
l_shape_partial_overlap_hard_mixed,partial_overlap,2117,2538,0.07743486489132657,0.07139085952342336,0.9999613729578957,40.36345157905315,0.13926191257177525,0,0.1197482689778975,0
l_shape_partial_overlap_hard_mixed,partial_overlap,2119,631,0.13155600068224538,0.12868887658324574,0.935813770855739,110.36586732786056,0.0057306687566104336,0,0.09471798204470108,0
l_shape_partial_overlap_hard_mixed,partial_overlap,2120,1035,0.12630926791663924,0.11730030797587204,0.9758148606803695,54.10199683383876,-0.22538081218057165,0,0.09217649262056955,0
l_shape_partial_overlap_hard_mixed,partial_overlap,2121,403,0.02893639247290439,0.002823348246275322,0.16556964481847877,71.55814146893606,-0.21903743319706037,0,0.10548629108432274,0
l_shape_partial_overlap_hard_mixed,partial_overlap,2122,1695,0.06627064369773353,0.024285081710297807,0.7469758574698284,121.63717128321599,-0.07243404871804873,0,0.1182693350733341,0
l_shape_partial_overlap_hard_mixed,partial_overlap,2123,1108,0.018166281908201267,0.01393111547055918,0.9447033859824583,99.13712109587043,-0.14841989400724545,1,0.11193981533103718,0
l_shape_partial_overlap_hard_mixed,partial_overlap,2124,629,0.07729784719759793,0.05472294961000793,0.9769742481617998,65.2332251965456,-0.4228563245049089,0,0.15766641651808447,0
l_shape_partial_overlap_hard_mixed,partial_overlap,2125,2061,0.016058539185941374,0.006261379735116389,0.866021933621472,79.99010127909256,-0.3520186827705999,1,0.11679797200845551,0
l_shape_partial_overlap_hard_mixed,partial_overlap,2126,2299,0.05209175083844832,0.05165497911300206,0.8294852551796791,80.45644275739593,-0.4228563245049089,0,0.14640750921925597,0
l_shape_partial_overlap_hard_mixed,partial_overlap,2127,2773,0.11194810940762709,0.0952454882402189,0.9979364419201834,117.51829916657964,0.03390151000906574,0,0.06684715462258509,1
l_shape_partial_overlap_hard_mixed,partial_overlap,2129,2677,0.06613151669332276,0.0627040590389717,0.9981059628106216,32.13422720933535,-0.33074135774568825,1,0.078585900188886,1
l_shape_partial_overlap_hard_mixed,partial_overlap,2130,2395,0.05005775804279762,0.035255470322300766,0.28225156134773494,99.72313899536067,-0.6279925652340841,0,0.12936288333081986,0
l_shape_partial_overlap_hard_mixed,partial_overlap,2132,2268,0.03597720544020867,0.02371639055445585,0.9282442033807393,70.36577263792422,-0.11067956459992824,1,0.08003852833346016,0
l_shape_partial_overlap_hard_mixed,partial_overlap,2133,2072,0.08101951604408092,0.07046647906156536,0.9967403226127654,116.98006720019598,-0.1484198312054339,1,0.1327735313806281,0
l_shape_partial_overlap_hard_mixed,partial_overlap,2134,364,0.053674836618086495,0.043363129703648584,0.9971865211864072,66.45059958409318,-0.1484198622612682,1,0.12008435186441323,0
l_shape_partial_overlap_hard_mixed,partial_overlap,2136,1269,0.07695339393400633,0.05831195303449539,0.9926324257562164,108.68201648699463,-0.45590428016075407,0,0.13433776958772323,0
l_shape_partial_overlap_hard_mixed,partial_overlap,2137,1695,0.06734367350450582,0.05901475369090364,0.8585601792197303,103.34600440729714,0.04263520418449953,0,0.06792397481619115,1
l_shape_partial_overlap_hard_mixed,partial_overlap,2142,109,0.07815165376233517,0.05733549542631061,0.9589174937325005,47.238734079198956,-0.11856694660325011,0,0.13043934530383655,0
l_shape_partial_overlap_hard_mixed,partial_overlap,2144,775,0.09745993944838821,0.08549319653833332,0.2645959400613448,99.51383110742256,-0.8023452417576946,0,0.20152124490776516,0
l_shape_partial_overlap_hard_mixed,partial_overlap,2145,2716,0.049892619895853446,0.04886271983515458,0.997221941390792,81.89320430755555,-0.12432237281917234,0,0.10000990903260466,0
l_shape_partial_overlap_hard_mixed,partial_overlap,2146,514,0.0640770201375302,0.05843147684222899,0.9328447604277061,42.37369948722598,-0.1484198622612682,1,0.0832531095088965,0
l_shape_partial_overlap_hard_mixed,partial_overlap,2147,924,0.08618405501217563,0.08434899205971888,0.9850523375590746,58.14079269028302,0.03390151834238077,1,0.06865305236258727,1
l_shape_partial_overlap_hard_mixed,partial_overlap,2148,2316,0.08443064932626762,0.06971396426732339,0.9886332372391095,46.973807355381254,-0.6184230993644864,0,0.1454392895960415,0
l_shape_partial_overlap_hard_mixed,partial_overlap,2151,6,0.06349393318440263,0.0603130496495435,0.9936703151314915,79.32412557924515,-0.06503832313582608,1,0.11451175106181256,0
l_shape_partial_overlap_hard_mixed,partial_overlap,2152,1826,0.08510948932931045,0.08284710395454689,0.9948297559429038,41.85578430781284,-0.475632562238436,0,0.1101029078560828,0
l_shape_partial_overlap_hard_mixed,partial_overlap,2153,2164,0.06961914501786479,0.06849896508056558,0.2648630975152733,83.3504157974322,0.20825477096345202,0,0.08032506465079219,0
l_shape_partial_overlap_hard_mixed,partial_overlap,2154,2506,0.038227877569731984,0.02496964357192103,0.953431175615398,63.708314672971184,-0.0053191563493996796,0,0.07157079432207208,1
l_shape_partial_overlap_hard_mixed,partial_overlap,2155,2350,0.0788675206296607,0.07196657882053695,0.9988871496150951,66.94783095359635,-0.14841980511854327,0,0.11485844924347982,0
l_shape_partial_overlap_hard_mixed,partial_overlap,2157,2822,0.047383495390480514,0.007418656898912645,0.9433933255608944,118.0765938791761,-0.19493977616472935,0,0.15890008554798737,0
l_shape_partial_overlap_hard_mixed,partial_overlap,2158,2407,0.08944142479900319,0.07030062595338608,0.9401029137216057,113.58126416221631,-0.2710220278798344,0,0.13943863142623,0
l_shape_partial_overlap_hard_mixed,partial_overlap,2159,351,0.08104035016675858,0.07820474910924526,0.9693711610584254,124.94883615014716,-0.06503832313582608,1,0.09656673605008935,0
l_shape_partial_overlap_hard_mixed,partial_overlap,2160,1423,0.12075821975110529,0.11126055904693855,0.9908218293200182,38.275958320208375,-0.05310979122306137,0,0.01813444361371131,1
l_shape_partial_overlap_hard_mixed,partial_overlap,2161,29,0.0575433738437585,0.0533100879523176,0.1985462974950764,56.90738593965915,-0.7414830040643289,0,0.16708846998645993,0
l_shape_partial_overlap_hard_mixed,partial_overlap,2162,865,0.04570270802453587,0.024703661974060667,0.964367439051467,44.975795738118045,0.021479012001216144,0,0.06937110658237437,1
l_shape_partial_overlap_hard_mixed,partial_overlap,2166,1887,0.06974611368685138,0.05995345019818975,0.9943261038563357,70.7430724174445,0.020656311475377026,0,0.11395469654975049,0
l_shape_partial_overlap_hard_mixed,partial_overlap,2167,2164,0.05206870300866605,0.03432118593914212,0.04244865169583526,81.82177793568503,0.0747234819102775,0,0.1656684740077742,0
l_shape_partial_overlap_hard_mixed,partial_overlap,2168,1165,0.047215499521103085,0.0409777946015971,0.9685614548297067,129.55292258040248,-0.08097867528333662,0,0.11962268748966233,0
l_shape_partial_overlap_hard_mixed,partial_overlap,2170,861,0.0852939322749623,0.08349909611283671,0.9929634353434357,58.138885945575794,-0.1248894285276199,0,0.08502691795044354,0
l_shape_partial_overlap_hard_mixed,partial_overlap,2171,2329,0.06957879654328838,0.06593507423439987,0.8457983342207994,114.97007047354113,-0.23543110559307784,0,0.10954778093826613,0
l_shape_partial_overlap_hard_mixed,partial_overlap,2172,560,0.03526382649683227,0.017623663805857562,0.9779611865278168,41.66689743683181,0.18182150104596176,0,0.07705100093320788,1
l_shape_partial_overlap_hard_mixed,partial_overlap,2173,2015,0.10988050557413104,0.09542872873651348,0.9462573098287892,79.70642862403312,-0.18764051981022664,1,0.12840861301681053,0
l_shape_partial_overlap_hard_mixed,partial_overlap,2174,1791,0.04068777448589215,0.029641778241778785,0.9858143861886083,54.81486842380904,-0.007341401276234918,1,0.09893570207570512,0
l_shape_partial_overlap_hard_mixed,partial_overlap,2175,2321,0.0716947854491649,0.06883233633540879,0.9998199062438559,171.8861783951185,-0.3202697653351831,1,0.09065370115546924,0
l_shape_partial_overlap_hard_mixed,partial_overlap,2176,79,0.08315325296266417,0.0782780630052988,0.995598963621562,77.3312379865792,0.10289430676064813,0,0.07955127336820728,1
l_shape_partial_overlap_hard_mixed,partial_overlap,2177,2724,0.08067671802706945,0.06700389266771724,0.9991798657652524,105.66554309004844,0.02593335155034978,0,0.17003153251642317,0
l_shape_partial_overlap_hard_mixed,partial_overlap,2179,2335,0.04893315666416132,0.03696880535312549,0.9639416100110435,111.65563184125459,0.0057306687566104336,1,0.12489804054186866,0
l_shape_partial_overlap_hard_mixed,partial_overlap,2181,1423,0.13002792470862246,0.11419135294550828,0.9212621640473021,83.99491994785195,-0.09962977547269398,0,0.033988658004582915,1
l_shape_partial_overlap_hard_mixed,partial_overlap,2184,1654,0.10228874698240228,0.05872317650026646,0.855703550624439,86.0685785000903,0.07472347119601185,0,0.0803052694955548,0
l_shape_partial_overlap_hard_mixed,partial_overlap,2185,1602,0.03905146916596116,0.02814448425380916,0.2719344136714036,75.72566796504684,-0.1484198312054339,0,0.17568625383517567,0
l_shape_partial_overlap_hard_mixed,partial_overlap,2188,861,0.09500963923883697,0.08819516444964103,0.9849478204052048,75.22068644952643,-0.1248894285276199,0,0.10308799157597509,0
