sample_id,scenario,source_index,target_index,distance_T0,point_to_plane_residual,normal_dot_abs,fpfh_distance,log_normalized_density_ratio,is_mutual_nn,label_distance,target_weight
real_20260706_155439_table_ur10_cluster000_table2_refined_from_identity_hard,real_previous_registration,1,1228,0.2051806212619915,0.1947780084245373,0.2321192616109396,186.24065748767225,1.6345145559023158,0,0.15792356013023634,0
real_20260706_155439_table_ur10_cluster000_table2_refined_from_identity_hard,real_previous_registration,3,422,0.16435811393663383,0.13204078841043582,0.9499682014452515,111.08946771802644,0.01183444336130593,0,0.09058728549711262,1
real_20260706_155439_table_ur10_cluster000_table2_refined_from_identity_hard,real_previous_registration,4,222,0.17565511174882553,0.16208268772957662,0.9540149657980371,258.72042784491487,2.6790521087373214,0,0.05828435047013837,1
real_20260706_155439_table_ur10_cluster000_table2_refined_from_identity_hard,real_previous_registration,5,565,0.21365162140665342,0.19942366352825736,0.4998560418981315,82.77725502460825,0.8002908816487899,0,0.10357036041873795,0
real_20260706_155439_table_ur10_cluster000_table2_refined_from_identity_hard,real_previous_registration,6,764,0.027682784962671375,0.021693858494472695,0.7883188109470667,129.31375181262828,-0.2854167984219135,0,0.19085498616863225,0
real_20260706_155439_table_ur10_cluster000_table2_refined_from_identity_hard,real_previous_registration,7,685,0.028826368155852232,0.015151883426774202,0.4363340859379314,67.68347210654119,-0.010638388104055261,1,0.12037656512337998,0
real_20260706_155439_table_ur10_cluster000_table2_refined_from_identity_hard,real_previous_registration,8,1041,0.0240296984039145,0.02008980593374203,0.1583726855597838,55.12291719331317,-0.5581795993263239,0,0.20415822448945448,0
real_20260706_155439_table_ur10_cluster000_table2_refined_from_identity_hard,real_previous_registration,10,339,0.08676953247850447,0.07378568322015103,0.5208653563487272,232.51081237530923,-0.47367282993016957,0,0.21786988942079336,0
real_20260706_155439_table_ur10_cluster000_table2_refined_from_identity_hard,real_previous_registration,11,223,0.1615718953045539,0.09313639729265422,0.6065517688442075,101.53165628037661,1.336250908671208,0,0.0219633525663832,1
real_20260706_155439_table_ur10_cluster000_table2_refined_from_identity_hard,real_previous_registration,13,1019,0.1244838833455822,0.03962666119707636,0.7503468136300732,188.56551924418966,1.1236904432428692,0,0.0119746894381868,1
real_20260706_155439_table_ur10_cluster000_table2_refined_from_identity_hard,real_previous_registration,15,772,0.07531521338286111,0.05415513734104302,0.23038230196405304,59.24071806216414,-0.13720099330847674,0,0.24268413989707927,0
real_20260706_155439_table_ur10_cluster000_table2_refined_from_identity_hard,real_previous_registration,17,352,0.20813624619828308,0.15583311095961172,0.7950627469724852,99.86438935065618,0.10714452949689109,0,0.15043168664262296,0
real_20260706_155439_table_ur10_cluster000_table2_refined_from_identity_hard,real_previous_registration,22,1004,0.027130955472084366,0.0149245214992903,0.834751157630722,267.28182578425987,1.117824311135448,1,0.11744426067078853,0
real_20260706_155439_table_ur10_cluster000_table2_refined_from_identity_hard,real_previous_registration,23,496,0.10418424207987559,0.001881038042042378,0.25960560228533947,120.82285400732123,0.5559455013547263,0,0.10354763471651839,0
real_20260706_155439_table_ur10_cluster000_table2_refined_from_identity_hard,real_previous_registration,24,1048,0.0898516009717823,0.08857773795643842,0.8882595294350767,56.11487251026451,-0.11122552984716626,0,0.19460327658788568,0
real_20260706_155439_table_ur10_cluster000_table2_refined_from_identity_hard,real_previous_registration,26,192,0.14464076873207618,0.1347507518520419,0.8455344705856085,176.33955352664003,1.192683152825439,0,0.08838341720982947,1
real_20260706_155439_table_ur10_cluster000_table2_refined_from_identity_hard,real_previous_registration,27,1099,0.06445749537111375,0.058468198515045214,0.11038572417023394,206.7278804425487,0.2269454921031852,0,0.15963867401808693,0
real_20260706_155439_table_ur10_cluster000_table2_refined_from_identity_hard,real_previous_registration,28,774,0.0937481180178697,0.09027246319479432,0.35854825772160465,113.3329088925244,1.649439323249636,0,0.24576927510804858,0
real_20260706_155439_table_ur10_cluster000_table2_refined_from_identity_hard,real_previous_registration,29,38,0.010789371574899738,0.005401050328526695,0.5799499300715871,58.175293800971964,0.11411321275040479,1,0.14828459959830542,0
real_20260706_155439_table_ur10_cluster000_table2_refined_from_identity_hard,real_previous_registration,30,306,0.030330090393878236,0.02205323984283849,0.4170656794436608,84.25714303789513,-0.008368242527665588,0,0.1530507550787356,0
real_20260706_155439_table_ur10_cluster000_table2_refined_from_identity_hard,real_previous_registration,31,414,0.17504855575943565,0.16510727164983036,0.9306919862224768,182.30933213327063,1.1940316394946993,0,0.07667807616389481,1
real_20260706_155439_table_ur10_cluster000_table2_refined_from_identity_hard,real_previous_registration,32,207,0.03323404784873815,0.02824730505933873,0.9977800699204243,230.64958541620496,-0.5816822432127696,1,0.1642775012828421,0
real_20260706_155439_table_ur10_cluster000_table2_refined_from_identity_hard,real_previous_registration,34,1033,0.0854449820055335,0.05184484905238646,0.9514260109300945,74.3914238502539,0.15641550412214109,0,0.2629372728779339,0
real_20260706_155439_table_ur10_cluster000_table2_refined_from_identity_hard,real_previous_registration,35,1181,0.11737549065832581,0.04331940308173271,0.10797780508686208,208.47996165901955,1.0814576044024533,0,0.08354413282432635,1
real_20260706_155439_table_ur10_cluster000_table2_refined_from_identity_hard,real_previous_registration,36,4,0.18565079103941468,0.160675371600992,0.9072143226165579,187.63586640403923,1.0050848834370194,0,0.13390842502261363,0
real_20260706_155439_table_ur10_cluster000_table2_refined_from_identity_hard,real_previous_registration,37,652,0.14583395345473282,0.12823980247341166,0.849737667985363,161.58660971905346,0.6561906949908548,0,0.0799541131314268,1
real_20260706_155439_table_ur10_cluster000_table2_refined_from_identity_hard,real_previous_registration,38,1140,0.06733803681636708,0.045022529571729454,0.9811524504453862,104.56382616880688,0.7377699825384116,0,0.17503527340635,0
real_20260706_155439_table_ur10_cluster000_table2_refined_from_identity_hard,real_previous_registration,39,486,0.020025217449749298,0.010135259220469352,0.8393701659605484,74.94335927908936,0.15641550412214109,1,0.19647902641857637,0
real_20260706_155439_table_ur10_cluster000_table2_refined_from_identity_hard,real_previous_registration,40,352,0.1933552124932286,0.16823036235866706,0.8957089678321379,98.23248887744083,-0.12169679747767533,0,0.17441789233432678,0
real_20260706_155439_table_ur10_cluster000_table2_refined_from_identity_hard,real_previous_registration,41,770,0.04264272284779482,0.015435977335417395,0.8194042879104567,94.78864109975784,0.3540043099287772,0,0.18578361593338763,0
real_20260706_155439_table_ur10_cluster000_table2_refined_from_identity_hard,real_previous_registration,42,997,0.04149436408377993,0.0214498494047733,0.19901251237436518,71.4097164712671,-0.096239680107307,0,0.16715872993527384,0
real_20260706_155439_table_ur10_cluster000_table2_refined_from_identity_hard,real_previous_registration,43,86,0.1661564322091784,0.16145086011688486,0.9037212204652134,163.67818730343026,1.3797773669718583,0,0.12730998614346029,0
real_20260706_155439_table_ur10_cluster000_table2_refined_from_identity_hard,real_previous_registration,44,1023,0.032789037742917804,0.013660385669393406,0.9015693414582872,262.4489357699492,-1.0035460683821427,0,0.15910626647150106,0
real_20260706_155439_table_ur10_cluster000_table2_refined_from_identity_hard,real_previous_registration,45,845,0.1470442350124372,0.09405722636342712,0.5100051766536757,59.56079477202586,1.3691376600559346,0,0.14305143558649996,0
real_20260706_155439_table_ur10_cluster000_table2_refined_from_identity_hard,real_previous_registration,47,488,0.13872764073685306,0.11593922630888034,0.953700254716102,113.19174881938561,1.0079295219533213,0,0.24943719492689193,0
real_20260706_155439_table_ur10_cluster000_table2_refined_from_identity_hard,real_previous_registration,48,704,0.21134857218331612,0.209132633896431,0.9647091497877898,119.23375764618915,1.0616534050132083,0,0.21232377267748,0
real_20260706_155439_table_ur10_cluster000_table2_refined_from_identity_hard,real_previous_registration,49,579,0.15902391223473764,0.1117623313523788,0.9962999770285313,107.31310595272419,0.0871837714668045,0,0.24660942313271772,0
real_20260706_155439_table_ur10_cluster000_table2_refined_from_identity_hard,real_previous_registration,50,346,0.018464749411084707,0.012306892586842044,0.1731459989335546,91.46950992591195,0.5331306418076545,1,0.1399307130274843,0
real_20260706_155439_table_ur10_cluster000_table2_refined_from_identity_hard,real_previous_registration,51,506,0.10384267596641183,0.10164338792445901,0.9446586116812927,72.53140746812224,0.3334177493610065,0,0.17648502944455113,0
real_20260706_155439_table_ur10_cluster000_table2_refined_from_identity_hard,real_previous_registration,52,72,0.08885576640297499,0.0715190259519519,0.9570247120396432,181.0980302493534,-0.28826971406321283,0,0.21008935145898094,0
real_20260706_155439_table_ur10_cluster000_table2_refined_from_identity_hard,real_previous_registration,53,556,0.07511180032134042,0.046311739989493866,0.3959416773672078,97.64817803101532,0.7049806826527409,0,0.17825314640067627,0
real_20260706_155439_table_ur10_cluster000_table2_refined_from_identity_hard,real_previous_registration,54,881,0.06095056534442754,0.036670844147163366,0.19108371201412144,72.82047478042284,0.20485110040073523,0,0.108903094362974,0
real_20260706_155439_table_ur10_cluster000_table2_refined_from_identity_hard,real_previous_registration,56,845,0.14390227154280957,0.10047610769091518,0.600064489453818,63.18539157700225,1.453694947925134,0,0.16759358552909273,0
real_20260706_155439_table_ur10_cluster000_table2_refined_from_identity_hard,real_previous_registration,57,414,0.17062774740236755,0.1695353996859409,0.9633053587106113,220.7319626415488,1.1940316394946993,0,0.0304876574084511,1
real_20260706_155439_table_ur10_cluster000_table2_refined_from_identity_hard,real_previous_registration,58,102,0.05322651657768535,0.03752000693975417,0.9929960507567996,184.57166887949066,-0.14461753674384856,0,0.1251024542865986,0
real_20260706_155439_table_ur10_cluster000_table2_refined_from_identity_hard,real_previous_registration,59,1228,0.14486368586003845,0.1368832372172548,0.25161349683668466,144.33943948255646,1.6345145559023158,0,0.11317093006871219,0
real_20260706_155439_table_ur10_cluster000_table2_refined_from_identity_hard,real_previous_registration,60,375,0.14301546635595294,0.12042175085968544,0.7216309989377439,158.94929406761327,0.17815540888599987,0,0.20036596571551452,0
real_20260706_155439_table_ur10_cluster000_table2_refined_from_identity_hard,real_previous_registration,61,491,0.06695070143743474,0.03724107189157378,0.07037905394629868,85.10508132081561,0.9673441462676168,0,0.1342138439407639,0
real_20260706_155439_table_ur10_cluster000_table2_refined_from_identity_hard,real_previous_registration,62,490,0.11708280693747494,0.04187053114547887,0.9605303717316578,79.93279450276872,0.22590449098156268,0,0.043288109110264886,1
real_20260706_155439_table_ur10_cluster000_table2_refined_from_identity_hard,real_previous_registration,63,593,0.09647159828880383,0.08520187639096444,0.9784983968740271,144.15721481342499,0.7049806826527409,0,0.029461763142258596,1
real_20260706_155439_table_ur10_cluster000_table2_refined_from_identity_hard,real_previous_registration,64,957,0.13531319687625165,0.13113716424467048,0.9849456846043542,102.87743615761113,-0.10008335329393526,0,0.142131322023359,0
real_20260706_155439_table_ur10_cluster000_table2_refined_from_identity_hard,real_previous_registration,66,604,0.14126817136043338,0.06967186571506312,0.9422622064626256,74.88640534415029,0.8674994077063702,0,0.12571143028353515,0
real_20260706_155439_table_ur10_cluster000_table2_refined_from_identity_hard,real_previous_registration,68,565,0.25003640696989754,0.24236494059583782,0.8312547682686136,55.53448202482122,0.506530023874274,0,0.14830604819685841,0
real_20260706_155439_table_ur10_cluster000_table2_refined_from_identity_hard,real_previous_registration,69,774,0.12575974558365585,0.06823127014245277,0.3177525762644558,231.56842135075073,1.0616534050132083,0,0.18947923152843574,0
real_20260706_155439_table_ur10_cluster000_table2_refined_from_identity_hard,real_previous_registration,70,873,0.10008127533182647,0.09728983092366388,0.27003423047511493,98.74698873012233,0.6284407261575296,0,0.239485287894958,0
real_20260706_155439_table_ur10_cluster000_table2_refined_from_identity_hard,real_previous_registration,71,1228,0.20715753984228807,0.19761242405585266,0.22818062461788224,186.6546735936834,1.5427070774993406,0,0.14534002306233934,0
real_20260706_155439_table_ur10_cluster000_table2_refined_from_identity_hard,real_previous_registration,72,422,0.06634034959159399,0.06390871376305944,0.8034908833182532,113.38988288305457,0.17005827296663914,0,0.15874180398325405,0
real_20260706_155439_table_ur10_cluster000_table2_refined_from_identity_hard,real_previous_registration,73,143,0.06082181382442509,0.05393919089420479,0.022433828865901145,166.12354953288548,0.12004790492475569,1,0.20791508732516029,0
real_20260706_155439_table_ur10_cluster000_table2_refined_from_identity_hard,real_previous_registration,74,678,0.015478044981307363,0.0043405255111929305,0.6189597125787449,106.07194951562538,-0.6248709360052178,1,0.18872927363232767,0
real_20260706_155439_table_ur10_cluster000_table2_refined_from_identity_hard,real_previous_registration,75,358,0.07253883147237487,0.029437103338951203,0.2401511808992452,145.26691965988908,-0.5124137313164064,0,0.1800808814930481,0
real_20260706_155439_table_ur10_cluster000_table2_refined_from_identity_hard,real_previous_registration,76,878,0.15378486849661585,0.07946203672191186,0.9378596741138263,191.39165271034182,0.7406989121975097,0,0.056999133995033674,1
real_20260706_155439_table_ur10_cluster000_table2_refined_from_identity_hard,real_previous_registration,77,652,0.17227936177132577,0.13538726186361003,0.5651011619187943,151.47379053055164,0.20990406486192686,0,0.21269852389151117,0
real_20260706_155439_table_ur10_cluster000_table2_refined_from_identity_hard,real_previous_registration,78,1181,0.14402722716290783,0.07374590254513007,0.11986695589014709,235.65432170424089,1.1199238541536929,0,0.15422875405350686,0
real_20260706_155439_table_ur10_cluster000_table2_refined_from_identity_hard,real_previous_registration,79,986,0.09291264547269382,0.0743908975912678,0.42278448842818783,113.58919476933839,1.4469157329448565,0,0.2433401122353256,0
real_20260706_155439_table_ur10_cluster000_table2_refined_from_identity_hard,real_previous_registration,80,474,0.06084531147816663,0.042941629137725514,0.864334252520946,215.83406613641677,0.9518396286433926,1,0.16348151309076964,0
real_20260706_155439_table_ur10_cluster000_table2_refined_from_identity_hard,real_previous_registration,81,676,0.056847706450081206,0.035869266837442355,0.7837432641358483,94.54380018800855,0.4212127775774421,0,0.09994393675599282,1
real_20260706_155439_table_ur10_cluster000_table2_refined_from_identity_hard,real_previous_registration,82,1023,0.03152563720779355,0.013105425699971564,0.9023065312903165,253.46421844802396,-1.0035460683821427,0,0.10141301218052785,0
real_20260706_155439_table_ur10_cluster000_table2_refined_from_identity_hard,real_previous_registration,83,740,0.03972028689342806,0.027730444355964355,0.9841233261582243,166.98430442543847,0.7819408349032022,0,0.1436049883815484,0
real_20260706_155439_table_ur10_cluster000_table2_refined_from_identity_hard,real_previous_registration,85,8,0.14044490470023285,0.13028437015434155,0.9846627787405706,199.908994131401,0.6847780880333634,0,0.1065364029035287,0
real_20260706_155439_table_ur10_cluster000_table2_refined_from_identity_hard,real_previous_registration,86,912,0.0510376102713056,0.0010815392417218021,0.04668510291585961,210.03055343410264,-0.21130884366750385,0,0.1392953993471128,0
real_20260706_155439_table_ur10_cluster000_table2_refined_from_identity_hard,real_previous_registration,87,559,0.16948570346796377,0.10607576694940236,0.9418464362542439,252.09226472779216,2.62189374064897,0,0.10555694667261002,0
real_20260706_155439_table_ur10_cluster000_table2_refined_from_identity_hard,real_previous_registration,88,288,0.1465027360117344,0.13665385989341985,0.6810665890409301,123.10512738018913,-0.48324230617519187,0,0.16117144940436778,0
real_20260706_155439_table_ur10_cluster000_table2_refined_from_identity_hard,real_previous_registration,89,648,0.1508392577942407,0.10528432781022547,0.5566539780316,222.4351974984967,0.5587985458072667,0,0.04883594384988695,1
real_20260706_155439_table_ur10_cluster000_table2_refined_from_identity_hard,real_previous_registration,90,897,0.035226209200374135,0.025339631778029684,0.3418808405215147,83.14274276835144,0.04000529651849745,0,0.15897344127830676,0
real_20260706_155439_table_ur10_cluster000_table2_refined_from_identity_hard,real_previous_registration,91,886,0.08451647844228012,0.0628795093202172,0.9758742454560033,119.85703525994143,0.06312764256105895,0,0.11509436654120192,0
real_20260706_155439_table_ur10_cluster000_table2_refined_from_identity_hard,real_previous_registration,92,359,0.14425922808799557,0.1260432947359078,0.5956311322352658,60.0799301595496,-0.21130879737132754,0,0.14619370437006535,0
real_20260706_155439_table_ur10_cluster000_table2_refined_from_identity_hard,real_previous_registration,93,433,0.08760174557091208,0.08371822673553934,0.13255493547447972,220.14191611855915,0.4017945138364755,0,0.228521293010499,0
real_20260706_155439_table_ur10_cluster000_table2_refined_from_identity_hard,real_previous_registration,94,953,0.14896254244316018,0.14200518094414777,0.953308502776342,230.82951662989055,0.029852917695204734,1,0.17589575151039533,0
real_20260706_155439_table_ur10_cluster000_table2_refined_from_identity_hard,real_previous_registration,96,688,0.2300002827025668,0.2244282989219918,0.8902318811871796,75.52933080139839,1.0879713854188748,0,0.13558031697947384,0
real_20260706_155439_table_ur10_cluster000_table2_refined_from_identity_hard,real_previous_registration,97,56,0.01751190438461257,0.011910843159224265,0.9980672684002581,169.44383568384305,0.519577355048736,1,0.12011905336921655,0
real_20260706_155439_table_ur10_cluster000_table2_refined_from_identity_hard,real_previous_registration,98,426,0.05219327262698493,0.045886274865484813,0.9795049421602849,85.47344660342864,-0.37257691466787407,1,0.12421576342802082,0
real_20260706_155439_table_ur10_cluster000_table2_refined_from_identity_hard,real_previous_registration,99,4,0.16998327183234893,0.15672269031060043,0.9075146425251325,257.94280910013026,0.9863927650999077,0,0.026768055248292344,1
real_20260706_155439_table_ur10_cluster000_table2_refined_from_identity_hard,real_previous_registration,100,556,0.044704558559997463,0.022597320353773896,0.3742784192627717,105.29829539055382,0.7901384148026398,0,0.13935014855232594,0
real_20260706_155439_table_ur10_cluster000_table2_refined_from_identity_hard,real_previous_registration,101,676,0.0033707406419885705,0.0011542899894833758,0.6123043169792661,95.36355485526173,0.6931461805614452,1,0.10631728220402202,0
real_20260706_155439_table_ur10_cluster000_table2_refined_from_identity_hard,real_previous_registration,102,1181,0.1686954880676223,0.10986872863329429,0.12392845247045886,237.59743015144863,1.1199238541536929,0,0.19029541356902693,0
real_20260706_155439_table_ur10_cluster000_table2_refined_from_identity_hard,real_previous_registration,103,593,0.04250837549139811,0.020978648361979643,0.5591574720804712,130.555435751203,0.7695191454570313,0,0.0999702349818702,1
real_20260706_155439_table_ur10_cluster000_table2_refined_from_identity_hard,real_previous_registration,104,770,0.027412519653576172,0.007437511465116515,0.8194042879104013,86.69633521758848,0.3540043099287772,1,0.17858193374177825,0
real_20260706_155439_table_ur10_cluster000_table2_refined_from_identity_hard,real_previous_registration,105,844,0.1954597365073447,0.1016903965463812,0.9254281578638118,221.67222268555136,2.353632571522436,0,0.1795886189319632,0
real_20260706_155439_table_ur10_cluster000_table2_refined_from_identity_hard,real_previous_registration,106,252,0.08830439693314962,0.07702941115838752,0.6233558351492969,152.88937897093115,0.003802280788455268,0,0.2307439446180069,0
real_20260706_155439_table_ur10_cluster000_table2_refined_from_identity_hard,real_previous_registration,107,953,0.1540638678371811,0.1297190501864244,0.9538677934534447,224.87512850958004,0.029852917695204734,0,0.13974240676687813,0
real_20260706_155439_table_ur10_cluster000_table2_refined_from_identity_hard,real_previous_registration,108,162,0.038645956251004046,0.020057817362936717,0.11541397498202946,49.52627694962671,-0.13720099330847674,0,0.22548573739381708,0
real_20260706_155439_table_ur10_cluster000_table2_refined_from_identity_hard,real_previous_registration,110,352,0.1984004396833115,0.09057713641809098,0.15155949376881894,104.53080048604812,0.2147750962867473,0,0.09178681723610513,1
real_20260706_155439_table_ur10_cluster000_table2_refined_from_identity_hard,real_previous_registration,111,351,0.10747105983679632,0.09449020990044214,0.849869658854726,182.2018080733278,1.2550252742780754,0,0.13735046801190304,0
real_20260706_155439_table_ur10_cluster000_table2_refined_from_identity_hard,real_previous_registration,112,973,0.026869637130736417,0.0012882126234207924,0.009988964044689602,65.9015591458307,-0.23281510924910262,1,0.22017217444603673,0
real_20260706_155439_table_ur10_cluster000_table2_refined_from_identity_hard,real_previous_registration,114,898,0.03482370156479457,0.022784350830225016,0.6807689718301352,48.57398504631463,0.4644459086095971,1,0.17968840508557182,0
real_20260706_155439_table_ur10_cluster000_table2_refined_from_identity_hard,real_previous_registration,116,510,0.15537290953206376,0.14986676141970703,0.4164598208350309,172.84221157399483,1.8501098490149614,0,0.10590783643295819,0
real_20260706_155439_table_ur10_cluster000_table2_refined_from_identity_hard,real_previous_registration,119,222,0.15258001537344673,0.14292248920988243,0.9299366598086967,246.57510559064465,2.6974012332641144,0,0.10180196401174055,0
real_20260706_155439_table_ur10_cluster000_table2_refined_from_identity_hard,real_previous_registration,120,593,0.10266323155390429,0.07354780456662557,0.9024587271325073,157.4299936648633,0.7049806826527409,0,0.05698649875460801,1
real_20260706_155439_table_ur10_cluster000_table2_refined_from_identity_hard,real_previous_registration,121,579,0.12159011211926064,0.11404139143874008,0.973715314955206,73.56081635826025,0.34207571625725136,0,0.24312018722126957,0
real_20260706_155439_table_ur10_cluster000_table2_refined_from_identity_hard,real_previous_registration,122,406,0.09188497977330069,0.0546343598006564,0.9684311386717138,171.50935203971898,1.4416110465526122,0,0.21395993749803793,0
real_20260706_155439_table_ur10_cluster000_table2_refined_from_identity_hard,real_previous_registration,123,652,0.17728980071751313,0.05603686478928798,0.44315829908639137,130.90942878224993,0.2995161110517553,0,0.15204450353359308,0
real_20260706_155439_table_ur10_cluster000_table2_refined_from_identity_hard,real_previous_registration,124,318,0.08697134834849277,0.07960376946094865,0.8592659759938499,66.82124703725732,0.3948262477824443,0,0.1778940966010538,0
real_20260706_155439_table_ur10_cluster000_table2_refined_from_identity_hard,real_previous_registration,126,1126,0.02486832699097966,0.01666602006733383,0.9390953944350975,61.9744538323499,-0.1859911074779599,1,0.1012817446855171,0
real_20260706_155439_table_ur10_cluster000_table2_refined_from_identity_hard,real_previous_registration,127,705,0.24772862138947757,0.21520273986554278,0.9734273925915706,103.26402327773904,0.40179494652736636,0,0.164720410540581,0
real_20260706_155439_table_ur10_cluster000_table2_refined_from_identity_hard,real_previous_registration,128,953,0.1603417673219914,0.15485124414199364,0.9531630707537089,204.65756813190174,0.029852917695204734,0,0.2247307536791718,0
real_20260706_155439_table_ur10_cluster000_table2_refined_from_identity_hard,real_previous_registration,129,1019,0.15108846370709011,0.009818378589692409,0.7114701638726313,204.46982230996457,1.0318829648398942,0,0.0427407622640194,1
real_20260706_155439_table_ur10_cluster000_table2_refined_from_identity_hard,real_previous_registration,130,257,0.03971576606106403,0.00803858707706742,0.8595434898886921,258.5883437787674,0.7202477676830042,0,0.10899845048548142,0
real_20260706_155439_table_ur10_cluster000_table2_refined_from_identity_hard,real_previous_registration,131,400,0.03304803925333024,0.004655704048303887,0.6971254494384782,168.628370284936,0.10234829109906213,1,0.1327925814859754,0
real_20260706_155439_table_ur10_cluster000_table2_refined_from_identity_hard,real_previous_registration,132,525,0.15376416023013065,0.14944020271210867,0.9479928784310488,110.67682113145568,-0.010638384737059308,0,0.1804356523330225,0
real_20260706_155439_table_ur10_cluster000_table2_refined_from_identity_hard,real_previous_registration,133,599,0.21908415431530093,0.1883768329912974,0.9525395820209056,62.53568851657804,0.09617548137503319,0,0.1355665342182953,0
real_20260706_155439_table_ur10_cluster000_table2_refined_from_identity_hard,real_previous_registration,134,4,0.15009120503482182,0.13338702414027068,0.9019393316339062,261.74809071961766,1.0050848834370194,1,0.06827250168200853,1
real_20260706_155439_table_ur10_cluster000_table2_refined_from_identity_hard,real_previous_registration,135,599,0.056983609606947316,0.019654937721230045,0.07536769468404535,61.47476358603087,0.441015607373025,0,0.19013739539516894,0
real_20260706_155439_table_ur10_cluster000_table2_refined_from_identity_hard,real_previous_registration,136,149,0.23695118019228661,0.18214410764556752,0.7841159135799994,102.23299393871304,0.3276870677801201,0,0.10201725850105353,0
real_20260706_155439_table_ur10_cluster000_table2_refined_from_identity_hard,real_previous_registration,138,740,0.051731204539448815,0.018441874503877204,0.9839221228119944,172.26835062043924,0.704979918211317,0,0.16246628158271487,0
real_20260706_155439_table_ur10_cluster000_table2_refined_from_identity_hard,real_previous_registration,139,498,0.19162344089301722,0.052936888936616994,0.4215608823127927,127.07228976011405,0.45985863524708376,0,0.054290670249306706,1
real_20260706_155439_table_ur10_cluster000_table2_refined_from_identity_hard,real_previous_registration,140,404,0.14241708210383375,0.13997203315353832,0.6444527552603805,109.83730722627313,0.8632042392430819,0,0.12944831639927565,0
real_20260706_155439_table_ur10_cluster000_table2_refined_from_identity_hard,real_previous_registration,141,8,0.13716576725006413,0.11507114251608164,0.9813894554573525,238.5667580214033,0.8002908816487899,0,0.11500017440784754,0
real_20260706_155439_table_ur10_cluster000_table2_refined_from_identity_hard,real_previous_registration,142,149,0.25929742700425995,0.14833683973042003,0.7619916686078599,115.86445500478233,0.24067577033587229,0,0.15422156136526016,0
real_20260706_155439_table_ur10_cluster000_table2_refined_from_identity_hard,real_previous_registration,143,1228,0.0548318142294037,0.042065142141945594,0.8818590654533534,119.65112776807422,1.3050356423199587,0,0.16686474983833063,0
real_20260706_155439_table_ur10_cluster000_table2_refined_from_identity_hard,real_previous_registration,144,223,0.11425134266898297,0.09681946122992209,0.38072004802098375,117.93305351214964,1.149665136396671,0,0.22272924393327084,0
real_20260706_155439_table_ur10_cluster000_table2_refined_from_identity_hard,real_previous_registration,145,565,0.14789617416709222,0.08407825632232993,0.26883855729881156,137.50921041467637,0.7819417571219967,0,0.07778955445897977,1
real_20260706_155439_table_ur10_cluster000_table2_refined_from_identity_hard,real_previous_registration,146,525,0.08887148981060983,0.04692045867921224,0.197762403455731,101.30736671651259,-0.04141000363113711,0,0.20101027990182188,0
real_20260706_155439_table_ur10_cluster000_table2_refined_from_identity_hard,real_previous_registration,147,510,0.09844851693972613,0.006532424388503398,0.42033174229620074,135.6266943830132,1.5804465184292869,0,0.12738660984715164,0
real_20260706_155439_table_ur10_cluster000_table2_refined_from_identity_hard,real_previous_registration,148,1099,0.08770141158210949,0.08399922533018252,0.10109747271622953,197.7201453389846,0.2586941480791122,0,0.19077997634756824,0
real_20260706_155439_table_ur10_cluster000_table2_refined_from_identity_hard,real_previous_registration,149,1009,0.12864931932621637,0.12805070381995198,0.9032394187079551,205.47004674257903,1.4179288695979257,0,0.07553160623145853,1
real_20260706_155439_table_ur10_cluster000_table2_refined_from_identity_hard,real_previous_registration,150,433,0.17839553491627796,0.17626121952031432,0.131339365275633,222.53449136536108,0.519577355048736,0,0.29098586273472465,0
real_20260706_155439_table_ur10_cluster000_table2_refined_from_identity_hard,real_previous_registration,151,903,0.03591950370906244,0.0014869668326052791,0.2413796898001844,119.99129193560537,-0.6655638556277486,0,0.15044409998762465,0
real_20260706_155439_table_ur10_cluster000_table2_refined_from_identity_hard,real_previous_registration,152,676,0.04336264240631854,0.029932770424195898,0.8462248746521864,110.70443607895618,0.6190382853307205,0,0.06795366903039787,1
real_20260706_155439_table_ur10_cluster000_table2_refined_from_identity_hard,real_previous_registration,153,1211,0.15952468528741295,0.1508856102089906,0.9958685213007153,193.99711919540553,-0.3166691871033786,0,0.17163525048863199,0
real_20260706_155439_table_ur10_cluster000_table2_refined_from_identity_hard,real_previous_registration,154,869,0.03142124777660396,0.00580448946362487,0.4582143131344316,151.28984313379877,-0.6531410999153822,0,0.2067984735478688,0
real_20260706_155439_table_ur10_cluster000_table2_refined_from_identity_hard,real_previous_registration,156,1131,0.11226894990015834,0.09495758544020931,0.231045459349767,165.72265628307846,-0.40705329121408146,0,0.26562689528243544,0
real_20260706_155439_table_ur10_cluster000_table2_refined_from_identity_hard,real_previous_registration,158,1112,0.07941626139741641,0.06623775200812611,0.8998975023587494,92.84334627063708,0.5996203558834644,0,0.1539832386164141,0
real_20260706_155439_table_ur10_cluster000_table2_refined_from_identity_hard,real_previous_registration,159,490,0.05717973716202024,0.03583537896335185,0.8479085783343664,93.80949179888226,0.09237322335692288,0,0.10666777751459473,0
real_20260706_155439_table_ur10_cluster000_table2_refined_from_identity_hard,real_previous_registration,160,252,0.042383983859923424,0.007498688420531504,0.5843459242727767,115.33970625304731,0.1533338265876131,0,0.17603525731154032,0
real_20260706_155439_table_ur10_cluster000_table2_refined_from_identity_hard,real_previous_registration,162,510,0.03611345559358758,0.03352770762308235,0.8418937803431432,138.3704511535855,1.506338623198562,1,0.14582779669335852,0
real_20260706_155439_table_ur10_cluster000_table2_refined_from_identity_hard,real_previous_registration,163,559,0.09012801995023162,0.08186598743901656,0.9417273885388988,244.95104927350042,2.62189374064897,0,0.06706448480128514,1
real_20260706_155439_table_ur10_cluster000_table2_refined_from_identity_hard,real_previous_registration,164,534,0.03040817689019336,0.012605061276219893,0.9910229976401775,206.45802567138472,-0.6766715784994561,1,0.12695110295187426,0
real_20260706_155439_table_ur10_cluster000_table2_refined_from_identity_hard,real_previous_registration,165,957,0.12513981297402374,0.09688865297543835,0.8300317627808396,108.13357966904152,0.0,0,0.2362903248465655,0
real_20260706_155439_table_ur10_cluster000_table2_refined_from_identity_hard,real_previous_registration,166,384,0.1455311742915732,0.07761816963547247,0.9698233073293928,200.19052635904225,0.6536876639955681,0,0.055484022232334944,1
real_20260706_155439_table_ur10_cluster000_table2_refined_from_identity_hard,real_previous_registration,167,488,0.12202230126163946,0.10073813404067349,0.9656827211858688,149.75452341510032,0.9849400259273325,0,0.2036620792769144,0
real_20260706_155439_table_ur10_cluster000_table2_refined_from_identity_hard,real_previous_registration,168,845,0.18259948202937032,0.11123023567221635,0.25209069066339734,79.93748178928158,1.3691376600559346,0,0.17063372737971852,0
real_20260706_155439_table_ur10_cluster000_table2_refined_from_identity_hard,real_previous_registration,169,859,0.028837223638316808,0.007987095231718207,0.16021264644389302,209.66590202879817,-0.0470059839344448,1,0.16564161369007566,0
real_20260706_155439_table_ur10_cluster000_table2_refined_from_identity_hard,real_previous_registration,171,1071,0.17559976256747983,0.10031093207260516,0.9370016782153423,225.79726756484774,1.9859105947958764,0,0.11800489014785721,0
real_20260706_155439_table_ur10_cluster000_table2_refined_from_identity_hard,real_previous_registration,172,1154,0.17260401623244515,0.1456867122489793,0.9509202065572447,203.4858894110078,-0.21130880795330895,0,0.21137509783769115,0
real_20260706_155439_table_ur10_cluster000_table2_refined_from_identity_hard,real_previous_registration,174,1228,0.07465474376598791,0.006847963206850036,0.6533148199557793,111.22084395339479,1.3981259743291492,0,0.08913195017443312,1
real_20260706_155439_table_ur10_cluster000_table2_refined_from_identity_hard,real_previous_registration,175,957,0.16695280772470159,0.1390277677000637,0.9688583363870649,87.99551427611867,-0.18232135679417452,0,0.25558471259649596,0
real_20260706_155439_table_ur10_cluster000_table2_refined_from_identity_hard,real_previous_registration,176,797,0.05685172511373846,0.02353801638357129,0.8221843920304938,249.8525308658309,0.8495607046307245,1,0.15706448602700399,0
real_20260706_155439_table_ur10_cluster000_table2_refined_from_identity_hard,real_previous_registration,177,579,0.1030788172058481,0.013903257072337506,0.1368564617321783,66.44922343109492,0.7307333679137391,0,0.2838136578490709,0
real_20260706_155439_table_ur10_cluster000_table2_refined_from_identity_hard,real_previous_registration,178,308,0.04283571206333763,0.012533143932382949,0.38372278261516124,96.75426626945578,-0.18661630668675488,0,0.1577802321851177,0
real_20260706_155439_table_ur10_cluster000_table2_refined_from_identity_hard,real_previous_registration,181,845,0.04550847335085061,0.028365212394279263,0.7081451572924278,118.31084595001717,1.3691376600559346,0,0.1363796824155233,0
real_20260706_155439_table_ur10_cluster000_table2_refined_from_identity_hard,real_previous_registration,182,149,0.18384193217328956,0.16102983552848427,0.8714253069925756,85.59711769090117,0.3276870677801201,0,0.09868659520441263,1
real_20260706_155439_table_ur10_cluster000_table2_refined_from_identity_hard,real_previous_registration,185,408,0.043088380431068156,0.006976060595837262,0.6094324457460677,68.83087406448104,-0.2567712465555254,0,0.09290934575766938,1
real_20260706_155439_table_ur10_cluster000_table2_refined_from_identity_hard,real_previous_registration,186,688,0.21601637269073543,0.2116561857278109,0.8287850004001341,66.95727167462184,1.1468118127146254,0,0.15758355827875575,0
real_20260706_155439_table_ur10_cluster000_table2_refined_from_identity_hard,real_previous_registration,187,811,0.05540050849138115,0.02049999192850129,0.9780582850274472,211.48496407539534,0.1400885592529444,0,0.11408832990288967,0
real_20260706_155439_table_ur10_cluster000_table2_refined_from_identity_hard,real_previous_registration,189,174,0.05414432584620321,0.041668717717303495,0.9543086122073973,142.41240771462876,0.01921454097951368,0,0.12805725425790584,0
real_20260706_155439_table_ur10_cluster000_table2_refined_from_identity_hard,real_previous_registration,190,499,0.07744762477623544,0.07601045047537099,0.051673863245054484,139.19118869989762,0.1189324274427315,0,0.13525754839201315,0
real_20260706_155439_table_ur10_cluster000_table2_refined_from_identity_hard,real_previous_registration,191,1135,0.1305577161630468,0.08806995404435407,0.9773696773063656,115.55652745023531,1.6410715709153867,0,0.10248301855312464,0
real_20260706_155439_table_ur10_cluster000_table2_refined_from_identity_hard,real_previous_registration,192,72,0.08180871302949774,0.0798793850233086,0.9563061665019535,160.3686858527632,-0.1059484372688269,1,0.19173423454180505,0
real_20260706_155439_table_ur10_cluster000_table2_refined_from_identity_hard,real_previous_registration,193,334,0.19508727309696505,0.1675057410313229,0.9216330016709444,62.80637042409293,0.11146412782434904,0,0.11623074836006801,0
real_20260706_155439_table_ur10_cluster000_table2_refined_from_identity_hard,real_previous_registration,194,1071,0.1438332498077498,0.10537763857686562,0.9273212374555527,221.25587101093805,2.0222782111889948,0,0.0694492139813897,1
real_20260706_155439_table_ur10_cluster000_table2_refined_from_identity_hard,real_previous_registration,195,1164,0.12963919017158415,0.11103066623604849,0.9154743076752543,227.17498109692534,2.039977775130511,0,0.09905309549310434,1
real_20260706_155439_table_ur10_cluster000_table2_refined_from_identity_hard,real_previous_registration,196,774,0.08736227880776991,0.038010455156759146,0.31620608268095696,205.53426971740637,1.1386143217050935,0,0.18317047351778312,0
real_20260706_155439_table_ur10_cluster000_table2_refined_from_identity_hard,real_previous_registration,197,354,0.14209986952854947,0.11193874503787002,0.8976075007046858,181.9056022414748,1.292766247557223,0,0.09110116869723252,1
real_20260706_155439_table_ur10_cluster000_table2_refined_from_identity_hard,real_previous_registration,198,652,0.15126264533900888,0.08666545864871844,0.7573199484509636,135.29976148476345,0.7872188542394455,0,0.040144706088553396,1
real_20260706_155439_table_ur10_cluster000_table2_refined_from_identity_hard,real_previous_registration,200,121,0.19166299196694175,0.18827337097622404,0.9851851286307989,48.57749429152615,-0.03945879397743608,0,0.18418628742124946,0
real_20260706_155439_table_ur10_cluster000_table2_refined_from_identity_hard,real_previous_registration,201,1228,0.0450150840773301,0.019168547518668623,0.7826504500949777,71.95260741791414,1.375653139689192,0,0.1058743676992033,0
real_20260706_155439_table_ur10_cluster000_table2_refined_from_identity_hard,real_previous_registration,203,953,0.18827979213900373,0.1762271171650145,0.9528664525206284,157.59037976273268,-0.08347558761208448,0,0.27957328047254254,0
real_20260706_155439_table_ur10_cluster000_table2_refined_from_identity_hard,real_previous_registration,204,149,0.21742642042226432,0.14331751147166846,0.897153974115439,99.65555015317871,0.3276870677801201,0,0.10922469761474436,0
real_20260706_155439_table_ur10_cluster000_table2_refined_from_identity_hard,real_previous_registration,205,149,0.2321689481892851,0.18735696782309524,0.9479225661517863,91.87410428416528,0.4454700062143619,0,0.054156630621380895,1
real_20260706_155439_table_ur10_cluster000_table2_refined_from_identity_hard,real_previous_registration,207,559,0.12584017344146542,0.09832566784828534,0.945358632896912,242.62336808149516,2.6790521087373214,0,0.13011856549592818,0
real_20260706_155439_table_ur10_cluster000_table2_refined_from_identity_hard,real_previous_registration,208,352,0.1944802736037201,0.032620231512547115,0.24218715229683857,120.74554101777605,0.36600594571001493,0,0.06392309158201298,1
real_20260706_155439_table_ur10_cluster000_table2_refined_from_identity_hard,real_previous_registration,209,1154,0.14754070208463652,0.14742582792533085,0.9506012451526468,186.95344693377726,-0.24767639656871304,0,0.20046982425952614,0
real_20260706_155439_table_ur10_cluster000_table2_refined_from_identity_hard,real_previous_registration,210,1135,0.09921518365286675,0.0897567340799466,0.9858741767209227,104.28709660423102,1.6410715709153867,0,0.11004401356813646,0
real_20260706_155439_table_ur10_cluster000_table2_refined_from_identity_hard,real_previous_registration,211,564,0.05180402292638399,0.028536364188155677,0.4717419918348795,90.76623085112658,-0.188319411594871,0,0.14556935498419055,0
real_20260706_155439_table_ur10_cluster000_table2_refined_from_identity_hard,real_previous_registration,212,59,0.03791051342309173,0.02642611672456988,0.8142058749672285,124.03412589966469,0.3706118976037856,1,0.139290853378459,0
real_20260706_155439_table_ur10_cluster000_table2_refined_from_identity_hard,real_previous_registration,213,928,0.05120337440621326,0.038770112806927624,0.8979237971419954,92.25240299032546,0.5053679420003329,0,0.1813391367625555,0
real_20260706_155439_table_ur10_cluster000_table2_refined_from_identity_hard,real_previous_registration,214,579,0.1769847955239807,0.11044784663009911,0.8863534057596288,75.21524254657018,0.05439399380504185,0,0.3214612099042512,0
real_20260706_155439_table_ur10_cluster000_table2_refined_from_identity_hard,real_previous_registration,216,948,0.04728277163625979,0.010347363221543912,0.0018868204684506333,69.20840945889175,0.20420615999160655,0,0.11463150548280462,0
real_20260706_155439_table_ur10_cluster000_table2_refined_from_identity_hard,real_previous_registration,217,1014,0.02994553326155408,0.021544486861526144,0.9746197934239922,158.10257311606006,-0.42102914356875243,1,0.15604440525328026,0
real_20260706_155439_table_ur10_cluster000_table2_refined_from_identity_hard,real_previous_registration,218,8,0.12844627687884172,0.12280122266812991,0.9828216732626838,235.4201984716752,0.8002908816487899,0,0.09864341043152584,1
real_20260706_155439_table_ur10_cluster000_table2_refined_from_identity_hard,real_previous_registration,219,192,0.18924518070012178,0.1862217496373127,0.872564388733682,142.10100346451878,1.1386159724908047,0,0.0801351519962504,1
real_20260706_155439_table_ur10_cluster000_table2_refined_from_identity_hard,real_previous_registration,220,149,0.16308789413762503,0.15453335232589324,0.8403192098878487,97.85047941854435,0.38831163812601044,0,0.0894943958694508,1
real_20260706_155439_table_ur10_cluster000_table2_refined_from_identity_hard,real_previous_registration,221,456,0.05265552120636494,0.01474289130863037,0.9247717461364957,91.6330857092302,1.3291331695088,0,0.08196093411083409,1
real_20260706_155439_table_ur10_cluster000_table2_refined_from_identity_hard,real_previous_registration,222,1135,0.1906870442997752,0.10954922001394099,0.977150714581678,110.4414609731887,1.515908537765206,0,0.15916314232556417,0
real_20260706_155439_table_ur10_cluster000_table2_refined_from_identity_hard,real_previous_registration,223,1143,0.07488312066587119,0.06740597490918623,0.3766532590285549,55.36681406928178,-0.2719334029840031,0,0.21931410781467,0
real_20260706_155439_table_ur10_cluster000_table2_refined_from_identity_hard,real_previous_registration,224,525,0.1371987519301194,0.11049948856731985,0.8552198345486666,118.33927168823686,0.01921454097951368,0,0.0955245032798237,1
real_20260706_155439_table_ur10_cluster000_table2_refined_from_identity_hard,real_previous_registration,225,736,0.07646114057374945,0.06991369805108316,0.9934865256292332,131.7564998414623,-0.6033504203631382,0,0.20028039585845991,0
real_20260706_155439_table_ur10_cluster000_table2_refined_from_identity_hard,real_previous_registration,226,364,0.07971721010472033,0.07302162827836078,0.2008423410420549,139.31523707642998,-0.4036805635878389,0,0.18208920427411063,0
real_20260706_155439_table_ur10_cluster000_table2_refined_from_identity_hard,real_previous_registration,227,927,0.04489135679956326,0.027878875444389172,0.998933420846744,86.22335273367905,1.0414520414983415,0,0.1419324050719399,0
real_20260706_155439_table_ur10_cluster000_table2_refined_from_identity_hard,real_previous_registration,228,1154,0.15517779845575472,0.11556530528616774,0.9421842450596458,118.62364873898129,-0.17621753986610048,0,0.11243595940331792,0
real_20260706_155439_table_ur10_cluster000_table2_refined_from_identity_hard,real_previous_registration,230,878,0.13259801902315188,0.09535970142941069,0.9569774282071429,160.45354483852387,0.7406989121975097,0,0.05520045929289516,1
real_20260706_155439_table_ur10_cluster000_table2_refined_from_identity_hard,real_previous_registration,231,953,0.16757358262667826,0.1650182776210819,0.9532658507236376,198.8327633986154,-0.0065146709201992,0,0.23991846546217946,0
real_20260706_155439_table_ur10_cluster000_table2_refined_from_identity_hard,real_previous_registration,232,880,0.09396415847905781,0.05788596720409753,0.983486910708299,126.36904403196837,0.9743126477522046,0,0.07541528901990421,1
real_20260706_155439_table_ur10_cluster000_table2_refined_from_identity_hard,real_previous_registration,233,893,0.07972603830116849,0.0556529087570853,0.05839128621156917,213.47504110820316,0.5559449436641402,0,0.10605629652431839,0
real_20260706_155439_table_ur10_cluster000_table2_refined_from_identity_hard,real_previous_registration,234,82,0.12881395944017215,0.12781351451875295,0.6703728047743327,225.24255431406516,0.9236685614000107,0,0.0699713809446004,1
real_20260706_155439_table_ur10_cluster000_table2_refined_from_identity_hard,real_previous_registration,235,948,0.03877682163253583,0.03498751679570697,0.8581429365823551,64.58148188486939,0.24342684083722219,0,0.1562129753956696,0
real_20260706_155439_table_ur10_cluster000_table2_refined_from_identity_hard,real_previous_registration,236,565,0.17372290707339302,0.15448906258276485,0.3591572490424102,111.80453237729368,0.8183093735151148,0,0.06408222958874508,1
real_20260706_155439_table_ur10_cluster000_table2_refined_from_identity_hard,real_previous_registration,237,579,0.14060300594223607,0.10385090591606272,0.8815957159940289,64.72346731607888,0.31675793519600987,0,0.2926900050146273,0
real_20260706_155439_table_ur10_cluster000_table2_refined_from_identity_hard,real_previous_registration,238,222,0.18875211505556175,0.1773746846825634,0.9485552998615852,258.71041683971777,2.6790521087373214,0,0.07222355481652683,1
real_20260706_155439_table_ur10_cluster000_table2_refined_from_identity_hard,real_previous_registration,239,816,0.05768850268122237,0.049674352958937414,0.9994583875518219,77.91132798704231,-0.3889898949360349,1,0.18191827991530843,0
real_20260706_155439_table_ur10_cluster000_table2_refined_from_identity_hard,real_previous_registration,240,198,0.14040756249154887,0.13953720574117429,0.6271867616558943,129.4229678130662,-0.45493064696864055,0,0.1525949331650004,0
real_20260706_155439_table_ur10_cluster000_table2_refined_from_identity_hard,real_previous_registration,241,982,0.09398378296105435,0.0411179754941238,0.05390372441816697,158.55136818546208,0.7182257035554181,0,0.260331575365673,0
real_20260706_155439_table_ur10_cluster000_table2_refined_from_identity_hard,real_previous_registration,242,890,0.15647812792884605,0.13502331777288762,0.9715338902443298,248.1299162980878,1.5804473755676816,0,0.1071419294144531,0
real_20260706_155439_table_ur10_cluster000_table2_refined_from_identity_hard,real_previous_registration,243,619,0.11172957170393669,0.09160688353623586,0.46532449282026145,117.82792250994045,1.4704462070992599,0,0.21347610685898202,0
real_20260706_155439_table_ur10_cluster000_table2_refined_from_identity_hard,real_previous_registration,244,363,0.039014986124138215,0.02681326482300144,0.8112704122232507,88.93932904740028,-0.04879011416948323,0,0.0931278223044764,1
real_20260706_155439_table_ur10_cluster000_table2_refined_from_identity_hard,real_previous_registration,245,308,0.026616725450193834,0.02224901845735105,0.449654451785606,91.76572438601049,-0.02898751187327394,1,0.11644047653381828,0
real_20260706_155439_table_ur10_cluster000_table2_refined_from_identity_hard,real_previous_registration,246,844,0.19666430136111895,0.08696621893477478,0.9415050847375117,220.64920991376079,2.3726807512536654,0,0.1745605464433666,0
real_20260706_155439_table_ur10_cluster000_table2_refined_from_identity_hard,real_previous_registration,247,775,0.03129747649364173,0.02675140704716876,0.9866080635101266,215.75955830451008,-0.2411617840899251,1,0.13930173909276297,0
real_20260706_155439_table_ur10_cluster000_table2_refined_from_identity_hard,real_previous_registration,249,354,0.135488944586235,0.13427390106937667,0.8800119140914042,114.78789652596453,1.2550259494888822,0,0.04661839225030696,1
real_20260706_155439_table_ur10_cluster000_table2_refined_from_identity_hard,real_previous_registration,250,737,0.1162510343966682,0.10798033415059471,0.9785190962141089,235.94624342545347,-0.5641297718251352,0,0.20184833810808508,0
real_20260706_155439_table_ur10_cluster000_table2_refined_from_identity_hard,real_previous_registration,251,652,0.19911734603270564,0.028618446203702616,0.059752267996941444,128.09883039423073,0.5283574380263217,0,0.09946361129393412,1
real_20260706_155439_table_ur10_cluster000_table2_refined_from_identity_hard,real_previous_registration,252,198,0.07635670422711269,0.05395267332691993,0.1658348452013829,125.54649344864079,-0.32571909103698493,0,0.171106857432891,0
real_20260706_155439_table_ur10_cluster000_table2_refined_from_identity_hard,real_previous_registration,253,71,0.03854347533913763,0.02604930059396102,0.08108684676984874,70.74408748871456,0.6595183519867946,0,0.11501928649532528,0
real_20260706_155439_table_ur10_cluster000_table2_refined_from_identity_hard,real_previous_registration,254,1009,0.13539918177733973,0.09994764495483363,0.8866366122561599,231.08378918683906,1.4750872376862771,0,0.13242129617562162,0
real_20260706_155439_table_ur10_cluster000_table2_refined_from_identity_hard,real_previous_registration,255,339,0.03995797813035928,0.021066837000874583,0.5235469759981713,210.42452701974693,-0.6167734581865523,0,0.13264442558033893,0
real_20260706_155439_table_ur10_cluster000_table2_refined_from_identity_hard,real_previous_registration,256,1019,0.16008198756218248,0.01933764789557868,0.7168140385371419,207.24528115504003,1.0509311445711234,0,0.04347458611202158,1
real_20260706_155439_table_ur10_cluster000_table2_refined_from_identity_hard,real_previous_registration,257,744,0.09845367435143197,0.09526044944916107,0.20291718917230403,100.9863732731386,-0.29354688664134065,0,0.14756688360716202,0
real_20260706_155439_table_ur10_cluster000_table2_refined_from_identity_hard,real_previous_registration,258,525,0.14470411160450797,0.13915987040321537,0.9397475093670984,118.59528265320876,-0.010638384737059308,0,0.13315658152135673,0
real_20260706_155439_table_ur10_cluster000_table2_refined_from_identity_hard,real_previous_registration,259,724,0.025945216548630603,0.01701120109148705,0.9627409895475811,182.88062045393292,0.10234829109906213,1,0.10828565062677586,0
real_20260706_155439_table_ur10_cluster000_table2_refined_from_identity_hard,real_previous_registration,260,506,0.10569185578518478,0.10134041317241525,0.896709131087221,86.15868378409837,0.27154239925989376,0,0.20862516893790653,0
real_20260706_155439_table_ur10_cluster000_table2_refined_from_identity_hard,real_previous_registration,262,467,0.025030996642217855,0.005265380900690371,0.4764396541622552,218.94203967557596,-0.7441128077277886,1,0.16788302079667028,0
real_20260706_155439_table_ur10_cluster000_table2_refined_from_identity_hard,real_previous_registration,263,867,0.07188579109604008,0.03851927333466069,0.7298268134920683,50.920755296111466,0.20642587216402458,0,0.17070761780844834,0
real_20260706_155439_table_ur10_cluster000_table2_refined_from_identity_hard,real_previous_registration,265,713,0.08508005155927374,0.0759698860764043,0.02587023358582601,79.323387681727,-0.14231609837083958,0,0.16232289878022926,0
real_20260706_155439_table_ur10_cluster000_table2_refined_from_identity_hard,real_previous_registration,266,928,0.0949509253595484,0.07049034886682318,0.8524179904806959,96.16045626087698,0.43304735367644664,0,0.17943158406372542,0
real_20260706_155439_table_ur10_cluster000_table2_refined_from_identity_hard,real_previous_registration,268,263,0.07089405784418239,0.036380423108484286,0.6528692424586813,198.05608225986674,0.5146269978894236,0,0.10559515358607062,0
real_20260706_155439_table_ur10_cluster000_table2_refined_from_identity_hard,real_previous_registration,269,614,0.06527267604678752,0.057875143566837255,0.00019409022904160605,104.42366767602532,0.6915574863452006,0,0.15035244659499508,0
real_20260706_155439_table_ur10_cluster000_table2_refined_from_identity_hard,real_previous_registration,270,883,0.027883722176436657,0.017328716713727137,0.18096225775588712,54.355068069314186,0.08415503347090222,1,0.16058673638884913,0
real_20260706_155439_table_ur10_cluster000_table2_refined_from_identity_hard,real_previous_registration,271,1167,0.04600238094969822,0.01073676533497742,0.9853101034628153,127.11017788017813,0.05695482052937448,0,0.07786044183157363,1
real_20260706_155439_table_ur10_cluster000_table2_refined_from_identity_hard,real_previous_registration,272,916,0.08867529893591233,0.07035356291416643,0.9778517636894831,91.5138591232746,-0.13334742111654282,0,0.24565964094743395,0
real_20260706_155439_table_ur10_cluster000_table2_refined_from_identity_hard,real_previous_registration,273,388,0.09578164258403998,0.09184283093591275,0.7947173752486699,202.6372262314539,1.1432336739849267,0,0.1205831029337717,0
real_20260706_155439_table_ur10_cluster000_table2_refined_from_identity_hard,real_previous_registration,274,354,0.18080224258591526,0.1562015085301902,0.7443857736888864,90.57005511251941,1.2740741292201112,0,0.1053522788690411,0
real_20260706_155439_table_ur10_cluster000_table2_refined_from_identity_hard,real_previous_registration,276,671,0.03487166575537636,0.02850740361024781,0.9955728578625974,125.1431554984702,-0.03541838005720339,1,0.11492213711477017,0
real_20260706_155439_table_ur10_cluster000_table2_refined_from_identity_hard,real_previous_registration,277,940,0.21839107094064603,0.15552973583840488,0.7451310309281218,97.62486666741061,0.24652376032717122,0,0.10213800870048373,0
real_20260706_155439_table_ur10_cluster000_table2_refined_from_identity_hard,real_previous_registration,279,549,0.10560591435916562,0.010284011698555293,0.4133980693904711,236.70835054736455,1.430914329777065,0,0.21629565993467445,0
real_20260706_155439_table_ur10_cluster000_table2_refined_from_identity_hard,real_previous_registration,280,1154,0.1427972360275386,0.128632153458011,0.9504173901975514,132.61423526526033,-0.21130880795330895,1,0.14715414995389553,0
real_20260706_155439_table_ur10_cluster000_table2_refined_from_identity_hard,real_previous_registration,281,614,0.02828066558954978,0.013446703974826574,0.080902219020618,89.89241596704618,0.7182257035554181,0,0.1604977976442121,0
real_20260706_155439_table_ur10_cluster000_table2_refined_from_identity_hard,real_previous_registration,283,1197,0.038002303298376026,0.024742758815295484,0.2753181090686213,91.65221340299286,1.0017115904088238,0,0.1588178401462762,0
real_20260706_155439_table_ur10_cluster000_table2_refined_from_identity_hard,real_previous_registration,284,498,0.1342883922527367,0.11794871416193267,0.9154794439019861,114.3283216903739,0.02049249040515371,1,0.17293333982570977,0
real_20260706_155439_table_ur10_cluster000_table2_refined_from_identity_hard,real_previous_registration,286,4,0.1649997798203708,0.14353290098999863,0.9026808141097421,223.4621350953356,0.9479265153486681,0,0.11180059615292538,0
real_20260706_155439_table_ur10_cluster000_table2_refined_from_identity_hard,real_previous_registration,287,93,0.0665314756536451,0.0503761173639782,0.0211875160825572,167.02932784835286,-0.1600156440166494,0,0.19890756872612617,0
real_20260706_155439_table_ur10_cluster000_table2_refined_from_identity_hard,real_previous_registration,288,310,0.04900807988639135,0.0045763147050338245,0.5265225186401917,66.97661193125998,-0.4054646081087893,0,0.19665839100385848,0
real_20260706_155439_table_ur10_cluster000_table2_refined_from_identity_hard,real_previous_registration,289,223,0.15205458320530688,0.1375023199304751,0.390962849994195,115.30575534429553,1.0124641732540436,0,0.2633594896187152,0
real_20260706_155439_table_ur10_cluster000_table2_refined_from_identity_hard,real_previous_registration,290,525,0.07341824098535546,0.037540189873709724,0.20742499554565288,115.00357864358124,-0.010638384737059308,0,0.15643201915183844,0
real_20260706_155439_table_ur10_cluster000_table2_refined_from_identity_hard,real_previous_registration,291,565,0.15710281032232754,0.0853267291518347,0.26384314572614537,140.5426077032145,0.7819417571219967,0,0.07609781714151338,1
real_20260706_155439_table_ur10_cluster000_table2_refined_from_identity_hard,real_previous_registration,292,556,0.05604982381404951,0.04882456954069532,0.39645853935094966,104.48992503130657,0.6825078480127835,0,0.19006729474763837,0
real_20260706_155439_table_ur10_cluster000_table2_refined_from_identity_hard,real_previous_registration,293,844,0.20510434941325262,0.13815825634584863,0.8910021113865016,215.10282519810139,2.3913728695907768,0,0.19830643508764217,0
real_20260706_155439_table_ur10_cluster000_table2_refined_from_identity_hard,real_previous_registration,294,893,0.06662931853274932,0.03974767503077606,0.07736613235224621,195.09608124794508,0.6894761487889264,0,0.1581231839351508,0
real_20260706_155439_table_ur10_cluster000_table2_refined_from_identity_hard,real_previous_registration,295,215,0.036340149618273455,0.0270434277296202,0.4942996229380601,98.55876504872836,-0.9997656955905412,0,0.17735062490262152,0
real_20260706_155439_table_ur10_cluster000_table2_refined_from_identity_hard,real_previous_registration,296,616,0.11685552133871398,0.11445242237617188,0.49606223495831514,79.49245725295775,0.5108248237672707,0,0.17095143904621943,0
real_20260706_155439_table_ur10_cluster000_table2_refined_from_identity_hard,real_previous_registration,298,434,0.1671970360745894,0.1609352567105442,0.905967894381797,258.1053635012208,2.353632571522436,0,0.048602366316665375,1
real_20260706_155439_table_ur10_cluster000_table2_refined_from_identity_hard,real_previous_registration,299,688,0.20542980787243215,0.20358324016866167,0.8165122233782764,72.66654077613232,1.117824311135448,0,0.17252632292855494,0
real_20260706_155439_table_ur10_cluster000_table2_refined_from_identity_hard,real_previous_registration,300,375,0.18664579131634637,0.18597946714326063,0.9166837935646117,106.14794289342483,0.5283574380263217,0,0.11950371276298369,0
real_20260706_155439_table_ur10_cluster000_table2_refined_from_identity_hard,real_previous_registration,301,380,0.023246398136788398,0.020559367960892264,0.06885341329338258,75.04624740496263,0.18458639968868892,1,0.1617498742193991,0
real_20260706_155439_table_ur10_cluster000_table2_refined_from_identity_hard,real_previous_registration,302,470,0.026954482501513097,0.01490259802508576,0.7407116995663693,215.4959654399083,-0.8667150445358993,1,0.12782547074292785,0
real_20260706_155439_table_ur10_cluster000_table2_refined_from_identity_hard,real_previous_registration,303,15,0.035891281210304,0.004342691706023796,0.8992856519603525,133.90964394976197,-0.3494589733672704,0,0.12381742410395022,0
real_20260706_155439_table_ur10_cluster000_table2_refined_from_identity_hard,real_previous_registration,304,704,0.21337638940181075,0.2079489317250485,0.9674748054762586,99.99232698506447,1.1386143217050935,0,0.23311162351887565,0
real_20260706_155439_table_ur10_cluster000_table2_refined_from_identity_hard,real_previous_registration,305,506,0.08860522312977052,0.08474276091249862,0.9446586116812898,44.46339049069989,0.39168660993785115,0,0.1683630101413086,0
real_20260706_155439_table_ur10_cluster000_table2_refined_from_identity_hard,real_previous_registration,306,809,0.04050945649760828,0.0325692744421862,0.9538328046615006,80.32577400596601,-0.5180389256764133,1,0.15516511801270982,0
real_20260706_155439_table_ur10_cluster000_table2_refined_from_identity_hard,real_previous_registration,307,105,0.02941546432742535,0.0011495482130354073,0.9678205876052814,144.81961930494248,0.17955697205338253,1,0.12802834450678904,0
real_20260706_155439_table_ur10_cluster000_table2_refined_from_identity_hard,real_previous_registration,308,873,0.053978533307460934,0.04192507194884979,0.1328849081703199,92.40183569802093,0.6509135607974869,0,0.20354420440698076,0
real_20260706_155439_table_ur10_cluster000_table2_refined_from_identity_hard,real_previous_registration,309,173,0.06088732465251592,0.0569647823098676,0.9816099462623988,53.88191903567038,0.5771475212435071,1,0.14346680556734362,0
real_20260706_155439_table_ur10_cluster000_table2_refined_from_identity_hard,real_previous_registration,310,351,0.11101225909005479,0.09999703644011897,0.8654227742762103,136.49811430259643,1.3981259743291492,0,0.21407125288415357,0
real_20260706_155439_table_ur10_cluster000_table2_refined_from_identity_hard,real_previous_registration,311,733,0.172475427585352,0.16931047881668587,0.9195947623892664,124.55274607704646,-0.3009209112858548,0,0.14877584651616377,0
real_20260706_155439_table_ur10_cluster000_table2_refined_from_identity_hard,real_previous_registration,312,400,0.03631638530559666,0.030907000285625437,0.8439148645054281,129.2865686752684,0.4551691854729848,0,0.17199549159401661,0
real_20260706_155439_table_ur10_cluster000_table2_refined_from_identity_hard,real_previous_registration,313,510,0.16585798861794537,0.15561671793827622,0.4244977814128872,168.36131821839436,1.8317607244881684,0,0.10152231128990681,0
real_20260706_155439_table_ur10_cluster000_table2_refined_from_identity_hard,real_previous_registration,314,409,0.07005819529860863,0.06660226347132632,0.8021412187187165,235.61195994403062,1.1104438963231638,0,0.2284311108593903,0
real_20260706_155439_table_ur10_cluster000_table2_refined_from_identity_hard,real_previous_registration,315,187,0.04768666990345979,0.001539601282387934,0.558862174617252,77.44618606103815,0.26314860497582965,0,0.17299639803008704,0
real_20260706_155439_table_ur10_cluster000_table2_refined_from_identity_hard,real_previous_registration,317,1131,0.048537255443760204,0.04616722534302638,0.11228603825331379,156.6464161461365,-0.40705329121408146,0,0.21955812773833291,0
real_20260706_155439_table_ur10_cluster000_table2_refined_from_identity_hard,real_previous_registration,318,281,0.14959839205610106,0.1381499159325146,0.969978089806405,131.72002956346148,-0.3738276378712658,0,0.16027782801039622,0
real_20260706_155439_table_ur10_cluster000_table2_refined_from_identity_hard,real_previous_registration,319,354,0.1628196474728473,0.10613305663368358,0.8682980138833842,151.80137491671687,1.2550259494888822,0,0.12085217978162567,0
real_20260706_155439_table_ur10_cluster000_table2_refined_from_identity_hard,real_previous_registration,320,559,0.1422161407203641,0.11151347515395896,0.9472107571736017,257.4433665384084,2.7154197251304395,0,0.06747813305477039,1
real_20260706_155439_table_ur10_cluster000_table2_refined_from_identity_hard,real_previous_registration,321,702,0.0224890565811864,0.008967706651342711,0.441317118663459,123.21614474202524,-0.022067062419528417,1,0.14883910487607857,0
real_20260706_155439_table_ur10_cluster000_table2_refined_from_identity_hard,real_previous_registration,322,719,0.10254489146018245,0.053331083953059515,0.4571134067749507,129.73430824054952,2.2454165458842654,0,0.16787183101293443,0
real_20260706_155439_table_ur10_cluster000_table2_refined_from_identity_hard,real_previous_registration,323,698,0.19267710977295593,0.1658603643234806,0.9353350664597571,149.88318816011608,0.5043103306243433,0,0.11936170590864864,0
real_20260706_155439_table_ur10_cluster000_table2_refined_from_identity_hard,real_previous_registration,324,498,0.13888582476435876,0.13490664316312834,0.9207169862284077,134.9533738875315,0.02049249040515371,0,0.21199831738027816,0
real_20260706_155439_table_ur10_cluster000_table2_refined_from_identity_hard,real_previous_registration,325,59,0.06916251718816194,0.0058161048079583,0.8516689432572839,161.7487411862443,0.21154741595555684,0,0.11041422731188849,0
real_20260706_155439_table_ur10_cluster000_table2_refined_from_identity_hard,real_previous_registration,326,774,0.09528301788385608,0.07204907563591045,0.31936339571945344,111.76034089803834,1.6929243954730993,0,0.236421514700351,0
real_20260706_155439_table_ur10_cluster000_table2_refined_from_identity_hard,real_previous_registration,327,498,0.1692456750279881,0.08479590860640504,0.7789432390132864,108.4193882793853,0.43738580060712645,0,0.09123145657589801,1
real_20260706_155439_table_ur10_cluster000_table2_refined_from_identity_hard,real_previous_registration,328,688,0.20470368507422085,0.19842817416286024,0.811902484185248,74.67282251362057,1.1468118127146254,0,0.18595344633211056,0
real_20260706_155439_table_ur10_cluster000_table2_refined_from_identity_hard,real_previous_registration,329,1209,0.06060313596295806,0.05620384049935454,0.5030883206622903,42.840196547216436,0.0689928048203492,0,0.21460328422523156,0
real_20260706_155439_table_ur10_cluster000_table2_refined_from_identity_hard,real_previous_registration,331,616,0.04337910731279079,0.033374530183169604,0.31026386995098754,133.13396831019398,0.6190382853307205,0,0.19691257161270195,0
real_20260706_155439_table_ur10_cluster000_table2_refined_from_identity_hard,real_previous_registration,332,873,0.062060454853291286,0.035093688275492585,0.08224964118403208,70.62778238591068,0.7360712929473859,0,0.21962799355175602,0
real_20260706_155439_table_ur10_cluster000_table2_refined_from_identity_hard,real_previous_registration,333,1143,0.0777768725538594,0.06075373383241692,0.9873377038716931,50.755236801842926,-0.12675157050415292,0,0.21070957350153136,0
real_20260706_155439_table_ur10_cluster000_table2_refined_from_identity_hard,real_previous_registration,334,559,0.08980971715750637,0.08704746054336403,0.9303532883265666,241.091990554202,2.641311810668981,1,0.08472983804524627,1
real_20260706_155439_table_ur10_cluster000_table2_refined_from_identity_hard,real_previous_registration,335,60,0.1036536117199151,0.07194937039192176,0.2806878028571619,123.50628535668388,1.0649825156527446,0,0.22014252998015713,0
real_20260706_155439_table_ur10_cluster000_table2_refined_from_identity_hard,real_previous_registration,337,109,0.03771689168697849,0.002211045225413825,0.9765538511548758,105.26368257027792,0.5424618190047859,0,0.0875227588324212,1
real_20260706_155439_table_ur10_cluster000_table2_refined_from_identity_hard,real_previous_registration,338,263,0.0733314221227072,0.06904856301978621,0.6765391812176527,161.08573187199264,0.6070001984760014,0,0.1357000062291539,0
real_20260706_155439_table_ur10_cluster000_table2_refined_from_identity_hard,real_previous_registration,339,559,0.14079561509588817,0.07788574018409036,0.9672365961409016,203.33491983610614,2.641311810668981,0,0.147978907786634,0
real_20260706_155439_table_ur10_cluster000_table2_refined_from_identity_hard,real_previous_registration,340,612,0.15170393459961115,0.14513601836189693,0.994007323609269,133.05166871671986,-0.4476973664688591,1,0.21463328400818685,0
real_20260706_155439_table_ur10_cluster000_table2_refined_from_identity_hard,real_previous_registration,341,719,0.13165644169213805,0.01554081182255454,0.3547683802670004,131.566501114956,2.451268376832843,0,0.13693343823125723,0
real_20260706_155439_table_ur10_cluster000_table2_refined_from_identity_hard,real_previous_registration,342,434,0.14302244103921793,0.14299155130277663,0.9044351653859486,256.1779937456548,2.4277404859838954,0,0.004697074848140022,1
real_20260706_155439_table_ur10_cluster000_table2_refined_from_identity_hard,real_previous_registration,343,547,0.04469721509646013,0.012686230287810357,0.9982142441133194,124.16334962409239,-0.4476973664688591,0,0.09849639219633985,1
real_20260706_155439_table_ur10_cluster000_table2_refined_from_identity_hard,real_previous_registration,345,859,0.05054433208004273,0.025618587169346493,0.227519779541262,222.28647659433662,-0.17621753986610048,0,0.1891212558869171,0
real_20260706_155439_table_ur10_cluster000_table2_refined_from_identity_hard,real_previous_registration,346,205,0.04479089999390663,0.033367063422084876,0.9918406972941233,109.32915370038623,0.14970404633680942,0,0.12209902831277443,0
real_20260706_155439_table_ur10_cluster000_table2_refined_from_identity_hard,real_previous_registration,347,587,0.06425234464574174,0.04413215063040819,0.9858196352911481,161.76905377950706,-0.010638384737059308,0,0.15559407013642026,0
real_20260706_155439_table_ur10_cluster000_table2_refined_from_identity_hard,real_previous_registration,348,588,0.030595969616505885,0.02212032496954716,0.8186424181498295,76.18963617114642,-0.36545946737227547,1,0.12130918122496646,0
real_20260706_155439_table_ur10_cluster000_table2_refined_from_identity_hard,real_previous_registration,349,953,0.21198893071258218,0.17831629774812163,0.9528793052402228,126.61975295391659,-0.0065146709201992,0,0.3109089174455737,0
real_20260706_155439_table_ur10_cluster000_table2_refined_from_identity_hard,real_previous_registration,350,69,0.15491634165395715,0.15231450509189737,0.922663371724664,258.45048802562565,1.1236904432428692,0,0.02310309941741045,1
real_20260706_155439_table_ur10_cluster000_table2_refined_from_identity_hard,real_previous_registration,351,271,0.04436446729917282,0.026760729245419924,0.94207621085198,121.75255243336912,-0.567983387606703,0,0.16211569920649113,0
real_20260706_155439_table_ur10_cluster000_table2_refined_from_identity_hard,real_previous_registration,354,354,0.2082230843443412,0.17866225505882918,0.7606185464576717,72.1514239194729,1.1749833091229813,0,0.12597727117497626,0
real_20260706_155439_table_ur10_cluster000_table2_refined_from_identity_hard,real_previous_registration,355,740,0.03274250626683079,0.01783059628322116,0.9839859741627458,222.35754764953913,0.7819408349032022,1,0.11835828571197868,0
real_20260706_155439_table_ur10_cluster000_table2_refined_from_identity_hard,real_previous_registration,356,1071,0.13757203150214936,0.11552140304977364,0.9371918427823448,195.2410521498729,1.9481702967275356,0,0.12207251721240582,0
real_20260706_155439_table_ur10_cluster000_table2_refined_from_identity_hard,real_previous_registration,357,282,0.02138332620379009,0.010134146221935928,0.9327186203378652,98.72747576238545,-0.477937313659163,1,0.12221351240422634,0
real_20260706_155439_table_ur10_cluster000_table2_refined_from_identity_hard,real_previous_registration,358,799,0.036784977394887994,0.027469471347502255,0.15513279485085693,51.46818422538916,-0.21130889366739694,0,0.2183257544834725,0
real_20260706_155439_table_ur10_cluster000_table2_refined_from_identity_hard,real_previous_registration,359,318,0.032936254125872366,0.01777959728515135,0.03889044188138571,78.08218684118083,0.3242087504132113,0,0.2267950024028646,0
real_20260706_155439_table_ur10_cluster000_table2_refined_from_identity_hard,real_previous_registration,360,1087,0.05722621071825852,0.011963724742697933,0.21111350537162354,69.73941443233755,0.08979592019786525,0,0.2423969613963467,0
real_20260706_155439_table_ur10_cluster000_table2_refined_from_identity_hard,real_previous_registration,361,340,0.14815290884457588,0.10227650318462873,0.8239898292546372,183.2193699703112,1.158176594336358,0,0.07208916098633869,1
real_20260706_155439_table_ur10_cluster000_table2_refined_from_identity_hard,real_previous_registration,362,525,0.1684138660232918,0.15563183366259692,0.9120900380686666,97.6685789798581,-0.07315865960706416,0,0.21951899579817763,0
real_20260706_155439_table_ur10_cluster000_table2_refined_from_identity_hard,real_previous_registration,364,755,0.04306927779405362,0.03070514095612867,0.976407636113654,207.53308598003548,-0.04425493907408135,1,0.11974903412862842,0
real_20260706_155439_table_ur10_cluster000_table2_refined_from_identity_hard,real_previous_registration,365,652,0.15747941750510372,0.07414009832868398,0.4693042284827401,134.34462428092465,0.3550858973417769,0,0.14421979759866282,0
real_20260706_155439_table_ur10_cluster000_table2_refined_from_identity_hard,real_previous_registration,366,326,0.16887081571768056,0.1616531864213297,0.8833682436005592,258.9153584987966,1.6795378206666263,0,0.046821321496145894,1
real_20260706_155439_table_ur10_cluster000_table2_refined_from_identity_hard,real_previous_registration,367,1098,0.12277489406993357,0.11550141356221959,0.8583994386028984,146.99318509895548,1.8928192850158396,0,0.1009713427171976,0
real_20260706_155439_table_ur10_cluster000_table2_refined_from_identity_hard,real_previous_registration,368,982,0.05699523919158027,0.045349625536043485,0.06325785377243831,160.26644401356836,0.7442011616186289,0,0.2316443484107762,0
real_20260706_155439_table_ur10_cluster000_table2_refined_from_identity_hard,real_previous_registration,369,336,0.05197549928413868,0.022316944161793348,0.9719240387095616,145.89205718085006,0.5424618190047859,0,0.163213738327557,0
real_20260706_155439_table_ur10_cluster000_table2_refined_from_identity_hard,real_previous_registration,370,1024,0.04955558904908368,0.038746511518716886,0.94974258308286,76.860600523029,-0.6947351747770983,0,0.15278753907383397,0
real_20260706_155439_table_ur10_cluster000_table2_refined_from_identity_hard,real_previous_registration,371,1190,0.05970780576374064,0.02938796339700804,0.18011204475706724,108.34742695462475,1.7104988615481538,0,0.18744732012394283,0
real_20260706_155439_table_ur10_cluster000_table2_refined_from_identity_hard,real_previous_registration,372,1135,0.14803355350334346,0.08490704171352818,0.9052676456410758,148.91519489238007,1.515908537765206,0,0.16934423904632906,0
real_20260706_155439_table_ur10_cluster000_table2_refined_from_identity_hard,real_previous_registration,373,556,0.07521643481534782,0.03746599859302652,0.39490114185136926,98.57398702379106,0.6595183519867946,0,0.19225064209049383,0
real_20260706_155439_table_ur10_cluster000_table2_refined_from_identity_hard,real_previous_registration,374,414,0.15870563164250745,0.15815468196313956,0.9566202657497581,221.9526739683859,1.2127237578318109,0,0.02323603539032607,1
real_20260706_155439_table_ur10_cluster000_table2_refined_from_identity_hard,real_previous_registration,375,1004,0.07307094463488926,0.05240810014573781,0.8514265076678538,245.32007480550422,0.8495607046307245,0,0.12384553262526149,0
real_20260706_155439_table_ur10_cluster000_table2_refined_from_identity_hard,real_previous_registration,376,8,0.140347618527045,0.1336055709288792,0.9894062461325016,182.13104993750733,0.744201459053656,0,0.06974837154159061,1
real_20260706_155439_table_ur10_cluster000_table2_refined_from_identity_hard,real_previous_registration,377,730,0.011896457806593212,0.011825978097180863,0.034507376551171115,91.46160420913169,0.48183754522669214,1,0.1383999496059803,0
real_20260706_155439_table_ur10_cluster000_table2_refined_from_identity_hard,real_previous_registration,379,940,0.22177709344726326,0.1577578472902833,0.7045686008516806,97.44258700782943,0.20485110040073523,0,0.09976776329579012,1
real_20260706_155439_table_ur10_cluster000_table2_refined_from_identity_hard,real_previous_registration,380,510,0.12258487847729345,0.06614522340826666,0.002288488732190841,122.33727185395072,1.6929243954730993,0,0.02800945844131226,1
real_20260706_155439_table_ur10_cluster000_table2_refined_from_identity_hard,real_previous_registration,381,744,0.052930767441612875,0.03753824376590297,0.09949370564622934,120.74527175913774,-0.3225343882205184,0,0.1541521522552177,0
real_20260706_155439_table_ur10_cluster000_table2_refined_from_identity_hard,real_previous_registration,382,811,0.017899893436276515,0.007489322441176441,0.9781349330353064,148.93957022301444,0.1400885592529444,1,0.1370532324774292,0
real_20260706_155439_table_ur10_cluster000_table2_refined_from_identity_hard,real_previous_registration,383,1019,0.11165550448201733,0.0675865620411905,0.8098448712362515,162.1139655511309,1.1236904432428692,0,0.04883244719375976,1
real_20260706_155439_table_ur10_cluster000_table2_refined_from_identity_hard,real_previous_registration,385,616,0.1811689569622807,0.16708051884944597,0.974370121246562,87.94043829059278,0.5108248237672707,0,0.1605001071392887,0
real_20260706_155439_table_ur10_cluster000_table2_refined_from_identity_hard,real_previous_registration,387,223,0.1470873172927099,0.1441262359078293,0.7587781255677101,122.26159067421587,1.4934363622130704,0,0.12499038607575443,0
real_20260706_155439_table_ur10_cluster000_table2_refined_from_identity_hard,real_previous_registration,388,263,0.06495222787422024,0.04770108381792444,0.6792279526595092,157.4614894719392,0.5771472727594285,1,0.1647050033742666,0
real_20260706_155439_table_ur10_cluster000_table2_refined_from_identity_hard,real_previous_registration,390,9,0.08922054900021473,0.04549248137769411,0.3796840776086728,215.18623716378886,1.0509311445711234,0,0.06945161762880615,1
real_20260706_155439_table_ur10_cluster000_table2_refined_from_identity_hard,real_previous_registration,391,817,0.03729283337585813,0.019487747720959066,0.14131111364238924,81.1802904155702,-0.13334742111654282,0,0.19929992684766668,0
real_20260706_155439_table_ur10_cluster000_table2_refined_from_identity_hard,real_previous_registration,392,259,0.038411362066582314,0.028270297509041743,0.8901283105949788,224.2192776664173,-0.9605447436765121,0,0.1463282803613483,0
real_20260706_155439_table_ur10_cluster000_table2_refined_from_identity_hard,real_previous_registration,393,8,0.19719137659297512,0.14634381174930436,0.9912584001992436,124.49043939174112,0.8534006674643351,0,0.14964192041009786,0
real_20260706_155439_table_ur10_cluster000_table2_refined_from_identity_hard,real_previous_registration,394,1137,0.060360401999040025,0.01190172228186303,0.759831655997286,119.76852593915753,0.41121999861515296,0,0.11292324047314477,0
real_20260706_155439_table_ur10_cluster000_table2_refined_from_identity_hard,real_previous_registration,396,1045,0.03405999359348595,0.017835233250939827,0.9666677862320262,215.81838049411664,-0.3608404172443771,0,0.13608287013432757,0
real_20260706_155439_table_ur10_cluster000_table2_refined_from_identity_hard,real_previous_registration,397,8,0.13582241953245125,0.1178992840728009,0.983310962522271,206.7144101325829,0.8002908816487899,0,0.08505612557446328,1
real_20260706_155439_table_ur10_cluster000_table2_refined_from_identity_hard,real_previous_registration,399,404,0.1226566883827917,0.05721427396179969,0.13357953579303802,114.04751897728653,1.020833034056563,0,0.04721391250318258,1
real_20260706_155439_table_ur10_cluster000_table2_refined_from_identity_hard,real_previous_registration,400,912,0.03735541987599316,0.021356745485425894,0.0556021896028887,229.50766368703924,-0.18053722477342593,0,0.1593706410940917,0
real_20260706_155439_table_ur10_cluster000_table2_refined_from_identity_hard,real_previous_registration,401,1009,0.11989888505577774,0.10554363646881036,0.9062667779447435,244.63166224692023,1.4750872376862771,1,0.07908362838027824,1
real_20260706_155439_table_ur10_cluster000_table2_refined_from_identity_hard,real_previous_registration,402,388,0.09996757343905019,0.034547566939199026,0.8703407216737142,185.40433785636267,1.2057539488549314,0,0.17380635182365556,0
real_20260706_155439_table_ur10_cluster000_table2_refined_from_identity_hard,real_previous_registration,403,1019,0.16354655320633807,0.020016861569600197,0.7032456028883344,188.4403073387299,1.0124648948198836,0,0.06429850161857445,1
real_20260706_155439_table_ur10_cluster000_table2_refined_from_identity_hard,real_previous_registration,404,337,0.051525798181116016,0.0011698205064316928,0.9865419296825372,146.68850508458456,-0.24521033040076604,0,0.09894488920153711,1
real_20260706_155439_table_ur10_cluster000_table2_refined_from_identity_hard,real_previous_registration,405,72,0.10818596626175774,0.08991379905929231,0.9624788364529919,127.58064114790513,0.15641550412214109,0,0.18738555524467335,0
real_20260706_155439_table_ur10_cluster000_table2_refined_from_identity_hard,real_previous_registration,406,943,0.04752363564976478,0.0072218411879078,0.8523149112556792,59.83951826210763,0.2925957898407213,0,0.14192845151652983,0
real_20260706_155439_table_ur10_cluster000_table2_refined_from_identity_hard,real_previous_registration,407,9,0.12356668630974744,0.06341288927023328,0.3613167923623481,221.12587344184607,1.0879723874350282,0,0.04630176956898834,1
real_20260706_155439_table_ur10_cluster000_table2_refined_from_identity_hard,real_previous_registration,409,199,0.026205480908354933,0.007710898035360196,0.5056182580051626,107.94502734194913,-0.5046565253806866,0,0.1548250624810633,0
real_20260706_155439_table_ur10_cluster000_table2_refined_from_identity_hard,real_previous_registration,410,330,0.04405331953717205,0.0026203186888980705,0.06769711381171095,133.97702518081186,-0.017153058217871737,1,0.23512456081445585,0
real_20260706_155439_table_ur10_cluster000_table2_refined_from_identity_hard,real_previous_registration,411,681,0.014133851314388017,0.002518155986179452,0.7514223594142225,114.7188860205007,0.15641550412214109,1,0.1423670078041934,0
real_20260706_155439_table_ur10_cluster000_table2_refined_from_identity_hard,real_previous_registration,412,510,0.09061452660992929,0.013850697666257121,0.26404826849789786,133.9403772546044,1.6269664886096786,0,0.1180306198654014,0
real_20260706_155439_table_ur10_cluster000_table2_refined_from_identity_hard,real_previous_registration,414,109,0.02140190853912623,0.00469739078383858,0.9889287755465213,133.6608172838441,0.3483060692693487,1,0.1416812255347777,0
real_20260706_155439_table_ur10_cluster000_table2_refined_from_identity_hard,real_previous_registration,416,286,0.04505744652401082,0.00046934829754835365,0.7187685386343525,88.35303317251669,-0.262602132791849,0,0.08766732847015268,1
real_20260706_155439_table_ur10_cluster000_table2_refined_from_identity_hard,real_previous_registration,417,149,0.12009795664658447,0.1077413774874934,0.8070983005895119,124.72287200911654,0.17005827296663914,0,0.16990108270918536,0
real_20260706_155439_table_ur10_cluster000_table2_refined_from_identity_hard,real_previous_registration,418,875,0.0717023440138082,0.01587139473076469,0.8439604473087403,163.94008487592518,1.1008740535512114,0,0.0814739025952984,1
real_20260706_155439_table_ur10_cluster000_table2_refined_from_identity_hard,real_previous_registration,419,844,0.15238411257529466,0.14897214868389458,0.9384158815150622,253.94770636171103,2.3726807512536654,0,0.14693717724685473,0
real_20260706_155439_table_ur10_cluster000_table2_refined_from_identity_hard,real_previous_registration,421,1009,0.14213639782187942,0.13824071117756587,0.9027698749175337,210.39471902171573,1.4563951193491653,0,0.03776666117978817,1
real_20260706_155439_table_ur10_cluster000_table2_refined_from_identity_hard,real_previous_registration,422,178,0.09446150200162237,0.09317894065651694,0.9310849622679624,80.59313872058631,0.7562739831220626,0,0.1997879275555257,0
real_20260706_155439_table_ur10_cluster000_table2_refined_from_identity_hard,real_previous_registration,423,953,0.21753972962046464,0.18803045250679318,0.9527817570012276,122.29811510375818,0.029852917695204734,0,0.32208927927501607,0
real_20260706_155439_table_ur10_cluster000_table2_refined_from_identity_hard,real_previous_registration,424,372,0.04413484368959625,0.03984277944071553,0.8253210125817565,57.380596895434216,0.5340233376424849,0,0.1380835307657748,0
real_20260706_155439_table_ur10_cluster000_table2_refined_from_identity_hard,real_previous_registration,425,426,0.055839009617498554,0.05245750342147233,0.9802172676235913,94.47098651186249,-0.37257691466787407,0,0.08570362565807273,1
real_20260706_155439_table_ur10_cluster000_table2_refined_from_identity_hard,real_previous_registration,426,880,0.08015095864596876,0.06250838303435613,0.9742633286229966,107.34320832919978,0.9171543025396246,0,0.10449144417058744,0
real_20260706_155439_table_ur10_cluster000_table2_refined_from_identity_hard,real_previous_registration,427,593,0.06294904253315806,0.058127800484169045,0.8248689411438161,139.5267659723619,0.7049806826527409,0,0.06373004803581568,1
real_20260706_155439_table_ur10_cluster000_table2_refined_from_identity_hard,real_previous_registration,428,1088,0.06757947077480958,0.016960879670866926,0.39601335783099306,131.95529902022727,0.7872184131379879,0,0.12452818005508134,0
real_20260706_155439_table_ur10_cluster000_table2_refined_from_identity_hard,real_previous_registration,429,943,0.06598621437684882,0.04067999763635151,0.9548847857976739,47.50887525766256,0.1590645222160814,0,0.18402501108211994,0
real_20260706_155439_table_ur10_cluster000_table2_refined_from_identity_hard,real_previous_registration,431,354,0.1555945710403935,0.12506356834414978,0.8703062332055116,217.6864624033121,1.2550259494888822,0,0.100889703851621,0
real_20260706_155439_table_ur10_cluster000_table2_refined_from_identity_hard,real_previous_registration,432,806,0.021127349167109385,0.008915455153969652,0.999119111444628,197.80087050065015,-0.13126618727602307,1,0.12828529128296698,0
real_20260706_155439_table_ur10_cluster000_table2_refined_from_identity_hard,real_previous_registration,433,1180,0.02917210464590401,0.02516678879462113,0.9520269942337607,67.93897726964192,-0.11122552984716626,1,0.1643175299759406,0
real_20260706_155439_table_ur10_cluster000_table2_refined_from_identity_hard,real_previous_registration,434,652,0.16116774351339175,0.11975944550295357,0.5760501964827632,134.14905920899903,0.17815540888599987,0,0.1894451618667072,0
real_20260706_155439_table_ur10_cluster000_table2_refined_from_identity_hard,real_previous_registration,435,616,0.10399786460812432,0.07287929137594348,0.15491679524391944,111.40086432067395,0.5389956674006731,0,0.21435804898699412,0
real_20260706_155439_table_ur10_cluster000_table2_refined_from_identity_hard,real_previous_registration,436,733,0.17539914511296306,0.17503833922041967,0.9652004337675751,141.62235267514959,-0.3326695672617818,0,0.1450824026730338,0
real_20260706_155439_table_ur10_cluster000_table2_refined_from_identity_hard,real_previous_registration,437,488,0.15536450767887608,0.09590816433433683,0.9641092834435291,167.89360601970336,1.0079295219533213,0,0.15442463020280653,0
real_20260706_155439_table_ur10_cluster000_table2_refined_from_identity_hard,real_previous_registration,438,384,0.1338049272558218,0.1278876265183639,0.9563525744942912,102.96161423930633,0.3718367517564554,0,0.11886403572355185,0
real_20260706_155439_table_ur10_cluster000_table2_refined_from_identity_hard,real_previous_registration,440,888,0.020069454474969734,0.011353606400735511,0.14610935617447784,110.08618312529384,-0.916878163979259,1,0.18376232612519905,0
real_20260706_155439_table_ur10_cluster000_table2_refined_from_identity_hard,real_previous_registration,441,4,0.1584332020096547,0.14788388921639112,0.8977856099368624,251.42024422310013,0.9673445853686786,0,0.023354534315195748,1
real_20260706_155439_table_ur10_cluster000_table2_refined_from_identity_hard,real_previous_registration,442,565,0.1464522122224657,0.09527646097727889,0.26108943178542166,155.72966609804794,0.8002908816487899,0,0.020858847224733898,1
real_20260706_155439_table_ur10_cluster000_table2_refined_from_identity_hard,real_previous_registration,443,1209,0.05162472934520395,0.017417714026620044,0.28732868740384776,38.85213000256818,0.25131420605888144,0,0.17286039680053225,0
real_20260706_155439_table_ur10_cluster000_table2_refined_from_identity_hard,real_previous_registration,444,559,0.14482167087402328,0.14062272960438685,0.924743745339852,258.8300342448198,2.6974012332641144,0,0.051031976427309,1
real_20260706_155439_table_ur10_cluster000_table2_refined_from_identity_hard,real_previous_registration,446,846,0.05968815405803116,0.02474866134364928,0.9429152536450818,87.15552654919117,0.3908658304267346,0,0.16536426027215254,0
real_20260706_155439_table_ur10_cluster000_table2_refined_from_identity_hard,real_previous_registration,447,624,0.14148490284636212,0.1146678860768585,0.9638402448884432,203.81704195511497,0.8131938712011986,0,0.26724211565480166,0
real_20260706_155439_table_ur10_cluster000_table2_refined_from_identity_hard,real_previous_registration,448,9,0.12633569376095735,0.10528712469550104,0.3482677422006216,181.13763418242442,0.9724595938196017,0,0.04563035616426707,1
real_20260706_155439_table_ur10_cluster000_table2_refined_from_identity_hard,real_previous_registration,449,86,0.1666859774377385,0.15543246259157498,0.8787426708686094,186.29726544121002,1.3981264914986515,0,0.08875100376350083,1
real_20260706_155439_table_ur10_cluster000_table2_refined_from_identity_hard,real_previous_registration,450,360,0.09268795644323627,0.07646755859472133,0.9557255644491502,141.7906433578293,0.7819408349032022,0,0.20160580980336998,0
real_20260706_155439_table_ur10_cluster000_table2_refined_from_identity_hard,real_previous_registration,451,289,0.1107821595976756,0.10974546444906294,0.07965223105310422,227.09518605113186,0.035550936764382285,0,0.1842511822125571,0
real_20260706_155439_table_ur10_cluster000_table2_refined_from_identity_hard,real_previous_registration,452,997,0.006212309246049849,0.002396311918085733,0.4350233307462352,84.85466460650275,-0.03306083438634706,1,0.1386191658436724,0
real_20260706_155439_table_ur10_cluster000_table2_refined_from_identity_hard,real_previous_registration,454,875,0.059288977887810256,0.029649906447165468,0.8451950565958273,130.1195992203693,1.1749819103204975,0,0.09633502718213453,1
real_20260706_155439_table_ur10_cluster000_table2_refined_from_identity_hard,real_previous_registration,455,287,0.04432849912139805,0.03169891627601251,0.10173734216427904,113.16092313331951,-0.2819264092184152,0,0.19936113986469717,0
real_20260706_155439_table_ur10_cluster000_table2_refined_from_identity_hard,real_previous_registration,456,233,0.07360949834232455,0.07270124754738061,0.9904553170773647,189.79147357083073,-0.05096636629745877,1,0.20594223290676825,0
real_20260706_155439_table_ur10_cluster000_table2_refined_from_identity_hard,real_previous_registration,457,149,0.18013264699120407,0.0874220249834633,0.5764072346421947,118.46954439762,0.12004790492475569,0,0.19650469980589894,0
real_20260706_155439_table_ur10_cluster000_table2_refined_from_identity_hard,real_previous_registration,458,422,0.17730439562536143,0.03810632695292798,0.6516862135201554,122.28314156849969,0.4818376226074799,0,0.051383848110242755,1
real_20260706_155439_table_ur10_cluster000_table2_refined_from_identity_hard,real_previous_registration,459,1140,0.05720531589333896,0.041877782962089175,0.9858681251535206,126.29762822956445,0.5618795766202661,0,0.15871273517824505,0
real_20260706_155439_table_ur10_cluster000_table2_refined_from_identity_hard,real_previous_registration,461,167,0.1533801369575536,0.13603874879907102,0.8385353228768067,118.69921447741592,0.2682636789027266,0,0.10925220634613662,0
real_20260706_155439_table_ur10_cluster000_table2_refined_from_identity_hard,real_previous_registration,463,150,0.035786542929113006,0.021523097377614084,0.9812364228393627,237.18138232067466,-0.7766219954456526,0,0.13783971788423496,0
real_20260706_155439_table_ur10_cluster000_table2_refined_from_identity_hard,real_previous_registration,464,706,0.03551544042977067,0.02073263363393376,0.38933453563975845,160.59894824182993,-0.6908813680692644,1,0.1186091732439964,0
real_20260706_155439_table_ur10_cluster000_table2_refined_from_identity_hard,real_previous_registration,466,1227,0.101584351152395,0.0861879161946855,0.22892678651704124,128.19980294402006,1.2290498162148646,0,0.2651755771910386,0
real_20260706_155439_table_ur10_cluster000_table2_refined_from_identity_hard,real_previous_registration,467,456,0.07580757152203975,0.044048027269577454,0.7776758713043527,105.94204841100864,1.483283706479048,0,0.08112287802445561,1
real_20260706_155439_table_ur10_cluster000_table2_refined_from_identity_hard,real_previous_registration,468,676,0.08633869354563396,0.043692759819436974,0.8992683769309846,104.22886058475153,0.644356066391962,0,0.05634890006395687,1
real_20260706_155439_table_ur10_cluster000_table2_refined_from_identity_hard,real_previous_registration,471,564,0.053850928553972076,0.05110714766302888,0.39363154040905374,77.2056316307369,-0.3089472770059875,0,0.18848725956719178,0
real_20260706_155439_table_ur10_cluster000_table2_refined_from_identity_hard,real_previous_registration,472,614,0.07623034573023459,0.05205546022896421,0.022286591011349208,111.57324954113554,0.5771472727594285,0,0.17226234334587767,0
real_20260706_155439_table_ur10_cluster000_table2_refined_from_identity_hard,real_previous_registration,473,288,0.16770256505325704,0.16438887845826955,0.7991345460367125,122.69497779421026,-0.4226177615645409,0,0.16814743282651695,0
real_20260706_155439_table_ur10_cluster000_table2_refined_from_identity_hard,real_previous_registration,474,587,0.12243929513128034,0.06630765514503294,0.9823708616212756,109.56255406206368,0.1304400460589306,0,0.15077056120340962,0
real_20260706_155439_table_ur10_cluster000_table2_refined_from_identity_hard,real_previous_registration,475,705,0.2482258724794914,0.16038196784562941,0.6363810085090292,101.51236499459814,0.42241421587297473,0,0.16250105632255374,0
real_20260706_155439_table_ur10_cluster000_table2_refined_from_identity_hard,real_previous_registration,478,939,0.0398527536583899,0.036492028465413655,0.825219040413675,101.11107650185193,-0.4283731554465203,0,0.1165619372365593,0
real_20260706_155439_table_ur10_cluster000_table2_refined_from_identity_hard,real_previous_registration,479,17,0.09682769153706997,0.09328285434432688,0.500176156763498,141.34612922527091,0.8002906475585299,0,0.08848609578908945,1
real_20260706_155439_table_ur10_cluster000_table2_refined_from_identity_hard,real_previous_registration,480,404,0.0684358987698758,0.04187104393413633,0.061436405761114116,103.78539113118048,0.7331512532711512,0,0.16136699081520905,0
real_20260706_155439_table_ur10_cluster000_table2_refined_from_identity_hard,real_previous_registration,481,565,0.20302606679948865,0.19762763588948778,0.8040780280209421,60.4002288644634,0.744201459053656,0,0.11651839612635687,0
real_20260706_155439_table_ur10_cluster000_table2_refined_from_identity_hard,real_previous_registration,482,1048,0.09636204943175501,0.08335603420987299,0.7856497344912059,58.99568742860411,-0.08769505569276323,0,0.22487130766269495,0
real_20260706_155439_table_ur10_cluster000_table2_refined_from_identity_hard,real_previous_registration,483,413,0.09304031286586946,0.08150342301781321,0.7682948554672877,134.74555025247383,0.779088194978755,0,0.21590788101281133,0
real_20260706_155439_table_ur10_cluster000_table2_refined_from_identity_hard,real_previous_registration,484,698,0.14055940769031117,0.1387984343779862,0.8375584850369442,147.37028050094938,0.7580906422052139,0,0.037107604587403635,1
real_20260706_155439_table_ur10_cluster000_table2_refined_from_identity_hard,real_previous_registration,485,698,0.1352233318594501,0.060918886312964195,0.7788928864096343,163.3757498343877,0.6294733637745241,0,0.12664726048122513,0
real_20260706_155439_table_ur10_cluster000_table2_refined_from_identity_hard,real_previous_registration,486,1228,0.1342742496581158,0.11753998469327688,0.25815072954557794,140.695822020168,1.5987965000944748,0,0.11732736785844607,0
real_20260706_155439_table_ur10_cluster000_table2_refined_from_identity_hard,real_previous_registration,487,1197,0.09924397624092977,0.08049120421922873,0.097654649739726,63.4257439988701,1.4161449833649764,0,0.17614321513458883,0
real_20260706_155439_table_ur10_cluster000_table2_refined_from_identity_hard,real_previous_registration,488,252,0.03965526416080412,0.039446919229304496,0.6337837922798732,144.1884359260479,-0.02898749687330752,1,0.19443737899741198,0
real_20260706_155439_table_ur10_cluster000_table2_refined_from_identity_hard,real_previous_registration,489,309,0.03725652612822596,0.03254353070450725,0.9557161511841289,79.89367720717061,-0.49899074304243063,1,0.17799854699663326,0
real_20260706_155439_table_ur10_cluster000_table2_refined_from_identity_hard,real_previous_registration,491,149,0.1744546318003143,0.12218163676150023,0.7250786517428511,104.51094563890001,0.14536568598599722,0,0.15443419083300938,0
real_20260706_155439_table_ur10_cluster000_table2_refined_from_identity_hard,real_previous_registration,492,883,0.042419536227572816,0.025856118531023115,0.10231650857554128,53.17773430129624,0.036527032127658024,0,0.19289677917061956,0
real_20260706_155439_table_ur10_cluster000_table2_refined_from_identity_hard,real_previous_registration,493,11,0.15723324358456836,0.12818252375824532,0.9791575320723526,144.66140454709895,0.3526260492479013,0,0.027195846117939723,1
real_20260706_155439_table_ur10_cluster000_table2_refined_from_identity_hard,real_previous_registration,494,928,0.03882817596148603,0.022479798611677954,0.8450866049466059,76.24780801002947,0.43304735367644664,0,0.1969352233229519,0
real_20260706_155439_table_ur10_cluster000_table2_refined_from_identity_hard,real_previous_registration,495,354,0.19952442366703807,0.17763282107086606,0.7404730399454954,81.50572560977405,1.2158052686432665,0,0.11181439705887487,0
real_20260706_155439_table_ur10_cluster000_table2_refined_from_identity_hard,real_previous_registration,497,346,0.05327376326568305,0.017431051311155455,0.150451327994089,90.17953922103779,0.6284407261575296,0,0.17501497806256797,0
real_20260706_155439_table_ur10_cluster000_table2_refined_from_identity_hard,real_previous_registration,498,440,0.035785173301108544,0.0033114552969576083,0.9998433134336024,248.76501949967118,-0.02898749687330752,0,0.17563452806740873,0
real_20260706_155439_table_ur10_cluster000_table2_refined_from_identity_hard,real_previous_registration,501,1225,0.19957305712927326,0.1858432719125613,0.8872163406649343,143.2764916429117,-0.41894790556157624,0,0.31678734381229334,0
real_20260706_155439_table_ur10_cluster000_table2_refined_from_identity_hard,real_previous_registration,502,912,0.01909008388849641,0.016887928458566147,0.05118204506821983,222.2135839115962,-0.21130884366750385,1,0.18944053850432052,0
real_20260706_155439_table_ur10_cluster000_table2_refined_from_identity_hard,real_previous_registration,503,376,0.06571323935967344,0.05132264126581773,0.9954602313391276,127.33322930568691,-0.6968160312449306,0,0.20692760758263026,0
real_20260706_155439_table_ur10_cluster000_table2_refined_from_identity_hard,real_previous_registration,505,875,0.07721801037327419,0.039612450338408954,0.8443640640118086,228.42256214197351,1.1386143217050935,0,0.1391393758701422,0
real_20260706_155439_table_ur10_cluster000_table2_refined_from_identity_hard,real_previous_registration,506,422,0.1281528463352269,0.04802266129470627,0.7708026494784872,91.9624208595654,0.4818376226074799,0,0.08228796743877986,1
real_20260706_155439_table_ur10_cluster000_table2_refined_from_identity_hard,real_previous_registration,507,583,0.016262257558391665,0.0076948339805866205,0.8095269181629058,101.54007079305106,-0.6783316022378627,1,0.1722014479729278,0
real_20260706_155439_table_ur10_cluster000_table2_refined_from_identity_hard,real_previous_registration,508,881,0.06051978166641293,0.03183255957812449,0.10574566403289264,58.72819110597277,0.04358310918743985,0,0.1615445147755888,0
real_20260706_155439_table_ur10_cluster000_table2_refined_from_identity_hard,real_previous_registration,509,422,0.059963641336806026,0.040051988624624515,0.7808105013150817,109.72085025257768,0.3066336771992926,0,0.14936082527660396,0
real_20260706_155439_table_ur10_cluster000_table2_refined_from_identity_hard,real_previous_registration,510,719,0.12715796003483185,0.07390712588284522,0.5877203580602053,178.02702996716152,2.6603599904002095,0,0.14563635972631536,0
real_20260706_155439_table_ur10_cluster000_table2_refined_from_identity_hard,real_previous_registration,511,289,0.047970879849341445,0.030130675027460474,0.0030277256738037474,225.12997915371392,0.035550936764382285,0,0.19045420148924996,0
real_20260706_155439_table_ur10_cluster000_table2_refined_from_identity_hard,real_previous_registration,514,604,0.1611115446610897,0.0028037296449678964,0.4536899210729713,116.20315378858048,1.098610955336554,0,0.1070776682449642,0
real_20260706_155439_table_ur10_cluster000_table2_refined_from_identity_hard,real_previous_registration,515,498,0.1499294809116922,0.11107916094712976,0.8785802463425958,114.08099184297522,0.20854447363256007,0,0.14206876064569812,0
real_20260706_155439_table_ur10_cluster000_table2_refined_from_identity_hard,real_previous_registration,517,470,0.03910212988590508,0.026282007459487413,0.7406989225408863,206.70584540603818,-0.9044553126897815,0,0.15309264026271846,0
real_20260706_155439_table_ur10_cluster000_table2_refined_from_identity_hard,real_previous_registration,518,4,0.1754495519705111,0.17410545097532198,0.9088955444916172,218.7858182116055,1.0234340079638127,0,0.02929568544153199,1
real_20260706_155439_table_ur10_cluster000_table2_refined_from_identity_hard,real_previous_registration,519,498,0.14539181699062828,0.10063037487838102,0.8609665349469618,106.90251726179059,0.14970404633680942,0,0.12665342839558003,0
real_20260706_155439_table_ur10_cluster000_table2_refined_from_identity_hard,real_previous_registration,520,86,0.17646204405395505,0.17610022257538926,0.8949200809163373,132.62402714383649,1.4512362773141967,0,0.1327834703344929,0
real_20260706_155439_table_ur10_cluster000_table2_refined_from_identity_hard,real_previous_registration,521,1135,0.1619659795904244,0.07227870610091916,0.8237600927435582,100.00129583821814,1.559393609988669,0,0.04409458523083195,1
real_20260706_155439_table_ur10_cluster000_table2_refined_from_identity_hard,real_previous_registration,522,11,0.14674775438026888,0.14418738908154982,0.964930284096569,110.55218462702997,0.2624750205684513,0,0.05056006932367412,1
real_20260706_155439_table_ur10_cluster000_table2_refined_from_identity_hard,real_previous_registration,523,1225,0.1646302261479713,0.14928766271535254,0.8842149444131128,122.71719861611955,-0.45816855409957935,0,0.2755769100072574,0
real_20260706_155439_table_ur10_cluster000_table2_refined_from_identity_hard,real_previous_registration,524,853,0.0778646307120174,0.036401193235394695,0.9721450551492619,64.53037105629578,-0.3448401362920881,0,0.23794238895566946,0
real_20260706_155439_table_ur10_cluster000_table2_refined_from_identity_hard,real_previous_registration,525,928,0.03856948830912977,0.009360902203068632,0.8844088145287379,89.10599981664824,0.5728091590952181,0,0.13526596305787622,0
real_20260706_155439_table_ur10_cluster000_table2_refined_from_identity_hard,real_previous_registration,526,59,0.0452180436006628,0.03820273970958838,0.8090836468701178,117.50400130147949,0.30998735299313457,0,0.16225187802754476,0
real_20260706_155439_table_ur10_cluster000_table2_refined_from_identity_hard,real_previous_registration,527,274,0.09740948265719426,0.09197852270374664,0.9607088006938981,156.09730349492725,-0.24904906552520958,0,0.15384440427367882,0
real_20260706_155439_table_ur10_cluster000_table2_refined_from_identity_hard,real_previous_registration,528,491,0.05886250172861922,0.036538383483489145,0.3832212250848157,80.91724736353751,1.0414520414983415,1,0.12284814563644145,0
real_20260706_155439_table_ur10_cluster000_table2_refined_from_identity_hard,real_previous_registration,529,138,0.058148032144827264,0.03825429082961382,0.8841634335895806,70.0571114113483,0.5771475212435071,0,0.1397593403663723,0
real_20260706_155439_table_ur10_cluster000_table2_refined_from_identity_hard,real_previous_registration,530,499,0.017616271862965997,0.006963851847852583,0.14765624527578122,102.92116243018798,0.31675793519600987,1,0.15106217321449714,0
real_20260706_155439_table_ur10_cluster000_table2_refined_from_identity_hard,real_previous_registration,531,1036,0.043596941948773206,0.03014966821496314,0.9139153950557384,100.02704401617592,-0.3089472770059875,0,0.14130491356878785,0
real_20260706_155439_table_ur10_cluster000_table2_refined_from_identity_hard,real_previous_registration,532,24,0.05236867837604972,0.03268668471052508,0.32790999175398317,64.50679584620029,0.38339767571771916,0,0.11416961000424425,0
real_20260706_155439_table_ur10_cluster000_table2_refined_from_identity_hard,real_previous_registration,533,614,0.10986654859743625,0.1023913343393395,0.01912172054726139,105.96058105704712,0.7182257035554181,0,0.15449501028672533,0
real_20260706_155439_table_ur10_cluster000_table2_refined_from_identity_hard,real_previous_registration,534,1135,0.06239979605579112,0.0542715736986453,0.9092362257389685,135.88022918210683,1.6795378206666263,0,0.14994426775813322,0
real_20260706_155439_table_ur10_cluster000_table2_refined_from_identity_hard,real_previous_registration,535,564,0.0837195089518816,0.08221568522763532,0.9611990808979538,70.63013471501503,-0.3615909522794157,0,0.17725905229077463,0
real_20260706_155439_table_ur10_cluster000_table2_refined_from_identity_hard,real_previous_registration,536,351,0.17271905490023695,0.16657998084466785,0.8387708210788188,196.45309654750957,1.3291331695088,0,0.14847218595472084,0
real_20260706_155439_table_ur10_cluster000_table2_refined_from_identity_hard,real_previous_registration,537,457,0.032934064545475344,0.018840903503386165,0.4293953630733458,138.54131002593988,0.42777024281636555,1,0.14543536290157075,0
real_20260706_155439_table_ur10_cluster000_table2_refined_from_identity_hard,real_previous_registration,538,985,0.03759120751915957,0.014836427313478505,0.9572617852952008,56.310276885865626,-0.47159176512946493,0,0.08342983081986034,1
real_20260706_155439_table_ur10_cluster000_table2_refined_from_identity_hard,real_previous_registration,539,192,0.140755423464898,0.11036415866659698,0.83901427439593,210.25663034778702,1.1008756744224637,1,0.09264674898501152,1
real_20260706_155439_table_ur10_cluster000_table2_refined_from_identity_hard,real_previous_registration,540,1112,0.01559974242025014,0.002831805398869099,0.18663713524770922,83.19921756838768,0.5306275510631152,1,0.21278901774338735,0
real_20260706_155439_table_ur10_cluster000_table2_refined_from_identity_hard,real_previous_registration,542,953,0.1622762844258241,0.13824730465244697,0.953405265565214,220.88824304271373,-0.04425493907408135,0,0.1573240538077418,0
real_20260706_155439_table_ur10_cluster000_table2_refined_from_identity_hard,real_previous_registration,543,38,0.03969587389074016,0.028359231157393458,0.7050223160891609,57.96851337091561,0.11411321275040479,0,0.12575267497968678,0
real_20260706_155439_table_ur10_cluster000_table2_refined_from_identity_hard,real_previous_registration,545,318,0.102272489093985,0.082250594936885,0.9005348093882889,69.11208564758367,0.3718367517564554,0,0.14809360200106647,0
real_20260706_155439_table_ur10_cluster000_table2_refined_from_identity_hard,real_previous_registration,547,576,0.0748432715811519,0.0410809339714052,0.6397617647293985,147.44556457001167,0.5836197074719932,0,0.12986790221113384,0
real_20260706_155439_table_ur10_cluster000_table2_refined_from_identity_hard,real_previous_registration,548,599,0.05372561807357196,0.02353296299422108,0.06170138966075511,58.04873118714165,0.4616348767186334,1,0.20518924314615952,0
real_20260706_155439_table_ur10_cluster000_table2_refined_from_identity_hard,real_previous_registration,550,616,0.1622986620769135,0.15964019788390532,0.835408592055158,71.90447336777417,0.3227728405398644,0,0.22016305898076616,0
real_20260706_155439_table_ur10_cluster000_table2_refined_from_identity_hard,real_previous_registration,553,1033,0.07754219188040527,0.04882479679244624,0.9769632843705287,93.8476623699505,0.01921454097951368,0,0.23009432941183464,0
real_20260706_155439_table_ur10_cluster000_table2_refined_from_identity_hard,real_previous_registration,554,650,0.14261160883871962,0.13738357286225025,0.9873358647678114,120.68063690630737,-0.3985202297299474,0,0.15576612179718233,0
real_20260706_155439_table_ur10_cluster000_table2_refined_from_identity_hard,real_previous_registration,555,498,0.14655831208623007,0.10781255064533547,0.9051259234578305,103.13002082509402,0.05439399380504185,0,0.16507420370694564,0
real_20260706_155439_table_ur10_cluster000_table2_refined_from_identity_hard,real_previous_registration,556,844,0.16026906990634418,0.14797272458054497,0.9141894186611748,244.57151377821737,2.4097219941175703,0,0.1299050959334168,0
real_20260706_155439_table_ur10_cluster000_table2_refined_from_identity_hard,real_previous_registration,557,953,0.15466562650277277,0.14826770254217803,0.9534180089541134,226.94533272448467,-0.08347558761208448,0,0.18538906650225132,0
real_20260706_155439_table_ur10_cluster000_table2_refined_from_identity_hard,real_previous_registration,558,648,0.13900595340548574,0.09667388931398975,0.5300367210385922,215.94917728070868,0.5587985458072667,0,0.05220196341161548,1
real_20260706_155439_table_ur10_cluster000_table2_refined_from_identity_hard,real_previous_registration,559,1033,0.0720329703046392,0.052100737401647106,0.9995442462866093,117.01401819688391,-0.24904906552520958,0,0.16431379935755258,0
real_20260706_155439_table_ur10_cluster000_table2_refined_from_identity_hard,real_previous_registration,560,1098,0.1405622651120398,0.034250679142728814,0.669788623870199,168.32394736719894,2.1682310182635622,0,0.09189827050009088,1
real_20260706_155439_table_ur10_cluster000_table2_refined_from_identity_hard,real_previous_registration,561,71,0.0235185750070551,0.001495825146829307,0.519044016959895,58.40537664330487,0.4818373646716194,0,0.15886557703688825,0
real_20260706_155439_table_ur10_cluster000_table2_refined_from_identity_hard,real_previous_registration,562,1130,0.055398864512925534,0.054117920571588686,0.38134824839179304,65.71813362919465,0.0553195187593653,0,0.20204689667330944,0
real_20260706_155439_table_ur10_cluster000_table2_refined_from_identity_hard,real_previous_registration,563,510,0.18915516995166604,0.1875174443298061,0.4103143576694759,193.65915318093028,1.8681283408812863,0,0.13813286833207794,0
real_20260706_155439_table_ur10_cluster000_table2_refined_from_identity_hard,real_previous_registration,564,652,0.18926362599168592,0.017150065602150072,0.2811163120505944,126.62782485605445,0.5053679420003329,0,0.12449527732375364,0
real_20260706_155439_table_ur10_cluster000_table2_refined_from_identity_hard,real_previous_registration,565,488,0.13268327120456744,0.04994546624216788,0.9433031469358383,152.75562518607833,0.9373120245840882,0,0.09359943180480612,1
real_20260706_155439_table_ur10_cluster000_table2_refined_from_identity_hard,real_previous_registration,566,318,0.062257809073569245,0.05347867791359719,0.5428286793137312,66.89764917824053,0.3483062776020523,0,0.22043525006189923,0
real_20260706_155439_table_ur10_cluster000_table2_refined_from_identity_hard,real_previous_registration,568,9,0.11390470069202734,0.006006060024477927,0.4412920913622077,227.09426424421315,1.0509311445711234,0,0.11208825276033564,0
real_20260706_155439_table_ur10_cluster000_table2_refined_from_identity_hard,real_previous_registration,569,222,0.1377042390320354,0.1340123564591307,0.9305143584500135,249.48468800300597,2.6603599904002095,0,0.06553070914722688,1
real_20260706_155439_table_ur10_cluster000_table2_refined_from_identity_hard,real_previous_registration,571,613,0.03078333148027641,0.017426485997458226,0.9029177756258431,82.44389246984451,-0.4857455141061889,0,0.10801116233405282,0
real_20260706_155439_table_ur10_cluster000_table2_refined_from_identity_hard,real_previous_registration,572,1156,0.03839103781087607,0.023826335115773298,0.9705169465785847,156.3799081303292,-0.3448400487922901,0,0.10693871474416324,0
real_20260706_155439_table_ur10_cluster000_table2_refined_from_identity_hard,real_previous_registration,573,312,0.03318583010090152,0.0034322053386978794,0.8228175237796369,95.89098822443928,-0.23870782010783184,0,0.10143403865700035,0
real_20260706_155439_table_ur10_cluster000_table2_refined_from_identity_hard,real_previous_registration,574,604,0.04789968647672273,0.04186614131937516,0.9454345584376156,77.02082334966735,0.7396661507418371,0,0.14886406790548348,0
real_20260706_155439_table_ur10_cluster000_table2_refined_from_identity_hard,real_previous_registration,575,565,0.1328922090690942,0.05315280563052711,0.2466911295648888,186.1756187575765,0.7247833890336453,0,0.051511025394393534,1
real_20260706_155439_table_ur10_cluster000_table2_refined_from_identity_hard,real_previous_registration,576,698,0.12235006692687811,0.1123756079651541,0.774131583979838,150.5129858396814,0.6866317318628755,0,0.04029186663152283,1
real_20260706_155439_table_ur10_cluster000_table2_refined_from_identity_hard,real_previous_registration,577,890,0.1750388878527929,0.16271262592746205,0.951598212618229,179.1568770241064,1.6519062859100198,0,0.14182529845315425,0
real_20260706_155439_table_ur10_cluster000_table2_refined_from_identity_hard,real_previous_registration,578,565,0.21125614398739337,0.19414779848434283,0.5659362268787991,63.728759056386174,0.744201459053656,0,0.103125679943967,0
real_20260706_155439_table_ur10_cluster000_table2_refined_from_identity_hard,real_previous_registration,579,1088,0.06715258218115602,0.001294719893158431,0.41767712224810505,120.28072706444931,0.9562945712522725,0,0.21872158730882438,0
real_20260706_155439_table_ur10_cluster000_table2_refined_from_identity_hard,real_previous_registration,580,238,0.16245105028876286,0.14572856326894384,0.6808818331974574,138.52907966926915,0.5331306418076545,0,0.18740264241832763,0
real_20260706_155439_table_ur10_cluster000_table2_refined_from_identity_hard,real_previous_registration,581,816,0.06229344455941976,0.04707095110141174,0.9864863026118792,69.88270771633744,-0.47600116586518804,0,0.2023788641230616,0
real_20260706_155439_table_ur10_cluster000_table2_refined_from_identity_hard,real_previous_registration,582,227,0.09805168186085494,0.0881264634515152,0.8439066814729729,108.76784020507417,0.5477954028478065,0,0.06667125645910678,1
real_20260706_155439_table_ur10_cluster000_table2_refined_from_identity_hard,real_previous_registration,583,388,0.06237468328649548,0.05908613322690824,0.8095988042356589,213.04226322487042,1.1104438963231638,1,0.11154825209003719,0
real_20260706_155439_table_ur10_cluster000_table2_refined_from_identity_hard,real_previous_registration,584,736,0.1364062218381761,0.058594384064677256,0.9224057663533765,79.87030452175874,-0.21130887745121257,0,0.1797601191240972,0
real_20260706_155439_table_ur10_cluster000_table2_refined_from_identity_hard,real_previous_registration,585,346,0.08737094136699895,0.07500291226818045,0.6842500926913885,69.98767661492475,0.5331306418076545,0,0.2007274892817447,0
real_20260706_155439_table_ur10_cluster000_table2_refined_from_identity_hard,real_previous_registration,586,364,0.05724398014192425,0.035741588676369465,0.16372612634624112,112.27967175042049,-0.262602132791849,0,0.15830982197694862,0
real_20260706_155439_table_ur10_cluster000_table2_refined_from_identity_hard,real_previous_registration,587,1120,0.1411593071810267,0.13093989205469242,0.9654913644892698,187.6827595913955,0.8873020838912731,0,0.13276279541804195,0
real_20260706_155439_table_ur10_cluster000_table2_refined_from_identity_hard,real_previous_registration,588,982,0.08631992265036241,0.07434022688212145,0.1913488557319722,175.91894746701402,0.6915574863452006,0,0.22569380611531997,0
real_20260706_155439_table_ur10_cluster000_table2_refined_from_identity_hard,real_previous_registration,590,1038,0.031003201375367394,0.015060809523026455,0.06215290215784433,72.94273001698768,-0.2557606408232035,1,0.19096433932776952,0
real_20260706_155439_table_ur10_cluster000_table2_refined_from_identity_hard,real_previous_registration,591,928,0.018631479957356808,0.011399965632809646,0.8973259983611752,76.24043458198942,0.5728091590952181,1,0.16234660895544784,0
real_20260706_155439_table_ur10_cluster000_table2_refined_from_identity_hard,real_previous_registration,593,1159,0.05574910065618684,0.016293061526196938,0.7756458823307275,94.97337702427136,0.29951620417321506,0,0.11043465213688888,0
real_20260706_155439_table_ur10_cluster000_table2_refined_from_identity_hard,real_previous_registration,597,1198,0.0335240045679284,0.016361833598381174,0.9640530503815392,60.82709455891638,-0.4142495815417587,0,0.09862430408046213,1
real_20260706_155439_table_ur10_cluster000_table2_refined_from_identity_hard,real_previous_registration,598,285,0.16574509635746598,0.15900608449884132,0.9264582087708438,64.30257609216169,0.21768627430988347,0,0.1779063718289238,0
real_20260706_155439_table_ur10_cluster000_table2_refined_from_identity_hard,real_previous_registration,600,1103,0.035770339200439746,0.006822296701899485,0.7969382875408019,76.26650419597276,-0.34788432768723215,0,0.13740968353185748,0
real_20260706_155439_table_ur10_cluster000_table2_refined_from_identity_hard,real_previous_registration,601,149,0.24478801579776913,0.2117176057480573,0.9752622319904418,77.9634479980488,0.3066336771992926,0,0.0779866239980107,1
real_20260706_155439_table_ur10_cluster000_table2_refined_from_identity_hard,real_previous_registration,602,1025,0.08819846610292116,0.05061139319589919,0.15360387782019388,44.90952089932039,0.03381333296484111,0,0.2535465628448336,0
real_20260706_155439_table_ur10_cluster000_table2_refined_from_identity_hard,real_previous_registration,603,476,0.16162347869432317,0.12620540795824134,0.6866517023222458,67.47214080001719,-0.09352591912214102,0,0.13223600911802014,0
real_20260706_155439_table_ur10_cluster000_table2_refined_from_identity_hard,real_previous_registration,604,4,0.16762448770173538,0.16132816913653153,0.9081813206443948,228.3789738157162,0.9281239045230628,0,0.06388620625347291,1
real_20260706_155439_table_ur10_cluster000_table2_refined_from_identity_hard,real_previous_registration,605,604,0.16357456613555443,0.066866617164498,0.6866936872958816,60.44086454734188,0.8472967175316934,0,0.07125688532411589,1
real_20260706_155439_table_ur10_cluster000_table2_refined_from_identity_hard,real_previous_registration,606,195,0.024112030433193064,0.00474555837690475,0.8437998439877339,125.9623442611758,-0.4815988698687471,1,0.13463069056941956,0
real_20260706_155439_table_ur10_cluster000_table2_refined_from_identity_hard,real_previous_registration,608,404,0.0622840424414282,0.03864902238856895,0.2687871880747143,109.22570472903082,1.020833034056563,0,0.0669534939669708,1
real_20260706_155439_table_ur10_cluster000_table2_refined_from_identity_hard,real_previous_registration,609,878,0.1373661967586156,0.07323139115062129,0.9307205189192629,192.03157433489005,0.7580906422052139,0,0.026713174226935435,1
real_20260706_155439_table_ur10_cluster000_table2_refined_from_identity_hard,real_previous_registration,610,1135,0.15667293028784626,0.13159412785301233,0.9804584741536895,76.70232356853653,1.1432336739849267,0,0.17775384899899244,0
real_20260706_155439_table_ur10_cluster000_table2_refined_from_identity_hard,real_previous_registration,612,11,0.16477533565341196,0.13964194181296713,0.9834590096299761,147.67557775515084,0.38652757678566885,0,0.014270293036802486,1
real_20260706_155439_table_ur10_cluster000_table2_refined_from_identity_hard,real_previous_registration,613,604,0.10504541291683395,0.06319730132038903,0.9640446837140529,77.10604337449709,0.8873020185319752,0,0.14576819207086503,0
real_20260706_155439_table_ur10_cluster000_table2_refined_from_identity_hard,real_previous_registration,614,408,0.029575954959832337,0.02048262385753185,0.2795253437716866,56.72496681625352,-0.35440961594065323,1,0.11598976460155751,0
real_20260706_155439_table_ur10_cluster000_table2_refined_from_identity_hard,real_previous_registration,615,1120,0.1607006717393209,0.1374795745224552,0.9791690970880698,195.863374119591,0.8873020838912731,0,0.1662810647016628,0
real_20260706_155439_table_ur10_cluster000_table2_refined_from_identity_hard,real_previous_registration,617,719,0.14214840869697395,0.1294976331641154,0.6030939392035589,203.84436659754806,2.6603599904002095,0,0.1139130085487959,0
real_20260706_155439_table_ur10_cluster000_table2_refined_from_identity_hard,real_previous_registration,619,929,0.040285331959913316,0.03731785328292607,0.9754373975328439,112.34092839374034,-0.42102914356875243,0,0.14425132166804858,0
real_20260706_155439_table_ur10_cluster000_table2_refined_from_identity_hard,real_previous_registration,620,593,0.059360657315475795,0.0205078920366097,0.42310129834477156,127.9516129920852,0.7049806826527409,0,0.14145697641085606,0
real_20260706_155439_table_ur10_cluster000_table2_refined_from_identity_hard,real_previous_registration,621,105,0.039210827567209214,0.027950345600634904,0.9669494312106395,122.20193262407355,0.1189324274427315,0,0.11169361671088013,0
real_20260706_155439_table_ur10_cluster000_table2_refined_from_identity_hard,real_previous_registration,622,58,0.07230221703334272,0.02662876379990044,0.02805670866562296,56.61684974603133,0.9461418041188022,0,0.17902716690959028,0
real_20260706_155439_table_ur10_cluster000_table2_refined_from_identity_hard,real_previous_registration,623,704,0.2105698116662263,0.19669866828204946,0.9647321480040818,119.4391381083561,1.1008740535512114,0,0.2030259930101216,0
real_20260706_155439_table_ur10_cluster000_table2_refined_from_identity_hard,real_previous_registration,624,375,0.2044138105877116,0.1900833664335931,0.9885372826257903,84.70682839804438,0.5728091590952181,0,0.07767321847261803,1
real_20260706_155439_table_ur10_cluster000_table2_refined_from_identity_hard,real_previous_registration,625,750,0.03153895862634493,0.023929897595171102,0.991305719094746,98.9198210291218,-0.39363019490613993,1,0.10084604741540872,0
real_20260706_155439_table_ur10_cluster000_table2_refined_from_identity_hard,real_previous_registration,626,356,0.16312143089405834,0.1615055726840302,0.9584503201872465,228.79641621326707,1.5114548540793955,0,0.02190021843739298,1
real_20260706_155439_table_ur10_cluster000_table2_refined_from_identity_hard,real_previous_registration,627,614,0.014871553198316139,0.009611722090048956,0.035587101149767354,90.05485980224366,0.8418395310037566,1,0.13632628353425238,0
real_20260706_155439_table_ur10_cluster000_table2_refined_from_identity_hard,real_previous_registration,628,58,0.05548069973184162,0.002419522525136336,0.9269496181710568,79.05139581785585,1.1043656337241354,0,0.15483895347125815,0
real_20260706_155439_table_ur10_cluster000_table2_refined_from_identity_hard,real_previous_registration,629,488,0.16548187125574387,0.08163720544557895,0.9499741245315245,147.54817883899815,0.9373120245840882,0,0.10777676526974532,0
real_20260706_155439_table_ur10_cluster000_table2_refined_from_identity_hard,real_previous_registration,631,71,0.04828184353912654,0.026334569320094134,0.6993601815025698,62.01557691782459,0.6825078480127835,0,0.15052035050873336,0
real_20260706_155439_table_ur10_cluster000_table2_refined_from_identity_hard,real_previous_registration,632,410,0.18546210046807693,0.1818883609932277,0.9838251576958009,136.7170780713332,-0.3364718366216927,0,0.13096587960945696,0
real_20260706_155439_table_ur10_cluster000_table2_refined_from_identity_hard,real_previous_registration,634,769,0.026374317078637594,0.01682551900991493,0.9451500195573205,221.44810195015086,-0.10952625880444958,1,0.1412036672742096,0
real_20260706_155439_table_ur10_cluster000_table2_refined_from_identity_hard,real_previous_registration,636,927,0.04215967319070961,0.040176619297816,0.9916756860929578,106.18177370610185,0.8591306847041672,1,0.10388096315404863,0
real_20260706_155439_table_ur10_cluster000_table2_refined_from_identity_hard,real_previous_registration,638,384,0.14470967926123476,0.09818619686588674,0.9711947552303758,182.2960363196143,0.635988100054052,0,0.06555045581576048,1
real_20260706_155439_table_ur10_cluster000_table2_refined_from_identity_hard,real_previous_registration,639,1135,0.046276216297205776,0.04291250686237791,0.9289431443534195,127.40021354542077,1.698229939003738,0,0.1622072778958151,0
real_20260706_155439_table_ur10_cluster000_table2_refined_from_identity_hard,real_previous_registration,642,8,0.21737769140511548,0.1388717121402528,0.8815708767578504,141.7732155818918,0.6431054281069276,0,0.11858362764152908,0
real_20260706_155439_table_ur10_cluster000_table2_refined_from_identity_hard,real_previous_registration,645,688,0.0603726848589476,0.05864873768145161,0.1576780468718717,110.4212305027296,1.2023815990046471,0,0.219742523357975,0
real_20260706_155439_table_ur10_cluster000_table2_refined_from_identity_hard,real_previous_registration,647,310,0.06237966706692092,0.04685784771717511,0.13275015558537195,67.24372651595799,-0.30368205895993,0,0.1974611025677217,0
real_20260706_155439_table_ur10_cluster000_table2_refined_from_identity_hard,real_previous_registration,648,723,0.04979527015792204,0.02260991008692107,0.24884194427284162,44.26619387457291,0.23052339935286595,0,0.12424879566065303,0
real_20260706_155439_table_ur10_cluster000_table2_refined_from_identity_hard,real_previous_registration,649,15,0.024992444125516006,0.023801608568749258,0.8998752325052759,115.66957554412959,-0.3871992415211524,1,0.1520010057871655,0
real_20260706_155439_table_ur10_cluster000_table2_refined_from_identity_hard,real_previous_registration,650,17,0.0336545827235714,0.003173772213793022,0.03146542865320165,139.26019353800575,0.627019106873985,0,0.11295730335971725,0
real_20260706_155439_table_ur10_cluster000_table2_refined_from_identity_hard,real_previous_registration,651,149,0.2515361046765413,0.16520533290314104,0.7700598384375755,108.23553508529378,0.26314860497582965,0,0.12199500826009285,0
real_20260706_155439_table_ur10_cluster000_table2_refined_from_identity_hard,real_previous_registration,653,359,0.1939418509094338,0.11313071556802659,0.7463596721528375,76.4468909377321,-0.329091638583588,0,0.19492866439669787,0
real_20260706_155439_table_ur10_cluster000_table2_refined_from_identity_hard,real_previous_registration,654,456,0.06845759519844341,0.01840888048580875,0.7450367177959897,111.37656039029116,1.4626644371334396,0,0.08830347932391189,1
real_20260706_155439_table_ur10_cluster000_table2_refined_from_identity_hard,real_previous_registration,655,9,0.2203486433878454,0.13238221011746473,0.31053570942039155,223.95501622164704,1.0879723874350282,0,0.2589627338656558,0
real_20260706_155439_table_ur10_cluster000_table2_refined_from_identity_hard,real_previous_registration,656,1033,0.07321443025333854,0.050277101411514105,0.9998558856860685,102.82854364345053,-0.1059484372688269,0,0.14282620582211483,0
real_20260706_155439_table_ur10_cluster000_table2_refined_from_identity_hard,real_previous_registration,657,274,0.11698715707137995,0.1033895837280806,0.9665571173604114,149.65318489575648,-0.17494120875592342,0,0.14188254004921044,0
real_20260706_155439_table_ur10_cluster000_table2_refined_from_identity_hard,real_previous_registration,658,69,0.1606026464017882,0.13634645273617876,0.9223625811417466,268.7832131536971,1.0509311445711234,0,0.08391130108108465,1
real_20260706_155439_table_ur10_cluster000_table2_refined_from_identity_hard,real_previous_registration,660,1181,0.17133019385432066,0.11025252164118049,0.13368392333899068,238.15668395898982,1.2100748828331431,0,0.1912679687856119,0
real_20260706_155439_table_ur10_cluster000_table2_refined_from_identity_hard,real_previous_registration,662,433,0.03705174036294296,0.026414868043271058,0.1360275308281872,194.97169436160465,0.4017945138364755,1,0.17981861191966403,0
real_20260706_155439_table_ur10_cluster000_table2_refined_from_identity_hard,real_previous_registration,663,44,0.047849571671639834,0.016848953729715944,0.32338925572386945,78.52966469740473,-0.30228061100359527,0,0.23123711354224583,0
real_20260706_155439_table_ur10_cluster000_table2_refined_from_identity_hard,real_previous_registration,664,1071,0.13953173628064164,0.11833788934010683,0.9407196607621836,194.78806413547468,1.9089496158819201,0,0.11204039418239367,0
real_20260706_155439_table_ur10_cluster000_table2_refined_from_identity_hard,real_previous_registration,666,890,0.1412452269547902,0.10906155273157879,0.9618269852116953,237.1881710983426,1.5034863966537249,0,0.14441506604743384,0
real_20260706_155439_table_ur10_cluster000_table2_refined_from_identity_hard,real_previous_registration,667,154,0.09332077540383654,0.05532962720335216,0.29240599623870284,116.27657432895593,1.2023815990046471,0,0.2598645046442042,0
real_20260706_155439_table_ur10_cluster000_table2_refined_from_identity_hard,real_previous_registration,668,409,0.08887953985943668,0.061726378047201644,0.7992773955886736,247.11808062065842,1.1104438963231638,0,0.2478952460308148,0
real_20260706_155439_table_ur10_cluster000_table2_refined_from_identity_hard,real_previous_registration,671,719,0.08060585428982477,0.03961323450730945,0.4959616296222853,126.57903919271804,2.327654549384505,0,0.1386691876874927,0
real_20260706_155439_table_ur10_cluster000_table2_refined_from_identity_hard,real_previous_registration,672,510,0.0705730513879892,0.0013024865567892313,0.4619501500524275,126.34213446992135,1.649439323249636,0,0.08944305087503916,1
real_20260706_155439_table_ur10_cluster000_table2_refined_from_identity_hard,real_previous_registration,673,8,0.15872687345482756,0.10914648501256506,0.9828652176461967,232.3512809936565,0.836008937456631,0,0.1394983563629996,0
real_20260706_155439_table_ur10_cluster000_table2_refined_from_identity_hard,real_previous_registration,675,1197,0.044099174027980304,0.023312394326726767,0.2180332529342906,90.0774693673045,0.8565297579289737,0,0.13308978137391303,0
real_20260706_155439_table_ur10_cluster000_table2_refined_from_identity_hard,real_previous_registration,676,768,0.030760654848432673,0.028887284885106897,0.977260859295162,61.28451713580266,-0.06007808097875983,1,0.18824545618553362,0
real_20260706_155439_table_ur10_cluster000_table2_refined_from_identity_hard,real_previous_registration,679,1025,0.10138096751820688,0.08214221181264462,0.6108137745049339,45.115439522072954,-0.10594847245393024,0,0.2610968280494424,0
real_20260706_155439_table_ur10_cluster000_table2_refined_from_identity_hard,real_previous_registration,680,881,0.07337533158530708,0.00012906737335880662,0.8528066251080367,73.53230044233048,0.11590369751132612,0,0.14372837404391492,0
real_20260706_155439_table_ur10_cluster000_table2_refined_from_identity_hard,real_previous_registration,681,119,0.06416460669736489,0.05747833114505488,0.9323406977548712,72.28464306768328,-0.7275249793205295,0,0.1971219563156174,0
real_20260706_155439_table_ur10_cluster000_table2_refined_from_identity_hard,real_previous_registration,682,310,0.03102692761041618,0.026912485504986604,0.40348481716296486,55.30553146078402,-0.10008335329393526,1,0.16702297983624026,0
real_20260706_155439_table_ur10_cluster000_table2_refined_from_identity_hard,real_previous_registration,683,581,0.032362113035459536,0.030677088388920044,0.8061610195555142,120.74569879134025,-0.6485222535852422,0,0.17603654076835373,0
real_20260706_155439_table_ur10_cluster000_table2_refined_from_identity_hard,real_previous_registration,684,433,0.04047215410347757,0.025756589520597447,0.0719014551220781,155.25666907744937,0.5910362117513486,0,0.15953668979913527,0
real_20260706_155439_table_ur10_cluster000_table2_refined_from_identity_hard,real_previous_registration,685,1004,0.0462879743079613,0.004708597419868231,0.8215941530493356,266.0388559005895,1.0879713854188748,0,0.16006274648442048,0
real_20260706_155439_table_ur10_cluster000_table2_refined_from_identity_hard,real_previous_registration,686,556,0.09526222100785647,0.08851955341575507,0.04589753764596732,86.24679861728342,0.7695191454570313,0,0.21342825828794934,0
real_20260706_155439_table_ur10_cluster000_table2_refined_from_identity_hard,real_previous_registration,687,384,0.15521028347664695,0.0933403687981085,0.9530130109454761,206.7949089075633,0.6536876639955681,0,0.03504689323449813,1
real_20260706_155439_table_ur10_cluster000_table2_refined_from_identity_hard,real_previous_registration,689,1164,0.14798550683943196,0.1070915292894758,0.9147549593136153,232.9661029272226,1.9859105947958764,0,0.14396159389063118,0
real_20260706_155439_table_ur10_cluster000_table2_refined_from_identity_hard,real_previous_registration,690,1023,0.02557446774315225,0.0011642228503453613,0.9016811792385553,253.11917064443224,-0.9235034953237642,1,0.13510418501189647,0
real_20260706_155439_table_ur10_cluster000_table2_refined_from_identity_hard,real_previous_registration,691,791,0.07118505339572365,0.036276427064249224,0.9664459056991825,191.32668593807432,0.4818370035618877,0,0.15367737328105774,0
real_20260706_155439_table_ur10_cluster000_table2_refined_from_identity_hard,real_previous_registration,692,1227,0.10192461045684537,0.0777177478682995,0.2340061599483436,126.57095030960352,1.174982656348028,0,0.254157156643537,0
real_20260706_155439_table_ur10_cluster000_table2_refined_from_identity_hard,real_previous_registration,693,8,0.16374269061560795,0.13958072189454873,0.9849950186927844,150.89071307242986,0.8002908816487899,0,0.10837191139157351,0
real_20260706_155439_table_ur10_cluster000_table2_refined_from_identity_hard,real_previous_registration,694,384,0.09063837506899568,0.08862117447767306,0.9133289075534193,128.36740693004197,0.4607841546458647,0,0.09092522515803829,1
real_20260706_155439_table_ur10_cluster000_table2_refined_from_identity_hard,real_previous_registration,695,404,0.10239164020782232,0.04077679632310455,0.21423707575280354,114.05383934233114,0.933821736612315,0,0.03535825758501387,1
real_20260706_155439_table_ur10_cluster000_table2_refined_from_identity_hard,real_previous_registration,696,1098,0.11561471352785377,0.10606417711280605,0.8730398458964226,146.9731807312493,2.007888503453969,0,0.08164494208046932,1
real_20260706_155439_table_ur10_cluster000_table2_refined_from_identity_hard,real_previous_registration,697,1197,0.18213886748688396,0.17313724619112292,0.9860569738474866,48.67822186380679,1.1284631609129767,0,0.22855741072666133,0
real_20260706_155439_table_ur10_cluster000_table2_refined_from_identity_hard,real_previous_registration,698,223,0.06134168243902762,0.058257287943915166,0.4059440962706494,124.21956734550513,1.0696225184666237,0,0.2109667199377227,0
real_20260706_155439_table_ur10_cluster000_table2_refined_from_identity_hard,real_previous_registration,699,890,0.15220067650351002,0.14745229777317148,0.9654529593872637,218.25422169099917,1.5804473755676816,0,0.09101829149680461,1
real_20260706_155439_table_ur10_cluster000_table2_refined_from_identity_hard,real_previous_registration,700,730,0.0349802647467699,0.030616095842431308,0.07430208494126324,80.42796371780712,0.5809283653238222,0,0.16638741415756098,0
real_20260706_155439_table_ur10_cluster000_table2_refined_from_identity_hard,real_previous_registration,702,565,0.20033076609586295,0.19203994333103352,0.6647356444509662,67.32802309009797,0.744201459053656,0,0.11533594558350081,0
real_20260706_155439_table_ur10_cluster000_table2_refined_from_identity_hard,real_previous_registration,703,1228,0.17553511691821894,0.16239391064511605,0.2124600938981887,159.04168156729713,1.5804473755676816,0,0.10941294304101061,0
real_20260706_155439_table_ur10_cluster000_table2_refined_from_identity_hard,real_previous_registration,704,1087,0.04438672650125855,0.038738272103636444,0.38592378231302515,60.8287583523021,0.18510602363861506,0,0.2051763815918466,0
real_20260706_155439_table_ur10_cluster000_table2_refined_from_identity_hard,real_previous_registration,705,829,0.02242997740736781,0.01936436003277962,0.3361340172710854,54.328900682654165,-0.10865483413590094,1,0.2039757351567007,0
real_20260706_155439_table_ur10_cluster000_table2_refined_from_identity_hard,real_previous_registration,706,72,0.1462818170407147,0.10636245383889065,0.9679642553271338,115.56935145526818,0.1304400460589306,0,0.19424731361360384,0
real_20260706_155439_table_ur10_cluster000_table2_refined_from_identity_hard,real_previous_registration,707,667,0.028097223472109734,0.015098092574791985,0.8824298319148561,84.92860524159292,-0.40135237365730303,0,0.09668743038174836,1
real_20260706_155439_table_ur10_cluster000_table2_refined_from_identity_hard,real_previous_registration,709,880,0.0518224208529448,0.030321368849433775,0.9409057112336883,121.3770479018308,0.6488906960349012,0,0.16022406376971063,0
real_20260706_155439_table_ur10_cluster000_table2_refined_from_identity_hard,real_previous_registration,710,622,0.04178747647047614,0.021551023064331636,0.0394914194230167,84.10696554249068,-0.14069140117620332,0,0.23093691606442454,0
real_20260706_155439_table_ur10_cluster000_table2_refined_from_identity_hard,real_previous_registration,711,303,0.017023356473174524,0.00953797971838626,0.5442181929934741,167.62631721459638,-1.0781188127566808,1,0.16842929106726454,0
real_20260706_155439_table_ur10_cluster000_table2_refined_from_identity_hard,real_previous_registration,712,579,0.1609482157888788,0.09443394055331146,0.6435715311053963,69.08956552117188,0.2907824771327993,0,0.23505035826364373,0
real_20260706_155439_table_ur10_cluster000_table2_refined_from_identity_hard,real_previous_registration,714,479,0.03011349817170099,0.009005546250184068,0.8575072287966647,255.54411630309733,0.4454695697077299,0,0.10664915209802331,0
real_20260706_155439_table_ur10_cluster000_table2_refined_from_identity_hard,real_previous_registration,715,977,0.036676977737712994,0.02876305874177117,0.01922817414662322,69.45365932940324,-0.10367834505932585,1,0.21850714308332478,0
real_20260706_155439_table_ur10_cluster000_table2_refined_from_identity_hard,real_previous_registration,716,1088,0.05916166548618072,0.0379072583744629,0.3908399449365628,130.10657912019806,0.7331512532711512,0,0.17734524102300186,0
real_20260706_155439_table_ur10_cluster000_table2_refined_from_identity_hard,real_previous_registration,717,698,0.11818929190011704,0.08179881207712394,0.7014964255089553,132.59806828138562,0.5688487934286339,0,0.08414854069134721,1
real_20260706_155439_table_ur10_cluster000_table2_refined_from_identity_hard,real_previous_registration,718,604,0.08672304329916501,0.06577445609508631,0.9745978161966831,74.86975579007571,0.8674994077063702,0,0.12047309229487624,0
real_20260706_155439_table_ur10_cluster000_table2_refined_from_identity_hard,real_previous_registration,719,1159,0.12725052561776087,0.07733450292841748,0.9837696691961215,100.50980777468384,0.254053873507269,0,0.07383904935334495,1
real_20260706_155439_table_ur10_cluster000_table2_refined_from_identity_hard,real_previous_registration,720,650,0.13902266470006458,0.1368457640869965,0.9982513004423671,146.58438120659707,-0.5236832079782879,1,0.17120587915015803,0
real_20260706_155439_table_ur10_cluster000_table2_refined_from_identity_hard,real_previous_registration,721,376,0.05814338897030877,0.04999991746249065,0.9954472655619235,147.52494390865047,-0.6559941067245554,0,0.1627818934025906,0
real_20260706_155439_table_ur10_cluster000_table2_refined_from_identity_hard,real_previous_registration,722,1228,0.1689281666088252,0.14632841241275,0.26807086739158165,146.88677850293345,1.5617552572305697,0,0.10298397106406876,0
real_20260706_155439_table_ur10_cluster000_table2_refined_from_identity_hard,real_previous_registration,723,102,0.0598581308747264,0.04123989313905225,0.9920681002784301,166.5480484618514,-0.11286888076792158,0,0.16955534171526213,0
real_20260706_155439_table_ur10_cluster000_table2_refined_from_identity_hard,real_previous_registration,724,479,0.013959247335911928,0.004024708278161981,0.8573099214612248,249.7815399267838,0.40772930155384784,1,0.13108531755303032,0
real_20260706_155439_table_ur10_cluster000_table2_refined_from_identity_hard,real_previous_registration,725,1191,0.04874378905063672,0.018444734746995303,0.10455609335717546,189.64771017555668,0.1764561478683484,0,0.14929310710072582,0
real_20260706_155439_table_ur10_cluster000_table2_refined_from_identity_hard,real_previous_registration,726,829,0.08181151981426824,0.05579998670543357,0.9855062814393821,59.05681510418341,-0.10865483413590094,0,0.14748588893972836,0
real_20260706_155439_table_ur10_cluster000_table2_refined_from_identity_hard,real_previous_registration,727,306,0.019744722851076056,0.0013793575205520454,0.25493964763267724,95.12611758033054,-0.09352597467756449,1,0.15067630963997836,0
real_20260706_155439_table_ur10_cluster000_table2_refined_from_identity_hard,real_previous_registration,728,1190,0.09651377658298033,0.08127483116314557,0.20762162419723554,100.20223082130417,1.8035891935573443,0,0.23288871583387447,0
real_20260706_155439_table_ur10_cluster000_table2_refined_from_identity_hard,real_previous_registration,729,723,0.14642457843429119,0.12462261065902189,0.4498887862278745,34.19850902484596,0.32149509060215414,0,0.1408626431805926,0
real_20260706_155439_table_ur10_cluster000_table2_refined_from_identity_hard,real_previous_registration,730,223,0.06175038635423971,0.04214764899800203,0.4189457703853012,119.05126954350153,1.0696225184666237,0,0.22266221239148568,0
real_20260706_155439_table_ur10_cluster000_table2_refined_from_identity_hard,real_previous_registration,731,688,0.221669412005351,0.2195979623627677,0.8886546385000051,79.1797257388908,1.02545111054887,0,0.14227395156829567,0
real_20260706_155439_table_ur10_cluster000_table2_refined_from_identity_hard,real_previous_registration,732,375,0.21187910550912337,0.20412085735895674,0.9984100299805425,101.87272036847472,0.5943153448897422,0,0.09778791719690448,1
real_20260706_155439_table_ur10_cluster000_table2_refined_from_identity_hard,real_previous_registration,733,24,0.03626400746675118,0.01371350171156304,0.8449943255531797,54.37605353166597,0.3119387653753807,1,0.16069028730711582,0
real_20260706_155439_table_ur10_cluster000_table2_refined_from_identity_hard,real_previous_registration,734,579,0.16442081049606394,0.05584814829441763,0.2787539589398862,70.84314236735877,0.43738580060712645,0,0.2869488115246457,0
real_20260706_155439_table_ur10_cluster000_table2_refined_from_identity_hard,real_previous_registration,735,986,0.07845561658866455,0.053234921375007314,0.4167835303238401,157.16438026763757,1.3201641624407037,0,0.20186802942937707,0
real_20260706_155439_table_ur10_cluster000_table2_refined_from_identity_hard,real_previous_registration,736,60,0.08494354600890394,0.006654244691265361,0.3671314823546013,101.29574959394985,1.1539299185421539,0,0.15875072371875698,0
real_20260706_155439_table_ur10_cluster000_table2_refined_from_identity_hard,real_previous_registration,738,153,0.014581505955571112,0.004440126620636123,0.9564320779184003,101.14896783993163,-0.05715834717335967,1,0.1533642236460306,0
real_20260706_155439_table_ur10_cluster000_table2_refined_from_identity_hard,real_previous_registration,739,957,0.11150969930744407,0.09892758002291764,0.7452048424134824,114.85369194160633,-0.07410789523072468,0,0.19150940587784515,0
real_20260706_155439_table_ur10_cluster000_table2_refined_from_identity_hard,real_previous_registration,740,697,0.037603425607249996,0.022764487491193423,0.8926505032626584,74.48170959299556,0.5618799826016669,1,0.11492021113527222,0
real_20260706_155439_table_ur10_cluster000_table2_refined_from_identity_hard,real_previous_registration,741,906,0.03226574639590474,0.024058207826142354,0.9992095929111402,219.94362474494056,-0.7709240754810649,1,0.11779017369485131,0
real_20260706_155439_table_ur10_cluster000_table2_refined_from_identity_hard,real_previous_registration,742,928,0.04793064887992352,0.02108121126179126,0.831138938647233,69.20143053237071,0.40772957261520515,0,0.20447573337737385,0
real_20260706_155439_table_ur10_cluster000_table2_refined_from_identity_hard,real_previous_registration,743,187,0.022011737017385284,0.010509823239141555,0.4691757189230258,64.81669958317822,0.3276870677801201,1,0.1484279604202554,0
real_20260706_155439_table_ur10_cluster000_table2_refined_from_identity_hard,real_previous_registration,744,222,0.1501803721166228,0.14442857049720406,0.9310683773882549,254.37709335240763,2.6790521087373214,0,0.07676860179199643,1
real_20260706_155439_table_ur10_cluster000_table2_refined_from_identity_hard,real_previous_registration,745,983,0.029769123654212186,0.011671451092002664,0.7039369658921789,163.14664551875103,-0.8104267265295036,1,0.149285107640011,0
real_20260706_155439_table_ur10_cluster000_table2_refined_from_identity_hard,real_previous_registration,746,834,0.034306289038785014,0.032264096370331966,0.9886508742318479,219.55903307759675,-0.07777760282852268,1,0.13256096884304505,0
real_20260706_155439_table_ur10_cluster000_table2_refined_from_identity_hard,real_previous_registration,747,614,0.04817738239179078,0.012588249258825401,0.04599744862014068,84.73169560646535,0.6359877000551791,0,0.17824751695776647,0
real_20260706_155439_table_ur10_cluster000_table2_refined_from_identity_hard,real_previous_registration,748,1154,0.14529133627826873,0.13107002798501025,0.9506327238201309,150.87316242681246,-0.21130880795330895,0,0.1532415239030864,0
real_20260706_155439_table_ur10_cluster000_table2_refined_from_identity_hard,real_previous_registration,749,1009,0.1345312025083254,0.08233611035188952,0.9036200335708368,251.63577322720087,1.4934363622130704,0,0.10984335293772528,0
real_20260706_155439_table_ur10_cluster000_table2_refined_from_identity_hard,real_previous_registration,751,642,0.034549131720039684,0.011671043912692976,0.05094573479647149,67.03622658279592,-0.21130891975430705,0,0.16048845753264368,0
real_20260706_155439_table_ur10_cluster000_table2_refined_from_identity_hard,real_previous_registration,752,422,0.13398251515066928,0.11555329053638597,0.9399349895115211,109.96550602487832,0.17005827296663914,0,0.09916168619936978,1
real_20260706_155439_table_ur10_cluster000_table2_refined_from_identity_hard,real_previous_registration,753,844,0.16162030308220007,0.0831451231263109,0.9383437632249663,228.0430898031334,2.3913728695907768,0,0.13086111013639687,0
real_20260706_155439_table_ur10_cluster000_table2_refined_from_identity_hard,real_previous_registration,754,1191,0.04777378394467135,0.012515298359967057,0.07227103657043968,190.0820706499836,0.21154741595555684,1,0.13194586190679197,0
real_20260706_155439_table_ur10_cluster000_table2_refined_from_identity_hard,real_previous_registration,755,223,0.05488195717807678,0.014361737845450973,0.31029079873726884,102.14928811204248,1.314744722876684,1,0.15661910706869764,0
real_20260706_155439_table_ur10_cluster000_table2_refined_from_identity_hard,real_previous_registration,756,986,0.08419675742080246,0.07889784176813261,0.49824195200333077,119.08264459415584,1.3201641624407037,0,0.22997851910461395,0
real_20260706_155439_table_ur10_cluster000_table2_refined_from_identity_hard,real_previous_registration,757,9,0.167333061220733,0.07480279415262411,0.4010039415829491,243.24985506574515,1.0696232629082352,0,0.19622241267902166,0
real_20260706_155439_table_ur10_cluster000_table2_refined_from_identity_hard,real_previous_registration,758,404,0.13895843488181342,0.12432864523822697,0.3458703547364088,113.26638046554328,0.646139982341998,0,0.07652722882869203,1
real_20260706_155439_table_ur10_cluster000_table2_refined_from_identity_hard,real_previous_registration,759,1130,0.04993702685752514,0.04780844143120749,0.29529844201081085,58.93228940866808,0.24822302810906857,0,0.18763412340888258,0
real_20260706_155439_table_ur10_cluster000_table2_refined_from_identity_hard,real_previous_registration,761,510,0.06100588189184338,0.0003387250654919415,0.6541517020967381,60.53012080097687,1.6269664886096786,0,0.08195256156460239,1
real_20260706_155439_table_ur10_cluster000_table2_refined_from_identity_hard,real_previous_registration,762,652,0.16031391979303403,0.038377253321675714,0.2769675497739036,131.84162540583247,0.6759933058164599,0,0.0494958357041011,1
real_20260706_155439_table_ur10_cluster000_table2_refined_from_identity_hard,real_previous_registration,763,223,0.08754993708296828,0.04006634976950476,0.1609441207287433,70.88810449166252,1.2927658364477448,0,0.14779566234798144,0
real_20260706_155439_table_ur10_cluster000_table2_refined_from_identity_hard,real_previous_registration,764,844,0.14557147411123822,0.14480664811983557,0.9085501476543232,245.11822920111103,2.3913728695907768,0,0.10150066082709341,0
real_20260706_155439_table_ur10_cluster000_table2_refined_from_identity_hard,real_previous_registration,765,413,0.022570379988335512,0.011819090775648439,0.6808105606358196,207.35100102743544,0.481837086894854,1,0.13950147276677086,0
real_20260706_155439_table_ur10_cluster000_table2_refined_from_identity_hard,real_previous_registration,766,1034,0.1303194913665036,0.1269232108083052,0.9436545368134532,265.5388751525057,-0.7441128077277886,0,0.2438230303750536,0
real_20260706_155439_table_ur10_cluster000_table2_refined_from_identity_hard,real_previous_registration,769,677,0.08123460606941398,0.0678971451305188,0.2190894634407114,188.34969783762293,0.17005827296663914,0,0.26203465559451733,0
real_20260706_155439_table_ur10_cluster000_table2_refined_from_identity_hard,real_previous_registration,770,223,0.10856606398370719,0.06450081007088965,0.23049608371509794,77.50207108727467,1.3981262587723207,0,0.07966595684762022,1
real_20260706_155439_table_ur10_cluster000_table2_refined_from_identity_hard,real_previous_registration,771,982,0.07304687051090952,0.06527954171088148,0.1536029345728368,155.5943295608878,0.6915574863452006,0,0.24141707626015385,0
real_20260706_155439_table_ur10_cluster000_table2_refined_from_identity_hard,real_previous_registration,773,1011,0.06951518618524634,0.06261651348627441,0.17858465086953604,44.94618211885013,-0.21130891184918207,0,0.2125551810623737,0
real_20260706_155439_table_ur10_cluster000_table2_refined_from_identity_hard,real_previous_registration,774,1135,0.21307982331455333,0.11085977958505969,0.9802206896535379,106.88406857728778,1.559393609988669,0,0.16363042295673957,0
real_20260706_155439_table_ur10_cluster000_table2_refined_from_identity_hard,real_previous_registration,776,1228,0.1665350374660742,0.13710624099526134,0.2896234757533764,151.25271851778496,1.5804473755676816,0,0.12333292895696747,0
real_20260706_155439_table_ur10_cluster000_table2_refined_from_identity_hard,real_previous_registration,778,201,0.061033765291261824,0.055285566566756615,0.9938943869632415,78.31221279741241,-0.8026728322220907,0,0.15684721167316779,0
real_20260706_155439_table_ur10_cluster000_table2_refined_from_identity_hard,real_previous_registration,779,525,0.15263976123024758,0.11547758385844001,0.7908209791792117,112.27216398825959,-0.17494120875592342,0,0.13345441839172895,0
real_20260706_155439_table_ur10_cluster000_table2_refined_from_identity_hard,real_previous_registration,780,697,0.03816240436803886,0.018882256349603433,0.9275471101654021,87.53958767618468,0.2995160412106988,0,0.08597722035508021,1
real_20260706_155439_table_ur10_cluster000_table2_refined_from_identity_hard,real_previous_registration,782,340,0.1515140723266472,0.1442099080375036,0.8862544485111995,137.5306824312785,1.0879723874350282,0,0.10648226698625911,0
real_20260706_155439_table_ur10_cluster000_table2_refined_from_identity_hard,real_previous_registration,783,404,0.09606570025922777,0.08548505843450108,0.07834837900342458,111.65203051733643,0.7605501959277704,0,0.15134623292144295,0
real_20260706_155439_table_ur10_cluster000_table2_refined_from_identity_hard,real_previous_registration,784,844,0.15529789094370675,0.12859102277395504,0.9261497328683158,244.1872266820236,2.4277404859838954,0,0.09001827004466327,1
real_20260706_155439_table_ur10_cluster000_table2_refined_from_identity_hard,real_previous_registration,785,137,0.05883789532421136,0.048410116521022103,0.03750559162583531,57.38797415429444,-0.2113087458416946,1,0.18597390386920185,0
real_20260706_155439_table_ur10_cluster000_table2_refined_from_identity_hard,real_previous_registration,786,614,0.11445529712309155,0.09555679158196329,0.05797273087893713,97.89613164765514,0.6070001984760014,0,0.17252856908361747,0
real_20260706_155439_table_ur10_cluster000_table2_refined_from_identity_hard,real_previous_registration,787,510,0.08215375955826808,0.017824272668620484,0.4285564288955779,117.15068633418907,1.649439323249636,0,0.05473442228538186,1
real_20260706_155439_table_ur10_cluster000_table2_refined_from_identity_hard,real_previous_registration,788,616,0.13874798851071057,0.11361518121483856,0.4127255358839582,66.18621236160688,0.5108248237672707,0,0.16432869426892613,0
real_20260706_155439_table_ur10_cluster000_table2_refined_from_identity_hard,real_previous_registration,789,404,0.059406068036233356,0.015280649396854534,0.35337334502482054,104.33613613825722,0.9108322405863262,0,0.10590281945954495,0
real_20260706_155439_table_ur10_cluster000_table2_refined_from_identity_hard,real_previous_registration,791,380,0.029563901370433753,0.01072011084509103,0.13205483530284595,85.13896561212874,-0.005457034147448746,0,0.13929071549445873,0
real_20260706_155439_table_ur10_cluster000_table2_refined_from_identity_hard,real_previous_registration,792,1025,0.08462403325016299,0.0826140614312787,0.9256500968982612,73.64923587256918,-0.05715835828444704,0,0.21308203212547688,0
real_20260706_155439_table_ur10_cluster000_table2_refined_from_identity_hard,real_previous_registration,793,409,0.08911800849940398,0.018763576361417424,0.79472699612352,246.38216210467115,1.2057539488549314,0,0.26751227886109585,0
real_20260706_155439_table_ur10_cluster000_table2_refined_from_identity_hard,real_previous_registration,794,1112,0.03704416043242684,0.00467485565782492,0.13503178146371553,82.13011654372163,0.5771475212435071,0,0.23276707238000757,0
real_20260706_155439_table_ur10_cluster000_table2_refined_from_identity_hard,real_previous_registration,795,1039,0.042562573905451075,0.0376178743202081,0.9511018876162387,72.64405351255103,0.6509135607974869,1,0.14735515250587317,0
real_20260706_155439_table_ur10_cluster000_table2_refined_from_identity_hard,real_previous_registration,796,434,0.1576892813154806,0.14975028116859487,0.9061644670975542,256.00407431896303,2.353632571522436,0,0.0505157601060835,1
real_20260706_155439_table_ur10_cluster000_table2_refined_from_identity_hard,real_previous_registration,797,356,0.17300432999070728,0.17207636600080778,0.9584503201872889,230.69864999465673,1.4934363622130704,0,0.028164101746351786,1
real_20260706_155439_table_ur10_cluster000_table2_refined_from_identity_hard,real_previous_registration,798,654,0.14890327438565368,0.12379401107362877,0.6193320737912418,195.87315505574563,0.8183090568493535,0,0.2639448647004315,0
real_20260706_155439_table_ur10_cluster000_table2_refined_from_identity_hard,real_previous_registration,799,510,0.06498064917610848,0.04753666176201986,0.830364940498364,139.79455876539393,1.3691376600559346,0,0.173477683254496,0
real_20260706_155439_table_ur10_cluster000_table2_refined_from_identity_hard,real_previous_registration,800,930,0.023247970689250653,0.017635080460805672,0.8766604914273826,64.10972563486423,-0.462623077504103,1,0.13734797143755692,0
real_20260706_155439_table_ur10_cluster000_table2_refined_from_identity_hard,real_previous_registration,801,334,0.17928459519982118,0.1504874533727629,0.8221314379084411,61.452770519432924,0.14536563122423699,0,0.10356302779253003,0
real_20260706_155439_table_ur10_cluster000_table2_refined_from_identity_hard,real_previous_registration,802,119,0.018198975748821712,0.007681081382543821,0.6560605802400992,89.9565989006149,-0.6007734088163765,1,0.17005664183928543,0
real_20260706_155439_table_ur10_cluster000_table2_refined_from_identity_hard,real_previous_registration,803,1135,0.1189330750249831,0.0938590541844069,0.9719935228975856,121.03376352913567,1.4934357031252485,0,0.1528529110746063,0
real_20260706_155439_table_ur10_cluster000_table2_refined_from_identity_hard,real_previous_registration,804,914,0.01580316633396795,0.0013059329613186582,0.058964404660742986,147.50342221079353,0.4818372743941349,1,0.17218385270204956,0
real_20260706_155439_table_ur10_cluster000_table2_refined_from_identity_hard,real_previous_registration,805,723,0.18565243245766982,0.161324524719284,0.9422279748711958,40.90966179483553,0.18173328518338275,0,0.18880239457156342,0
real_20260706_155439_table_ur10_cluster000_table2_refined_from_identity_hard,real_previous_registration,806,1208,0.04014712044520165,0.04014203347624654,0.5963966355120904,150.3840862387759,-0.5530577265713595,0,0.12359228679319055,0
real_20260706_155439_table_ur10_cluster000_table2_refined_from_identity_hard,real_previous_registration,808,376,0.05143351274304974,0.045464485870395414,0.9954794327051838,128.36086680029965,-0.5790331900326702,1,0.18385954958957343,0
real_20260706_155439_table_ur10_cluster000_table2_refined_from_identity_hard,real_previous_registration,809,1120,0.1507411351541099,0.14374516780114938,0.9717376415953286,194.94540556828545,0.7901384148026398,0,0.13037210585314782,0
real_20260706_155439_table_ur10_cluster000_table2_refined_from_identity_hard,real_previous_registration,810,1019,0.11114128737224116,0.08240592063704408,0.8105244028100946,134.83762840463612,1.0879723874350282,0,0.08127338205520715,1
real_20260706_155439_table_ur10_cluster000_table2_refined_from_identity_hard,real_previous_registration,811,404,0.0354528200784768,0.014049478649626055,0.33627730308154336,108.48478750350702,0.7872184131379879,1,0.13571084229996846,0
real_20260706_155439_table_ur10_cluster000_table2_refined_from_identity_hard,real_previous_registration,812,845,0.18820790456478265,0.09335425304466625,0.36028805779725936,79.0480328553878,1.1008740535512114,0,0.2187022798395806,0
real_20260706_155439_table_ur10_cluster000_table2_refined_from_identity_hard,real_previous_registration,813,8,0.13504334365287432,0.0865998449708722,0.9858047943978614,241.15724955015955,0.7247833890336453,0,0.16553476059544217,0
real_20260706_155439_table_ur10_cluster000_table2_refined_from_identity_hard,real_previous_registration,815,12,0.16582110107390152,0.13528600202534757,0.9640174757558923,131.41495603099594,0.31604557613034895,0,0.022394366850040044,1
real_20260706_155439_table_ur10_cluster000_table2_refined_from_identity_hard,real_previous_registration,816,1098,0.14490853565679665,0.12624850250862102,0.8434678818641284,145.19076895702963,1.916916812204681,0,0.09026435653051995,1
real_20260706_155439_table_ur10_cluster000_table2_refined_from_identity_hard,real_previous_registration,819,1006,0.21201662148368763,0.2055465850818879,0.894699092244299,120.75623001595396,0.20990406486192686,0,0.24027214415410028,0
real_20260706_155439_table_ur10_cluster000_table2_refined_from_identity_hard,real_previous_registration,822,512,0.07022571332009722,0.05108511157100693,0.9855502002043178,55.36807311231044,-0.4989907732621606,0,0.14433306767753862,0
real_20260706_155439_table_ur10_cluster000_table2_refined_from_identity_hard,real_previous_registration,823,334,0.19696531278095675,0.17700130225256153,0.88512400954003,65.91833381939381,0.11146412782434904,0,0.12124038909687715,0
real_20260706_155439_table_ur10_cluster000_table2_refined_from_identity_hard,real_previous_registration,824,131,0.029640222770378463,0.002517914166600533,0.9732814768888184,120.46225565296236,0.83851165226244,0,0.13459325116235885,0
real_20260706_155439_table_ur10_cluster000_table2_refined_from_identity_hard,real_previous_registration,825,375,0.21571115632940563,0.19446809515105917,0.9810631452080631,103.70666779137672,0.6153687354705696,0,0.06713285147957142,1
real_20260706_155439_table_ur10_cluster000_table2_refined_from_identity_hard,real_previous_registration,826,525,0.14998103439309132,0.13582266124316075,0.8847798906426031,97.4672285630671,0.048202042558691385,0,0.21608484333985573,0
real_20260706_155439_table_ur10_cluster000_table2_refined_from_identity_hard,real_previous_registration,828,223,0.15306338251207988,0.11575701654528195,0.376489724878014,82.25908914081927,1.2927658364477448,0,0.10238570545854789,0
real_20260706_155439_table_ur10_cluster000_table2_refined_from_identity_hard,real_previous_registration,829,838,0.05027680597978622,0.013449631071342727,0.9949013923041745,131.19209443414692,-0.5297622850135771,0,0.1749102747954709,0
real_20260706_155439_table_ur10_cluster000_table2_refined_from_identity_hard,real_previous_registration,831,688,0.22117833071327517,0.21336362394983968,0.8913382136574379,78.21500927954364,1.02545111054887,0,0.16441435799229936,0
real_20260706_155439_table_ur10_cluster000_table2_refined_from_identity_hard,real_previous_registration,832,488,0.09961856545104927,0.08673350268203174,0.955102273674907,150.56907303363272,0.9849400259273325,0,0.1978527571171892,0
real_20260706_155439_table_ur10_cluster000_table2_refined_from_identity_hard,real_previous_registration,833,8,0.16290862048089905,0.12345092179808928,0.9849600941948217,264.69921102641933,0.8534006674643351,0,0.1517126676006161,0
real_20260706_155439_table_ur10_cluster000_table2_refined_from_identity_hard,real_previous_registration,834,71,0.0246676642716059,0.017997295749095397,0.156708145644739,60.26411186701651,0.5871977636629083,0,0.1410941099036508,0
real_20260706_155439_table_ur10_cluster000_table2_refined_from_identity_hard,real_previous_registration,835,198,0.0558801523636252,0.05353999788451699,0.17143955051156767,123.48683410943508,-0.2668786637412342,0,0.13255527322984864,0
real_20260706_155439_table_ur10_cluster000_table2_refined_from_identity_hard,real_previous_registration,836,121,0.10816354607373252,0.10698168699300975,0.25425496605837,66.2846201865927,0.19415582694113903,0,0.1426719675133257,0
real_20260706_155439_table_ur10_cluster000_table2_refined_from_identity_hard,real_previous_registration,837,406,0.17480271157616473,0.15510232504230462,0.8551960913300045,81.84758115659999,0.5871969247777177,0,0.27396985207665653,0
real_20260706_155439_table_ur10_cluster000_table2_refined_from_identity_hard,real_previous_registration,838,1120,0.11113787058627823,0.09565176612011837,0.9798386530496602,194.43890812664742,0.8103411049773166,0,0.03805918939399695,1
real_20260706_155439_table_ur10_cluster000_table2_refined_from_identity_hard,real_previous_registration,840,375,0.20394744395329378,0.18749121868326993,0.9833650044652522,102.0640335605972,0.6561906949908548,0,0.10902653343122655,0
real_20260706_155439_table_ur10_cluster000_table2_refined_from_identity_hard,real_previous_registration,841,697,0.07651204323174965,0.000563603634209469,0.9589455049831284,87.19031205855066,0.5871977636629083,0,0.04684904395293554,1
real_20260706_155439_table_ur10_cluster000_table2_refined_from_identity_hard,real_previous_registration,842,616,0.16811378042448502,0.16507665840932395,0.6647963347062338,83.69517944040439,0.28768157245265585,0,0.23857662083167636,0
real_20260706_155439_table_ur10_cluster000_table2_refined_from_identity_hard,real_previous_registration,843,180,0.0606116712397937,0.022775891010978266,0.19412882404772175,175.8595281072269,-0.21130882700087802,0,0.13077628794168716,0
real_20260706_155439_table_ur10_cluster000_table2_refined_from_identity_hard,real_previous_registration,844,565,0.12719908412605413,0.05536196779875127,0.2679168208021726,187.271321644933,0.8534006674643351,0,0.057525665177493114,1
real_20260706_155439_table_ur10_cluster000_table2_refined_from_identity_hard,real_previous_registration,845,925,0.0682656168509514,0.05898687806834435,0.6186133180910178,83.79292671015658,0.3430012763966782,0,0.08097022271172649,1
real_20260706_155439_table_ur10_cluster000_table2_refined_from_identity_hard,real_previous_registration,846,912,0.04444593616482974,0.01664963117864766,0.018482626450739545,217.80837239427504,-0.18053722477342593,0,0.1736198995809991,0
real_20260706_155439_table_ur10_cluster000_table2_refined_from_identity_hard,real_previous_registration,847,400,0.04826791686273071,0.0005527517463059933,0.6955590661054258,172.52215381551412,0.10234829109906213,0,0.11342220302160161,0
real_20260706_155439_table_ur10_cluster000_table2_refined_from_identity_hard,real_previous_registration,848,698,0.13822882752769877,0.11316775784369644,0.8057819576228218,163.00479042411192,0.6679396135257638,0,0.07941311673561814,1
real_20260706_155439_table_ur10_cluster000_table2_refined_from_identity_hard,real_previous_registration,849,9,0.1172801766782404,0.0008659755393366914,0.43578646795885556,240.2663403863954,1.0879723874350282,0,0.10915107089000742,0
real_20260706_155439_table_ur10_cluster000_table2_refined_from_identity_hard,real_previous_registration,850,878,0.09389997149379335,0.08286787831631004,0.9899730673684705,119.56571349697309,0.6866317318628755,0,0.09921409008448635,1
real_20260706_155439_table_ur10_cluster000_table2_refined_from_identity_hard,real_previous_registration,851,222,0.16762943288542045,0.15859982503141778,0.9418685840832781,258.1403323423344,2.6790521087373214,0,0.09254122922893257,1
real_20260706_155439_table_ur10_cluster000_table2_refined_from_identity_hard,real_previous_registration,852,736,0.14236553373115543,0.07153020349618629,0.9206325769479429,74.61191002622716,-0.21130887745121257,0,0.2179894248142493,0
real_20260706_155439_table_ur10_cluster000_table2_refined_from_identity_hard,real_previous_registration,854,532,0.14228652105241085,0.024004919940447116,0.20096071545882294,140.95173232366955,0.9067200885519857,0,0.05075600967410409,1
real_20260706_155439_table_ur10_cluster000_table2_refined_from_identity_hard,real_previous_registration,855,318,0.10316030216316319,0.06841735248719541,0.5419238320982163,66.8973163302385,0.22155470709789957,0,0.1995664458490483,0
real_20260706_155439_table_ur10_cluster000_table2_refined_from_identity_hard,real_previous_registration,856,198,0.1494026195182449,0.14330799225941956,0.8755893704706563,124.40094629115885,-0.32571909103698493,0,0.14778952789959687,0
real_20260706_155439_table_ur10_cluster000_table2_refined_from_identity_hard,real_previous_registration,857,409,0.11714901851424395,0.08724679509032138,0.7508881751377877,255.0531013904066,0.928122619528778,0,0.2489622974175122,0
real_20260706_155439_table_ur10_cluster000_table2_refined_from_identity_hard,real_previous_registration,858,913,0.09563759039185885,0.07998934967063435,0.01986027989307644,119.63480210121391,-0.1159987744691104,0,0.1069682361004015,0
real_20260706_155439_table_ur10_cluster000_table2_refined_from_identity_hard,real_previous_registration,860,259,0.026757254804208496,0.016258153455055966,0.8901305927256355,228.4634960733254,-0.92280447552263,1,0.10927737499412192,0
real_20260706_155439_table_ur10_cluster000_table2_refined_from_identity_hard,real_previous_registration,861,178,0.12192124218024178,0.09596903772082993,0.985596045248354,75.67795974845475,0.48183740268320235,0,0.1253868161023284,0
real_20260706_155439_table_ur10_cluster000_table2_refined_from_identity_hard,real_previous_registration,862,285,0.20220213217277194,0.16455423925664214,0.9658817088685981,66.32491176022762,0.0400052869947083,0,0.14129740207195043,0
real_20260706_155439_table_ur10_cluster000_table2_refined_from_identity_hard,real_previous_registration,864,916,0.041683220048344904,0.01793539846068642,0.6660950882053075,74.94628215177214,0.14806478077471005,0,0.2128250397737077,0
real_20260706_155439_table_ur10_cluster000_table2_refined_from_identity_hard,real_previous_registration,865,354,0.14619400181249204,0.1449952328776242,0.8644481874658523,122.58127137812822,1.3468334278918572,0,0.05347716362337913,1
real_20260706_155439_table_ur10_cluster000_table2_refined_from_identity_hard,real_previous_registration,866,800,0.0433809137870389,0.017715265557483345,0.21477387908604162,73.77548004110103,-0.2684672166577992,0,0.15545980601754067,0
real_20260706_155439_table_ur10_cluster000_table2_refined_from_identity_hard,real_previous_registration,867,1190,0.04983871734968753,0.0240158904759598,0.19144907287049595,135.12347977125611,1.6604884935062705,0,0.1354071625403481,0
real_20260706_155439_table_ur10_cluster000_table2_refined_from_identity_hard,real_previous_registration,868,243,0.05446775784764435,0.050482170662644134,0.16836636448220346,54.808703338042164,-0.005457034147448746,0,0.1474176726019189,0
real_20260706_155439_table_ur10_cluster000_table2_refined_from_identity_hard,real_previous_registration,869,1190,0.06399454844838326,0.019576016525957557,0.20637630499115836,130.09277040878035,1.6345130354430597,0,0.1688719571379534,0
real_20260706_155439_table_ur10_cluster000_table2_refined_from_identity_hard,real_previous_registration,870,1120,0.1844476531416139,0.1583343762464006,0.9815989975257504,234.34037507407103,0.8495617858229322,0,0.1782288894808979,0
real_20260706_155439_table_ur10_cluster000_table2_refined_from_identity_hard,real_previous_registration,871,648,0.1465939571306205,0.05569092338257531,0.5610739731539942,228.92161544683967,0.540106427470155,0,0.12125194968930925,0
real_20260706_155439_table_ur10_cluster000_table2_refined_from_identity_hard,real_previous_registration,872,913,0.04921997693049873,0.0398925246377941,0.216234040416078,109.7763790878024,-0.1467703933631882,0,0.10761164106224898,0
real_20260706_155439_table_ur10_cluster000_table2_refined_from_identity_hard,real_previous_registration,873,192,0.16490213748536225,0.13521438534630736,0.8096678852197501,202.96752362808482,1.0814576044024533,0,0.028831555832417196,1
real_20260706_155439_table_ur10_cluster000_table2_refined_from_identity_hard,real_previous_registration,875,11,0.14788938438408025,0.14743581235399472,0.8829375896934963,81.06147249323612,0.1423308098904939,0,0.0884093067409204,1
real_20260706_155439_table_ur10_cluster000_table2_refined_from_identity_hard,real_previous_registration,876,359,0.1557743883735584,0.1303033698498179,0.5585342758447983,64.49135018173723,-0.24904906552520958,0,0.17829124902632262,0
real_20260706_155439_table_ur10_cluster000_table2_refined_from_identity_hard,real_previous_registration,877,797,0.06970394138236786,0.06767542485151823,0.8224749228331351,240.70720333024664,0.9236685614000107,0,0.1261336602997195,0
real_20260706_155439_table_ur10_cluster000_table2_refined_from_identity_hard,real_previous_registration,879,318,0.08433847275564921,0.03491694079113157,0.29387356261407654,55.2117459091895,0.2995161634325692,0,0.20733874920569184,0
real_20260706_155439_table_ur10_cluster000_table2_refined_from_identity_hard,real_previous_registration,880,525,0.18807893367833675,0.1435125510729714,0.9813156696742378,152.60867292106568,-0.1059484372688269,0,0.15189386140883607,0
real_20260706_155439_table_ur10_cluster000_table2_refined_from_identity_hard,real_previous_registration,881,39,0.04578169895789384,0.01211038699443822,0.5820654660928493,81.82439328113077,0.48183754522669214,1,0.14907546081642256,0
real_20260706_155439_table_ur10_cluster000_table2_refined_from_identity_hard,real_previous_registration,882,149,0.20144558590031517,0.1849130299900145,0.8536171632462526,81.54811293105246,0.42677788787725013,0,0.07503956346431394,1
real_20260706_155439_table_ur10_cluster000_table2_refined_from_identity_hard,real_previous_registration,883,149,0.21913752689557467,0.1906558057827502,0.8306532470463415,110.33087069183931,0.14536568598599722,0,0.1370879491237081,0
real_20260706_155439_table_ur10_cluster000_table2_refined_from_identity_hard,real_previous_registration,884,264,0.07016048727742377,0.05324085882252841,0.9474649374180718,69.32511900477498,-0.4042124626661267,0,0.19732747114152327,0
real_20260706_155439_table_ur10_cluster000_table2_refined_from_identity_hard,real_previous_registration,885,8,0.18244475048481065,0.14543541862663187,0.98769589483708,188.968857257006,0.744201459053656,0,0.15915621141459763,0
real_20260706_155439_table_ur10_cluster000_table2_refined_from_identity_hard,real_previous_registration,886,556,0.027380073348815086,0.016144436520345622,0.4714682349130876,119.46890328087095,0.5871977636629083,1,0.11419618352058775,0
real_20260706_155439_table_ur10_cluster000_table2_refined_from_identity_hard,real_previous_registration,887,579,0.18786449520818418,0.10036221651698106,0.8644732728795764,38.03852939091558,0.2907824771327993,0,0.3208286399695962,0
real_20260706_155439_table_ur10_cluster000_table2_refined_from_identity_hard,real_previous_registration,888,1152,0.01686802950232239,0.01659133712549491,0.6495652145066507,100.1587157649577,0.43531752580399413,1,0.18904579801019425,0
real_20260706_155439_table_ur10_cluster000_table2_refined_from_identity_hard,real_previous_registration,889,579,0.12858889354475478,0.04468776568231636,0.4962621212418042,88.71885818660813,0.31675793519600987,0,0.12352347383598986,0
real_20260706_155439_table_ur10_cluster000_table2_refined_from_identity_hard,real_previous_registration,890,94,0.026892805458302617,0.007691378536502062,0.9820170181799264,237.16389424010197,-0.5790331900326702,1,0.14971592644383352,0
real_20260706_155439_table_ur10_cluster000_table2_refined_from_identity_hard,real_previous_registration,891,616,0.18001782184698542,0.16392224376122827,0.7702645973406653,80.35429251102721,0.2513139838372519,0,0.25996932810278084,0
real_20260706_155439_table_ur10_cluster000_table2_refined_from_identity_hard,real_previous_registration,892,149,0.18926948941176186,0.17410330141394065,0.8714253069925304,86.78801014096243,0.26314860497582965,0,0.11478008531093985,0
real_20260706_155439_table_ur10_cluster000_table2_refined_from_identity_hard,real_previous_registration,893,997,0.042522952093114845,0.029057172765231863,0.24951913467642642,72.83784289607584,0.026362536633945475,0,0.15180502849682756,0
real_20260706_155439_table_ur10_cluster000_table2_refined_from_identity_hard,real_previous_registration,895,885,0.03525794130848951,0.01347799943669345,0.7090421324412228,98.73251947931689,-0.39363030879479527,1,0.09976575603910927,1
real_20260706_155439_table_ur10_cluster000_table2_refined_from_identity_hard,real_previous_registration,896,1009,0.1525224474284922,0.13290790843892542,0.9125274139743887,194.91595432721297,1.4563951193491653,0,0.04528165330510185,1
real_20260706_155439_table_ur10_cluster000_table2_refined_from_identity_hard,real_previous_registration,897,8,0.1270125541745883,0.12599774391838126,0.9854231190765014,213.28390750812818,0.8002908816487899,0,0.05756111716701121,1
real_20260706_155439_table_ur10_cluster000_table2_refined_from_identity_hard,real_previous_registration,898,1098,0.1468717579379851,0.14623040697460027,0.8799717676158554,158.93247671838137,1.9404472863590838,0,0.09803334284721929,1
real_20260706_155439_table_ur10_cluster000_table2_refined_from_identity_hard,real_previous_registration,899,1154,0.18029637089731793,0.10017790977335178,0.8962092117770578,98.24357141863173,0.06740422965132745,0,0.08346889187433956,1
real_20260706_155439_table_ur10_cluster000_table2_refined_from_identity_hard,real_previous_registration,901,1197,0.018026524079276653,0.013234225795812226,0.24570414680769992,74.31508010304906,1.1043656337241354,1,0.15410384337038652,0
real_20260706_155439_table_ur10_cluster000_table2_refined_from_identity_hard,real_previous_registration,902,844,0.14200479094391408,0.12977241952396776,0.9019677834997301,236.27110532418902,2.4799262010189,0,0.11117851345436226,0
real_20260706_155439_table_ur10_cluster000_table2_refined_from_identity_hard,real_previous_registration,903,826,0.030096216262269875,0.02053524935742912,0.011618147722740096,159.1001818173653,-0.827494357536447,1,0.14188048492008992,0
real_20260706_155439_table_ur10_cluster000_table2_refined_from_identity_hard,real_previous_registration,904,1087,0.08634537685201772,0.07844311237230779,0.9819822436868337,65.18170856592607,0.006414384302228474,0,0.16060622731066623,0
real_20260706_155439_table_ur10_cluster000_table2_refined_from_identity_hard,real_previous_registration,906,498,0.1486228013449667,0.12436418277099985,0.9132198498620505,114.05591209270517,-0.014598777682054713,0,0.21144003155410682,0
real_20260706_155439_table_ur10_cluster000_table2_refined_from_identity_hard,real_previous_registration,907,534,0.034861985876254054,0.00811341481087228,0.9911092509401295,203.60288700425494,-0.7144118466533382,0,0.10131903225062171,0
real_20260706_155439_table_ur10_cluster000_table2_refined_from_identity_hard,real_previous_registration,908,223,0.1371184201592668,0.002709015269956788,0.179859292499016,94.95065187598045,1.0696225184666237,0,0.13105235276770472,0
real_20260706_155439_table_ur10_cluster000_table2_refined_from_identity_hard,real_previous_registration,909,384,0.13347521716265448,0.10010531199615658,0.9706289498067291,182.75042261517962,0.5996204836609339,0,0.03339841489238965,1
real_20260706_155439_table_ur10_cluster000_table2_refined_from_identity_hard,real_previous_registration,910,893,0.15136915293148004,0.14287893135094265,0.05434661989351004,244.20181206098536,0.4426164383568509,0,0.12006726579808268,0
real_20260706_155439_table_ur10_cluster000_table2_refined_from_identity_hard,real_previous_registration,911,1033,0.09166896378438519,0.05111437931578821,0.9996556959550346,126.55703429926166,-0.24904906552520958,0,0.18893046078101802,0
real_20260706_155439_table_ur10_cluster000_table2_refined_from_identity_hard,real_previous_registration,912,149,0.28086415575161416,0.2399481323342595,0.9219066218965818,66.66814959760278,0.0400052869947083,0,0.12517895703438897,0
real_20260706_155439_table_ur10_cluster000_table2_refined_from_identity_hard,real_previous_registration,913,959,0.04178664825874793,0.016233818143022855,0.9081126494307471,204.90347892887968,0.0871837714668045,0,0.14922547228775,0
real_20260706_155439_table_ur10_cluster000_table2_refined_from_identity_hard,real_previous_registration,914,1130,0.010897480926439317,0.003210966993083004,0.3455694967428818,62.66159822502989,0.13699747968608306,1,0.20203232842893473,0
real_20260706_155439_table_ur10_cluster000_table2_refined_from_identity_hard,real_previous_registration,915,69,0.14893708034110412,0.14232071856562148,0.9283741335805064,264.781788022655,1.0509311445711234,0,0.050038739383667,1
real_20260706_155439_table_ur10_cluster000_table2_refined_from_identity_hard,real_previous_registration,916,1164,0.136626839024854,0.12844595672599154,0.9287155586301878,221.90992464160394,2.0042597193226697,0,0.10190211505395672,0
real_20260706_155439_table_ur10_cluster000_table2_refined_from_identity_hard,real_previous_registration,918,408,0.03998922949365718,0.007273931060647749,0.6679990713983306,67.75723704179923,-0.1893300294606402,0,0.13279624665333173,0
real_20260706_155439_table_ur10_cluster000_table2_refined_from_identity_hard,real_previous_registration,919,119,0.061833390811067666,0.058299350707201526,0.7136052783239826,78.16226555745494,-0.783094765610551,0,0.20983867373472534,0
real_20260706_155439_table_ur10_cluster000_table2_refined_from_identity_hard,real_previous_registration,920,400,0.04913919832143766,0.03863075400980685,0.8028396660907033,136.02405773776698,0.34075897188721244,0,0.15277562039327555,0
real_20260706_155439_table_ur10_cluster000_table2_refined_from_identity_hard,real_previous_registration,921,719,0.10155531850045231,0.03485462756275689,0.4700401743197179,146.2799452704549,2.6974012332641144,0,0.12850995312844027,0
real_20260706_155439_table_ur10_cluster000_table2_refined_from_identity_hard,real_previous_registration,922,301,0.05556846439693276,0.03372999655411405,0.9963283336114512,261.72232167137787,0.1400885592529444,0,0.13867584616936235,0
real_20260706_155439_table_ur10_cluster000_table2_refined_from_identity_hard,real_previous_registration,924,456,0.084201356943257,0.024266155747275614,0.7536948881233323,81.59482533016588,1.3050356423199587,0,0.03791633627864942,1
real_20260706_155439_table_ur10_cluster000_table2_refined_from_identity_hard,real_previous_registration,925,644,0.09008492209241672,0.034717295768999734,0.41953368285306525,88.92060567774256,3.5263275251936483,0,0.07905041376397666,1
real_20260706_155439_table_ur10_cluster000_table2_refined_from_identity_hard,real_previous_registration,926,1159,0.02780611942360236,0.026055593221289107,0.7099663207826012,121.57368313619983,0.15641550412214109,1,0.14160316117312768,0
real_20260706_155439_table_ur10_cluster000_table2_refined_from_identity_hard,real_previous_registration,927,1225,0.1434084853414279,0.13198371587895805,0.8847969332078511,136.0933511370041,-0.41894790556157624,0,0.23427477713813497,0
real_20260706_155439_table_ur10_cluster000_table2_refined_from_identity_hard,real_previous_registration,928,1071,0.19581154904283388,0.07776762246300215,0.9241836156890261,217.2822864020597,2.0042597193226697,0,0.16000198269192326,0
real_20260706_155439_table_ur10_cluster000_table2_refined_from_identity_hard,real_previous_registration,929,913,0.011833097142890596,0.011084086382334109,0.4291955264933997,116.46597887895851,-0.2803015984879744,1,0.13043439025967452,0
real_20260706_155439_table_ur10_cluster000_table2_refined_from_identity_hard,real_previous_registration,930,878,0.11584889742909012,0.08756190694828078,0.952925426338549,163.9972084939466,0.7406989121975097,0,0.024837431184599475,1
real_20260706_155439_table_ur10_cluster000_table2_refined_from_identity_hard,real_previous_registration,931,862,0.14424741148814027,0.13856321776510372,0.33169012719832497,128.35154360651023,-0.24521033040076604,0,0.12786445001491648,0
real_20260706_155439_table_ur10_cluster000_table2_refined_from_identity_hard,real_previous_registration,932,1004,0.052213627984657354,0.008496267154864647,0.8448752183300098,271.2373740532543,0.9236685614000107,0,0.17845571194108048,0
real_20260706_155439_table_ur10_cluster000_table2_refined_from_identity_hard,real_previous_registration,934,351,0.13863134780928454,0.1176050158527559,0.8412556680509242,206.46735103654132,1.2550252742780754,0,0.09721019548041576,1
real_20260706_155439_table_ur10_cluster000_table2_refined_from_identity_hard,real_previous_registration,935,878,0.13080667316308053,0.08983119096207748,0.9460617820446194,169.78160829991083,0.7751850632909986,0,0.04954007292001304,1
real_20260706_155439_table_ur10_cluster000_table2_refined_from_identity_hard,real_previous_registration,936,376,0.06369317720420208,0.045617913447147926,0.9954257253198917,99.44699753629205,-0.5790331900326702,0,0.22859884441153544,0
real_20260706_155439_table_ur10_cluster000_table2_refined_from_identity_hard,real_previous_registration,937,499,0.07240888567253909,0.05784800957680802,0.0945674535489813,164.83426856479923,0.02049249040515371,0,0.11133099158349014,0
real_20260706_155439_table_ur10_cluster000_table2_refined_from_identity_hard,real_previous_registration,938,1120,0.13648023534284134,0.1189872420966795,0.9625968127641965,161.3419023616322,0.8686099655541614,0,0.10915124162838286,0
real_20260706_155439_table_ur10_cluster000_table2_refined_from_identity_hard,real_previous_registration,939,614,0.06642182213759494,0.04154688437563889,0.16282473347424598,109.02827147398196,0.8183090568493535,0,0.13532263341027662,0
real_20260706_155439_table_ur10_cluster000_table2_refined_from_identity_hard,real_previous_registration,940,893,0.10363275401210466,0.10007963381880856,0.06905072559131499,233.79038289881916,0.6249377151512366,0,0.11704897081701021,0
real_20260706_155439_table_ur10_cluster000_table2_refined_from_identity_hard,real_previous_registration,941,219,0.022931219635731463,0.0006837513150948814,0.44976919509275715,63.642270424492224,0.10106548243197368,1,0.1896780926045135,0
real_20260706_155439_table_ur10_cluster000_table2_refined_from_identity_hard,real_previous_registration,942,498,0.17852750631453457,0.08456816211810474,0.831383460553713,97.29735015558845,0.2907824771327993,0,0.15044391831791284,0
real_20260706_155439_table_ur10_cluster000_table2_refined_from_identity_hard,real_previous_registration,943,372,0.04916781624136172,0.028347556326528713,0.8850343909956409,57.854662815150164,0.3066336771992926,0,0.14526418869293897,0
real_20260706_155439_table_ur10_cluster000_table2_refined_from_identity_hard,real_previous_registration,945,1025,0.16898250585777194,0.09187888510859804,0.9890493636553013,62.08741185903224,-0.05715835828444704,0,0.26732498170101654,0
real_20260706_155439_table_ur10_cluster000_table2_refined_from_identity_hard,real_previous_registration,946,359,0.1538689218410753,0.12731191124169622,0.7499617313114019,46.91817607008668,0.10377182884871297,0,0.1253449456503876,0
real_20260706_155439_table_ur10_cluster000_table2_refined_from_identity_hard,real_previous_registration,947,1088,0.03891610060501272,0.020195395033932383,0.4139978098485252,137.49393715843195,0.7872184131379879,1,0.14743840535943978,0
real_20260706_155439_table_ur10_cluster000_table2_refined_from_identity_hard,real_previous_registration,948,491,0.06848825105868543,0.06318249167776104,0.5972548780216506,75.09417160191995,0.9673441462676168,0,0.15696331703680474,0
real_20260706_155439_table_ur10_cluster000_table2_refined_from_identity_hard,real_previous_registration,950,422,0.16024825157710634,0.06516434902865746,0.7277065560872272,84.87078425713433,0.407729708146021,0,0.07068193001765793,1
real_20260706_155439_table_ur10_cluster000_table2_refined_from_identity_hard,real_previous_registration,951,456,0.12001723585484296,0.05145643353276006,0.3143902080937956,90.32832651819788,1.3526636436632031,0,0.032485326587379286,1
real_20260706_155439_table_ur10_cluster000_table2_refined_from_identity_hard,real_previous_registration,952,687,0.025221489781605686,0.00016793158519814002,0.07655134481490003,96.54308274761249,-0.29832022444492023,0,0.22098523660697536,0
real_20260706_155439_table_ur10_cluster000_table2_refined_from_identity_hard,real_previous_registration,953,510,0.07827751413732507,0.029166389684618405,0.21076752854014053,124.3867441608714,1.671418209678575,0,0.07709438526353649,1
real_20260706_155439_table_ur10_cluster000_table2_refined_from_identity_hard,real_previous_registration,954,579,0.10872101779344565,0.05234025900633951,0.4629389920841756,80.81684071329084,0.43738580060712645,0,0.17606421395970126,0
real_20260706_155439_table_ur10_cluster000_table2_refined_from_identity_hard,real_previous_registration,955,284,0.009507608082976054,0.008370299265890922,0.9973887134719132,153.00435191218884,-0.6167734581865523,1,0.1468331044776944,0
real_20260706_155439_table_ur10_cluster000_table2_refined_from_identity_hard,real_previous_registration,957,354,0.14211390091721784,0.12141081281852296,0.8970778492584786,138.73242690797676,1.292766247557223,0,0.07420728157556096,1
real_20260706_155439_table_ur10_cluster000_table2_refined_from_identity_hard,real_previous_registration,958,1087,0.0744477787601531,0.04049006284806703,0.301568450107838,76.24505679031847,0.048973960677580024,0,0.24036498420780264,0
real_20260706_155439_table_ur10_cluster000_table2_refined_from_identity_hard,real_previous_registration,959,1033,0.08530054162504484,0.04982458828786639,0.9353652506578242,61.821980864813234,0.27704336953325776,0,0.2512744525807285,0
real_20260706_155439_table_ur10_cluster000_table2_refined_from_identity_hard,real_previous_registration,960,274,0.08976589987282602,0.07940823465448825,0.9630367700435022,205.19502375019113,-0.21130879737132754,1,0.2201493212618432,0
real_20260706_155439_table_ur10_cluster000_table2_refined_from_identity_hard,real_previous_registration,961,424,0.051834129830303846,0.028068477526308953,0.9354453364949484,80.72003780482677,-0.11286888076792158,0,0.14202346547201514,0
real_20260706_155439_table_ur10_cluster000_table2_refined_from_identity_hard,real_previous_registration,962,285,0.1365636889897668,0.12430182537389171,0.5480107060720987,62.91580689870933,0.12004790492475569,0,0.1940625433720252,0
real_20260706_155439_table_ur10_cluster000_table2_refined_from_identity_hard,real_previous_registration,964,334,0.17115799998304074,0.1559597922220334,0.9066961249219709,63.88079787085313,-0.2600987768851525,0,0.1247297290959854,0
real_20260706_155439_table_ur10_cluster000_table2_refined_from_identity_hard,real_previous_registration,966,1135,0.12566016629068932,0.06852975307603829,0.9349808824031436,115.18695322169006,1.6795378206666263,0,0.06244041597837157,1
real_20260706_155439_table_ur10_cluster000_table2_refined_from_identity_hard,real_previous_registration,968,1062,0.07141147059470739,0.06944523994889497,0.9656193910405686,67.11882302721033,0.279313546591063,0,0.20368512192502658,0
real_20260706_155439_table_ur10_cluster000_table2_refined_from_identity_hard,real_previous_registration,970,336,0.04028430587445904,0.028186614581285636,0.9758006873771109,195.0996522882353,0.4500886184182079,0,0.128738594380575,0
real_20260706_155439_table_ur10_cluster000_table2_refined_from_identity_hard,real_previous_registration,971,328,0.06697359068912022,0.038515537614688046,0.3753198126958297,213.90317289252675,-0.3405204071748993,0,0.22918453736086047,0
real_20260706_155439_table_ur10_cluster000_table2_refined_from_identity_hard,real_previous_registration,973,559,0.15589408180742453,0.07075985089636719,0.9658069975692231,210.59763142706439,2.7154197251304395,0,0.15745298603627333,0
real_20260706_155439_table_ur10_cluster000_table2_refined_from_identity_hard,real_previous_registration,974,831,0.019290261416307897,0.0015498263675168453,0.06568675530388376,71.79938076480535,0.2925957898407213,1,0.2194126131406095,0
real_20260706_155439_table_ur10_cluster000_table2_refined_from_identity_hard,real_previous_registration,975,37,0.02213140186911986,0.011363141146952797,0.6617322987466796,86.88600703469477,0.13496699502724027,1,0.18629372652795878,0
real_20260706_155439_table_ur10_cluster000_table2_refined_from_identity_hard,real_previous_registration,976,318,0.05115755655360199,0.024587528381375963,0.22558041525592248,79.69694695294719,0.3242087504132113,0,0.21515816790488926,0
real_20260706_155439_table_ur10_cluster000_table2_refined_from_identity_hard,real_previous_registration,977,409,0.0740150578687386,0.031222058480355912,0.79721824718816,211.05973503544186,1.1749823299608535,0,0.23687964501346473,0
real_20260706_155439_table_ur10_cluster000_table2_refined_from_identity_hard,real_previous_registration,978,1197,0.17367399788827376,0.1684045800800863,0.9375240495425067,43.93432405388812,0.8565297579289737,0,0.18562467423503912,0
real_20260706_155439_table_ur10_cluster000_table2_refined_from_identity_hard,real_previous_registration,979,238,0.12539145543403055,0.07111356828481329,0.6709108603622537,221.83228634447462,0.1764561478683484,1,0.22208368773298248,0
real_20260706_155439_table_ur10_cluster000_table2_refined_from_identity_hard,real_previous_registration,980,59,0.05554256565522976,0.005939589349598918,0.8509295394411459,149.39527040970322,0.10234829109906213,0,0.10055020963142883,0
real_20260706_155439_table_ur10_cluster000_table2_refined_from_identity_hard,real_previous_registration,982,375,0.1963201038259406,0.19318054719074979,0.900058387228176,103.4685413701767,0.5053679420003329,0,0.1526410940549802,0
real_20260706_155439_table_ur10_cluster000_table2_refined_from_identity_hard,real_previous_registration,983,86,0.18332264832375497,0.18282468570184002,0.8899890778459595,146.15095430361723,1.4512362773141967,0,0.13162258994264908,0
real_20260706_155439_table_ur10_cluster000_table2_refined_from_identity_hard,real_previous_registration,984,8,0.15021133397379643,0.1264788380249269,0.9813908026959534,242.36424053725128,0.7632496387848849,0,0.11524637426906671,0
real_20260706_155439_table_ur10_cluster000_table2_refined_from_identity_hard,real_previous_registration,985,916,0.07992960385103386,0.06860886216513527,0.9910725037320061,87.86403970674634,0.006414384302228474,0,0.2258240307003244,0
real_20260706_155439_table_ur10_cluster000_table2_refined_from_identity_hard,real_previous_registration,986,1154,0.18785934763271883,0.1503156725176182,0.9512629942336882,131.63375447605446,-0.14231603646621238,0,0.24187813820884435,0
real_20260706_155439_table_ur10_cluster000_table2_refined_from_identity_hard,real_previous_registration,988,587,0.11799615608611769,0.07302295053828635,0.9822953150268592,105.33353826853767,0.10377182884871297,0,0.20372723537512583,0
real_20260706_155439_table_ur10_cluster000_table2_refined_from_identity_hard,real_previous_registration,990,652,0.17234785308130793,0.0991565876812013,0.7827661264473175,158.7733447397497,0.7695192902979294,0,0.06723262641106656,1
real_20260706_155439_table_ur10_cluster000_table2_refined_from_identity_hard,real_previous_registration,992,806,0.02961519458068279,0.007256363265204446,0.9991411877805365,219.17645382652898,-0.13126618727602307,0,0.16057188833732058,0
real_20260706_155439_table_ur10_cluster000_table2_refined_from_identity_hard,real_previous_registration,993,1071,0.1446388594794231,0.13211882713003376,0.9373554347198566,220.92375393553138,1.9859105947958764,0,0.04772569577942413,1
real_20260706_155439_table_ur10_cluster000_table2_refined_from_identity_hard,real_previous_registration,994,4,0.22489858042598426,0.2117214765651885,0.9356318298509596,148.45178124724515,0.9673445853686786,0,0.13007321273253455,0
real_20260706_155439_table_ur10_cluster000_table2_refined_from_identity_hard,real_previous_registration,995,1135,0.1363782161757367,0.03798983256973956,0.9082245444946802,113.49846577722509,1.6410715709153867,0,0.132305131856049,0
real_20260706_155439_table_ur10_cluster000_table2_refined_from_identity_hard,real_previous_registration,996,422,0.10064527462880139,0.0949820151648724,0.8875427420240414,113.06364867238054,0.19415580015548037,0,0.12350263002563863,0
real_20260706_155439_table_ur10_cluster000_table2_refined_from_identity_hard,real_previous_registration,997,506,0.11545084893316523,0.08971060194879038,0.9989514395120339,65.26635074553093,0.2925957898407213,0,0.1183347500886454,0
real_20260706_155439_table_ur10_cluster000_table2_refined_from_identity_hard,real_previous_registration,998,4,0.15521723172394453,0.12252952602290401,0.8956953787667223,270.929141072638,1.0234340079638127,0,0.10597015787226581,0
real_20260706_155439_table_ur10_cluster000_table2_refined_from_identity_hard,real_previous_registration,999,545,0.0868288685289353,0.0580663435408314,0.9758399801217823,125.83656979188255,-0.09689863765747134,0,0.12163589618263651,0
real_20260706_155439_table_ur10_cluster000_table2_refined_from_identity_hard,real_previous_registration,1000,289,0.015134766757074175,0.003047242518494205,0.06823711731081814,233.46744666688622,0.035550936764382285,1,0.16391256909286087,0
real_20260706_155439_table_ur10_cluster000_table2_refined_from_identity_hard,real_previous_registration,1001,131,0.043592241063757836,0.010684308032862333,0.9494316234698649,111.93651970094909,0.9782734576812114,0,0.07624885803575432,1
real_20260706_155439_table_ur10_cluster000_table2_refined_from_identity_hard,real_previous_registration,1002,488,0.1422682412028002,0.09967365761709471,0.9603359948163015,163.443365010553,1.0079295219533213,0,0.15323755110525997,0
real_20260706_155439_table_ur10_cluster000_table2_refined_from_identity_hard,real_previous_registration,1004,579,0.11516534688093523,0.1066108549512486,0.9591157727661574,77.63171061265346,0.3908658304267346,0,0.17550052716223324,0
real_20260706_155439_table_ur10_cluster000_table2_refined_from_identity_hard,real_previous_registration,1007,409,0.07918143342898534,0.07242701575697118,0.797156883843814,212.41277636645194,1.1104438963231638,0,0.21818540440679118,0
real_20260706_155439_table_ur10_cluster000_table2_refined_from_identity_hard,real_previous_registration,1008,644,0.09908148549972029,0.00939476577214704,0.7891267461221779,96.55307868536998,3.3721770120328762,0,0.1668034342940739,0
real_20260706_155439_table_ur10_cluster000_table2_refined_from_identity_hard,real_previous_registration,1010,797,0.08371157381031039,0.00030375299675462764,0.8222634831828992,257.6029396373779,0.8873009727846066,0,0.148916622518086,0
real_20260706_155439_table_ur10_cluster000_table2_refined_from_identity_hard,real_previous_registration,1011,556,0.08689184495885023,0.06771009985259016,0.46389417078285666,109.93366154984676,0.6595183519867946,0,0.20938450606792397,0
real_20260706_155439_table_ur10_cluster000_table2_refined_from_identity_hard,real_previous_registration,1012,406,0.0855223466362431,0.06797204393256319,0.9946154710786042,146.17061947176344,1.3291331695088,0,0.21002357848294792,0
real_20260706_155439_table_ur10_cluster000_table2_refined_from_identity_hard,real_previous_registration,1015,313,0.0951051285888332,0.06829385448007932,0.6847305503314117,96.82203998775991,0.23821580945416027,0,0.029450608370794072,1
real_20260706_155439_table_ur10_cluster000_table2_refined_from_identity_hard,real_previous_registration,1016,1211,0.15652025801563424,0.15604297951400214,0.9959805554253058,224.84202112726072,-0.2803015984879744,0,0.17219551061671326,0
real_20260706_155439_table_ur10_cluster000_table2_refined_from_identity_hard,real_previous_registration,1017,1098,0.12615187203296957,0.05982604278761344,0.7274294593850621,149.7202165367722,2.2045986346566804,0,0.09093391653474606,1
real_20260706_155439_table_ur10_cluster000_table2_refined_from_identity_hard,real_previous_registration,1018,1181,0.09322268676331304,0.03284546616489513,0.1278979047824573,215.9436346394149,1.1008756744224637,1,0.06408020282632566,1
real_20260706_155439_table_ur10_cluster000_table2_refined_from_identity_hard,real_previous_registration,1019,486,0.040240417210818065,0.027484606425339786,0.9067658701390472,57.773046852181295,0.18173328518338275,0,0.14605468636134217,0
real_20260706_155439_table_ur10_cluster000_table2_refined_from_identity_hard,real_previous_registration,1020,439,0.03799666604734952,0.023073807519967057,0.2888667681929134,48.62027919033389,-0.09068102312808488,0,0.21385758306856142,0
real_20260706_155439_table_ur10_cluster000_table2_refined_from_identity_hard,real_previous_registration,1022,774,0.10504573370302964,0.0748034426891072,0.4037308592428513,181.37701688731602,1.4262960052685147,0,0.16790314304433315,0
real_20260706_155439_table_ur10_cluster000_table2_refined_from_identity_hard,real_previous_registration,1023,961,0.025006146069180724,0.006564250655021853,0.9871944407343538,141.92487854666942,-0.2113088178054994,1,0.10298672931456576,0
real_20260706_155439_table_ur10_cluster000_table2_refined_from_identity_hard,real_previous_registration,1025,404,0.16443364137485553,0.09445947270483313,0.11768750775386726,110.4176828018606,0.7872184131379879,0,0.05164822538834499,1
real_20260706_155439_table_ur10_cluster000_table2_refined_from_identity_hard,real_previous_registration,1026,925,0.017506829053374647,0.01109185671808406,0.40803034415669037,84.48661210400978,0.5001867299385406,1,0.09636147108975193,1
real_20260706_155439_table_ur10_cluster000_table2_refined_from_identity_hard,real_previous_registration,1027,358,0.050610719419599874,0.01716974879269639,0.3277919809020691,192.0451356465498,-0.7221339974339464,0,0.2294877908244312,0
real_20260706_155439_table_ur10_cluster000_table2_refined_from_identity_hard,real_previous_registration,1029,1019,0.12227929134088256,0.08601057258815563,0.8082242370549875,144.09023306036744,1.0879723874350282,0,0.06982034475134777,1
real_20260706_155439_table_ur10_cluster000_table2_refined_from_identity_hard,real_previous_registration,1030,333,0.061029123882892125,0.04899160430186948,0.986571199116211,91.67219225217886,-0.6632934901383634,0,0.16075553281749544,0
real_20260706_155439_table_ur10_cluster000_table2_refined_from_identity_hard,real_previous_registration,1032,713,0.03266966116110575,0.008175340619346222,0.09823873658423783,104.81251264906375,-0.33806047369534176,1,0.18312161515319356,0
real_20260706_155439_table_ur10_cluster000_table2_refined_from_identity_hard,real_previous_registration,1033,340,0.16383200804685022,0.15552211683312184,0.8901948989704773,137.08827102998737,1.0509311445711234,0,0.10449250286934186,0
real_20260706_155439_table_ur10_cluster000_table2_refined_from_identity_hard,real_previous_registration,1034,85,0.026868625520015864,0.004136048668371603,0.697205628411048,124.12133014719002,-0.7598741855880039,1,0.1673107210985669,0
real_20260706_155439_table_ur10_cluster000_table2_refined_from_identity_hard,real_previous_registration,1035,121,0.16218294593460147,0.14842258463040445,0.9644054363249394,43.274790299014995,0.1296173641368485,0,0.1585600435614039,0
real_20260706_155439_table_ur10_cluster000_table2_refined_from_identity_hard,real_previous_registration,1036,928,0.07209877915959553,0.010492403921824541,0.9140786509039863,125.27140183407859,0.550830272666279,0,0.12377161291011185,0
real_20260706_155439_table_ur10_cluster000_table2_refined_from_identity_hard,real_previous_registration,1037,11,0.11360344508609575,0.11285508245481307,0.7062307286720898,80.67545465480012,0.22400877081721166,0,0.09451718583674101,1
real_20260706_155439_table_ur10_cluster000_table2_refined_from_identity_hard,real_previous_registration,1038,223,0.094146448734268,0.09398576676364212,0.46227211977855404,144.56517755879767,1.0124641732540436,0,0.25060131344198205,0
real_20260706_155439_table_ur10_cluster000_table2_refined_from_identity_hard,real_previous_registration,1040,375,0.13863327478255655,0.11746673170034433,0.7307178051599307,163.1350140974725,0.002265002967854466,0,0.18593940246744672,0
real_20260706_155439_table_ur10_cluster000_table2_refined_from_identity_hard,real_previous_registration,1042,719,0.13408362375965818,0.02138221100893603,0.05103980612033471,140.04150007115794,2.518709593927728,0,0.17995745337317975,0
real_20260706_155439_table_ur10_cluster000_table2_refined_from_identity_hard,real_previous_registration,1043,1135,0.08507617169332173,0.06952037297618754,0.8848303698846227,142.22185098046825,1.6410715709153867,0,0.15427122014696099,0
real_20260706_155439_table_ur10_cluster000_table2_refined_from_identity_hard,real_previous_registration,1045,498,0.1669963416060596,0.15163326646663694,0.9211208548777421,164.28615192167138,0.05439399380504185,0,0.23775022250225994,0
real_20260706_155439_table_ur10_cluster000_table2_refined_from_identity_hard,real_previous_registration,1046,710,0.028488053983878634,0.015560975341085508,0.9892875474863105,159.32469780516064,-0.32909176126845013,0,0.11672031824229563,0
real_20260706_155439_table_ur10_cluster000_table2_refined_from_identity_hard,real_previous_registration,1047,414,0.16444827937069717,0.15634879625054912,0.9425550053158578,211.15263428797027,1.2127237578318109,0,0.06754003389523264,1
real_20260706_155439_table_ur10_cluster000_table2_refined_from_identity_hard,real_previous_registration,1048,579,0.14713675780349614,0.10915098254094993,0.8605037504865817,70.20188602948758,0.1189324274427315,0,0.2945351066240692,0
real_20260706_155439_table_ur10_cluster000_table2_refined_from_identity_hard,real_previous_registration,1049,340,0.14755490699029322,0.12093836915809017,0.8685808777334929,149.78268518115945,1.0696232629082352,0,0.046613257614396546,1
real_20260706_155439_table_ur10_cluster000_table2_refined_from_identity_hard,real_previous_registration,1050,66,0.07530755144349457,0.06032317512173731,0.9800610811846183,127.89526976121483,0.7166766547158483,0,0.16708008691391307,0
real_20260706_155439_table_ur10_cluster000_table2_refined_from_identity_hard,real_previous_registration,1052,1004,0.09866225887270841,0.04930461941427243,0.8531309168413791,267.1118697924913,0.8103400560927213,0,0.19462599144908493,0
real_20260706_155439_table_ur10_cluster000_table2_refined_from_identity_hard,real_previous_registration,1053,85,0.035951680841225665,0.03100221900907211,0.6964505006163879,126.54386384665257,-0.8399167586463824,0,0.1219860475431004,0
real_20260706_155439_table_ur10_cluster000_table2_refined_from_identity_hard,real_previous_registration,1054,517,0.03714964479809342,0.02676230092240231,0.6339722925941367,103.29764913377161,-0.23378175052953656,0,0.1438231850424296,0
real_20260706_155439_table_ur10_cluster000_table2_refined_from_identity_hard,real_previous_registration,1055,149,0.16717049279421728,0.13688941975028446,0.8465612876343398,97.44228818979056,0.0400052869947083,0,0.18505907986323875,0
real_20260706_155439_table_ur10_cluster000_table2_refined_from_identity_hard,real_previous_registration,1056,69,0.1622765018302055,0.15592565390486537,0.924812471288028,262.9631208775243,1.0696232629082352,0,0.03921590051238438,1
real_20260706_155439_table_ur10_cluster000_table2_refined_from_identity_hard,real_previous_registration,1057,890,0.12510063532087634,0.12093563204195061,0.9511133323315075,200.31689299138282,1.5427070774993406,0,0.10494428948740829,0
real_20260706_155439_table_ur10_cluster000_table2_refined_from_identity_hard,real_previous_registration,1058,928,0.05859619280923244,0.05278326729983835,0.8595668302812597,97.46685621125357,0.43304735367644664,0,0.18410729518806965,0
real_20260706_155439_table_ur10_cluster000_table2_refined_from_identity_hard,real_previous_registration,1059,829,0.06594690591234662,0.059053418122126465,0.6387736904179531,53.111061405128595,-0.21130887745121257,0,0.22379663504381675,0
real_20260706_155439_table_ur10_cluster000_table2_refined_from_identity_hard,real_previous_registration,1060,8,0.14871511781631294,0.12977160043232527,0.9915995098572116,179.0802703975144,0.7819417571219967,0,0.04069816494074787,1
real_20260706_155439_table_ur10_cluster000_table2_refined_from_identity_hard,real_previous_registration,1061,1197,0.18307398492691204,0.17171298694758064,0.9678521326729456,47.920799694966774,1.1749831310933687,0,0.20008009774152669,0
real_20260706_155439_table_ur10_cluster000_table2_refined_from_identity_hard,real_previous_registration,1063,604,0.130444835903304,0.04980647348288617,0.9479517081208293,70.55893995927995,0.9985275669549608,0,0.083724482289866,1
real_20260706_155439_table_ur10_cluster000_table2_refined_from_identity_hard,real_previous_registration,1064,1078,0.0485630003731603,0.03985424565404165,0.8202695176561912,72.7615204529085,0.0012523471966460415,0,0.17259562815629606,0
real_20260706_155439_table_ur10_cluster000_table2_refined_from_identity_hard,real_previous_registration,1066,653,0.02981817728025668,0.004236499685748139,0.20770956203241195,98.94748427184996,-0.3195223501026513,0,0.1364831221953424,0
real_20260706_155439_table_ur10_cluster000_table2_refined_from_identity_hard,real_previous_registration,1067,883,0.04902302444794284,0.033735026048235646,0.06554909164257162,56.71506322866819,0.060624559316499294,0,0.18456018173948954,0
real_20260706_155439_table_ur10_cluster000_table2_refined_from_identity_hard,real_previous_registration,1068,1135,0.086526187942116,0.051803988272020485,0.8581897707247703,132.22701734958673,1.6010662699151048,0,0.19502028291787182,0
real_20260706_155439_table_ur10_cluster000_table2_refined_from_identity_hard,real_previous_registration,1069,1019,0.12601376137985434,0.07195671166938081,0.799725819002022,140.28050734552156,1.1236904432428692,0,0.09436245737300587,1
real_20260706_155439_table_ur10_cluster000_table2_refined_from_identity_hard,real_previous_registration,1070,60,0.1367633261571962,0.10174918583760845,0.2832351894565971,81.31398302628118,1.292766247557223,0,0.08314124876712017,1
real_20260706_155439_table_ur10_cluster000_table2_refined_from_identity_hard,real_previous_registration,1071,705,0.21518043899922634,0.11668403754540799,0.49579600148135616,117.87624109105815,0.35923537015201484,0,0.10210152174902204,0
real_20260706_155439_table_ur10_cluster000_table2_refined_from_identity_hard,real_previous_registration,1072,9,0.15891467957523248,0.0257505810427046,0.42219141326849674,196.836895787503,1.0509311445711234,0,0.16869427071380477,0
real_20260706_155439_table_ur10_cluster000_table2_refined_from_identity_hard,real_previous_registration,1073,17,0.05268255067424549,0.04664799507990437,0.26411650491621275,133.40001413074495,0.7296731501892968,0,0.10475937340267139,0
real_20260706_155439_table_ur10_cluster000_table2_refined_from_identity_hard,real_previous_registration,1075,82,0.1084501652124579,0.0961794473927985,0.6639152660838071,220.88894204847693,1.02545111054887,0,0.08929219694925553,1
real_20260706_155439_table_ur10_cluster000_table2_refined_from_identity_hard,real_previous_registration,1076,404,0.04288402162619272,0.04100678452242846,0.18234719931952018,108.74329415969606,0.8873017664319233,0,0.10832869129915249,0
real_20260706_155439_table_ur10_cluster000_table2_refined_from_identity_hard,real_previous_registration,1077,359,0.18359637923624678,0.1137379381786891,0.8301275957453056,56.00908294259474,-0.5627060292396893,0,0.2140134573418925,0
real_20260706_155439_table_ur10_cluster000_table2_refined_from_identity_hard,real_previous_registration,1078,510,0.1257485319388866,0.09593165609257566,0.2779244482210671,160.43360352087862,1.7547997455742117,0,0.08562185882394531,1
real_20260706_155439_table_ur10_cluster000_table2_refined_from_identity_hard,real_previous_registration,1079,913,0.13776981031058363,0.1218438196827902,0.3522289279936823,126.12632227169765,-0.24521033040076604,0,0.12840652865173569,0
real_20260706_155439_table_ur10_cluster000_table2_refined_from_identity_hard,real_previous_registration,1080,257,0.02605833353738632,0.0008821481371527572,0.8529698054388741,259.1057819326406,0.519577355048736,1,0.13121293333673717,0
real_20260706_155439_table_ur10_cluster000_table2_refined_from_identity_hard,real_previous_registration,1081,737,0.12253180680951414,0.11750981394465168,0.9786880461105373,266.12185357555023,-0.6033504203631382,0,0.24953197265275323,0
real_20260706_155439_table_ur10_cluster000_table2_refined_from_identity_hard,real_previous_registration,1082,1071,0.1665399135356414,0.0911311000376681,0.9375973326690206,222.01901140310295,2.0222782111889948,0,0.11574879951493362,0
real_20260706_155439_table_ur10_cluster000_table2_refined_from_identity_hard,real_previous_registration,1083,489,0.030709785485428107,0.02566277410025101,0.985193527802842,114.36412124649894,-0.29832014237437227,1,0.12714351507026958,0
real_20260706_155439_table_ur10_cluster000_table2_refined_from_identity_hard,real_previous_registration,1084,631,0.2008743544309135,0.2006903457309233,0.9748911212058542,173.85187552356797,0.19415568110819817,0,0.18525479328520594,0
real_20260706_155439_table_ur10_cluster000_table2_refined_from_identity_hard,real_previous_registration,1086,506,0.07601555228795276,0.06983387345412649,0.6845671554409859,73.3032394757996,0.37263843020662213,0,0.20861951479404328,0
real_20260706_155439_table_ur10_cluster000_table2_refined_from_identity_hard,real_previous_registration,1087,350,0.03864071637413766,0.018464770163593422,0.6426093046672164,151.5101319240124,-0.31396294186074813,1,0.16036529294075802,0
real_20260706_155439_table_ur10_cluster000_table2_refined_from_identity_hard,real_previous_registration,1088,593,0.06959517446822187,0.056030030475461005,0.9072526215800785,141.28502256576738,0.8495617858229322,0,0.04126185547305545,1
real_20260706_155439_table_ur10_cluster000_table2_refined_from_identity_hard,real_previous_registration,1090,440,0.02542706195773638,0.003379457504195594,0.9998497780642636,221.4801304437798,-0.06288900027319559,1,0.13650725538504857,0
real_20260706_155439_table_ur10_cluster000_table2_refined_from_identity_hard,real_previous_registration,1091,1105,0.03059899446939671,0.01548625531945072,0.7326317017557228,109.48516283186743,0.1296173641368485,1,0.19382222277633915,0
real_20260706_155439_table_ur10_cluster000_table2_refined_from_identity_hard,real_previous_registration,1093,404,0.08271173701806486,0.0826517112876308,0.07824161301040353,112.85431328371222,0.7872184131379879,0,0.10620288516098002,0
real_20260706_155439_table_ur10_cluster000_table2_refined_from_identity_hard,real_previous_registration,1094,844,0.1290808660857127,0.09287592098220075,0.9370243158345122,234.5023160114309,2.353632571522436,0,0.09137752947445629,1
real_20260706_155439_table_ur10_cluster000_table2_refined_from_identity_hard,real_previous_registration,1095,1191,0.06115519352300591,0.04745994485905189,0.17237136397491049,193.3397847780019,0.1400885592529444,0,0.1313934760636262,0
real_20260706_155439_table_ur10_cluster000_table2_refined_from_identity_hard,real_previous_registration,1096,8,0.14130951672220116,0.10621109452724133,0.9906003599246284,195.71261948351003,0.6847780880333634,0,0.15667300060987716,0
real_20260706_155439_table_ur10_cluster000_table2_refined_from_identity_hard,real_previous_registration,1097,517,0.037866525136127475,0.036578756987680476,0.7747461086771681,89.04978258645333,-0.4344522338707007,0,0.13718542377174434,0
real_20260706_155439_table_ur10_cluster000_table2_refined_from_identity_hard,real_previous_registration,1098,1135,0.08784892141917873,0.07249602712888205,0.9692598845557271,104.48357148876555,1.6410715709153867,0,0.12567220509434418,0
real_20260706_155439_table_ur10_cluster000_table2_refined_from_identity_hard,real_previous_registration,1099,116,0.03849968639685905,0.03503722731079372,0.8900224101915652,112.89064036617168,-0.6262523872398632,1,0.1807693551129866,0
real_20260706_155439_table_ur10_cluster000_table2_refined_from_identity_hard,real_previous_registration,1100,8,0.19228368049638178,0.13603386449146676,0.976811038031663,157.21680017620713,0.744201459053656,0,0.09333180560305687,1
real_20260706_155439_table_ur10_cluster000_table2_refined_from_identity_hard,real_previous_registration,1101,152,0.021834679605573653,0.005364315264601297,0.8561830028025911,89.12492488964911,-0.3195223501026513,1,0.1131422101119573,0
real_20260706_155439_table_ur10_cluster000_table2_refined_from_identity_hard,real_previous_registration,1102,492,0.05940256800009023,0.04045122906188847,0.14199116751248553,120.07363414819548,0.7695186385143384,0,0.19369211909312847,0
real_20260706_155439_table_ur10_cluster000_table2_refined_from_identity_hard,real_previous_registration,1103,326,0.15813997994030612,0.15471664479501773,0.8820593153467768,253.69552161888367,1.7165790635305314,0,0.056820401741777694,1
real_20260706_155439_table_ur10_cluster000_table2_refined_from_identity_hard,real_previous_registration,1104,890,0.1298060895181587,0.1232347241681517,0.9677569504565265,160.88558914919184,1.5804473755676816,0,0.11757397109580389,0
real_20260706_155439_table_ur10_cluster000_table2_refined_from_identity_hard,real_previous_registration,1105,853,0.09291399229111803,0.05292476747808061,0.9651233983155026,137.83280880033485,-0.567983387606703,0,0.11025189996186664,0
real_20260706_155439_table_ur10_cluster000_table2_refined_from_identity_hard,real_previous_registration,1106,4,0.1708227827533855,0.1705571046133941,0.9171580781571631,200.18102093918623,1.0050848834370194,0,0.04598840745137784,1
real_20260706_155439_table_ur10_cluster000_table2_refined_from_identity_hard,real_previous_registration,1107,636,0.023538505228315135,0.02162118603890896,0.9707335934781114,181.9772291200974,-0.904455232561766,1,0.11959340758982201,0
real_20260706_155439_table_ur10_cluster000_table2_refined_from_identity_hard,real_previous_registration,1108,167,0.13980636121561407,0.12448148665758017,0.732556018661348,117.21382469022814,0.08594232210855221,0,0.17932757250895306,0
real_20260706_155439_table_ur10_cluster000_table2_refined_from_identity_hard,real_previous_registration,1109,280,0.07733511256864824,0.03178011282073255,0.9153015916444187,107.36556724198962,0.31931869268976315,0,0.14150564254834685,0
real_20260706_155439_table_ur10_cluster000_table2_refined_from_identity_hard,real_previous_registration,1110,412,0.10747802842864584,0.07339943371662647,0.9875467416561567,128.01031439650868,0.3334177493610065,0,0.050582934644603915,1
real_20260706_155439_table_ur10_cluster000_table2_refined_from_identity_hard,real_previous_registration,1111,559,0.13991347603750168,0.08641225542680618,0.9650443864018258,208.11212708592024,2.6790521087373214,0,0.15230806395530097,0
real_20260706_155439_table_ur10_cluster000_table2_refined_from_identity_hard,real_previous_registration,1112,1009,0.13743763306270582,0.134548292071182,0.9094067349807012,210.85850823100756,1.4563951193491653,0,0.07415212384419649,1
real_20260706_155439_table_ur10_cluster000_table2_refined_from_identity_hard,real_previous_registration,1113,149,0.23233124457932625,0.14403826247341067,0.9236241620455572,97.3494024485582,0.2851274914047687,0,0.1542266856679872,0
real_20260706_155439_table_ur10_cluster000_table2_refined_from_identity_hard,real_previous_registration,1114,736,0.06899949779941121,0.0642365251677043,0.9931127662238102,112.82721610318792,-0.32571909103698493,1,0.18098886536469075,0
real_20260706_155439_table_ur10_cluster000_table2_refined_from_identity_hard,real_previous_registration,1115,628,0.04453142201004906,0.02011635935844757,0.1371418601685414,79.74054635773558,-0.5114128453782165,1,0.17600725115616583,0
real_20260706_155439_table_ur10_cluster000_table2_refined_from_identity_hard,real_previous_registration,1116,297,0.02397035438153087,0.0075699979993051605,0.9516073044939337,95.78026016836799,-0.3448401362920881,1,0.16188984330247336,0
real_20260706_155439_table_ur10_cluster000_table2_refined_from_identity_hard,real_previous_registration,1117,285,0.1707193518072928,0.16855936401019356,0.8896143685567229,68.32603030921847,-0.0470059839344448,0,0.166213398663524,0
real_20260706_155439_table_ur10_cluster000_table2_refined_from_identity_hard,real_previous_registration,1118,424,0.0370137988386467,0.018772301701739304,0.9803160855224577,88.11692933059342,-0.0522443361572707,1,0.21121447827279638,0
real_20260706_155439_table_ur10_cluster000_table2_refined_from_identity_hard,real_previous_registration,1119,1197,0.1711704922466723,0.1705532260425978,0.9839046825775303,43.451781544643616,1.0543552656822521,0,0.20193554010373457,0
real_20260706_155439_table_ur10_cluster000_table2_refined_from_identity_hard,real_previous_registration,1120,352,0.1961661557017955,0.08467603891247688,0.27817944383698634,108.16180461273537,0.23497778646142414,0,0.07249055676634877,1
real_20260706_155439_table_ur10_cluster000_table2_refined_from_identity_hard,real_previous_registration,1121,1009,0.13587802320215434,0.13352379071129894,0.9036538796701827,201.50030765420811,1.4179288695979257,0,0.05364964667070737,1
real_20260706_155439_table_ur10_cluster000_table2_refined_from_identity_hard,real_previous_registration,1122,178,0.10509960321854596,0.09575202916194496,0.9974807301164534,78.91934776680266,0.6728924472264259,0,0.14566585805954393,0
real_20260706_155439_table_ur10_cluster000_table2_refined_from_identity_hard,real_previous_registration,1123,8,0.2098922016976844,0.12930503266749577,0.9610791539105987,150.73677565333762,0.7632496387848849,0,0.13036870595474384,0
real_20260706_155439_table_ur10_cluster000_table2_refined_from_identity_hard,real_previous_registration,1124,561,0.024377557253740995,0.015530792760576236,0.3114873018388174,69.99734834957238,-0.23111154763018388,1,0.20943036523639186,0
real_20260706_155439_table_ur10_cluster000_table2_refined_from_identity_hard,real_previous_registration,1126,510,0.0840280330093412,0.04057770959550719,0.39472964984469244,122.48839334938603,1.734597055399535,0,0.038059133922361654,1
real_20260706_155439_table_ur10_cluster000_table2_refined_from_identity_hard,real_previous_registration,1127,509,0.03932637725956325,0.03796904113008205,0.10988363056804389,127.55844882936488,0.5578232287882964,1,0.1787269192398725,0
real_20260706_155439_table_ur10_cluster000_table2_refined_from_identity_hard,real_previous_registration,1129,1100,0.030517028164647426,0.018380509435752205,0.460381571119726,79.54952009027392,-0.8152245694427211,1,0.20319835032292466,0
real_20260706_155439_table_ur10_cluster000_table2_refined_from_identity_hard,real_previous_registration,1130,1135,0.04013512613081039,0.022304061836600202,0.8625395937890418,147.24979466067853,1.6212689600897816,1,0.20362460305650953,0
real_20260706_155439_table_ur10_cluster000_table2_refined_from_identity_hard,real_previous_registration,1134,1225,0.14223037260175264,0.13423708695586203,0.8853600235652409,219.73755282573242,-0.3448400487922901,0,0.19984702528158305,0
real_20260706_155439_table_ur10_cluster000_table2_refined_from_identity_hard,real_previous_registration,1135,587,0.11347239558703563,0.052014389435019105,0.9964472686041449,123.71446737947996,0.15641550412214109,0,0.10357911458079051,0
real_20260706_155439_table_ur10_cluster000_table2_refined_from_identity_hard,real_previous_registration,1136,1095,0.031540703998396556,0.019659817181870213,0.42811696014233397,97.80232116428078,-0.04622930205918852,1,0.1255927865779109,0
real_20260706_155439_table_ur10_cluster000_table2_refined_from_identity_hard,real_previous_registration,1137,829,0.0977583767253333,0.06006003213797529,0.7669524918153646,61.51123256211066,-0.15866520217778432,0,0.2586084377453143,0
real_20260706_155439_table_ur10_cluster000_table2_refined_from_identity_hard,real_previous_registration,1138,840,0.04316498659814025,0.028066292753843564,0.018514732900754213,107.25206943493683,-0.30439924789876976,0,0.17460188310139046,0
real_20260706_155439_table_ur10_cluster000_table2_refined_from_identity_hard,real_previous_registration,1139,399,0.03984304700877299,0.02946652603572287,0.9087007820834614,88.34396868358354,0.05105511439009017,0,0.1255244278968256,0
real_20260706_155439_table_ur10_cluster000_table2_refined_from_identity_hard,real_previous_registration,1141,1154,0.16010839539740834,0.12288664181782748,0.9502324995454421,113.47119518928714,-0.21130880795330895,0,0.1516704634388914,0
real_20260706_155439_table_ur10_cluster000_table2_refined_from_identity_hard,real_previous_registration,1143,875,0.044339682188653556,0.023621153637392242,0.8436169686316924,212.1716873502412,1.1386143217050935,0,0.14307912925071467,0
real_20260706_155439_table_ur10_cluster000_table2_refined_from_identity_hard,real_previous_registration,1145,509,0.0466981559700867,0.036376041184459924,0.381789198978005,94.98942791831249,0.5819207559771377,0,0.21209230805920953,0
real_20260706_155439_table_ur10_cluster000_table2_refined_from_identity_hard,real_previous_registration,1146,559,0.1265045625076405,0.10600570414481349,0.9586976817481502,247.44631352407993,2.6603599904002095,0,0.08720916336864543,1
real_20260706_155439_table_ur10_cluster000_table2_refined_from_identity_hard,real_previous_registration,1147,404,0.1353999482873641,0.12386624320938339,0.3661401295440891,116.32168272065844,0.5169284264103424,0,0.1699589098497753,0
real_20260706_155439_table_ur10_cluster000_table2_refined_from_identity_hard,real_previous_registration,1148,616,0.07060500408452393,0.06747326637534519,0.1456345908907928,107.09297331948684,0.5108248237672707,0,0.18236670596687146,0
real_20260706_155439_table_ur10_cluster000_table2_refined_from_identity_hard,real_previous_registration,1149,719,0.12880778314778635,0.027380878654153482,0.5614039023278853,152.63432884509314,2.6603599904002095,0,0.1633014810631488,0
real_20260706_155439_table_ur10_cluster000_table2_refined_from_identity_hard,real_previous_registration,1150,1019,0.12028757756079536,0.0480201894107662,0.7655158056558342,164.31943871432696,1.0509311445711234,0,0.04442418467907458,1
real_20260706_155439_table_ur10_cluster000_table2_refined_from_identity_hard,real_previous_registration,1151,652,0.16018526610373263,0.05966587015813124,0.44774777044406744,131.9494791278703,0.4818374678459298,0,0.13356431395614904,0
real_20260706_155439_table_ur10_cluster000_table2_refined_from_identity_hard,real_previous_registration,1152,17,0.08112349623298439,0.049104965131639644,0.3113569562631079,132.5156449757941,0.6796627821474133,0,0.13858808704981462,0
real_20260706_155439_table_ur10_cluster000_table2_refined_from_identity_hard,real_previous_registration,1154,1212,0.032344728791602974,0.026057087016853643,0.9981280670007548,79.20505141975413,-0.2113088885392014,1,0.09704441898374377,1
real_20260706_155439_table_ur10_cluster000_table2_refined_from_identity_hard,real_previous_registration,1155,347,0.06085171095545879,0.055560634691198554,0.9618174683867251,69.7024969062459,-0.2567712465555254,1,0.18919422955330867,0
real_20260706_155439_table_ur10_cluster000_table2_refined_from_identity_hard,real_previous_registration,1156,198,0.01570688385781975,0.0014799158980034264,0.05246041272585318,148.03328347042483,-0.5641297718251352,1,0.14747244581031704,0
real_20260706_155439_table_ur10_cluster000_table2_refined_from_identity_hard,real_previous_registration,1157,652,0.18689475211182716,0.02340211739482355,0.1392070902566918,128.3221873684527,0.4818374678459298,0,0.07802442571199389,1
real_20260706_155439_table_ur10_cluster000_table2_refined_from_identity_hard,real_previous_registration,1159,1167,0.025641200166351553,0.014165127471416888,0.9821981721392247,147.9192386445821,-0.003669724081276394,1,0.14060988785794884,0
real_20260706_155439_table_ur10_cluster000_table2_refined_from_identity_hard,real_previous_registration,1160,237,0.02725322969584491,0.011995488286505745,0.7137777599936449,112.80635318098092,-0.4395673626030003,1,0.1672499152186442,0
real_20260706_155439_table_ur10_cluster000_table2_refined_from_identity_hard,real_previous_registration,1161,652,0.17413828421203917,0.06017519491135774,0.5568709347406516,130.363195374737,0.5728091590952181,0,0.041874264258679204,1
real_20260706_155439_table_ur10_cluster000_table2_refined_from_identity_hard,real_previous_registration,1163,844,0.16531426787816136,0.1368922836993713,0.9033579014862486,238.61301631163414,2.4628317799331154,0,0.15145804762524445,0
real_20260706_155439_table_ur10_cluster000_table2_refined_from_identity_hard,real_previous_registration,1164,943,0.041255993200699476,0.020063802344868115,0.8048886181281508,83.45772407697305,0.27154239925989376,0,0.14126574306005404,0
real_20260706_155439_table_ur10_cluster000_table2_refined_from_identity_hard,real_previous_registration,1165,1033,0.12266193100638165,0.055039640742934826,0.967941988026677,63.83313242038632,0.40487662649779077,0,0.24799645089822428,0
real_20260706_155439_table_ur10_cluster000_table2_refined_from_identity_hard,real_previous_registration,1166,1228,0.2099115179445318,0.20375980585885187,0.23879649333510183,191.3303620156374,1.6168149919607997,0,0.15378804947027414,0
real_20260706_155439_table_ur10_cluster000_table2_refined_from_identity_hard,real_previous_registration,1167,142,0.03564743416351445,0.005150555248445218,0.4727926909786624,107.1682768483867,-0.958522776199763,0,0.17237184829152996,0
real_20260706_155439_table_ur10_cluster000_table2_refined_from_identity_hard,real_previous_registration,1168,880,0.04514326805161975,0.045135793968838156,0.9426239071292057,110.3851275974934,0.7229985528041876,1,0.12548121381197883,0
real_20260706_155439_table_ur10_cluster000_table2_refined_from_identity_hard,real_previous_registration,1169,162,0.028805020440968915,0.019535433579583317,0.09234861774848906,66.37766162697645,-0.02472311626466446,1,0.21313249245365626,0
real_20260706_155439_table_ur10_cluster000_table2_refined_from_identity_hard,real_previous_registration,1172,736,0.09935525205311624,0.07264692491152111,0.993316110558884,148.5191029709047,-0.5641297718251352,0,0.22259204520605155,0
real_20260706_155439_table_ur10_cluster000_table2_refined_from_identity_hard,real_previous_registration,1174,268,0.027355417338598594,0.022721972287667543,0.8682048658794147,123.29003542797018,-0.6167735112999783,1,0.1578137949896207,0
real_20260706_155439_table_ur10_cluster000_table2_refined_from_identity_hard,real_previous_registration,1175,579,0.14143087516714795,0.10489594939747099,0.9933852879745108,112.74477082299379,-0.05096636629745877,0,0.16497148653669325,0
real_20260706_155439_table_ur10_cluster000_table2_refined_from_identity_hard,real_previous_registration,1177,698,0.1338389594431869,0.053788016772361495,0.7066637520258815,142.2513608064139,0.5043103306243433,0,0.1307024150717321,0
real_20260706_155439_table_ur10_cluster000_table2_refined_from_identity_hard,real_previous_registration,1178,616,0.07468073436722443,0.06728782624311422,0.14200368871409022,102.81113886344819,0.5389956674006731,0,0.16374637687081892,0
real_20260706_155439_table_ur10_cluster000_table2_refined_from_identity_hard,real_previous_registration,1179,1048,0.07239061981723421,0.03460432430647231,0.1688708578268409,65.89707816450992,-0.06470555966677431,0,0.24400063604331176,0
real_20260706_155439_table_ur10_cluster000_table2_refined_from_identity_hard,real_previous_registration,1180,1154,0.1615246927819447,0.1507588695115349,0.9504697269840502,165.715719766488,-0.285416664722595,0,0.21979211644253002,0
real_20260706_155439_table_ur10_cluster000_table2_refined_from_identity_hard,real_previous_registration,1181,1135,0.060783619289194596,0.026103633356353056,0.8646439908772823,152.75925805143274,1.6010662699151048,0,0.20706647350101465,0
real_20260706_155439_table_ur10_cluster000_table2_refined_from_identity_hard,real_previous_registration,1182,394,0.16138568971499473,0.13756850839480975,0.9331645283604081,72.38283129554276,-0.6021745762684292,0,0.19845705244318262,0
real_20260706_155439_table_ur10_cluster000_table2_refined_from_identity_hard,real_previous_registration,1183,499,0.041062657172811615,0.037253167989979644,0.19841370811376915,99.69150661454509,0.31675793519600987,0,0.15622898420975295,0
real_20260706_155439_table_ur10_cluster000_table2_refined_from_identity_hard,real_previous_registration,1184,893,0.07562678113442996,0.06477956693755359,0.08774823048122732,123.18836397281832,0.9373120245840882,0,0.2067636960754457,0
real_20260706_155439_table_ur10_cluster000_table2_refined_from_identity_hard,real_previous_registration,1185,864,0.037073202773502685,0.036743796177950365,0.984369862833354,171.38898749530884,-0.8850372396531843,1,0.15865057688184664,0
real_20260706_155439_table_ur10_cluster000_table2_refined_from_identity_hard,real_previous_registration,1187,604,0.03589722742617692,0.02519858666349842,0.9281020604030981,97.36543711132887,0.5663946100572922,1,0.19304374329600182,0
real_20260706_155439_table_ur10_cluster000_table2_refined_from_identity_hard,real_previous_registration,1189,1019,0.10542896034148784,0.09721048670346483,0.9951600741560837,87.48722463254398,0.9926622839942786,0,0.11764913923098404,0
real_20260706_155439_table_ur10_cluster000_table2_refined_from_identity_hard,real_previous_registration,1190,222,0.1524340924805921,0.14999969817352252,0.9498657723411672,259.56723465576226,2.7154197251304395,0,0.0350981588202191,1
real_20260706_155439_table_ur10_cluster000_table2_refined_from_identity_hard,real_previous_registration,1191,1004,0.04183088312756148,0.028829333298561965,0.8451671511817004,271.48248934758783,0.9587598294872193,0,0.15291701986866735,0
real_20260706_155439_table_ur10_cluster000_table2_refined_from_identity_hard,real_previous_registration,1192,1120,0.17540171450458714,0.1444347828160913,0.9787652400724219,227.28984041423087,0.9056512084180662,0,0.18150570718437495,0
real_20260706_155439_table_ur10_cluster000_table2_refined_from_identity_hard,real_previous_registration,1193,470,0.030681210062267827,0.011464708245688678,0.7406696897842169,186.05549941363165,-0.8303474559204953,0,0.1054227847037461,0
real_20260706_155439_table_ur10_cluster000_table2_refined_from_identity_hard,real_previous_registration,1194,579,0.170038902140288,0.10509826473767725,0.9830622367522859,43.034769266823226,0.3908658304267346,0,0.3170738017562495,0
real_20260706_155439_table_ur10_cluster000_table2_refined_from_identity_hard,real_previous_registration,1195,652,0.16481260748954157,0.10390738016510394,0.7967137845733855,145.10784566163042,0.7515007984316044,0,0.035662521852295306,1
real_20260706_155439_table_ur10_cluster000_table2_refined_from_identity_hard,real_previous_registration,1196,1130,0.053455112013283096,0.04346473684389362,0.3849706010086218,73.11250642160978,-0.03362788413004397,0,0.22712456446457618,0
real_20260706_155439_table_ur10_cluster000_table2_refined_from_identity_hard,real_previous_registration,1197,71,0.02183856467898152,0.0014187094370189588,0.7025820341183446,72.76150290390203,0.5618799826016669,1,0.13229887471088075,0
real_20260706_155439_table_ur10_cluster000_table2_refined_from_identity_hard,real_previous_registration,1198,719,0.10728488680938811,0.08896684547299233,0.5314014629974095,158.35268555250448,2.6790521087373214,0,0.019564644898402407,1
real_20260706_155439_table_ur10_cluster000_table2_refined_from_identity_hard,real_previous_registration,1199,667,0.047846296582844436,0.03391151315640976,0.8890058344701735,78.57416047407288,-0.40135237365730303,0,0.14349964030492976,0
real_20260706_155439_table_ur10_cluster000_table2_refined_from_identity_hard,real_previous_registration,1200,9,0.14118609011342254,0.10785040666035155,0.3648313535996743,158.7119007715251,1.0318829648398942,0,0.08826989975315261,1
real_20260706_155439_table_ur10_cluster000_table2_refined_from_identity_hard,real_previous_registration,1201,369,0.04206243085828081,0.03594827264418243,0.9390460072461846,118.09940990086898,-0.45493064696864055,1,0.17143493651062666,0
real_20260706_155439_table_ur10_cluster000_table2_refined_from_identity_hard,real_previous_registration,1202,748,0.12768500692442844,0.12524514400907158,0.7451895462393626,74.95784337748869,-0.42102914356875243,0,0.14832334372466197,0
real_20260706_155439_table_ur10_cluster000_table2_refined_from_identity_hard,real_previous_registration,1203,223,0.1305928173916495,0.11120119901557853,0.7941603154196728,139.10765830088192,1.5291544180209113,0,0.08858526967409314,1
real_20260706_155439_table_ur10_cluster000_table2_refined_from_identity_hard,real_previous_registration,1204,698,0.11329987616369541,0.10391360888697011,0.7648885293462765,148.4884388989164,0.7229993482559939,0,0.04435608628953134,1
real_20260706_155439_table_ur10_cluster000_table2_refined_from_identity_hard,real_previous_registration,1205,375,0.20890233518949555,0.16515854816924977,0.7633040371620059,154.64748749037804,0.6759933058164599,0,0.0599294196102065,1
real_20260706_155439_table_ur10_cluster000_table2_refined_from_identity_hard,real_previous_registration,1206,14,0.07387191495984495,0.06495877887477418,0.6083894785672564,38.746838363288916,0.1613660281772722,0,0.16710166963990045,0
real_20260706_155439_table_ur10_cluster000_table2_refined_from_identity_hard,real_previous_registration,1207,434,0.12951987181345861,0.1188929196195929,0.8572825020224485,232.08798346868863,2.353632571522436,0,0.061762585029182665,1
real_20260706_155439_table_ur10_cluster000_table2_refined_from_identity_hard,real_previous_registration,1208,339,0.04008644756128316,0.03195360324601698,0.522120423038305,208.33939758901946,-0.5790331900326702,0,0.1960511235306772,0
real_20260706_155439_table_ur10_cluster000_table2_refined_from_identity_hard,real_previous_registration,1209,962,0.05684204313074858,0.048292317752193274,0.9297741274058784,161.7846930859121,0.31931869268976315,0,0.1399979465243085,0
real_20260706_155439_table_ur10_cluster000_table2_refined_from_identity_hard,real_previous_registration,1210,1093,0.021696006350790952,0.01389665856142579,0.25553736385490744,146.419518919419,-0.9044555985520152,1,0.15869723580297843,0
real_20260706_155439_table_ur10_cluster000_table2_refined_from_identity_hard,real_previous_registration,1211,1071,0.13769702651639135,0.1370569167858909,0.930185254247076,218.83919020547629,1.9287522267075252,0,0.045779602631928096,1
real_20260706_155439_table_ur10_cluster000_table2_refined_from_identity_hard,real_previous_registration,1212,121,0.1109146827263126,0.11073891163885724,0.2483008977398455,64.50068662368075,0.10714452949689109,0,0.160827159078142,0
real_20260706_155439_table_ur10_cluster000_table2_refined_from_identity_hard,real_previous_registration,1213,8,0.16962035571646475,0.14786668829306773,0.9842803878215687,180.06656013127363,0.7819417571219967,0,0.12352674477780673,0
real_20260706_155439_table_ur10_cluster000_table2_refined_from_identity_hard,real_previous_registration,1214,266,0.050702583307087566,0.04860328228135143,0.7565658780531782,175.6031377461833,-0.9585225364341323,0,0.13834491639560537,0
real_20260706_155439_table_ur10_cluster000_table2_refined_from_identity_hard,real_previous_registration,1216,579,0.20331076514943913,0.10196022773278046,0.42401469818879867,45.92024749230128,0.2367153172659624,0,0.3197584099473433,0
real_20260706_155439_table_ur10_cluster000_table2_refined_from_identity_hard,real_previous_registration,1217,624,0.12642911873937054,0.11926171082744337,0.9711978136285752,212.70097040248788,0.8131938712011986,1,0.22856531293547216,0
real_20260706_155439_table_ur10_cluster000_table2_refined_from_identity_hard,real_previous_registration,1218,159,0.045577229487191506,0.030286600209751453,0.9839053388996588,82.82095605422248,0.0682756961680817,0,0.20739396438890492,0
real_20260706_155439_table_ur10_cluster000_table2_refined_from_identity_hard,real_previous_registration,1219,180,0.03737129290641764,0.011905891137215272,0.2234711294856648,152.10746350025946,-0.02898750353995737,1,0.13708360470824862,0
real_20260706_155439_table_ur10_cluster000_table2_refined_from_identity_hard,real_previous_registration,1220,736,0.10014487596009775,0.05951895307386234,0.9765586183344043,81.35102279581832,-0.13334742111654282,0,0.208469903684078,0
real_20260706_155439_table_ur10_cluster000_table2_refined_from_identity_hard,real_previous_registration,1221,1158,0.033331274229508774,0.024458361198893105,0.9153628856525516,70.45998420206736,-0.5790333609724782,0,0.1370278960905485,0
real_20260706_155439_table_ur10_cluster000_table2_refined_from_identity_hard,real_previous_registration,1222,506,0.09024926999134336,0.08393068585307227,0.7465177454749236,73.09962826385465,0.18259499637048457,0,0.21896805930737417,0
real_20260706_155439_table_ur10_cluster000_table2_refined_from_identity_hard,real_previous_registration,1223,498,0.1899998433484516,0.10323780480154658,0.7667353850485195,108.92929520190354,0.43738580060712645,0,0.14555369278237648,0
real_20260706_155439_table_ur10_cluster000_table2_refined_from_identity_hard,real_previous_registration,1224,58,0.029775220990368664,0.0192668169610282,0.31582482091114616,54.58209412351111,1.0017115904088238,1,0.15368640852106152,0
real_20260706_155439_table_ur10_cluster000_table2_refined_from_identity_hard,real_previous_registration,1225,1088,0.06007263678492783,0.011808315780510052,0.4686569234330936,120.87497904822702,0.9782734576812114,0,0.17976851700744098,0
real_20260706_155439_table_ur10_cluster000_table2_refined_from_identity_hard,real_previous_registration,1227,1228,0.09837731638968528,0.07818813591149859,0.08900581824809384,119.55388622101664,1.6519062859100198,0,0.09167008670670858,1
real_20260706_155439_table_ur10_cluster000_table2_refined_from_identity_hard,real_previous_registration,1228,1071,0.10377506742686196,0.10201244445811355,0.94293960679792,207.524771121732,1.9859105947958764,0,0.074963220182258,1
real_20260706_155439_table_ur10_cluster000_table2_refined_from_identity_hard,real_previous_registration,1229,81,0.04091047800831678,0.021137623941874017,0.9140281074529056,225.1173399539438,-0.24521033040076604,0,0.18826465360756994,0
real_20260706_155439_table_ur10_cluster000_table2_refined_from_identity_hard,real_previous_registration,1230,1004,0.0690553493472566,0.015978725550766966,0.8276206529589951,265.6771060290591,1.057199766524797,0,0.14204486791514712,0
real_20260706_155439_table_ur10_cluster000_table2_refined_from_identity_hard,real_previous_registration,1231,1209,0.09180119713395674,0.06952336127714158,0.6628391832278846,59.670805901408805,0.13353126762463974,0,0.15631499243251498,0
real_20260706_155439_table_ur10_cluster000_table2_refined_from_identity_hard,real_previous_registration,1232,1128,0.04279226402281867,0.00312967682927929,0.6817875748009957,64.54198392952354,0.8873018616697027,0,0.13451637160127156,0
real_20260706_155439_table_ur10_cluster000_table2_refined_from_identity_hard,real_previous_registration,1233,375,0.16567307934338207,0.1598655002150573,0.8381102732961658,118.58182890299709,0.38175411455199443,0,0.16592209599892255,0
real_20260706_155439_table_ur10_cluster000_table2_refined_from_identity_hard,real_previous_registration,1234,404,0.13538521066274495,0.09518964997524666,0.13328717853405947,124.95595165385656,0.8632042392430819,0,0.04639549988393967,1
real_20260706_155439_table_ur10_cluster000_table2_refined_from_identity_hard,real_previous_registration,1235,223,0.11593521247773847,0.0792293029681578,0.4330940994163946,83.55394233565059,1.4179288695979257,0,0.06575011545567071,1
real_20260706_155439_table_ur10_cluster000_table2_refined_from_identity_hard,real_previous_registration,1236,676,0.058964220391512064,0.013360488198046538,0.7657546407214268,119.45266324399951,0.7621389853817945,0,0.074511932759526,1
real_20260706_155439_table_ur10_cluster000_table2_refined_from_identity_hard,real_previous_registration,1237,846,0.04285505615918055,0.01721075815964119,0.9310419367958861,98.0679594012611,0.20854447363256007,1,0.13995991767049495,0
real_20260706_155439_table_ur10_cluster000_table2_refined_from_identity_hard,real_previous_registration,1238,410,0.18796670273763444,0.17787473233168427,0.9861080848349296,161.50376763006327,-0.3364718366216927,0,0.18629293795560686,0
real_20260706_155439_table_ur10_cluster000_table2_refined_from_identity_hard,real_previous_registration,1239,1131,0.04074538636237427,0.030113549358362236,0.10148721177556899,154.65823194443703,-0.35440961594065323,0,0.23504464322829294,0
real_20260706_155439_table_ur10_cluster000_table2_refined_from_identity_hard,real_previous_registration,1241,845,0.08287730054985162,0.029732718347243763,0.728493591747735,127.29269654795021,1.3085131154452838,0,0.12585991976376654,0
real_20260706_155439_table_ur10_cluster000_table2_refined_from_identity_hard,real_previous_registration,1242,793,0.029529302074546453,0.025980404791685775,0.9563924989478837,139.50231849840685,-0.3871992415211524,1,0.12357464803387742,0
real_20260706_155439_table_ur10_cluster000_table2_refined_from_identity_hard,real_previous_registration,1243,1167,0.03239686408608494,0.005089603590676017,0.9864376219888443,123.24129680837186,0.08594232210855221,0,0.1100109120103811,0
real_20260706_155439_table_ur10_cluster000_table2_refined_from_identity_hard,real_previous_registration,1244,1087,0.07718787331356707,0.07610667074212338,0.9491784340923434,57.76172605961268,0.08979592019786525,0,0.18791480178238945,0
real_20260706_155439_table_ur10_cluster000_table2_refined_from_identity_hard,real_previous_registration,1245,706,0.04646088085957606,0.020669851782591633,0.39342787502636445,137.15835739558207,-0.6531410999153822,0,0.09304220906863303,1
real_20260706_155439_table_ur10_cluster000_table2_refined_from_identity_hard,real_previous_registration,1246,82,0.07533242495741552,0.024731727142068116,0.7440723429386795,222.192448292184,1.02545111054887,1,0.15242535011606592,0
real_20260706_155439_table_ur10_cluster000_table2_refined_from_identity_hard,real_previous_registration,1249,719,0.17567997962995205,0.17121732444447216,0.603534578719112,216.71875636853193,2.6790521087373214,0,0.10178824788245175,0
real_20260706_155439_table_ur10_cluster000_table2_refined_from_identity_hard,real_previous_registration,1250,109,0.03221223739194214,0.008135613854201345,0.9792728944407422,104.81347368336306,0.627019106873985,0,0.10595640283743261,0
real_20260706_155439_table_ur10_cluster000_table2_refined_from_identity_hard,real_previous_registration,1251,149,0.13518760859117002,0.13112619245614027,0.7970536910471842,111.581106219381,0.21768627430988347,0,0.12809529498097738,0
real_20260706_155439_table_ur10_cluster000_table2_refined_from_identity_hard,real_previous_registration,1252,1025,0.06875009020083123,0.05303754466499545,0.3479066865493021,46.86133083961391,0.0553195187593653,0,0.21880449954911116,0
real_20260706_155439_table_ur10_cluster000_table2_refined_from_identity_hard,real_previous_registration,1254,58,0.07388810186079214,0.038404469965996675,0.3876148916202955,58.13952177783907,1.1043656337241354,0,0.14831093788498817,0
real_20260706_155439_table_ur10_cluster000_table2_refined_from_identity_hard,real_previous_registration,1256,616,0.03724973051177889,0.033208328691565585,0.2994985663309621,143.73121030407927,0.5663946100572922,0,0.2103985206128368,0
real_20260706_155439_table_ur10_cluster000_table2_refined_from_identity_hard,real_previous_registration,1257,1197,0.12710727282046266,0.12037928880269315,0.38515553274741865,57.7483726427255,1.0543552656822521,0,0.1349357001503044,0
real_20260706_155439_table_ur10_cluster000_table2_refined_from_identity_hard,real_previous_registration,1258,486,0.02575239187070943,0.020196873751959436,0.9177852401812681,64.64514487175929,0.1304400460589306,0,0.17645847650879828,0
real_20260706_155439_table_ur10_cluster000_table2_refined_from_identity_hard,real_previous_registration,1259,559,0.1557230830270238,0.09263872365932296,0.9648902630642814,209.79030655527825,2.6603599904002095,0,0.1721214853241908,0
real_20260706_155439_table_ur10_cluster000_table2_refined_from_identity_hard,real_previous_registration,1260,628,0.04971599834368055,0.03453059665111048,0.3764669119508821,68.9654482481587,-0.17494120875592342,0,0.15093690570726442,0
real_20260706_155439_table_ur10_cluster000_table2_refined_from_identity_hard,real_previous_registration,1261,512,0.025492349769945057,0.016817215440444736,0.6992012988755418,58.68846742631977,-0.28541686527161997,1,0.2063293886093876,0
real_20260706_155439_table_ur10_cluster000_table2_refined_from_identity_hard,real_previous_registration,1262,654,0.11720403226868512,0.08162079462093469,0.6267682017903043,201.55172257516057,0.7942115296605123,0,0.2586630143765461,0
real_20260706_155439_table_ur10_cluster000_table2_refined_from_identity_hard,real_previous_registration,1263,1154,0.15430105172162298,0.13607041097992964,0.9504957217065046,134.0428361964135,-0.24767639656871304,0,0.18170138206088013,0
real_20260706_155439_table_ur10_cluster000_table2_refined_from_identity_hard,real_previous_registration,1264,480,0.035216121002587725,0.028635844785050414,0.23804877037783426,126.00384873948751,-0.3290918348794116,0,0.21015139604007518,0
real_20260706_155439_table_ur10_cluster000_table2_refined_from_identity_hard,real_previous_registration,1265,498,0.15570285338383089,0.0925180677987961,0.8530274155839214,101.57789342458167,0.2367153172659624,0,0.13116428801665,0
real_20260706_155439_table_ur10_cluster000_table2_refined_from_identity_hard,real_previous_registration,1266,706,0.04239155633220249,0.018980268791801754,0.3896795750297342,112.37706246577393,-0.6908813680692644,0,0.14446287624860368,0
real_20260706_155439_table_ur10_cluster000_table2_refined_from_identity_hard,real_previous_registration,1267,1087,0.09329930557097096,0.07808819925739278,0.9528069047694838,80.89072196885708,0.02792057009675256,0,0.23515245625794157,0
real_20260706_155439_table_ur10_cluster000_table2_refined_from_identity_hard,real_previous_registration,1269,439,0.04212636918034595,0.017738919600529254,0.45608599927428495,66.32040861116707,-0.04622930205918852,0,0.2043947751062969,0
real_20260706_155439_table_ur10_cluster000_table2_refined_from_identity_hard,real_previous_registration,1270,705,0.2068826512813039,0.07509288566811156,0.1230298070276867,112.36549461442202,0.46241951687325666,0,0.1404784425848334,0
real_20260706_155439_table_ur10_cluster000_table2_refined_from_identity_hard,real_previous_registration,1271,579,0.1308828826801722,0.06338903221499657,0.44239644706478476,62.25375586147089,0.20854447363256007,0,0.3040215752960182,0
real_20260706_155439_table_ur10_cluster000_table2_refined_from_identity_hard,real_previous_registration,1272,1143,0.026807949778401906,0.0162649829003084,0.18822389363103725,60.053094011430936,0.17435322714492488,1,0.17872525541692372,0
real_20260706_155439_table_ur10_cluster000_table2_refined_from_identity_hard,real_previous_registration,1273,1197,0.029978364680461264,0.022572681844157394,0.24520529443014494,75.44677646048707,1.197455965733326,0,0.176736506845501,0
real_20260706_155439_table_ur10_cluster000_table2_refined_from_identity_hard,real_previous_registration,1274,652,0.17132019660223505,0.14662429750523778,0.5667556445928146,144.02234127080575,0.20990406486192686,0,0.2185217042076883,0
real_20260706_155439_table_ur10_cluster000_table2_refined_from_identity_hard,real_previous_registration,1275,375,0.16288072357629613,0.15985343710299688,0.8370239321300633,119.27783058118386,0.3276869546851576,0,0.1456153239544251,0
real_20260706_155439_table_ur10_cluster000_table2_refined_from_identity_hard,real_previous_registration,1276,940,0.20378992258084982,0.1730132193661001,0.9393674785921466,92.46134386148425,0.1613660281772722,0,0.12341850083831425,0
real_20260706_155439_table_ur10_cluster000_table2_refined_from_identity_hard,real_previous_registration,1277,654,0.13293967894109113,0.11917614637992605,0.6392918597010141,186.9975821263646,0.8648290270297455,0,0.2249001473517207,0
real_20260706_155439_table_ur10_cluster000_table2_refined_from_identity_hard,real_previous_registration,1278,719,0.15716421067412492,0.0004066987285212126,0.34998692950449156,132.37815316331142,2.4742578728588316,0,0.17806091017077139,0
real_20260706_155439_table_ur10_cluster000_table2_refined_from_identity_hard,real_previous_registration,1280,8,0.21084528373756967,0.1569595435719824,0.9926176222064983,143.92383681441427,0.7247833890336453,0,0.17080664022291345,0
real_20260706_155439_table_ur10_cluster000_table2_refined_from_identity_hard,real_previous_registration,1281,4,0.17558208653539006,0.16910237876665865,0.9100286427037975,190.51039083963596,1.0050848834370194,0,0.09270292121769029,1
real_20260706_155439_table_ur10_cluster000_table2_refined_from_identity_hard,real_previous_registration,1282,154,0.08734718494387478,0.03697226657054386,0.1905468414403395,155.39239061286094,1.2290498162148646,0,0.252541874524482,0
real_20260706_155439_table_ur10_cluster000_table2_refined_from_identity_hard,real_previous_registration,1283,11,0.10985698535923387,0.10173836688945723,0.6021328980305243,86.08700815059522,0.0988457376670308,0,0.10490293264847564,0
real_20260706_155439_table_ur10_cluster000_table2_refined_from_identity_hard,real_previous_registration,1284,525,0.19059516681365057,0.15338353955100062,0.9813917775221571,123.17027807885982,-0.21130879737132754,0,0.19289984907192295,0
real_20260706_155439_table_ur10_cluster000_table2_refined_from_identity_hard,real_previous_registration,1285,844,0.15380278511944345,0.1459611281180411,0.9155389864893213,245.2517607796882,2.4628317799331154,0,0.14759140590053288,0
real_20260706_155439_table_ur10_cluster000_table2_refined_from_identity_hard,real_previous_registration,1286,1209,0.0346421794940474,0.018403326076239113,0.05881964495237431,65.60544312587669,0.0465199701803918,0,0.2266769757368398,0
real_20260706_155439_table_ur10_cluster000_table2_refined_from_identity_hard,real_previous_registration,1287,375,0.21996842504509198,0.20608094741984334,0.994929342320895,109.2195122263866,0.550830272666279,0,0.08735277001897253,1
real_20260706_155439_table_ur10_cluster000_table2_refined_from_identity_hard,real_previous_registration,1290,222,0.19736221063694181,0.17433567969507846,0.9525771492702141,250.12869055844342,2.75051101907966,0,0.11336527498821243,0
real_20260706_155439_table_ur10_cluster000_table2_refined_from_identity_hard,real_previous_registration,1291,525,0.16180233633454882,0.1427448349702055,0.9747852344173997,134.79569034714314,-0.1059484372688269,0,0.1382538110449328,0
real_20260706_155439_table_ur10_cluster000_table2_refined_from_identity_hard,real_previous_registration,1293,1209,0.12024848428950465,0.10264522921808665,0.9040814114288417,55.72357170475703,0.13353126762463974,0,0.15023221916710344,0
real_20260706_155439_table_ur10_cluster000_table2_refined_from_identity_hard,real_previous_registration,1294,434,0.15921905413504428,0.1402695686667308,0.8634868133204714,239.79869659037047,2.4097219941175703,0,0.07873798372157145,1
real_20260706_155439_table_ur10_cluster000_table2_refined_from_identity_hard,real_previous_registration,1295,749,0.04753969565817115,0.040245206664155035,0.8912991627943555,213.85151072041566,0.30998735299313457,1,0.12603305294201164,0
real_20260706_155439_table_ur10_cluster000_table2_refined_from_identity_hard,real_previous_registration,1296,196,0.10790212524910991,0.10439448152061652,0.9719755827073698,91.25422323565247,0.6641588186877551,0,0.15937344422053001,0
real_20260706_155439_table_ur10_cluster000_table2_refined_from_identity_hard,real_previous_registration,1297,818,0.06624868622436168,0.061243082778968096,0.6367344053716575,145.36284873456165,-0.8109293828838982,0,0.18231404613284938,0
real_20260706_155439_table_ur10_cluster000_table2_refined_from_identity_hard,real_previous_registration,1298,514,0.023415903628279604,0.02190878879949107,0.27553072403493367,62.915721896018944,-0.02898751187327394,0,0.13262492056841957,0
real_20260706_155439_table_ur10_cluster000_table2_refined_from_identity_hard,real_previous_registration,1299,698,0.16558676945179618,0.1515337835822454,0.9630043959945382,144.56947983917672,0.609670752948919,0,0.08532665261542095,1
real_20260706_155439_table_ur10_cluster000_table2_refined_from_identity_hard,real_previous_registration,1300,297,0.02874979340532064,0.00020096766727766176,0.9767277311920027,127.90533183887433,-0.567983387606703,0,0.12693566815515628,0
real_20260706_155439_table_ur10_cluster000_table2_refined_from_identity_hard,real_previous_registration,1301,285,0.16970136793043245,0.16261519102436467,0.7595913841330114,69.22189497314167,0.01183444336130593,0,0.19977426196146014,0
real_20260706_155439_table_ur10_cluster000_table2_refined_from_identity_hard,real_previous_registration,1302,424,0.039779574339818595,0.019411606192633792,0.9818053324875239,71.45219291850368,0.0323129517119285,0,0.15928741758321963,0
real_20260706_155439_table_ur10_cluster000_table2_refined_from_identity_hard,real_previous_registration,1304,875,0.08715151334819718,0.004554146139347539,0.8454676085223731,140.17596771669014,1.1008740535512114,0,0.04529067756221455,1
real_20260706_155439_table_ur10_cluster000_table2_refined_from_identity_hard,real_previous_registration,1305,862,0.0669328076357536,0.06227610618096254,0.2560662317875765,121.43525218318207,-0.08614584875253728,0,0.10711150519710333,0
real_20260706_155439_table_ur10_cluster000_table2_refined_from_identity_hard,real_previous_registration,1306,648,0.16961408252113652,0.0749819607645903,0.5575724838475663,242.22273818026417,0.6128657261419009,0,0.11250175758660053,0
real_20260706_155439_table_ur10_cluster000_table2_refined_from_identity_hard,real_previous_registration,1307,404,0.12438728315105048,0.12374360622975158,0.4816323178425762,113.91035747288404,0.675992908058571,0,0.12311843462533416,0
real_20260706_155439_table_ur10_cluster000_table2_refined_from_identity_hard,real_previous_registration,1308,719,0.17231893592118605,0.09505251892378314,0.6106579001044586,194.47202192795353,2.62189374064897,0,0.18997437291792216,0
real_20260706_155439_table_ur10_cluster000_table2_refined_from_identity_hard,real_previous_registration,1310,506,0.10118205358719902,0.09458655613047491,0.9597590870607619,70.26611931497975,0.20558449239647325,0,0.19247590279471166,0
real_20260706_155439_table_ur10_cluster000_table2_refined_from_identity_hard,real_previous_registration,1311,323,0.03656740676111087,0.004659359761130911,0.7016919074060199,62.036593439938734,-0.54778082416645,1,0.10954584201761959,0
real_20260706_155439_table_ur10_cluster000_table2_refined_from_identity_hard,real_previous_registration,1312,320,0.01943690543850336,0.0016357228225163775,0.5386235411109426,65.97533928933731,-0.6612255025547079,1,0.17441103902874713,0
real_20260706_155439_table_ur10_cluster000_table2_refined_from_identity_hard,real_previous_registration,1313,433,0.09186954014707954,0.0852305366534871,0.1324312129339244,215.08927856026045,0.481837086894854,0,0.21473407546232814,0
real_20260706_155439_table_ur10_cluster000_table2_refined_from_identity_hard,real_previous_registration,1315,800,0.12480477176909881,0.1096418351961629,0.5779459129272541,72.41403899823923,-0.10594847245393024,0,0.15410429779500726,0
real_20260706_155439_table_ur10_cluster000_table2_refined_from_identity_hard,real_previous_registration,1316,627,0.03921692378688138,0.03509863026411305,0.956829953465567,95.04647902394197,-0.2440986132647698,1,0.16518811994805468,0
real_20260706_155439_table_ur10_cluster000_table2_refined_from_identity_hard,real_previous_registration,1317,412,0.053699308080392534,0.05059111891310772,0.7361459092013362,102.04028215618465,0.18259499637048457,0,0.11149436751410281,0
real_20260706_155439_table_ur10_cluster000_table2_refined_from_identity_hard,real_previous_registration,1318,434,0.14419603994963553,0.13660598720144373,0.9103974530670133,256.2227612385592,2.4277404859838954,0,0.04637003973250175,1
real_20260706_155439_table_ur10_cluster000_table2_refined_from_identity_hard,real_previous_registration,1319,858,0.02368998593498529,0.020491603260214715,0.8071812119885918,123.99512690133031,-0.8630704018029318,1,0.18284415862843117,0
real_20260706_155439_table_ur10_cluster000_table2_refined_from_identity_hard,real_previous_registration,1320,498,0.1724209875153372,0.10180795254981385,0.883627341272131,92.7260851398436,0.14970404633680942,0,0.1937166856295636,0
real_20260706_155439_table_ur10_cluster000_table2_refined_from_identity_hard,real_previous_registration,1321,654,0.09517342297848684,0.07693306276822372,0.6306132152746353,193.78015724968685,0.8873018616697027,1,0.2154884366433067,0
real_20260706_155439_table_ur10_cluster000_table2_refined_from_identity_hard,real_previous_registration,1322,652,0.22382069728974788,0.05950396101098546,0.3662581691646752,109.0038238098748,0.4577399406570887,0,0.10463103560701467,0
real_20260706_155439_table_ur10_cluster000_table2_refined_from_identity_hard,real_previous_registration,1324,58,0.07176069622579595,0.03652135206070371,0.7260634267099922,61.246045378838694,0.9461418041188022,0,0.1393436622530289,0
real_20260706_155439_table_ur10_cluster000_table2_refined_from_identity_hard,real_previous_registration,1326,577,0.03154448455371417,0.02131045650676088,0.9441154714751083,72.74589714209732,-0.5297623929679198,1,0.09842555003798657,1
real_20260706_155439_table_ur10_cluster000_table2_refined_from_identity_hard,real_previous_registration,1327,285,0.09448085159112701,0.07793276797917126,0.28214655567647595,55.83000192394441,0.2851274914047687,0,0.18242389849469418,0
real_20260706_155439_table_ur10_cluster000_table2_refined_from_identity_hard,real_previous_registration,1329,953,0.18090483782067793,0.1658168360118102,0.9532290592931796,167.58200694597696,-0.0065146709201992,0,0.26533406502525325,0
real_20260706_155439_table_ur10_cluster000_table2_refined_from_identity_hard,real_previous_registration,1330,1158,0.03136459311414542,0.029329600771087896,0.7989148762893359,97.86725080501822,-0.424882847811706,0,0.1055222449520648,0
real_20260706_155439_table_ur10_cluster000_table2_refined_from_identity_hard,real_previous_registration,1331,1071,0.09640256931462726,0.0889080541415043,0.9462225587071611,213.43295349753225,1.9859105947958764,0,0.08821528286163167,1
real_20260706_155439_table_ur10_cluster000_table2_refined_from_identity_hard,real_previous_registration,1333,321,0.11467005109647722,0.08027673792723343,0.9494044604757365,147.66605491868143,0.05439399380504185,0,0.2214011812250593,0
real_20260706_155439_table_ur10_cluster000_table2_refined_from_identity_hard,real_previous_registration,1335,698,0.1496201514579072,0.12025691041343659,0.7835480786144118,167.81446642915796,0.6679396135257638,0,0.08628650717615244,1
real_20260706_155439_table_ur10_cluster000_table2_refined_from_identity_hard,real_previous_registration,1336,559,0.15394461968136045,0.06976496625577318,0.9540355307393602,246.55538194175818,2.641311810668981,0,0.13325564108972549,0
real_20260706_155439_table_ur10_cluster000_table2_refined_from_identity_hard,real_previous_registration,1337,644,0.08714380650105245,0.010785356714789307,0.961979898812974,84.04407608372951,3.4262441718997128,1,0.1412980497293106,0
real_20260706_155439_table_ur10_cluster000_table2_refined_from_identity_hard,real_previous_registration,1338,399,0.031052798329141793,0.02320040892797682,0.9460081927311538,109.24949035875575,-0.17851904933911514,1,0.10197510016521812,0
real_20260706_155439_table_ur10_cluster000_table2_refined_from_identity_hard,real_previous_registration,1339,652,0.1740774383676664,0.026542134938724454,0.3041614183250789,129.41613300358964,0.550830272666279,0,0.11073965162123968,0
real_20260706_155439_table_ur10_cluster000_table2_refined_from_identity_hard,real_previous_registration,1340,8,0.16729133679941682,0.13326155379179358,0.9855138493365136,184.03490873862475,0.836008937456631,0,0.07281411924848402,1
real_20260706_155439_table_ur10_cluster000_table2_refined_from_identity_hard,real_previous_registration,1341,616,0.10604326625913958,0.10428580859363287,0.274488753145657,92.70187546040253,0.5663946100572922,0,0.18170598942522612,0
real_20260706_155439_table_ur10_cluster000_table2_refined_from_identity_hard,real_previous_registration,1342,17,0.133666765564236,0.1295594347307693,0.8666314683851988,143.41833718735936,0.8447423686274261,0,0.09151727457294838,1
real_20260706_155439_table_ur10_cluster000_table2_refined_from_identity_hard,real_previous_registration,1343,1228,0.07582216164701223,0.006212614272246574,0.6140615468824261,114.1600934511492,1.4416110465526122,0,0.06064824386047922,1
real_20260706_155439_table_ur10_cluster000_table2_refined_from_identity_hard,real_previous_registration,1344,433,0.12493141768374591,0.1235088324017092,0.13451038091964468,223.79340549132465,0.481837086894854,0,0.24842603873860739,0
real_20260706_155439_table_ur10_cluster000_table2_refined_from_identity_hard,real_previous_registration,1345,510,0.13130295564519145,0.10787707617900838,0.2983563272264288,153.72910971395243,1.7940204264198274,0,0.05377282860476659,1
real_20260706_155439_table_ur10_cluster000_table2_refined_from_identity_hard,real_previous_registration,1346,1049,0.01522510818343408,0.009412991995702957,0.1343861151430782,215.74511907915212,-0.3009209112858548,1,0.18417766167993688,0
real_20260706_155439_table_ur10_cluster000_table2_refined_from_identity_hard,real_previous_registration,1348,799,0.02371163445024864,0.00930712021506134,0.09656713894906033,83.38835748690174,-0.09352597467756449,1,0.19868715000319478,0
real_20260706_155439_table_ur10_cluster000_table2_refined_from_identity_hard,real_previous_registration,1349,925,0.033930030474172125,0.014179324328007201,0.3582076795120955,89.42730157966172,0.44409730734340647,0,0.11252818542237347,0
real_20260706_155439_table_ur10_cluster000_table2_refined_from_identity_hard,real_previous_registration,1350,615,0.03331202395372809,0.03154635475758955,0.8980937493371551,103.59588385607086,-0.4344522749817368,1,0.1673198108470092,0
real_20260706_155439_table_ur10_cluster000_table2_refined_from_identity_hard,real_previous_registration,1352,675,0.049859069446811094,0.03780460215644418,0.9961669389036075,230.20925142498135,-0.3494589733672704,1,0.16231246809913813,0
real_20260706_155439_table_ur10_cluster000_table2_refined_from_identity_hard,real_previous_registration,1353,192,0.20036030781889413,0.1976999121320511,0.8725643887336771,142.59393962079824,1.0814576044024533,0,0.0848843915635813,1
real_20260706_155439_table_ur10_cluster000_table2_refined_from_identity_hard,real_previous_registration,1354,525,0.1823570014970132,0.158686328617841,0.9735789995789795,102.66599693083253,-0.1059484372688269,0,0.2156429921319169,0
real_20260706_155439_table_ur10_cluster000_table2_refined_from_identity_hard,real_previous_registration,1356,14,0.037113216728730705,0.024079714805146774,0.20183726302266425,60.938303011618636,0.24652376032717122,1,0.1737510379567103,0
real_20260706_155439_table_ur10_cluster000_table2_refined_from_identity_hard,real_previous_registration,1358,1033,0.10033503165921513,0.049237844937137835,0.9967485450763084,71.25858859185854,0.36405466697750566,0,0.19047524977636476,0
real_20260706_155439_table_ur10_cluster000_table2_refined_from_identity_hard,real_previous_registration,1359,180,0.04416285331043009,0.014865740405951395,0.2141284792618614,155.4556786201231,-0.02898750353995737,0,0.16907406694873064,0
real_20260706_155439_table_ur10_cluster000_table2_refined_from_identity_hard,real_previous_registration,1360,616,0.1622267664352863,0.15969538117109544,0.8752895100026118,78.8046677552074,0.4212127775774421,0,0.18804635488529786,0
real_20260706_155439_table_ur10_cluster000_table2_refined_from_identity_hard,real_previous_registration,1361,238,0.14504442379822305,0.11540762093532758,0.695229550799539,173.94848138080042,0.5819207559771377,0,0.2075964329451317,0
real_20260706_155439_table_ur10_cluster000_table2_refined_from_identity_hard,real_previous_registration,1362,60,0.06505394806460195,0.04018084582210607,0.47289675338035,120.87968849413137,1.1104448463186907,1,0.19530617551298002,0
real_20260706_155439_table_ur10_cluster000_table2_refined_from_identity_hard,real_previous_registration,1363,1107,0.16002225596182498,0.15255071547505888,0.9914958398417748,191.6197841031006,-0.4054646081087893,0,0.22582169665741758,0
real_20260706_155439_table_ur10_cluster000_table2_refined_from_identity_hard,real_previous_registration,1364,881,0.0489459836350923,0.0454562580018136,0.007242211580367711,70.54448298915192,0.1613660281772722,0,0.1246878459356988,0
real_20260706_155439_table_ur10_cluster000_table2_refined_from_identity_hard,real_previous_registration,1365,511,0.10887229463388541,0.10142433034276158,0.9977869634296144,216.36866475092026,-0.8033592653764663,0,0.1966605125157587,0
real_20260706_155439_table_ur10_cluster000_table2_refined_from_identity_hard,real_previous_registration,1366,1048,0.08807936735387561,0.07878448449431034,0.8794515307375335,63.926711817061054,-0.08769505569276323,0,0.21265022123893715,0
real_20260706_155439_table_ur10_cluster000_table2_refined_from_identity_hard,real_previous_registration,1369,588,0.05046222780398513,0.040538069062185364,0.7603673004586613,78.18469510419123,-0.31893949719188364,0,0.1192963861652328,0
real_20260706_155439_table_ur10_cluster000_table2_refined_from_identity_hard,real_previous_registration,1370,676,0.06013485920730528,0.016619489082500525,0.6031837835841016,120.62382795178067,0.5930628272675098,0,0.1008765609009661,0
real_20260706_155439_table_ur10_cluster000_table2_refined_from_identity_hard,real_previous_registration,1372,698,0.12257497329429898,0.07630288628720788,0.6141889750061005,108.16063663430457,0.43531752580399413,0,0.09698813231384092,1
real_20260706_155439_table_ur10_cluster000_table2_refined_from_identity_hard,real_previous_registration,1373,60,0.1061518759127012,0.037233052280985404,0.1280335569819615,84.07508757082412,1.292766247557223,0,0.1194756582230216,0
real_20260706_155439_table_ur10_cluster000_table2_refined_from_identity_hard,real_previous_registration,1375,488,0.1112779873947882,0.10068230710390745,0.9496530853796914,122.58236642540906,0.9126194376034463,0,0.23968147926903824,0
real_20260706_155439_table_ur10_cluster000_table2_refined_from_identity_hard,real_previous_registration,1376,149,0.18792315233557508,0.09995403205840434,0.5636101850149428,112.6498797197797,0.19415580015548037,0,0.16704966024309098,0
real_20260706_155439_table_ur10_cluster000_table2_refined_from_identity_hard,real_previous_registration,1377,853,0.06990655267242751,0.06075100661380574,0.9575789494390043,69.75876029124213,-0.43445218248191664,0,0.20198059850137742,0
real_20260706_155439_table_ur10_cluster000_table2_refined_from_identity_hard,real_previous_registration,1379,1181,0.12910880412858342,0.03839576312465077,0.10755052292478642,219.91922175161324,1.1199238541536929,0,0.04235336879541127,1
real_20260706_155439_table_ur10_cluster000_table2_refined_from_identity_hard,real_previous_registration,1380,545,0.06991915633390111,0.0622656124629232,0.9867815512817925,155.9237340723611,-0.2113088512432436,0,0.16329318378642954,0
real_20260706_155439_table_ur10_cluster000_table2_refined_from_identity_hard,real_previous_registration,1381,289,0.05633998659195236,0.03685809738801981,0.06903019594242756,239.74345753114898,0.035550936764382285,0,0.1969697975611126,0
real_20260706_155439_table_ur10_cluster000_table2_refined_from_identity_hard,real_previous_registration,1382,878,0.1364212452134432,0.12552145318339122,0.9862443561594458,126.3709166836364,0.6294733637745241,0,0.09325246599760789,1
real_20260706_155439_table_ur10_cluster000_table2_refined_from_identity_hard,real_previous_registration,1383,719,0.11631557820229077,0.03047219121188617,0.32851915940455045,133.38655847826263,2.4742578728588316,0,0.09772976285943223,1
real_20260706_155439_table_ur10_cluster000_table2_refined_from_identity_hard,real_previous_registration,1384,381,0.025470366856893394,0.0030542944394955983,0.9787348216081893,218.13909910405678,-0.38315893283116925,1,0.15195685565567463,0
real_20260706_155439_table_ur10_cluster000_table2_refined_from_identity_hard,real_previous_registration,1385,8,0.23518865121959964,0.13423866477000285,0.7994408107178874,140.60760425402364,0.5541580252175183,0,0.14857561456205684,0
real_20260706_155439_table_ur10_cluster000_table2_refined_from_identity_hard,real_previous_registration,1386,274,0.16173474234992555,0.11961665065826388,0.9958953255071986,110.68222567683438,0.10377182884871297,0,0.10903670041093627,0
real_20260706_155439_table_ur10_cluster000_table2_refined_from_identity_hard,real_previous_registration,1387,1033,0.056736420504424574,0.049062424945722743,0.9875288261400885,83.30666577733041,0.23052339935286595,0,0.19396665899072252,0
real_20260706_155439_table_ur10_cluster000_table2_refined_from_identity_hard,real_previous_registration,1388,719,0.1535977577490831,0.041776885955044446,0.5467883213706735,155.4865013006775,2.602091129823365,0,0.16893776312230527,0
real_20260706_155439_table_ur10_cluster000_table2_refined_from_identity_hard,real_previous_registration,1390,1232,0.11747188360971421,0.11702914135502512,0.33953383818243243,163.74081400694192,0.4551691854729848,0,0.2706820682752973,0
real_20260706_155439_table_ur10_cluster000_table2_refined_from_identity_hard,real_previous_registration,1391,925,0.07343322950858854,0.05188384133559934,0.8861007619767165,124.93780006981805,0.44409730734340647,0,0.051670445436499984,1
real_20260706_155439_table_ur10_cluster000_table2_refined_from_identity_hard,real_previous_registration,1392,890,0.13297477085966414,0.11961159786597585,0.9647292100438891,205.32168974470434,1.5804473755676816,0,0.13167575664469247,0
real_20260706_155439_table_ur10_cluster000_table2_refined_from_identity_hard,real_previous_registration,1393,719,0.08762639328526084,0.01166411840157671,0.019113276327440976,135.81299894571603,2.518709593927728,0,0.09972046784040858,1
real_20260706_155439_table_ur10_cluster000_table2_refined_from_identity_hard,real_previous_registration,1394,676,0.09198046238817979,0.04047697067526626,0.7381713043328855,126.09027402283917,0.45198439647152,0,0.09263467909966257,1
real_20260706_155439_table_ur10_cluster000_table2_refined_from_identity_hard,real_previous_registration,1395,1120,0.10657129175083364,0.09141091191631194,0.9857331583695185,164.5571133698803,0.9413692642259074,1,0.043600226867785134,1
real_20260706_155439_table_ur10_cluster000_table2_refined_from_identity_hard,real_previous_registration,1396,774,0.08115672543704396,0.008045451980993261,0.3234245983876761,123.8784042763927,1.5563489912404456,0,0.1904904533530619,0
real_20260706_155439_table_ur10_cluster000_table2_refined_from_identity_hard,real_previous_registration,1397,724,0.04271756883454428,0.021912260936044394,0.9628641064167284,165.1318553540878,0.10234829109906213,0,0.13605034927926327,0
real_20260706_155439_table_ur10_cluster000_table2_refined_from_identity_hard,real_previous_registration,1398,652,0.20877112704805278,0.04695597789817592,0.36835167191720014,109.45436890419002,0.5053679420003329,0,0.08665476884021438,1
real_20260706_155439_table_ur10_cluster000_table2_refined_from_identity_hard,real_previous_registration,1399,705,0.23994023797202713,0.17819092309304937,0.8525107297661337,111.74841899185928,0.4426169060476515,0,0.11294040045225483,0
real_20260706_155439_table_ur10_cluster000_table2_refined_from_identity_hard,real_previous_registration,1400,346,0.07415829860448293,0.05382174729562083,0.6922089874544226,76.65216033845613,0.6728924472264259,0,0.15943000085092535,0
real_20260706_155439_table_ur10_cluster000_table2_refined_from_identity_hard,real_previous_registration,1401,11,0.14784163422797755,0.11890690350992739,0.9822908052337965,161.08828519835407,0.29951626343235616,0,0.04166952977461512,1
real_20260706_155439_table_ur10_cluster000_table2_refined_from_identity_hard,real_previous_registration,1402,149,0.10925453973355416,0.10650228757888902,0.793728617757022,133.63596014994553,-0.017153058217871737,0,0.1500121965927102,0
real_20260706_155439_table_ur10_cluster000_table2_refined_from_identity_hard,real_previous_registration,1403,372,0.02715397363107292,0.022289444645929052,0.906250216826966,60.485922789242096,0.3685090273004053,1,0.14915792540751818,0
real_20260706_155439_table_ur10_cluster000_table2_refined_from_identity_hard,real_previous_registration,1404,559,0.12607277611833023,0.11837627498888642,0.9407801380802445,257.80642308478895,2.6974012332641144,0,0.04316055661003967,1
real_20260706_155439_table_ur10_cluster000_table2_refined_from_identity_hard,real_previous_registration,1405,1181,0.13837174614309994,0.009957825704792703,0.1887328561431133,234.06866468725633,1.1199238541536929,0,0.1136984173236882,0
real_20260706_155439_table_ur10_cluster000_table2_refined_from_identity_hard,real_previous_registration,1406,764,0.027079755583326356,0.01358030777917299,0.9020535770236181,135.10830726333714,-0.2854167984219135,1,0.19680492672469926,0
real_20260706_155439_table_ur10_cluster000_table2_refined_from_identity_hard,real_previous_registration,1407,1197,0.12861040592224376,0.12589493702293905,0.2724654823435817,57.21781218242693,1.3028163880579018,0,0.15559100530904252,0
real_20260706_155439_table_ur10_cluster000_table2_refined_from_identity_hard,real_previous_registration,1408,556,0.08885644699533785,0.0403871595726613,0.5418015304456452,127.46603436408896,0.5359045245384563,0,0.18591451689328778,0
real_20260706_155439_table_ur10_cluster000_table2_refined_from_identity_hard,real_previous_registration,1409,456,0.09587812403729863,0.05303233788703663,0.4951203284022111,94.75553482072615,1.4201048607580884,0,0.04924189632327537,1
real_20260706_155439_table_ur10_cluster000_table2_refined_from_identity_hard,real_previous_registration,1410,326,0.1738470160000459,0.11999982215947472,0.8855042282215267,261.99820976605395,1.698229939003738,0,0.08628038853795705,1
real_20260706_155439_table_ur10_cluster000_table2_refined_from_identity_hard,real_previous_registration,1411,496,0.13049616722557608,0.06524201406348705,0.26538771555133084,150.07536667272495,0.5379270094884013,0,0.06223058347081264,1
real_20260706_155439_table_ur10_cluster000_table2_refined_from_identity_hard,real_previous_registration,1412,844,0.17533901184334774,0.1628246095417689,0.9423783559553457,252.2744308542255,2.353632571522436,0,0.16641899336373744,0
real_20260706_155439_table_ur10_cluster000_table2_refined_from_identity_hard,real_previous_registration,1413,192,0.17414742959663126,0.13926214156254763,0.8221819963137162,211.98390433300696,1.1199238541536929,0,0.07971346270100303,1
real_20260706_155439_table_ur10_cluster000_table2_refined_from_identity_hard,real_previous_registration,1414,1112,0.027858303323740105,0.008325925327236205,0.3097322217673188,66.38850726319806,0.6641588186877551,0,0.17945752404501827,0
real_20260706_155439_table_ur10_cluster000_table2_refined_from_identity_hard,real_previous_registration,1415,955,0.02515251454408318,0.009276701895046058,0.5691273050809881,137.46063008005964,-0.4119792638775118,1,0.15248340441843894,0
real_20260706_155439_table_ur10_cluster000_table2_refined_from_identity_hard,real_previous_registration,1416,559,0.11125246290440205,0.07509116969953336,0.9478785112556802,246.1464978843597,2.6603599904002095,0,0.083998194424397,1
real_20260706_155439_table_ur10_cluster000_table2_refined_from_identity_hard,real_previous_registration,1417,509,0.06078967192533735,0.04885042624951877,0.021953061609360384,121.89748752817623,0.7360712929473859,0,0.17291494690841547,0
real_20260706_155439_table_ur10_cluster000_table2_refined_from_identity_hard,real_previous_registration,1418,66,0.12000925840198101,0.10920199684223433,0.9742771453088789,129.97734375520218,0.644356066391962,0,0.16974430631094664,0
real_20260706_155439_table_ur10_cluster000_table2_refined_from_identity_hard,real_previous_registration,1419,1098,0.1245033498776025,0.07936384968771928,0.7322263886331811,160.10547483085352,2.1304907201952212,0,0.052543043772390656,1
real_20260706_155439_table_ur10_cluster000_table2_refined_from_identity_hard,real_previous_registration,1420,982,0.10291397099687533,0.0584659693804172,0.15461878045666147,150.2435521536578,0.6915574863452006,0,0.2681127467968978,0
real_20260706_155439_table_ur10_cluster000_table2_refined_from_identity_hard,real_previous_registration,1421,604,0.17004405369248826,0.060906915990134605,0.758307717327611,55.952140852084405,0.8873020185319752,0,0.1116705012085362,0
real_20260706_155439_table_ur10_cluster000_table2_refined_from_identity_hard,real_previous_registration,1422,8,0.16269882195335994,0.11239428659693325,0.9877804114593708,200.5882706582687,0.8183093735151148,0,0.11858609712097415,0
real_20260706_155439_table_ur10_cluster000_table2_refined_from_identity_hard,real_previous_registration,1423,86,0.1623050935446553,0.15870824952941412,0.8662078181775401,152.12196789167834,1.4161449833649764,0,0.08653045568558096,1
real_20260706_155439_table_ur10_cluster000_table2_refined_from_identity_hard,real_previous_registration,1424,37,0.08545281035689097,0.0570089143708787,0.4075442037791712,88.9676070598302,0.22805732703643067,0,0.23861823028652424,0
real_20260706_155439_table_ur10_cluster000_table2_refined_from_identity_hard,real_previous_registration,1425,1181,0.13949260662612933,0.06031114708660877,0.13239497437145228,237.10015130504556,1.1749835888839228,0,0.14236928217172337,0
real_20260706_155439_table_ur10_cluster000_table2_refined_from_identity_hard,real_previous_registration,1426,719,0.13729541245705817,0.13263668644889198,0.619471367550807,184.7007560049503,2.6974012332641144,0,0.056018225583357915,1
real_20260706_155439_table_ur10_cluster000_table2_refined_from_identity_hard,real_previous_registration,1427,654,0.1660905770059958,0.14801383654751377,0.7611031203759485,225.55638584402737,0.7695189426798703,0,0.2719163940175534,0
real_20260706_155439_table_ur10_cluster000_table2_refined_from_identity_hard,real_previous_registration,1428,923,0.05779114711320859,0.004358404751608709,0.9253675982401046,83.08011949538368,0.22805732703643067,0,0.09120245312572568,1
real_20260706_155439_table_ur10_cluster000_table2_refined_from_identity_hard,real_previous_registration,1430,384,0.1436699976457816,0.08497022749010963,0.9670974847962783,197.4175987066364,0.6536876639955681,0,0.03834695916216929,1
real_20260706_155439_table_ur10_cluster000_table2_refined_from_identity_hard,real_previous_registration,1431,616,0.029539806665474625,0.010897660385564792,0.23458067549515893,136.4030467923886,0.4818373221880931,0,0.19777728034534645,0
real_20260706_155439_table_ur10_cluster000_table2_refined_from_identity_hard,real_previous_registration,1432,1057,0.06726460106229941,0.0625152698866661,0.9821478894637128,145.69620365852157,1.117824311135448,1,0.19635329806585955,0
real_20260706_155439_table_ur10_cluster000_table2_refined_from_identity_hard,real_previous_registration,1433,469,0.06583645867341163,0.04614686904543706,0.20507862436733815,153.22863020271615,0.11146412782434904,0,0.13057888338035298,0
real_20260706_155439_table_ur10_cluster000_table2_refined_from_identity_hard,real_previous_registration,1435,498,0.17000763392164972,0.11526910458900523,0.8515628287132676,110.64808471479665,0.2907824771327993,0,0.15901565906205695,0
real_20260706_155439_table_ur10_cluster000_table2_refined_from_identity_hard,real_previous_registration,1439,565,0.1743410915392279,0.1458716487330032,0.3615714602472373,113.68163057635546,0.8873021950021026,0,0.055734448011600955,1
real_20260706_155439_table_ur10_cluster000_table2_refined_from_identity_hard,real_previous_registration,1440,456,0.1100571444964454,0.02189650525628834,0.7928279370398317,101.53527999320158,1.375653139689192,0,0.055639859301553754,1
real_20260706_155439_table_ur10_cluster000_table2_refined_from_identity_hard,real_previous_registration,1441,927,0.07050624387206918,0.02558943259334992,0.9982078517762063,94.98936228219272,1.0414520414983415,0,0.13306782464313602,0
real_20260706_155439_table_ur10_cluster000_table2_refined_from_identity_hard,real_previous_registration,1442,559,0.09791189857564103,0.08796559721024012,0.9465221211957553,238.52936117354125,2.6790521087373214,0,0.09964078485032934,1
real_20260706_155439_table_ur10_cluster000_table2_refined_from_identity_hard,real_previous_registration,1443,914,0.048803822566571724,0.04613522485163573,0.057092175154903946,129.45387078173073,0.5424618190047859,0,0.19146695695274615,0
real_20260706_155439_table_ur10_cluster000_table2_refined_from_identity_hard,real_previous_registration,1444,1209,0.028965126636493616,0.019024918974864254,0.09142590482702095,55.03756493848548,0.13353126762463974,1,0.20360496992429483,0
real_20260706_155439_table_ur10_cluster000_table2_refined_from_identity_hard,real_previous_registration,1445,1019,0.13143188152656235,0.11868363881026932,0.9002196234807257,114.88037232988746,0.9307869338931659,0,0.11206685813758659,0
real_20260706_155439_table_ur10_cluster000_table2_refined_from_identity_hard,real_previous_registration,1446,222,0.1642910710448953,0.16286054763423344,0.9519916700354215,260.1885906936183,2.641311810668981,0,0.05277107800133534,1
real_20260706_155439_table_ur10_cluster000_table2_refined_from_identity_hard,real_previous_registration,1447,579,0.12586626506063078,0.11183150949839589,0.9755089182390353,66.29292813781558,0.45985863524708376,0,0.23352635251277887,0
real_20260706_155439_table_ur10_cluster000_table2_refined_from_identity_hard,real_previous_registration,1448,149,0.16018518322784508,0.13860001440404382,0.8527183568150422,102.95439527911985,0.19415580015548037,0,0.13578824779315513,0
real_20260706_155439_table_ur10_cluster000_table2_refined_from_identity_hard,real_previous_registration,1449,1014,0.030950431336209457,0.021209357690864,0.9747620629628978,158.3914712700793,-0.42102914356875243,0,0.15282725388564414,0
real_20260706_155439_table_ur10_cluster000_table2_refined_from_identity_hard,real_previous_registration,1450,1019,0.13733530307901,0.08195587881422288,0.7997258190020198,141.3186592072297,1.0696232629082352,0,0.0965852995329355,1
real_20260706_155439_table_ur10_cluster000_table2_refined_from_identity_hard,real_previous_registration,1452,510,0.12197715134858414,0.10599125947358423,0.2872549387705601,152.35963142621776,1.8681283408812863,0,0.05686821958313362,1
real_20260706_155439_table_ur10_cluster000_table2_refined_from_identity_hard,real_previous_registration,1453,1197,0.07680462392271958,0.07444382937920753,0.14068439809678207,70.74804057541256,1.1519936350673798,0,0.1406427287071406,0
real_20260706_155439_table_ur10_cluster000_table2_refined_from_identity_hard,real_previous_registration,1454,351,0.14173397789673375,0.12961866612471,0.830221675203855,192.79208424563146,1.3050356423199587,0,0.12763060026967382,0
real_20260706_155439_table_ur10_cluster000_table2_refined_from_identity_hard,real_previous_registration,1455,1071,0.16495629725177016,0.1523212594639419,0.946510979994994,212.13574900572843,1.9672184764587648,0,0.09599992924477345,1
real_20260706_155439_table_ur10_cluster000_table2_refined_from_identity_hard,real_previous_registration,1456,1112,0.04327625913926123,0.03285694670762837,0.0534798408723934,88.12470882539169,0.5771475212435071,0,0.19569837435826704,0
real_20260706_155439_table_ur10_cluster000_table2_refined_from_identity_hard,real_previous_registration,1458,1227,0.13007691192737422,0.07157818407006639,0.2368287819756582,127.93341910991766,1.174982656348028,0,0.25187025857057965,0
real_20260706_155439_table_ur10_cluster000_table2_refined_from_identity_hard,real_previous_registration,1459,121,0.16581279378100672,0.151501985749767,0.7575235406129501,45.89230364667277,-0.21130884366750385,0,0.20717648994694768,0
real_20260706_155439_table_ur10_cluster000_table2_refined_from_identity_hard,real_previous_registration,1460,112,0.1762099765821932,0.1730965380213637,0.6655579046657176,97.97121644071771,0.07637281211827121,0,0.11469022303491606,0
real_20260706_155439_table_ur10_cluster000_table2_refined_from_identity_hard,real_previous_registration,1465,869,0.03423138438797942,0.027315304001902067,0.37866159674393596,116.9127254279499,-0.36545941635196094,0,0.18655961858257758,0
real_20260706_155439_table_ur10_cluster000_table2_refined_from_identity_hard,real_previous_registration,1466,928,0.06770427584759328,0.00622021765853566,0.9224751126661711,102.42354156627059,0.5943153448897422,0,0.14725257443559306,0
real_20260706_155439_table_ur10_cluster000_table2_refined_from_identity_hard,real_previous_registration,1467,890,0.13817176778423093,0.13347247785482805,0.9633758985821035,221.3709566713513,1.5427070774993406,0,0.05239053308248073,1
real_20260706_155439_table_ur10_cluster000_table2_refined_from_identity_hard,real_previous_registration,1468,1043,0.03171623492755152,0.025690463783982632,0.27005251032060273,140.6649312701862,-0.8918768724004977,1,0.17684900024995423,0
real_20260706_155439_table_ur10_cluster000_table2_refined_from_identity_hard,real_previous_registration,1469,498,0.1399286153236052,0.13229003714225893,0.9208035705921538,137.7417812656407,-0.014598777682054713,0,0.193074993742451,0
real_20260706_155439_table_ur10_cluster000_table2_refined_from_identity_hard,real_previous_registration,1471,11,0.07290837532492221,0.0676115831819678,0.2587081999386905,83.62441651366133,0.1423308098904939,0,0.12747004754183733,0
real_20260706_155439_table_ur10_cluster000_table2_refined_from_identity_hard,real_previous_registration,1472,890,0.14843587327603208,0.14587510925018554,0.9564943996079706,184.63892790038287,1.6168149919607997,0,0.06367950213140419,1
real_20260706_155439_table_ur10_cluster000_table2_refined_from_identity_hard,real_previous_registration,1473,44,0.06296791968792875,0.03421962233098848,0.2231478038556392,72.12043430272772,-0.3510707251730785,0,0.1972701796393337,0
real_20260706_155439_table_ur10_cluster000_table2_refined_from_identity_hard,real_previous_registration,1474,1120,0.17558777668756673,0.15132159609980428,0.9793180085917463,197.52764996239574,0.8686099655541614,0,0.17511405509233335,0
real_20260706_155439_table_ur10_cluster000_table2_refined_from_identity_hard,real_previous_registration,1475,916,0.06747928651240694,0.05267417500365922,0.9975748473620742,50.9840520937158,0.06959323002318846,0,0.15103195040302297,0
real_20260706_155439_table_ur10_cluster000_table2_refined_from_identity_hard,real_previous_registration,1476,27,0.036859018092945194,0.00018375754983875671,0.9728858664035044,168.48165077409615,-0.27014929239177693,0,0.15906737111525351,0
real_20260706_155439_table_ur10_cluster000_table2_refined_from_identity_hard,real_previous_registration,1477,333,0.05525463345087448,0.047400962630861236,0.9865370970658359,82.48918452428498,-0.6996610787537674,1,0.20598165116527176,0
real_20260706_155439_table_ur10_cluster000_table2_refined_from_identity_hard,real_previous_registration,1479,17,0.05941464773695848,0.054228483937241036,0.10076723630027183,167.41638537872038,0.3483060692693487,0,0.18116449415533922,0
real_20260706_155439_table_ur10_cluster000_table2_refined_from_identity_hard,real_previous_registration,1480,354,0.22326169567017534,0.20822805305263958,0.777840483380228,77.43710036856699,1.1749833091229813,0,0.1044030665156052,0
real_20260706_155439_table_ur10_cluster000_table2_refined_from_identity_hard,real_previous_registration,1481,1103,0.02159640373400713,0.01435810874886815,0.7934158463105768,91.97672844588747,-0.32378680049839087,1,0.1783619751863687,0
real_20260706_155439_table_ur10_cluster000_table2_refined_from_identity_hard,real_previous_registration,1482,719,0.09906601635405891,0.08822526177768877,0.6160857661198358,133.70590985379818,2.273587389517668,0,0.19817534741417,0
real_20260706_155439_table_ur10_cluster000_table2_refined_from_identity_hard,real_previous_registration,1483,167,0.17809156095605866,0.13633805741333294,0.8720433005993108,120.65277511517994,0.3807415559465389,0,0.09082310631168576,1
real_20260706_155439_table_ur10_cluster000_table2_refined_from_identity_hard,real_previous_registration,1484,138,0.04032239954748501,0.023190126062058877,0.921455425764692,77.38492614437749,0.5996203558834644,1,0.14333881488545133,0
real_20260706_155439_table_ur10_cluster000_table2_refined_from_identity_hard,real_previous_registration,1485,149,0.20075437746255576,0.1669116100766055,0.7913897279828364,113.00039464403312,0.0400052869947083,0,0.16293416961764579,0
real_20260706_155439_table_ur10_cluster000_table2_refined_from_identity_hard,real_previous_registration,1486,1218,0.01426933110114138,0.014045981654233548,0.09557011868960308,71.45428691959964,-0.2946904695629654,1,0.19222960228712227,0
real_20260706_155439_table_ur10_cluster000_table2_refined_from_identity_hard,real_previous_registration,1487,697,0.04207499352444124,0.03491917560645557,0.8937259660087096,86.4531575426171,0.5871977636629083,0,0.14125292322931582,0
real_20260706_155439_table_ur10_cluster000_table2_refined_from_identity_hard,real_previous_registration,1489,853,0.07264416362660193,0.057855799605921646,0.9628876628155161,109.87270910202403,-0.6043509762221071,0,0.1473552573182176,0
real_20260706_155439_table_ur10_cluster000_table2_refined_from_identity_hard,real_previous_registration,1491,1088,0.07901774744718645,0.04656071758012957,0.4215945136294733,118.91324961739443,0.9782734576812114,0,0.16003255488635337,0
real_20260706_155439_table_ur10_cluster000_table2_refined_from_identity_hard,real_previous_registration,1492,511,0.10197102466814754,0.09933479986811755,0.9978210421709254,181.191705311472,-0.8834018384348447,1,0.1791409297206386,0
real_20260706_155439_table_ur10_cluster000_table2_refined_from_identity_hard,real_previous_registration,1493,498,0.18289311280894266,0.07489176893076459,0.7636976449957551,100.22456753651909,0.43738580060712645,0,0.10399288358037356,0
real_20260706_155439_table_ur10_cluster000_table2_refined_from_identity_hard,real_previous_registration,1494,934,0.016350077251080983,0.004989279433909395,0.027175774952779952,131.15596124005702,-0.4142495815417587,1,0.20306057925808918,0
real_20260706_155439_table_ur10_cluster000_table2_refined_from_identity_hard,real_previous_registration,1496,637,0.03512728161016839,0.009970079288952861,0.5050990302599417,116.05251703558037,-0.37257691466787407,1,0.18079823135053993,0
real_20260706_155439_table_ur10_cluster000_table2_refined_from_identity_hard,real_previous_registration,1497,1228,0.13816206222992167,0.10372657593689408,0.12126842728782566,128.10723389349334,1.5804473755676816,0,0.06497501121519265,1
real_20260706_155439_table_ur10_cluster000_table2_refined_from_identity_hard,real_previous_registration,1498,154,0.0915951578549693,0.06651767463264034,0.31444157813970686,140.84488937554505,1.1468118127146254,0,0.2581656328695602,0
real_20260706_155439_table_ur10_cluster000_table2_refined_from_identity_hard,real_previous_registration,1499,698,0.10406845115325682,0.026959984185482753,0.5630128091706166,147.492122960308,0.5262892170532824,0,0.13260919441435207,0
real_20260706_155439_table_ur10_cluster000_table2_refined_from_identity_hard,real_previous_registration,1500,812,0.05189110513282949,0.04878027647908125,0.8962874104301046,83.53702621782115,-0.8222175564418007,0,0.1733923268335301,0
real_20260706_155439_table_ur10_cluster000_table2_refined_from_identity_hard,real_previous_registration,1501,1225,0.15012766270282932,0.12402671734769363,0.8851628112105965,238.9739972846099,-0.45816855409957935,0,0.17340334021606157,0
real_20260706_155439_table_ur10_cluster000_table2_refined_from_identity_hard,real_previous_registration,1502,384,0.09304367912160111,0.08665183310549435,0.7487873205768519,95.10654514920182,0.43927796885134063,0,0.1278480779920466,0
real_20260706_155439_table_ur10_cluster000_table2_refined_from_identity_hard,real_previous_registration,1503,654,0.14224539090660823,0.13776905296346068,0.7187760254898032,205.63183331196473,0.8418395310037566,0,0.2193222323096246,0
real_20260706_155439_table_ur10_cluster000_table2_refined_from_identity_hard,real_previous_registration,1505,422,0.09951485674237073,0.07807214892104401,0.8589283152690967,104.61783022873992,0.3066336771992926,0,0.10085208342288676,0
real_20260706_155439_table_ur10_cluster000_table2_refined_from_identity_hard,real_previous_registration,1506,1225,0.1383140473664055,0.10208489146280825,0.8785766695670699,139.6147486218505,-0.27584727730519354,0,0.17934311053033258,0
real_20260706_155439_table_ur10_cluster000_table2_refined_from_identity_hard,real_previous_registration,1507,404,0.16706529328804165,0.12764447762022552,0.3279550091690672,143.2267025012047,0.48183715832313395,0,0.06473104968376334,1
real_20260706_155439_table_ur10_cluster000_table2_refined_from_identity_hard,real_previous_registration,1508,604,0.1272927281565309,0.06823606742166091,0.9732817761666535,75.06567155385024,0.96280951114712,0,0.08262067520023918,1
real_20260706_155439_table_ur10_cluster000_table2_refined_from_identity_hard,real_previous_registration,1509,312,0.03208501387681816,0.030500355403581616,0.7835029042460719,116.3350306004945,-0.42102914356875243,1,0.14056154017504668,0
real_20260706_155439_table_ur10_cluster000_table2_refined_from_identity_hard,real_previous_registration,1510,579,0.12613230528113975,0.10936907441192946,0.9971134500871311,96.53747182279206,0.0871837714668045,0,0.20808593777608977,0
real_20260706_155439_table_ur10_cluster000_table2_refined_from_identity_hard,real_previous_registration,1511,829,0.046732648483167105,0.020629174779667477,0.2868191780171588,70.66366348431367,-0.15866520217778432,0,0.2371163407084149,0
real_20260706_155439_table_ur10_cluster000_table2_refined_from_identity_hard,real_previous_registration,1512,930,0.03185108175018485,0.026180076807582945,0.5618062797557901,91.47249119792033,-0.2803017207099284,0,0.1260630395976213,0
real_20260706_155439_table_ur10_cluster000_table2_refined_from_identity_hard,real_previous_registration,1513,1120,0.12617790100582116,0.12368016252020823,0.967524872097704,182.5944164012308,0.8686099655541614,0,0.08967962898861687,1
real_20260706_155439_table_ur10_cluster000_table2_refined_from_identity_hard,real_previous_registration,1514,616,0.1977529987211646,0.16861249083133922,0.9775565380414835,96.12421630594619,0.4818373221880931,0,0.20533521373679708,0
real_20260706_155439_table_ur10_cluster000_table2_refined_from_identity_hard,real_previous_registration,1515,1158,0.03196311218270967,0.004434446867254061,0.8026490300450244,93.12156851622929,-0.44898037500054727,0,0.1493723623270399,0
real_20260706_155439_table_ur10_cluster000_table2_refined_from_identity_hard,real_previous_registration,1517,845,0.09928957546643016,0.06770790080639146,0.7926005665357992,92.43978223863968,1.4262960052685147,0,0.13496401530758867,0
real_20260706_155439_table_ur10_cluster000_table2_refined_from_identity_hard,real_previous_registration,1518,579,0.15102816954583564,0.08629100108538046,0.6201333671581689,75.9553035010461,0.2907824771327993,0,0.18461278748852933,0
real_20260706_155439_table_ur10_cluster000_table2_refined_from_identity_hard,real_previous_registration,1519,1098,0.18590882818490845,0.06016483223691849,0.6756032725651733,228.6761162861026,2.111072650175211,0,0.0925938171256008,1
real_20260706_155439_table_ur10_cluster000_table2_refined_from_identity_hard,real_previous_registration,1520,705,0.22274128503939672,0.1872576622878848,0.9383100162375,130.34424637196904,0.5736450652962424,0,0.10239728640707138,0
real_20260706_155439_table_ur10_cluster000_table2_refined_from_identity_hard,real_previous_registration,1521,525,0.12468120706906428,0.12106010604631699,0.8870302678760041,117.5974258708913,-0.010638384737059308,0,0.13473815588024318,0
real_20260706_155439_table_ur10_cluster000_table2_refined_from_identity_hard,real_previous_registration,1523,698,0.10637528002607319,0.07437686122023278,0.7371723177819298,150.08635377693363,0.7229993482559939,0,0.08237158527456673,1
real_20260706_155439_table_ur10_cluster000_table2_refined_from_identity_hard,real_previous_registration,1524,977,0.04853942411060668,0.027374741853076454,0.05305657382709886,71.59019564493725,-0.18883607720922485,0,0.22660163088668114,0
real_20260706_155439_table_ur10_cluster000_table2_refined_from_identity_hard,real_previous_registration,1525,1057,0.08239353323156969,0.07240892271418413,0.9840657005953766,124.29861607783407,1.3981259743291492,0,0.23081255101515044,0
real_20260706_155439_table_ur10_cluster000_table2_refined_from_identity_hard,real_previous_registration,1526,579,0.17362108596560355,0.09838200747729231,0.6096685886200218,59.541787027301524,0.2907824771327993,0,0.2732311869110526,0
real_20260706_155439_table_ur10_cluster000_table2_refined_from_identity_hard,real_previous_registration,1527,652,0.18659571432645497,0.07759088964582447,0.6019745961191312,128.7741524883964,0.6954113758364705,0,0.04977051604881787,1
real_20260706_155439_table_ur10_cluster000_table2_refined_from_identity_hard,real_previous_registration,1528,1197,0.1717752122299504,0.17014307058129247,0.9019768895668373,42.61126602719907,1.0543552656822521,0,0.17502239283255366,0
real_20260706_155439_table_ur10_cluster000_table2_refined_from_identity_hard,real_previous_registration,1529,552,0.01870956477595561,0.007558347295210224,0.9954486619041245,161.53529996575892,-0.41894790556157624,1,0.1507310342766886,0
real_20260706_155439_table_ur10_cluster000_table2_refined_from_identity_hard,real_previous_registration,1530,354,0.1349599123313755,0.12811226134490514,0.870620013592449,176.9298401481556,1.292766247557223,1,0.06419423200666807,1
real_20260706_155439_table_ur10_cluster000_table2_refined_from_identity_hard,real_previous_registration,1531,1225,0.1723279801674213,0.16641609552668835,0.8836052747544161,145.8981989063556,-0.41894790556157624,0,0.2857783016174988,0
real_20260706_155439_table_ur10_cluster000_table2_refined_from_identity_hard,real_previous_registration,1532,587,0.07826593060402276,0.058403015226324524,0.9921126685317527,124.97758867578463,0.20642587216402458,0,0.20108924297117778,0
real_20260706_155439_table_ur10_cluster000_table2_refined_from_identity_hard,real_previous_registration,1534,719,0.14577739432420656,0.09988720570001833,0.5916467801272471,188.68245109965224,2.6603599904002095,0,0.13678830223605645,0
real_20260706_155439_table_ur10_cluster000_table2_refined_from_identity_hard,real_previous_registration,1535,289,0.050259168231195646,0.0382990702295447,0.014555282654392883,238.7736204373362,0.06632255565846004,0,0.15662105260576412,0
real_20260706_155439_table_ur10_cluster000_table2_refined_from_identity_hard,real_previous_registration,1536,1156,0.03104002115564884,0.026477809662804136,0.9705076315033082,162.65257466392552,-0.45816855409957935,1,0.12859067143684738,0
real_20260706_155439_table_ur10_cluster000_table2_refined_from_identity_hard,real_previous_registration,1537,525,0.13640412453017337,0.13418079879575612,0.8885486070738827,104.34251193694513,0.048202042558691385,0,0.1806177919943159,0
real_20260706_155439_table_ur10_cluster000_table2_refined_from_identity_hard,real_previous_registration,1538,982,0.04192082723094536,0.018675752123024105,0.015551106170773515,162.69896211078492,0.6915574863452006,1,0.19067576422491211,0
real_20260706_155439_table_ur10_cluster000_table2_refined_from_identity_hard,real_previous_registration,1539,498,0.19981998035288515,0.04620247453445665,0.4829834572024294,110.26531353214716,0.45985863524708376,0,0.06711672725813504,1
real_20260706_155439_table_ur10_cluster000_table2_refined_from_identity_hard,real_previous_registration,1541,434,0.1313376376952266,0.11364514045844551,0.8663959671057171,244.3494757931237,2.4097219941175703,0,0.07567567671809851,1
real_20260706_155439_table_ur10_cluster000_table2_refined_from_identity_hard,real_previous_registration,1542,561,0.03041930756652794,0.007768184962415096,0.2985771271919595,63.58846295063872,-0.048790130836121486,0,0.16546756881861735,0
real_20260706_155439_table_ur10_cluster000_table2_refined_from_identity_hard,real_previous_registration,1544,488,0.16801694469404788,0.07506328400551487,0.966790167436647,164.477039010999,0.9373120245840882,0,0.10802417986556773,0
real_20260706_155439_table_ur10_cluster000_table2_refined_from_identity_hard,real_previous_registration,1545,285,0.10637120398490661,0.06709925290279324,0.10018869585606882,53.3723867554451,0.38831163812601044,0,0.20483172967036514,0
real_20260706_155439_table_ur10_cluster000_table2_refined_from_identity_hard,real_previous_registration,1546,1164,0.14618915709265456,0.1398230225204884,0.9231886136374872,222.3416976230097,2.0222782111889948,0,0.093679215384411,1
real_20260706_155439_table_ur10_cluster000_table2_refined_from_identity_hard,real_previous_registration,1547,1131,0.04082358825590369,0.016929985258767474,0.033879993320732965,159.99881039957546,-0.38038507400386384,0,0.23405295829254033,0
real_20260706_155439_table_ur10_cluster000_table2_refined_from_identity_hard,real_previous_registration,1548,1158,0.04454786008619619,0.010170941041442522,0.990844063783784,72.37935449260432,-0.5516344183158589,0,0.12430740221919566,0
real_20260706_155439_table_ur10_cluster000_table2_refined_from_identity_hard,real_previous_registration,1550,490,0.10532849146947373,0.06253764938203249,0.9722669343134779,73.9343924764047,0.13889319353731489,0,0.07120716331960289,1
real_20260706_155439_table_ur10_cluster000_table2_refined_from_identity_hard,real_previous_registration,1551,1048,0.10931177236137143,0.09251938532392807,0.9689842214113131,82.60447814533833,-0.35238731393709144,0,0.16153390229710263,0
real_20260706_155439_table_ur10_cluster000_table2_refined_from_identity_hard,real_previous_registration,1553,549,0.07556512072990451,0.027808628371023103,0.5192746664166338,244.67409493605402,1.462662985752992,0,0.22250490674022916,0
real_20260706_155439_table_ur10_cluster000_table2_refined_from_identity_hard,real_previous_registration,1554,878,0.0904186098082361,0.090244039096835,0.9331423907896612,93.16233548514994,0.609670752948919,0,0.09629753719559964,1
real_20260706_155439_table_ur10_cluster000_table2_refined_from_identity_hard,real_previous_registration,1555,616,0.18003103234323278,0.163277458769948,0.9028074961306117,84.30436404874327,0.35667434393975234,0,0.2300910961294816,0
real_20260706_155439_table_ur10_cluster000_table2_refined_from_identity_hard,real_previous_registration,1557,306,0.04227818066102352,0.03094546902285035,0.27621112492417665,87.4526725682997,-0.1389883053435107,0,0.1694704376912116,0
real_20260706_155439_table_ur10_cluster000_table2_refined_from_identity_hard,real_previous_registration,1558,1177,0.05047197757386634,0.029756944976232512,0.9849704925486684,117.07595668964663,-0.5550801740291613,0,0.14986957019718664,0
real_20260706_155439_table_ur10_cluster000_table2_refined_from_identity_hard,real_previous_registration,1559,943,0.04479164918251326,0.015999202139934405,0.8330172745267113,88.41854569301802,0.22805732703643067,0,0.12017506794236683,0
real_20260706_155439_table_ur10_cluster000_table2_refined_from_identity_hard,real_previous_registration,1561,354,0.17996994507959896,0.1796264273002697,0.8644671394906158,141.04153384383204,1.292766247557223,0,0.034236486631265516,1
real_20260706_155439_table_ur10_cluster000_table2_refined_from_identity_hard,real_previous_registration,1562,1143,0.06148708379307332,0.057643154376358884,0.9984759489645714,61.026364958586086,0.0465199701803918,0,0.17025468340512365,0
real_20260706_155439_table_ur10_cluster000_table2_refined_from_identity_hard,real_previous_registration,1563,1190,0.02455147254668651,0.023943841206543512,0.2608487021433864,107.64582830611025,1.8255680799862832,0,0.16863230709472318,0
real_20260706_155439_table_ur10_cluster000_table2_refined_from_identity_hard,real_previous_registration,1564,806,0.04867840139241499,0.007706640781874719,0.9991107772605725,164.55208886582966,-0.13126618727602307,0,0.1776860609035849,0
real_20260706_155439_table_ur10_cluster000_table2_refined_from_identity_hard,real_previous_registration,1566,853,0.06055388782354489,0.045098004636804856,0.965785616305777,108.05326826435856,-0.6420912443759892,0,0.16015318154166336,0
real_20260706_155439_table_ur10_cluster000_table2_refined_from_identity_hard,real_previous_registration,1567,565,0.1397567717217036,0.09728763505086194,0.25670024051161155,152.87542761962266,0.8183093735151148,0,0.032224341386276355,1
real_20260706_155439_table_ur10_cluster000_table2_refined_from_identity_hard,real_previous_registration,1569,4,0.16420515840975045,0.1468650115614491,0.8970075508501983,265.7349249491755,1.0050848834370194,0,0.06308736069253071,1
real_20260706_155439_table_ur10_cluster000_table2_refined_from_identity_hard,real_previous_registration,1570,69,0.14925958277684395,0.12946892964043652,0.9270739951129723,264.0042068810312,1.1059908793013533,0,0.07620971763983939,1
real_20260706_155439_table_ur10_cluster000_table2_refined_from_identity_hard,real_previous_registration,1571,409,0.15204770359517947,0.08334306214493038,0.7510205412652474,253.98153359197445,1.0050835362206632,0,0.27977190155966836,0
real_20260706_155439_table_ur10_cluster000_table2_refined_from_identity_hard,real_previous_registration,1572,916,0.03450617794368189,0.020611955553329894,0.7664349914833359,68.29928598559694,0.2208240794464561,1,0.20218975528386376,0
real_20260706_155439_table_ur10_cluster000_table2_refined_from_identity_hard,real_previous_registration,1573,196,0.11673182551807709,0.11542229854091533,0.9464741199338639,79.40440040690909,0.744201459053656,0,0.19817145710743747,0
real_20260706_155439_table_ur10_cluster000_table2_refined_from_identity_hard,real_previous_registration,1574,37,0.04652488873310341,0.04113692083272834,0.7530433991295139,121.27493470549004,0.004914009055309281,0,0.15197030531067354,0
real_20260706_155439_table_ur10_cluster000_table2_refined_from_identity_hard,real_previous_registration,1575,919,0.031036706536794557,0.026247097359013087,0.5319369956134362,121.09647254726485,-0.06612701118765373,1,0.12935070897003761,0
real_20260706_155439_table_ur10_cluster000_table2_refined_from_identity_hard,real_previous_registration,1576,1135,0.11512784884473616,0.03919622824801981,0.8845323026144964,159.5446220341025,1.515908537765206,0,0.2080874265595193,0
real_20260706_155439_table_ur10_cluster000_table2_refined_from_identity_hard,real_previous_registration,1577,579,0.1473843181146665,0.09909976283381325,0.833113656465045,70.61325637545796,0.4143963045811377,0,0.2632998460636577,0
real_20260706_155439_table_ur10_cluster000_table2_refined_from_identity_hard,real_previous_registration,1578,301,0.03787829423943608,0.037525361157646334,0.996252118920122,265.17382697714027,0.21154741595555684,1,0.13944561536743644,0
real_20260706_155439_table_ur10_cluster000_table2_refined_from_identity_hard,real_previous_registration,1580,486,0.04344662425288439,0.003985766147799747,0.9601474670536477,85.04222684589065,0.18173328518338275,0,0.17715462143777286,0
real_20260706_155439_table_ur10_cluster000_table2_refined_from_identity_hard,real_previous_registration,1583,286,0.033663308780597284,0.006104747085057237,0.939509986470928,96.81087073466593,-0.16251877949791366,0,0.10189835665585759,0
real_20260706_155439_table_ur10_cluster000_table2_refined_from_identity_hard,real_previous_registration,1584,916,0.07071060046738942,0.05914306540703334,0.9515767660594672,88.44623174683254,-0.03803733676666781,0,0.20897075213775143,0
real_20260706_155439_table_ur10_cluster000_table2_refined_from_identity_hard,real_previous_registration,1585,121,0.05436072228147287,0.05025201119633344,0.18248476183901874,55.450559628984564,0.011834445147016074,0,0.15765107789086516,0
real_20260706_155439_table_ur10_cluster000_table2_refined_from_identity_hard,real_previous_registration,1586,808,0.024080947579673818,0.022040133570516342,0.02270341973546633,47.42834602816899,-0.27726683031799904,1,0.1466830852437604,0
real_20260706_155439_table_ur10_cluster000_table2_refined_from_identity_hard,real_previous_registration,1587,579,0.13866292921246084,0.05243192448089587,0.28304273710922156,82.65623603740316,0.43738580060712645,0,0.2345870135070097,0
real_20260706_155439_table_ur10_cluster000_table2_refined_from_identity_hard,real_previous_registration,1588,747,0.027048795616192653,0.014955365222443309,0.3423105941331984,51.576904107709346,-0.010638384737059308,1,0.17611808239068966,0
real_20260706_155439_table_ur10_cluster000_table2_refined_from_identity_hard,real_previous_registration,1589,1227,0.11519453987570405,0.08808513669706128,0.2383271944654933,118.10185977948312,1.174982656348028,0,0.2798368808879255,0
real_20260706_155439_table_ur10_cluster000_table2_refined_from_identity_hard,real_previous_registration,1590,149,0.14907875765345424,0.11682815454813758,0.8635468663379569,99.26476113587817,0.19415580015548037,0,0.16999925761572277,0
real_20260706_155439_table_ur10_cluster000_table2_refined_from_identity_hard,real_previous_registration,1591,352,0.22034212055477792,0.12601431938481855,0.5580941837588611,104.3190939886353,0.1296173641368485,0,0.12186473183725324,0
real_20260706_155439_table_ur10_cluster000_table2_refined_from_identity_hard,real_previous_registration,1592,719,0.16425236182367167,0.08225617381138323,0.6302239111867781,174.57993149251394,2.7154197251304395,0,0.1716708218482777,0
real_20260706_155439_table_ur10_cluster000_table2_refined_from_identity_hard,real_previous_registration,1593,1025,0.027854175860767518,0.002508589731549386,0.2778152703456228,68.19999682059651,0.09699217868580118,1,0.23242003215375223,0
real_20260706_155439_table_ur10_cluster000_table2_refined_from_identity_hard,real_previous_registration,1594,313,0.12996468477410614,0.1022399920299532,0.948645841508174,111.67774184835288,0.12901660104348092,0,0.01390080695398597,1
real_20260706_155439_table_ur10_cluster000_table2_refined_from_identity_hard,real_previous_registration,1595,604,0.1400964413099781,0.04807175626112439,0.9469859314314304,55.94997250958726,0.9444603866203267,0,0.12493956500859182,0
real_20260706_155439_table_ur10_cluster000_table2_refined_from_identity_hard,real_previous_registration,1596,355,0.008185801409689024,0.007097693723486516,0.6750906408432564,95.33737061628545,-0.3738276378712658,1,0.1668121579281938,0
real_20260706_155439_table_ur10_cluster000_table2_refined_from_identity_hard,real_previous_registration,1597,1232,0.04502983734291938,0.03417390328097237,0.06274480139341101,164.992658903829,0.507812860746413,0,0.2216280550704891,0
real_20260706_155439_table_ur10_cluster000_table2_refined_from_identity_hard,real_previous_registration,1598,4,0.21869079919488438,0.19932957907441146,0.940953616355905,150.87693860773328,0.9863927650999077,0,0.14193693731701815,0
real_20260706_155439_table_ur10_cluster000_table2_refined_from_identity_hard,real_previous_registration,1600,291,0.041563085292264976,0.02602504796767281,0.8923613993192523,81.43191968657244,0.053383407001084654,0,0.17107789302596707,0
real_20260706_155439_table_ur10_cluster000_table2_refined_from_identity_hard,real_previous_registration,1601,719,0.12229843207163103,0.018783019403565027,0.17075460924888947,140.97764071485108,2.4742578728588316,0,0.150177970227049,0
real_20260706_155439_table_ur10_cluster000_table2_refined_from_identity_hard,real_previous_registration,1603,121,0.03555852287360319,0.0028797489563830857,0.13059286528145855,48.00120064185132,0.1296173641368485,0,0.12883697401754055,0
real_20260706_155439_table_ur10_cluster000_table2_refined_from_identity_hard,real_previous_registration,1604,318,0.08655320358329383,0.07965875144447497,0.836624098564192,69.08690229574988,0.3718367517564554,0,0.15944100995260652,0
real_20260706_155439_table_ur10_cluster000_table2_refined_from_identity_hard,real_previous_registration,1605,102,0.048809913952921787,0.016241242945976023,0.992068100278482,194.44806731984352,-0.08209726187384374,0,0.17183717492163544,0
real_20260706_155439_table_ur10_cluster000_table2_refined_from_identity_hard,real_previous_registration,1606,456,0.14432139855580794,0.05260751780404152,0.30050426810326614,94.6797520299053,1.3291331695088,0,0.04565071881672951,1
real_20260706_155439_table_ur10_cluster000_table2_refined_from_identity_hard,real_previous_registration,1609,321,0.10597728713278719,0.09637348152018506,0.9447444128808259,178.8044316026923,-0.16874920750971928,0,0.17653980946768286,0
real_20260706_155439_table_ur10_cluster000_table2_refined_from_identity_hard,real_previous_registration,1610,226,0.083635796298571,0.07394905641188887,0.9957961763866814,154.75161331885363,0.1941557417140689,0,0.163917828110539,0
real_20260706_155439_table_ur10_cluster000_table2_refined_from_identity_hard,real_previous_registration,1611,1177,0.05556877432425719,0.04314555971783928,0.9487297608196027,123.36646996570265,-0.5810556320923721,0,0.2172331382556118,0
real_20260706_155439_table_ur10_cluster000_table2_refined_from_identity_hard,real_previous_registration,1612,841,0.037697259512170664,0.0039273435227925625,0.936188811334319,152.2285052057409,-0.4290321815077483,1,0.16998009144531553,0
real_20260706_155439_table_ur10_cluster000_table2_refined_from_identity_hard,real_previous_registration,1613,4,0.16758392511600964,0.13354729046435065,0.8956953787667639,271.2379068380357,1.0050848834370194,0,0.10672207118976082,0
real_20260706_155439_table_ur10_cluster000_table2_refined_from_identity_hard,real_previous_registration,1614,351,0.12414493077804264,0.11259463977984899,0.8628450691865661,151.60016984560585,1.375653139689192,0,0.22063642297911634,0
real_20260706_155439_table_ur10_cluster000_table2_refined_from_identity_hard,real_previous_registration,1615,384,0.1330117198615692,0.13202455380485123,0.9564264935813731,101.17969786674962,0.3948262477824443,0,0.11061359725354777,0
real_20260706_155439_table_ur10_cluster000_table2_refined_from_identity_hard,real_previous_registration,1616,488,0.13272720095592586,0.06419888130818555,0.9594643696309114,173.59886056367364,0.9849400259273325,0,0.1449545304108411,0
real_20260706_155439_table_ur10_cluster000_table2_refined_from_identity_hard,real_previous_registration,1617,509,0.04273277646621535,0.027725667218105817,0.057389006301432136,121.78616886571771,0.6943986330209501,0,0.14332142678015597,0
real_20260706_155439_table_ur10_cluster000_table2_refined_from_identity_hard,real_previous_registration,1619,121,0.01078843948054083,0.006189769735935306,0.045879699458377235,49.13987339312252,0.036527032127658024,1,0.16612245382401516,0
real_20260706_155439_table_ur10_cluster000_table2_refined_from_identity_hard,real_previous_registration,1620,645,0.1264197715780563,0.11001730248175465,0.9585481944511843,248.1379589670732,-0.08870663445134082,0,0.21472025193908192,0
real_20260706_155439_table_ur10_cluster000_table2_refined_from_identity_hard,real_previous_registration,1621,149,0.22486348436270365,0.12191454184834584,0.8915526577151076,102.51524058507506,0.38831163812601044,0,0.14567106473706135,0
real_20260706_155439_table_ur10_cluster000_table2_refined_from_identity_hard,real_previous_registration,1622,255,0.030131960729019237,0.01783574257282718,0.7376116488319133,164.10462424706523,-0.961613924995857,1,0.18628975441595857,0
real_20260706_155439_table_ur10_cluster000_table2_refined_from_identity_hard,real_previous_registration,1624,977,0.05122720373738473,0.02202580565918295,0.07062346378733016,77.46546887841126,-0.08347565488464903,0,0.2039689775146292,0
real_20260706_155439_table_ur10_cluster000_table2_refined_from_identity_hard,real_previous_registration,1625,1120,0.14150998128242176,0.14007052509309034,0.9764998856804287,214.0159869244982,0.8686099655541614,0,0.08627918837064304,1
real_20260706_155439_table_ur10_cluster000_table2_refined_from_identity_hard,real_previous_registration,1627,943,0.046459434386226725,0.01808632769939312,0.9544213787256248,56.81454648660357,0.22805732703643067,0,0.15292145013609584,0
real_20260706_155439_table_ur10_cluster000_table2_refined_from_identity_hard,real_previous_registration,1629,1071,0.13629774789847887,0.10947079530124232,0.9510070788163917,226.7595049812408,1.9859105947958764,0,0.0717224051705885,1
real_20260706_155439_table_ur10_cluster000_table2_refined_from_identity_hard,real_previous_registration,1630,681,0.04228125245238871,0.02957859463460258,0.827908871620416,94.09675333914268,0.29951620417321506,0,0.10600352805564849,0
real_20260706_155439_table_ur10_cluster000_table2_refined_from_identity_hard,real_previous_registration,1631,422,0.15958886870040764,0.09830762771312035,0.8686737398109847,99.82252059135692,0.3066336771992926,0,0.04486006207269768,1
real_20260706_155439_table_ur10_cluster000_table2_refined_from_identity_hard,real_previous_registration,1633,8,0.19806514651911816,0.14359203292776113,0.9922776751581258,147.3042597742341,0.7819417571219967,0,0.16851884356601407,0
real_20260706_155439_table_ur10_cluster000_table2_refined_from_identity_hard,real_previous_registration,1634,688,0.10189711906056202,0.08707552225164324,0.27286646562962386,83.45997346598327,1.2023815990046471,0,0.17835865694258277,0
real_20260706_155439_table_ur10_cluster000_table2_refined_from_identity_hard,real_previous_registration,1635,1135,0.1075834702820015,0.06247438570403311,0.8807415688175027,139.72348297115317,1.5378874241941447,0,0.15665388705196973,0
real_20260706_155439_table_ur10_cluster000_table2_refined_from_identity_hard,real_previous_registration,1636,1112,0.0974715809750782,0.08440048470127398,0.9036177066472336,105.33367231841544,0.6215992423124035,0,0.1653665583737316,0
real_20260706_155439_table_ur10_cluster000_table2_refined_from_identity_hard,real_previous_registration,1637,1164,0.1568338564163882,0.11571618330784902,0.9112631412352991,236.63198530221678,2.0222782111889948,0,0.1422184218883115,0
real_20260706_155439_table_ur10_cluster000_table2_refined_from_identity_hard,real_previous_registration,1638,1036,0.03958800411880079,0.020414951449906397,0.9093573172111615,102.0137685387349,-0.283629495944746,1,0.09861915321372766,1
real_20260706_155439_table_ur10_cluster000_table2_refined_from_identity_hard,real_previous_registration,1641,1224,0.07671496051754859,0.0670350395927231,0.9203879598298037,123.20061628525299,-0.2113088512432436,0,0.06373603757743262,1
real_20260706_155439_table_ur10_cluster000_table2_refined_from_identity_hard,real_previous_registration,1642,8,0.17048499145573845,0.12308146163746751,0.9872112926542473,216.60595393985216,0.836008937456631,0,0.12286401294304083,0
real_20260706_155439_table_ur10_cluster000_table2_refined_from_identity_hard,real_previous_registration,1643,1006,0.1921608119538652,0.1839878313099171,0.9161549158905946,122.71436624223128,0.17815540888599987,0,0.19010952377652743,0
real_20260706_155439_table_ur10_cluster000_table2_refined_from_identity_hard,real_previous_registration,1644,845,0.1989116518333718,0.08353426627754632,0.5328995117494656,75.95172993529752,1.1749819103204975,0,0.1933211371683294,0
real_20260706_155439_table_ur10_cluster000_table2_refined_from_identity_hard,real_previous_registration,1645,1067,0.028528295258603995,0.02586935516676398,0.9898462442672126,101.83125953250935,-0.37638850623432,1,0.13280743410318746,0
real_20260706_155439_table_ur10_cluster000_table2_refined_from_identity_hard,real_previous_registration,1646,1228,0.19465993554035466,0.1696674626243923,0.29430063147964763,182.5273660331016,1.5617552572305697,0,0.1638106877692369,0
real_20260706_155439_table_ur10_cluster000_table2_refined_from_identity_hard,real_previous_registration,1647,235,0.12511194679355211,0.08294713705760816,0.7012276213069097,156.82124186494775,0.7537706773781381,0,0.20191590086377778,0
real_20260706_155439_table_ur10_cluster000_table2_refined_from_identity_hard,real_previous_registration,1648,1228,0.027344334559236877,0.004846947225906473,0.8713761660974181,116.07148908144981,1.375653139689192,1,0.14537170622138806,0
real_20260706_155439_table_ur10_cluster000_table2_refined_from_identity_hard,real_previous_registration,1649,881,0.1211526051600127,0.08846965484630152,0.13817512165929965,78.13129967259752,0.24652376032717122,0,0.13643225152381094,0
real_20260706_155439_table_ur10_cluster000_table2_refined_from_identity_hard,real_previous_registration,1651,1225,0.17938739438592605,0.1718166312915462,0.884073054832043,178.75219438711903,-0.41894790556157624,0,0.2786552613527287,0
real_20260706_155439_table_ur10_cluster000_table2_refined_from_identity_hard,real_previous_registration,1652,648,0.1631036701273913,0.14238318198081965,0.5542735077718501,183.77865901565247,0.5210582477389258,0,0.025178943315846025,1
real_20260706_155439_table_ur10_cluster000_table2_refined_from_identity_hard,real_previous_registration,1653,652,0.199622442542345,0.08410721150723965,0.6737185352313828,137.04442691795293,0.6561906949908548,0,0.07839233750263372,1
real_20260706_155439_table_ur10_cluster000_table2_refined_from_identity_hard,real_previous_registration,1654,1011,0.0310612402438365,0.016645614369942736,0.0593804563163682,78.42720262427996,-0.10367834505932585,1,0.19930620058753626,0
real_20260706_155439_table_ur10_cluster000_table2_refined_from_identity_hard,real_previous_registration,1655,986,0.05498507353596388,0.02606926964481191,0.3508304566281262,120.74784766621714,1.3468323796509212,0,0.18006635331965534,0
real_20260706_155439_table_ur10_cluster000_table2_refined_from_identity_hard,real_previous_registration,1656,614,0.10984526899035853,0.093282431141945,0.1734823833764623,113.7063053589786,0.7942115296605123,0,0.14000322298979478,0
real_20260706_155439_table_ur10_cluster000_table2_refined_from_identity_hard,real_previous_registration,1657,354,0.15348442791321912,0.1277886035383481,0.8935952033005822,144.81466561566762,1.2740741292201112,0,0.07734567143829432,1
real_20260706_155439_table_ur10_cluster000_table2_refined_from_identity_hard,real_previous_registration,1658,4,0.18953885803322185,0.16704089023593469,0.8973777092174516,198.15276043504056,0.9479265153486681,0,0.12623133986885807,0
real_20260706_155439_table_ur10_cluster000_table2_refined_from_identity_hard,real_previous_registration,1659,914,0.04356644961088792,0.016369877053508196,0.06528506693290526,157.3018522288521,0.4500886184182079,0,0.15004645920656778,0
real_20260706_155439_table_ur10_cluster000_table2_refined_from_identity_hard,real_previous_registration,1660,652,0.1590845059977226,0.13582731101791576,0.8325541867510426,167.2481118192422,0.6954113758364705,0,0.07941003145985387,1
real_20260706_155439_table_ur10_cluster000_table2_refined_from_identity_hard,real_previous_registration,1661,222,0.17081821216710114,0.14127619234119823,0.9372526822217048,242.194228456346,2.641311810668981,0,0.14109494037427397,0
real_20260706_155439_table_ur10_cluster000_table2_refined_from_identity_hard,real_previous_registration,1662,9,0.12521884534252628,0.009643307451787445,0.43820407808871076,228.99993251915473,1.0509311445711234,0,0.10996213616054608,0
real_20260706_155439_table_ur10_cluster000_table2_refined_from_identity_hard,real_previous_registration,1663,431,0.01074100496707507,0.0032794051804488707,0.32867461072350124,118.19210184492465,-1.0968273191480553,1,0.1797710749227373,0
real_20260706_155439_table_ur10_cluster000_table2_refined_from_identity_hard,real_previous_registration,1664,498,0.154745586432488,0.13090314627927113,0.9075146417276211,130.88977019981337,0.05439399380504185,0,0.18914167972084298,0
real_20260706_155439_table_ur10_cluster000_table2_refined_from_identity_hard,real_previous_registration,1665,1041,0.03244689756382062,0.007037297839845441,0.24654860398779338,60.62603843553349,-0.400550804512843,0,0.16199686678932892,0
real_20260706_155439_table_ur10_cluster000_table2_refined_from_identity_hard,real_previous_registration,1666,469,0.04508437392364844,0.003878442584487822,0.27827311515663433,131.5501358473347,0.27052860947257773,1,0.16628735269878198,0
real_20260706_155439_table_ur10_cluster000_table2_refined_from_identity_hard,real_previous_registration,1667,413,0.04517286240392711,0.04420461388863357,0.6791767988476585,171.05056566437008,0.5559449436641402,0,0.1731585200713059,0
real_20260706_155439_table_ur10_cluster000_table2_refined_from_identity_hard,real_previous_registration,1669,718,0.039607284440465344,0.028610143890165612,0.9821334115869623,164.90737099548485,-0.7441128077277886,1,0.14453419893309497,0
real_20260706_155439_table_ur10_cluster000_table2_refined_from_identity_hard,real_previous_registration,1670,928,0.04057233016037165,0.019274981041742637,0.31754192436117123,78.54154736580914,0.4818374678459298,0,0.17588573139030125,0
real_20260706_155439_table_ur10_cluster000_table2_refined_from_identity_hard,real_previous_registration,1671,525,0.14816700614402814,0.13248022756142666,0.7217723572631063,107.67808811398052,-0.1059484372688269,0,0.2064932759479671,0
real_20260706_155439_table_ur10_cluster000_table2_refined_from_identity_hard,real_previous_registration,1672,510,0.11460375773079032,0.08899324720090182,0.26338279754043253,157.3250932514271,1.7940204264198274,0,0.08431301887572132,1
real_20260706_155439_table_ur10_cluster000_table2_refined_from_identity_hard,real_previous_registration,1673,100,0.05332712249880328,0.04472874761836333,0.9694515069580442,89.9990922366586,-0.49161057908328065,1,0.18719059148451117,0
real_20260706_155439_table_ur10_cluster000_table2_refined_from_identity_hard,real_previous_registration,1675,69,0.14744265671305634,0.12378827180643341,0.9271795495717442,265.02213269821783,0.9926622839942786,1,0.08698407477420235,1
real_20260706_155439_table_ur10_cluster000_table2_refined_from_identity_hard,real_previous_registration,1676,1190,0.07124051578025023,0.06988760906782858,0.4571239916770165,96.24989988051196,1.8035891935573443,0,0.20170949668690627,0
real_20260706_155439_table_ur10_cluster000_table2_refined_from_identity_hard,real_previous_registration,1677,196,0.09962761944911233,0.09679800634750027,0.8933009821891398,69.95508809294314,0.8183093735151148,0,0.2059454469252955,0
real_20260706_155439_table_ur10_cluster000_table2_refined_from_identity_hard,real_previous_registration,1678,336,0.05160211193313287,0.026737804394052433,0.9759434773548278,138.9886250864719,0.4818372743941349,0,0.14521422998547834,0
real_20260706_155439_table_ur10_cluster000_table2_refined_from_identity_hard,real_previous_registration,1679,818,0.0628563565958319,0.04063645655013575,0.6534994647286326,113.4982192286014,-0.7419366113968017,0,0.21395452643101198,0
real_20260706_155439_table_ur10_cluster000_table2_refined_from_identity_hard,real_previous_registration,1680,223,0.0875754690668245,0.02430457819664275,0.06554407829363001,79.9199526119522,1.336250908671208,0,0.11120882922574525,0
real_20260706_155439_table_ur10_cluster000_table2_refined_from_identity_hard,real_previous_registration,1682,1071,0.10346689373933293,0.07626118448847316,0.9400166542386191,210.10754440924094,2.0222782111889948,0,0.09061552835400626,1
real_20260706_155439_table_ur10_cluster000_table2_refined_from_identity_hard,real_previous_registration,1683,149,0.22106836156027496,0.15899476767017,0.9410176179470758,86.24234951384227,0.3066336771992926,0,0.11499629806420733,0
real_20260706_155439_table_ur10_cluster000_table2_refined_from_identity_hard,real_previous_registration,1684,456,0.10910866789804796,0.04774103263788154,0.4591374628538077,94.86777379692512,1.3981259743291492,0,0.07682394169964187,1
real_20260706_155439_table_ur10_cluster000_table2_refined_from_identity_hard,real_previous_registration,1686,883,0.02907587014582248,0.024396221077407597,0.24139110646777134,53.38675454875445,0.036527032127658024,0,0.13643937579158424,0
real_20260706_155439_table_ur10_cluster000_table2_refined_from_identity_hard,real_previous_registration,1688,579,0.11691794564603632,0.05940441087916211,0.5289534707947654,67.69525423733485,0.6421800364856161,0,0.27803839926736296,0
real_20260706_155439_table_ur10_cluster000_table2_refined_from_identity_hard,real_previous_registration,1689,375,0.18703259879593484,0.15941664596367705,0.8410018689502953,116.6031685488518,0.550830272666279,0,0.2070459468233988,0
real_20260706_155439_table_ur10_cluster000_table2_refined_from_identity_hard,real_previous_registration,1692,845,0.11897274061483264,0.06356558330795421,0.7893640554620357,95.21193622078209,1.3981251616351122,0,0.12362324283048567,0
real_20260706_155439_table_ur10_cluster000_table2_refined_from_identity_hard,real_previous_registration,1693,1028,0.03356824945920212,0.010214474045153604,0.9519507762205731,144.0359442719146,-0.3703733400215809,0,0.12388709188164088,0
real_20260706_155439_table_ur10_cluster000_table2_refined_from_identity_hard,real_previous_registration,1694,486,0.05497458275929764,0.010954662398823742,0.9599591633992607,75.47679180093557,0.15641550412214109,0,0.1380837541076518,0
real_20260706_155439_table_ur10_cluster000_table2_refined_from_identity_hard,real_previous_registration,1695,456,0.15064866105346122,0.10822626986760797,0.08135987516237218,114.86722892933113,1.4416110465526122,0,0.08816878167592075,1
real_20260706_155439_table_ur10_cluster000_table2_refined_from_identity_hard,real_previous_registration,1697,800,0.027255062506770067,0.02162417020406746,0.2514273711772757,97.76743455384381,-0.46262296639323647,1,0.14012984051248767,0
real_20260706_155439_table_ur10_cluster000_table2_refined_from_identity_hard,real_previous_registration,1698,738,0.03376890982698744,0.029463943348246254,0.29760743911401555,46.96940353119107,0.02836373978948387,1,0.20516403506885725,0
real_20260706_155439_table_ur10_cluster000_table2_refined_from_identity_hard,real_previous_registration,1699,1048,0.10533185675501835,0.09602405480619632,0.9676710407018623,83.78422144214984,-0.35238731393709144,0,0.14049012175788136,0
real_20260706_155439_table_ur10_cluster000_table2_refined_from_identity_hard,real_previous_registration,1700,878,0.1203165008997573,0.11728413335597225,0.9826492136623063,127.4586995967582,0.6488914337945347,0,0.08014767124938922,1
real_20260706_155439_table_ur10_cluster000_table2_refined_from_identity_hard,real_previous_registration,1701,60,0.0847941195962349,0.05661455113709305,0.4875902007522611,120.92252879275738,0.9673441462676168,0,0.22743399950359589,0
real_20260706_155439_table_ur10_cluster000_table2_refined_from_identity_hard,real_previous_registration,1702,719,0.11040327427380482,0.07166987824789461,0.5228286685918775,161.86916028758793,2.5818884396486883,0,0.07956391220552038,1
real_20260706_155439_table_ur10_cluster000_table2_refined_from_identity_hard,real_previous_registration,1703,517,0.0244393871512552,0.0032238247027015347,0.5846393291887056,97.97546299449269,-0.30439924789876976,0,0.11568086812405408,0
real_20260706_155439_table_ur10_cluster000_table2_refined_from_identity_hard,real_previous_registration,1704,237,0.0316934544850373,0.0009455645529812835,0.6590642051805413,106.2723227505492,-0.31893949719188364,0,0.17709490438578193,0
real_20260706_155439_table_ur10_cluster000_table2_refined_from_identity_hard,real_previous_registration,1705,1135,0.15496556977247583,0.07913303999583209,0.9459772654083504,100.77890451901342,1.7165790635305314,0,0.07252568035643114,1
real_20260706_155439_table_ur10_cluster000_table2_refined_from_identity_hard,real_previous_registration,1706,719,0.15827004907761935,0.13926055394480047,0.5672230554564918,209.31356741150614,2.6603599904002095,0,0.1280156233544743,0
real_20260706_155439_table_ur10_cluster000_table2_refined_from_identity_hard,real_previous_registration,1707,547,0.026625990680929603,0.016596873046538323,0.9981894323317371,137.73383493241212,-0.4815988698687471,0,0.1367775784416187,0
real_20260706_155439_table_ur10_cluster000_table2_refined_from_identity_hard,real_previous_registration,1708,1135,0.11624817690351531,0.07738246497991792,0.8807415688175029,146.1466080984666,1.4704462070992599,0,0.16058768917305588,0
real_20260706_155439_table_ur10_cluster000_table2_refined_from_identity_hard,real_previous_registration,1709,1234,0.04691463181781119,0.02886575397326937,0.01138009991625219,137.36683416358477,-0.3845804525337269,0,0.20848646846397292,0
real_20260706_155439_table_ur10_cluster000_table2_refined_from_identity_hard,real_previous_registration,1710,1009,0.1527701673017591,0.09688693430250615,0.9017672832939825,256.57011261569096,1.4373469396179361,0,0.08703977777477688,1
real_20260706_155439_table_ur10_cluster000_table2_refined_from_identity_hard,real_previous_registration,1711,816,0.06154335880063061,0.05000716184170466,0.9989054208928297,80.2613379219856,-0.6766715784994561,0,0.14906486650318,0
real_20260706_155439_table_ur10_cluster000_table2_refined_from_identity_hard,real_previous_registration,1712,719,0.15034651464281026,0.14984377197237747,0.5914203018257644,219.438991932637,2.6603599904002095,0,0.09510972033288381,1
real_20260706_155439_table_ur10_cluster000_table2_refined_from_identity_hard,real_previous_registration,1713,198,0.09791687111632,0.09720405945453053,0.3076219264631208,122.59759780062612,-0.2668786637412342,0,0.12579423726008718,0
real_20260706_155439_table_ur10_cluster000_table2_refined_from_identity_hard,real_previous_registration,1714,17,0.1034484707499893,0.09537096368129577,0.8041446657934059,144.5320843992836,0.907921214348386,0,0.09221470570393718,1
real_20260706_155439_table_ur10_cluster000_table2_refined_from_identity_hard,real_previous_registration,1716,360,0.06789302707946397,0.0562364434112825,0.9488719064086231,138.45019710146457,0.9826112475374705,0,0.15888503378749677,0
real_20260706_155439_table_ur10_cluster000_table2_refined_from_identity_hard,real_previous_registration,1717,1099,0.05186350996251885,0.012150442517618591,0.11110374930275045,198.62505952060857,0.1941557144414224,0,0.12951689913253198,0
real_20260706_155439_table_ur10_cluster000_table2_refined_from_identity_hard,real_previous_registration,1718,285,0.16806807924608438,0.14698630144620525,0.9119715292996651,60.629087675541214,0.3066336771992926,0,0.20675070658701364,0
real_20260706_155439_table_ur10_cluster000_table2_refined_from_identity_hard,real_previous_registration,1719,1071,0.17871463884179006,0.15893427885988717,0.9299614939371631,215.27090380292103,1.9859105947958764,0,0.09090514186792518,1
real_20260706_155439_table_ur10_cluster000_table2_refined_from_identity_hard,real_previous_registration,1720,698,0.1220994177207989,0.09322017984957516,0.6013870148688687,107.3432233208821,0.43531752580399413,0,0.07504933766564727,1
real_20260706_155439_table_ur10_cluster000_table2_refined_from_identity_hard,real_previous_registration,1721,1057,0.08442668416253336,0.06132837204894318,0.9902516010953429,174.24275770985267,0.9587598294872193,0,0.20373419674079024,0
real_20260706_155439_table_ur10_cluster000_table2_refined_from_identity_hard,real_previous_registration,1722,1135,0.13839723672324336,0.04597268792369465,0.8892114807320091,193.95059729541072,1.3981256187753734,0,0.24972513646236125,0
real_20260706_155439_table_ur10_cluster000_table2_refined_from_identity_hard,real_previous_registration,1725,1192,0.03396285592401105,0.03058835640951665,0.9882517788336176,121.34274968076053,-0.10952625880444958,1,0.0989198861864463,1
real_20260706_155439_table_ur10_cluster000_table2_refined_from_identity_hard,real_previous_registration,1726,354,0.1610854341718143,0.15714295452181637,0.8885687720003117,134.59547688379757,1.2550259494888822,0,0.024918711680112057,1
real_20260706_155439_table_ur10_cluster000_table2_refined_from_identity_hard,real_previous_registration,1727,274,0.12723911070022048,0.10044270176525416,0.9647947161509945,187.45386571894144,-0.21130879737132754,0,0.20871847358520015,0
real_20260706_155439_table_ur10_cluster000_table2_refined_from_identity_hard,real_previous_registration,1728,1154,0.17071225470016857,0.11677935300676558,0.9457895608448614,124.40195742777145,-0.21130880795330895,0,0.1322257333422221,0
real_20260706_155439_table_ur10_cluster000_table2_refined_from_identity_hard,real_previous_registration,1729,1120,0.13868560391951407,0.1363762281939321,0.9675248720977501,184.00790366332816,0.8495617858229322,0,0.09002496927730967,1
real_20260706_155439_table_ur10_cluster000_table2_refined_from_identity_hard,real_previous_registration,1730,774,0.057022802546596286,0.039746899847495853,0.2565092485621022,128.66406213269858,1.3981251616351122,0,0.2099608516421593,0
real_20260706_155439_table_ur10_cluster000_table2_refined_from_identity_hard,real_previous_registration,1731,222,0.19856821665685365,0.18273086828810375,0.9477682092646025,255.7439373206561,2.62189374064897,0,0.10513599065980436,0
real_20260706_155439_table_ur10_cluster000_table2_refined_from_identity_hard,real_previous_registration,1732,525,0.17667012307449337,0.13491387157449833,0.9781886004744555,146.29671547724718,-0.1059484372688269,0,0.10868693492814835,0
real_20260706_155439_table_ur10_cluster000_table2_refined_from_identity_hard,real_previous_registration,1734,1135,0.17216105113415703,0.09917518812435383,0.9840552669775535,113.73272505264238,1.6010662699151048,0,0.12620206822403357,0
real_20260706_155439_table_ur10_cluster000_table2_refined_from_identity_hard,real_previous_registration,1736,869,0.023072331345908463,0.014736819363854167,0.44820395042181144,145.49652155942803,-0.48324230617519187,1,0.17936705559843097,0
real_20260706_155439_table_ur10_cluster000_table2_refined_from_identity_hard,real_previous_registration,1737,162,0.0662696716769183,0.05598622152591547,0.43601004485417355,52.65145559301879,-0.2113088885392014,0,0.21992875129623254,0
real_20260706_155439_table_ur10_cluster000_table2_refined_from_identity_hard,real_previous_registration,1738,622,0.022245553600634377,0.0014965509812796937,0.16450209735137666,76.3780319762343,-0.07473349431278291,1,0.2232081381894332,0
real_20260706_155439_table_ur10_cluster000_table2_refined_from_identity_hard,real_previous_registration,1740,308,0.03449445080083723,0.007261259179907683,0.19275354077791346,83.85638846413359,0.011834447647011324,0,0.11276017776499564,0
real_20260706_155439_table_ur10_cluster000_table2_refined_from_identity_hard,real_previous_registration,1741,925,0.036693574226371733,0.02605130226129563,0.3222339803637952,88.60663381261075,0.29951620417321506,0,0.14829487889915663,0
real_20260706_155439_table_ur10_cluster000_table2_refined_from_identity_hard,real_previous_registration,1742,616,0.13826404219783708,0.11613838875415414,0.4209542525509725,90.08201863043956,0.5108248237672707,0,0.21855443272402159,0
real_20260706_155439_table_ur10_cluster000_table2_refined_from_identity_hard,real_previous_registration,1743,774,0.17109398970987838,0.10234613856709346,0.31979873317368224,236.10092626651075,1.1386143217050935,0,0.2073722205118746,0
real_20260706_155439_table_ur10_cluster000_table2_refined_from_identity_hard,real_previous_registration,1744,881,0.040798468977506074,0.008476532451591757,0.5113846909960793,71.97914981742615,-0.03437834714722997,0,0.1670164320577342,0
real_20260706_155439_table_ur10_cluster000_table2_refined_from_identity_hard,real_previous_registration,1745,199,0.04774173914129944,0.045005610250364154,0.8716767615173466,99.95018656350472,-0.6252843907918033,0,0.18147352266583405,0
real_20260706_155439_table_ur10_cluster000_table2_refined_from_identity_hard,real_previous_registration,1746,8,0.18637679198941978,0.15451473663827303,0.9908630991982197,139.24935629109586,0.8002908816487899,0,0.08862028621787209,1
real_20260706_155439_table_ur10_cluster000_table2_refined_from_identity_hard,real_previous_registration,1747,844,0.21235048997518888,0.15137308922333048,0.917464715159755,227.694357701508,2.3913728695907768,0,0.19827559532562142,0
real_20260706_155439_table_ur10_cluster000_table2_refined_from_identity_hard,real_previous_registration,1748,579,0.12026253153243574,0.060298901627495766,0.5832832672061876,80.75030360312687,0.5652190575716596,0,0.23117502120996292,0
real_20260706_155439_table_ur10_cluster000_table2_refined_from_identity_hard,real_previous_registration,1749,631,0.20071083781096402,0.193550067311579,0.9749229245561721,168.95879447487076,0.19415568110819817,0,0.22056940338173106,0
real_20260706_155439_table_ur10_cluster000_table2_refined_from_identity_hard,real_previous_registration,1750,375,0.23689854379025807,0.2167153429845251,0.8948237996147689,87.58426908831318,0.5053679420003329,0,0.09464391014649412,1
real_20260706_155439_table_ur10_cluster000_table2_refined_from_identity_hard,real_previous_registration,1751,769,0.031348326223710435,0.0033203671378465955,0.9451303981626613,193.16896759451132,-0.0470059839344448,0,0.09870852614169674,1
real_20260706_155439_table_ur10_cluster000_table2_refined_from_identity_hard,real_previous_registration,1752,532,0.11580311934654054,0.03311219193726369,0.6977100569801474,113.21761903030293,0.6931461805614452,0,0.05063688117508875,1
real_20260706_155439_table_ur10_cluster000_table2_refined_from_identity_hard,real_previous_registration,1753,1135,0.13015890747297088,0.05278334374390081,0.8988759099362562,109.79347053932626,1.6604896409353973,0,0.06720310648069873,1
real_20260706_155439_table_ur10_cluster000_table2_refined_from_identity_hard,real_previous_registration,1754,375,0.17197819186028585,0.16041758133802145,0.8337258803624875,113.7036739298673,0.2995161110517553,0,0.1354763698442241,0
real_20260706_155439_table_ur10_cluster000_table2_refined_from_identity_hard,real_previous_registration,1756,1190,0.07906010143936944,0.06666786042065143,0.23289800830414947,166.16224881438265,1.430914329777065,0,0.12487965835633126,0
real_20260706_155439_table_ur10_cluster000_table2_refined_from_identity_hard,real_previous_registration,1757,957,0.15206865542838133,0.14215838474761847,0.8847842600344334,111.37800248608598,-0.18232135679417452,0,0.20435718251121426,0
real_20260706_155439_table_ur10_cluster000_table2_refined_from_identity_hard,real_previous_registration,1758,274,0.2030413780797492,0.1327800995141234,0.9985778896134305,93.54088185211923,0.23052339935286595,0,0.1068430631213394,0
real_20260706_155439_table_ur10_cluster000_table2_refined_from_identity_hard,real_previous_registration,1759,587,0.051556856584477145,0.04872422495285992,0.9842857783689607,152.3076799985385,-0.07315865960706416,1,0.21239818187484424,0
real_20260706_155439_table_ur10_cluster000_table2_refined_from_identity_hard,real_previous_registration,1761,556,0.0450272713990097,0.002607779538355651,0.4712435439372023,96.51680273058071,0.5618799826016669,0,0.10248980252977433,0
real_20260706_155439_table_ur10_cluster000_table2_refined_from_identity_hard,real_previous_registration,1762,579,0.1614725463385688,0.06573357033922556,0.9705249638622864,61.68091667737387,0.43738580060712645,0,0.31955474711166104,0
real_20260706_155439_table_ur10_cluster000_table2_refined_from_identity_hard,real_previous_registration,1763,1071,0.0937873969607354,0.0896398560866312,0.9445816763581746,212.73639991961437,2.0042597193226697,1,0.06899009939270707,1
real_20260706_155439_table_ur10_cluster000_table2_refined_from_identity_hard,real_previous_registration,1764,525,0.16660130387366287,0.15088617600486057,0.9733263784657112,114.91121068526554,-0.1059484372688269,0,0.17786858768474303,0
real_20260706_155439_table_ur10_cluster000_table2_refined_from_identity_hard,real_previous_registration,1765,192,0.17989150783440808,0.1652501614161579,0.84712722622678,186.25658682902352,1.156965097017598,0,0.03613737961889228,1
real_20260706_155439_table_ur10_cluster000_table2_refined_from_identity_hard,real_previous_registration,1766,380,0.05486952015531128,0.04940889762370135,0.1114420721692479,86.37537703504675,0.0834903687419606,0,0.1468563978099656,0
real_20260706_155439_table_ur10_cluster000_table2_refined_from_identity_hard,real_previous_registration,1767,38,0.02638914175309338,0.01604749369049615,0.40164428182380196,54.08345989968962,0.18557212309274315,0,0.12129774089788374,0
real_20260706_155439_table_ur10_cluster000_table2_refined_from_identity_hard,real_previous_registration,1768,149,0.1852439334789173,0.1659919194925551,0.8527183568150871,113.65917517492369,0.06740422965132745,0,0.15400858136358941,0
real_20260706_155439_table_ur10_cluster000_table2_refined_from_identity_hard,real_previous_registration,1769,697,0.05070545190330529,0.03419819277139112,0.928270766030881,102.1872210745392,0.42467901945903946,0,0.13074645589682812,0
real_20260706_155439_table_ur10_cluster000_table2_refined_from_identity_hard,real_previous_registration,1770,1159,0.08388601049169495,0.0463528358614684,0.9613447896663803,86.64622158483601,0.36405466697750566,0,0.05524206926223185,1
real_20260706_155439_table_ur10_cluster000_table2_refined_from_identity_hard,real_previous_registration,1771,354,0.17368553723811453,0.14970752536216947,0.8734257336096873,219.38430691292356,1.2550259494888822,0,0.0854208506472076,1
real_20260706_155439_table_ur10_cluster000_table2_refined_from_identity_hard,real_previous_registration,1772,613,0.028684280838990113,0.025055917188331677,0.7213113399161616,85.21549059919849,-0.4857455141061889,1,0.11905469298305281,0
real_20260706_155439_table_ur10_cluster000_table2_refined_from_identity_hard,real_previous_registration,1773,1135,0.11927096613154521,0.059355160497715845,0.9456881626981443,115.33247690146344,1.698229939003738,0,0.09081386707954038,1
real_20260706_155439_table_ur10_cluster000_table2_refined_from_identity_hard,real_previous_registration,1774,1181,0.148532798266469,0.007938722578470777,0.18873285614293234,234.87830781994248,1.1199238541536929,0,0.11156093610876601,0
real_20260706_155439_table_ur10_cluster000_table2_refined_from_identity_hard,real_previous_registration,1775,328,0.03333482541848808,0.0322383270962439,0.36533733256753403,192.61812181160363,-0.4119792638775118,0,0.20595006503686628,0
real_20260706_155439_table_ur10_cluster000_table2_refined_from_identity_hard,real_previous_registration,1776,11,0.14775010083454035,0.1393305651364299,0.8382601777355683,91.08374462641623,0.029852932846681578,0,0.09622268009315788,1
real_20260706_155439_table_ur10_cluster000_table2_refined_from_identity_hard,real_previous_registration,1777,1088,0.05052735336957397,0.04150655455134926,0.4347116192770543,155.86909755472672,0.646139982341998,0,0.12736884632415021,0
real_20260706_155439_table_ur10_cluster000_table2_refined_from_identity_hard,real_previous_registration,1778,698,0.12131759667971867,0.08597267917873956,0.7618765836857685,156.3902928958116,0.6488914337945347,0,0.08401366044572252,1
real_20260706_155439_table_ur10_cluster000_table2_refined_from_identity_hard,real_previous_registration,1779,1135,0.1613826975457168,0.0710119183670101,0.8707429821655597,119.55044461272846,1.515908537765206,0,0.10535086078692012,0
real_20260706_155439_table_ur10_cluster000_table2_refined_from_identity_hard,real_previous_registration,1780,369,0.052133487317901836,0.03895369967563699,0.9429871331397379,120.68662416328905,-0.6033504203631382,0,0.21422860046359102,0
real_20260706_155439_table_ur10_cluster000_table2_refined_from_identity_hard,real_previous_registration,1781,525,0.10926676149947273,0.08481104634337704,0.3071023031018066,104.44196264492632,-0.010638384737059308,0,0.1905854962354247,0
real_20260706_155439_table_ur10_cluster000_table2_refined_from_identity_hard,real_previous_registration,1782,719,0.160472470378304,0.15915833473286076,0.5914203018257949,221.4098738337583,2.641311810668981,0,0.09911647360313548,1
real_20260706_155439_table_ur10_cluster000_table2_refined_from_identity_hard,real_previous_registration,1783,498,0.19674284073325227,0.0631730913799261,0.43288045665066305,126.88765492900875,0.5033437074705468,0,0.08539496510122092,1
real_20260706_155439_table_ur10_cluster000_table2_refined_from_identity_hard,real_previous_registration,1784,1057,0.08437369441084687,0.05578736524243768,0.9926220066036759,161.4885562176628,1.117824311135448,0,0.1843564282801875,0
real_20260706_155439_table_ur10_cluster000_table2_refined_from_identity_hard,real_previous_registration,1785,1025,0.1479503352335734,0.10989248545338277,0.9672285027927188,64.13412432030792,0.0553195187593653,0,0.2431807156880132,0
real_20260706_155439_table_ur10_cluster000_table2_refined_from_identity_hard,real_previous_registration,1786,469,0.0475384958776667,0.008275369656541801,0.23120873697548466,136.44862642858,0.27052860947257773,0,0.15496387279493362,0
real_20260706_155439_table_ur10_cluster000_table2_refined_from_identity_hard,real_previous_registration,1787,347,0.08310755817794088,0.0630364807463221,0.9320225434142945,66.95733252128419,-0.30439924789876976,0,0.2176302984537601,0
real_20260706_155439_table_ur10_cluster000_table2_refined_from_identity_hard,real_previous_registration,1788,510,0.12189594121615373,0.031362259224390635,0.04947818251002639,134.5969935969119,1.60397699258369,0,0.11696187701217127,0
real_20260706_155439_table_ur10_cluster000_table2_refined_from_identity_hard,real_previous_registration,1789,925,0.10570328656719107,0.08495050702194393,0.996592812459054,124.99715531261734,0.38467393632311403,0,0.03812795569664351,1
real_20260706_155439_table_ur10_cluster000_table2_refined_from_identity_hard,real_previous_registration,1790,719,0.07836476273092138,0.07132696195527903,0.6394804638777768,131.282697638567,2.216429044305088,1,0.171980579582504,0
real_20260706_155439_table_ur10_cluster000_table2_refined_from_identity_hard,real_previous_registration,1791,925,0.10455336684673179,0.0964572887823583,0.9882596625002587,89.154584571485,0.18173328518338275,0,0.07507450910519767,1
real_20260706_155439_table_ur10_cluster000_table2_refined_from_identity_hard,real_previous_registration,1792,844,0.16371514815632984,0.16110541504396575,0.93841588151513,255.8654269525964,2.4097219941175703,0,0.1477692707667891,0
real_20260706_155439_table_ur10_cluster000_table2_refined_from_identity_hard,real_previous_registration,1794,384,0.09168987180217947,0.08574894584888898,0.9400912731469805,130.92330082464872,0.5226595047469773,0,0.09785814306173066,1
real_20260706_155439_table_ur10_cluster000_table2_refined_from_identity_hard,real_previous_registration,1795,178,0.09968931243406057,0.08824779312455877,0.9078706169327591,54.841719633950305,0.7154520236017775,0,0.21734354373675607,0
real_20260706_155439_table_ur10_cluster000_table2_refined_from_identity_hard,real_previous_registration,1796,372,0.03197415805235864,0.0031254510205994557,0.48772027095882686,65.39724274715694,0.38831163812601044,0,0.1783661396537209,0
real_20260706_155439_table_ur10_cluster000_table2_refined_from_identity_hard,real_previous_registration,1797,375,0.24539519937749266,0.219653855169412,0.9242842799502422,115.82528521797292,0.5728091590952181,0,0.08383190011628552,1
real_20260706_155439_table_ur10_cluster000_table2_refined_from_identity_hard,real_previous_registration,1798,1211,0.16904482382391764,0.15685963714300374,0.995936222934932,201.95277948598545,-0.2803015984879744,0,0.13342188254824866,0
real_20260706_155439_table_ur10_cluster000_table2_refined_from_identity_hard,real_previous_registration,1799,269,0.0392424707012363,0.037808459631001635,0.9523392428871456,168.66441324293876,-0.1159987744691104,1,0.16546350272216376,0
real_20260706_155439_table_ur10_cluster000_table2_refined_from_identity_hard,real_previous_registration,1801,1190,0.06674428737617324,0.06268185072326862,0.2572908995641619,157.9105953139642,1.462662985752992,0,0.13747273113259473,0
real_20260706_155439_table_ur10_cluster000_table2_refined_from_identity_hard,real_previous_registration,1802,541,0.02066814632322722,0.0007725341765380334,0.5348800653314316,158.28881743696326,-0.427531698306028,1,0.16959828596037066,0
real_20260706_155439_table_ur10_cluster000_table2_refined_from_identity_hard,real_previous_registration,1803,654,0.11305374152162559,0.1052706438326059,0.7583805208905094,179.99184910383804,0.8418395310037566,0,0.15561328946589362,0
real_20260706_155439_table_ur10_cluster000_table2_refined_from_identity_hard,real_previous_registration,1804,309,0.05061076072829849,0.03787137481174002,0.9791711216919735,87.79734909318788,-0.6660446319016312,0,0.1606269937820839,0
real_20260706_155439_table_ur10_cluster000_table2_refined_from_identity_hard,real_previous_registration,1805,525,0.13846552251367042,0.1217617997271404,0.6746980951102899,126.01689778283745,-0.13984994066871503,0,0.16100972341211522,0
real_20260706_155439_table_ur10_cluster000_table2_refined_from_identity_hard,real_previous_registration,1806,774,0.04762296524818518,0.005501458202232804,0.30765286355363375,158.98360987148325,1.1749819103204975,1,0.1908924995643034,0
real_20260706_155439_table_ur10_cluster000_table2_refined_from_identity_hard,real_previous_registration,1807,642,0.025674712838439827,0.006001568720764082,0.24666779704282624,64.2020958484068,-0.3263781381924365,0,0.20163821141403496,0
real_20260706_155439_table_ur10_cluster000_table2_refined_from_identity_hard,real_previous_registration,1808,867,0.04504074799973964,0.0389761804334158,0.4198468988535157,71.0017203896274,0.40487662649779077,1,0.13665329529262482,0
real_20260706_155439_table_ur10_cluster000_table2_refined_from_identity_hard,real_previous_registration,1810,9,0.17618976877092724,0.07165603026091677,0.4010039415829707,243.84543934040906,1.0509311445711234,0,0.19643120138306353,0
real_20260706_155439_table_ur10_cluster000_table2_refined_from_identity_hard,real_previous_registration,1811,457,0.059967323518200596,0.05804910445783777,0.3433184185065525,100.42534987480566,0.5819207559771377,0,0.18714386909539776,0
real_20260706_155439_table_ur10_cluster000_table2_refined_from_identity_hard,real_previous_registration,1812,235,0.16421078065642777,0.10216454890117516,0.7071453793776981,189.33947744972477,0.7537706773781381,0,0.23005268799511627,0
real_20260706_155439_table_ur10_cluster000_table2_refined_from_identity_hard,real_previous_registration,1813,488,0.13821013984749508,0.09811787317068142,0.9629319055526817,157.23678801429912,0.9849400259273325,0,0.20040999566923043,0
real_20260706_155439_table_ur10_cluster000_table2_refined_from_identity_hard,real_previous_registration,1814,8,0.14835775817844526,0.1292235320180404,0.9814026467184234,209.42245065044864,0.8002908816487899,0,0.08425925834917511,1
real_20260706_155439_table_ur10_cluster000_table2_refined_from_identity_hard,real_previous_registration,1815,681,0.12072425747987316,0.08773849982909776,0.9755881176348378,104.30958293247643,0.29951620417321506,0,0.06172755344871466,1
real_20260706_155439_table_ur10_cluster000_table2_refined_from_identity_hard,real_previous_registration,1816,514,0.048141422756324014,0.013676926992858007,0.8750893987931382,61.54917999950829,-0.09352597467756449,0,0.16010657381302212,0
real_20260706_155439_table_ur10_cluster000_table2_refined_from_identity_hard,real_previous_registration,1817,766,0.025924772241900217,0.01055778998329893,0.3347825474151517,176.1586267925036,-1.1349788772845137,1,0.17657962306591227,0
real_20260706_155439_table_ur10_cluster000_table2_refined_from_identity_hard,real_previous_registration,1818,1071,0.15691056390445474,0.1448026025788743,0.9373554347198444,223.45857695135575,1.9859105947958764,0,0.04341117944143544,1
real_20260706_155439_table_ur10_cluster000_table2_refined_from_identity_hard,real_previous_registration,1819,358,0.03244807981965346,0.00533090939047536,0.2616624906108985,156.4312131305914,-0.4597700560429782,0,0.19579314232453837,0
real_20260706_155439_table_ur10_cluster000_table2_refined_from_identity_hard,real_previous_registration,1820,556,0.047918751152952674,0.016922644678119624,0.5077479170529886,122.7413558256239,0.5871977636629083,0,0.1550946124337121,0
real_20260706_155439_table_ur10_cluster000_table2_refined_from_identity_hard,real_previous_registration,1821,351,0.1265637466122011,0.11696845724495554,0.8768435618461398,176.1192700370765,1.3526636436632031,0,0.1960635401395922,0
real_20260706_155439_table_ur10_cluster000_table2_refined_from_identity_hard,real_previous_registration,1822,396,0.19932996230789066,0.1802195427774265,0.9815960209654776,127.16550177096816,0.41284483207281447,0,0.15602880513010398,0
real_20260706_155439_table_ur10_cluster000_table2_refined_from_identity_hard,real_previous_registration,1823,235,0.1371165375096383,0.12570165780371215,0.7070652433547342,176.90892173571035,0.8002906475585299,0,0.15315985562728995,0
real_20260706_155439_table_ur10_cluster000_table2_refined_from_identity_hard,real_previous_registration,1825,593,0.11561418016859983,0.06155270179436523,0.9194928919236784,158.08165816511155,0.8873020838912731,0,0.05333146426439073,1
real_20260706_155439_table_ur10_cluster000_table2_refined_from_identity_hard,real_previous_registration,1826,957,0.1407871413850251,0.1221031383949595,0.9820492646911733,91.94634133359148,-0.024097527188841162,0,0.2398522733112488,0
real_20260706_155439_table_ur10_cluster000_table2_refined_from_identity_hard,real_previous_registration,1829,740,0.09050011770778986,0.010494600662992093,0.9838548300242536,165.43435316754775,0.7819408349032022,0,0.17304048270048908,0
real_20260706_155439_table_ur10_cluster000_table2_refined_from_identity_hard,real_previous_registration,1830,8,0.1849705449088457,0.1443163731295354,0.9930918474156047,132.8993703491555,0.8183093735151148,0,0.10308306077397292,0
real_20260706_155439_table_ur10_cluster000_table2_refined_from_identity_hard,real_previous_registration,1832,330,0.0592703213230768,0.01401334475013552,0.06638021111315578,124.28940091141796,0.0400052869947083,0,0.2229278285305748,0
real_20260706_155439_table_ur10_cluster000_table2_refined_from_identity_hard,real_previous_registration,1833,724,0.04765695239840266,0.030599799968828258,0.9625532709387005,141.14041370211547,0.1400885592529444,0,0.16321008381437424,0
real_20260706_155439_table_ur10_cluster000_table2_refined_from_identity_hard,real_previous_registration,1834,652,0.18035082389991788,0.011686102873445112,0.05863664734864571,134.6607279362592,0.6153687354705696,0,0.08356773598406977,1
real_20260706_155439_table_ur10_cluster000_table2_refined_from_identity_hard,real_previous_registration,1835,223,0.11668649051211895,0.08315112960532593,0.04915672937087617,61.47303707772273,1.3573042992520354,0,0.11738715039342977,0
real_20260706_155439_table_ur10_cluster000_table2_refined_from_identity_hard,real_previous_registration,1836,652,0.18331642604965256,0.06993694981752828,0.6309207694079498,127.15555856506715,0.6153687354705696,0,0.053645541407499886,1
real_20260706_155439_table_ur10_cluster000_table2_refined_from_identity_hard,real_previous_registration,1837,845,0.1903170589646934,0.12810211232009563,0.09090027399724165,73.09733384243468,1.3085131154452838,0,0.19298359581413482,0
real_20260706_155439_table_ur10_cluster000_table2_refined_from_identity_hard,real_previous_registration,1838,1152,0.048784272665997525,0.02945015418544863,0.6513489397347987,124.27322453069583,0.30856595529984127,0,0.13773563939321176,0
real_20260706_155439_table_ur10_cluster000_table2_refined_from_identity_hard,real_previous_registration,1839,11,0.11302028942315293,0.10728624773381898,0.8966499909200933,109.03976863988265,0.2624750205684513,0,0.06948309086885855,1
real_20260706_155439_table_ur10_cluster000_table2_refined_from_identity_hard,real_previous_registration,1840,1071,0.10713662842915002,0.10307720973749845,0.9534537650778936,210.53295394093087,1.9672184764587648,0,0.09103699587076416,1
real_20260706_155439_table_ur10_cluster000_table2_refined_from_identity_hard,real_previous_registration,1841,838,0.02062961984678035,0.011315051051019945,0.9938443472218172,105.79773064012096,-0.49899066611949916,1,0.12161585792826582,0
real_20260706_155439_table_ur10_cluster000_table2_refined_from_identity_hard,real_previous_registration,1842,698,0.1472350325972657,0.14665302007301273,0.8313830438090501,150.44095468891246,0.7049808563896689,0,0.030776759472686384,1
real_20260706_155439_table_ur10_cluster000_table2_refined_from_identity_hard,real_previous_registration,1843,321,0.10862358938638149,0.10651068848904471,0.9433418264964583,139.87647414392185,-0.05096636629745877,0,0.1945469922080381,0
real_20260706_155439_table_ur10_cluster000_table2_refined_from_identity_hard,real_previous_registration,1844,499,0.03279903918350782,0.009248589873492311,0.16467307529879613,126.72420735153077,0.0871837714668045,0,0.12512699145587183,0
real_20260706_155439_table_ur10_cluster000_table2_refined_from_identity_hard,real_previous_registration,1845,705,0.27335142277425684,0.1960146490744631,0.9192555539572893,108.7514675133458,0.29179415305712975,0,0.16726901758309629,0
real_20260706_155439_table_ur10_cluster000_table2_refined_from_identity_hard,real_previous_registration,1846,222,0.14670124049837255,0.11228969190623898,0.9348500395448948,231.9772995123426,2.62189374064897,0,0.14239285838278096,0
real_20260706_155439_table_ur10_cluster000_table2_refined_from_identity_hard,real_previous_registration,1847,8,0.15434440487157658,0.13195212227118314,0.982398854072488,252.31673082755782,0.744201459053656,0,0.13641635224491508,0
real_20260706_155439_table_ur10_cluster000_table2_refined_from_identity_hard,real_previous_registration,1848,565,0.184932453890025,0.16224586652090373,0.39424808772872444,107.11088869228813,0.836008937456631,0,0.06413989852809183,1
real_20260706_155439_table_ur10_cluster000_table2_refined_from_identity_hard,real_previous_registration,1849,510,0.19408101576808137,0.18957665298748416,0.3962408094266997,206.97736761741544,1.8501098490149614,0,0.14560345870964161,0
real_20260706_155439_table_ur10_cluster000_table2_refined_from_identity_hard,real_previous_registration,1851,60,0.09436456463235178,0.026548687996448942,0.375717668163941,110.49992109823641,1.1749833091229813,0,0.17209964987414206,0
real_20260706_155439_table_ur10_cluster000_table2_refined_from_identity_hard,real_previous_registration,1852,559,0.12720729113553883,0.1264276718379999,0.9256647914053244,253.1715666586154,2.75051101907966,0,0.058776143146671324,1
real_20260706_155439_table_ur10_cluster000_table2_refined_from_identity_hard,real_previous_registration,1853,8,0.17524282377863037,0.12893649723977962,0.9689521034758204,148.3207172023652,0.6641588186877551,0,0.07490903522998861,1
real_20260706_155439_table_ur10_cluster000_table2_refined_from_identity_hard,real_previous_registration,1854,1143,0.10627849296687752,0.07975367959166352,0.984695756176034,46.68548029132201,-0.44183219672419327,0,0.23715669754072796,0
real_20260706_155439_table_ur10_cluster000_table2_refined_from_identity_hard,real_previous_registration,1855,774,0.0654668426624996,0.032290769115227186,0.31027224018088506,164.23205539387249,1.1386143217050935,0,0.21160892715514557,0
real_20260706_155439_table_ur10_cluster000_table2_refined_from_identity_hard,real_previous_registration,1856,1181,0.1332706654902837,0.013589769435886679,0.15628557168957075,236.37403373929268,1.192683152825439,0,0.0962993197234081,1
real_20260706_155439_table_ur10_cluster000_table2_refined_from_identity_hard,real_previous_registration,1857,464,0.04993992284803267,0.012794766758327582,0.175170514971766,70.57793506775145,-0.16782384366611613,1,0.23196921837008125,0
real_20260706_155439_table_ur10_cluster000_table2_refined_from_identity_hard,real_previous_registration,1858,65,0.009166415814833219,0.0050446116864127895,0.8597539530999251,104.00308228347761,-0.6941601405199717,1,0.16546956192052525,0
real_20260706_155439_table_ur10_cluster000_table2_refined_from_identity_hard,real_previous_registration,1859,60,0.16995411107678912,0.1359790990800587,0.6234059031127306,98.0123394664143,1.1539299185421539,0,0.07589851689519116,1
real_20260706_155439_table_ur10_cluster000_table2_refined_from_identity_hard,real_previous_registration,1860,180,0.04910161997592929,0.03781710710427397,0.2772739610763704,133.70282708104898,0.05105511439009017,0,0.1583294204994779,0
real_20260706_155439_table_ur10_cluster000_table2_refined_from_identity_hard,real_previous_registration,1861,1071,0.1335790347604861,0.10239399233961316,0.9450561716144227,230.21019382429,2.0042597193226697,0,0.10083542706864951,0
real_20260706_155439_table_ur10_cluster000_table2_refined_from_identity_hard,real_previous_registration,1862,587,0.15004966601023653,0.044635743480504864,0.9631111452484596,100.92991848387368,0.18173328518338275,0,0.10710326975827719,0
real_20260706_155439_table_ur10_cluster000_table2_refined_from_identity_hard,real_previous_registration,1863,1099,0.035105639949733466,0.01888844729191499,0.07454297390489968,214.69530882827365,0.1251629429543258,0,0.1711959711089405,0
real_20260706_155439_table_ur10_cluster000_table2_refined_from_identity_hard,real_previous_registration,1864,1228,0.1270350978604484,0.08387417954725532,0.09178447981207849,125.92177260370293,1.5427070774993406,0,0.08640948779514418,1
real_20260706_155439_table_ur10_cluster000_table2_refined_from_identity_hard,real_previous_registration,1865,119,0.028672225877760568,0.009031789414035242,0.4636874004141371,85.4827061311381,-0.6495635229858597,0,0.1764062381517972,0
real_20260706_155439_table_ur10_cluster000_table2_refined_from_identity_hard,real_previous_registration,1866,695,0.09983824168349185,0.08418324007781013,0.9788846655826231,103.71958338175074,-0.46620083845784366,0,0.13939256475088482,0
real_20260706_155439_table_ur10_cluster000_table2_refined_from_identity_hard,real_previous_registration,1867,517,0.020377472195506844,0.014357176261043495,0.6320710291597698,101.39304872403063,-0.2567712465555254,1,0.11027599437926468,0
real_20260706_155439_table_ur10_cluster000_table2_refined_from_identity_hard,real_previous_registration,1868,74,0.006393030824914844,0.0042619680730577175,0.7502258428641063,77.10886150914574,-0.37257691466787407,1,0.11909293707653923,0
real_20260706_155439_table_ur10_cluster000_table2_refined_from_identity_hard,real_previous_registration,1869,1025,0.13069332370967623,0.10244963029083902,0.9779493180816141,68.95165933365652,0.09699217868580118,0,0.19929231005136885,0
real_20260706_155439_table_ur10_cluster000_table2_refined_from_identity_hard,real_previous_registration,1870,943,0.011302977628310245,0.009739288070009278,0.9245951676935804,57.30915466128101,0.25003621346536975,1,0.16043081305511697,0
real_20260706_155439_table_ur10_cluster000_table2_refined_from_identity_hard,real_previous_registration,1872,604,0.17120580180687578,0.012163761121448041,0.44297418521468157,114.60979949819576,0.96280951114712,0,0.09959819483529542,1
real_20260706_155439_table_ur10_cluster000_table2_refined_from_identity_hard,real_previous_registration,1873,525,0.15678853741605542,0.12974070001222676,0.8983427400673201,117.10814733429042,-0.010638384737059308,0,0.09489369909529387,1
real_20260706_155439_table_ur10_cluster000_table2_refined_from_identity_hard,real_previous_registration,1874,719,0.1769243208214111,0.17366608057019836,0.6097297386894923,214.3666279552052,2.62189374064897,0,0.09581511402336902,1
real_20260706_155439_table_ur10_cluster000_table2_refined_from_identity_hard,real_previous_registration,1875,1154,0.16825988996472127,0.12877044362345147,0.9506414839381704,152.39915891090413,-0.24767639656871304,0,0.1668677307474555,0
real_20260706_155439_table_ur10_cluster000_table2_refined_from_identity_hard,real_previous_registration,1876,1019,0.13252673560515046,0.1256622929290605,0.9258630793798754,101.73343380170132,0.9518403244739932,0,0.12298311308158937,0
real_20260706_155439_table_ur10_cluster000_table2_refined_from_identity_hard,real_previous_registration,1877,154,0.049387434486827295,0.006022898609274091,0.09189997984923917,121.85002578350998,1.174982656348028,1,0.21355424861994637,0
real_20260706_155439_table_ur10_cluster000_table2_refined_from_identity_hard,real_previous_registration,1880,498,0.1743396580005501,0.09434416329014161,0.7678649485767024,107.73310825542576,0.4143963045811377,0,0.11182893232152678,0
real_20260706_155439_table_ur10_cluster000_table2_refined_from_identity_hard,real_previous_registration,1881,559,0.1772598728869847,0.12859228321058197,0.9566230149264231,243.04315909771915,2.6603599904002095,0,0.16769653672138093,0
real_20260706_155439_table_ur10_cluster000_table2_refined_from_identity_hard,real_previous_registration,1882,893,0.025007606807956516,0.007316235918978631,0.0724403245183643,161.7331678107948,0.6249377151512366,1,0.1460661015315316,0
real_20260706_155439_table_ur10_cluster000_table2_refined_from_identity_hard,real_previous_registration,1883,988,0.021913324504936365,0.012964229420287873,0.9534375531311745,238.92420433060764,-0.7766219954456526,1,0.11650149703906301,0
real_20260706_155439_table_ur10_cluster000_table2_refined_from_identity_hard,real_previous_registration,1884,914,0.0923632475224429,0.09069380759311133,0.09488806489004856,200.9460659565525,0.3119384806539445,0,0.14870979450373945,0
real_20260706_155439_table_ur10_cluster000_table2_refined_from_identity_hard,real_previous_registration,1885,351,0.11267050990026421,0.1113519904251283,0.8415813182767631,165.1640008676903,1.3526636436632031,0,0.159841283744006,0
real_20260706_155439_table_ur10_cluster000_table2_refined_from_identity_hard,real_previous_registration,1886,380,0.04565683174969435,0.024730481511675766,0.07706421314121728,63.866429308634984,0.3442164261129443,0,0.18812045410379152,0
real_20260706_155439_table_ur10_cluster000_table2_refined_from_identity_hard,real_previous_registration,1888,149,0.19018194343510225,0.14426430666874596,0.833420045654173,110.97410470829396,0.06740422965132745,0,0.1946974804238291,0
real_20260706_155439_table_ur10_cluster000_table2_refined_from_identity_hard,real_previous_registration,1889,1011,0.10372856161927296,0.09112675146048527,0.6182086347828779,79.46173642528971,-0.3845804525337269,0,0.2271997847378794,0
real_20260706_155439_table_ur10_cluster000_table2_refined_from_identity_hard,real_previous_registration,1890,9,0.22358239174153816,0.12617881939847597,0.3153290286385682,229.82188490250223,1.1059908793013533,0,0.2548318238372028,0
real_20260706_155439_table_ur10_cluster000_table2_refined_from_identity_hard,real_previous_registration,1891,1159,0.11946811882224512,0.07384002015444639,0.9797008077622086,102.29445581450175,0.32149509060215414,0,0.04367666370043473,1
real_20260706_155439_table_ur10_cluster000_table2_refined_from_identity_hard,real_previous_registration,1892,957,0.13495403552105933,0.10378435211885259,0.9618350692925022,134.33269852064242,-0.21130885837335212,0,0.21290946116062837,0
real_20260706_155439_table_ur10_cluster000_table2_refined_from_identity_hard,real_previous_registration,1893,274,0.1489729049002181,0.11235107247755141,0.978072281103689,155.12435501679894,-0.17494120875592342,0,0.1816445819468984,0
real_20260706_155439_table_ur10_cluster000_table2_refined_from_identity_hard,real_previous_registration,1894,739,0.07512025406268466,0.06346845930680618,0.19993175036261038,156.8393171454816,-0.4290321815077483,0,0.26510919542764383,0
real_20260706_155439_table_ur10_cluster000_table2_refined_from_identity_hard,real_previous_registration,1895,438,0.00874435814007638,0.006982900729311441,0.6884006645584209,112.15369562593166,-1.0813860870077923,1,0.18108419740800724,0
real_20260706_155439_table_ur10_cluster000_table2_refined_from_identity_hard,real_previous_registration,1896,1009,0.16162411686618028,0.08727452711936029,0.8933243928291539,242.7413130530019,1.4934363622130704,0,0.1560944603733043,0
real_20260706_155439_table_ur10_cluster000_table2_refined_from_identity_hard,real_previous_registration,1897,8,0.20921892667248398,0.1566861517904511,0.975085459277837,123.12872647887974,0.744201459053656,0,0.10666622363735656,0
real_20260706_155439_table_ur10_cluster000_table2_refined_from_identity_hard,real_previous_registration,1898,844,0.21124839711138865,0.1304903222242022,0.9183851035990924,229.3398968626041,2.3342145015024256,0,0.1768405184353125,0
real_20260706_155439_table_ur10_cluster000_table2_refined_from_identity_hard,real_previous_registration,1899,1135,0.1236248070691124,0.04314383055870652,0.8815697542216829,112.44445431753333,1.6410715709153867,0,0.09620502118422519,1
real_20260706_155439_table_ur10_cluster000_table2_refined_from_identity_hard,real_previous_registration,1900,875,0.03054421375737122,0.004046258232723394,0.8439652452229605,161.4319993315253,1.1386143217050935,1,0.09213327022815714,1
real_20260706_155439_table_ur10_cluster000_table2_refined_from_identity_hard,real_previous_registration,1901,698,0.20989557741253806,0.19559319621055712,0.964414158789753,146.28980640992654,0.36120963057326944,0,0.11331206628526638,0
real_20260706_155439_table_ur10_cluster000_table2_refined_from_identity_hard,real_previous_registration,1902,559,0.141070348272451,0.13105046375754753,0.917338214078759,247.52215508243899,2.6603599904002095,0,0.010030471130908316,1
real_20260706_155439_table_ur10_cluster000_table2_refined_from_identity_hard,real_previous_registration,1903,1213,0.05127002846139293,0.009437316243816496,0.018346438384124898,276.8416639101697,-0.21130878597534875,1,0.17590789816174096,0
real_20260706_155439_table_ur10_cluster000_table2_refined_from_identity_hard,real_previous_registration,1904,39,0.11149387748604735,0.06054106958985542,0.7140649597882027,59.788366536366354,0.5024568145723005,0,0.05800402645673491,1
real_20260706_155439_table_ur10_cluster000_table2_refined_from_identity_hard,real_previous_registration,1905,1165,0.07782668555352443,0.06730381070504474,0.9308618171974555,51.01618420284765,-0.11122552984716626,0,0.15860189390696608,0
real_20260706_155439_table_ur10_cluster000_table2_refined_from_identity_hard,real_previous_registration,1906,705,0.23874761401640068,0.13477615010635255,0.39886822908522607,107.48702187564334,0.35923537015201484,0,0.1380102116485298,0
real_20260706_155439_table_ur10_cluster000_table2_refined_from_identity_hard,real_previous_registration,1908,853,0.05754372496071864,0.048977967483656445,0.9499048299040632,64.79745960960726,-0.4036805635878389,1,0.21519614370479745,0
real_20260706_155439_table_ur10_cluster000_table2_refined_from_identity_hard,real_previous_registration,1909,923,0.030635382691737805,0.020295608384533544,0.8631717926940387,116.33770684862218,0.05898116892214607,1,0.12959463373805866,0
real_20260706_155439_table_ur10_cluster000_table2_refined_from_identity_hard,real_previous_registration,1910,1135,0.11478283567201643,0.05607917262482196,0.8630471881488613,160.21673956523998,1.4228182057560153,0,0.2006533701405757,0
real_20260706_155439_table_ur10_cluster000_table2_refined_from_identity_hard,real_previous_registration,1911,878,0.13807973910528967,0.06708980466662229,0.9289128258833961,190.57948377108724,0.7229993482559939,0,0.04948289444264027,1
real_20260706_155439_table_ur10_cluster000_table2_refined_from_identity_hard,real_previous_registration,1912,457,0.09668067205012801,0.06382854397543902,0.5109947613422454,225.37166502241232,0.1764561478683484,0,0.07694893574544023,1
real_20260706_155439_table_ur10_cluster000_table2_refined_from_identity_hard,real_previous_registration,1914,137,0.08350117717152189,0.05691678463644005,0.8650422153757407,59.64898281138205,-0.30228035013471066,0,0.20256744612433586,0
real_20260706_155439_table_ur10_cluster000_table2_refined_from_identity_hard,real_previous_registration,1915,4,0.17210673372988655,0.14973879940760365,0.903181790794989,230.4035503971879,0.9863927650999077,0,0.10693058903597628,0
real_20260706_155439_table_ur10_cluster000_table2_refined_from_identity_hard,real_previous_registration,1916,8,0.15980886926244675,0.13572955232863604,0.9842803878215687,178.5804257286396,0.7819417571219967,0,0.12698638147766061,0
real_20260706_155439_table_ur10_cluster000_table2_refined_from_identity_hard,real_previous_registration,1917,719,0.15108037449864958,0.1391870892873563,0.6008217438775066,173.83152472248057,2.6603599904002095,0,0.05131487724127019,1
real_20260706_155439_table_ur10_cluster000_table2_refined_from_identity_hard,real_previous_registration,1918,167,0.1401108152532642,0.12564508676950029,0.7545207616483547,117.84664097307092,0.08594232210855221,0,0.14787478004316715,0
real_20260706_155439_table_ur10_cluster000_table2_refined_from_identity_hard,real_previous_registration,1919,318,0.0266596729962496,0.02004893018456088,0.1921670525838773,67.48315879507247,0.3948262477824443,0,0.19624201741214717,0
real_20260706_155439_table_ur10_cluster000_table2_refined_from_identity_hard,real_previous_registration,1920,1005,0.04087282731051287,0.024723153702139285,0.15638855634691745,86.09021801905145,0.5283574380263217,1,0.16584151436012623,0
real_20260706_155439_table_ur10_cluster000_table2_refined_from_identity_hard,real_previous_registration,1921,1041,0.017203250972703338,0.0019769162853519144,0.15837268555418862,61.197505630399796,-0.5581795993263239,1,0.20169835202674388,0
real_20260706_155439_table_ur10_cluster000_table2_refined_from_identity_hard,real_previous_registration,1922,1228,0.08263075639335873,0.03699295377711423,0.5235768936475417,81.27689987442862,1.3981259743291492,0,0.03874755576774313,1
real_20260706_155439_table_ur10_cluster000_table2_refined_from_identity_hard,real_previous_registration,1923,811,0.06954766164539238,0.014850842649898933,0.9777097181274577,207.3694469196631,0.10234829109906213,0,0.15138372201939676,0
real_20260706_155439_table_ur10_cluster000_table2_refined_from_identity_hard,real_previous_registration,1924,652,0.16995195030275775,0.03401070615292489,0.30608936512868623,132.68504246495112,0.5728091590952181,0,0.11254102042188616,0
real_20260706_155439_table_ur10_cluster000_table2_refined_from_identity_hard,real_previous_registration,1925,719,0.17517180003374383,0.1319178200840494,0.60018750319028,214.1284983315537,2.7331192890719556,0,0.16389880913661195,0
real_20260706_155439_table_ur10_cluster000_table2_refined_from_identity_hard,real_previous_registration,1926,1228,0.11436047951940852,0.04517338719870322,0.14514802498758606,107.17528276619011,1.375653139689192,0,0.027080316077238334,1
real_20260706_155439_table_ur10_cluster000_table2_refined_from_identity_hard,real_previous_registration,1927,318,0.04096258562509947,0.02620870321918599,0.1396184449714935,65.09539653232223,0.43927796885134063,0,0.17975735502368165,0
real_20260706_155439_table_ur10_cluster000_table2_refined_from_identity_hard,real_previous_registration,1929,219,0.05290763597407758,0.03923015456677299,0.8086151857373667,81.08684160431324,-0.05715834717335967,0,0.17854107834161148,0
real_20260706_155439_table_ur10_cluster000_table2_refined_from_identity_hard,real_previous_registration,1930,149,0.21131237095680244,0.13307929185246947,0.5799129768067692,112.55580875626511,0.26314860497582965,0,0.13160923388521398,0
real_20260706_155439_table_ur10_cluster000_table2_refined_from_identity_hard,real_previous_registration,1931,774,0.06929219278466227,0.0624682743008163,0.298673993366642,132.13596287991095,1.4803631651353515,0,0.22583115843064755,0
real_20260706_155439_table_ur10_cluster000_table2_refined_from_identity_hard,real_previous_registration,1932,648,0.16933274780161084,0.11271264528526317,0.5402438361636207,213.68194133531958,0.595166162200385,0,0.08145656813709827,1
real_20260706_155439_table_ur10_cluster000_table2_refined_from_identity_hard,real_previous_registration,1933,916,0.06828205044610595,0.035377927692432254,0.9513597443837203,55.51007567127271,0.048973960677580024,0,0.23901817487491964,0
real_20260706_155439_table_ur10_cluster000_table2_refined_from_identity_hard,real_previous_registration,1934,559,0.09755044670234292,0.08079053286539953,0.9616382007261833,238.6690093130866,2.641311810668981,0,0.08798442784270474,1
real_20260706_155439_table_ur10_cluster000_table2_refined_from_identity_hard,real_previous_registration,1935,509,0.04831082391645565,0.028400856472022364,0.26371367107423727,91.4612220105795,0.7154520236017775,0,0.1804391489231653,0
real_20260706_155439_table_ur10_cluster000_table2_refined_from_identity_hard,real_previous_registration,1936,1165,0.07633094659741883,0.06748049622279614,0.8380287069067633,55.83674316890231,-0.1600156440166494,0,0.19281373520746728,0
real_20260706_155439_table_ur10_cluster000_table2_refined_from_identity_hard,real_previous_registration,1937,281,0.17487643911293582,0.16219598542431513,0.9933441132143485,99.08102421948277,-0.23662667472863846,0,0.12047645054744072,0
real_20260706_155439_table_ur10_cluster000_table2_refined_from_identity_hard,real_previous_registration,1938,238,0.13020335009826478,0.11209253271832913,0.6798500790808191,182.19423840497944,0.24544891935544488,0,0.17901571182544826,0
real_20260706_155439_table_ur10_cluster000_table2_refined_from_identity_hard,real_previous_registration,1939,957,0.12713797394226972,0.12452134122856429,0.9826621087973736,100.06392918656752,-0.07410789523072468,0,0.19389760094476902,0
real_20260706_155439_table_ur10_cluster000_table2_refined_from_identity_hard,real_previous_registration,1940,510,0.1094939117628238,0.04401721168064802,0.043206445970497054,129.69274683896538,1.60397699258369,0,0.0732272486368262,1
real_20260706_155439_table_ur10_cluster000_table2_refined_from_identity_hard,real_previous_registration,1941,60,0.13732337990589494,0.08740193516585384,0.2372550202871171,81.85835826420647,1.2550259494888822,0,0.08679027756454623,1
real_20260706_155439_table_ur10_cluster000_table2_refined_from_identity_hard,real_previous_registration,1942,698,0.09377240679477233,0.042538735574054326,0.35852353731075753,137.01412243172587,0.4588479999583972,0,0.11137404101310444,0
real_20260706_155439_table_ur10_cluster000_table2_refined_from_identity_hard,real_previous_registration,1943,8,0.18407404960112816,0.12873298841861702,0.9391792658050133,122.61432315822135,0.6847780880333634,0,0.09784945524942894,1
real_20260706_155439_table_ur10_cluster000_table2_refined_from_identity_hard,real_previous_registration,1944,652,0.21151812238893308,0.053592473153174475,0.3526831050589691,108.23944142688656,0.4577399406570887,0,0.0843161345026328,1
real_20260706_155439_table_ur10_cluster000_table2_refined_from_identity_hard,real_previous_registration,1946,579,0.1206817173916512,0.09126865055489046,0.8583719030537255,69.38275940202836,0.45985863524708376,0,0.22238803593810644,0
real_20260706_155439_table_ur10_cluster000_table2_refined_from_identity_hard,real_previous_registration,1947,905,0.08353486108009939,0.08123278357216845,0.7889167193706259,78.19508971389513,-0.25893690896410404,0,0.2081911984914427,0
real_20260706_155439_table_ur10_cluster000_table2_refined_from_identity_hard,real_previous_registration,1948,275,0.01815345019478273,0.0034202063781189566,0.7356060616829085,92.76162236160849,-0.5477808874316439,1,0.193658068940353,0
real_20260706_155439_table_ur10_cluster000_table2_refined_from_identity_hard,real_previous_registration,1949,1009,0.14740145006379324,0.1097718936569381,0.89140270004381,235.46719025232534,1.4563951193491653,0,0.13242043573727852,0
real_20260706_155439_table_ur10_cluster000_table2_refined_from_identity_hard,real_previous_registration,1950,339,0.03068918463017237,0.018863717060655476,0.5239839649975696,177.55341238289049,-0.5426656014172662,1,0.17772727893317086,0
real_20260706_155439_table_ur10_cluster000_table2_refined_from_identity_hard,real_previous_registration,1951,6,0.04758701320175432,0.012932173641158364,0.9872488995534282,115.67437078647473,-0.5271615514194866,0,0.15707425386706905,0
real_20260706_155439_table_ur10_cluster000_table2_refined_from_identity_hard,real_previous_registration,1952,799,0.03504291922630411,0.03211919803278448,0.16036748709031817,68.61437890574733,-0.16251877949791366,0,0.19062099596982546,0
real_20260706_155439_table_ur10_cluster000_table2_refined_from_identity_hard,real_previous_registration,1953,131,0.019762333493658763,0.0052036868476641965,0.9769237787595615,123.74035038373891,0.9108322405863262,1,0.11083740535187148,0
real_20260706_155439_table_ur10_cluster000_table2_refined_from_identity_hard,real_previous_registration,1954,1025,0.09688460195073303,0.07067153341642984,0.9723392026739411,85.82344360446636,-0.03362788413004397,0,0.2032081877320673,0
real_20260706_155439_table_ur10_cluster000_table2_refined_from_identity_hard,real_previous_registration,1955,1142,0.09192457630752793,0.09023393456180381,0.8561947048183128,95.68450879137124,-0.378362777398402,0,0.1598758806760423,0
real_20260706_155439_table_ur10_cluster000_table2_refined_from_identity_hard,real_previous_registration,1956,583,0.023560450437483782,0.012633024094655438,0.6203962346752759,100.80511945646951,-0.7271217164073458,0,0.18431627152101382,0
real_20260706_155439_table_ur10_cluster000_table2_refined_from_identity_hard,real_previous_registration,1958,1107,0.15240215274695856,0.14579281277632514,0.991453066287366,155.2577241246026,-0.4054646081087893,0,0.21820737921447808,0
real_20260706_155439_table_ur10_cluster000_table2_refined_from_identity_hard,real_previous_registration,1959,589,0.007469416044752323,0.0067555098080606885,0.06065225189067111,47.942360307220966,-0.2840682519881693,1,0.18329523085289887,0
real_20260706_155439_table_ur10_cluster000_table2_refined_from_identity_hard,real_previous_registration,1960,559,0.1169478294699061,0.0691936857370802,0.959456619333797,241.58674585154012,2.6790521087373214,0,0.10383853212961179,0
real_20260706_155439_table_ur10_cluster000_table2_refined_from_identity_hard,real_previous_registration,1961,774,0.1136775120395533,0.037011528604529206,0.41954325580213236,129.69408220256227,1.506338623198562,0,0.18898688839910446,0
real_20260706_155439_table_ur10_cluster000_table2_refined_from_identity_hard,real_previous_registration,1962,69,0.16076469486076134,0.15243875535041937,0.928374133580506,266.7815407873878,1.0696232629082352,0,0.0534033171059515,1
real_20260706_155439_table_ur10_cluster000_table2_refined_from_identity_hard,real_previous_registration,1964,121,0.15292169160889993,0.15048018195064422,0.4635557121868262,59.3001868219747,0.036527032127658024,0,0.1630198867588624,0
real_20260706_155439_table_ur10_cluster000_table2_refined_from_identity_hard,real_previous_registration,1965,587,0.14113742938393872,0.06831110985382492,0.9867712880866358,110.04812194555389,0.10377182884871297,0,0.11148516960115253,0
real_20260706_155439_table_ur10_cluster000_table2_refined_from_identity_hard,real_previous_registration,1966,549,0.08930871488453004,0.025161279240803205,0.44624422518193474,238.30745881756957,1.49343460464707,0,0.2291551539113782,0
real_20260706_155439_table_ur10_cluster000_table2_refined_from_identity_hard,real_previous_registration,1967,8,0.1699781968942171,0.15123056064863222,0.9852678772813893,157.58846413775268,0.8002908816487899,0,0.09779519407670897,1
real_20260706_155439_table_ur10_cluster000_table2_refined_from_identity_hard,real_previous_registration,1968,203,0.008259681563293637,0.005660629403063585,0.9326266773242425,148.59069803465533,-0.9871470814798462,1,0.16432378458368724,0
real_20260706_155439_table_ur10_cluster000_table2_refined_from_identity_hard,real_previous_registration,1970,8,0.20080689789236927,0.1416971706457423,0.9373491029433827,123.14435058616388,0.7819417571219967,0,0.11423228382437106,0
real_20260706_155439_table_ur10_cluster000_table2_refined_from_identity_hard,real_previous_registration,1971,652,0.1581958496712138,0.10116593197116655,0.5489669039961017,136.71353137835777,0.17815540888599987,0,0.17289777364431577,0
real_20260706_155439_table_ur10_cluster000_table2_refined_from_identity_hard,real_previous_registration,1972,384,0.1026228621895914,0.09855105045683164,0.6673301593392201,92.92011671789581,0.3718367517564554,0,0.12002867925113556,0
real_20260706_155439_table_ur10_cluster000_table2_refined_from_identity_hard,real_previous_registration,1973,654,0.11557260575022099,0.11433144011672551,0.7515018761042245,207.9216352438063,0.8418395310037566,0,0.2069001296736056,0
real_20260706_155439_table_ur10_cluster000_table2_refined_from_identity_hard,real_previous_registration,1975,496,0.145325245180515,0.07475880264645063,0.2909411862768001,159.12480978263943,0.46241951687325666,0,0.06766371052451013,1
real_20260706_155439_table_ur10_cluster000_table2_refined_from_identity_hard,real_previous_registration,1976,589,0.04293385484452199,0.015369413729426712,0.12012688486818254,53.876019079311135,-0.3625398027396909,0,0.22183506186501237,0
real_20260706_155439_table_ur10_cluster000_table2_refined_from_identity_hard,real_previous_registration,1977,1098,0.14948018374524644,0.05744063244104339,0.6909188910114265,177.7973097014457,2.111072650175211,0,0.07415582431426358,1
real_20260706_155439_table_ur10_cluster000_table2_refined_from_identity_hard,real_previous_registration,1978,1203,0.03635839365573123,0.010424960264863488,0.6478924209314005,52.458720219162394,-0.41610318139765257,0,0.16310161944853474,0
real_20260706_155439_table_ur10_cluster000_table2_refined_from_identity_hard,real_previous_registration,1979,233,0.08490449714271862,0.06484830967668782,0.9953778108745671,185.81220890009905,0.02049249040515371,0,0.18624196552945427,0
real_20260706_155439_table_ur10_cluster000_table2_refined_from_identity_hard,real_previous_registration,1980,579,0.15771117247123415,0.08020788793777496,0.6714933812848219,80.2263327751124,0.2907824771327993,0,0.13923057501889494,0
real_20260706_155439_table_ur10_cluster000_table2_refined_from_identity_hard,real_previous_registration,1981,8,0.15886024910154267,0.1414841787371873,0.9915995098572127,180.8107965025199,0.836008937456631,0,0.030544515588060504,1
real_20260706_155439_table_ur10_cluster000_table2_refined_from_identity_hard,real_previous_registration,1982,1112,0.05447104712130915,0.03645176804679267,0.599979839003202,55.0245398781387,0.5541580252175183,0,0.22144755091430596,0
real_20260706_155439_table_ur10_cluster000_table2_refined_from_identity_hard,real_previous_registration,1983,866,0.02642259220627287,0.018363936090340302,0.988103208583379,208.5311622667997,-0.32909176126845013,1,0.14252749221582323,0
real_20260706_155439_table_ur10_cluster000_table2_refined_from_identity_hard,real_previous_registration,1985,384,0.06771471154063677,0.051035660288973377,0.457698698913329,113.71523145206078,0.3718367517564554,0,0.15070153280592133,0
real_20260706_155439_table_ur10_cluster000_table2_refined_from_identity_hard,real_previous_registration,1986,235,0.13357311430448368,0.03771520288793434,0.6754591910695289,211.17078653595135,0.7296731501892968,0,0.25345198521310136,0
real_20260706_155439_table_ur10_cluster000_table2_refined_from_identity_hard,real_previous_registration,1987,456,0.14323830325998108,0.1061090680041251,0.08344370518452626,107.7809729349215,1.5804473755676816,0,0.11326451266214445,0
real_20260706_155439_table_ur10_cluster000_table2_refined_from_identity_hard,real_previous_registration,1988,698,0.09016354580305004,0.07946683698340083,0.5440270795454214,137.08786895362854,0.5477954028478065,0,0.059452384148013564,1
real_20260706_155439_table_ur10_cluster000_table2_refined_from_identity_hard,real_previous_registration,1989,1071,0.15238825955416543,0.11591962902723109,0.9273212374555152,225.03049942134555,2.0042597193226697,0,0.06552273418610063,1
real_20260706_155439_table_ur10_cluster000_table2_refined_from_identity_hard,real_previous_registration,1990,285,0.18180033713484162,0.1670884265740838,0.9526642315450389,56.95378807895906,0.26314860497582965,0,0.17024060211321657,0
real_20260706_155439_table_ur10_cluster000_table2_refined_from_identity_hard,real_previous_registration,1991,1009,0.16146177704167047,0.1581419814392462,0.905353176385317,180.7312893350705,1.5114548540793955,0,0.07381617684596663,1
real_20260706_155439_table_ur10_cluster000_table2_refined_from_identity_hard,real_previous_registration,1993,1019,0.13662962396391784,0.04939609555223993,0.7503468136297792,190.156247378279,1.0879723874350282,0,0.016521889571746808,1
real_20260706_155439_table_ur10_cluster000_table2_refined_from_identity_hard,real_previous_registration,1994,565,0.2402916582501075,0.22749371292742396,0.7290359381409238,52.33053904193858,0.5771475212435071,0,0.14033447279437994,0
real_20260706_155439_table_ur10_cluster000_table2_refined_from_identity_hard,real_previous_registration,1995,27,0.012436387219031625,0.009654531410671312,0.9619346605397294,183.99010880193927,-0.3009209112858548,1,0.13491957543490818,0
real_20260706_155439_table_ur10_cluster000_table2_refined_from_identity_hard,real_previous_registration,1996,321,0.14230455646203186,0.08907177610786961,0.9527806508395917,219.18010542167767,0.05439399380504185,0,0.1571262656182481,0
real_20260706_155439_table_ur10_cluster000_table2_refined_from_identity_hard,real_previous_registration,1997,275,0.024892766459637002,0.012588044468634253,0.7773737230421917,88.16373013966216,-0.5730986684928853,0,0.15560347728432175,0
real_20260706_155439_table_ur10_cluster000_table2_refined_from_identity_hard,real_previous_registration,1998,622,0.0634452544001457,0.05619234194206477,0.547743662323141,47.39782635263333,-0.23600148552607847,0,0.21839718417985746,0
real_20260706_155439_table_ur10_cluster000_table2_refined_from_identity_hard,real_previous_registration,1999,1225,0.14323807231811003,0.09761311164399242,0.8848147060879064,184.81727180066082,-0.3448400487922901,0,0.13112048501433074,0
real_20260706_155439_table_ur10_cluster000_table2_refined_from_identity_hard,real_previous_registration,2000,652,0.1797275571288132,0.05680260524507338,0.5285464833225333,131.25075152973776,0.6954113758364705,0,0.06801440467755251,1
real_20260706_155439_table_ur10_cluster000_table2_refined_from_identity_hard,real_previous_registration,2001,223,0.13150161342904096,0.05451644662821123,0.18938325891112062,94.79143434204516,1.4179288695979257,0,0.059613212612851685,1
real_20260706_155439_table_ur10_cluster000_table2_refined_from_identity_hard,real_previous_registration,2002,579,0.12817213803099173,0.10269943978338875,0.972706974462212,96.15266554088043,0.14970404633680942,0,0.13534355067154463,0
real_20260706_155439_table_ur10_cluster000_table2_refined_from_identity_hard,real_previous_registration,2003,178,0.11646087695709192,0.10533489556598634,0.9580654333239158,76.77726561344309,0.7760765939476677,0,0.20955375451299527,0
real_20260706_155439_table_ur10_cluster000_table2_refined_from_identity_hard,real_previous_registration,2004,681,0.13910528553388074,0.09038728675944452,0.9775710612637805,109.22855910636528,0.254053873507269,0,0.07845792914896867,1
real_20260706_155439_table_ur10_cluster000_table2_refined_from_identity_hard,real_previous_registration,2005,422,0.16221089135327166,0.12141232905503241,0.9909357867116764,49.63587452197405,0.12004790492475569,0,0.0699669428398294,1
real_20260706_155439_table_ur10_cluster000_table2_refined_from_identity_hard,real_previous_registration,2010,58,0.07534871995440565,0.06541620185509972,0.435756048431453,62.574265229611,1.197455965733326,0,0.09202205517224611,1
real_20260706_155439_table_ur10_cluster000_table2_refined_from_identity_hard,real_previous_registration,2011,521,0.03730600815454325,0.018822608431011148,0.947900604684169,82.53465485223349,-0.05715835828444704,0,0.12015488343981076,0
real_20260706_155439_table_ur10_cluster000_table2_refined_from_identity_hard,real_previous_registration,2013,959,0.055989304411785366,0.021954943133430764,0.8985120254980352,237.64237095604497,0.05439399380504185,0,0.1803801922888214,0
real_20260706_155439_table_ur10_cluster000_table2_refined_from_identity_hard,real_previous_registration,2014,81,0.03565336318022562,0.02124853620730524,0.9135827159099944,255.9254764163517,-0.24521033040076604,1,0.14016809765441088,0
real_20260706_155439_table_ur10_cluster000_table2_refined_from_identity_hard,real_previous_registration,2015,8,0.18583651363776785,0.14429813396613,0.9794480894267543,149.92657323867576,0.6431054281069276,0,0.06681009159143166,1
real_20260706_155439_table_ur10_cluster000_table2_refined_from_identity_hard,real_previous_registration,2016,768,0.06132800904029582,0.060753785624986824,0.9868106418253206,52.86576602349405,-0.29646666255192633,0,0.18000226944010628,0
real_20260706_155439_table_ur10_cluster000_table2_refined_from_identity_hard,real_previous_registration,2017,153,0.03810529513026346,0.0016095100753708287,0.9604170720655453,104.17108500228032,-0.05715834717335967,0,0.13517859750710257,0
real_20260706_155439_table_ur10_cluster000_table2_refined_from_identity_hard,real_previous_registration,2018,226,0.0855516460441025,0.07453750853934214,0.9997718179255659,175.06409085809042,0.1941557417140689,0,0.20559080917768646,0
real_20260706_155439_table_ur10_cluster000_table2_refined_from_identity_hard,real_previous_registration,2019,893,0.0559360861725462,0.04517177268434043,0.10279811942607273,133.99149296069825,0.8346579812687765,0,0.16879314057027475,0
real_20260706_155439_table_ur10_cluster000_table2_refined_from_identity_hard,real_previous_registration,2021,1011,0.06813496538972082,0.05902508824056236,0.2733069186403965,72.46980829518444,-0.18883607720922485,0,0.19530954321685506,0
real_20260706_155439_table_ur10_cluster000_table2_refined_from_identity_hard,real_previous_registration,2023,86,0.15536630494455525,0.14836148224632573,0.8669096098948144,178.86240841335191,1.3420370689035173,0,0.08983832968085646,1
real_20260706_155439_table_ur10_cluster000_table2_refined_from_identity_hard,real_previous_registration,2024,1181,0.15663821233687572,0.05564392376911016,0.15695680228121986,234.66607933586997,1.1386159724908047,0,0.1552966185272097,0
real_20260706_155439_table_ur10_cluster000_table2_refined_from_identity_hard,real_previous_registration,2025,1228,0.07403924628624241,0.02075426458689216,0.5105287088100274,114.02953869355238,1.4416110465526122,0,0.07712992079309774,1
real_20260706_155439_table_ur10_cluster000_table2_refined_from_identity_hard,real_previous_registration,2026,1135,0.14374065468770564,0.0510432568084254,0.8501927893937683,134.78433450136356,1.4704462070992599,0,0.2074721093888556,0
real_20260706_155439_table_ur10_cluster000_table2_refined_from_identity_hard,real_previous_registration,2027,8,0.15470300112570143,0.12161105624753785,0.9855138493365201,184.38813353571982,0.836008937456631,0,0.07376584384040914,1
real_20260706_155439_table_ur10_cluster000_table2_refined_from_identity_hard,real_previous_registration,2028,525,0.2117149165622044,0.16192345297124025,0.9816455803001286,108.50129541528686,-0.1059484372688269,0,0.23437405836445957,0
real_20260706_155439_table_ur10_cluster000_table2_refined_from_identity_hard,real_previous_registration,2029,1181,0.18053926901939363,0.11458424754050825,0.11927203463495277,239.27497584238708,1.156965097017598,0,0.1949090559586183,0
real_20260706_155439_table_ur10_cluster000_table2_refined_from_identity_hard,real_previous_registration,2030,1099,0.03045593313030566,0.015110111604428518,0.066826037819452,214.68466062255217,0.08879535433892179,1,0.14628977327821674,0
real_20260706_155439_table_ur10_cluster000_table2_refined_from_identity_hard,real_previous_registration,2031,60,0.17375597662483505,0.12023953737876934,0.3785285558771118,77.43864639648537,1.1324237327476296,0,0.07740923575519873,1
real_20260706_155439_table_ur10_cluster000_table2_refined_from_identity_hard,real_previous_registration,2032,652,0.1655876492109886,0.09055688272847556,0.7500589491338039,133.4892200269357,0.7515007984316044,0,0.04482971957364583,1
real_20260706_155439_table_ur10_cluster000_table2_refined_from_identity_hard,real_previous_registration,2033,72,0.14121245681489325,0.08530899549885486,0.9323975716344334,104.8577934262018,0.18173328518338275,0,0.19102264429155116,0
real_20260706_155439_table_ur10_cluster000_table2_refined_from_identity_hard,real_previous_registration,2034,9,0.13520315785289283,0.03301792567709439,0.42261307141101123,233.23319468643726,1.0318829648398942,0,0.1523076290411542,0
real_20260706_155439_table_ur10_cluster000_table2_refined_from_identity_hard,real_previous_registration,2036,1112,0.05742522630955786,0.04070541688906814,0.016070067515257705,86.82440667917507,0.5771475212435071,0,0.2151600661510486,0
real_20260706_155439_table_ur10_cluster000_table2_refined_from_identity_hard,real_previous_registration,2037,434,0.15451137677654522,0.15448834215602458,0.908502138866231,258.2749238147471,2.3726807512536654,0,0.008501301550942444,1
real_20260706_155439_table_ur10_cluster000_table2_refined_from_identity_hard,real_previous_registration,2038,1182,0.02166243974848979,0.016722914672850343,0.9688171913709137,164.77223740757714,-0.3993608483234326,1,0.13290260572312573,0
real_20260706_155439_table_ur10_cluster000_table2_refined_from_identity_hard,real_previous_registration,2039,559,0.1443325349447058,0.12230793261956141,0.9435287716788291,248.84967051554636,2.6790521087373214,0,0.1226180838246448,0
real_20260706_155439_table_ur10_cluster000_table2_refined_from_identity_hard,real_previous_registration,2040,434,0.1456240428234025,0.12699456504304268,0.8715407115186874,241.77328311779456,2.4277404859838954,0,0.07714405843984035,1
real_20260706_155439_table_ur10_cluster000_table2_refined_from_identity_hard,real_previous_registration,2041,352,0.21764639757104284,0.07463059100940017,0.11192479598424776,99.21219326987422,0.23497778646142414,0,0.08881502399371632,1
real_20260706_155439_table_ur10_cluster000_table2_refined_from_identity_hard,real_previous_registration,2043,532,0.15199148134783375,0.019323551716689803,0.20096071545887495,139.31898212466717,0.8674994077063702,0,0.05604184771118579,1
real_20260706_155439_table_ur10_cluster000_table2_refined_from_identity_hard,real_previous_registration,2044,461,0.03852211288877289,0.03642029018978461,0.8092385084874615,149.03307652867895,-0.7656189972225842,1,0.13253906557568362,0
real_20260706_155439_table_ur10_cluster000_table2_refined_from_identity_hard,real_previous_registration,2045,1186,0.02064694292569767,0.019921429550395785,0.6959589689485394,41.881954756861376,-0.6453471400494908,1,0.1915579364747834,0
real_20260706_155439_table_ur10_cluster000_table2_refined_from_identity_hard,real_previous_registration,2046,375,0.19538019033382809,0.18662673920741418,0.9126926282708674,106.31751157727297,0.4577399406570887,0,0.11092238533933936,0
real_20260706_155439_table_ur10_cluster000_table2_refined_from_identity_hard,real_previous_registration,2047,1209,0.02953653834945107,0.0242673778891036,0.269497387401744,39.902017753009424,0.21357390799054063,0,0.19267391921166088,0
real_20260706_155439_table_ur10_cluster000_table2_refined_from_identity_hard,real_previous_registration,2048,1228,0.1074139321357124,0.09251144051447333,0.015583739676668817,117.83309242816253,1.6168149919607997,0,0.06449830729304909,1
real_20260706_155439_table_ur10_cluster000_table2_refined_from_identity_hard,real_previous_registration,2050,593,0.10738143451774847,0.04962158461432421,0.9286480357351645,155.76739467238284,0.9413692642259074,0,0.056412165393859404,1
real_20260706_155439_table_ur10_cluster000_table2_refined_from_identity_hard,real_previous_registration,2051,982,0.06914600983195188,0.06368573940714721,0.1565207866466401,170.6334138825469,0.8418395310037566,0,0.20158549326156436,0
real_20260706_155439_table_ur10_cluster000_table2_refined_from_identity_hard,real_previous_registration,2052,1019,0.12360658667904241,0.07930437036910779,0.7929972726615292,163.0420468118007,1.1059908793013533,0,0.05258189189057696,1
real_20260706_155439_table_ur10_cluster000_table2_refined_from_identity_hard,real_previous_registration,2053,579,0.11220914857559984,0.1099584277451885,0.9900919750852892,88.82679389237914,0.2641142599225817,0,0.19693120518163348,0
real_20260706_155439_table_ur10_cluster000_table2_refined_from_identity_hard,real_previous_registration,2054,223,0.1516797678686281,0.09934386477757443,0.4603235566634184,81.0741014940179,1.2927658364477448,0,0.04714118144855716,1
real_20260706_155439_table_ur10_cluster000_table2_refined_from_identity_hard,real_previous_registration,2055,688,0.025221323611248958,0.011492633783947924,0.11710863884153969,92.60798614053643,1.2023815990046471,1,0.19273785946858824,0
real_20260706_155439_table_ur10_cluster000_table2_refined_from_identity_hard,real_previous_registration,2056,351,0.0939102031434225,0.08050938811813946,0.852140438443314,146.63701590266768,1.3526636436632031,1,0.17788702976345952,0
real_20260706_155439_table_ur10_cluster000_table2_refined_from_identity_hard,real_previous_registration,2057,1165,0.07416202019496536,0.07148604419700158,0.8905771173674326,54.02566862618884,-0.23797710035131914,0,0.20939658516306225,0
real_20260706_155439_table_ur10_cluster000_table2_refined_from_identity_hard,real_previous_registration,2058,313,0.11135515576128936,0.08704355112381768,0.6449672461053828,94.3072953729792,0.12901660104348092,0,0.07008510511460928,1
real_20260706_155439_table_ur10_cluster000_table2_refined_from_identity_hard,real_previous_registration,2059,9,0.13610332439247536,0.07135522951939485,0.3797190215649379,170.363144881784,1.0318829648398942,0,0.09151762430323637,1
real_20260706_155439_table_ur10_cluster000_table2_refined_from_identity_hard,real_previous_registration,2060,1181,0.12134495860327023,0.01447361891405681,0.15628557168957075,234.96443029427513,1.2100748828331431,0,0.09829521689111391,1
real_20260706_155439_table_ur10_cluster000_table2_refined_from_identity_hard,real_previous_registration,2061,890,0.150869725717755,0.14523744095005142,0.963375898582123,223.37587292926432,1.5617552572305697,0,0.047443709307405095,1
real_20260706_155439_table_ur10_cluster000_table2_refined_from_identity_hard,real_previous_registration,2062,91,0.024164121095640985,0.009773587683041504,0.2989130253744256,138.08335303480393,-1.0045390322834105,1,0.19224181119606917,0
real_20260706_155439_table_ur10_cluster000_table2_refined_from_identity_hard,real_previous_registration,2063,404,0.09684765638754249,0.0818143470465683,0.01438150530554135,125.90361288564075,0.7872184131379879,0,0.05739101481680567,1
real_20260706_155439_table_ur10_cluster000_table2_refined_from_identity_hard,real_previous_registration,2065,354,0.1648950308174459,0.120019483781465,0.8923095276566406,212.57720646683364,1.2356078794688716,0,0.10994052928618851,0
real_20260706_155439_table_ur10_cluster000_table2_refined_from_identity_hard,real_previous_registration,2066,831,0.0404137716412268,0.01323883069727551,0.012099350783616514,71.65602204418005,0.2925957898407213,0,0.20489594887191415,0
real_20260706_155439_table_ur10_cluster000_table2_refined_from_identity_hard,real_previous_registration,2067,384,0.12075318358137857,0.08975217836251116,0.9721579755782148,177.17635095820893,0.7049809215410398,0,0.044428637044932044,1
real_20260706_155439_table_ur10_cluster000_table2_refined_from_identity_hard,real_previous_registration,2068,192,0.21978603818771256,0.19965549911493816,0.8894174407628431,150.93275086287161,1.0616549935768482,0,0.08507557720874535,1
real_20260706_155439_table_ur10_cluster000_table2_refined_from_identity_hard,real_previous_registration,2069,705,0.2623722597877859,0.15100658819291363,0.37902150129196355,107.50311349523393,0.3372564837230758,0,0.1701345848704616,0
real_20260706_155439_table_ur10_cluster000_table2_refined_from_identity_hard,real_previous_registration,2070,404,0.1488446232934787,0.13921900044153415,0.6549871569870183,120.86690804710149,0.8873017664319233,0,0.1003129563917882,0
real_20260706_155439_table_ur10_cluster000_table2_refined_from_identity_hard,real_previous_registration,2071,1025,0.1282342634060628,0.06677285860622419,0.9538071911246353,57.0338117087784,0.11719486886047786,0,0.2524696817984397,0
real_20260706_155439_table_ur10_cluster000_table2_refined_from_identity_hard,real_previous_registration,2072,844,0.15943474087099074,0.10503929097937169,0.9304705387400585,228.87636078723713,2.4097219941175703,0,0.1311223488010471,0
real_20260706_155439_table_ur10_cluster000_table2_refined_from_identity_hard,real_previous_registration,2073,1135,0.16765958051525556,0.0501472809361593,0.7975291055523601,102.8483024225222,1.5804470005694964,0,0.12692770136426862,0
real_20260706_155439_table_ur10_cluster000_table2_refined_from_identity_hard,real_previous_registration,2074,844,0.18491745370310775,0.11317619363896686,0.9562083285327047,241.60599831670697,2.4454400499254114,0,0.11405371692858651,0
real_20260706_155439_table_ur10_cluster000_table2_refined_from_identity_hard,real_previous_registration,2075,624,0.14358709126322086,0.1071409121734504,0.970771679039388,237.92322898769618,0.48183715832313395,0,0.2502189974854864,0
real_20260706_155439_table_ur10_cluster000_table2_refined_from_identity_hard,real_previous_registration,2077,719,0.12583085722398527,0.055591751251784,0.5461198197075822,158.32839348180016,2.62189374064897,0,0.1247509848095359,0
real_20260706_155439_table_ur10_cluster000_table2_refined_from_identity_hard,real_previous_registration,2079,352,0.24358139968002213,0.11315551136817184,0.23020671074255505,104.69476247890603,0.08415503347090222,0,0.12075319842026845,0
real_20260706_155439_table_ur10_cluster000_table2_refined_from_identity_hard,real_previous_registration,2080,1009,0.1319497463358671,0.11502982699718522,0.9055440830756125,245.94993782582347,1.4563951193491653,0,0.07591736587092181,1
real_20260706_155439_table_ur10_cluster000_table2_refined_from_identity_hard,real_previous_registration,2082,741,0.16676906539298017,0.1577908533820523,0.9998422523729592,179.8794978383662,-0.7952561878332869,0,0.18838788386462413,0
real_20260706_155439_table_ur10_cluster000_table2_refined_from_identity_hard,real_previous_registration,2083,354,0.15052685007735464,0.09042948278197604,0.8807419170881431,187.4556812433799,1.292766247557223,0,0.12788493880935592,0
real_20260706_155439_table_ur10_cluster000_table2_refined_from_identity_hard,real_previous_registration,2084,1087,0.025909082713777697,0.003473796014751562,0.23324228916664685,64.34359870106037,0.16675689911182184,1,0.21461124598664905,0
real_20260706_155439_table_ur10_cluster000_table2_refined_from_identity_hard,real_previous_registration,2085,1098,0.12743824990422767,0.12178793212458819,0.7775143736017986,150.49344425296778,1.8168334589107455,0,0.11346031790270313,0
real_20260706_155439_table_ur10_cluster000_table2_refined_from_identity_hard,real_previous_registration,2086,1169,0.04670070741221269,0.019125001151083895,0.022980765101150515,80.8413875799125,0.12516298295421074,1,0.23230867848898726,0
real_20260706_155439_table_ur10_cluster000_table2_refined_from_identity_hard,real_previous_registration,2091,844,0.18309766081233902,0.14932825709074204,0.9118029130456041,241.58917827622525,2.3913728695907768,0,0.16323757351384627,0
real_20260706_155439_table_ur10_cluster000_table2_refined_from_identity_hard,real_previous_registration,2092,120,0.033221275059783645,0.021817575496471345,0.9796718243810559,120.47866451824487,0.3483061942689408,1,0.13097020227398604,0
real_20260706_155439_table_ur10_cluster000_table2_refined_from_identity_hard,real_previous_registration,2093,235,0.14100058451826547,0.03922982351257071,0.7026469620305793,207.2109634282472,0.7537706773781381,0,0.25663138385871526,0
real_20260706_155439_table_ur10_cluster000_table2_refined_from_identity_hard,real_previous_registration,2094,622,0.03075570602198688,0.01674016917466908,0.35156841118208804,50.657298219993066,-0.07473349431278291,0,0.19999946966573845,0
real_20260706_155439_table_ur10_cluster000_table2_refined_from_identity_hard,real_previous_registration,2095,583,0.048573444487715514,0.04402575088351174,0.7620706116365399,96.09997937732678,-0.8324821153986347,0,0.17931208877491792,0
real_20260706_155439_table_ur10_cluster000_table2_refined_from_identity_hard,real_previous_registration,2096,223,0.1346514758454821,0.09644920735070828,0.7487835616182622,132.83743356510672,1.4934363622130704,0,0.08459798781201378,1
real_20260706_155439_table_ur10_cluster000_table2_refined_from_identity_hard,real_previous_registration,2097,624,0.127635842855561,0.11395888882863821,0.9755493846321389,239.34890407114605,0.5836197074719932,0,0.21422491466616705,0
real_20260706_155439_table_ur10_cluster000_table2_refined_from_identity_hard,real_previous_registration,2099,698,0.06818607191396625,0.005276235738163545,0.07782141799922952,134.78208872780675,0.38652741163451093,0,0.1364408684399893,0
real_20260706_155439_table_ur10_cluster000_table2_refined_from_identity_hard,real_previous_registration,2101,287,0.023358643627608575,0.01045813283270353,0.10635526549051053,83.83377343978486,-0.1668571907802857,1,0.17898783094147513,0
real_20260706_155439_table_ur10_cluster000_table2_refined_from_identity_hard,real_previous_registration,2102,897,0.03866257494099131,0.030791596307767094,0.33009437858037327,61.261667796733676,0.0619841829474364,0,0.18180730375344187,0
real_20260706_155439_table_ur10_cluster000_table2_refined_from_identity_hard,real_previous_registration,2103,424,0.18606025218491684,0.15780509629597764,0.8359742539572038,67.81133629790041,-0.4005505157203723,0,0.19449107589413822,0
real_20260706_155439_table_ur10_cluster000_table2_refined_from_identity_hard,real_previous_registration,2105,698,0.17668095178732685,0.1716485404594986,0.9168129949110164,142.38044477527222,0.5262892170532824,0,0.07163463511894438,1
real_20260706_155439_table_ur10_cluster000_table2_refined_from_identity_hard,real_previous_registration,2108,488,0.09799578252301637,0.08628210416486638,0.944996011311523,153.550311886535,0.6577274928129995,0,0.22926496668674584,0
real_20260706_155439_table_ur10_cluster000_table2_refined_from_identity_hard,real_previous_registration,2109,119,0.03524209624810189,0.018081104033184414,0.49874283069471176,76.39330926945526,-0.7008567621103119,0,0.21495155607601799,0
real_20260706_155439_table_ur10_cluster000_table2_refined_from_identity_hard,real_previous_registration,2111,1181,0.1737486587205901,0.09915313023153366,0.11671125948919542,239.9645364973678,1.1386159724908047,0,0.18076075004700168,0
real_20260706_155439_table_ur10_cluster000_table2_refined_from_identity_hard,real_previous_registration,2112,873,0.10421893399046546,0.0883239512823503,0.2921345990748861,77.8706038178114,0.7760765939476677,0,0.2532541333178191,0
real_20260706_155439_table_ur10_cluster000_table2_refined_from_identity_hard,real_previous_registration,2113,544,0.04112408573573034,0.016885431840732337,0.8000550987762561,131.02748414838402,-0.5516344183158589,1,0.1854665523758302,0
real_20260706_155439_table_ur10_cluster000_table2_refined_from_identity_hard,real_previous_registration,2114,774,0.1073919661799277,0.032955370978401864,0.2804766758837718,111.14325360225928,1.7547997455742117,0,0.221370674411407,0
real_20260706_155439_table_ur10_cluster000_table2_refined_from_identity_hard,real_previous_registration,2115,4,0.2137234821227029,0.1990768309230618,0.9361539812665542,147.23524869267118,0.9863927650999077,0,0.12769913669498117,0
real_20260706_155439_table_ur10_cluster000_table2_refined_from_identity_hard,real_previous_registration,2117,624,0.12988949988735465,0.12854532896641474,0.9774787073841701,196.3342066310017,0.8131938712011986,0,0.1848305927694596,0
real_20260706_155439_table_ur10_cluster000_table2_refined_from_identity_hard,real_previous_registration,2118,4,0.18405905019997748,0.17762150579020036,0.9035203691798452,197.46806409833877,0.9863927650999077,0,0.09235588255872881,1
real_20260706_155439_table_ur10_cluster000_table2_refined_from_identity_hard,real_previous_registration,2119,9,0.1456035080950207,0.029910263138202837,0.4226130714110889,235.32352040086508,1.0318829648398942,0,0.1519432035834577,0
real_20260706_155439_table_ur10_cluster000_table2_refined_from_identity_hard,real_previous_registration,2121,86,0.17354081731552673,0.16985053257839033,0.8581191276818917,154.9878818950899,1.3981264914986515,0,0.08947953975110928,1
real_20260706_155439_table_ur10_cluster000_table2_refined_from_identity_hard,real_previous_registration,2122,223,0.15560621444071082,0.13625518870938944,0.7816072224912123,148.91514903790136,1.4179288695979257,0,0.07767777543675339,1
real_20260706_155439_table_ur10_cluster000_table2_refined_from_identity_hard,real_previous_registration,2123,162,0.0319630842333213,0.025953167833978087,0.2311807466864007,49.364769168946886,0.016949543661771403,0,0.19373166365117175,0
real_20260706_155439_table_ur10_cluster000_table2_refined_from_identity_hard,real_previous_registration,2124,340,0.15993078958525225,0.13296504291648786,0.8671582925507761,150.81054476012653,1.0318829648398942,0,0.044514995221616886,1
real_20260706_155439_table_ur10_cluster000_table2_refined_from_identity_hard,real_previous_registration,2125,44,0.03614717045487606,0.023545112417464736,0.27314931786537033,66.71469994295634,-0.23328780618324615,1,0.2122628055688137,0
real_20260706_155439_table_ur10_cluster000_table2_refined_from_identity_hard,real_previous_registration,2126,1135,0.09468883096176373,0.050381007717059105,0.9534906229683924,118.90387636370089,1.6795378206666263,0,0.15877564292535015,0
real_20260706_155439_table_ur10_cluster000_table2_refined_from_identity_hard,real_previous_registration,2127,422,0.0376380302939089,0.03434150480500693,0.6505316568526843,111.55741617681448,0.3066336771992926,0,0.16068248287062958,0
real_20260706_155439_table_ur10_cluster000_table2_refined_from_identity_hard,real_previous_registration,2128,579,0.10978156182707316,0.060245991417136574,0.34004719080651197,60.84665176228094,0.45985863524708376,0,0.2858826156375386,0
real_20260706_155439_table_ur10_cluster000_table2_refined_from_identity_hard,real_previous_registration,2129,192,0.20680507693411593,0.1856638275550957,0.8897088068378048,152.45199448631303,1.1199238541536929,0,0.07788875879459248,1
real_20260706_155439_table_ur10_cluster000_table2_refined_from_identity_hard,real_previous_registration,2130,354,0.154238894921122,0.12020721192981942,0.8918629691613377,184.0204920586245,1.292766247557223,0,0.09160203967094306,1
real_20260706_155439_table_ur10_cluster000_table2_refined_from_identity_hard,real_previous_registration,2131,1135,0.13950731049214227,0.10633984278211726,0.9773696773062259,102.95903116042933,1.559393609988669,0,0.10577966932324334,0
real_20260706_155439_table_ur10_cluster000_table2_refined_from_identity_hard,real_previous_registration,2133,404,0.16274892840256697,0.13277139955629058,0.5857316704513971,128.95426814942587,0.83851165226244,0,0.0744352887330529,1
real_20260706_155439_table_ur10_cluster000_table2_refined_from_identity_hard,real_previous_registration,2134,363,0.035917165869848576,0.03260813171957413,0.715629762958667,81.6163173493693,-0.07410789523072468,1,0.12436441542056884,0
real_20260706_155439_table_ur10_cluster000_table2_refined_from_identity_hard,real_previous_registration,2135,226,0.11064379951663574,0.07005702690922838,0.9997123766451743,155.91390386501666,0.48183749598438597,0,0.14568615162377066,0
real_20260706_155439_table_ur10_cluster000_table2_refined_from_identity_hard,real_previous_registration,2136,58,0.0730055661532889,0.056844168924135255,0.056933766195606625,58.55543570559317,1.0543552656822521,0,0.12832847118902505,0
real_20260706_155439_table_ur10_cluster000_table2_refined_from_identity_hard,real_previous_registration,2137,354,0.19870286582421348,0.1864173370912764,0.806054718628524,78.19191799334764,1.1749833091229813,0,0.07873672009215275,1
real_20260706_155439_table_ur10_cluster000_table2_refined_from_identity_hard,real_previous_registration,2138,940,0.20628257764268093,0.17496112911442568,0.9364084356547312,85.01052248602525,0.1613660281772722,0,0.12089081983480206,0
real_20260706_155439_table_ur10_cluster000_table2_refined_from_identity_hard,real_previous_registration,2140,11,0.03221991006654367,0.015127727139941243,0.18282544488667216,98.96581872875112,-0.04425496238404324,1,0.16547819348226617,0
real_20260706_155439_table_ur10_cluster000_table2_refined_from_identity_hard,real_previous_registration,2142,173,0.06684421821325336,0.05381754772996797,0.9341244053575118,44.93986644488272,0.5996203558834644,0,0.1774308925313781,0
real_20260706_155439_table_ur10_cluster000_table2_refined_from_identity_hard,real_previous_registration,2143,346,0.040406698202994924,0.03883924462522069,0.16569825904680974,62.16676327162726,0.5578232287882964,0,0.1788716309430916,0
real_20260706_155439_table_ur10_cluster000_table2_refined_from_identity_hard,real_previous_registration,2144,579,0.16386426612009403,0.11608501076222644,0.9705803003811949,90.93001830661697,0.20854447363256007,0,0.28087327050327865,0
real_20260706_155439_table_ur10_cluster000_table2_refined_from_identity_hard,real_previous_registration,2145,1159,0.039892995953993336,0.012871724534409662,0.8019225178712139,90.39860565327466,0.27704336953325776,0,0.09405040313815245,1
real_20260706_155439_table_ur10_cluster000_table2_refined_from_identity_hard,real_previous_registration,2146,829,0.06660573413512683,0.06161298894922894,0.9616251372243517,57.74751699725208,-0.15866520217778432,0,0.17905210818430914,0
real_20260706_155439_table_ur10_cluster000_table2_refined_from_identity_hard,real_previous_registration,2147,222,0.17779665759059557,0.1705203068614597,0.9522510121297293,258.3843242817002,2.641311810668981,0,0.09385346193977159,1
real_20260706_155439_table_ur10_cluster000_table2_refined_from_identity_hard,real_previous_registration,2148,878,0.12651216857432507,0.11124033578399194,0.9903089768760888,127.45095013173467,0.6866317318628755,0,0.09644432638978986,1
real_20260706_155439_table_ur10_cluster000_table2_refined_from_identity_hard,real_previous_registration,2149,509,0.0930389583712583,0.08727225020070663,0.10764676886077931,136.8006729627372,0.42777024281636555,0,0.16395622422153855,0
real_20260706_155439_table_ur10_cluster000_table2_refined_from_identity_hard,real_previous_registration,2150,1225,0.13121532330734795,0.11678994864862255,0.8854144583409147,173.2854954077033,-0.3812076374076942,1,0.18265245538769573,0
real_20260706_155439_table_ur10_cluster000_table2_refined_from_identity_hard,real_previous_registration,2151,787,0.01834152726383087,0.00020443988175540166,0.9564777769275731,227.57502337783944,-0.4408830522684068,1,0.13279627383539164,0
real_20260706_155439_table_ur10_cluster000_table2_refined_from_identity_hard,real_previous_registration,2153,1025,0.09818581770341489,0.09454222472929873,0.9514790262416891,68.58901476896035,-0.010638388104055261,0,0.19941226936338782,0
real_20260706_155439_table_ur10_cluster000_table2_refined_from_identity_hard,real_previous_registration,2154,644,0.10404954812175421,0.031336388877440696,0.5243496333154833,91.57149334581788,3.502229998004807,0,0.14741200739623103,0
real_20260706_155439_table_ur10_cluster000_table2_refined_from_identity_hard,real_previous_registration,2155,890,0.12404547035645758,0.10091270435308705,0.958723886963303,239.1891970228016,1.5427070774993406,1,0.12045266765716253,0
real_20260706_155439_table_ur10_cluster000_table2_refined_from_identity_hard,real_previous_registration,2158,1071,0.1269020650833587,0.11692501515593685,0.9496756703567408,228.45726213738638,2.0042597193226697,0,0.08122059396130493,1
real_20260706_155439_table_ur10_cluster000_table2_refined_from_identity_hard,real_previous_registration,2159,422,0.1743681272706694,0.09429676798700748,0.8854836311898748,61.30286542229833,0.3066336771992926,0,0.024278549210522648,1
real_20260706_155439_table_ur10_cluster000_table2_refined_from_identity_hard,real_previous_registration,2160,1211,0.1560928804718703,0.15429272182661086,0.9958454006056223,224.69725074632544,-0.24521033040076604,1,0.20005413846903686,0
real_20260706_155439_table_ur10_cluster000_table2_refined_from_identity_hard,real_previous_registration,2161,17,0.09706704536012353,0.09215586675706307,0.520703457327145,142.97786062937595,0.8002906475585299,0,0.034344511897574696,1
real_20260706_155439_table_ur10_cluster000_table2_refined_from_identity_hard,real_previous_registration,2162,1025,0.11664310866737405,0.06494598629269573,0.7008014171803116,51.4465367264097,0.21250497230122756,0,0.21903485774189105,0
real_20260706_155439_table_ur10_cluster000_table2_refined_from_identity_hard,real_previous_registration,2163,844,0.17674252713598956,0.1269133501680913,0.9331788395415628,242.66742965349863,2.4454400499254114,0,0.12422893455675754,0
real_20260706_155439_table_ur10_cluster000_table2_refined_from_identity_hard,real_previous_registration,2164,1218,0.04876284380543038,0.04749649714668932,0.06628366600615745,102.97762219670575,-0.40975968800109475,0,0.21811778307660581,0
real_20260706_155439_table_ur10_cluster000_table2_refined_from_identity_hard,real_previous_registration,2166,422,0.03322974344901159,0.006101328993844694,0.6981813907743085,118.11405889357101,0.24067577033587229,0,0.20154600142576648,0
real_20260706_155439_table_ur10_cluster000_table2_refined_from_identity_hard,real_previous_registration,2167,559,0.14191804856132662,0.13283998891161003,0.9391898597966526,257.46394452113066,2.602091129823365,0,0.09465642480869092,1
real_20260706_155439_table_ur10_cluster000_table2_refined_from_identity_hard,real_previous_registration,2168,39,0.07053827979997185,0.024838959146213688,0.6013505958197082,74.42278252392575,0.561880185592593,0,0.10346310984738412,0
real_20260706_155439_table_ur10_cluster000_table2_refined_from_identity_hard,real_previous_registration,2169,121,0.09265777502510901,0.08167853164198585,0.03396553236874381,74.3470441746248,0.1731024363603115,0,0.18437154390297245,0
real_20260706_155439_table_ur10_cluster000_table2_refined_from_identity_hard,real_previous_registration,2170,1025,0.1020832281984541,0.07736447292443185,0.910719127400974,83.07953506845026,-0.05715835828444704,0,0.23313833125363917,0
real_20260706_155439_table_ur10_cluster000_table2_refined_from_identity_hard,real_previous_registration,2171,705,0.30972532071253217,0.19114883661038878,0.4956339836179614,102.83207317630479,-0.003669724081276394,0,0.20259074518002776,0
real_20260706_155439_table_ur10_cluster000_table2_refined_from_identity_hard,real_previous_registration,2172,174,0.03372481083546241,0.004360983119714393,0.9517211338630785,166.34441099261934,-0.010638384737059308,1,0.15819553800870906,0
real_20260706_155439_table_ur10_cluster000_table2_refined_from_identity_hard,real_previous_registration,2173,916,0.06048151576764294,0.05558164450100411,0.9711188882207894,49.83705978924201,0.14806478077471005,0,0.1792372457138927,0
real_20260706_155439_table_ur10_cluster000_table2_refined_from_identity_hard,real_previous_registration,2174,687,0.025088889999982246,0.021675135373564046,0.012443084246464689,110.87492632662581,-0.32130972047090905,1,0.17890077394192366,0
real_20260706_155439_table_ur10_cluster000_table2_refined_from_identity_hard,real_previous_registration,2175,771,0.0226033290601128,0.010943061462451602,0.4782394662328155,56.75645592879,-0.6548011280834595,1,0.17038656980645428,0
real_20260706_155439_table_ur10_cluster000_table2_refined_from_identity_hard,real_previous_registration,2177,313,0.04358596217064315,0.025980006483088444,0.2845471339280518,92.27581569620624,0.02792057009675256,0,0.0876841930543293,1
real_20260706_155439_table_ur10_cluster000_table2_refined_from_identity_hard,real_previous_registration,2179,106,0.037187661091020056,0.007308652643425684,0.6281143842303843,164.0187190606308,-0.9871470814798462,1,0.18986334810658234,0
real_20260706_155439_table_ur10_cluster000_table2_refined_from_identity_hard,real_previous_registration,2180,1135,0.07163562071504058,0.035401624868040785,0.9157744643056627,122.87046859156929,1.515908537765206,0,0.1870157209624693,0
real_20260706_155439_table_ur10_cluster000_table2_refined_from_identity_hard,real_previous_registration,2181,422,0.0750806631291876,0.06094031806679205,0.7082139630854484,106.9521226317357,0.38831163812601044,0,0.1255574796252153,0
real_20260706_155439_table_ur10_cluster000_table2_refined_from_identity_hard,real_previous_registration,2182,422,0.12091698780360435,0.07498631798248266,0.9963722695966506,106.56765405646604,0.38831163812601044,0,0.06564359814006498,1
real_20260706_155439_table_ur10_cluster000_table2_refined_from_identity_hard,real_previous_registration,2183,681,0.08331604190818048,0.060504008609495896,0.9425544104274995,87.53383863672865,0.29951620417321506,0,0.0721804856410029,1
real_20260706_155439_table_ur10_cluster000_table2_refined_from_identity_hard,real_previous_registration,2185,514,0.02887457266209681,0.0002666367211264309,0.13921484575121482,58.19326204421087,-0.11599880931752184,0,0.17024979475388075,0
real_20260706_155439_table_ur10_cluster000_table2_refined_from_identity_hard,real_previous_registration,2186,488,0.09124760767165846,0.07027458965143743,0.9513510000007865,169.02098389272038,0.861326198478994,0,0.16407198122459485,0
real_20260706_155439_table_ur10_cluster000_table2_refined_from_identity_hard,real_previous_registration,2187,840,0.039942560630220114,0.004593654638118555,0.0161717959283071,110.9431197117532,-0.3290918348794116,1,0.19434862513975995,0
real_20260706_155439_table_ur10_cluster000_table2_refined_from_identity_hard,real_previous_registration,2189,1181,0.164193362964488,0.052186193560338094,0.14522121855693418,236.9513092907357,1.1386159724908047,0,0.15136696459818832,0
real_20260706_155439_table_ur10_cluster000_table2_refined_from_identity_hard,real_previous_registration,2190,791,0.042969700692152966,0.042130136605564084,0.9710568772006744,145.71322223202026,0.7377699825384116,1,0.16017865976375675,0
real_20260706_155439_table_ur10_cluster000_table2_refined_from_identity_hard,real_previous_registration,2191,719,0.11423986804413525,0.09778670031434457,0.5607827473962339,176.9129697056301,2.7154197251304395,0,0.08682302273926605,1
real_20260706_155439_table_ur10_cluster000_table2_refined_from_identity_hard,real_previous_registration,2192,1227,0.16343043028127352,0.1186735683058556,0.2069515640906045,142.1219391287644,1.1468118127146254,0,0.28299091508567936,0
real_20260706_155439_table_ur10_cluster000_table2_refined_from_identity_hard,real_previous_registration,2193,313,0.08111016483240947,0.07258188043285728,0.615770829486128,96.58687372769165,0.048973960677580024,0,0.046591936117344315,1
real_20260706_155439_table_ur10_cluster000_table2_refined_from_identity_hard,real_previous_registration,2194,172,0.02564611281259004,0.013244329562191143,0.8211245375939884,101.907130350607,-0.6548011280834595,0,0.16102542891172344,0
real_20260706_155439_table_ur10_cluster000_table2_refined_from_identity_hard,real_previous_registration,2195,881,0.08136613344943767,0.040881360545327185,0.03848135367050342,71.14718241743289,0.1613660281772722,0,0.13616057916023114,0
real_20260706_155439_table_ur10_cluster000_table2_refined_from_identity_hard,real_previous_registration,2196,549,0.08806250201573494,0.0009682871843797319,0.4678893310941662,245.2000395428387,1.364223048715414,0,0.21640905018316692,0
real_20260706_155439_table_ur10_cluster000_table2_refined_from_identity_hard,real_previous_registration,2197,433,0.05758235246056945,0.02651777667783033,0.05293817367819405,153.55900096479078,0.5910362117513486,0,0.18042521448777846,0
real_20260706_155439_table_ur10_cluster000_table2_refined_from_identity_hard,real_previous_registration,2198,922,0.06209926641810767,0.03409823104014677,0.20467725026118766,66.92887157034008,-0.7393755695769059,0,0.1688783651282987,0
real_20260706_155439_table_ur10_cluster000_table2_refined_from_identity_hard,real_previous_registration,2199,488,0.10257513738612527,0.09920446053270433,0.9451329010486788,127.4502024983848,0.9373120245840882,0,0.24450434592299558,0
real_20260706_155439_table_ur10_cluster000_table2_refined_from_identity_hard,real_previous_registration,2200,394,0.1430854625679993,0.12818693884000082,0.9275398635101482,72.27142491921492,-0.7419362447310823,0,0.19619343669059133,0
real_20260706_155439_table_ur10_cluster000_table2_refined_from_identity_hard,real_previous_registration,2201,58,0.05192613443464363,0.0448107831467239,0.03158073087314621,60.11070833169078,1.0283798076190414,0,0.14438975876952287,0
real_20260706_155439_table_ur10_cluster000_table2_refined_from_identity_hard,real_previous_registration,2202,1016,0.12153636106541835,0.10976749813096565,0.9175512681370518,241.6729035130199,-0.17208812512969024,0,0.21133999276363372,0
real_20260706_155439_table_ur10_cluster000_table2_refined_from_identity_hard,real_previous_registration,2203,953,0.18515730752445506,0.1720589157969261,0.9529305745347403,185.32300681241392,-0.0065146709201992,0,0.2590581102748115,0
real_20260706_155439_table_ur10_cluster000_table2_refined_from_identity_hard,real_previous_registration,2204,905,0.08488428112639199,0.08237421551654955,0.9029595084479299,77.16622076089784,-0.14386769052597465,0,0.18047983478454369,0
real_20260706_155439_table_ur10_cluster000_table2_refined_from_identity_hard,real_previous_registration,2205,172,0.021587773523654583,0.0038113326536875925,0.49954150132462677,102.55121753783781,-0.6783316022378627,1,0.17442417417752246,0
real_20260706_155439_table_ur10_cluster000_table2_refined_from_identity_hard,real_previous_registration,2206,351,0.09731795082557405,0.09355005476726011,0.8648729581924554,130.734629416298,1.3050356423199587,0,0.19418456554473898,0
real_20260706_155439_table_ur10_cluster000_table2_refined_from_identity_hard,real_previous_registration,2208,8,0.22058711661042077,0.1542556744458692,0.9942197476079119,150.04601834891636,0.7247833890336453,0,0.19743715179435772,0
real_20260706_155439_table_ur10_cluster000_table2_refined_from_identity_hard,real_previous_registration,2209,351,0.1101226639296788,0.09838699477304737,0.8628450691865672,146.23605893285205,1.3981259743291492,0,0.21650957203340657,0
real_20260706_155439_table_ur10_cluster000_table2_refined_from_identity_hard,real_previous_registration,2210,177,0.03244425883340609,0.02589643910381284,0.8765086475052354,179.38240390091616,-0.3703733400215809,1,0.16727327392409255,0
real_20260706_155439_table_ur10_cluster000_table2_refined_from_identity_hard,real_previous_registration,2211,330,0.06605121360707757,0.042875967783051305,0.07496911538045217,161.3248776661711,0.01183444336130593,0,0.2505954828572671,0
real_20260706_155439_table_ur10_cluster000_table2_refined_from_identity_hard,real_previous_registration,2212,1112,0.10677906033378029,0.08048307397397902,0.920861791192883,57.129176410460865,0.6847780880333634,0,0.17187049069166344,0
real_20260706_155439_table_ur10_cluster000_table2_refined_from_identity_hard,real_previous_registration,2213,285,0.14557863236882518,0.11316385003895954,0.7335463264808317,47.42284627527116,0.3276870677801201,0,0.21459215028592177,0
real_20260706_155439_table_ur10_cluster000_table2_refined_from_identity_hard,real_previous_registration,2214,1197,0.09157701303521733,0.08145193382356863,0.1136442299165547,67.53778517557943,1.0543552656822521,0,0.12397402056383358,0
real_20260706_155439_table_ur10_cluster000_table2_refined_from_identity_hard,real_previous_registration,2215,809,0.04051536627262103,0.03384158585080437,0.9490182190086652,82.09363997201068,-0.49272114461517186,0,0.1993237079795355,0
real_20260706_155439_table_ur10_cluster000_table2_refined_from_identity_hard,real_previous_registration,2217,1135,0.1444442143765066,0.06371320308981766,0.8652442306289544,132.0135390463028,1.515908537765206,0,0.20558861539555492,0
real_20260706_155439_table_ur10_cluster000_table2_refined_from_identity_hard,real_previous_registration,2219,410,0.1848072545581571,0.18107803409009746,0.9863560030665154,155.97668753685,-0.3364718366216927,0,0.1548547709214101,0
real_20260706_155439_table_ur10_cluster000_table2_refined_from_identity_hard,real_previous_registration,2220,878,0.12529918210889623,0.09901328271420451,0.9523307180513522,163.12737555615783,0.7229993482559939,0,0.02513357771730869,1
real_20260706_155439_table_ur10_cluster000_table2_refined_from_identity_hard,real_previous_registration,2221,433,0.05185598418536813,0.03262158783847417,0.13608317912135176,199.6584330129,0.519577355048736,0,0.2021128396406455,0
real_20260706_155439_table_ur10_cluster000_table2_refined_from_identity_hard,real_previous_registration,2222,587,0.10145624891587166,0.03340492808608437,0.9831338973487453,201.60668626552993,-0.28826971406321283,0,0.2529811306916829,0
real_20260706_155439_table_ur10_cluster000_table2_refined_from_identity_hard,real_previous_registration,2223,409,0.06571109747693123,0.029766527011862727,0.8056388228596941,234.15751118366913,1.1104438963231638,1,0.24707418398872125,0
real_20260706_155439_table_ur10_cluster000_table2_refined_from_identity_hard,real_previous_registration,2224,283,0.015585791132888967,0.011558300853423974,0.910369202277491,192.0259253233308,-0.6632934901383634,1,0.1601013865161029,0
real_20260706_155439_table_ur10_cluster000_table2_refined_from_identity_hard,real_previous_registration,2225,579,0.14214461598735495,0.10129126785623464,0.9532447610609717,54.31399285500767,0.45985863524708376,0,0.28121447441502695,0
real_20260706_155439_table_ur10_cluster000_table2_refined_from_identity_hard,real_previous_registration,2226,321,0.13180275994842608,0.1036757411344571,0.9456584234784129,226.51000603239106,-0.05096636629745877,0,0.12504122766298187,0
real_20260706_155439_table_ur10_cluster000_table2_refined_from_identity_hard,real_previous_registration,2227,192,0.17562924413154898,0.13916663779603944,0.8197618120739539,214.84877172406897,1.1199238541536929,0,0.042240051141422666,1
real_20260706_155439_table_ur10_cluster000_table2_refined_from_identity_hard,real_previous_registration,2228,384,0.15575101611346132,0.08907681249427585,0.962580151341052,206.4178675413529,0.6536876639955681,0,0.05212679007605054,1
real_20260706_155439_table_ur10_cluster000_table2_refined_from_identity_hard,real_previous_registration,2229,223,0.1045380333932082,0.006134140180380485,0.14901230427235895,89.02597999492181,1.4750872376862771,0,0.11008127302549298,0
real_20260706_155439_table_ur10_cluster000_table2_refined_from_identity_hard,real_previous_registration,2230,1071,0.13354994976927353,0.12894242698955713,0.9420397384366985,223.89434560325347,1.9859105947958764,0,0.08480007870971885,1
real_20260706_155439_table_ur10_cluster000_table2_refined_from_identity_hard,real_previous_registration,2231,313,0.13425432678604915,0.1196408623753161,0.8162851590891654,96.59328471408135,0.02792057009675256,0,0.06818223846490848,1
real_20260706_155439_table_ur10_cluster000_table2_refined_from_identity_hard,real_previous_registration,2233,375,0.23268389673136855,0.20402744036047726,0.8880849818366785,92.65280812996055,0.635988004816178,0,0.11464632134312923,0
real_20260706_155439_table_ur10_cluster000_table2_refined_from_identity_hard,real_previous_registration,2234,890,0.15299212901833067,0.1395535516104554,0.9498928634888043,167.9141110246701,1.6168149919607997,0,0.1397113091793891,0
real_20260706_155439_table_ur10_cluster000_table2_refined_from_identity_hard,real_previous_registration,2235,1190,0.09756741591999543,0.07926756920625393,0.4914916714749838,85.83329190845431,1.6604884935062705,0,0.2028937435930461,0
real_20260706_155439_table_ur10_cluster000_table2_refined_from_identity_hard,real_previous_registration,2236,1033,0.053852658887091606,0.049626069832981894,0.9696693647558824,90.57083015159021,0.01921454097951368,1,0.2074882149949078,0
real_20260706_155439_table_ur10_cluster000_table2_refined_from_identity_hard,real_previous_registration,2237,1019,0.14565336757396308,0.055737408647163506,0.7877835218568672,155.91780922451449,1.0509311445711234,0,0.08033178229625827,1
real_20260706_155439_table_ur10_cluster000_table2_refined_from_identity_hard,real_previous_registration,2238,159,0.03714743050536114,0.03488832565470503,0.9867878165605162,67.94313111511842,0.04358310918743985,1,0.16564676082262683,0
real_20260706_155439_table_ur10_cluster000_table2_refined_from_identity_hard,real_previous_registration,2239,336,0.03950726065398352,0.03335449345227289,0.9766405925045093,174.39870648574956,0.4818372743941349,1,0.10616800486089706,0
real_20260706_155439_table_ur10_cluster000_table2_refined_from_identity_hard,real_previous_registration,2241,394,0.15696026716638176,0.14249901302845808,0.9301339593351404,62.3028663350233,-0.2719334029840031,0,0.16221680939778077,0
real_20260706_155439_table_ur10_cluster000_table2_refined_from_identity_hard,real_previous_registration,2242,1197,0.19210253171455471,0.17534524558891412,0.9806006756639964,47.05829845449175,1.0283798076190414,0,0.15108245366669748,0
real_20260706_155439_table_ur10_cluster000_table2_refined_from_identity_hard,real_previous_registration,2243,192,0.16796364288752488,0.15667303152420592,0.8286321599927645,182.04110344165363,1.192683152825439,0,0.040731872445907924,1
real_20260706_155439_table_ur10_cluster000_table2_refined_from_identity_hard,real_previous_registration,2244,549,0.07465723311059531,0.04290787365073031,0.4895684702625141,242.69788420636291,1.430914329777065,1,0.23092037145318278,0
real_20260706_155439_table_ur10_cluster000_table2_refined_from_identity_hard,real_previous_registration,2245,422,0.13278964936754575,0.09933191961987867,0.9439259555937001,102.90293866350139,0.19415580015548037,0,0.07092713058778699,1
real_20260706_155439_table_ur10_cluster000_table2_refined_from_identity_hard,real_previous_registration,2246,412,0.01778031836314523,0.01570652786329239,0.6496733408624665,125.1824399956556,0.004914009055309281,1,0.1434689322063461,0
real_20260706_155439_table_ur10_cluster000_table2_refined_from_identity_hard,real_previous_registration,2247,351,0.1222112288134403,0.08311786952283996,0.8746902074140198,110.42706109406932,1.4201048607580884,0,0.2528243501807468,0
real_20260706_155439_table_ur10_cluster000_table2_refined_from_identity_hard,real_previous_registration,2249,893,0.048865233627300886,0.020581553522320255,0.07032958690581545,160.41843196234788,0.7202477676830042,0,0.18008140512696041,0
real_20260706_155439_table_ur10_cluster000_table2_refined_from_identity_hard,real_previous_registration,2252,4,0.1917039500547784,0.19054206858088407,0.9163110916408455,188.9406421858239,1.0414524998301375,0,0.07200498710786662,1
real_20260706_155439_table_ur10_cluster000_table2_refined_from_identity_hard,real_previous_registration,2253,676,0.03197033615232681,0.002607613580883709,0.4800497772872344,97.67684062015017,0.6190382853307205,0,0.12469079667735493,0
real_20260706_155439_table_ur10_cluster000_table2_refined_from_identity_hard,real_previous_registration,2254,66,0.09242844269684772,0.0435403655089899,0.9764088892455062,172.5345887611903,0.7396661507418371,0,0.19311445547373096,0
real_20260706_155439_table_ur10_cluster000_table2_refined_from_identity_hard,real_previous_registration,2255,604,0.06826808211056984,0.0370501713699518,0.9341486416698201,82.63397308575522,0.8674994077063702,0,0.1740324407772673,0
real_20260706_155439_table_ur10_cluster000_table2_refined_from_identity_hard,real_previous_registration,2256,957,0.1469824809575904,0.11989871180184888,0.990133744790967,97.41823771036272,-0.07410789523072468,0,0.2524630960432958,0
real_20260706_155439_table_ur10_cluster000_table2_refined_from_identity_hard,real_previous_registration,2257,375,0.2436402623137882,0.2258316353275695,0.9616505542647122,113.78116408141828,0.5283574380263217,0,0.1310927496768227,0
real_20260706_155439_table_ur10_cluster000_table2_refined_from_identity_hard,real_previous_registration,2258,72,0.09343146334950235,0.06927033842527405,0.9594592913351166,169.00604115255547,-0.1059484372688269,0,0.2354727129384208,0
real_20260706_155439_table_ur10_cluster000_table2_refined_from_identity_hard,real_previous_registration,2259,375,0.269075698006058,0.23564307987709734,0.9747837086043518,107.22671146899248,0.550830272666279,0,0.1093689010412869,0
real_20260706_155439_table_ur10_cluster000_table2_refined_from_identity_hard,real_previous_registration,2260,587,0.07079845391006728,0.04079981329580197,0.983079743601853,175.8125781859908,-0.21130879737132754,0,0.2315148532184339,0
real_20260706_155439_table_ur10_cluster000_table2_refined_from_identity_hard,real_previous_registration,2261,8,0.221106242258801,0.15295596443823395,0.7915752983363689,101.96468953935506,0.506530023874274,0,0.1116419614024793,0
real_20260706_155439_table_ur10_cluster000_table2_refined_from_identity_hard,real_previous_registration,2262,702,0.03577818711207686,0.016875320494186125,0.48677263782152613,114.74029146461517,0.22155470709789957,0,0.10940100993589029,0
real_20260706_155439_table_ur10_cluster000_table2_refined_from_identity_hard,real_previous_registration,2263,890,0.15944903581613787,0.1568061840665069,0.9663271910486932,190.40044470532047,1.6168149919607997,0,0.05993996754147278,1
real_20260706_155439_table_ur10_cluster000_table2_refined_from_identity_hard,real_previous_registration,2264,355,0.04549868891622176,0.030280304724530527,0.7082974388523906,76.90716199928198,-0.09352597467756449,0,0.12299964995269368,0
real_20260706_155439_table_ur10_cluster000_table2_refined_from_identity_hard,real_previous_registration,2266,384,0.12224634490566468,0.11499389054055131,0.9882002288416251,120.68682143053309,0.5809283653238222,0,0.08215260067006148,1
real_20260706_155439_table_ur10_cluster000_table2_refined_from_identity_hard,real_previous_registration,2267,223,0.12760304578194248,0.07102741434317195,0.5489975104918781,95.05531066210943,1.4563951193491653,0,0.05923607642647545,1
real_20260706_155439_table_ur10_cluster000_table2_refined_from_identity_hard,real_previous_registration,2268,774,0.07273597306983819,0.03314826142712251,0.40640904083880036,149.43208318156132,1.3691376600559346,0,0.17374176111347472,0
real_20260706_155439_table_ur10_cluster000_table2_refined_from_identity_hard,real_previous_registration,2269,1019,0.1328865152998507,0.05286516031159216,0.771079881208604,173.40928919841807,1.0696232629082352,0,0.03277223607301692,1
real_20260706_155439_table_ur10_cluster000_table2_refined_from_identity_hard,real_previous_registration,2270,894,0.08848424706991082,0.0872121477705102,0.879858641669198,174.0438128401847,0.3483061942689408,1,0.18998920584716733,0
real_20260706_155439_table_ur10_cluster000_table2_refined_from_identity_hard,real_previous_registration,2271,498,0.2124532509336817,0.07085574654547405,0.48133851430061064,120.95362233387203,0.4818375216760228,0,0.12402922007970868,0
real_20260706_155439_table_ur10_cluster000_table2_refined_from_identity_hard,real_previous_registration,2272,58,0.03525270522328001,0.020767015830926754,0.9229631130045033,78.61150440971406,1.1749831310933687,0,0.1149235959509513,0
real_20260706_155439_table_ur10_cluster000_table2_refined_from_identity_hard,real_previous_registration,2274,8,0.16139444150561752,0.13780869266216245,0.993898482404548,151.7058113581138,0.7632496387848849,0,0.06434123825468475,1
real_20260706_155439_table_ur10_cluster000_table2_refined_from_identity_hard,real_previous_registration,2275,354,0.18112740058241997,0.16662126717985032,0.8519599321307557,93.27938080956838,1.1539299185421539,0,0.06865909300480641,1
real_20260706_155439_table_ur10_cluster000_table2_refined_from_identity_hard,real_previous_registration,2276,953,0.1695101962942739,0.15925769136010853,0.9531248804772278,212.9712747815964,-0.04425493907408135,0,0.21718161290750865,0
real_20260706_155439_table_ur10_cluster000_table2_refined_from_identity_hard,real_previous_registration,2278,1016,0.13009988651963653,0.12653355450099593,0.917734078192787,205.58365673033092,-0.13434785697580814,0,0.18083330432840292,0
real_20260706_155439_table_ur10_cluster000_table2_refined_from_identity_hard,real_previous_registration,2279,593,0.12007611242447395,0.09266580434505728,0.9821750493770086,154.78780583848757,0.6595183519867946,0,0.022646407523455488,1
real_20260706_155439_table_ur10_cluster000_table2_refined_from_identity_hard,real_previous_registration,2280,4,0.18693959783456343,0.1831837892416982,0.9214389906252306,178.1344036434942,1.0414524998301375,0,0.08488013960235391,1
real_20260706_155439_table_ur10_cluster000_table2_refined_from_identity_hard,real_previous_registration,2281,878,0.14976644274658787,0.08298466607515374,0.9336773971920359,195.79678125821872,0.7406989121975097,0,0.02746587735962128,1
real_20260706_155439_table_ur10_cluster000_table2_refined_from_identity_hard,real_previous_registration,2282,1009,0.12729409427839705,0.10905686252271145,0.9030579035890113,250.12599641749102,1.4934363622130704,0,0.04552672865679085,1
real_20260706_155439_table_ur10_cluster000_table2_refined_from_identity_hard,real_previous_registration,2283,801,0.02804356052169607,0.010823519653633654,0.9490672734662771,223.7846838573624,-0.27014929239177693,1,0.15299715994386237,0
real_20260706_155439_table_ur10_cluster000_table2_refined_from_identity_hard,real_previous_registration,2284,650,0.15597585587603402,0.13962211723766235,0.9989617847048126,148.62685758946535,-0.5236832079782879,0,0.13742921835126995,0
real_20260706_155439_table_ur10_cluster000_table2_refined_from_identity_hard,real_previous_registration,2285,1011,0.07185051681745476,0.059986934672321884,0.21045511554785762,50.11244524623544,-0.3319367772602987,0,0.22672136420644837,0
real_20260706_155439_table_ur10_cluster000_table2_refined_from_identity_hard,real_previous_registration,2286,705,0.28872184777306265,0.18675970584056736,0.6130813831054781,102.60691465921003,0.14151210839857367,0,0.1778192193555417,0
real_20260706_155439_table_ur10_cluster000_table2_refined_from_identity_hard,real_previous_registration,2287,1112,0.109535715403257,0.08198185160979117,0.9277664462564931,94.3483776510708,0.7049807782080403,0,0.1455165754619054,0
real_20260706_155439_table_ur10_cluster000_table2_refined_from_identity_hard,real_previous_registration,2288,1120,0.14842749742717426,0.13056761769485606,0.9596102061356355,162.95200461539608,0.8301437158029217,0,0.11147076325540967,0
real_20260706_155439_table_ur10_cluster000_table2_refined_from_identity_hard,real_previous_registration,2289,957,0.1591038939578339,0.1495499061157972,0.9253659393297189,96.39675823218427,-0.18232135679417452,0,0.15551027263547554,0
real_20260706_155439_table_ur10_cluster000_table2_refined_from_identity_hard,real_previous_registration,2290,149,0.25665249950811303,0.1911003103302887,0.8017197853726319,85.79614083605645,0.24067577033587229,0,0.11011282564709415,0
real_20260706_155439_table_ur10_cluster000_table2_refined_from_identity_hard,real_previous_registration,2291,406,0.05221917041041994,0.03671083269835852,0.988141296023031,150.81763798824937,1.3981259743291492,0,0.20238060854407636,0
real_20260706_155439_table_ur10_cluster000_table2_refined_from_identity_hard,real_previous_registration,2292,422,0.12100620150824233,0.08873693355644102,0.8275043674334489,113.67010720011376,0.2851274914047687,0,0.09703471289971194,1
real_20260706_155439_table_ur10_cluster000_table2_refined_from_identity_hard,real_previous_registration,2294,404,0.13629856800068488,0.08808823136084162,0.029111060491868908,112.93613444162776,0.8131938712011986,0,0.025904348306735447,1
real_20260706_155439_table_ur10_cluster000_table2_refined_from_identity_hard,real_previous_registration,2295,883,0.038146711750310286,0.031529160905149185,0.0469449780673607,58.66725837126854,0.1731024363603115,0,0.15334213260194657,0
real_20260706_155439_table_ur10_cluster000_table2_refined_from_identity_hard,real_previous_registration,2296,72,0.17981659685337556,0.11086592472359527,0.7927229459064242,88.03935140442755,0.01921454097951368,0,0.20954423391119884,0
real_20260706_155439_table_ur10_cluster000_table2_refined_from_identity_hard,real_previous_registration,2297,384,0.1547703323182114,0.11186960132482533,0.9741477416433294,180.62228706940408,0.635988100054052,0,0.06668987277146379,1
real_20260706_155439_table_ur10_cluster000_table2_refined_from_identity_hard,real_previous_registration,2298,1209,0.051911537997285276,0.023029426436680708,0.14466770246074762,59.51281114406263,0.21357390799054063,0,0.1860545399703822,0
real_20260706_155439_table_ur10_cluster000_table2_refined_from_identity_hard,real_previous_registration,2299,119,0.049095465771278615,0.03991405827954636,0.6100362287143475,87.00204705991204,-0.7275249793205295,0,0.16911602030691486,0
real_20260706_155439_table_ur10_cluster000_table2_refined_from_identity_hard,real_previous_registration,2300,1164,0.14310338360721206,0.12393659049100618,0.9161780320856602,226.35346365064825,2.0042597193226697,0,0.1022480931378126,0
real_20260706_155439_table_ur10_cluster000_table2_refined_from_identity_hard,real_previous_registration,2301,608,0.15357712528582748,0.15158737686607582,0.9136428370604829,238.68256994398087,1.5114548540793955,0,0.0668046181045498,1
real_20260706_155439_table_ur10_cluster000_table2_refined_from_identity_hard,real_previous_registration,2302,962,0.041527501662267916,0.011566132903356452,0.9439444618961839,132.279225328376,0.2894657669731901,0,0.09213870961853474,1
real_20260706_155439_table_ur10_cluster000_table2_refined_from_identity_hard,real_previous_registration,2304,1227,0.1379866204400499,0.1287413227353435,0.21244784282161036,138.3191201624153,1.174982656348028,0,0.29179910843452234,0
real_20260706_155439_table_ur10_cluster000_table2_refined_from_identity_hard,real_previous_registration,2305,1120,0.1408651222651827,0.12689111746388762,0.9841790516080995,181.02735324479676,0.8873020838912731,0,0.03183850804626592,1
real_20260706_155439_table_ur10_cluster000_table2_refined_from_identity_hard,real_previous_registration,2306,406,0.14969749208386138,0.12452316482890499,0.9919912040110257,89.50887532996913,1.0879713854188748,0,0.2703835778806549,0
real_20260706_155439_table_ur10_cluster000_table2_refined_from_identity_hard,real_previous_registration,2308,957,0.1396475840415028,0.13450300261363363,0.9944237217343243,109.74369260879466,-0.04879011416948323,0,0.14705620082926688,0
real_20260706_155439_table_ur10_cluster000_table2_refined_from_identity_hard,real_previous_registration,2309,286,0.017989407855333647,0.011243452592187807,0.7357665018579468,92.43013671485348,-0.23662667472863846,1,0.12839635530171334,0
real_20260706_155439_table_ur10_cluster000_table2_refined_from_identity_hard,real_previous_registration,2310,226,0.10611966518667565,0.07053360265687865,0.9999997888828855,161.90530058514048,0.33523417251005877,0,0.18757334280003118,0
real_20260706_155439_table_ur10_cluster000_table2_refined_from_identity_hard,real_previous_registration,2313,11,0.16244373571006465,0.13026995164039837,0.9784433462129879,167.71970825149992,0.29951626343235616,0,0.03904687578153248,1
real_20260706_155439_table_ur10_cluster000_table2_refined_from_identity_hard,real_previous_registration,2314,149,0.147054982787808,0.13606986326326012,0.8301116776951486,111.32425616860638,0.17005827296663914,0,0.10451795455594226,0
real_20260706_155439_table_ur10_cluster000_table2_refined_from_identity_hard,real_previous_registration,2315,1152,0.029294911473963268,0.008323825891525166,0.6755542060498985,99.80515776991815,0.48183749598438597,0,0.16300699074440958,0
real_20260706_155439_table_ur10_cluster000_table2_refined_from_identity_hard,real_previous_registration,2316,1071,0.1350429446993304,0.11915581574534756,0.9390229331909696,223.03190696584412,1.9859105947958764,0,0.03482589235212731,1
real_20260706_155439_table_ur10_cluster000_table2_refined_from_identity_hard,real_previous_registration,2317,875,0.05951765968650898,0.014797071321000731,0.8421084966284385,140.44301832612862,1.1008740535512114,0,0.06400345524627327,1
real_20260706_155439_table_ur10_cluster000_table2_refined_from_identity_hard,real_previous_registration,2318,1190,0.021376275843312878,0.018407993078110904,0.2029540167282462,131.94418996236016,1.6604884935062705,1,0.1474638877093636,0
real_20260706_155439_table_ur10_cluster000_table2_refined_from_identity_hard,real_previous_registration,2319,1169,0.05081298952938807,0.020598715813105885,0.03638870339606171,77.29007530680427,0.09617548137503319,0,0.2477189362698272,0
real_20260706_155439_table_ur10_cluster000_table2_refined_from_identity_hard,real_previous_registration,2320,1190,0.0966708400245618,0.09385707711693492,0.3767546349334961,91.02069349503627,1.6858062745675118,0,0.2364345982546693,0
real_20260706_155439_table_ur10_cluster000_table2_refined_from_identity_hard,real_previous_registration,2321,69,0.15909227351010782,0.1338388263110089,0.9141332579023977,269.79504517518484,1.0318829648398942,0,0.08953796263615385,1
real_20260706_155439_table_ur10_cluster000_table2_refined_from_identity_hard,real_previous_registration,2322,1228,0.04031463772773322,0.022498576575691518,0.706567487204297,109.72083121184863,1.5617552572305697,0,0.08038737998063579,1
real_20260706_155439_table_ur10_cluster000_table2_refined_from_identity_hard,real_previous_registration,2323,1009,0.14709111547065273,0.09163850470190112,0.9036200335708496,253.92538521043485,1.4934363622130704,0,0.10820368133503365,0
real_20260706_155439_table_ur10_cluster000_table2_refined_from_identity_hard,real_previous_registration,2324,1112,0.07108784229984187,0.04814750774923218,0.7477266992567192,81.71430027136022,0.6431054281069276,0,0.1878519908410984,0
real_20260706_155439_table_ur10_cluster000_table2_refined_from_identity_hard,real_previous_registration,2325,196,0.12188283038424404,0.11932059058722339,0.9719755827072615,91.68352920236954,0.5771475212435071,0,0.16366590182269858,0
real_20260706_155439_table_ur10_cluster000_table2_refined_from_identity_hard,real_previous_registration,2326,1106,0.07981625971496957,0.026757052873832357,0.9327313516687582,152.91968910942077,-0.285416664722595,0,0.11031014455544683,0
real_20260706_155439_table_ur10_cluster000_table2_refined_from_identity_hard,real_previous_registration,2327,719,0.15042817978988304,0.10571196374077999,0.615134324082451,197.70432717206555,2.602091129823365,0,0.16043271659827432,0
real_20260706_155439_table_ur10_cluster000_table2_refined_from_identity_hard,real_previous_registration,2329,579,0.13092334740659534,0.10067807969886589,0.9282438378553124,85.9671755488213,0.2907824771327993,0,0.12272080422015595,0
real_20260706_155439_table_ur10_cluster000_table2_refined_from_identity_hard,real_previous_registration,2330,748,0.17009484609644868,0.16416638476005124,0.9337768196698072,73.06850362369056,-0.42102914356875243,0,0.1738998586142639,0
real_20260706_155439_table_ur10_cluster000_table2_refined_from_identity_hard,real_previous_registration,2331,111,0.05299405011911745,0.04581804335738693,0.9895074903504602,93.22304313474957,-0.6167735573316213,1,0.20629953539034698,0
real_20260706_155439_table_ur10_cluster000_table2_refined_from_identity_hard,real_previous_registration,2332,74,0.023916925074073014,0.016382750800932787,0.6975625640140969,78.84646828558077,-0.30025632634398786,0,0.11397568646923868,0
real_20260706_155439_table_ur10_cluster000_table2_refined_from_identity_hard,real_previous_registration,2333,149,0.21899648877468525,0.19706949521940392,0.9165941698575173,71.6126210039524,0.3066336771992926,0,0.09050761094678923,1
real_20260706_155439_table_ur10_cluster000_table2_refined_from_identity_hard,real_previous_registration,2334,9,0.14815702391084762,0.11193816566076142,0.3632303805925515,165.42069760863936,1.0879723874350282,0,0.0814608783746209,1
real_20260706_155439_table_ur10_cluster000_table2_refined_from_identity_hard,real_previous_registration,2336,587,0.08162522607536744,0.05387400299557241,0.9960619136662159,125.70156344934384,0.18173328518338275,0,0.14760184048997999,0
real_20260706_155439_table_ur10_cluster000_table2_refined_from_identity_hard,real_previous_registration,2337,1095,0.03814451105610285,0.021282449546146803,0.3385337273286329,102.96663334215887,-0.23728434660241202,0,0.15896812080637782,0
real_20260706_155439_table_ur10_cluster000_table2_refined_from_identity_hard,real_previous_registration,2338,1228,0.11303321328232861,0.027950073488974235,0.1774528021429833,78.27465001536295,1.375653139689192,0,0.07481551515452377,1
real_20260706_155439_table_ur10_cluster000_table2_refined_from_identity_hard,real_previous_registration,2339,1135,0.14622919761212966,0.07145565082326487,0.9380864712175705,141.54324378634814,1.6010662699151048,0,0.16787092713533971,0
real_20260706_155439_table_ur10_cluster000_table2_refined_from_identity_hard,real_previous_registration,2340,1197,0.1416488900688101,0.12756615924103226,0.39216609591649737,56.59126990498516,1.3028163880579018,0,0.18593611708743787,0
real_20260706_155439_table_ur10_cluster000_table2_refined_from_identity_hard,real_previous_registration,2342,698,0.12099358944940752,0.10811191808900443,0.6850974574405923,135.9103711923637,0.5043103306243433,0,0.046116374213950734,1
real_20260706_155439_table_ur10_cluster000_table2_refined_from_identity_hard,real_previous_registration,2343,37,0.049488731834486765,0.023286539401374286,0.676350347634458,93.74487425445021,0.13496699502724027,0,0.16470106770022053,0
real_20260706_155439_table_ur10_cluster000_table2_refined_from_identity_hard,real_previous_registration,2345,723,0.1517686185060228,0.12665524525614943,0.5693432304926407,72.59189393421585,0.20642587216402458,0,0.17362709081446467,0
real_20260706_155439_table_ur10_cluster000_table2_refined_from_identity_hard,real_previous_registration,2346,384,0.14688719635599548,0.1275655282983355,0.9938564709461658,131.08585917571202,0.48183754522669214,0,0.09786504639821413,1
real_20260706_155439_table_ur10_cluster000_table2_refined_from_identity_hard,real_previous_registration,2347,1071,0.1619886817128419,0.14498073556769,0.9572224952087299,212.83642920477718,1.9672184764587648,0,0.11792487985328438,0
real_20260706_155439_table_ur10_cluster000_table2_refined_from_identity_hard,real_previous_registration,2348,313,0.11408711332099021,0.10797826680802859,0.8422303198072238,92.89917220181968,-0.08455730694705972,0,0.037646569809389276,1
real_20260706_155439_table_ur10_cluster000_table2_refined_from_identity_hard,real_previous_registration,2349,223,0.05532517291644383,0.0034384313481490916,0.3278507148438554,90.24455927320327,1.2473035057817987,0,0.17735400603338344,0
real_20260706_155439_table_ur10_cluster000_table2_refined_from_identity_hard,real_previous_registration,2350,223,0.13710775942415884,0.12375637818769142,0.35862601881174444,110.71315607391699,1.0970214611232427,0,0.25385384382634485,0
real_20260706_155439_table_ur10_cluster000_table2_refined_from_identity_hard,real_previous_registration,2351,420,0.013196267189484518,0.0016786805117762378,0.5524518160496041,85.38083250422729,-0.6986037289934623,1,0.1931188581364749,0
real_20260706_155439_table_ur10_cluster000_table2_refined_from_identity_hard,real_previous_registration,2352,1071,0.15762630745348455,0.09558517094804295,0.9338958448955854,223.89133702894648,2.0744639262239994,0,0.11378598125202667,0
real_20260706_155439_table_ur10_cluster000_table2_refined_from_identity_hard,real_previous_registration,2353,58,0.0503619931515546,0.004043497161634986,0.624760379511782,69.25112501797284,0.9743126477522046,0,0.17774457949743486,0
real_20260706_155439_table_ur10_cluster000_table2_refined_from_identity_hard,real_previous_registration,2354,416,0.03186973693039219,0.002338933181761706,0.289068630813954,115.08241045393522,-0.4290321815077483,1,0.22397564999597466,0
real_20260706_155439_table_ur10_cluster000_table2_refined_from_identity_hard,real_previous_registration,2355,8,0.16358055914497527,0.14066759570398787,0.9834479612099142,218.03327348349922,0.7632496387848849,0,0.13914613849145294,0
real_20260706_155439_table_ur10_cluster000_table2_refined_from_identity_hard,real_previous_registration,2356,498,0.1501352435470868,0.14846111306729592,0.921083184188426,171.3144419656309,0.02049249040515371,0,0.23174180099852668,0
real_20260706_155439_table_ur10_cluster000_table2_refined_from_identity_hard,real_previous_registration,2358,957,0.1317340126164398,0.12680056058140268,0.9897344623940144,106.95282423365006,-0.07410789523072468,0,0.19862283296958866,0
real_20260706_155439_table_ur10_cluster000_table2_refined_from_identity_hard,real_previous_registration,2360,1165,0.07384619629002576,0.06925172527648824,0.9518370738818792,53.96117149213559,-0.11122552984716626,0,0.17895699347477603,0
real_20260706_155439_table_ur10_cluster000_table2_refined_from_identity_hard,real_previous_registration,2361,11,0.1456331569871475,0.13529423731318382,0.9545707701543477,121.62598010583253,0.20420615999160655,0,0.06185927758746604,1
real_20260706_155439_table_ur10_cluster000_table2_refined_from_identity_hard,real_previous_registration,2362,1216,0.07434048248498744,0.07108461974084741,0.7810818058967832,82.60033642777213,0.26672645050184796,0,0.12493885770755363,0
real_20260706_155439_table_ur10_cluster000_table2_refined_from_identity_hard,real_previous_registration,2363,575,0.0320706059187493,0.02161051870098183,0.12167265555113888,101.19576189480708,-0.38193430062070577,1,0.21475225871194098,0
real_20260706_155439_table_ur10_cluster000_table2_refined_from_identity_hard,real_previous_registration,2364,593,0.13683953058218934,0.06958572816192093,0.9442437690524884,164.45988913300198,0.8495617858229322,0,0.05125414071701512,1
real_20260706_155439_table_ur10_cluster000_table2_refined_from_identity_hard,real_previous_registration,2366,922,0.041982630071036836,0.01795214818799715,0.715045637651684,72.28028045793266,-0.5075743333300576,1,0.15040882167554873,0
real_20260706_155439_table_ur10_cluster000_table2_refined_from_identity_hard,real_previous_registration,2367,832,0.04910644688753431,0.016267028383907783,0.44933082808613056,73.75534300464633,0.06312764256105895,1,0.12263995585540816,0
real_20260706_155439_table_ur10_cluster000_table2_refined_from_identity_hard,real_previous_registration,2368,957,0.14435161874683788,0.10468472462210697,0.967757775367188,115.66727032012652,-0.21130885837335212,0,0.2517730167508364,0
real_20260706_155439_table_ur10_cluster000_table2_refined_from_identity_hard,real_previous_registration,2369,514,0.02127700638129137,0.003563941274053003,0.12891810865032383,43.52118535499202,-0.07154708824862552,1,0.1568729588605065,0
real_20260706_155439_table_ur10_cluster000_table2_refined_from_identity_hard,real_previous_registration,2370,488,0.08588216110101903,0.08390262946357095,0.9566102527165135,155.3202884815817,0.861326198478994,1,0.20128792683574262,0
real_20260706_155439_table_ur10_cluster000_table2_refined_from_identity_hard,real_previous_registration,2371,1159,0.09459987592644593,0.049302127385702735,0.9507489089516872,83.7119536608966,0.29951620417321506,0,0.08175098409345885,1
real_20260706_155439_table_ur10_cluster000_table2_refined_from_identity_hard,real_previous_registration,2372,354,0.159160602051144,0.14932120108077737,0.8630750885447368,180.52218130808336,1.3111153720840163,0,0.04858311355921479,1
real_20260706_155439_table_ur10_cluster000_table2_refined_from_identity_hard,real_previous_registration,2373,412,0.10113456580511095,0.08829532789573667,0.8858643892480962,90.23490979071646,0.20558449239647325,0,0.08158231264852295,1
real_20260706_155439_table_ur10_cluster000_table2_refined_from_identity_hard,real_previous_registration,2375,1186,0.02692268933987636,0.013960820551823197,0.6041853947066925,51.205349467395685,-0.7363188312987791,0,0.20367413310940988,0
